TradDt,BizDt,Sgmt,Src,FinInstrmTp,FinInstrmId,ISIN,TckrSymb,SctySrs,XpryDt,FininstrmActlXpryDt,StrkPric,OptnTp,FinInstrmNm,OpnPric,HghPric,LwPric,ClsPric,LastPric,PrvsClsgPric,UndrlygPric,SttlmPric,OpnIntrst,ChngInOpnIntrst,TtlTradgVol,TtlTrfVal,TtlNbOfTxsExctd,SsnId,NewBrdLotQty,Rmks,Rsvd1,Rsvd2,Rsvd3,Rsvd4
2026-04-02,2026-04-02,FO,BSE,IDO,849153,,BANKEX,,2026-04-30,2026-04-30,62400.00,CE,BANKEX26APR62400CE,249.00,423.35,240.20,423.35,423.35,396.80,58009.41,423.35,420,240,1560,97815036.00,26,F1,30,,,,,
2026-04-02,2026-04-02,FO,BSE,IDO,850290,,BANKEX,,2026-04-30,2026-04-30,58200.00,PE,BANKEX26APR58200PE,2690.15,2690.15,2686.90,2687.70,2687.70,1903.75,58009.41,1958.40,30,-150,180,10959885.00,3,F1,30,,,,,
2026-04-02,2026-04-02,FO,BSE,IDO,851157,,BANKEX,,2026-04-30,2026-04-30,60000.00,CE,BANKEX26APR60000CE,680.00,1090.00,669.60,1087.50,1090.00,1095.95,58009.41,1087.50,690,120,270,16432291.50,8,F1,30,,,,,
2026-04-02,2026-04-02,FO,BSE,IDO,852839,,BANKEX,,2026-04-30,2026-04-30,59000.00,CE,BANKEX26APR59000CE,1005.85,1007.95,1005.85,1007.95,1007.95,1551.60,58009.41,1649.90,60,-60,120,7200828.00,2,F1,30,,,,,
2026-04-02,2026-04-02,FO,BSE,IDO,853002,,BANKEX,,2026-04-30,2026-04-30,61600.00,CE,BANKEX26APR61600CE,349.95,352.80,349.95,350.85,350.85,582.15,58009.41,794.95,360,180,180,11151216.00,3,F1,30,,,,,
2026-04-02,2026-04-02,FO,BSE,IDO,853697,,BANKEX,,2026-04-30,2026-04-30,60100.00,CE,BANKEX26APR60100CE,928.35,928.35,928.35,928.35,928.35,1032.10,58009.41,1230.65,120,60,60,3661701.00,1,F1,30,,,,,
2026-04-02,2026-04-02,FO,BSE,IDO,855471,,BANKEX,,2026-04-30,2026-04-30,63100.00,CE,BANKEX26APR63100CE,166.15,172.25,166.15,172.25,172.25,368.45,58009.41,491.80,240,240,240,15184677.00,5,F1,30,,,,,
2026-04-02,2026-04-02,FO,BSE,IDO,855576,,BANKEX,,2026-04-30,2026-04-30,59400.00,PE,BANKEX26APR59400PE,2369.35,2369.35,2369.35,2369.35,2369.35,2412.20,58009.41,2369.35,60,0,60,3706161.00,2,F1,30,,,,,
2026-04-02,2026-04-02,FO,BSE,IDO,856533,,BANKEX,,2026-04-30,2026-04-30,63500.00,CE,BANKEX26APR63500CE,220.00,220.00,220.00,220.00,220.00,315.90,58009.41,429.60,30,30,30,1911600.00,1,F1,30,,,,,
2026-04-02,2026-04-02,FO,BSE,IDO,858888,,BANKEX,,2026-04-30,2026-04-30,57000.00,PE,BANKEX26APR57000PE,2001.90,2001.90,1410.05,1410.05,1410.05,1426.20,58009.41,1410.05,60,0,240,14076219.00,4,F1,30,,,,,
2026-04-02,2026-04-02,FO,BSE,IDO,858987,,BANKEX,,2026-04-30,2026-04-30,57200.00,PE,BANKEX26APR57200PE,1860.20,1860.20,1480.15,1480.15,1480.15,1475.00,58009.41,1480.15,60,30,150,8813424.00,3,F1,30,,,,,
2026-04-02,2026-04-02,FO,BSE,IDO,859554,,BANKEX,,2026-04-30,2026-04-30,57500.00,PE,BANKEX26APR57500PE,2166.75,2166.75,1600.20,1600.20,1600.20,1551.30,58009.41,1600.20,60,0,120,7126017.00,2,F1,30,,,,,
2026-04-02,2026-04-02,FO,BSE,IDO,881664,,BANKEX,,2026-04-30,2026-04-30,55900.00,PE,BANKEX26APR55900PE,1393.80,1393.80,1060.45,1060.45,1060.45,889.75,58009.41,1060.45,90,90,180,10296244.50,4,F1,30,,,,,
2026-04-02,2026-04-02,FO,BSE,IDO,882077,,BANKEX,,2026-04-30,2026-04-30,54500.00,PE,BANKEX26APR54500PE,1068.00,1068.00,722.35,722.35,722.35,514.40,58009.41,722.35,120,120,360,19937977.50,9,F1,30,,,,,
2026-04-02,2026-04-02,FO,BSE,IDO,882935,,BANKEX,,2026-04-30,2026-04-30,55300.00,PE,BANKEX26APR55300PE,1400.00,1400.00,1162.25,1163.90,1163.90,710.75,58009.41,809.85,120,120,180,10177569.00,4,F1,30,,,,,
2026-04-02,2026-04-02,FO,BSE,IDF,870220,,SENSEX,,2026-05-27,2026-05-27,,,SENSEX26MAYFUT,73300.00,74740.10,72999.90,74422.80,74560.00,74450.10,73319.55,74422.80,5680,-68260,75320,5603726941.00,365,F1,20,,,,,
2026-04-02,2026-04-02,FO,BSE,IDO,848544,,SENSEX,,2026-04-30,2026-04-30,75200.00,CE,SENSEX26APR75200CE,929.15,1346.30,854.90,1312.30,1275.60,1386.90,73319.55,1312.30,120,-60,520,39652500.00,19,F1,20,,,,,
2026-04-02,2026-04-02,FO,BSE,IDO,850863,,SENSEX,,2026-04-30,2026-04-30,76100.00,CE,SENSEX26APR76100CE,689.00,988.45,596.70,936.65,916.25,980.85,73319.55,936.65,180,-40,620,47649994.00,26,F1,20,,,,,
2026-04-02,2026-04-02,FO,BSE,IDO,851360,,SENSEX,,2026-04-30,2026-04-30,74000.00,CE,SENSEX26APR74000CE,1430.50,1999.00,1259.90,1919.10,1847.05,1939.25,73319.55,1919.10,16600,-2140,13580,1026422423.00,570,F1,20,,,,,
2026-04-02,2026-04-02,FO,BSE,IDO,852867,,SENSEX,,2026-04-30,2026-04-30,76000.00,CE,SENSEX26APR76000CE,653.15,1098.40,610.30,1014.25,960.00,1048.50,73319.55,1014.25,8820,-260,7800,599093141.00,246,F1,20,,,,,
2026-04-02,2026-04-02,FO,BSE,IDO,854486,,SENSEX,,2026-04-30,2026-04-30,82000.00,CE,SENSEX26APR82000CE,70.00,93.00,58.10,80.00,80.00,83.30,73319.55,80.00,2320,-140,1380,113259398.00,20,F1,20,,,,,
2026-04-02,2026-04-02,FO,BSE,IDO,854720,,SENSEX,,2026-04-30,2026-04-30,75300.00,CE,SENSEX26APR75300CE,818.85,1302.60,818.85,1264.40,1231.80,1283.20,73319.55,1264.40,80,-40,240,18333117.00,9,F1,20,,,,,
2026-04-02,2026-04-02,FO,BSE,IDO,854764,,SENSEX,,2026-04-30,2026-04-30,73900.00,CE,SENSEX26APR73900CE,1381.30,1890.90,1365.55,1890.90,1890.90,1997.60,73319.55,1890.90,120,-80,200,15085206.00,9,F1,20,,,,,
2026-04-02,2026-04-02,FO,BSE,IDO,854785,,SENSEX,,2026-04-30,2026-04-30,83000.00,CE,SENSEX26APR83000CE,79.00,85.00,35.00,78.70,70.05,71.20,73319.55,78.70,4840,660,3000,249207023.00,52,F1,20,,,,,
2026-04-02,2026-04-02,FO,BSE,IDO,856577,,SENSEX,,2026-04-30,2026-04-30,76900.00,CE,SENSEX26APR76900CE,439.20,736.70,429.45,698.40,671.35,735.25,73319.55,698.40,360,200,800,61991995.00,23,F1,20,,,,,
2026-04-02,2026-04-02,FO,BSE,IDO,858337,,SENSEX,,2026-04-30,2026-04-30,72200.00,CE,SENSEX26APR72200CE,2304.60,2731.45,2166.65,2731.45,2731.45,3021.30,73319.55,2643.35,120,0,420,31294471.00,16,F1,20,,,,,
2026-04-02,2026-04-02,FO,BSE,IDO,858508,,SENSEX,,2026-04-30,2026-04-30,72700.00,PE,SENSEX26APR72700PE,2384.90,2384.90,1582.05,1642.20,1762.10,1706.75,73319.55,1642.20,300,140,340,25379197.00,15,F1,20,,,,,
2026-04-02,2026-04-02,FO,BSE,IDO,858954,,SENSEX,,2026-04-30,2026-04-30,72500.00,CE,SENSEX26APR72500CE,2113.80,2903.90,1950.00,2783.40,2796.00,2801.80,73319.55,2783.40,4480,1620,12940,968650544.00,624,F1,20,,,,,
2026-04-02,2026-04-02,FO,BSE,IDO,863796,,SENSEX,,2026-04-02,2026-04-02,74300.00,CE,SENSEX2640274300CE,108.05,108.05,0.05,73319.55,0.05,133.95,73319.55,73319.55,514760,299280,28420940,2111739118376.00,165139,F1,20,,,,,
2026-04-02,2026-04-02,FO,BSE,IDO,863800,,SENSEX,,2026-04-02,2026-04-02,88000.00,CE,SENSEX2640288000CE,0.45,0.60,0.05,73319.55,0.05,0.35,73319.55,73319.55,5580,-12660,21380,1881446883.00,186,F1,20,,,,,
2026-04-02,2026-04-02,FO,BSE,IDO,863835,,SENSEX,,2026-04-02,2026-04-02,90600.00,CE,SENSEX2640290600CE,0.65,1.85,0.05,73319.55,0.05,0.30,73319.55,73319.55,400,260,3060,277237549.00,71,F1,20,,,,,
2026-04-02,2026-04-02,FO,BSE,IDO,863836,,SENSEX,,2026-04-02,2026-04-02,92900.00,CE,SENSEX2640292900CE,2.10,2.25,0.05,73319.55,0.10,0.40,73319.55,73319.55,6260,4920,13400,1244871176.00,82,F1,20,,,,,
2026-04-02,2026-04-02,FO,BSE,IDO,863880,,SENSEX,,2026-04-02,2026-04-02,74500.00,CE,SENSEX2640274500CE,49.65,49.65,0.05,73319.55,0.05,107.20,73319.55,73319.55,1941640,1099440,70010820,5215939748415.00,330636,F1,20,,,,,
2026-04-02,2026-04-02,FO,BSE,IDO,863889,,SENSEX,,2026-04-02,2026-04-02,82200.00,CE,SENSEX2640282200CE,1.05,1.15,0.05,73319.55,0.05,0.95,73319.55,73319.55,1580,-580,2780,228517261.00,62,F1,20,,,,,
2026-04-02,2026-04-02,FO,BSE,IDO,863934,,SENSEX,,2026-04-02,2026-04-02,76100.00,CE,SENSEX2640276100CE,9.05,9.05,0.05,73319.55,0.05,15.85,73319.55,73319.55,176180,-125840,2870140,218419732570.00,15027,F1,20,,,,,
2026-04-02,2026-04-02,FO,BSE,IDO,863943,,SENSEX,,2026-04-02,2026-04-02,88400.00,CE,SENSEX2640288400CE,0.40,2.90,0.05,73319.55,0.05,0.60,73319.55,73319.55,440,-220,1100,97240450.00,23,F1,20,,,,,
2026-04-02,2026-04-02,FO,BSE,IDO,863954,,SENSEX,,2026-04-02,2026-04-02,90100.00,CE,SENSEX2640290100CE,0.70,1.30,0.30,73319.55,0.30,0.35,73319.55,73319.55,2040,0,1220,109922813.00,8,F1,20,,,,,
2026-04-02,2026-04-02,FO,BSE,IDO,864010,,SENSEX,,2026-04-02,2026-04-02,82600.00,CE,SENSEX2640282600CE,1.00,1.10,0.20,73319.55,0.20,0.80,73319.55,73319.55,1980,-580,2700,223021535.00,29,F1,20,,,,,
2026-04-02,2026-04-02,FO,BSE,IDO,864137,,SENSEX,,2026-04-02,2026-04-02,87500.00,CE,SENSEX2640287500CE,0.40,2.65,0.05,73319.55,0.45,0.45,73319.55,73319.55,880,140,740,64750508.00,15,F1,20,,,,,
2026-04-02,2026-04-02,FO,BSE,IDO,864180,,SENSEX,,2026-04-02,2026-04-02,90700.00,CE,SENSEX2640290700CE,0.40,0.45,0.40,73319.55,0.45,0.30,73319.55,73319.55,380,0,440,39908192.00,3,F1,20,,,,,
2026-04-02,2026-04-02,FO,BSE,IDO,864193,,SENSEX,,2026-04-02,2026-04-02,75400.00,CE,SENSEX2640275400CE,19.95,19.95,0.05,73319.55,0.05,37.80,73319.55,73319.55,194400,-95680,8034320,605796474867.00,55178,F1,20,,,,,
2026-04-02,2026-04-02,FO,BSE,IDO,864207,,SENSEX,,2026-04-02,2026-04-02,85400.00,CE,SENSEX2640285400CE,0.80,1.30,0.05,73319.55,0.10,0.55,73319.55,73319.55,2420,-1660,10520,898413650.00,161,F1,20,,,,,
2026-04-02,2026-04-02,FO,BSE,IDO,864278,,SENSEX,,2026-04-02,2026-04-02,81900.00,CE,SENSEX2640281900CE,0.55,1.20,0.20,73319.55,0.20,0.95,73319.55,73319.55,4760,-5180,15680,1284200174.00,161,F1,20,,,,,
2026-04-02,2026-04-02,FO,BSE,IDO,864283,,SENSEX,,2026-04-02,2026-04-02,75000.00,PE,SENSEX2640275000PE,2700.00,3445.50,1595.10,73319.55,1679.55,1870.90,73319.55,73319.55,118940,-18780,80860,6269975209.00,2184,F1,20,,,,,
2026-04-02,2026-04-02,FO,BSE,IDO,864301,,SENSEX,,2026-04-02,2026-04-02,81300.00,PE,SENSEX2640281300PE,9579.40,9579.40,8750.00,73319.55,8750.00,7950.00,73319.55,73319.55,160,-640,840,75964527.00,15,F1,20,,,,,
2026-04-02,2026-04-02,FO,BSE,IDO,864317,,SENSEX,,2026-04-02,2026-04-02,77200.00,CE,SENSEX2640277200CE,1.00,1.40,0.05,73319.55,0.05,3.65,73319.55,73319.55,111740,-165360,907800,70082832179.00,7213,F1,20,,,,,
2026-04-02,2026-04-02,FO,BSE,IDO,864339,,SENSEX,,2026-04-02,2026-04-02,85800.00,CE,SENSEX2640285800CE,0.75,1.10,0.05,73319.55,0.10,0.55,73319.55,73319.55,620,120,1740,149292930.00,28,F1,20,,,,,
2026-04-02,2026-04-02,FO,BSE,IDO,864395,,SENSEX,,2026-04-02,2026-04-02,85100.00,CE,SENSEX2640285100CE,0.80,1.10,0.10,73319.55,0.10,0.55,73319.55,73319.55,3120,-760,4200,357422242.00,80,F1,20,,,,,
2026-04-02,2026-04-02,FO,BSE,IDO,864397,,SENSEX,,2026-04-02,2026-04-02,89700.00,CE,SENSEX2640289700CE,0.65,1.85,0.10,73319.55,0.10,0.50,73319.55,73319.55,960,680,2080,186577275.00,25,F1,20,,,,,
2026-04-02,2026-04-02,FO,BSE,IDO,864420,,SENSEX,,2026-04-02,2026-04-02,75400.00,PE,SENSEX2640275400PE,3549.80,3847.80,1999.70,73319.55,2090.70,2252.05,73319.55,73319.55,123500,-3600,8280,645844152.00,313,F1,20,,,,,
2026-04-02,2026-04-02,FO,BSE,IDO,864458,,SENSEX,,2026-04-02,2026-04-02,83000.00,CE,SENSEX2640283000CE,0.65,0.85,0.05,73319.55,0.05,0.60,73319.55,73319.55,78920,4960,1593820,132287546350.00,4286,F1,20,,,,,
2026-04-02,2026-04-02,FO,BSE,IDO,864469,,SENSEX,,2026-04-02,2026-04-02,93000.00,CE,SENSEX2640293000CE,0.80,0.80,0.05,73319.55,0.10,0.40,73319.55,73319.55,23360,10220,90880,8451860905.00,861,F1,20,,,,,
2026-04-02,2026-04-02,FO,BSE,IDO,864554,,SENSEX,,2026-04-02,2026-04-02,76500.00,CE,SENSEX2640276500CE,2.00,2.15,0.05,73319.55,0.05,9.10,73319.55,73319.55,593620,-632700,15118820,1156600085686.00,51861,F1,20,,,,,
2026-04-02,2026-04-02,FO,BSE,IDO,864587,,SENSEX,,2026-04-02,2026-04-02,81100.00,CE,SENSEX2640281100CE,0.75,1.10,0.05,73319.55,0.70,0.95,73319.55,73319.55,7780,-1540,10540,854798141.00,123,F1,20,,,,,
2026-04-02,2026-04-02,FO,BSE,IDO,864588,,SENSEX,,2026-04-02,2026-04-02,83400.00,CE,SENSEX2640283400CE,0.95,1.30,0.05,73319.55,0.50,0.85,73319.55,73319.55,2400,220,4880,406994518.00,81,F1,20,,,,,
2026-04-02,2026-04-02,FO,BSE,IDO,864616,,SENSEX,,2026-04-02,2026-04-02,74400.00,CE,SENSEX2640274400CE,80.05,80.05,0.05,73319.55,0.05,119.50,73319.55,73319.55,666000,373480,28564840,2125274422096.00,158189,F1,20,,,,,
2026-04-02,2026-04-02,FO,BSE,IDO,864661,,SENSEX,,2026-04-02,2026-04-02,79000.00,PE,SENSEX2640279000PE,7212.50,7392.10,5620.00,73319.55,5663.70,5814.45,73319.55,73319.55,2160,-2400,3800,325327684.00,102,F1,20,,,,,
2026-04-02,2026-04-02,FO,BSE,IDO,864747,,SENSEX,,2026-04-02,2026-04-02,86200.00,CE,SENSEX2640286200CE,0.90,1.10,0.05,73319.55,0.10,0.40,73319.55,73319.55,1760,660,3460,298254100.00,35,F1,20,,,,,
2026-04-02,2026-04-02,FO,BSE,IDO,864754,,SENSEX,,2026-04-02,2026-04-02,82500.00,CE,SENSEX2640282500CE,1.00,1.00,0.05,73319.55,0.05,0.80,73319.55,73319.55,61340,36120,74400,6138016537.00,614,F1,20,,,,,
2026-04-02,2026-04-02,FO,BSE,IDO,864824,,SENSEX,,2026-04-02,2026-04-02,92700.00,CE,SENSEX2640292700CE,0.25,1.00,0.05,73319.55,0.10,0.35,73319.55,73319.55,10720,8960,29740,2756912923.00,239,F1,20,,,,,
2026-04-02,2026-04-02,FO,BSE,IDO,864852,,SENSEX,,2026-04-02,2026-04-02,78000.00,CE,SENSEX2640278000CE,1.50,1.50,0.05,73319.55,0.05,1.80,73319.55,73319.55,317640,-722160,4297580,335214083150.00,28515,F1,20,,,,,
2026-04-02,2026-04-02,FO,BSE,IDO,864949,,SENSEX,,2026-04-02,2026-04-02,74100.00,PE,SENSEX2640274100PE,2025.00,2551.80,696.30,73319.55,779.10,1078.80,73319.55,73319.55,21880,-7780,133680,10054788226.00,2705,F1,20,,,,,
2026-04-02,2026-04-02,FO,BSE,IDO,865053,,SENSEX,,2026-04-02,2026-04-02,73700.00,CE,SENSEX2640273700CE,125.65,125.65,0.05,73319.55,0.05,270.85,73319.55,73319.55,1417560,1071560,136526260,10062881386787.00,726969,F1,20,,,,,
2026-04-02,2026-04-02,FO,BSE,IDO,865187,,SENSEX,,2026-04-02,2026-04-02,74100.00,CE,SENSEX2640274100CE,116.65,116.65,0.05,73319.55,0.05,171.10,73319.55,73319.55,637120,371220,40221220,2980521812782.00,228305,F1,20,,,,,
2026-04-02,2026-04-02,FO,BSE,IDO,866139,,SENSEX,,2026-04-09,2026-04-09,81000.00,CE,SENSEX2640981000CE,8.30,19.70,5.55,11.45,15.05,12.20,73319.55,11.45,69600,62140,134220,10873192841.00,1727,F1,20,,,,,
2026-04-02,2026-04-02,FO,BSE,IDO,866205,,SENSEX,,2026-04-09,2026-04-09,73700.00,CE,SENSEX2640973700CE,595.25,991.35,380.00,843.10,828.55,1015.15,73319.55,843.10,20520,10380,91640,6810242257.00,2505,F1,20,,,,,
2026-04-02,2026-04-02,FO,BSE,IDO,866218,,SENSEX,,2026-04-09,2026-04-09,73100.00,PE,SENSEX2640973100PE,1836.00,1980.00,905.45,1036.95,940.35,1099.30,73319.55,1036.95,79140,75180,160940,11940915522.00,4715,F1,20,,,,,
2026-04-02,2026-04-02,FO,BSE,IDO,866238,,SENSEX,,2026-04-09,2026-04-09,73000.00,CE,SENSEX2640973000CE,703.70,1398.90,586.00,1262.20,1237.10,1380.00,73319.55,1262.20,195360,155000,1466900,108720137109.00,57041,F1,20,,,,,
2026-04-02,2026-04-02,FO,BSE,IDO,864099,,SENSEX,,2026-04-02,2026-04-02,82800.00,CE,SENSEX2640282800CE,0.90,1.05,0.05,73319.55,0.60,0.75,73319.55,73319.55,1980,-700,3080,255025564.00,52,F1,20,,,,,
2026-04-02,2026-04-02,FO,BSE,IDO,864109,,SENSEX,,2026-04-02,2026-04-02,92800.00,CE,SENSEX2640292800CE,0.95,1.00,0.05,73319.55,0.05,0.95,73319.55,73319.55,2480,1220,17120,1588744277.00,107,F1,20,,,,,
2026-04-02,2026-04-02,FO,BSE,IDO,864174,,SENSEX,,2026-04-02,2026-04-02,80700.00,CE,SENSEX2640280700CE,1.30,1.30,0.05,73319.55,0.10,0.95,73319.55,73319.55,4300,-2920,13120,1058792153.00,220,F1,20,,,,,
2026-04-02,2026-04-02,FO,BSE,IDO,864208,,SENSEX,,2026-04-02,2026-04-02,87700.00,CE,SENSEX2640287700CE,0.40,0.40,0.40,73319.55,0.40,0.45,73319.55,73319.55,120,-80,120,10524048.00,1,F1,20,,,,,
2026-04-02,2026-04-02,FO,BSE,IDO,864229,,SENSEX,,2026-04-02,2026-04-02,80000.00,CE,SENSEX2640280000CE,0.95,1.00,0.05,73319.55,0.05,1.15,73319.55,73319.55,390400,-230620,2116160,169293788557.00,10382,F1,20,,,,,
2026-04-02,2026-04-02,FO,BSE,IDO,864238,,SENSEX,,2026-04-02,2026-04-02,90000.00,CE,SENSEX2640290000CE,0.40,0.80,0.05,73319.55,0.05,0.40,73319.55,73319.55,17280,4940,42740,3846614032.00,369,F1,20,,,,,
2026-04-02,2026-04-02,FO,BSE,IDO,864239,,SENSEX,,2026-04-02,2026-04-02,92300.00,CE,SENSEX2640292300CE,0.75,3.20,0.05,73319.55,0.10,0.65,73319.55,73319.55,2360,-800,4600,424583607.00,29,F1,20,,,,,
2026-04-02,2026-04-02,FO,BSE,IDO,864251,,SENSEX,,2026-04-02,2026-04-02,79300.00,CE,SENSEX2640279300CE,1.70,1.70,0.05,73319.55,0.05,1.10,73319.55,73319.55,11060,-12940,52100,4131561584.00,943,F1,20,,,,,
2026-04-02,2026-04-02,FO,BSE,IDO,864258,,SENSEX,,2026-04-02,2026-04-02,77900.00,CE,SENSEX2640277900CE,0.50,1.20,0.05,73319.55,0.05,1.70,73319.55,73319.55,36720,-97280,939700,73203174375.00,4968,F1,20,,,,,
2026-04-02,2026-04-02,FO,BSE,IDO,864260,,SENSEX,,2026-04-02,2026-04-02,80300.00,PE,SENSEX2640280300PE,7100.00,7100.00,7100.00,73319.55,7100.00,7153.60,73319.55,73319.55,160,0,160,13984000.00,1,F1,20,,,,,
2026-04-02,2026-04-02,FO,BSE,IDO,864262,,SENSEX,,2026-04-02,2026-04-02,87000.00,CE,SENSEX2640287000CE,0.45,1.00,0.05,73319.55,0.05,0.45,73319.55,73319.55,8520,-3820,13400,1165805497.00,112,F1,20,,,,,
2026-04-02,2026-04-02,FO,BSE,IDO,864263,,SENSEX,,2026-04-02,2026-04-02,89300.00,CE,SENSEX2640289300CE,0.60,0.70,0.30,73319.55,0.30,0.70,73319.55,73319.55,1040,700,2760,246469104.00,12,F1,20,,,,,
2026-04-02,2026-04-02,FO,BSE,IDO,864330,,SENSEX,,2026-04-02,2026-04-02,87200.00,CE,SENSEX2640287200CE,0.40,2.75,0.10,73319.55,0.35,0.40,73319.55,73319.55,1080,40,440,38368266.00,11,F1,20,,,,,
2026-04-02,2026-04-02,FO,BSE,IDO,864466,,SENSEX,,2026-04-02,2026-04-02,81600.00,CE,SENSEX2640281600CE,1.25,1.25,0.10,73319.55,0.35,1.10,73319.55,73319.55,1520,-2840,8680,708292651.00,148,F1,20,,,,,
2026-04-02,2026-04-02,FO,BSE,IDO,864475,,SENSEX,,2026-04-02,2026-04-02,91600.00,CE,SENSEX2640291600CE,0.35,0.60,0.25,73319.55,0.60,0.15,73319.55,73319.55,220,80,920,84272376.00,15,F1,20,,,,,
2026-04-02,2026-04-02,FO,BSE,IDO,864500,,SENSEX,,2026-04-02,2026-04-02,74900.00,CE,SENSEX2640274900CE,39.85,39.90,0.05,73319.55,0.05,66.55,73319.55,73319.55,395240,206980,9796540,733775440277.00,70589,F1,20,,,,,
2026-04-02,2026-04-02,FO,BSE,IDO,864516,,SENSEX,,2026-04-02,2026-04-02,75500.00,CE,SENSEX2640275500CE,6.85,9.35,0.05,73319.55,0.05,33.55,73319.55,73319.55,1249200,-355820,26077400,1968873688743.00,128828,F1,20,,,,,
2026-04-02,2026-04-02,FO,BSE,IDO,864529,,SENSEX,,2026-04-02,2026-04-02,85500.00,CE,SENSEX2640285500CE,0.55,1.50,0.05,73319.55,0.10,0.50,73319.55,73319.55,10920,-2480,27660,2364939501.00,387,F1,20,,,,,
2026-04-02,2026-04-02,FO,BSE,IDO,864649,,SENSEX,,2026-04-02,2026-04-02,81300.00,CE,SENSEX2640281300CE,1.45,1.85,0.10,73319.55,0.10,1.20,73319.55,73319.55,1540,-2380,7720,627640218.00,111,F1,20,,,,,
2026-04-02,2026-04-02,FO,BSE,IDO,864725,,SENSEX,,2026-04-02,2026-04-02,91500.00,CE,SENSEX2640291500CE,1.10,1.10,0.50,73319.55,0.50,0.55,73319.55,73319.55,10440,1040,11840,1083366674.00,33,F1,20,,,,,
2026-04-02,2026-04-02,FO,BSE,IDO,864749,,SENSEX,,2026-04-02,2026-04-02,88500.00,CE,SENSEX2640288500CE,0.40,0.75,0.10,73319.55,0.10,0.30,73319.55,73319.55,1440,1200,1680,148681053.00,9,F1,20,,,,,
2026-04-02,2026-04-02,FO,BSE,IDO,864767,,SENSEX,,2026-04-02,2026-04-02,74200.00,PE,SENSEX2640274200PE,1868.00,2643.80,792.45,73319.55,879.15,1162.20,73319.55,73319.55,17560,-22400,134480,10153562408.00,3937,F1,20,,,,,
2026-04-02,2026-04-02,FO,BSE,IDO,865071,,SENSEX,,2026-04-02,2026-04-02,73900.00,CE,SENSEX2640273900CE,137.95,137.95,0.05,73319.55,0.05,213.65,73319.55,73319.55,840880,466800,69707900,5151722760827.00,384807,F1,20,,,,,
2026-04-02,2026-04-02,FO,BSE,IDO,865079,,SENSEX,,2026-04-02,2026-04-02,73300.00,PE,SENSEX2640273300PE,1000.05,1900.00,0.05,73319.55,0.05,529.40,73319.55,73319.55,5300380,5132560,253296920,18574649715565.00,2259644,F1,20,,,,,
2026-04-02,2026-04-02,FO,BSE,IDO,866112,,SENSEX,,2026-04-09,2026-04-09,81700.00,CE,SENSEX2640981700CE,8.75,8.75,3.90,5.65,4.25,10.00,73319.55,5.65,20,20,60,4902338.00,3,F1,20,,,,,
2026-04-02,2026-04-02,FO,BSE,IDO,866129,,SENSEX,,2026-04-09,2026-04-09,77000.00,CE,SENSEX2640977000CE,93.70,98.20,33.25,68.50,62.00,146.80,73319.55,68.50,143400,86560,909580,70092155462.00,20329,F1,20,,,,,
2026-04-02,2026-04-02,FO,BSE,IDO,866133,,SENSEX,,2026-04-09,2026-04-09,75600.00,CE,SENSEX2640975600CE,232.35,288.95,176.50,223.10,213.30,369.80,73319.55,223.10,6720,6220,26120,1980826568.00,781,F1,20,,,,,
2026-04-02,2026-04-02,FO,BSE,IDO,866134,,SENSEX,,2026-04-09,2026-04-09,77900.00,CE,SENSEX2640977900CE,30.00,51.25,27.50,39.10,33.00,141.80,73319.55,39.10,2080,2080,4800,374114702.00,92,F1,20,,,,,
2026-04-02,2026-04-02,FO,BSE,IDO,866250,,SENSEX,,2026-04-09,2026-04-09,73300.00,PE,SENSEX2640973300PE,1228.80,2154.25,989.85,1077.45,1016.90,1184.20,73319.55,1077.45,35060,31040,92040,6850783492.00,2542,F1,20,,,,,
2026-04-02,2026-04-02,FO,BSE,IDO,866257,,SENSEX,,2026-04-09,2026-04-09,76300.00,CE,SENSEX2640976300CE,137.95,166.65,92.95,126.30,114.00,223.00,73319.55,126.30,10960,10220,37280,2849299645.00,870,F1,20,,,,,
2026-04-02,2026-04-02,FO,BSE,IDO,866271,,SENSEX,,2026-04-09,2026-04-09,84900.00,CE,SENSEX2640984900CE,4.80,4.80,4.80,4.80,4.80,0.60,73319.55,4.80,40,40,40,3396192.00,2,F1,20,,,,,
2026-04-02,2026-04-02,FO,BSE,IDO,866274,,SENSEX,,2026-04-09,2026-04-09,73200.00,CE,SENSEX2640973200CE,1484.90,1484.90,515.50,1140.10,1120.00,1269.15,73319.55,1140.10,79840,75580,193820,14400458571.00,5927,F1,20,,,,,
2026-04-02,2026-04-02,FO,BSE,IDO,866289,,SENSEX,,2026-04-09,2026-04-09,73500.00,PE,SENSEX2640973500PE,1577.15,2302.25,1075.90,1166.10,1117.20,1273.15,73319.55,1166.10,134000,108840,377800,28271590314.00,14380,F1,20,,,,,
2026-04-02,2026-04-02,FO,BSE,IDO,866345,,SENSEX,,2026-04-09,2026-04-09,85000.00,CE,SENSEX2640985000CE,3.20,4.45,2.40,3.45,3.70,3.15,73319.55,3.45,15360,8540,17860,1518158244.00,200,F1,20,,,,,
2026-04-02,2026-04-02,FO,BSE,IDO,863908,,SENSEX,,2026-04-02,2026-04-02,90800.00,CE,SENSEX2640290800CE,0.70,0.95,0.40,73319.55,0.95,0.70,73319.55,73319.55,960,60,580,52664302.00,8,F1,20,,,,,
2026-04-02,2026-04-02,FO,BSE,IDO,863921,,SENSEX,,2026-04-02,2026-04-02,82500.00,PE,SENSEX2640282500PE,10796.85,10940.00,9120.70,73319.55,9175.75,9305.80,73319.55,73319.55,1900,-7060,10220,952084065.00,126,F1,20,,,,,
2026-04-02,2026-04-02,FO,BSE,IDO,863967,,SENSEX,,2026-04-02,2026-04-02,79400.00,CE,SENSEX2640279400CE,1.80,1.80,0.05,73319.55,0.05,1.40,73319.55,73319.55,10160,-3380,32720,2597986175.00,500,F1,20,,,,,
2026-04-02,2026-04-02,FO,BSE,IDO,864062,,SENSEX,,2026-04-02,2026-04-02,85900.00,CE,SENSEX2640285900CE,0.60,1.25,0.05,73319.55,0.15,0.45,73319.55,73319.55,4800,1680,11160,958650771.00,102,F1,20,,,,,
2026-04-02,2026-04-02,FO,BSE,IDO,864136,,SENSEX,,2026-04-02,2026-04-02,85200.00,CE,SENSEX2640285200CE,0.90,1.30,0.05,73319.55,0.05,0.55,73319.55,73319.55,2260,-2940,11720,998549268.00,153,F1,20,,,,,
2026-04-02,2026-04-02,FO,BSE,IDO,864144,,SENSEX,,2026-04-02,2026-04-02,81500.00,CE,SENSEX2640281500CE,0.80,0.80,0.05,73319.55,0.10,0.75,73319.55,73319.55,18420,-8840,46760,3810957958.00,705,F1,20,,,,,
2026-04-02,2026-04-02,FO,BSE,IDO,864177,,SENSEX,,2026-04-02,2026-04-02,92100.00,CE,SENSEX2640292100CE,1.00,1.00,0.05,73319.55,0.05,0.55,73319.55,73319.55,1500,-3920,7920,729434027.00,36,F1,20,,,,,
2026-04-02,2026-04-02,FO,BSE,IDO,864206,,SENSEX,,2026-04-02,2026-04-02,83100.00,CE,SENSEX2640283100CE,1.00,1.00,0.05,73319.55,0.20,0.75,73319.55,73319.55,1080,-520,2840,236005449.00,30,F1,20,,,,,
2026-04-02,2026-04-02,FO,BSE,IDO,864214,,SENSEX,,2026-04-02,2026-04-02,81700.00,CE,SENSEX2640281700CE,0.60,0.90,0.05,73319.55,0.20,0.90,73319.55,73319.55,2400,-1800,4180,341507930.00,58,F1,20,,,,,
2026-04-02,2026-04-02,FO,BSE,IDO,864271,,SENSEX,,2026-04-02,2026-04-02,87900.00,CE,SENSEX2640287900CE,0.90,2.65,0.05,73319.55,0.05,0.65,73319.55,73319.55,1680,1060,7980,701447152.00,45,F1,20,,,,,
2026-04-02,2026-04-02,FO,BSE,IDO,864356,,SENSEX,,2026-04-02,2026-04-02,77500.00,PE,SENSEX2640277500PE,5777.00,5892.55,4109.00,73319.55,4172.50,3645.00,73319.55,73319.55,1540,-2360,3800,313586171.00,61,F1,20,,,,,
2026-04-02,2026-04-02,FO,BSE,IDO,864402,,SENSEX,,2026-04-02,2026-04-02,81400.00,CE,SENSEX2640281400CE,1.25,1.30,0.05,73319.55,0.10,1.15,73319.55,73319.55,2400,-1260,6720,547011219.00,89,F1,20,,,,,
2026-04-02,2026-04-02,FO,BSE,IDO,864450,,SENSEX,,2026-04-02,2026-04-02,75300.00,CE,SENSEX2640275300CE,40.55,40.55,0.05,73319.55,0.05,43.60,73319.55,73319.55,266260,-64120,5076020,382231568796.00,42038,F1,20,,,,,
2026-04-02,2026-04-02,FO,BSE,IDO,864451,,SENSEX,,2026-04-02,2026-04-02,77600.00,CE,SENSEX2640277600CE,2.40,2.40,0.05,73319.55,0.05,2.15,73319.55,73319.55,42680,-42420,452100,35083209536.00,3811,F1,20,,,,,
2026-04-02,2026-04-02,FO,BSE,IDO,864454,,SENSEX,,2026-04-02,2026-04-02,89000.00,CE,SENSEX2640289000CE,0.35,0.50,0.05,73319.55,0.05,0.40,73319.55,73319.55,2880,-500,6980,621221726.00,68,F1,20,,,,,
2026-04-02,2026-04-02,FO,BSE,IDO,864467,,SENSEX,,2026-04-02,2026-04-02,83900.00,CE,SENSEX2640283900CE,0.85,1.65,0.05,73319.55,0.10,0.70,73319.55,73319.55,3380,1920,8100,679597442.00,73,F1,20,,,,,
2026-04-02,2026-04-02,FO,BSE,IDO,864485,,SENSEX,,2026-04-02,2026-04-02,87000.00,PE,SENSEX2640287000PE,15250.00,15450.05,13820.00,73319.55,13820.00,13459.45,73319.55,73319.55,520,-10740,11480,1170968648.00,141,F1,20,,,,,
2026-04-02,2026-04-02,FO,BSE,IDO,864556,,SENSEX,,2026-04-02,2026-04-02,78800.00,CE,SENSEX2640278800CE,0.95,4.00,0.05,73319.55,0.05,1.30,73319.55,73319.55,9360,-17260,69640,5487673535.00,793,F1,20,,,,,
2026-04-02,2026-04-02,FO,BSE,IDO,864563,,SENSEX,,2026-04-02,2026-04-02,88800.00,CE,SENSEX2640288800CE,1.75,1.75,0.05,73319.55,0.05,0.50,73319.55,73319.55,1180,500,4520,401378809.00,53,F1,20,,,,,
2026-04-02,2026-04-02,FO,BSE,IDO,864623,,SENSEX,,2026-04-02,2026-04-02,86700.00,CE,SENSEX2640286700CE,0.55,2.00,0.05,73319.55,0.10,0.45,73319.55,73319.55,1260,-40,3260,282643338.00,42,F1,20,,,,,
2026-04-02,2026-04-02,FO,BSE,IDO,864630,,SENSEX,,2026-04-02,2026-04-02,75000.00,CE,SENSEX2640275000CE,17.05,17.80,0.05,73319.55,0.05,60.25,73319.55,73319.55,2923840,1364800,53462720,4009783904483.00,259093,F1,20,,,,,
2026-04-02,2026-04-02,FO,BSE,IDO,864639,,SENSEX,,2026-04-02,2026-04-02,74700.00,PE,SENSEX2640274700PE,3036.40,3142.80,1384.35,73319.55,1384.35,1599.45,73319.55,73319.55,17320,-5040,10940,840086287.00,349,F1,20,,,,,
2026-04-02,2026-04-02,FO,BSE,IDO,864683,,SENSEX,,2026-04-02,2026-04-02,76900.00,CE,SENSEX2640276900CE,4.95,4.95,0.05,73319.55,0.05,5.45,73319.55,73319.55,74440,-108660,673640,51803464694.00,6281,F1,20,,,,,
2026-04-02,2026-04-02,FO,BSE,IDO,864689,,SENSEX,,2026-04-02,2026-04-02,88300.00,CE,SENSEX2640288300CE,2.10,2.10,0.10,73319.55,0.10,0.35,73319.55,73319.55,400,-260,1360,120089195.00,14,F1,20,,,,,
2026-04-02,2026-04-02,FO,BSE,IDO,864695,,SENSEX,,2026-04-02,2026-04-02,84600.00,CE,SENSEX2640284600CE,0.85,1.40,0.05,73319.55,0.05,0.60,73319.55,73319.55,1260,-80,5040,426386676.00,85,F1,20,,,,,
2026-04-02,2026-04-02,FO,BSE,IDO,864708,,SENSEX,,2026-04-02,2026-04-02,90900.00,CE,SENSEX2640290900CE,0.45,1.05,0.05,73319.55,0.05,0.55,73319.55,73319.55,6180,5380,13120,1192614315.00,94,F1,20,,,,,
2026-04-02,2026-04-02,FO,BSE,IDO,864816,,SENSEX,,2026-04-02,2026-04-02,82700.00,CE,SENSEX2640282700CE,1.00,1.00,0.05,73319.55,0.10,0.90,73319.55,73319.55,1260,-220,1700,140590770.00,27,F1,20,,,,,
2026-04-02,2026-04-02,FO,BSE,IDO,864957,,SENSEX,,2026-04-02,2026-04-02,74000.00,CE,SENSEX2640274000CE,63.95,66.65,0.05,73319.55,0.05,192.25,73319.55,73319.55,2601080,1550720,159815760,11826931272667.00,724310,F1,20,,,,,
2026-04-02,2026-04-02,FO,BSE,IDO,865059,,SENSEX,,2026-04-02,2026-04-02,73100.00,PE,SENSEX2640273100PE,900.00,1556.80,0.05,73319.55,0.10,433.20,73319.55,73319.55,1341580,1041920,174192480,12747004067877.00,2443678,F1,20,,,,,
2026-04-02,2026-04-02,FO,BSE,IDO,866102,,SENSEX,,2026-04-09,2026-04-09,77700.00,CE,SENSEX2640977700CE,60.00,60.00,30.00,42.65,37.00,82.65,73319.55,42.65,1900,1900,4300,334295951.00,113,F1,20,,,,,
2026-04-02,2026-04-02,FO,BSE,IDO,866137,,SENSEX,,2026-04-09,2026-04-09,89300.00,CE,SENSEX2640989300CE,0.05,0.05,0.05,0.05,0.05,0.05,73319.55,0.05,100,-100,100,8930005.00,2,F1,20,,,,,
2026-04-02,2026-04-02,FO,BSE,IDO,866155,,SENSEX,,2026-04-09,2026-04-09,85000.00,PE,SENSEX2640985000PE,11000.00,13180.00,11000.00,11586.05,11550.00,11539.00,73319.55,11586.05,40440,14000,14440,1412707953.00,306,F1,20,,,,,
2026-04-02,2026-04-02,FO,BSE,IDO,866175,,SENSEX,,2026-04-09,2026-04-09,83500.00,CE,SENSEX2640983500CE,6.10,6.10,3.05,4.50,4.90,6.10,73319.55,4.50,2960,2380,2700,225462256.00,40,F1,20,,,,,
2026-04-02,2026-04-02,FO,BSE,IDO,866195,,SENSEX,,2026-04-09,2026-04-09,81500.00,PE,SENSEX2640981500PE,7900.00,7900.00,7900.00,7900.00,7900.00,8279.25,73319.55,7900.00,60,60,60,5364000.00,2,F1,20,,,,,
2026-04-02,2026-04-02,FO,BSE,IDO,864589,,SENSEX,,2026-04-02,2026-04-02,85700.00,CE,SENSEX2640285700CE,1.05,1.20,0.05,73319.55,0.10,0.55,73319.55,73319.55,980,-60,2320,198825280.00,35,F1,20,,,,,
2026-04-02,2026-04-02,FO,BSE,IDO,864596,,SENSEX,,2026-04-02,2026-04-02,91100.00,CE,SENSEX2640291100CE,0.40,0.55,0.35,73319.55,0.55,0.75,73319.55,73319.55,200,20,980,89278424.00,9,F1,20,,,,,
2026-04-02,2026-04-02,FO,BSE,IDO,864604,,SENSEX,,2026-04-02,2026-04-02,77400.00,PE,SENSEX2640277400PE,4500.00,4500.00,4070.00,73319.55,4070.00,3610.05,73319.55,73319.55,860,0,80,6543400.00,2,F1,20,,,,,
2026-04-02,2026-04-02,FO,BSE,IDO,864617,,SENSEX,,2026-04-02,2026-04-02,76700.00,CE,SENSEX2640276700CE,2.95,3.65,0.05,73319.55,0.05,6.80,73319.55,73319.55,76240,-150080,1254820,96245633077.00,11885,F1,20,,,,,
2026-04-02,2026-04-02,FO,BSE,IDO,864672,,SENSEX,,2026-04-02,2026-04-02,76000.00,CE,SENSEX2640276000CE,12.90,12.90,0.05,73319.55,0.05,17.85,73319.55,73319.55,937580,-971920,24411020,1855259965370.00,104651,F1,20,,,,,
2026-04-02,2026-04-02,FO,BSE,IDO,864713,,SENSEX,,2026-04-02,2026-04-02,74900.00,PE,SENSEX2640274900PE,3300.00,3341.40,1507.10,73319.55,1551.95,1777.70,73319.55,73319.55,7800,-3360,9360,721011770.00,264,F1,20,,,,,
2026-04-02,2026-04-02,FO,BSE,IDO,864737,,SENSEX,,2026-04-02,2026-04-02,76200.00,CE,SENSEX2640276200CE,5.90,5.90,0.05,73319.55,0.05,13.50,73319.55,73319.55,69440,-128860,1770940,134947241572.00,11297,F1,20,,,,,
2026-04-02,2026-04-02,FO,BSE,IDO,864738,,SENSEX,,2026-04-02,2026-04-02,78500.00,CE,SENSEX2640278500CE,1.60,3.60,0.05,73319.55,0.05,1.45,73319.55,73319.55,62220,-159360,909680,71410445410.00,5886,F1,20,,,,,
2026-04-02,2026-04-02,FO,BSE,IDO,864752,,SENSEX,,2026-04-02,2026-04-02,80200.00,CE,SENSEX2640280200CE,1.15,1.20,0.05,73319.55,0.05,1.05,73319.55,73319.55,7080,-3740,31380,2516692922.00,279,F1,20,,,,,
2026-04-02,2026-04-02,FO,BSE,IDO,864755,,SENSEX,,2026-04-02,2026-04-02,84800.00,CE,SENSEX2640284800CE,0.50,1.10,0.05,73319.55,0.05,0.65,73319.55,73319.55,540,-500,2520,213696822.00,91,F1,20,,,,,
2026-04-02,2026-04-02,FO,BSE,IDO,864768,,SENSEX,,2026-04-02,2026-04-02,76500.00,PE,SENSEX2640276500PE,4799.85,4940.00,3134.00,73319.55,3187.20,3312.75,73319.55,73319.55,11980,-16500,25720,2076745243.00,551,F1,20,,,,,
2026-04-02,2026-04-02,FO,BSE,IDO,864781,,SENSEX,,2026-04-02,2026-04-02,80500.00,PE,SENSEX2640280500PE,8920.00,8920.00,7099.55,73319.55,7099.55,7345.45,73319.55,73319.55,500,-1180,1860,164262120.00,55,F1,20,,,,,
2026-04-02,2026-04-02,FO,BSE,IDO,864811,,SENSEX,,2026-04-02,2026-04-02,88700.00,CE,SENSEX2640288700CE,0.25,0.65,0.10,73319.55,0.10,0.45,73319.55,73319.55,440,-380,1460,129502465.00,17,F1,20,,,,,
2026-04-02,2026-04-02,FO,BSE,IDO,864823,,SENSEX,,2026-04-02,2026-04-02,90400.00,CE,SENSEX2640290400CE,0.45,0.95,0.45,73319.55,0.95,0.40,73319.55,73319.55,220,20,320,28928196.00,4,F1,20,,,,,
2026-04-02,2026-04-02,FO,BSE,IDO,864829,,SENSEX,,2026-04-02,2026-04-02,76700.00,PE,SENSEX2640276700PE,3400.05,3400.05,3400.05,73319.55,3400.05,3246.80,73319.55,73319.55,4740,-60,180,14418009.00,3,F1,20,,,,,
2026-04-02,2026-04-02,FO,BSE,IDO,864847,,SENSEX,,2026-04-02,2026-04-02,91000.00,CE,SENSEX2640291000CE,0.85,1.70,0.10,73319.55,0.10,0.60,73319.55,73319.55,2080,1780,4860,442262960.00,102,F1,20,,,,,
2026-04-02,2026-04-02,FO,BSE,IDO,864968,,SENSEX,,2026-04-02,2026-04-02,73600.00,CE,SENSEX2640273600CE,275.00,275.00,0.05,73319.55,0.05,303.15,73319.55,73319.55,1453720,1168580,203738660,14996741123893.00,1210668,F1,20,,,,,
2026-04-02,2026-04-02,FO,BSE,IDO,865038,,SENSEX,,2026-04-02,2026-04-02,73500.00,CE,SENSEX2640273500CE,192.85,192.85,0.05,73319.55,0.05,341.90,73319.55,73319.55,3641820,2878640,509746520,37471454606837.00,3593585,F1,20,,,,,
2026-04-02,2026-04-02,FO,BSE,IDO,866109,,SENSEX,,2026-04-09,2026-04-09,87700.00,CE,SENSEX2640987700CE,3.00,5.00,3.00,3.85,3.65,0.05,73319.55,3.85,1080,760,860,75425268.00,12,F1,20,,,,,
2026-04-02,2026-04-02,FO,BSE,IDO,866152,,SENSEX,,2026-04-09,2026-04-09,73600.00,PE,SENSEX2640973600PE,2214.95,2302.60,1115.60,1218.40,1186.65,1326.55,73319.55,1218.40,13140,10440,25360,1899895274.00,848,F1,20,,,,,
2026-04-02,2026-04-02,FO,BSE,IDO,866189,,SENSEX,,2026-04-09,2026-04-09,73800.00,PE,SENSEX2640973800PE,2197.00,2455.90,1213.80,1293.15,1251.10,1442.80,73319.55,1293.15,8120,3680,25260,1901435857.00,692,F1,20,,,,,
2026-04-02,2026-04-02,FO,BSE,IDO,866193,,SENSEX,,2026-04-09,2026-04-09,76800.00,CE,SENSEX2640976800CE,132.60,132.60,62.25,87.65,78.00,225.50,73319.55,87.65,2840,2820,7360,565927855.00,201,F1,20,,,,,
2026-04-02,2026-04-02,FO,BSE,IDO,866202,,SENSEX,,2026-04-09,2026-04-09,75100.00,CE,SENSEX2640975100CE,555.30,555.30,148.00,333.15,298.25,493.90,73319.55,333.15,5500,3400,35180,2652669673.00,1179,F1,20,,,,,
2026-04-02,2026-04-02,FO,BSE,IDO,866239,,SENSEX,,2026-04-09,2026-04-09,75300.00,CE,SENSEX2640975300CE,277.05,370.30,124.90,275.80,259.30,440.35,73319.55,275.80,15560,8160,70920,5357926016.00,1982,F1,20,,,,,
2026-04-02,2026-04-02,FO,BSE,IDO,866247,,SENSEX,,2026-04-09,2026-04-09,77000.00,PE,SENSEX2640977000PE,5269.95,5350.00,3520.20,3741.35,3738.85,3802.75,73319.55,3741.35,28880,13460,40340,3304057131.00,639,F1,20,,,,,
2026-04-02,2026-04-02,FO,BSE,IDO,866249,,SENSEX,,2026-04-09,2026-04-09,91600.00,CE,SENSEX2640991600CE,3.55,5.25,3.55,5.25,5.25,0.05,73319.55,0.05,220,0,220,20152985.00,2,F1,20,,,,,
2026-04-02,2026-04-02,FO,BSE,IDO,866361,,SENSEX,,2026-04-09,2026-04-09,74600.00,CE,SENSEX2640974600CE,527.85,578.55,207.95,488.35,440.95,659.30,73319.55,488.35,6460,5020,45460,3410057248.00,1458,F1,20,,,,,
2026-04-02,2026-04-02,FO,BSE,IDO,866363,,SENSEX,,2026-04-09,2026-04-09,76900.00,CE,SENSEX2640976900CE,180.00,180.00,43.70,72.55,71.00,187.45,73319.55,72.55,6400,6180,38120,2934238596.00,896,F1,20,,,,,
2026-04-02,2026-04-02,FO,BSE,IDO,866467,,SENSEX,,2026-04-09,2026-04-09,80600.00,CE,SENSEX2640980600CE,19.00,19.00,15.00,17.00,15.00,24.95,73319.55,17.00,40,20,40,3224680.00,2,F1,20,,,,,
2026-04-02,2026-04-02,FO,BSE,IDO,866506,,SENSEX,,2026-04-09,2026-04-09,74500.00,CE,SENSEX2640974500CE,414.00,622.45,223.30,505.95,482.00,689.95,73319.55,505.95,87480,74080,477160,35753427341.00,14359,F1,20,,,,,
2026-04-02,2026-04-02,FO,BSE,IDO,866547,,SENSEX,,2026-04-09,2026-04-09,90100.00,CE,SENSEX2640990100CE,4.00,4.00,2.00,4.00,4.00,0.05,73319.55,4.00,60,0,100,9010280.00,3,F1,20,,,,,
2026-04-02,2026-04-02,FO,BSE,IDO,866554,,SENSEX,,2026-04-09,2026-04-09,79400.00,CE,SENSEX2640979400CE,15.00,21.45,9.00,17.20,20.80,54.45,73319.55,17.20,4420,4420,11040,876736478.00,210,F1,20,,,,,
2026-04-02,2026-04-02,FO,BSE,IDO,866573,,SENSEX,,2026-04-09,2026-04-09,73700.00,PE,SENSEX2640973700PE,1839.05,2420.00,1170.00,1287.55,1229.80,1376.35,73319.55,1287.55,11420,3320,13240,995145445.00,359,F1,20,,,,,
2026-04-02,2026-04-02,FO,BSE,IDO,866582,,SENSEX,,2026-04-09,2026-04-09,78000.00,PE,SENSEX2640978000PE,6100.00,6276.60,4500.55,4694.80,4727.30,4724.50,73319.55,4694.80,9840,8960,9180,768503830.00,145,F1,20,,,,,
2026-04-02,2026-04-02,FO,BSE,IDO,863822,,SENSEX,,2026-04-02,2026-04-02,82900.00,CE,SENSEX2640282900CE,0.95,0.95,0.05,73319.55,0.20,0.75,73319.55,73319.55,1060,-2040,5620,465900016.00,69,F1,20,,,,,
2026-04-02,2026-04-02,FO,BSE,IDO,863824,,SENSEX,,2026-04-02,2026-04-02,92000.00,CE,SENSEX2640292000CE,1.00,1.00,0.05,73319.55,0.25,0.40,73319.55,73319.55,580,-540,2220,204241016.00,30,F1,20,,,,,
2026-04-02,2026-04-02,FO,BSE,IDO,863831,,SENSEX,,2026-04-02,2026-04-02,76000.00,PE,SENSEX2640276000PE,3300.00,5217.45,2632.40,73319.55,2686.00,2815.10,73319.55,73319.55,117720,-12800,29540,2340883117.00,923,F1,20,,,,,
2026-04-02,2026-04-02,FO,BSE,IDO,863874,,SENSEX,,2026-04-02,2026-04-02,78200.00,CE,SENSEX2640278200CE,2.00,2.15,0.05,73319.55,0.05,1.50,73319.55,73319.55,22180,-28780,280340,21922768564.00,2448,F1,20,,,,,
2026-04-02,2026-04-02,FO,BSE,IDO,863900,,SENSEX,,2026-04-02,2026-04-02,92200.00,CE,SENSEX2640292200CE,1.00,1.00,0.10,73319.55,0.45,0.55,73319.55,73319.55,2920,1140,2960,272913486.00,61,F1,20,,,,,
2026-04-02,2026-04-02,FO,BSE,IDO,863942,,SENSEX,,2026-04-02,2026-04-02,86100.00,CE,SENSEX2640286100CE,0.75,2.05,0.10,73319.55,0.15,0.70,73319.55,73319.55,920,60,5660,487329440.00,52,F1,20,,,,,
2026-04-02,2026-04-02,FO,BSE,IDO,863976,,SENSEX,,2026-04-02,2026-04-02,75700.00,CE,SENSEX2640275700CE,17.85,17.85,0.05,73319.55,0.05,26.10,73319.55,73319.55,174320,-68040,4142940,313624646637.00,27968,F1,20,,,,,
2026-04-02,2026-04-02,FO,BSE,IDO,864030,,SENSEX,,2026-04-02,2026-04-02,74300.00,PE,SENSEX2640274300PE,2373.50,2753.30,898.75,73319.55,978.30,1251.70,73319.55,73319.55,17840,-15700,59800,4531029067.00,1533,F1,20,,,,,
2026-04-02,2026-04-02,FO,BSE,IDO,864078,,SENSEX,,2026-04-02,2026-04-02,74200.00,CE,SENSEX2640274200CE,150.45,150.45,0.05,73319.55,0.10,151.95,73319.55,73319.55,445700,163200,33553660,2489772324608.00,195348,F1,20,,,,,
2026-04-02,2026-04-02,FO,BSE,IDO,864119,,SENSEX,,2026-04-02,2026-04-02,75200.00,CE,SENSEX2640275200CE,27.00,27.00,0.05,73319.55,0.05,47.80,73319.55,73319.55,281500,-39940,6579000,494750502112.00,53451,F1,20,,,,,
2026-04-02,2026-04-02,FO,BSE,IDO,864138,,SENSEX,,2026-04-02,2026-04-02,89800.00,CE,SENSEX2640289800CE,0.40,1.85,0.10,73319.55,0.10,0.45,73319.55,73319.55,240,40,560,50288274.00,8,F1,20,,,,,
2026-04-02,2026-04-02,FO,BSE,IDO,864158,,SENSEX,,2026-04-02,2026-04-02,75500.00,PE,SENSEX2640275500PE,3775.05,3952.15,2077.90,73319.55,2182.05,2339.40,73319.55,73319.55,308400,-68580,139840,10919723773.00,1105,F1,20,,,,,
2026-04-02,2026-04-02,FO,BSE,IDO,864285,,SENSEX,,2026-04-02,2026-04-02,77300.00,PE,SENSEX2640277300PE,4912.85,4912.85,4262.50,73319.55,4262.50,3930.25,73319.55,73319.55,2040,-40,200,16334390.00,5,F1,20,,,,,
2026-04-02,2026-04-02,FO,BSE,IDO,864296,,SENSEX,,2026-04-02,2026-04-02,85000.00,PE,SENSEX2640285000PE,13303.80,13447.55,11642.75,73319.55,11642.75,11805.75,73319.55,73319.55,4940,-16960,20300,1985490605.00,290,F1,20,,,,,
2026-04-02,2026-04-02,FO,BSE,IDO,864320,,SENSEX,,2026-04-02,2026-04-02,79500.00,CE,SENSEX2640279500CE,0.70,1.35,0.05,73319.55,0.05,1.05,73319.55,73319.55,116040,-53720,2616340,208000069255.00,7820,F1,20,,,,,
2026-04-02,2026-04-02,FO,BSE,IDO,864331,,SENSEX,,2026-04-02,2026-04-02,89500.00,CE,SENSEX2640289500CE,0.65,1.70,0.30,73319.55,0.35,0.50,73319.55,73319.55,2300,-1800,7820,699892896.00,55,F1,20,,,,,
2026-04-02,2026-04-02,FO,BSE,IDO,864388,,SENSEX,,2026-04-02,2026-04-02,77400.00,CE,SENSEX2640277400CE,2.95,2.95,0.05,73319.55,0.05,2.85,73319.55,73319.55,38780,-65660,986860,76383568921.00,6906,F1,20,,,,,
2026-04-02,2026-04-02,FO,BSE,IDO,864461,,SENSEX,,2026-04-02,2026-04-02,87600.00,CE,SENSEX2640287600CE,0.80,1.00,0.20,73319.55,0.65,0.55,73319.55,73319.55,900,40,700,61320385.00,24,F1,20,,,,,
2026-04-02,2026-04-02,FO,BSE,IDO,864480,,SENSEX,,2026-04-02,2026-04-02,75600.00,PE,SENSEX2640275600PE,3115.55,3951.70,2247.10,73319.55,2285.60,2433.40,73319.55,73319.55,272320,-69240,81720,6400506590.00,317,F1,20,,,,,
2026-04-02,2026-04-02,FO,BSE,IDO,864520,,SENSEX,,2026-04-02,2026-04-02,89200.00,CE,SENSEX2640289200CE,1.00,1.00,0.05,73319.55,0.15,0.80,73319.55,73319.55,1000,680,3700,330041574.00,20,F1,20,,,,,
2026-04-02,2026-04-02,FO,BSE,IDO,864539,,SENSEX,,2026-04-02,2026-04-02,91800.00,CE,SENSEX2640291800CE,0.35,0.40,0.35,73319.55,0.40,0.65,73319.55,73319.55,100,0,240,22032090.00,2,F1,20,,,,,
2026-04-02,2026-04-02,FO,BSE,IDO,864560,,SENSEX,,2026-04-02,2026-04-02,83500.00,PE,SENSEX2640283500PE,11804.85,11804.85,11400.00,73319.55,11400.00,10353.10,73319.55,73319.55,40,20,60,5708622.00,3,F1,20,,,,,
2026-04-02,2026-04-02,FO,BSE,IDO,864609,,SENSEX,,2026-04-02,2026-04-02,78100.00,CE,SENSEX2640278100CE,1.70,2.50,0.05,73319.55,0.05,1.60,73319.55,73319.55,33380,-22900,299460,23388025670.00,3337,F1,20,,,,,
2026-04-02,2026-04-02,FO,BSE,IDO,864640,,SENSEX,,2026-04-02,2026-04-02,85000.00,CE,SENSEX2640285000CE,0.40,0.85,0.05,73319.55,0.05,0.40,73319.55,73319.55,66720,-112840,898860,76403347937.00,3626,F1,20,,,,,
2026-04-02,2026-04-02,FO,BSE,IDO,864650,,SENSEX,,2026-04-02,2026-04-02,83600.00,CE,SENSEX2640283600CE,0.85,1.40,0.05,73319.55,0.10,0.75,73319.55,73319.55,480,-60,1960,163857004.00,70,F1,20,,,,,
2026-04-02,2026-04-02,FO,BSE,IDO,864676,,SENSEX,,2026-04-02,2026-04-02,83000.00,PE,SENSEX2640283000PE,11300.35,11458.10,9602.85,73319.55,9685.00,9833.70,73319.55,73319.55,2060,-14880,17680,1660554990.00,319,F1,20,,,,,
2026-04-02,2026-04-02,FO,BSE,IDO,864809,,SENSEX,,2026-04-02,2026-04-02,84100.00,CE,SENSEX2640284100CE,0.50,1.30,0.05,73319.55,0.10,0.70,73319.55,73319.55,1920,-3540,11600,975564480.00,183,F1,20,,,,,
2026-04-02,2026-04-02,FO,BSE,IDO,865021,,SENSEX,,2026-04-02,2026-04-02,73300.00,CE,SENSEX2640273300CE,184.00,184.15,2.60,73319.55,19.45,422.00,73319.55,73319.55,2094060,1927180,512195080,37559868885639.00,4774037,F1,20,,,,,
2026-04-02,2026-04-02,FO,BSE,IDO,865099,,SENSEX,,2026-04-02,2026-04-02,73500.00,PE,SENSEX2640273500PE,1170.00,1959.75,97.10,73319.55,180.10,647.85,73319.55,73319.55,492040,56840,31561640,2328971274503.00,577397,F1,20,,,,,
2026-04-02,2026-04-02,FO,BSE,IDO,866100,,SENSEX,,2026-04-09,2026-04-09,73100.00,CE,SENSEX2640973100CE,804.30,1327.00,552.70,1228.20,1151.95,1327.05,73319.55,1228.20,90420,86900,242280,17991191758.00,6008,F1,20,,,,,
2026-04-02,2026-04-02,FO,BSE,IDO,866147,,SENSEX,,2026-04-09,2026-04-09,75000.00,PE,SENSEX2640975000PE,3100.00,3455.00,1929.00,2027.90,2003.00,2178.65,73319.55,2027.90,19740,14740,33760,2618852101.00,973,F1,20,,,,,
2026-04-02,2026-04-02,FO,BSE,IDO,866254,,SENSEX,,2026-04-09,2026-04-09,87000.00,PE,SENSEX2640987000PE,15070.00,15180.00,13320.00,13550.45,13600.00,13280.00,73319.55,13550.45,50060,15280,15880,1613843800.00,375,F1,20,,,,,
2026-04-02,2026-04-02,FO,BSE,IDO,866263,,SENSEX,,2026-04-09,2026-04-09,74900.00,CE,SENSEX2640974900CE,500.00,500.00,169.00,393.30,360.00,545.15,73319.55,393.30,5160,3120,48500,3648718542.00,1517,F1,20,,,,,
2026-04-02,2026-04-02,FO,BSE,IDO,866287,,SENSEX,,2026-04-09,2026-04-09,91800.00,CE,SENSEX2640991800CE,5.00,5.00,5.00,5.00,5.00,10.00,73319.55,0.05,440,0,120,11016600.00,1,F1,20,,,,,
2026-04-02,2026-04-02,FO,BSE,IDO,871862,,SENSEX,,2026-04-16,2026-04-16,89900.00,CE,SENSEX2641689900CE,4.50,5.40,4.50,5.40,5.40,0.80,73319.55,0.05,0,0,720,64731564.00,6,F1,20,,,,,
2026-04-02,2026-04-02,FO,BSE,IDO,873259,,SENSEX,,2026-04-16,2026-04-16,85000.00,CE,SENSEX2641685000CE,5.95,11.25,5.95,8.75,11.25,15.35,73319.55,8.75,60,60,780,66304867.00,9,F1,20,,,,,
2026-04-02,2026-04-02,FO,BSE,IDO,873324,,SENSEX,,2026-04-16,2026-04-16,85900.00,CE,SENSEX2641685900CE,5.55,6.10,5.55,6.10,6.10,9.25,73319.55,0.25,20,20,740,63570305.00,6,F1,20,,,,,
2026-04-02,2026-04-02,FO,BSE,IDO,874246,,SENSEX,,2026-04-16,2026-04-16,85400.00,CE,SENSEX2641685400CE,5.55,6.80,4.00,4.00,4.00,12.25,73319.55,0.40,0,0,1680,143481738.00,15,F1,20,,,,,
2026-04-02,2026-04-02,FO,BSE,IDO,874653,,SENSEX,,2026-04-16,2026-04-16,89300.00,CE,SENSEX2641689300CE,4.50,4.70,4.50,4.70,4.70,1.15,73319.55,0.05,0,0,720,64299312.00,6,F1,20,,,,,
2026-04-02,2026-04-02,FO,BSE,IDO,875865,,SENSEX,,2026-04-16,2026-04-16,88400.00,CE,SENSEX2641688400CE,3.85,5.55,3.85,5.55,5.55,2.05,73319.55,0.05,240,240,480,42434052.00,4,F1,20,,,,,
2026-04-02,2026-04-02,FO,BSE,IDO,876270,,SENSEX,,2026-04-16,2026-04-16,74000.00,CE,SENSEX2641674000CE,772.30,1300.00,661.55,1100.35,1170.00,1291.00,73319.55,1100.35,22820,21900,32000,2402383006.00,489,F1,20,,,,,
2026-04-02,2026-04-02,FO,BSE,IDO,876964,,SENSEX,,2026-04-16,2026-04-16,72200.00,PE,SENSEX2641672200PE,2016.80,2117.60,2016.80,2117.60,2117.60,1323.20,73319.55,767.45,40,40,40,2970688.00,2,F1,20,,,,,
2026-04-02,2026-04-02,FO,BSE,IDO,877126,,SENSEX,,2026-04-02,2026-04-02,72200.00,PE,SENSEX2640272200PE,200.30,714.15,0.05,73319.55,0.10,148.60,73319.55,73319.55,818360,636160,131611040,9513693027755.00,1589646,F1,20,,,,,
2026-04-02,2026-04-02,FO,BSE,IDO,877142,,SENSEX,,2026-04-09,2026-04-09,71900.00,PE,SENSEX2640971900PE,1057.40,1331.35,553.00,613.15,602.70,1600.70,73319.55,613.15,20440,19720,114500,8341611833.00,3354,F1,20,,,,,
2026-04-02,2026-04-02,FO,BSE,IDO,877284,,SENSEX,,2026-04-16,2026-04-16,72500.00,PE,SENSEX2641672500PE,1451.95,1451.95,1147.55,1161.30,1147.55,1451.95,73319.55,1161.30,200,200,200,14743884.00,9,F1,20,,,,,
2026-04-02,2026-04-02,FO,BSE,IDO,877334,,SENSEX,,2026-04-09,2026-04-09,72600.00,PE,SENSEX2640972600PE,1304.80,1660.00,741.35,807.00,797.95,894.05,73319.55,807.00,24880,10140,59720,4398324685.00,1890,F1,20,,,,,
2026-04-02,2026-04-02,FO,BSE,IDO,877446,,SENSEX,,2026-04-02,2026-04-02,71800.00,CE,SENSEX2640271800CE,898.55,1607.25,101.50,73319.55,1516.15,1482.85,73319.55,73319.55,221600,186420,121523800,8751687539164.00,2172359,F1,20,,,,,
2026-04-02,2026-04-02,FO,BSE,IDO,877663,,SENSEX,,2026-04-09,2026-04-09,72200.00,PE,SENSEX2640972200PE,851.25,1469.80,631.85,678.25,656.00,747.85,73319.55,678.25,16680,12280,84760,6204234382.00,2364,F1,20,,,,,
2026-04-02,2026-04-02,FO,BSE,IDO,877769,,SENSEX,,2026-04-02,2026-04-02,70900.00,PE,SENSEX2640270900PE,29.00,64.95,0.05,73319.55,0.10,28.95,73319.55,73319.55,433080,262560,91404140,6482553233773.00,773305,F1,20,,,,,
2026-04-02,2026-04-02,FO,BSE,IDO,877941,,SENSEX,,2026-04-30,2026-04-30,70900.00,PE,SENSEX26APR70900PE,1227.90,1227.90,1227.90,1227.90,1227.90,1075.35,73319.55,781.70,160,40,40,2885116.00,2,F1,20,,,,,
2026-04-02,2026-04-02,FO,BSE,IDO,878035,,SENSEX,,2026-04-02,2026-04-02,70800.00,PE,SENSEX2640270800PE,20.55,48.15,0.05,73319.55,0.05,25.25,73319.55,73319.55,640900,407500,91745840,6497177759994.00,750793,F1,20,,,,,
2026-04-02,2026-04-02,FO,BSE,IDO,878460,,SENSEX,,2026-04-09,2026-04-09,70700.00,PE,SENSEX2640970700PE,730.10,823.90,316.85,353.90,340.95,422.25,73319.55,353.90,1700,1100,11280,803336497.00,357,F1,20,,,,,
2026-04-02,2026-04-02,FO,BSE,IDO,878829,,SENSEX,,2026-04-02,2026-04-02,70700.00,PE,SENSEX2640270700PE,22.45,36.80,0.05,73319.55,0.05,22.40,73319.55,73319.55,566740,376140,71226120,5036578840108.00,500949,F1,20,,,,,
2026-04-02,2026-04-02,FO,BSE,IDO,879310,,SENSEX,,2026-04-02,2026-04-02,70600.00,PE,SENSEX2640270600PE,20.55,28.75,0.05,73319.55,0.10,19.60,73319.55,73319.55,512760,362500,52279420,3691414534990.00,392455,F1,20,,,,,
2026-04-02,2026-04-02,FO,BSE,IDO,879874,,SENSEX,,2026-04-09,2026-04-09,70200.00,CE,SENSEX2640970200CE,2216.20,2887.45,2107.60,2353.55,2353.55,3337.85,73319.55,3277.65,60,60,220,15936369.00,11,F1,20,,,,,
2026-04-02,2026-04-02,FO,BSE,IDO,880091,,SENSEX,,2026-04-09,2026-04-09,70600.00,CE,SENSEX2640970600CE,1943.25,3918.65,1856.30,3918.65,3918.65,3019.15,73319.55,2917.35,60,60,120,8752580.00,6,F1,20,,,,,
2026-04-02,2026-04-02,FO,BSE,IDO,880231,,SENSEX,,2026-04-09,2026-04-09,70200.00,PE,SENSEX2640970200PE,622.75,658.10,270.00,287.40,284.30,318.95,73319.55,287.40,3640,3480,21420,1511888930.00,542,F1,20,,,,,
2026-04-02,2026-04-02,FO,BSE,IDO,880485,,SENSEX,,2026-04-09,2026-04-09,70600.00,PE,SENSEX2640970600PE,682.50,788.60,310.60,349.30,310.60,399.80,73319.55,349.30,4480,3600,16660,1184715879.00,515,F1,20,,,,,
2026-04-02,2026-04-02,FO,BSE,IDO,882857,,SENSEX,,2026-04-09,2026-04-09,68300.00,PE,SENSEX2640968300PE,135.00,253.00,105.70,121.85,125.55,111.70,73319.55,121.85,7640,2800,45940,3144840647.00,1145,F1,20,,,,,
2026-04-02,2026-04-02,FO,BSE,IDO,882874,,SENSEX,,2026-04-02,2026-04-02,68200.00,PE,SENSEX2640268200PE,1.85,2.95,0.05,73319.55,0.05,2.75,73319.55,73319.55,57760,36260,1869700,127515672397.00,15425,F1,20,,,,,
2026-04-02,2026-04-02,FO,BSE,IDO,883066,,SENSEX,,2026-04-02,2026-04-02,68600.00,PE,SENSEX2640268600PE,3.85,3.85,0.05,73319.55,0.05,3.05,73319.55,73319.55,200820,144540,3382600,232051089314.00,25317,F1,20,,,,,
2026-04-02,2026-04-02,FO,BSE,IDO,883762,,SENSEX,,2026-04-02,2026-04-02,67500.00,PE,SENSEX2640267500PE,1.90,3.00,0.05,73319.55,0.05,2.30,73319.55,73319.55,128880,-79060,3961820,267426605598.00,20729,F1,20,,,,,
2026-04-02,2026-04-02,FO,BSE,IDO,884722,,SENSEX,,2026-04-02,2026-04-02,66600.00,PE,SENSEX2640266600PE,2.00,2.00,0.05,73319.55,0.05,2.00,73319.55,73319.55,7880,-3620,55280,3681694127.00,856,F1,20,,,,,
2026-04-02,2026-04-02,FO,BSE,IDO,884973,,SENSEX,,2026-04-02,2026-04-02,66500.00,PE,SENSEX2640266500PE,2.50,2.50,0.05,73319.55,0.05,1.95,73319.55,73319.55,90820,-131540,2353360,156499735585.00,8411,F1,20,,,,,
2026-04-02,2026-04-02,FO,BSE,IDO,885235,,SENSEX,,2026-04-02,2026-04-02,66200.00,PE,SENSEX2640266200PE,1.60,1.60,0.05,73319.55,0.15,2.05,73319.55,73319.55,2560,-3580,15140,1002279125.00,363,F1,20,,,,,
2026-04-02,2026-04-02,FO,BSE,IDO,885908,,SENSEX,,2026-04-02,2026-04-02,65200.00,PE,SENSEX2640265200PE,1.15,4.90,0.05,73319.55,0.05,1.55,73319.55,73319.55,20480,-48080,799060,52099044910.00,3980,F1,20,,,,,
2026-04-02,2026-04-02,FO,BSE,IDO,1119140,,SENSEX,,2026-04-02,2026-04-02,65000.00,PE,SENSEX2640265000PE,1.80,2.50,0.05,73319.55,0.05,0.05,73319.55,73319.55,38560,38560,527200,34268245015.00,4115,F1,20,,,,,
2026-04-02,2026-04-02,FO,BSE,IDO,863890,,SENSEX,,2026-04-02,2026-04-02,84500.00,CE,SENSEX2640284500CE,3.30,4.75,0.05,73319.55,0.10,0.45,73319.55,73319.55,1620,-4160,11800,997109328.00,195,F1,20,,,,,
2026-04-02,2026-04-02,FO,BSE,IDO,863907,,SENSEX,,2026-04-02,2026-04-02,78500.00,PE,SENSEX2640278500PE,6900.00,6950.00,5146.70,73319.55,5181.10,5290.15,73319.55,73319.55,640,-660,1120,94175507.00,39,F1,20,,,,,
2026-04-02,2026-04-02,FO,BSE,IDO,863935,,SENSEX,,2026-04-02,2026-04-02,78400.00,CE,SENSEX2640278400CE,1.40,1.45,0.05,73319.55,0.05,1.60,73319.55,73319.55,18640,-28500,89560,7021556313.00,1163,F1,20,,,,,
2026-04-02,2026-04-02,FO,BSE,IDO,863996,,SENSEX,,2026-04-02,2026-04-02,76300.00,CE,SENSEX2640276300CE,5.00,5.00,0.05,73319.55,0.05,11.85,73319.55,73319.55,131560,-170120,2354840,179675990419.00,13403,F1,20,,,,,
2026-04-02,2026-04-02,FO,BSE,IDO,864005,,SENSEX,,2026-04-02,2026-04-02,86300.00,CE,SENSEX2640286300CE,0.90,1.05,0.55,73319.55,0.60,0.45,73319.55,73319.55,2140,940,1820,157067553.00,17,F1,20,,,,,
2026-04-02,2026-04-02,FO,BSE,IDO,864042,,SENSEX,,2026-04-02,2026-04-02,82000.00,PE,SENSEX2640282000PE,10300.00,10450.00,8623.15,73319.55,8693.30,8800.55,73319.55,73319.55,600,-15860,16480,1517895926.00,312,F1,20,,,,,
2026-04-02,2026-04-02,FO,BSE,IDO,864055,,SENSEX,,2026-04-02,2026-04-02,89600.00,CE,SENSEX2640289600CE,0.90,0.90,0.25,73319.55,0.40,0.55,73319.55,73319.55,420,40,340,30464126.00,4,F1,20,,,,,
2026-04-02,2026-04-02,FO,BSE,IDO,864115,,SENSEX,,2026-04-02,2026-04-02,74500.00,PE,SENSEX2640274500PE,2425.70,2948.30,1096.15,73319.55,1177.60,1424.35,73319.55,73319.55,65940,-55400,169440,13006757590.00,3725,F1,20,,,,,
2026-04-02,2026-04-02,FO,BSE,IDO,864120,,SENSEX,,2026-04-02,2026-04-02,77500.00,CE,SENSEX2640277500CE,0.75,1.90,0.05,73319.55,0.05,2.45,73319.55,73319.55,381380,-681080,6104100,473071400867.00,21583,F1,20,,,,,
2026-04-02,2026-04-02,FO,BSE,IDO,864125,,SENSEX,,2026-04-02,2026-04-02,84500.00,PE,SENSEX2640284500PE,12310.00,12310.00,11240.00,73319.55,11250.00,11352.95,73319.55,73319.55,380,-260,660,63459262.00,16,F1,20,,,,,
2026-04-02,2026-04-02,FO,BSE,IDO,864145,,SENSEX,,2026-04-02,2026-04-02,83800.00,CE,SENSEX2640283800CE,0.90,1.70,0.05,73319.55,0.20,0.75,73319.55,73319.55,2480,-1480,7500,628503583.00,118,F1,20,,,,,
2026-04-02,2026-04-02,FO,BSE,IDO,864160,,SENSEX,,2026-04-02,2026-04-02,88100.00,CE,SENSEX2640288100CE,0.40,2.80,0.05,73319.55,0.05,0.55,73319.55,73319.55,1080,-3160,8680,764713052.00,109,F1,20,,,,,
2026-04-02,2026-04-02,FO,BSE,IDO,864187,,SENSEX,,2026-04-02,2026-04-02,79100.00,CE,SENSEX2640279100CE,1.45,1.70,0.05,73319.55,0.35,1.40,73319.55,73319.55,4960,-2160,16400,1297250463.00,381,F1,20,,,,,
2026-04-02,2026-04-02,FO,BSE,IDO,864250,,SENSEX,,2026-04-02,2026-04-02,77000.00,CE,SENSEX2640277000CE,2.25,2.25,0.05,73319.55,0.05,4.80,73319.55,73319.55,575400,-1153980,10720000,825446939622.00,47547,F1,20,,,,,
2026-04-02,2026-04-02,FO,BSE,IDO,864257,,SENSEX,,2026-04-02,2026-04-02,75600.00,CE,SENSEX2640275600CE,22.45,22.45,0.05,73319.55,0.05,30.05,73319.55,73319.55,404440,-71640,4646660,351292302691.00,30495,F1,20,,,,,
2026-04-02,2026-04-02,FO,BSE,IDO,864326,,SENSEX,,2026-04-02,2026-04-02,75800.00,CE,SENSEX2640275800CE,13.85,13.85,0.05,73319.55,0.05,22.50,73319.55,73319.55,165460,-116220,2974080,225438469830.00,20405,F1,20,,,,,
2026-04-02,2026-04-02,FO,BSE,IDO,864336,,SENSEX,,2026-04-02,2026-04-02,83500.00,CE,SENSEX2640283500CE,0.70,0.90,0.05,73319.55,0.05,0.70,73319.55,73319.55,9280,-1620,18740,1564796105.00,234,F1,20,,,,,
2026-04-02,2026-04-02,FO,BSE,IDO,864460,,SENSEX,,2026-04-02,2026-04-02,85300.00,CE,SENSEX2640285300CE,0.70,1.80,0.05,73319.55,0.05,0.55,73319.55,73319.55,5620,4320,21840,1862965984.00,194,F1,20,,,,,
2026-04-02,2026-04-02,FO,BSE,IDO,864463,,SENSEX,,2026-04-02,2026-04-02,89900.00,CE,SENSEX2640289900CE,0.85,1.45,0.10,73319.55,0.10,0.45,73319.55,73319.55,180,40,1040,93496593.00,14,F1,20,,,,,
2026-04-02,2026-04-02,FO,BSE,IDO,864530,,SENSEX,,2026-04-02,2026-04-02,87800.00,CE,SENSEX2640287800CE,0.55,0.55,0.05,73319.55,0.15,0.65,73319.55,73319.55,320,-100,300,26340111.00,9,F1,20,,,,,
2026-04-02,2026-04-02,FO,BSE,IDO,864533,,SENSEX,,2026-04-02,2026-04-02,81800.00,CE,SENSEX2640281800CE,1.25,1.25,0.30,73319.55,0.70,1.00,73319.55,73319.55,1300,-320,5580,456447942.00,139,F1,20,,,,,
2026-04-02,2026-04-02,FO,BSE,IDO,864582,,SENSEX,,2026-04-02,2026-04-02,76800.00,PE,SENSEX2640276800PE,5668.25,5668.25,3449.65,73319.55,3449.70,3547.85,73319.55,73319.55,3340,-80,580,46746008.00,20,F1,20,,,,,
2026-04-02,2026-04-02,FO,BSE,IDO,864603,,SENSEX,,2026-04-02,2026-04-02,75100.00,PE,SENSEX2640275100PE,3400.00,3472.45,1733.95,73319.55,1737.95,1944.35,73319.55,73319.55,8200,-480,3120,241495219.00,120,F1,20,,,,,
2026-04-02,2026-04-02,FO,BSE,IDO,864642,,SENSEX,,2026-04-02,2026-04-02,87300.00,CE,SENSEX2640287300CE,0.40,0.45,0.40,73319.55,0.45,0.40,73319.55,73319.55,1300,180,820,71586352.00,9,F1,20,,,,,
2026-04-02,2026-04-02,FO,BSE,IDO,864694,,SENSEX,,2026-04-02,2026-04-02,82300.00,CE,SENSEX2640282300CE,0.85,1.30,0.05,73319.55,0.45,1.05,73319.55,73319.55,7020,1600,7380,607377695.00,76,F1,20,,,,,
2026-04-02,2026-04-02,FO,BSE,IDO,864696,,SENSEX,,2026-04-02,2026-04-02,86900.00,CE,SENSEX2640286900CE,0.65,1.10,0.10,73319.55,0.10,0.40,73319.55,73319.55,400,-1900,3200,278081901.00,32,F1,20,,,,,
2026-04-02,2026-04-02,FO,BSE,IDO,864762,,SENSEX,,2026-04-02,2026-04-02,92500.00,CE,SENSEX2640292500CE,1.10,1.70,0.05,73319.55,0.05,0.40,73319.55,73319.55,5960,4600,15100,1396759536.00,66,F1,20,,,,,
2026-04-02,2026-04-02,FO,BSE,IDO,864783,,SENSEX,,2026-04-02,2026-04-02,93100.00,CE,SENSEX2640293100CE,1.20,1.30,0.05,73319.55,0.10,0.45,73319.55,73319.55,31660,19120,74960,6978791383.00,302,F1,20,,,,,
2026-04-02,2026-04-02,FO,BSE,IDO,864810,,SENSEX,,2026-04-02,2026-04-02,86400.00,CE,SENSEX2640286400CE,0.40,0.85,0.05,73319.55,0.05,0.70,73319.55,73319.55,240,-500,1220,105408504.00,14,F1,20,,,,,
2026-04-02,2026-04-02,FO,BSE,IDO,864828,,SENSEX,,2026-04-02,2026-04-02,74400.00,PE,SENSEX2640274400PE,2800.00,2841.35,993.45,73319.55,1080.00,1324.75,73319.55,73319.55,29380,-18080,45740,3480026418.00,1354,F1,20,,,,,
2026-04-02,2026-04-02,FO,BSE,IDO,864976,,SENSEX,,2026-04-02,2026-04-02,73900.00,PE,SENSEX2640273900PE,1650.00,2351.05,493.20,73319.55,579.60,924.50,73319.55,73319.55,98420,-27800,434100,32457147144.00,8787,F1,20,,,,,
2026-04-02,2026-04-02,FO,BSE,IDO,865013,,SENSEX,,2026-04-02,2026-04-02,73400.00,PE,SENSEX2640273400PE,1050.00,2000.00,15.40,73319.55,80.45,580.60,73319.55,73319.55,1398900,1232860,106419780,7819919809086.00,1540674,F1,20,,,,,
2026-04-02,2026-04-02,FO,BSE,IDO,865027,,SENSEX,,2026-04-02,2026-04-02,73600.00,PE,SENSEX2640273600PE,1409.95,2051.60,193.50,73319.55,280.20,713.25,73319.55,73319.55,131160,-54460,6772940,501388806459.00,125040,F1,20,,,,,
2026-04-02,2026-04-02,FO,BSE,IDO,865108,,SENSEX,,2026-04-02,2026-04-02,73400.00,CE,SENSEX2640273400CE,209.90,209.90,0.05,73319.55,0.05,380.20,73319.55,73319.55,3715740,3550880,509066580,37372690667449.00,3803618,F1,20,,,,,
2026-04-02,2026-04-02,FO,BSE,IDO,866259,,SENSEX,,2026-04-09,2026-04-09,81000.00,PE,SENSEX2640981000PE,7650.00,7770.00,7400.00,7551.00,7710.00,7600.00,73319.55,7551.00,1980,1920,1920,170148993.00,43,F1,20,,,,,
2026-04-02,2026-04-02,FO,BSE,IDO,866315,,SENSEX,,2026-04-09,2026-04-09,83400.00,CE,SENSEX2640983400CE,8.55,8.55,8.55,8.55,8.55,2.40,73319.55,8.55,40,40,40,3336342.00,1,F1,20,,,,,
2026-04-02,2026-04-02,FO,BSE,IDO,866358,,SENSEX,,2026-04-09,2026-04-09,83000.00,PE,SENSEX2640983000PE,11100.00,11150.00,9333.00,9415.50,9689.20,9400.00,73319.55,9415.50,9900,9300,10000,934471089.00,102,F1,20,,,,,
2026-04-02,2026-04-02,FO,BSE,IDO,866369,,SENSEX,,2026-04-09,2026-04-09,80000.00,CE,SENSEX2640980000CE,12.25,25.00,8.10,12.75,16.00,16.65,73319.55,12.75,218360,120060,551060,44090923115.00,6591,F1,20,,,,,
2026-04-02,2026-04-02,FO,BSE,IDO,866376,,SENSEX,,2026-04-09,2026-04-09,80900.00,CE,SENSEX2640980900CE,10.00,11.70,4.70,10.75,10.75,18.65,73319.55,0.75,80,80,1380,111652562.00,25,F1,20,,,,,
2026-04-02,2026-04-02,FO,BSE,IDO,866405,,SENSEX,,2026-04-09,2026-04-09,82500.00,CE,SENSEX2640982500CE,7.55,7.80,3.65,6.80,7.80,7.40,73319.55,6.80,3160,80,4260,351476948.00,68,F1,20,,,,,
2026-04-02,2026-04-02,FO,BSE,IDO,866408,,SENSEX,,2026-04-09,2026-04-09,90200.00,CE,SENSEX2640990200CE,6.40,6.40,0.90,0.90,0.90,0.05,73319.55,0.90,800,660,2080,187624777.00,10,F1,20,,,,,
2026-04-02,2026-04-02,FO,BSE,IDO,866473,,SENSEX,,2026-04-09,2026-04-09,76000.00,PE,SENSEX2640976000PE,4259.00,4375.00,2700.00,2850.00,2880.00,2927.70,73319.55,2850.00,26640,3540,6940,551788394.00,150,F1,20,,,,,
2026-04-02,2026-04-02,FO,BSE,IDO,866485,,SENSEX,,2026-04-09,2026-04-09,80000.00,PE,SENSEX2640980000PE,8230.00,8250.00,6460.00,6645.10,6750.00,6613.70,73319.55,6645.10,11320,10680,14020,1224259403.00,345,F1,20,,,,,
2026-04-02,2026-04-02,FO,BSE,IDO,866518,,SENSEX,,2026-04-09,2026-04-09,78500.00,PE,SENSEX2640978500PE,6300.00,6704.30,4950.00,5098.95,5241.50,5369.20,73319.55,5098.95,580,580,980,82111220.00,19,F1,20,,,,,
2026-04-02,2026-04-02,FO,BSE,IDO,866527,,SENSEX,,2026-04-09,2026-04-09,75500.00,CE,SENSEX2640975500CE,255.00,322.25,110.65,238.80,225.50,389.30,73319.55,238.80,66040,45320,447240,33855369273.00,13998,F1,20,,,,,
2026-04-02,2026-04-02,FO,BSE,IDO,866559,,SENSEX,,2026-04-09,2026-04-09,73400.00,CE,SENSEX2640973400CE,699.45,1159.55,458.45,1057.90,960.45,1159.90,73319.55,1057.90,15000,12080,77140,5733899771.00,2488,F1,20,,,,,
2026-04-02,2026-04-02,FO,BSE,IDO,866598,,SENSEX,,2026-04-09,2026-04-09,73600.00,CE,SENSEX2640973600CE,726.95,1037.90,398.00,898.30,875.00,1070.55,73319.55,898.30,18180,15080,80700,5996951845.00,2337,F1,20,,,,,
2026-04-02,2026-04-02,FO,BSE,IDO,866616,,SENSEX,,2026-04-09,2026-04-09,73900.00,PE,SENSEX2640973900PE,2295.00,2430.75,1270.00,1364.15,1320.25,1495.70,73319.55,1364.15,7380,4460,10240,772203859.00,316,F1,20,,,,,
2026-04-02,2026-04-02,FO,BSE,IDO,866635,,SENSEX,,2026-04-09,2026-04-09,77500.00,CE,SENSEX2640977500CE,82.15,82.20,30.00,46.65,43.05,96.80,73319.55,46.65,39960,19780,343440,26631580279.00,7968,F1,20,,,,,
2026-04-02,2026-04-02,FO,BSE,IDO,866640,,SENSEX,,2026-04-09,2026-04-09,73800.00,CE,SENSEX2640973800CE,642.15,939.95,354.70,795.60,808.65,973.30,73319.55,795.60,27400,21780,108680,8090223842.00,2997,F1,20,,,,,
2026-04-02,2026-04-02,FO,BSE,IDO,868697,,SENSEX,,2026-04-16,2026-04-16,86300.00,CE,SENSEX2641686300CE,5.55,5.60,5.55,5.60,5.60,7.35,73319.55,5.60,20,20,760,65592237.00,7,F1,20,,,,,
2026-04-02,2026-04-02,FO,BSE,IDO,869477,,SENSEX,,2026-04-16,2026-04-16,91100.00,CE,SENSEX2641691100CE,4.50,5.70,4.50,4.70,4.70,0.35,73319.55,0.05,120,120,840,76528236.00,7,F1,20,,,,,
2026-04-02,2026-04-02,FO,BSE,IDO,869682,,SENSEX,,2026-04-16,2026-04-16,84400.00,CE,SENSEX2641684400CE,21.25,21.25,21.25,21.25,21.25,21.25,73319.55,21.25,20,20,20,1688425.00,1,F1,20,,,,,
2026-04-02,2026-04-02,FO,BSE,IDO,871522,,SENSEX,,2026-04-16,2026-04-16,88000.00,CE,SENSEX2641688000CE,5.50,5.55,5.05,5.30,5.30,2.65,73319.55,0.05,20,20,1480,130247993.00,13,F1,20,,,,,
2026-04-02,2026-04-02,FO,BSE,IDO,872499,,SENSEX,,2026-04-16,2026-04-16,86100.00,CE,SENSEX2641686100CE,5.55,5.55,5.50,5.50,5.50,8.25,73319.55,0.20,0,0,720,61995978.00,6,F1,20,,,,,
2026-04-02,2026-04-02,FO,BSE,IDO,873761,,SENSEX,,2026-04-16,2026-04-16,85200.00,CE,SENSEX2641685200CE,5.55,6.60,4.70,4.70,4.70,13.70,73319.55,4.70,20,20,1480,126104672.00,16,F1,20,,,,,
2026-04-02,2026-04-02,FO,BSE,IDO,874707,,SENSEX,,2026-04-16,2026-04-16,85600.00,CE,SENSEX2641685600CE,5.55,6.50,5.55,5.90,5.90,10.95,73319.55,0.30,0,0,1440,123272460.00,12,F1,20,,,,,
2026-04-02,2026-04-02,FO,BSE,IDO,875125,,SENSEX,,2026-04-16,2026-04-16,87200.00,CE,SENSEX2641687200CE,4.05,5.75,4.05,5.00,5.00,4.30,73319.55,0.05,120,120,2040,177897948.00,17,F1,20,,,,,
2026-04-02,2026-04-02,FO,BSE,IDO,875179,,SENSEX,,2026-04-16,2026-04-16,85800.00,CE,SENSEX2641685800CE,5.55,6.00,5.55,6.00,6.00,9.80,73319.55,0.25,20,20,740,63496269.00,6,F1,20,,,,,
2026-04-02,2026-04-02,FO,BSE,IDO,875586,,SENSEX,,2026-04-16,2026-04-16,85100.00,CE,SENSEX2641685100CE,5.55,6.50,5.55,6.50,6.50,14.50,73319.55,0.50,80,80,800,68084858.00,7,F1,20,,,,,
2026-04-02,2026-04-02,FO,BSE,IDO,875902,,SENSEX,,2026-04-16,2026-04-16,84700.00,CE,SENSEX2641684700CE,6.55,6.55,6.50,6.50,6.50,18.05,73319.55,0.75,20,20,760,64376958.00,8,F1,20,,,,,
2026-04-02,2026-04-02,FO,BSE,IDO,875983,,SENSEX,,2026-04-16,2026-04-16,73000.00,CE,SENSEX2641673000CE,1892.45,1892.45,1000.00,1717.70,1680.00,1761.10,73319.55,1717.70,940,860,1400,104040979.00,59,F1,20,,,,,
2026-04-02,2026-04-02,FO,BSE,IDO,877065,,SENSEX,,2026-04-02,2026-04-02,72600.00,CE,SENSEX2640272600CE,290.05,810.50,8.05,73319.55,718.80,835.80,73319.55,73319.55,351580,314160,192447900,13990057108273.00,2445852,F1,20,,,,,
2026-04-02,2026-04-02,FO,BSE,IDO,877146,,SENSEX,,2026-04-09,2026-04-09,72600.00,CE,SENSEX2640972600CE,975.90,1652.55,727.20,1508.60,1466.00,1620.40,73319.55,1508.60,9960,7140,66240,4894274565.00,1841,F1,20,,,,,
2026-04-02,2026-04-02,FO,BSE,IDO,877173,,SENSEX,,2026-04-02,2026-04-02,72400.00,PE,SENSEX2640272400PE,350.00,880.00,0.05,73319.55,0.05,190.90,73319.55,73319.55,967520,787220,121615300,8813124053067.00,1557009,F1,20,,,,,
2026-04-02,2026-04-02,FO,BSE,IDO,877430,,SENSEX,,2026-04-09,2026-04-09,72100.00,PE,SENSEX2640972100PE,988.40,1429.95,603.80,665.05,616.40,715.35,73319.55,665.05,21600,18360,100700,7360292726.00,3257,F1,20,,,,,
2026-04-02,2026-04-02,FO,BSE,IDO,877574,,SENSEX,,2026-04-02,2026-04-02,72600.00,PE,SENSEX2640272600PE,747.95,1070.00,0.05,73319.55,0.05,242.85,73319.55,73319.55,1070700,884280,166399400,12090876023238.00,1965188,F1,20,,,,,
2026-04-02,2026-04-02,FO,BSE,IDO,877843,,SENSEX,,2026-04-30,2026-04-30,71100.00,PE,SENSEX26APR71100PE,1321.15,1321.15,1277.45,1277.45,1277.45,1145.50,73319.55,840.45,160,60,60,4343609.00,3,F1,20,,,,,
2026-04-02,2026-04-02,FO,BSE,IDO,878025,,SENSEX,,2026-04-09,2026-04-09,71600.00,CE,SENSEX2640971600CE,2070.90,2387.00,1186.25,2219.40,2261.00,2260.00,73319.55,2219.40,14460,12860,170460,12437758887.00,4431,F1,20,,,,,
2026-04-02,2026-04-02,FO,BSE,IDO,878055,,SENSEX,,2026-04-09,2026-04-09,71000.00,PE,SENSEX2640971000PE,576.90,932.45,376.30,413.05,398.40,427.15,73319.55,413.05,128100,90560,796860,57076584136.00,21557,F1,20,,,,,
2026-04-02,2026-04-02,FO,BSE,IDO,878101,,SENSEX,,2026-04-30,2026-04-30,71000.00,PE,SENSEX26APR71000PE,1601.25,1800.00,1165.85,1201.75,1167.75,1158.15,73319.55,1201.75,4200,2120,7500,544402443.00,285,F1,20,,,,,
2026-04-02,2026-04-02,FO,BSE,IDO,878202,,SENSEX,,2026-04-09,2026-04-09,70700.00,CE,SENSEX2640970700CE,1876.65,3814.10,1797.85,3814.10,3814.10,2941.75,73319.55,2829.30,60,60,140,10211749.00,7,F1,20,,,,,
2026-04-02,2026-04-02,FO,BSE,IDO,878383,,SENSEX,,2026-04-02,2026-04-02,71600.00,CE,SENSEX2640271600CE,610.25,1812.50,180.00,73319.55,1712.95,1651.65,73319.55,73319.55,749520,727880,64128580,4610788876300.00,1249640,F1,20,,,,,
2026-04-02,2026-04-02,FO,BSE,IDO,878493,,SENSEX,,2026-04-30,2026-04-30,70700.00,PE,SENSEX26APR70700PE,1545.60,1545.60,1545.60,1545.60,1545.60,1113.45,73319.55,725.95,160,20,20,1444912.00,1,F1,20,,,,,
2026-04-02,2026-04-02,FO,BSE,IDO,878939,,SENSEX,,2026-04-09,2026-04-09,70100.00,PE,SENSEX2640970100PE,535.90,620.00,254.75,285.10,259.10,300.85,73319.55,285.10,5260,4980,43460,3063156233.00,926,F1,20,,,,,
2026-04-02,2026-04-02,FO,BSE,IDO,878956,,SENSEX,,2026-04-02,2026-04-02,69900.00,CE,SENSEX2640269900CE,1829.90,3205.55,1663.00,73319.55,3180.00,3245.75,73319.55,73319.55,180,-20,420,30287862.00,20,F1,20,,,,,
2026-04-02,2026-04-02,FO,BSE,IDO,879343,,SENSEX,,2026-04-02,2026-04-02,69900.00,PE,SENSEX2640269900PE,6.70,7.40,0.05,73319.55,0.05,8.50,73319.55,73319.55,414820,312940,16294020,1138993823597.00,126875,F1,20,,,,,
2026-04-02,2026-04-02,FO,BSE,IDO,880363,,SENSEX,,2026-04-02,2026-04-02,70300.00,PE,SENSEX2640270300PE,10.50,13.55,0.05,73319.55,0.05,13.40,73319.55,73319.55,368840,160720,31139800,2189270468595.00,249277,F1,20,,,,,
2026-04-02,2026-04-02,FO,BSE,IDO,881260,,SENSEX,,2026-04-02,2026-04-02,69500.00,PE,SENSEX2640269500PE,3.60,3.90,0.05,73319.55,0.05,5.55,73319.55,73319.55,1673980,860500,50543340,3512864785652.00,316192,F1,20,,,,,
2026-04-02,2026-04-02,FO,BSE,IDO,882188,,SENSEX,,2026-04-09,2026-04-09,69300.00,PE,SENSEX2640969300PE,290.80,290.80,183.25,197.25,192.55,183.25,73319.55,197.25,1440,1280,2920,202972878.00,75,F1,20,,,,,
2026-04-02,2026-04-02,FO,BSE,IDO,883223,,SENSEX,,2026-04-02,2026-04-02,68100.00,PE,SENSEX2640268100PE,1.95,11.15,0.05,73319.55,0.05,2.80,73319.55,73319.55,87500,68180,1731980,117949662334.00,13872,F1,20,,,,,
2026-04-02,2026-04-02,FO,BSE,IDO,884633,,SENSEX,,2026-04-09,2026-04-09,66500.00,PE,SENSEX2640966500PE,42.55,55.70,42.55,52.80,53.35,31.15,73319.55,52.80,3120,2700,5400,359385213.00,213,F1,20,,,,,
2026-04-02,2026-04-02,FO,BSE,IDO,884840,,SENSEX,,2026-04-30,2026-04-30,67000.00,PE,SENSEX26APR67000PE,601.00,610.00,600.00,605.00,605.00,459.30,73319.55,136.25,1120,1120,1120,75718320.00,9,F1,20,,,,,
2026-04-02,2026-04-02,FO,BSE,IDO,885459,,SENSEX,,2026-04-09,2026-04-09,65400.00,PE,SENSEX2640965400PE,32.00,55.35,31.20,32.35,32.05,22.05,73319.55,32.35,13940,13880,36280,2374196253.00,693,F1,20,,,,,
2026-04-02,2026-04-02,FO,BSE,IDO,1119525,,SENSEX,,2026-04-09,2026-04-09,64900.00,PE,SENSEX2640964900PE,20.05,40.00,20.05,30.85,30.50,4.20,73319.55,30.85,48660,48660,88260,5731026019.00,660,F1,20,,,,,
2026-04-02,2026-04-02,FO,BSE,IDO,1120870,,SENSEX,,2026-04-02,2026-04-02,64900.00,PE,SENSEX2640264900PE,0.75,1.00,0.05,73319.55,0.05,0.05,73319.55,73319.55,57740,57740,883380,57331795244.00,4200,F1,20,,,,,
2026-04-02,2026-04-02,FO,BSE,IDO,866203,,SENSEX,,2026-04-09,2026-04-09,77400.00,CE,SENSEX2640977400CE,150.00,150.00,33.85,51.05,46.20,176.60,73319.55,51.05,4960,4540,15780,1222224969.00,423,F1,20,,,,,
2026-04-02,2026-04-02,FO,BSE,IDO,866235,,SENSEX,,2026-04-09,2026-04-09,79000.00,CE,SENSEX2640979000CE,21.10,25.65,12.35,18.45,19.55,32.45,73319.55,18.45,108580,69120,392500,31014317445.00,7003,F1,20,,,,,
2026-04-02,2026-04-02,FO,BSE,IDO,866242,,SENSEX,,2026-04-09,2026-04-09,83000.00,CE,SENSEX2640983000CE,7.00,8.00,2.80,6.10,8.00,5.80,73319.55,6.10,6180,4440,8300,688945184.00,176,F1,20,,,,,
2026-04-02,2026-04-02,FO,BSE,IDO,866292,,SENSEX,,2026-04-09,2026-04-09,74200.00,CE,SENSEX2640974200CE,703.30,748.00,273.20,607.55,581.00,794.50,73319.55,607.55,14700,12420,87260,6519110422.00,2496,F1,20,,,,,
2026-04-02,2026-04-02,FO,BSE,IDO,866295,,SENSEX,,2026-04-09,2026-04-09,78800.00,CE,SENSEX2640978800CE,81.00,81.00,81.00,81.00,81.00,81.00,73319.55,81.00,20,20,20,1577620.00,1,F1,20,,,,,
2026-04-02,2026-04-02,FO,BSE,IDO,866344,,SENSEX,,2026-04-09,2026-04-09,74700.00,PE,SENSEX2640974700PE,3003.35,3070.20,1900.00,1948.70,1900.00,1996.90,73319.55,1948.70,2560,160,840,64713433.00,37,F1,20,,,,,
2026-04-02,2026-04-02,FO,BSE,IDO,866409,,SENSEX,,2026-04-09,2026-04-09,74200.00,PE,SENSEX2640974200PE,2750.00,2750.00,1430.00,1530.85,1450.00,1630.85,73319.55,1530.85,4860,2540,5900,447461169.00,183,F1,20,,,,,
2026-04-02,2026-04-02,FO,BSE,IDO,866410,,SENSEX,,2026-04-09,2026-04-09,76500.00,PE,SENSEX2640976500PE,4697.75,4896.15,3190.00,3318.05,3408.25,3390.20,73319.55,3318.05,40000,-40,900,72806803.00,28,F1,20,,,,,
2026-04-02,2026-04-02,FO,BSE,IDO,866431,,SENSEX,,2026-04-09,2026-04-09,84100.00,CE,SENSEX2640984100CE,6.30,6.30,6.30,6.30,6.30,1.30,73319.55,6.30,40,20,20,1682126.00,1,F1,20,,,,,
2026-04-02,2026-04-02,FO,BSE,IDO,866460,,SENSEX,,2026-04-09,2026-04-09,78900.00,CE,SENSEX2640978900CE,75.60,75.60,75.60,75.60,75.60,75.90,73319.55,75.60,40,40,40,3159024.00,1,F1,20,,,,,
2026-04-02,2026-04-02,FO,BSE,IDO,866537,,SENSEX,,2026-04-09,2026-04-09,76100.00,CE,SENSEX2640976100CE,158.00,201.10,65.95,146.80,137.55,266.20,73319.55,146.80,6900,5720,30100,2294960873.00,964,F1,20,,,,,
2026-04-02,2026-04-02,FO,BSE,IDO,866574,,SENSEX,,2026-04-09,2026-04-09,84000.00,CE,SENSEX2640984000CE,5.00,5.00,2.65,3.80,4.05,4.95,73319.55,3.80,11740,4160,9540,801396472.00,193,F1,20,,,,,
2026-04-02,2026-04-02,FO,BSE,IDO,866634,,SENSEX,,2026-04-09,2026-04-09,75200.00,CE,SENSEX2640975200CE,283.05,391.85,178.65,304.15,288.15,465.95,73319.55,304.15,6820,3640,36680,2769764982.00,1256,F1,20,,,,,
2026-04-02,2026-04-02,FO,BSE,IDO,867554,,SENSEX,,2026-04-09,2026-04-09,72900.00,PE,SENSEX2640972900PE,1046.15,1880.00,837.05,930.60,858.25,997.65,73319.55,930.60,15840,13580,69780,5161866205.00,2370,F1,20,,,,,
2026-04-02,2026-04-02,FO,BSE,IDO,867574,,SENSEX,,2026-04-09,2026-04-09,72800.00,CE,SENSEX2640972800CE,901.15,1519.85,652.10,1377.10,1350.00,1492.45,73319.55,1377.10,9300,7080,74460,5503705631.00,2206,F1,20,,,,,
2026-04-02,2026-04-02,FO,BSE,IDO,867782,,SENSEX,,2026-04-02,2026-04-02,72800.00,CE,SENSEX2640272800CE,245.05,633.05,5.10,73319.55,519.10,698.40,73319.55,73319.55,343320,297460,245759520,17913190116147.00,2916248,F1,20,,,,,
2026-04-02,2026-04-02,FO,BSE,IDO,867854,,SENSEX,,2026-04-09,2026-04-09,72700.00,PE,SENSEX2640972700PE,1619.95,1779.80,768.80,850.35,812.90,926.75,73319.55,850.35,16960,14460,67380,4971064238.00,1960,F1,20,,,,,
2026-04-02,2026-04-02,FO,BSE,IDO,868701,,SENSEX,,2026-04-16,2026-04-16,88600.00,CE,SENSEX2641688600CE,3.85,5.35,3.85,4.50,4.50,1.80,73319.55,0.05,0,0,2160,191385846.00,19,F1,20,,,,,
2026-04-02,2026-04-02,FO,BSE,IDO,871570,,SENSEX,,2026-04-16,2026-04-16,86600.00,CE,SENSEX2641686600CE,5.55,6.00,5.55,6.00,6.00,6.15,73319.55,0.10,200,200,680,58891882.00,5,F1,20,,,,,
2026-04-02,2026-04-02,FO,BSE,IDO,871859,,SENSEX,,2026-04-16,2026-04-16,87600.00,CE,SENSEX2641687600CE,4.05,5.55,4.05,5.00,5.00,3.40,73319.55,0.05,0,0,2160,189226404.00,19,F1,20,,,,,
2026-04-02,2026-04-02,FO,BSE,IDO,872271,,SENSEX,,2026-04-16,2026-04-16,73200.00,CE,SENSEX2641673200CE,1882.20,1882.20,1882.20,1882.20,1882.20,1882.20,73319.55,1456.45,20,20,20,1501644.00,1,F1,20,,,,,
2026-04-02,2026-04-02,FO,BSE,IDO,872275,,SENSEX,,2026-04-16,2026-04-16,75500.00,CE,SENSEX2641675500CE,990.00,1005.00,990.00,998.70,1005.00,965.40,73319.55,998.70,200,200,200,15299740.00,3,F1,20,,,,,
2026-04-02,2026-04-02,FO,BSE,IDO,874173,,SENSEX,,2026-04-16,2026-04-16,73100.00,CE,SENSEX2641673100CE,1533.95,1533.95,1533.95,1533.95,1533.95,1932.15,73319.55,1509.35,20,20,20,1492679.00,1,F1,20,,,,,
2026-04-02,2026-04-02,FO,BSE,IDO,874249,,SENSEX,,2026-04-16,2026-04-16,87700.00,CE,SENSEX2641687700CE,4.05,5.55,4.05,5.00,5.00,3.20,73319.55,0.05,20,20,2760,242065248.00,26,F1,20,,,,,
2026-04-02,2026-04-02,FO,BSE,IDO,875128,,SENSEX,,2026-04-16,2026-04-16,89500.00,CE,SENSEX2641689500CE,4.50,5.50,4.50,4.80,4.80,1.00,73319.55,0.05,120,120,1560,139627812.00,13,F1,20,,,,,
2026-04-02,2026-04-02,FO,BSE,IDO,875236,,SENSEX,,2026-04-16,2026-04-16,91200.00,CE,SENSEX2641691200CE,4.05,4.70,4.05,4.70,4.70,0.35,73319.55,0.05,0,0,600,54722625.00,6,F1,20,,,,,
2026-04-02,2026-04-02,FO,BSE,IDO,875514,,SENSEX,,2026-04-16,2026-04-16,75100.00,CE,SENSEX2641675100CE,957.00,957.00,500.00,500.00,500.00,1094.25,73319.55,675.10,0,0,100,7580280.00,5,F1,20,,,,,
2026-04-02,2026-04-02,FO,BSE,IDO,875591,,SENSEX,,2026-04-16,2026-04-16,87400.00,CE,SENSEX2641687400CE,4.05,5.55,4.05,5.20,5.20,3.80,73319.55,0.05,0,0,2160,188794494.00,18,F1,20,,,,,
2026-04-02,2026-04-02,FO,BSE,IDO,876225,,SENSEX,,2026-04-16,2026-04-16,73300.00,PE,SENSEX2641673300PE,1833.35,1833.35,1833.35,1833.35,1833.35,1833.35,73319.55,1833.35,20,20,20,1502667.00,1,F1,20,,,,,
2026-04-02,2026-04-02,FO,BSE,IDO,877010,,SENSEX,,2026-04-02,2026-04-02,72400.00,CE,SENSEX2640272400CE,487.80,1010.20,14.60,73319.55,918.30,981.50,73319.55,73319.55,195760,141720,164121800,11898674606237.00,2129759,F1,20,,,,,
2026-04-02,2026-04-02,FO,BSE,IDO,877526,,SENSEX,,2026-04-09,2026-04-09,72500.00,PE,SENSEX2640972500PE,1157.80,1657.80,710.55,779.00,753.70,851.95,73319.55,779.00,75160,47620,519580,38163941987.00,18947,F1,20,,,,,
2026-04-02,2026-04-02,FO,BSE,IDO,877864,,SENSEX,,2026-04-09,2026-04-09,71300.00,PE,SENSEX2640971300PE,681.25,1051.05,425.15,472.65,439.10,499.70,73319.55,472.65,7000,6240,36000,2593241961.00,1185,F1,20,,,,,
2026-04-02,2026-04-02,FO,BSE,IDO,878301,,SENSEX,,2026-04-02,2026-04-02,71400.00,CE,SENSEX2640271400CE,1121.40,2004.60,293.25,73319.55,1921.10,1838.75,73319.55,73319.55,101840,87100,10132860,727801240164.00,227177,F1,20,,,,,
2026-04-02,2026-04-02,FO,BSE,IDO,878555,,SENSEX,,2026-04-02,2026-04-02,71400.00,PE,SENSEX2640271400PE,60.00,199.50,0.05,73319.55,0.05,54.95,73319.55,73319.55,633820,423680,132939740,9501055230758.00,1480280,F1,20,,,,,
2026-04-02,2026-04-02,FO,BSE,IDO,863998,,SENSEX,,2026-04-02,2026-04-02,79700.00,PE,SENSEX2640279700PE,6500.00,6500.00,6310.00,73319.55,6310.00,5860.90,73319.55,73319.55,60,0,60,5164400.00,2,F1,20,,,,,
2026-04-02,2026-04-02,FO,BSE,IDO,864006,,SENSEX,,2026-04-02,2026-04-02,88600.00,CE,SENSEX2640288600CE,0.50,0.85,0.10,73319.55,0.10,0.55,73319.55,73319.55,640,-560,1980,175428686.00,33,F1,20,,,,,
2026-04-02,2026-04-02,FO,BSE,IDO,864008,,SENSEX,,2026-04-02,2026-04-02,80300.00,CE,SENSEX2640280300CE,1.20,1.25,0.05,73319.55,0.05,1.15,73319.55,73319.55,2960,-4820,14080,1130630629.00,242,F1,20,,,,,
2026-04-02,2026-04-02,FO,BSE,IDO,864020,,SENSEX,,2026-04-02,2026-04-02,90300.00,CE,SENSEX2640290300CE,2.15,2.15,0.05,73319.55,0.75,0.25,73319.55,73319.55,1140,940,6080,549029010.00,42,F1,20,,,,,
2026-04-02,2026-04-02,FO,BSE,IDO,864031,,SENSEX,,2026-04-02,2026-04-02,76600.00,PE,SENSEX2640276600PE,4321.00,4990.85,4321.00,73319.55,4990.85,3387.85,73319.55,73319.55,4340,0,360,29358020.00,8,F1,20,,,,,
2026-04-02,2026-04-02,FO,BSE,IDO,864039,,SENSEX,,2026-04-02,2026-04-02,79600.00,CE,SENSEX2640279600CE,3.35,3.35,0.05,73319.55,0.50,1.20,73319.55,73319.55,9840,-4500,32720,2604535317.00,601,F1,20,,,,,
2026-04-02,2026-04-02,FO,BSE,IDO,864050,,SENSEX,,2026-04-02,2026-04-02,75900.00,CE,SENSEX2640275900CE,14.80,14.80,0.05,73319.55,0.05,20.45,73319.55,73319.55,187000,-45200,3282860,249172228675.00,20338,F1,20,,,,,
2026-04-02,2026-04-02,FO,BSE,IDO,864097,,SENSEX,,2026-04-02,2026-04-02,80500.00,CE,SENSEX2640280500CE,0.75,2.45,0.05,73319.55,0.05,0.85,73319.55,73319.55,78540,-22900,1510500,121595896512.00,4531,F1,20,,,,,
2026-04-02,2026-04-02,FO,BSE,IDO,864196,,SENSEX,,2026-04-02,2026-04-02,77700.00,CE,SENSEX2640277700CE,1.85,1.85,0.05,73319.55,0.05,2.00,73319.55,73319.55,30180,-58640,432640,33616399215.00,3314,F1,20,,,,,
2026-04-02,2026-04-02,FO,BSE,IDO,864224,,SENSEX,,2026-04-02,2026-04-02,91700.00,CE,SENSEX2640291700CE,0.60,1.85,0.05,73319.55,0.10,0.60,73319.55,73319.55,380,-40,580,53186307.00,12,F1,20,,,,,
2026-04-02,2026-04-02,FO,BSE,IDO,864253,,SENSEX,,2026-04-02,2026-04-02,84000.00,PE,SENSEX2640284000PE,12307.55,12372.25,10637.60,73319.55,10771.30,10853.05,73319.55,73319.55,260,-1920,2100,200793816.00,50,F1,20,,,,,
2026-04-02,2026-04-02,FO,BSE,IDO,864267,,SENSEX,,2026-04-02,2026-04-02,81000.00,CE,SENSEX2640281000CE,0.95,2.50,0.05,73319.55,0.05,0.95,73319.55,73319.55,47620,-16880,1601580,129728641244.00,5852,F1,20,,,,,
2026-04-02,2026-04-02,FO,BSE,IDO,864287,,SENSEX,,2026-04-02,2026-04-02,91900.00,CE,SENSEX2640291900CE,0.35,0.45,0.35,73319.55,0.45,0.65,73319.55,73319.55,420,0,720,66168294.00,6,F1,20,,,,,
2026-04-02,2026-04-02,FO,BSE,IDO,864308,,SENSEX,,2026-04-02,2026-04-02,90200.00,CE,SENSEX2640290200CE,0.40,0.45,0.40,73319.55,0.45,0.80,73319.55,73319.55,20,0,480,43296198.00,4,F1,20,,,,,
2026-04-02,2026-04-02,FO,BSE,IDO,864335,,SENSEX,,2026-04-02,2026-04-02,81200.00,CE,SENSEX2640281200CE,1.25,2.70,0.10,73319.55,0.10,1.10,73319.55,73319.55,4980,-2780,20940,1700342644.00,308,F1,20,,,,,
2026-04-02,2026-04-02,FO,BSE,IDO,864349,,SENSEX,,2026-04-02,2026-04-02,91200.00,CE,SENSEX2640291200CE,0.35,0.45,0.20,73319.55,0.20,0.25,73319.55,73319.55,160,-260,1060,96672382.00,8,F1,20,,,,,
2026-04-02,2026-04-02,FO,BSE,IDO,864390,,SENSEX,,2026-04-02,2026-04-02,79700.00,CE,SENSEX2640279700CE,2.75,2.75,0.05,73319.55,0.10,1.10,73319.55,73319.55,9740,-6960,34340,2736919643.00,418,F1,20,,,,,
2026-04-02,2026-04-02,FO,BSE,IDO,864414,,SENSEX,,2026-04-02,2026-04-02,91400.00,CE,SENSEX2640291400CE,1.45,1.75,0.35,73319.55,0.50,0.90,73319.55,73319.55,1340,1240,4320,394851279.00,37,F1,20,,,,,
2026-04-02,2026-04-02,FO,BSE,IDO,864473,,SENSEX,,2026-04-02,2026-04-02,77000.00,PE,SENSEX2640277000PE,5726.75,5726.75,3600.00,73319.55,3682.35,3818.15,73319.55,73319.55,16860,-30140,50680,4149556996.00,1213,F1,20,,,,,
2026-04-02,2026-04-02,FO,BSE,IDO,864527,,SENSEX,,2026-04-02,2026-04-02,83200.00,CE,SENSEX2640283200CE,0.80,1.20,0.05,73319.55,0.10,0.80,73319.55,73319.55,240,-20,6920,575746442.00,72,F1,20,,,,,
2026-04-02,2026-04-02,FO,BSE,IDO,864535,,SENSEX,,2026-04-02,2026-04-02,93200.00,CE,SENSEX2640293200CE,0.55,0.90,0.05,73319.55,0.05,0.30,73319.55,73319.55,64200,52660,240460,22410924920.00,1032,F1,20,,,,,
2026-04-02,2026-04-02,FO,BSE,IDO,864673,,SENSEX,,2026-04-02,2026-04-02,78300.00,CE,SENSEX2640278300CE,0.75,1.70,0.05,73319.55,0.05,1.40,73319.55,73319.55,40140,-19960,1155720,90493384331.00,5087,F1,20,,,,,
2026-04-02,2026-04-02,FO,BSE,IDO,864682,,SENSEX,,2026-04-02,2026-04-02,74600.00,CE,SENSEX2640274600CE,47.95,47.95,0.05,73319.55,0.05,96.25,73319.55,73319.55,279000,-7560,18867680,1407563243180.00,119134,F1,20,,,,,
2026-04-02,2026-04-02,FO,BSE,IDO,864688,,SENSEX,,2026-04-02,2026-04-02,86000.00,CE,SENSEX2640286000CE,0.80,0.90,0.05,73319.55,0.05,0.40,73319.55,73319.55,7100,-6660,19340,1663248017.00,292,F1,20,,,,,
2026-04-02,2026-04-02,FO,BSE,IDO,864700,,SENSEX,,2026-04-02,2026-04-02,80900.00,CE,SENSEX2640280900CE,1.20,1.45,0.05,73319.55,0.05,0.95,73319.55,73319.55,8180,-1140,9120,737813814.00,117,F1,20,,,,,
2026-04-02,2026-04-02,FO,BSE,IDO,864796,,SENSEX,,2026-04-02,2026-04-02,76400.00,CE,SENSEX2640276400CE,4.65,4.80,0.05,73319.55,0.05,10.30,73319.55,73319.55,101540,-100500,2103940,160742390439.00,13090,F1,20,,,,,
2026-04-02,2026-04-02,FO,BSE,IDO,864815,,SENSEX,,2026-04-02,2026-04-02,80400.00,CE,SENSEX2640280400CE,2.15,2.15,0.05,73319.55,0.05,1.20,73319.55,73319.55,6920,-11300,26040,2093627340.00,376,F1,20,,,,,
2026-04-02,2026-04-02,FO,BSE,IDO,864988,,SENSEX,,2026-04-02,2026-04-02,73800.00,CE,SENSEX2640273800CE,194.00,194.00,0.05,73319.55,0.05,240.90,73319.55,73319.55,1045620,631240,102545120,7568377379508.00,506516,F1,20,,,,,
2026-04-02,2026-04-02,FO,BSE,IDO,865004,,SENSEX,,2026-04-02,2026-04-02,73100.00,CE,SENSEX2640273100CE,343.80,343.80,3.20,73319.55,219.45,522.60,73319.55,73319.55,812480,508360,342636800,25069879965172.00,4082388,F1,20,,,,,
2026-04-02,2026-04-02,FO,BSE,IDO,865087,,SENSEX,,2026-04-02,2026-04-02,73200.00,CE,SENSEX2640273200CE,449.50,449.50,2.85,73319.55,118.85,471.90,73319.55,73319.55,1070660,822140,454411820,33285808434587.00,5029379,F1,20,,,,,
2026-04-02,2026-04-02,FO,BSE,IDO,865117,,SENSEX,,2026-04-02,2026-04-02,73700.00,PE,SENSEX2640273700PE,1400.00,2150.10,292.70,73319.55,379.30,780.70,73319.55,73319.55,65280,-47540,2974220,220863473034.00,46287,F1,20,,,,,
2026-04-02,2026-04-02,FO,BSE,IDO,866132,,SENSEX,,2026-04-09,2026-04-09,73300.00,CE,SENSEX2640973300CE,750.70,1210.00,655.00,1065.05,1072.65,1214.85,73319.55,1065.05,34860,30360,91840,6828037965.00,2781,F1,20,,,,,
2026-04-02,2026-04-02,FO,BSE,IDO,866167,,SENSEX,,2026-04-09,2026-04-09,77200.00,CE,SENSEX2640977200CE,42.50,76.00,42.50,53.65,55.25,212.90,73319.55,53.65,720,720,2780,214778978.00,93,F1,20,,,,,
2026-04-02,2026-04-02,FO,BSE,IDO,866170,,SENSEX,,2026-04-09,2026-04-09,73500.00,CE,SENSEX2640973500CE,600.05,1099.00,433.80,995.60,910.00,1117.00,73319.55,995.60,218040,181200,855760,63628012185.00,28676,F1,20,,,,,
2026-04-02,2026-04-02,FO,BSE,IDO,878623,,SENSEX,,2026-04-02,2026-04-02,71600.00,PE,SENSEX2640271600PE,84.15,289.95,0.05,73319.55,0.05,70.15,73319.55,73319.55,1352840,1145600,181706120,13030950356585.00,2373070,F1,20,,,,,
2026-04-02,2026-04-02,FO,BSE,IDO,879288,,SENSEX,,2026-04-16,2026-04-16,70300.00,PE,SENSEX2641670300PE,681.95,681.95,681.95,681.95,681.95,681.95,73319.55,681.95,20,20,20,1419639.00,1,F1,20,,,,,
2026-04-02,2026-04-02,FO,BSE,IDO,879363,,SENSEX,,2026-04-02,2026-04-02,70500.00,CE,SENSEX2640270500CE,1614.45,2890.15,1064.90,73319.55,2817.00,2718.35,73319.55,73319.55,5240,4040,132120,9541751256.00,2239,F1,20,,,,,
2026-04-02,2026-04-02,FO,BSE,IDO,880803,,SENSEX,,2026-04-23,2026-04-23,89400.00,CE,SENSEX2642389400CE,23.15,23.15,19.90,20.85,20.85,22.85,73319.55,0.20,80,60,80,7153695.00,3,F1,20,,,,,
2026-04-02,2026-04-02,FO,BSE,IDO,883174,,SENSEX,,2026-04-09,2026-04-09,69000.00,PE,SENSEX2640969000PE,160.65,370.15,159.00,170.65,160.70,150.35,73319.55,170.65,271540,243660,826360,57212793183.00,18210,F1,20,,,,,
2026-04-02,2026-04-02,FO,BSE,IDO,883256,,SENSEX,,2026-04-09,2026-04-09,69200.00,PE,SENSEX2640969200PE,404.75,408.45,178.00,189.05,182.30,171.65,73319.55,189.05,1140,1140,3440,238919447.00,107,F1,20,,,,,
2026-04-02,2026-04-02,FO,BSE,IDO,883575,,SENSEX,,2026-04-09,2026-04-09,67500.00,PE,SENSEX2640967500PE,139.10,171.05,73.15,81.35,78.55,49.20,73319.55,81.35,23940,23940,200000,13522747259.00,4780,F1,20,,,,,
2026-04-02,2026-04-02,FO,BSE,IDO,883874,,SENSEX,,2026-04-09,2026-04-09,68000.00,CE,SENSEX2640968000CE,4050.00,5461.55,3950.00,5254.50,5202.90,5289.25,73319.55,5254.50,2500,2500,2540,184819490.00,118,F1,20,,,,,
2026-04-02,2026-04-02,FO,BSE,IDO,884341,,SENSEX,,2026-04-09,2026-04-09,67000.00,PE,SENSEX2640967000PE,60.65,136.90,45.50,64.15,61.55,50.05,73319.55,64.15,139200,114520,998560,66994500618.00,18518,F1,20,,,,,
2026-04-02,2026-04-02,FO,BSE,IDO,884478,,SENSEX,,2026-04-02,2026-04-02,67300.00,PE,SENSEX2640267300PE,2.00,2.35,0.05,73319.55,0.10,2.25,73319.55,73319.55,16700,-5660,265940,17897998118.00,4083,F1,20,,,,,
2026-04-02,2026-04-02,FO,BSE,IDO,884780,,SENSEX,,2026-04-02,2026-04-02,66800.00,PE,SENSEX2640266800PE,1.15,1.75,0.05,73319.55,0.05,2.05,73319.55,73319.55,9780,-1540,60620,4049468379.00,1148,F1,20,,,,,
2026-04-02,2026-04-02,FO,BSE,IDO,866310,,SENSEX,,2026-04-09,2026-04-09,74500.00,PE,SENSEX2640974500PE,2921.00,3069.85,1585.90,1702.75,1673.25,1835.65,73319.55,1702.75,9240,3880,8760,671427044.00,297,F1,20,,,,,
2026-04-02,2026-04-02,FO,BSE,IDO,866336,,SENSEX,,2026-04-09,2026-04-09,80700.00,CE,SENSEX2640980700CE,11.05,11.05,10.75,10.90,10.75,21.65,73319.55,10.90,40,40,40,3228436.00,2,F1,20,,,,,
2026-04-02,2026-04-02,FO,BSE,IDO,866365,,SENSEX,,2026-04-09,2026-04-09,86000.00,CE,SENSEX2640986000CE,3.65,4.80,2.00,3.25,2.25,3.50,73319.55,3.25,2360,1660,2320,199528117.00,56,F1,20,,,,,
2026-04-02,2026-04-02,FO,BSE,IDO,866398,,SENSEX,,2026-04-09,2026-04-09,74800.00,CE,SENSEX2640974800CE,518.10,518.10,235.05,411.55,397.75,588.20,73319.55,411.55,9420,8160,36740,2762867388.00,1170,F1,20,,,,,
2026-04-02,2026-04-02,FO,BSE,IDO,866424,,SENSEX,,2026-04-09,2026-04-09,74100.00,CE,SENSEX2640974100CE,498.55,791.95,291.85,657.40,622.10,837.30,73319.55,657.40,11880,7620,57940,4326496914.00,1815,F1,20,,,,,
2026-04-02,2026-04-02,FO,BSE,IDO,866433,,SENSEX,,2026-04-09,2026-04-09,88700.00,CE,SENSEX2640988700CE,4.00,9.50,3.70,4.60,9.50,0.05,73319.55,4.60,700,140,740,65641160.00,6,F1,20,,,,,
2026-04-02,2026-04-02,FO,BSE,IDO,866458,,SENSEX,,2026-04-09,2026-04-09,74300.00,CE,SENSEX2640974300CE,525.00,700.00,253.85,569.85,561.20,754.15,73319.55,569.85,10080,7560,56760,4243928027.00,1705,F1,20,,,,,
2026-04-02,2026-04-02,FO,BSE,IDO,866463,,SENSEX,,2026-04-09,2026-04-09,82000.00,CE,SENSEX2640982000CE,6.60,16.55,4.30,9.55,14.80,8.20,73319.55,9.55,82760,72660,138440,11353256135.00,1300,F1,20,,,,,
2026-04-02,2026-04-02,FO,BSE,IDO,866477,,SENSEX,,2026-04-09,2026-04-09,74600.00,PE,SENSEX2640974600PE,2380.90,2384.00,1673.85,1735.60,1825.00,1460.05,73319.55,1735.60,1860,280,680,52087340.00,29,F1,20,,,,,
2026-04-02,2026-04-02,FO,BSE,IDO,866514,,SENSEX,,2026-04-09,2026-04-09,80800.00,CE,SENSEX2640980800CE,13.70,13.75,13.70,13.75,13.75,20.10,73319.55,13.75,240,240,240,19395294.00,2,F1,20,,,,,
2026-04-02,2026-04-02,FO,BSE,IDO,866538,,SENSEX,,2026-04-09,2026-04-09,79500.00,PE,SENSEX2640979500PE,7700.00,7700.00,6400.00,6400.00,6400.00,6300.00,73319.55,6101.40,1300,1020,1060,91373434.00,27,F1,20,,,,,
2026-04-02,2026-04-02,FO,BSE,IDO,866539,,SENSEX,,2026-04-02,2026-04-02,73000.00,PE,SENSEX2640273000PE,750.00,1459.85,0.05,73319.55,0.05,387.55,73319.55,73319.55,2146440,1528480,250811180,18331435857519.00,3463755,F1,20,,,,,
2026-04-02,2026-04-02,FO,BSE,IDO,866570,,SENSEX,,2026-04-09,2026-04-09,74000.00,CE,SENSEX2640974000CE,594.75,842.40,304.05,703.95,670.05,885.90,73319.55,703.95,376740,329420,1304800,97340321700.00,31486,F1,20,,,,,
2026-04-02,2026-04-02,FO,BSE,IDO,867445,,SENSEX,,2026-04-02,2026-04-02,72700.00,PE,SENSEX2640272700PE,535.00,1164.90,0.05,73319.55,0.05,275.60,73319.55,73319.55,1402120,1258200,179743860,13078887371371.00,2276842,F1,20,,,,,
2026-04-02,2026-04-02,FO,BSE,IDO,867702,,SENSEX,,2026-04-09,2026-04-09,72800.00,PE,SENSEX2640972800PE,1679.45,1830.00,809.55,890.25,815.95,962.85,73319.55,890.25,9880,7420,53840,3978162627.00,1697,F1,20,,,,,
2026-04-02,2026-04-02,FO,BSE,IDO,869202,,SENSEX,,2026-04-16,2026-04-16,88800.00,CE,SENSEX2641688800CE,3.75,5.35,3.75,4.50,4.50,1.60,73319.55,0.05,120,120,840,74595816.00,7,F1,20,,,,,
2026-04-02,2026-04-02,FO,BSE,IDO,869790,,SENSEX,,2026-04-16,2026-04-16,90700.00,CE,SENSEX2641690700CE,4.50,5.80,4.50,5.80,5.80,0.45,73319.55,0.05,0,0,720,65307708.00,6,F1,20,,,,,
2026-04-02,2026-04-02,FO,BSE,IDO,871093,,SENSEX,,2026-04-16,2026-04-16,86400.00,CE,SENSEX2641686400CE,5.55,5.65,5.00,5.00,5.00,6.95,73319.55,0.15,0,0,760,65668087.00,7,F1,20,,,,,
2026-04-02,2026-04-02,FO,BSE,IDO,873267,,SENSEX,,2026-04-16,2026-04-16,87300.00,CE,SENSEX2641687300CE,4.05,5.75,4.05,5.00,5.00,4.05,73319.55,0.05,120,120,2040,178101948.00,17,F1,20,,,,,
2026-04-02,2026-04-02,FO,BSE,IDO,874766,,SENSEX,,2026-04-16,2026-04-16,91000.00,CE,SENSEX2641691000CE,4.50,5.70,4.50,4.70,4.70,0.40,73319.55,0.05,120,120,840,76444236.00,7,F1,20,,,,,
2026-04-02,2026-04-02,FO,BSE,IDO,875592,,SENSEX,,2026-04-16,2026-04-16,89700.00,CE,SENSEX2641689700CE,4.00,4.70,4.00,4.70,4.70,0.90,73319.55,0.05,0,0,720,64587132.00,6,F1,20,,,,,
2026-04-02,2026-04-02,FO,BSE,IDO,876903,,SENSEX,,2026-04-09,2026-04-09,71800.00,PE,SENSEX2640971800PE,911.15,1282.15,524.70,584.45,568.20,635.05,73319.55,584.45,44720,40620,190600,13868457562.00,5654,F1,20,,,,,
2026-04-02,2026-04-02,FO,BSE,IDO,877293,,SENSEX,,2026-04-09,2026-04-09,72400.00,PE,SENSEX2640972400PE,1189.70,1590.00,686.50,758.10,700.05,814.95,73319.55,758.10,22820,20740,47640,3499083849.00,1519,F1,20,,,,,
2026-04-02,2026-04-02,FO,BSE,IDO,877457,,SENSEX,,2026-04-16,2026-04-16,71800.00,PE,SENSEX2641671800PE,1163.55,1163.55,1163.55,1163.55,1163.55,1163.55,73319.55,633.90,20,20,20,1459271.00,1,F1,20,,,,,
2026-04-02,2026-04-02,FO,BSE,IDO,877536,,SENSEX,,2026-04-09,2026-04-09,71800.00,CE,SENSEX2640971800CE,1330.30,2245.50,1090.60,2068.15,2036.45,2176.40,73319.55,2068.15,19100,18200,190900,13967915655.00,4816,F1,20,,,,,
2026-04-02,2026-04-02,FO,BSE,IDO,877549,,SENSEX,,2026-04-09,2026-04-09,72400.00,CE,SENSEX2640972400CE,1058.85,1780.00,815.00,1688.45,1617.85,1773.75,73319.55,1688.45,5120,2760,30900,2273196944.00,1066,F1,20,,,,,
2026-04-02,2026-04-02,FO,BSE,IDO,877608,,SENSEX,,2026-04-09,2026-04-09,72000.00,PE,SENSEX2640972000PE,956.85,1389.25,576.80,639.55,599.65,684.30,73319.55,639.55,159440,127080,1230580,89766501836.00,41426,F1,20,,,,,
2026-04-02,2026-04-02,FO,BSE,IDO,877779,,SENSEX,,2026-04-16,2026-04-16,71200.00,PE,SENSEX2641671200PE,1250.00,1250.00,1250.00,1250.00,1250.00,949.25,73319.55,466.00,20,20,20,1449000.00,1,F1,20,,,,,
2026-04-02,2026-04-02,FO,BSE,IDO,877795,,SENSEX,,2026-04-09,2026-04-09,71100.00,PE,SENSEX2640971100PE,594.15,971.60,399.90,428.50,408.90,456.20,73319.55,428.50,5900,1280,25380,1820686178.00,811,F1,20,,,,,
2026-04-02,2026-04-02,FO,BSE,IDO,878185,,SENSEX,,2026-04-09,2026-04-09,71400.00,PE,SENSEX2640971400PE,1007.10,1098.15,447.35,496.40,471.60,606.55,73319.55,496.40,12800,12180,52340,3776776463.00,1778,F1,20,,,,,
2026-04-02,2026-04-02,FO,BSE,IDO,878523,,SENSEX,,2026-04-09,2026-04-09,70900.00,PE,SENSEX2640970900PE,834.25,889.25,356.15,383.30,377.40,469.95,73319.55,383.30,5040,4480,22600,1616200437.00,707,F1,20,,,,,
2026-04-02,2026-04-02,FO,BSE,IDO,878525,,SENSEX,,2026-04-02,2026-04-02,71100.00,CE,SENSEX2640271100CE,1262.60,2309.25,512.55,73319.55,2223.20,2104.25,73319.55,73319.55,8600,4900,1079800,77510680073.00,26362,F1,20,,,,,
2026-04-02,2026-04-02,FO,BSE,IDO,878572,,SENSEX,,2026-04-02,2026-04-02,70700.00,CE,SENSEX2640270700CE,1510.90,2692.40,869.75,73319.55,2616.30,2511.80,73319.55,73319.55,19360,17100,319760,22992854579.00,5763,F1,20,,,,,
2026-04-02,2026-04-02,FO,BSE,IDO,878643,,SENSEX,,2026-04-02,2026-04-02,70900.00,CE,SENSEX2640270900CE,1397.00,2508.90,685.00,73319.55,2414.20,2321.30,73319.55,73319.55,7600,5820,298900,21453055838.00,7300,F1,20,,,,,
2026-04-02,2026-04-02,FO,BSE,IDO,878785,,SENSEX,,2026-04-09,2026-04-09,71600.00,PE,SENSEX2640971600PE,843.50,1187.95,484.90,528.65,504.25,577.40,73319.55,528.65,40860,39940,143800,10430308680.00,4107,F1,20,,,,,
2026-04-02,2026-04-02,FO,BSE,IDO,879253,,SENSEX,,2026-04-02,2026-04-02,70300.00,CE,SENSEX2640270300CE,1701.55,3120.10,1269.35,73319.55,3041.85,2896.45,73319.55,73319.55,620,320,7760,559429031.00,332,F1,20,,,,,
2026-04-02,2026-04-02,FO,BSE,IDO,879992,,SENSEX,,2026-04-30,2026-04-30,70500.00,PE,SENSEX26APR70500PE,1377.45,1377.45,1377.45,1377.45,1377.45,1297.00,73319.55,1377.45,20,20,40,2875098.00,2,F1,20,,,,,
2026-04-02,2026-04-02,FO,BSE,IDO,880126,,SENSEX,,2026-04-09,2026-04-09,70000.00,PE,SENSEX2640970000PE,330.00,680.00,245.25,264.75,253.85,254.00,73319.55,264.75,136220,42480,819980,57727314417.00,21538,F1,20,,,,,
2026-04-02,2026-04-02,FO,BSE,IDO,880347,,SENSEX,,2026-04-09,2026-04-09,70400.00,PE,SENSEX2640970400PE,670.00,704.95,288.00,310.40,304.40,357.65,73319.55,310.40,3780,3460,12820,907677565.00,389,F1,20,,,,,
2026-04-02,2026-04-02,FO,BSE,IDO,880559,,SENSEX,,2026-04-02,2026-04-02,70400.00,CE,SENSEX2640270400CE,1175.60,2994.10,1167.75,73319.55,2946.65,2748.50,73319.55,73319.55,660,660,4500,324745696.00,173,F1,20,,,,,
2026-04-02,2026-04-02,FO,BSE,IDO,880891,,SENSEX,,2026-04-23,2026-04-23,73100.00,CE,SENSEX2642373100CE,2356.65,2356.65,2356.65,2356.65,2356.65,2356.65,73319.55,1843.80,20,20,20,1509133.00,1,F1,20,,,,,
2026-04-02,2026-04-02,FO,BSE,IDO,881597,,SENSEX,,2026-04-09,2026-04-09,69500.00,PE,SENSEX2640969500PE,236.65,475.30,195.40,208.20,199.25,208.45,73319.55,208.20,49940,49760,240400,16777690612.00,6416,F1,20,,,,,
2026-04-02,2026-04-02,FO,BSE,IDO,882085,,SENSEX,,2026-04-09,2026-04-09,69100.00,PE,SENSEX2640969100PE,201.25,402.00,167.10,176.90,173.10,160.60,73319.55,176.90,1300,1300,8200,568813942.00,217,F1,20,,,,,
2026-04-02,2026-04-02,FO,BSE,IDO,883667,,SENSEX,,2026-04-09,2026-04-09,68000.00,PE,SENSEX2640968000PE,121.20,219.85,97.00,104.95,103.05,87.30,73319.55,104.95,158500,106180,848640,57834320337.00,20848,F1,20,,,,,
2026-04-02,2026-04-02,FO,BSE,IDO,884668,,SENSEX,,2026-04-02,2026-04-02,67000.00,PE,SENSEX2640267000PE,1.50,2.15,0.05,73319.55,0.05,1.85,73319.55,73319.55,482540,125220,5365940,359521323323.00,23839,F1,20,,,,,
2026-04-02,2026-04-02,FO,BSE,IDO,886207,,SENSEX,,2026-04-02,2026-04-02,65600.00,PE,SENSEX2640265600PE,1.60,1.60,0.05,73319.55,0.05,1.85,73319.55,73319.55,1860,-5460,19160,1256906818.00,477,F1,20,,,,,
2026-04-02,2026-04-02,FO,BSE,IDO,886357,,SENSEX,,2026-04-09,2026-04-09,66000.00,PE,SENSEX2640966000PE,31.35,78.55,31.35,40.20,40.00,28.45,73319.55,40.20,194840,118320,870060,57471201264.00,19044,F1,20,,,,,
2026-04-02,2026-04-02,FO,BSE,IDO,886420,,SENSEX,,2026-04-02,2026-04-02,65100.00,PE,SENSEX2640265100PE,1.20,1.40,0.05,73319.55,0.05,1.40,73319.55,73319.55,384320,-972460,5048040,328629154680.00,12358,F1,20,,,,,
2026-04-02,2026-04-02,FO,BSE,IDO,886941,,SENSEX,,2026-04-09,2026-04-09,65500.00,PE,SENSEX2640965500PE,27.20,68.80,27.20,35.10,33.35,22.30,73319.55,35.10,43600,39580,222020,14552446207.00,5275,F1,20,,,,,
2026-04-02,2026-04-02,FO,BSE,STF,854916,,RELIANCE,,2026-04-30,2026-04-30,,,RELIANCE26APRFUT,1357.60,1357.60,1357.60,1357.60,1357.60,1375.20,1350.50,1356.25,1000,500,500,678800.00,1,F1,500,,,,,
2026-04-02,2026-04-02,FO,BSE,IDO,866185,,SENSEX,,2026-04-09,2026-04-09,75200.00,PE,SENSEX2640975200PE,3607.70,3607.70,2280.30,2280.30,2280.30,2273.40,73319.55,2280.30,1500,0,60,4675366.00,2,F1,20,,,,,
2026-04-02,2026-04-02,FO,BSE,IDO,866216,,SENSEX,,2026-04-09,2026-04-09,91400.00,CE,SENSEX2640991400CE,3.05,3.05,3.05,3.05,3.05,0.05,73319.55,0.05,140,0,40,3656122.00,1,F1,20,,,,,
2026-04-02,2026-04-02,FO,BSE,IDO,866251,,SENSEX,,2026-04-09,2026-04-09,75600.00,PE,SENSEX2640975600PE,3931.00,3931.00,2390.70,2390.70,2390.70,2609.25,73319.55,2390.70,1240,140,160,12558769.00,8,F1,20,,,,,
2026-04-02,2026-04-02,FO,BSE,IDO,866293,,SENSEX,,2026-04-09,2026-04-09,76500.00,CE,SENSEX2640976500CE,132.45,147.35,56.15,101.75,95.15,204.20,73319.55,101.75,76060,59680,632760,48461433203.00,15881,F1,20,,,,,
2026-04-02,2026-04-02,FO,BSE,IDO,866326,,SENSEX,,2026-04-09,2026-04-09,74400.00,CE,SENSEX2640974400CE,427.30,664.75,236.55,546.45,525.50,717.15,73319.55,546.45,32900,30800,82080,6147861733.00,1916,F1,20,,,,,
2026-04-02,2026-04-02,FO,BSE,IDO,866355,,SENSEX,,2026-04-09,2026-04-09,76000.00,CE,SENSEX2640976000CE,325.30,325.30,64.70,154.80,144.00,286.15,73319.55,154.80,196540,141440,1390860,105885088129.00,27525,F1,20,,,,,
2026-04-02,2026-04-02,FO,BSE,IDO,866378,,SENSEX,,2026-04-09,2026-04-09,74000.00,PE,SENSEX2640974000PE,1900.00,2800.00,1312.80,1428.25,1360.00,1552.50,73319.55,1428.25,99920,63860,170040,12869263386.00,5668,F1,20,,,,,
2026-04-02,2026-04-02,FO,BSE,IDO,866382,,SENSEX,,2026-04-09,2026-04-09,74900.00,PE,SENSEX2640974900PE,2100.90,2118.45,1861.35,1952.25,1861.35,2140.90,73319.55,1952.25,1820,60,340,26132737.00,10,F1,20,,,,,
2026-04-02,2026-04-02,FO,BSE,IDO,866406,,SENSEX,,2026-04-09,2026-04-09,84800.00,CE,SENSEX2640984800CE,4.85,4.85,4.85,4.85,4.85,0.65,73319.55,4.85,20,20,20,1696097.00,1,F1,20,,,,,
2026-04-02,2026-04-02,FO,BSE,IDO,866418,,SENSEX,,2026-04-09,2026-04-09,80500.00,PE,SENSEX2640980500PE,7400.00,7400.00,6900.00,6900.00,6900.00,7293.80,73319.55,6900.00,420,420,420,36857551.00,9,F1,20,,,,,
2026-04-02,2026-04-02,FO,BSE,IDO,866490,,SENSEX,,2026-04-09,2026-04-09,73900.00,CE,SENSEX2640973900CE,575.25,885.00,334.85,700.70,707.60,930.95,73319.55,700.70,129900,127980,211260,15756874036.00,4075,F1,20,,,,,
2026-04-02,2026-04-02,FO,BSE,IDO,866512,,SENSEX,,2026-04-09,2026-04-09,84500.00,CE,SENSEX2640984500CE,4.25,7.90,3.25,5.45,3.25,4.30,73319.55,5.45,1800,580,1980,167319874.00,13,F1,20,,,,,
2026-04-02,2026-04-02,FO,BSE,IDO,866550,,SENSEX,,2026-04-09,2026-04-09,74100.00,PE,SENSEX2640974100PE,2594.05,2660.40,1380.00,1487.05,1432.95,1599.10,73319.55,1487.05,4860,2520,8320,630454538.00,227,F1,20,,,,,
2026-04-02,2026-04-02,FO,BSE,IDO,866599,,SENSEX,,2026-04-09,2026-04-09,75900.00,CE,SENSEX2640975900CE,191.40,235.45,135.00,186.20,155.55,294.00,73319.55,186.20,2080,1660,12780,972467164.00,476,F1,20,,,,,
2026-04-02,2026-04-02,FO,BSE,IDO,866610,,SENSEX,,2026-04-09,2026-04-09,79000.00,PE,SENSEX2640979000PE,7100.00,7100.00,5500.00,5696.85,5710.00,5841.60,73319.55,5696.85,1180,1180,1180,100092005.00,25,F1,20,,,,,
2026-04-02,2026-04-02,FO,BSE,IDO,866651,,SENSEX,,2026-04-09,2026-04-09,73200.00,PE,SENSEX2640973200PE,1567.40,2055.00,947.35,1085.00,990.00,1135.65,73319.55,1085.00,103220,98680,217260,16147604971.00,5952,F1,20,,,,,
2026-04-02,2026-04-02,FO,BSE,IDO,867343,,SENSEX,,2026-04-09,2026-04-09,92800.00,CE,SENSEX2640992800CE,2.90,6.30,1.35,2.20,6.30,2.80,73319.55,2.20,620,520,1020,94658247.00,5,F1,20,,,,,
2026-04-02,2026-04-02,FO,BSE,IDO,868731,,SENSEX,,2026-04-16,2026-04-16,84900.00,CE,SENSEX2641684900CE,5.95,6.55,5.95,6.55,6.55,16.20,73319.55,0.65,0,0,720,61132500.00,6,F1,20,,,,,
2026-04-02,2026-04-02,FO,BSE,IDO,870599,,SENSEX,,2026-04-16,2026-04-16,86200.00,CE,SENSEX2641686200CE,5.55,5.65,5.55,5.65,5.65,7.80,73319.55,0.15,20,20,740,63792143.00,6,F1,20,,,,,
2026-04-02,2026-04-02,FO,BSE,IDO,871099,,SENSEX,,2026-04-16,2026-04-16,88700.00,CE,SENSEX2641688700CE,3.85,5.00,3.85,5.00,5.00,1.70,73319.55,0.05,0,0,720,63867186.00,6,F1,20,,,,,
2026-04-02,2026-04-02,FO,BSE,IDO,872345,,SENSEX,,2026-04-16,2026-04-16,87800.00,CE,SENSEX2641687800CE,4.05,5.50,4.05,5.05,5.05,3.00,73319.55,0.05,0,0,2040,179121924.00,18,F1,20,,,,,
2026-04-02,2026-04-02,FO,BSE,IDO,872790,,SENSEX,,2026-04-16,2026-04-16,89400.00,CE,SENSEX2641689400CE,4.50,4.70,4.50,4.70,4.70,1.10,73319.55,0.05,0,0,720,64371312.00,6,F1,20,,,,,
2026-04-02,2026-04-02,FO,BSE,IDO,872833,,SENSEX,,2026-04-16,2026-04-16,85700.00,CE,SENSEX2641685700CE,5.55,6.50,5.55,5.80,5.80,10.35,73319.55,0.30,0,0,1440,123416424.00,12,F1,20,,,,,
2026-04-02,2026-04-02,FO,BSE,IDO,873428,,SENSEX,,2026-04-16,2026-04-16,73000.00,PE,SENSEX2641673000PE,1420.00,1420.00,1320.00,1350.05,1326.10,1368.30,73319.55,1350.05,1060,820,1320,98142052.00,33,F1,20,,,,,
2026-04-02,2026-04-02,FO,BSE,IDO,873595,,SENSEX,,2026-04-16,2026-04-16,90500.00,CE,SENSEX2641690500CE,4.50,5.50,4.50,5.50,5.50,0.55,73319.55,0.05,0,0,720,65163600.00,6,F1,20,,,,,
2026-04-02,2026-04-02,FO,BSE,IDO,873769,,SENSEX,,2026-04-16,2026-04-16,87500.00,CE,SENSEX2641687500CE,4.05,5.55,4.05,5.20,5.20,3.60,73319.55,0.05,0,0,2160,189010494.00,18,F1,20,,,,,
2026-04-02,2026-04-02,FO,BSE,IDO,877314,,SENSEX,,2026-04-09,2026-04-09,72300.00,CE,SENSEX2640972300CE,1089.80,1869.90,836.30,1709.70,1671.50,1826.05,73319.55,1709.70,6120,3840,58520,4299373167.00,1747,F1,20,,,,,
2026-04-02,2026-04-02,FO,BSE,IDO,877361,,SENSEX,,2026-04-09,2026-04-09,72500.00,CE,SENSEX2640972500CE,1095.35,1727.95,770.00,1593.10,1560.00,1705.80,73319.55,1593.10,41720,28100,487380,35965536561.00,18016,F1,20,,,,,
2026-04-02,2026-04-02,FO,BSE,IDO,877459,,SENSEX,,2026-04-09,2026-04-09,72000.00,CE,SENSEX2640972000CE,1311.30,2079.30,990.60,1928.95,1915.00,2011.30,73319.55,1928.95,80400,68440,856560,62877014579.00,33299,F1,20,,,,,
2026-04-02,2026-04-02,FO,BSE,IDO,877503,,SENSEX,,2026-04-09,2026-04-09,72200.00,CE,SENSEX2640972200CE,1138.45,1932.60,900.00,1772.65,1770.70,1923.20,73319.55,1772.65,14740,11380,70800,5204640806.00,2115,F1,20,,,,,
2026-04-02,2026-04-02,FO,BSE,IDO,877559,,SENSEX,,2026-04-02,2026-04-02,72300.00,CE,SENSEX2640272300CE,519.50,1110.00,19.45,73319.55,1019.00,1057.90,73319.55,73319.55,229340,188320,178627240,12933247664581.00,2347545,F1,20,,,,,
2026-04-02,2026-04-02,FO,BSE,IDO,877597,,SENSEX,,2026-04-02,2026-04-02,72500.00,CE,SENSEX2640272500CE,450.85,912.20,11.10,73319.55,821.00,900.85,73319.55,73319.55,876920,672420,322801220,23433010278031.00,3446132,F1,20,,,,,
2026-04-02,2026-04-02,FO,BSE,IDO,877834,,SENSEX,,2026-04-09,2026-04-09,71000.00,CE,SENSEX2640971000CE,1775.95,2864.60,1546.15,2689.95,2666.80,2715.10,73319.55,2689.95,8000,8000,28300,2062404001.00,1041,F1,20,,,,,
2026-04-02,2026-04-02,FO,BSE,IDO,877991,,SENSEX,,2026-04-09,2026-04-09,71700.00,PE,SENSEX2640971700PE,648.55,1232.80,505.65,554.80,528.70,701.10,73319.55,554.80,74280,74020,271460,19733831324.00,7805,F1,20,,,,,
2026-04-02,2026-04-02,FO,BSE,IDO,866585,,SENSEX,,2026-04-09,2026-04-09,74300.00,PE,SENSEX2640974300PE,2500.00,2747.95,1490.00,1613.75,1567.75,1723.30,73319.55,1613.75,4260,2240,5900,449070203.00,188,F1,20,,,,,
2026-04-02,2026-04-02,FO,BSE,IDO,866591,,SENSEX,,2026-04-09,2026-04-09,77300.00,CE,SENSEX2640977300CE,115.00,115.00,36.00,53.05,59.20,115.00,73319.55,53.05,2080,1860,8920,690011612.00,229,F1,20,,,,,
2026-04-02,2026-04-02,FO,BSE,IDO,866593,,SENSEX,,2026-04-09,2026-04-09,82000.00,PE,SENSEX2640982000PE,10100.00,10210.00,8380.00,8513.20,8694.80,8620.00,73319.55,8513.20,17900,17200,19280,1762514617.00,347,F1,20,,,,,
2026-04-02,2026-04-02,FO,BSE,IDO,867730,,SENSEX,,2026-04-09,2026-04-09,72700.00,CE,SENSEX2640972700CE,921.20,1592.80,688.15,1477.55,1429.80,1556.90,73319.55,1477.55,10340,8020,78520,5808536756.00,2082,F1,20,,,,,
2026-04-02,2026-04-02,FO,BSE,IDO,867779,,SENSEX,,2026-04-09,2026-04-09,72900.00,CE,SENSEX2640972900CE,869.35,1454.65,620.00,1341.60,1285.70,1442.50,73319.55,1341.60,9560,4660,65620,4860601593.00,2035,F1,20,,,,,
2026-04-02,2026-04-02,FO,BSE,IDO,870146,,SENSEX,,2026-04-16,2026-04-16,80000.00,CE,SENSEX2641680000CE,120.00,120.00,59.70,73.55,60.80,179.20,73319.55,73.55,500,500,640,51253553.00,15,F1,20,,,,,
2026-04-02,2026-04-02,FO,BSE,IDO,871205,,SENSEX,,2026-04-16,2026-04-16,90400.00,CE,SENSEX2641690400CE,4.05,4.40,4.05,4.40,4.40,0.55,73319.55,0.05,0,0,720,65091042.00,6,F1,20,,,,,
2026-04-02,2026-04-02,FO,BSE,IDO,871616,,SENSEX,,2026-04-16,2026-04-16,82900.00,CE,SENSEX2641682900CE,46.35,46.35,46.35,46.35,46.35,46.35,73319.55,46.35,20,20,20,1658927.00,1,F1,20,,,,,
2026-04-02,2026-04-02,FO,BSE,IDO,871733,,SENSEX,,2026-04-16,2026-04-16,79000.00,CE,SENSEX2641679000CE,241.80,241.80,241.80,241.80,241.80,228.00,73319.55,241.80,100,40,40,3169672.00,1,F1,20,,,,,
2026-04-02,2026-04-02,FO,BSE,IDO,872020,,SENSEX,,2026-04-16,2026-04-16,88200.00,CE,SENSEX2641688200CE,5.55,5.70,5.55,5.70,5.70,2.35,73319.55,0.05,100,100,820,72328605.00,6,F1,20,,,,,
2026-04-02,2026-04-02,FO,BSE,IDO,872071,,SENSEX,,2026-04-16,2026-04-16,86800.00,CE,SENSEX2641686800CE,4.55,6.00,4.55,4.95,4.95,5.45,73319.55,4.95,120,120,1660,144096349.00,14,F1,20,,,,,
2026-04-02,2026-04-02,FO,BSE,IDO,872183,,SENSEX,,2026-04-16,2026-04-16,90800.00,CE,SENSEX2641690800CE,4.50,5.80,4.50,5.80,5.80,0.45,73319.55,0.05,0,0,720,65379708.00,6,F1,20,,,,,
2026-04-02,2026-04-02,FO,BSE,IDO,872488,,SENSEX,,2026-04-16,2026-04-16,73500.00,PE,SENSEX2641673500PE,1532.10,1539.65,1504.10,1527.85,1504.10,1937.35,73319.55,1527.85,420,420,420,31511696.00,21,F1,20,,,,,
2026-04-02,2026-04-02,FO,BSE,IDO,873102,,SENSEX,,2026-04-16,2026-04-16,90300.00,CE,SENSEX2641690300CE,4.05,4.40,4.05,4.40,4.40,0.60,73319.55,0.05,0,0,720,65019042.00,6,F1,20,,,,,
2026-04-02,2026-04-02,FO,BSE,IDO,874205,,SENSEX,,2026-04-16,2026-04-16,89100.00,CE,SENSEX2641689100CE,4.50,4.90,4.50,4.90,4.90,1.30,73319.55,0.05,0,0,720,64155384.00,6,F1,20,,,,,
2026-04-02,2026-04-02,FO,BSE,IDO,874712,,SENSEX,,2026-04-16,2026-04-16,87900.00,CE,SENSEX2641687900CE,4.05,5.65,4.05,5.05,5.05,2.80,73319.55,0.05,0,0,1440,126583128.00,12,F1,20,,,,,
2026-04-02,2026-04-02,FO,BSE,IDO,876013,,SENSEX,,2026-04-16,2026-04-16,89000.00,CE,SENSEX2641689000CE,3.75,5.00,3.75,4.50,4.50,1.40,73319.55,0.05,120,120,840,74763690.00,7,F1,20,,,,,
2026-04-02,2026-04-02,FO,BSE,IDO,876318,,SENSEX,,2026-04-16,2026-04-16,74900.00,CE,SENSEX2641674900CE,500.00,536.80,450.00,536.80,536.80,1163.25,73319.55,738.15,1000,0,980,73851008.00,10,F1,20,,,,,
2026-04-02,2026-04-02,FO,BSE,IDO,876907,,SENSEX,,2026-04-02,2026-04-02,72000.00,CE,SENSEX2640272000CE,715.00,1410.00,54.15,73319.55,1316.20,1307.40,73319.55,73319.55,275940,176100,228265520,16473267304099.00,3248099,F1,20,,,,,
2026-04-02,2026-04-02,FO,BSE,IDO,876925,,SENSEX,,2026-04-02,2026-04-02,72300.00,PE,SENSEX2640272300PE,200.00,789.00,0.05,73319.55,0.05,168.35,73319.55,73319.55,769000,629460,126894540,9183980004105.00,1535666,F1,20,,,,,
2026-04-02,2026-04-02,FO,BSE,IDO,876974,,SENSEX,,2026-04-02,2026-04-02,72500.00,PE,SENSEX2640272500PE,500.00,982.50,0.05,73319.55,0.10,215.75,73319.55,73319.55,2363740,1805600,223341420,16209147588532.00,2567323,F1,20,,,,,
2026-04-02,2026-04-02,FO,BSE,IDO,877080,,SENSEX,,2026-04-02,2026-04-02,72000.00,PE,SENSEX2640272000PE,150.80,541.65,0.05,73319.55,0.05,116.60,73319.55,73319.55,2111280,1103980,266339840,19205491620665.00,2919196,F1,20,,,,,
2026-04-02,2026-04-02,FO,BSE,IDO,877250,,SENSEX,,2026-04-02,2026-04-02,71900.00,CE,SENSEX2640271900CE,678.50,1511.45,74.20,73319.55,1419.00,1375.85,73319.55,73319.55,120900,90380,101239280,7297397824852.00,1721454,F1,20,,,,,
2026-04-02,2026-04-02,FO,BSE,IDO,877256,,SENSEX,,2026-04-16,2026-04-16,72200.00,CE,SENSEX2641672200CE,2420.50,2420.50,2071.50,2071.50,2071.50,2420.50,73319.55,2071.50,40,40,120,8933519.00,5,F1,20,,,,,
2026-04-02,2026-04-02,FO,BSE,IDO,877371,,SENSEX,,2026-04-16,2026-04-16,72000.00,PE,SENSEX2641672000PE,1241.65,1241.65,1241.65,1241.65,1241.65,1241.65,73319.55,698.45,20,20,20,1464833.00,1,F1,20,,,,,
2026-04-02,2026-04-02,FO,BSE,IDO,877766,,SENSEX,,2026-04-09,2026-04-09,71700.00,CE,SENSEX2640971700CE,1345.25,2314.60,1132.25,2149.85,2112.55,2242.05,73319.55,2149.85,21740,20120,318800,23298803070.00,8148,F1,20,,,,,
2026-04-02,2026-04-02,FO,BSE,IDO,878161,,SENSEX,,2026-04-09,2026-04-09,70800.00,PE,SENSEX2640970800PE,786.70,843.55,335.45,371.80,335.45,445.65,73319.55,371.80,3620,2400,22940,1636674215.00,705,F1,20,,,,,
2026-04-02,2026-04-02,FO,BSE,IDO,878199,,SENSEX,,2026-04-02,2026-04-02,71300.00,PE,SENSEX2640271300PE,53.60,163.35,0.05,73319.55,0.10,48.20,73319.55,73319.55,881260,644060,132945100,9486571068928.00,1322112,F1,20,,,,,
2026-04-02,2026-04-02,FO,BSE,IDO,878232,,SENSEX,,2026-04-02,2026-04-02,71200.00,CE,SENSEX2640271200CE,1100.00,2205.70,428.40,73319.55,2115.00,2013.90,73319.55,73319.55,28640,23160,2803000,201232935252.00,60664,F1,20,,,,,
2026-04-02,2026-04-02,FO,BSE,IDO,878593,,SENSEX,,2026-04-02,2026-04-02,71300.00,CE,SENSEX2640271300CE,1655.15,2103.25,362.00,73319.55,2015.10,1940.30,73319.55,73319.55,46680,31540,4801960,344772736328.00,109226,F1,20,,,,,
2026-04-02,2026-04-02,FO,BSE,IDO,878754,,SENSEX,,2026-04-09,2026-04-09,71300.00,CE,SENSEX2640971300CE,1595.55,2604.80,1366.20,2565.35,2339.10,2640.00,73319.55,2565.35,2940,2520,5480,400000553.00,216,F1,20,,,,,
2026-04-02,2026-04-02,FO,BSE,IDO,878836,,SENSEX,,2026-04-16,2026-04-16,71000.00,PE,SENSEX2641671000PE,1001.00,1267.00,682.90,731.45,694.00,943.50,73319.55,731.45,4120,4080,4920,355042883.00,189,F1,20,,,,,
2026-04-02,2026-04-02,FO,BSE,IDO,878916,,SENSEX,,2026-04-02,2026-04-02,70600.00,CE,SENSEX2640270600CE,1169.00,2739.30,965.05,73319.55,2699.75,2550.95,73319.55,73319.55,2280,2280,33980,2441112933.00,1016,F1,20,,,,,
2026-04-02,2026-04-02,FO,BSE,IDO,878959,,SENSEX,,2026-04-02,2026-04-02,70000.00,PE,SENSEX2640270000PE,7.00,13.30,0.05,73319.55,0.05,9.35,73319.55,73319.55,2624720,830920,93595040,6551916769897.00,534518,F1,20,,,,,
2026-04-02,2026-04-02,FO,BSE,IDO,879098,,SENSEX,,2026-04-09,2026-04-09,69600.00,PE,SENSEX2640969600PE,446.75,454.90,205.00,221.15,218.45,222.05,73319.55,221.15,3240,3080,23140,1616412528.00,592,F1,20,,,,,
2026-04-02,2026-04-02,FO,BSE,IDO,879194,,SENSEX,,2026-04-02,2026-04-02,70400.00,PE,SENSEX2640270400PE,7.00,17.35,0.05,73319.55,0.05,15.25,73319.55,73319.55,308980,176560,32112700,2260918016061.00,254777,F1,20,,,,,
2026-04-02,2026-04-02,FO,BSE,IDO,879236,,SENSEX,,2026-04-02,2026-04-02,69700.00,PE,SENSEX2640269700PE,3.20,4.15,0.05,73319.55,0.05,6.65,73319.55,73319.55,793480,676540,15478120,1078857904617.00,121335,F1,20,,,,,
2026-04-02,2026-04-02,FO,BSE,IDO,879399,,SENSEX,,2026-04-02,2026-04-02,69800.00,CE,SENSEX2640269800CE,1899.85,3537.70,1755.80,73319.55,3537.70,3345.50,73319.55,73319.55,300,180,1100,79172084.00,46,F1,20,,,,,
2026-04-02,2026-04-02,FO,BSE,IDO,879567,,SENSEX,,2026-04-09,2026-04-09,70500.00,CE,SENSEX2640970500CE,2019.90,3104.15,1900.00,2990.00,2990.00,3097.50,73319.55,2990.00,460,460,720,52335570.00,31,F1,20,,,,,
2026-04-02,2026-04-02,FO,BSE,IDO,879575,,SENSEX,,2026-04-30,2026-04-30,70600.00,PE,SENSEX26APR70600PE,1176.15,1176.15,1176.15,1176.15,1176.15,1027.55,73319.55,699.20,160,40,40,2871046.00,1,F1,20,,,,,
2026-04-02,2026-04-02,FO,BSE,IDO,879587,,SENSEX,,2026-04-16,2026-04-16,70000.00,PE,SENSEX2641670000PE,530.00,530.00,525.00,526.75,526.00,423.00,73319.55,526.75,80,40,80,5642140.00,4,F1,20,,,,,
2026-04-02,2026-04-02,FO,BSE,IDO,879769,,SENSEX,,2026-04-02,2026-04-02,69800.00,PE,SENSEX2640269800PE,4.40,6.60,0.05,73319.55,0.05,7.25,73319.55,73319.55,547940,367920,17876340,1247810200166.00,126541,F1,20,,,,,
2026-04-02,2026-04-02,FO,BSE,IDO,879984,,SENSEX,,2026-04-09,2026-04-09,70400.00,CE,SENSEX2640970400CE,2178.00,3211.70,1990.25,3158.90,3158.90,3176.75,73319.55,3158.90,180,140,220,16030305.00,11,F1,20,,,,,
2026-04-02,2026-04-02,FO,BSE,IDO,880193,,SENSEX,,2026-04-30,2026-04-30,70000.00,PE,SENSEX26APR70000PE,1152.20,1470.00,900.95,969.10,931.45,919.00,73319.55,969.10,8000,-360,23600,1682170525.00,528,F1,20,,,,,
2026-04-02,2026-04-02,FO,BSE,IDO,882687,,SENSEX,,2026-04-02,2026-04-02,68700.00,PE,SENSEX2640268700PE,0.50,3.55,0.05,73319.55,0.05,3.30,73319.55,73319.55,232680,167720,3909280,268572993276.00,28284,F1,20,,,,,
2026-04-02,2026-04-02,FO,BSE,IDO,882783,,SENSEX,,2026-04-02,2026-04-02,68900.00,PE,SENSEX2640268900PE,2.80,3.45,0.05,73319.55,0.05,3.35,73319.55,73319.55,128600,84240,3360180,231521420200.00,27512,F1,20,,,,,
2026-04-02,2026-04-02,FO,BSE,IDO,882974,,SENSEX,,2026-04-02,2026-04-02,68400.00,PE,SENSEX2640268400PE,3.05,3.10,0.05,73319.55,0.05,2.95,73319.55,73319.55,33840,8620,1181280,80800954952.00,12690,F1,20,,,,,
2026-04-02,2026-04-02,FO,BSE,IDO,883590,,SENSEX,,2026-04-02,2026-04-02,68000.00,PE,SENSEX2640268000PE,1.50,2.75,0.05,73319.55,0.05,2.65,73319.55,73319.55,875780,308720,15081360,1025547761142.00,64120,F1,20,,,,,
2026-04-02,2026-04-02,FO,BSE,IDO,883620,,SENSEX,,2026-04-02,2026-04-02,67600.00,PE,SENSEX2640267600PE,1.90,9.90,0.05,73319.55,0.05,2.15,73319.55,73319.55,146600,128200,1503160,101614914643.00,9786,F1,20,,,,,
2026-04-02,2026-04-02,FO,BSE,IDO,884122,,SENSEX,,2026-04-02,2026-04-02,66900.00,PE,SENSEX2640266900PE,2.35,2.35,0.05,73319.55,0.05,2.05,73319.55,73319.55,22820,-12800,303360,20295030825.00,3970,F1,20,,,,,
2026-04-02,2026-04-02,FO,BSE,IDO,884409,,SENSEX,,2026-04-02,2026-04-02,67100.00,PE,SENSEX2640267100PE,1.60,2.25,0.05,73319.55,0.05,2.20,73319.55,73319.55,9760,-13960,289120,19400187028.00,3399,F1,20,,,,,
2026-04-02,2026-04-02,FO,BSE,IDO,884740,,SENSEX,,2026-04-02,2026-04-02,67200.00,PE,SENSEX2640267200PE,1.90,3.05,0.05,73319.55,0.05,2.25,73319.55,73319.55,48760,36120,655880,44075705678.00,6388,F1,20,,,,,
2026-04-02,2026-04-02,FO,BSE,IDO,885338,,SENSEX,,2026-04-02,2026-04-02,66400.00,PE,SENSEX2640266400PE,2.20,2.20,0.05,73319.55,0.05,1.80,73319.55,73319.55,19040,-7040,85540,5679921253.00,1804,F1,20,,,,,
2026-04-02,2026-04-02,FO,BSE,IDO,885510,,SENSEX,,2026-04-09,2026-04-09,66400.00,PE,SENSEX2640966400PE,59.55,59.55,44.05,52.80,53.30,18.95,73319.55,52.80,640,640,1360,90378115.00,36,F1,20,,,,,
2026-04-02,2026-04-02,FO,BSE,IDO,885780,,SENSEX,,2026-04-02,2026-04-02,65900.00,PE,SENSEX2640265900PE,1.70,1.70,0.05,73319.55,0.05,1.95,73319.55,73319.55,12980,-13600,110800,7301786559.00,1464,F1,20,,,,,
2026-04-02,2026-04-02,FO,BSE,IDO,886485,,SENSEX,,2026-04-02,2026-04-02,66100.00,PE,SENSEX2640266100PE,0.95,1.25,0.05,73319.55,0.05,1.85,73319.55,73319.55,2040,-1560,8660,572431650.00,235,F1,20,,,,,
2026-04-02,2026-04-02,FO,BSE,IDO,886615,,SENSEX,,2026-04-02,2026-04-02,66300.00,PE,SENSEX2640266300PE,1.15,1.45,0.05,73319.55,0.05,1.90,73319.55,73319.55,5240,-3300,31920,2116315725.00,551,F1,20,,,,,
2026-04-02,2026-04-02,FO,BSE,IDO,888653,,SENSEX,,2026-05-07,2026-05-07,72500.00,CE,SENSEX2650772500CE,2650.00,2650.00,2650.00,2650.00,2650.00,3362.40,73319.55,2721.50,0,-60,60,4509000.00,1,F1,20,,,,,
2026-04-02,2026-04-02,FO,BSE,STO,1101561,,CIPLA,,2026-04-30,2026-04-30,1150.00,PE,CIPLA26APR1150PE,5.00,5.00,5.00,5.00,5.00,9.55,1192.40,9.95,375,375,375,433125.00,1,F1,375,,,,,
2026-04-02,2026-04-02,FO,BSE,IDO,878125,,SENSEX,,2026-04-09,2026-04-09,71200.00,PE,SENSEX2640971200PE,936.20,1008.45,406.40,447.65,436.75,548.85,73319.55,447.65,5620,5160,31680,2276167047.00,1067,F1,20,,,,,
2026-04-02,2026-04-02,FO,BSE,IDO,878151,,SENSEX,,2026-04-09,2026-04-09,71100.00,CE,SENSEX2640971100CE,1616.75,2785.50,1494.85,2764.55,2491.80,2641.55,73319.55,2764.55,3280,3280,5060,369245192.00,204,F1,20,,,,,
2026-04-02,2026-04-02,FO,BSE,IDO,878270,,SENSEX,,2026-04-09,2026-04-09,70900.00,CE,SENSEX2640970900CE,1745.60,2817.60,1651.10,2817.60,2817.60,2789.70,73319.55,2817.60,200,200,360,26396155.00,16,F1,20,,,,,
2026-04-02,2026-04-02,FO,BSE,IDO,878412,,SENSEX,,2026-04-02,2026-04-02,71000.00,PE,SENSEX2640271000PE,35.80,81.30,0.05,73319.55,0.05,32.60,73319.55,73319.55,2035680,630520,285947860,20310802280009.00,1993593,F1,20,,,,,
2026-04-02,2026-04-02,FO,BSE,IDO,878825,,SENSEX,,2026-04-09,2026-04-09,71500.00,CE,SENSEX2640971500CE,1492.65,2466.60,1249.15,2309.70,2323.75,2366.00,73319.55,2309.70,18340,14500,149120,10898498887.00,6034,F1,20,,,,,
2026-04-02,2026-04-02,FO,BSE,IDO,879212,,SENSEX,,2026-04-09,2026-04-09,69800.00,PE,SENSEX2640969800PE,542.40,550.25,224.95,242.00,240.05,251.35,73319.55,242.00,4320,4140,35640,2500796496.00,891,F1,20,,,,,
2026-04-02,2026-04-02,FO,BSE,IDO,879641,,SENSEX,,2026-04-02,2026-04-02,69600.00,PE,SENSEX2640269600PE,4.00,4.00,0.05,73319.55,0.05,5.95,73319.55,73319.55,590620,452580,15658160,1089841605347.00,132654,F1,20,,,,,
2026-04-02,2026-04-02,FO,BSE,IDO,879779,,SENSEX,,2026-04-09,2026-04-09,70000.00,CE,SENSEX2640970000CE,2450.00,3720.35,2300.00,3561.40,3470.00,3502.20,73319.55,3561.40,1440,1420,1720,125918061.00,85,F1,20,,,,,
2026-04-02,2026-04-02,FO,BSE,IDO,879826,,SENSEX,,2026-04-09,2026-04-09,70300.00,PE,SENSEX2640970300PE,622.75,670.80,281.00,299.50,291.35,337.85,73319.55,299.50,7860,7520,27240,1925560601.00,739,F1,20,,,,,
2026-04-02,2026-04-02,FO,BSE,IDO,879935,,SENSEX,,2026-04-09,2026-04-09,70500.00,PE,SENSEX2640970500PE,434.95,750.60,300.25,326.00,315.35,334.70,73319.55,326.00,25900,19540,141440,10037625960.00,4885,F1,20,,,,,
2026-04-02,2026-04-02,FO,BSE,IDO,880520,,SENSEX,,2026-04-09,2026-04-09,69900.00,PE,SENSEX2640969900PE,520.00,561.15,233.85,252.15,248.05,267.05,73319.55,252.15,3040,2880,27640,1942625125.00,591,F1,20,,,,,
2026-04-02,2026-04-02,FO,BSE,IDO,880825,,SENSEX,,2026-04-23,2026-04-23,75000.00,CE,SENSEX2642375000CE,1000.00,1100.00,990.00,990.00,990.00,1250.00,73319.55,1008.30,0,-300,500,38009000.00,6,F1,20,,,,,
2026-04-02,2026-04-02,FO,BSE,IDO,881194,,SENSEX,,2026-04-23,2026-04-23,88700.00,CE,SENSEX2642388700CE,12.95,12.95,12.95,12.95,12.95,12.55,73319.55,12.95,20,20,20,1774259.00,1,F1,20,,,,,
2026-04-02,2026-04-02,FO,BSE,IDO,881406,,SENSEX,,2026-04-02,2026-04-02,69400.00,PE,SENSEX2640269400PE,3.70,3.80,0.05,73319.55,0.05,4.95,73319.55,73319.55,221180,66380,10762360,746928616161.00,107937,F1,20,,,,,
2026-04-02,2026-04-02,FO,BSE,IDO,881452,,SENSEX,,2026-04-16,2026-04-16,69500.00,PE,SENSEX2641669500PE,535.00,535.00,535.00,535.00,535.00,494.60,73319.55,167.75,40,40,40,2801400.00,1,F1,20,,,,,
2026-04-02,2026-04-02,FO,BSE,IDO,882151,,SENSEX,,2026-04-09,2026-04-09,68700.00,PE,SENSEX2640968700PE,265.15,293.40,137.35,149.00,144.00,190.00,73319.55,149.00,600,580,5940,409167630.00,164,F1,20,,,,,
2026-04-02,2026-04-02,FO,BSE,IDO,882203,,SENSEX,,2026-04-02,2026-04-02,69200.00,PE,SENSEX2640269200PE,3.05,3.50,0.05,73319.55,0.05,4.45,73319.55,73319.55,181740,101040,6035460,417663718245.00,53850,F1,20,,,,,
2026-04-02,2026-04-02,FO,BSE,IDO,883226,,SENSEX,,2026-04-30,2026-04-30,69000.00,PE,SENSEX26APR69000PE,1030.40,1169.45,750.00,757.35,750.00,726.15,73319.55,757.35,700,120,860,60151539.00,29,F1,20,,,,,
2026-04-02,2026-04-02,FO,BSE,IDO,883796,,SENSEX,,2026-04-02,2026-04-02,67700.00,PE,SENSEX2640267700PE,0.85,2.55,0.05,73319.55,0.05,2.20,73319.55,73319.55,101660,95420,990580,67063051747.00,7861,F1,20,,,,,
2026-04-02,2026-04-02,FO,BSE,IDO,884148,,SENSEX,,2026-04-30,2026-04-30,66500.00,PE,SENSEX26APR66500PE,550.00,555.00,550.00,551.00,551.00,386.35,73319.55,103.45,1600,1400,1600,107283880.00,11,F1,20,,,,,
2026-04-02,2026-04-02,FO,BSE,IDO,885036,,SENSEX,,2026-04-02,2026-04-02,66700.00,PE,SENSEX2640266700PE,2.00,9.00,0.05,73319.55,0.05,2.00,73319.55,73319.55,74680,64460,850720,56743710958.00,7285,F1,20,,,,,
2026-04-02,2026-04-02,FO,BSE,IDO,885390,,SENSEX,,2026-04-30,2026-04-30,66000.00,PE,SENSEX26APR66000PE,397.85,559.35,286.60,346.05,350.00,306.00,73319.55,346.05,1580,1500,3620,240679900.00,79,F1,20,,,,,
2026-04-02,2026-04-02,FO,BSE,IDO,886091,,SENSEX,,2026-04-02,2026-04-02,65400.00,PE,SENSEX2640265400PE,1.85,1.85,0.05,73319.55,0.05,1.70,73319.55,73319.55,26300,12700,108040,7065882945.00,1407,F1,20,,,,,
2026-04-02,2026-04-02,FO,BSE,IDO,1119716,,SENSEX,,2026-04-30,2026-04-30,64900.00,PE,SENSEX26APR64900PE,400.00,400.00,400.00,400.00,400.00,212.00,73319.55,39.15,20,20,20,1306000.00,1,F1,20,,,,,
2026-04-02,2026-04-02,FO,BSE,IDO,865169,,SENSEX,,2026-04-02,2026-04-02,73200.00,PE,SENSEX2640273200PE,900.00,1662.90,0.05,73319.55,0.05,480.85,73319.55,73319.55,2113300,1863260,190757300,13975653169314.00,2153810,F1,20,,,,,
2026-04-02,2026-04-02,FO,BSE,IDO,866117,,SENSEX,,2026-04-09,2026-04-09,73400.00,PE,SENSEX2640973400PE,2000.00,2200.00,1029.20,1105.45,1087.30,1236.30,73319.55,1105.45,20020,16980,54600,4071795900.00,1427,F1,20,,,,,
2026-04-02,2026-04-02,FO,BSE,IDO,866168,,SENSEX,,2026-04-09,2026-04-09,79500.00,CE,SENSEX2640979500CE,20.45,26.00,8.95,15.55,17.15,23.50,73319.55,15.55,45060,36800,150440,11962102499.00,2590,F1,20,,,,,
2026-04-02,2026-04-02,FO,BSE,IDO,866171,,SENSEX,,2026-04-09,2026-04-09,75800.00,CE,SENSEX2640975800CE,201.30,260.50,86.65,192.25,174.80,324.65,73319.55,192.25,9800,9340,41020,3116882303.00,1246,F1,20,,,,,
2026-04-02,2026-04-02,FO,BSE,IDO,866393,,SENSEX,,2026-04-09,2026-04-09,76200.00,CE,SENSEX2640976200CE,144.20,184.90,65.00,137.55,125.95,247.00,73319.55,137.55,4340,4140,19340,1476449984.00,697,F1,20,,,,,
2026-04-02,2026-04-02,FO,BSE,IDO,866394,,SENSEX,,2026-04-09,2026-04-09,78500.00,CE,SENSEX2640978500CE,16.80,37.95,16.80,24.50,22.50,98.05,73319.55,24.50,33800,33800,154300,12116392584.00,3350,F1,20,,,,,
2026-04-02,2026-04-02,FO,BSE,IDO,866484,,SENSEX,,2026-04-09,2026-04-09,79900.00,CE,SENSEX2640979900CE,12.00,17.75,6.50,13.00,15.00,38.60,73319.55,13.00,1520,1520,3760,300471759.00,57,F1,20,,,,,
2026-04-02,2026-04-02,FO,BSE,IDO,866589,,SENSEX,,2026-04-09,2026-04-09,75000.00,CE,SENSEX2640975000CE,380.00,454.05,155.25,360.60,327.00,524.00,73319.55,360.60,158620,121360,948480,71422561190.00,24179,F1,20,,,,,
2026-04-02,2026-04-02,FO,BSE,IDO,866613,,SENSEX,,2026-04-09,2026-04-09,75300.00,PE,SENSEX2640975300PE,3379.95,3644.20,3379.95,3625.00,3625.00,2435.60,73319.55,2183.55,1260,20,120,9466483.00,3,F1,20,,,,,
2026-04-02,2026-04-02,FO,BSE,IDO,866622,,SENSEX,,2026-04-09,2026-04-09,80500.00,CE,SENSEX2640980500CE,7.45,23.15,6.50,11.45,15.75,25.10,73319.55,11.45,7600,7600,33500,2697085268.00,675,F1,20,,,,,
2026-04-02,2026-04-02,FO,BSE,IDO,866645,,SENSEX,,2026-04-09,2026-04-09,81500.00,CE,SENSEX2640981500CE,10.05,18.15,5.70,8.45,18.15,9.65,73319.55,8.45,3300,2320,10260,836267686.00,169,F1,20,,,,,
2026-04-02,2026-04-02,FO,BSE,IDO,867376,,SENSEX,,2026-04-02,2026-04-02,72900.00,CE,SENSEX2640272900CE,210.25,510.00,4.30,73319.55,419.50,633.00,73319.55,73319.55,403160,337900,221006700,16130560443504.00,2765387,F1,20,,,,,
2026-04-02,2026-04-02,FO,BSE,IDO,867478,,SENSEX,,2026-04-02,2026-04-02,72900.00,PE,SENSEX2640272900PE,750.00,1359.00,0.05,73319.55,0.05,346.70,73319.55,73319.55,1381520,1122220,197247880,14391783316089.00,2538937,F1,20,,,,,
2026-04-02,2026-04-02,FO,BSE,IDO,867925,,SENSEX,,2026-04-02,2026-04-02,72700.00,CE,SENSEX2640272700CE,309.15,714.85,6.20,73319.55,619.90,764.05,73319.55,73319.55,599160,549140,225659100,16426031178750.00,2674164,F1,20,,,,,
2026-04-02,2026-04-02,FO,BSE,IDO,870269,,SENSEX,,2026-04-16,2026-04-16,90900.00,CE,SENSEX2641690900CE,4.50,5.80,4.50,5.80,5.80,0.40,73319.55,0.05,0,0,720,65451708.00,6,F1,20,,,,,
2026-04-02,2026-04-02,FO,BSE,IDO,870317,,SENSEX,,2026-04-16,2026-04-16,74900.00,PE,SENSEX2641674900PE,2759.85,2759.85,2759.85,2759.85,2759.85,2759.85,73319.55,2160.80,0,-20,20,1553197.00,1,F1,20,,,,,
2026-04-02,2026-04-02,FO,BSE,IDO,870655,,SENSEX,,2026-04-16,2026-04-16,84800.00,CE,SENSEX2641684800CE,6.25,6.50,6.25,6.50,6.50,17.10,73319.55,0.70,0,0,720,61060590.00,6,F1,20,,,,,
2026-04-02,2026-04-02,FO,BSE,IDO,870710,,SENSEX,,2026-04-16,2026-04-16,90200.00,CE,SENSEX2641690200CE,4.05,4.70,4.05,4.60,4.60,0.65,73319.55,0.05,120,120,840,75771702.00,7,F1,20,,,,,
2026-04-02,2026-04-02,FO,BSE,IDO,871451,,SENSEX,,2026-04-16,2026-04-16,78000.00,CE,SENSEX2641678000CE,150.00,180.70,98.00,151.20,111.75,205.90,73319.55,151.20,2820,2440,3600,281320581.00,76,F1,20,,,,,
2026-04-02,2026-04-02,FO,BSE,IDO,871692,,SENSEX,,2026-04-16,2026-04-16,90600.00,CE,SENSEX2641690600CE,4.50,5.50,4.50,5.50,5.50,0.50,73319.55,0.05,0,0,720,65235600.00,6,F1,20,,,,,
2026-04-02,2026-04-02,FO,BSE,IDO,872980,,SENSEX,,2026-04-16,2026-04-16,84000.00,CE,SENSEX2641684000CE,26.30,26.30,26.30,26.30,26.30,26.30,73319.55,1.50,20,20,20,1680526.00,1,F1,20,,,,,
2026-04-02,2026-04-02,FO,BSE,IDO,873188,,SENSEX,,2026-04-16,2026-04-16,75000.00,CE,SENSEX2641675000CE,900.00,900.00,750.00,786.55,775.00,1128.35,73319.55,786.55,200,200,260,19711680.00,9,F1,20,,,,,
2026-04-02,2026-04-02,FO,BSE,IDO,873273,,SENSEX,,2026-04-16,2026-04-16,89600.00,CE,SENSEX2641689600CE,4.00,4.90,4.00,4.90,4.90,0.95,73319.55,0.05,0,0,2880,258060600.00,24,F1,20,,,,,
2026-04-02,2026-04-02,FO,BSE,IDO,874650,,SENSEX,,2026-04-16,2026-04-16,87000.00,CE,SENSEX2641687000CE,4.05,5.75,4.05,5.00,5.00,4.85,73319.55,0.10,0,0,2160,187930566.00,19,F1,20,,,,,
2026-04-02,2026-04-02,FO,BSE,IDO,877271,,SENSEX,,2026-04-09,2026-04-09,72100.00,CE,SENSEX2640972100CE,1168.60,1989.65,937.15,1799.30,1820.30,1947.60,73319.55,1799.30,23540,20060,121280,8907357277.00,3536,F1,20,,,,,
2026-04-02,2026-04-02,FO,BSE,IDO,877418,,SENSEX,,2026-04-02,2026-04-02,71900.00,PE,SENSEX2640271900PE,157.90,469.00,0.05,73319.55,0.10,102.75,73319.55,73319.55,1063080,902640,131269520,9452451016245.00,1679584,F1,20,,,,,
2026-04-02,2026-04-02,FO,BSE,IDO,877473,,SENSEX,,2026-04-09,2026-04-09,72300.00,PE,SENSEX2640972300PE,1249.60,1521.20,649.45,713.85,661.95,920.20,73319.55,713.85,20320,17820,67780,4967131697.00,2147,F1,20,,,,,
2026-04-02,2026-04-02,FO,BSE,IDO,877813,,SENSEX,,2026-04-02,2026-04-02,70800.00,CE,SENSEX2640270800CE,1452.55,2597.40,764.30,73319.55,2515.10,2397.30,73319.55,73319.55,1440,-320,50180,3607550835.00,1465,F1,20,,,,,
2026-04-02,2026-04-02,FO,BSE,IDO,877897,,SENSEX,,2026-04-09,2026-04-09,71200.00,CE,SENSEX2640971200CE,1621.45,2497.10,1426.80,2479.45,2461.75,2620.00,73319.55,2479.45,2600,2180,5540,403923808.00,208,F1,20,,,,,
2026-04-02,2026-04-02,FO,BSE,IDO,877920,,SENSEX,,2026-04-09,2026-04-09,71500.00,PE,SENSEX2640971500PE,831.55,1140.60,464.25,510.40,487.15,546.10,73319.55,510.40,68080,57260,500180,36174063792.00,16705,F1,20,,,,,
2026-04-02,2026-04-02,FO,BSE,IDO,878266,,SENSEX,,2026-04-02,2026-04-02,71500.00,PE,SENSEX2640271500PE,74.45,240.50,0.05,73319.55,0.05,61.70,73319.55,73319.55,1997780,1073700,272339140,19495596513236.00,2918907,F1,20,,,,,
2026-04-02,2026-04-02,FO,BSE,IDO,878693,,SENSEX,,2026-04-16,2026-04-16,71500.00,PE,SENSEX2641671500PE,1100.00,1100.00,1000.00,1000.00,1000.00,1052.65,73319.55,545.25,0,0,40,2902000.00,2,F1,20,,,,,
2026-04-02,2026-04-02,FO,BSE,IDO,879504,,SENSEX,,2026-04-02,2026-04-02,70100.00,PE,SENSEX2640270100PE,8.20,12.00,0.05,73319.55,0.05,10.60,73319.55,73319.55,192200,29820,20880220,1463774857937.00,162649,F1,20,,,,,
2026-04-02,2026-04-02,FO,BSE,IDO,880397,,SENSEX,,2026-04-09,2026-04-09,69700.00,PE,SENSEX2640969700PE,426.70,500.00,215.95,228.80,224.60,236.35,73319.55,228.80,4040,3760,21620,1514678485.00,474,F1,20,,,,,
2026-04-02,2026-04-02,FO,BSE,IDO,880416,,SENSEX,,2026-04-09,2026-04-09,70300.00,CE,SENSEX2640970300CE,2145.30,2562.25,2073.20,2562.25,2562.25,3256.85,73319.55,3186.45,80,80,160,11593343.00,8,F1,20,,,,,
2026-04-02,2026-04-02,FO,BSE,IDO,880499,,SENSEX,,2026-04-02,2026-04-02,70500.00,PE,SENSEX2640270500PE,8.50,21.60,0.05,73319.55,0.05,16.95,73319.55,73319.55,1170640,251600,103690760,7310918356977.00,569767,F1,20,,,,,
2026-04-02,2026-04-02,FO,BSE,IDO,880575,,SENSEX,,2026-04-09,2026-04-09,69800.00,CE,SENSEX2640969800CE,2680.00,2680.00,2680.00,2680.00,2680.00,3669.75,73319.55,3648.95,20,20,20,1449600.00,1,F1,20,,,,,
2026-04-02,2026-04-02,FO,BSE,IDO,880843,,SENSEX,,2026-04-23,2026-04-23,73000.00,PE,SENSEX2642373000PE,2000.00,2000.00,2000.00,2000.00,2000.00,2031.40,73319.55,1347.30,20,20,20,1500000.00,1,F1,20,,,,,
2026-04-02,2026-04-02,FO,BSE,IDO,881867,,SENSEX,,2026-04-02,2026-04-02,68500.00,PE,SENSEX2640268500PE,1.65,3.05,0.05,73319.55,0.05,3.20,73319.55,73319.55,1122420,799380,19886160,1362224978701.00,89034,F1,20,,,,,
2026-04-02,2026-04-02,FO,BSE,IDO,882103,,SENSEX,,2026-04-02,2026-04-02,69000.00,PE,SENSEX2640269000PE,1.90,3.80,0.05,73319.55,0.05,3.75,73319.55,73319.55,1964740,1012060,36258000,2501855418103.00,160666,F1,20,,,,,
2026-04-02,2026-04-02,FO,BSE,IDO,882564,,SENSEX,,2026-04-09,2026-04-09,68600.00,PE,SENSEX2640968600PE,200.00,200.00,132.35,140.15,145.15,113.70,73319.55,140.15,1200,1200,3500,240626188.00,92,F1,20,,,,,
2026-04-02,2026-04-02,FO,BSE,IDO,882702,,SENSEX,,2026-04-16,2026-04-16,69000.00,PE,SENSEX2641669000PE,450.00,450.00,450.00,450.00,450.00,399.10,73319.55,450.00,20,20,20,1389000.00,1,F1,20,,,,,
2026-04-02,2026-04-02,FO,BSE,IDO,882952,,SENSEX,,2026-04-09,2026-04-09,68500.00,PE,SENSEX2640968500PE,261.00,287.20,123.85,131.60,128.00,105.85,73319.55,131.60,61680,61580,208520,14321711830.00,6043,F1,20,,,,,
2026-04-02,2026-04-02,FO,BSE,IDO,883153,,SENSEX,,2026-04-02,2026-04-02,68800.00,PE,SENSEX2640268800PE,1.50,3.55,0.05,73319.55,0.05,3.35,73319.55,73319.55,205820,130580,4264280,293388532906.00,30399,F1,20,,,,,
2026-04-02,2026-04-02,FO,BSE,IDO,883580,,SENSEX,,2026-04-02,2026-04-02,67400.00,PE,SENSEX2640267400PE,2.00,2.40,0.05,73319.55,0.25,2.25,73319.55,73319.55,4940,620,45820,3088309099.00,1067,F1,20,,,,,
2026-04-02,2026-04-02,FO,BSE,IDO,883691,,SENSEX,,2026-04-30,2026-04-30,68000.00,PE,SENSEX26APR68000PE,723.15,900.00,580.00,603.40,594.50,517.35,73319.55,603.40,2780,1440,5440,373887370.00,192,F1,20,,,,,
2026-04-02,2026-04-02,FO,BSE,IDO,883830,,SENSEX,,2026-04-02,2026-04-02,67900.00,PE,SENSEX2640267900PE,0.80,2.60,0.05,73319.55,0.05,2.45,73319.55,73319.55,38180,26540,465540,31610623289.00,5917,F1,20,,,,,
2026-04-02,2026-04-02,FO,BSE,IDO,883921,,SENSEX,,2026-04-09,2026-04-09,67900.00,PE,SENSEX2640967900PE,131.00,131.65,92.00,101.10,101.05,67.60,73319.55,101.10,820,820,2000,136018064.00,56,F1,20,,,,,
2026-04-02,2026-04-02,FO,BSE,IDO,884000,,SENSEX,,2026-04-09,2026-04-09,67400.00,PE,SENSEX2640967400PE,105.45,110.70,62.05,77.65,80.00,45.35,73319.55,77.65,2780,2780,27180,1834067363.00,315,F1,20,,,,,
2026-04-02,2026-04-02,FO,BSE,IDO,884032,,SENSEX,,2026-04-09,2026-04-09,67600.00,PE,SENSEX2640967600PE,106.60,183.25,81.45,89.80,86.35,75.00,73319.55,89.80,2620,2140,15420,1044183676.00,430,F1,20,,,,,
2026-04-02,2026-04-02,FO,BSE,IDO,884074,,SENSEX,,2026-04-09,2026-04-09,67800.00,PE,SENSEX2640967800PE,182.80,182.80,84.90,95.25,99.20,62.50,73319.55,95.25,440,440,2440,165711188.00,66,F1,20,,,,,
2026-04-02,2026-04-02,FO,BSE,IDO,885124,,SENSEX,,2026-04-02,2026-04-02,66000.00,PE,SENSEX2640266000PE,1.00,1.00,0.05,73319.55,0.05,1.90,73319.55,73319.55,111780,-473360,2871260,189504699221.00,9822,F1,20,,,,,
2026-04-02,2026-04-02,FO,BSE,IDO,886662,,SENSEX,,2026-04-09,2026-04-09,65100.00,PE,SENSEX2640965100PE,22.95,45.80,20.05,31.80,31.10,19.50,73319.55,31.80,244760,208900,474080,30879928450.00,5443,F1,20,,,,,
2026-04-02,2026-04-02,FO,BSE,IDO,1120022,,SENSEX,,2026-04-02,2026-04-02,64900.00,CE,SENSEX2640264900CE,8244.10,8244.10,8244.10,73319.55,8244.10,8244.10,73319.55,73319.55,20,20,20,1462882.00,1,F1,20,,,,,
2026-04-02,2026-04-02,FO,BSE,IDO,866412,,SENSEX,,2026-04-02,2026-04-02,73000.00,CE,SENSEX2640273000CE,210.00,409.60,3.70,73319.55,319.95,577.60,73319.55,73319.55,898980,510960,512201400,37428128524277.00,5719773,F1,20,,,,,
2026-04-02,2026-04-02,FO,BSE,IDO,866530,,SENSEX,,2026-04-09,2026-04-09,82500.00,PE,SENSEX2640982500PE,10150.00,10200.00,9300.00,9300.00,9300.00,9271.50,73319.55,9093.55,1140,1140,1140,105583000.00,15,F1,20,,,,,
2026-04-02,2026-04-02,FO,BSE,IDO,866560,,SENSEX,,2026-04-09,2026-04-09,75700.00,CE,SENSEX2640975700CE,213.75,275.85,164.00,214.40,189.45,338.10,73319.55,214.40,7540,6820,24380,1851035996.00,822,F1,20,,,,,
2026-04-02,2026-04-02,FO,BSE,IDO,866638,,SENSEX,,2026-04-09,2026-04-09,84500.00,PE,SENSEX2640984500PE,11950.00,11950.00,10950.00,11003.35,10960.00,11264.75,73319.55,11003.35,640,640,660,63250800.00,16,F1,20,,,,,
2026-04-02,2026-04-02,FO,BSE,IDO,867905,,SENSEX,,2026-04-02,2026-04-02,72800.00,PE,SENSEX2640272800PE,599.85,1269.00,0.05,73319.55,0.05,307.70,73319.55,73319.55,1278380,1091360,194722720,14187501454441.00,2477237,F1,20,,,,,
2026-04-02,2026-04-02,FO,BSE,IDO,869625,,SENSEX,,2026-04-16,2026-04-16,88100.00,CE,SENSEX2641688100CE,3.85,5.65,3.85,5.05,5.05,2.50,73319.55,0.05,0,0,1440,126871056.00,12,F1,20,,,,,
2026-04-02,2026-04-02,FO,BSE,IDO,869691,,SENSEX,,2026-04-16,2026-04-16,86700.00,CE,SENSEX2641686700CE,5.55,6.10,5.55,6.10,6.10,5.80,73319.55,0.10,80,80,800,69364638.00,6,F1,20,,,,,
2026-04-02,2026-04-02,FO,BSE,IDO,870093,,SENSEX,,2026-04-16,2026-04-16,86000.00,CE,SENSEX2641686000CE,5.55,5.85,5.00,5.00,5.00,8.75,73319.55,0.20,120,120,600,51603300.00,5,F1,20,,,,,
2026-04-02,2026-04-02,FO,BSE,IDO,870164,,SENSEX,,2026-04-16,2026-04-16,86900.00,CE,SENSEX2641686900CE,4.05,5.55,4.05,4.95,4.95,5.15,73319.55,0.10,0,0,2040,177285888.00,18,F1,20,,,,,
2026-04-02,2026-04-02,FO,BSE,IDO,870222,,SENSEX,,2026-04-16,2026-04-16,90000.00,CE,SENSEX2641690000CE,4.05,4.70,4.05,4.70,4.70,0.75,73319.55,0.05,0,0,720,64803150.00,6,F1,20,,,,,
2026-04-02,2026-04-02,FO,BSE,IDO,870260,,SENSEX,,2026-04-16,2026-04-16,74000.00,PE,SENSEX2641674000PE,2000.00,2000.00,2000.00,2000.00,2000.00,1840.00,73319.55,1600.95,1020,0,100,7600000.00,2,F1,20,,,,,
2026-04-02,2026-04-02,FO,BSE,IDO,872303,,SENSEX,,2026-04-16,2026-04-16,89200.00,CE,SENSEX2641689200CE,4.80,4.80,4.80,4.80,4.80,1.25,73319.55,0.05,0,0,720,64227456.00,6,F1,20,,,,,
2026-04-02,2026-04-02,FO,BSE,IDO,872339,,SENSEX,,2026-04-16,2026-04-16,85500.00,CE,SENSEX2641685500CE,5.55,6.40,3.95,3.95,3.95,11.60,73319.55,3.95,0,0,1680,143649606.00,15,F1,20,,,,,
2026-04-02,2026-04-02,FO,BSE,IDO,872615,,SENSEX,,2026-04-16,2026-04-16,90100.00,CE,SENSEX2641690100CE,4.05,4.70,4.05,4.70,4.70,0.70,73319.55,0.05,0,0,720,64875150.00,6,F1,20,,,,,
2026-04-02,2026-04-02,FO,BSE,IDO,872784,,SENSEX,,2026-04-16,2026-04-16,87100.00,CE,SENSEX2641687100CE,4.05,5.75,4.05,4.20,4.20,4.60,73319.55,0.05,0,0,1440,125430828.00,13,F1,20,,,,,
2026-04-02,2026-04-02,FO,BSE,IDO,873772,,SENSEX,,2026-04-16,2026-04-16,89800.00,CE,SENSEX2641689800CE,4.00,4.30,4.00,4.30,4.30,0.85,73319.55,0.05,0,0,720,64658988.00,6,F1,20,,,,,
2026-04-02,2026-04-02,FO,BSE,IDO,876067,,SENSEX,,2026-04-16,2026-04-16,85300.00,CE,SENSEX2641685300CE,5.55,6.70,4.00,4.00,4.00,13.00,73319.55,0.45,0,0,1680,143313702.00,15,F1,20,,,,,
2026-04-02,2026-04-02,FO,BSE,IDO,876950,,SENSEX,,2026-04-02,2026-04-02,72200.00,CE,SENSEX2640272200CE,625.00,1209.75,27.10,73319.55,1122.35,1142.55,73319.55,73319.55,272720,250160,172938920,12506518216499.00,2431351,F1,20,,,,,
2026-04-02,2026-04-02,FO,BSE,IDO,876976,,SENSEX,,2026-04-09,2026-04-09,71900.00,CE,SENSEX2640971900CE,1248.60,2146.65,1039.10,1973.00,1960.00,2090.95,73319.55,1973.00,11020,9640,72540,5313061451.00,2381,F1,20,,,,,
2026-04-02,2026-04-02,FO,BSE,IDO,877100,,SENSEX,,2026-04-16,2026-04-16,72500.00,CE,SENSEX2641672500CE,2248.95,2248.95,1758.20,2080.55,2080.90,2249.95,73319.55,2080.55,60,60,160,11922253.00,8,F1,20,,,,,
2026-04-02,2026-04-02,FO,BSE,IDO,877151,,SENSEX,,2026-04-02,2026-04-02,71800.00,PE,SENSEX2640271800PE,90.00,401.00,0.05,73319.55,0.05,90.50,73319.55,73319.55,1321600,1070600,187822000,13510918561846.00,2548622,F1,20,,,,,
2026-04-02,2026-04-02,FO,BSE,IDO,877191,,SENSEX,,2026-04-16,2026-04-16,72000.00,CE,SENSEX2641672000CE,1549.95,2466.05,1500.00,2366.00,2352.90,2538.55,73319.55,2366.00,2300,2300,4160,306501717.00,172,F1,20,,,,,
2026-04-02,2026-04-02,FO,BSE,IDO,877510,,SENSEX,,2026-04-02,2026-04-02,72100.00,CE,SENSEX2640272100CE,798.95,1314.20,37.60,73319.55,1218.15,1229.05,73319.55,73319.55,132560,90000,136206280,9839776120520.00,2119072,F1,20,,,,,
2026-04-02,2026-04-02,FO,BSE,IDO,877673,,SENSEX,,2026-04-02,2026-04-02,72100.00,PE,SENSEX2640272100PE,175.20,618.85,0.05,73319.55,0.05,130.95,73319.55,73319.55,942840,739200,124924040,9018404408730.00,1538597,F1,20,,,,,
2026-04-02,2026-04-02,FO,BSE,IDO,877691,,SENSEX,,2026-04-16,2026-04-16,71900.00,PE,SENSEX2641671900PE,1202.15,1202.15,1202.15,1202.15,1202.15,1202.15,73319.55,665.65,500,500,500,36551075.00,2,F1,20,,,,,
2026-04-02,2026-04-02,FO,BSE,IDO,877871,,SENSEX,,2026-04-30,2026-04-30,71000.00,CE,SENSEX26APR71000CE,2867.90,3900.00,2867.90,3900.00,3900.00,3915.10,73319.55,3900.00,360,360,360,26652496.00,18,F1,20,,,,,
2026-04-02,2026-04-02,FO,BSE,IDO,877956,,SENSEX,,2026-04-09,2026-04-09,71400.00,CE,SENSEX2640971400CE,1538.45,2497.45,1300.00,2399.70,2273.45,2580.00,73319.55,2399.70,2860,2000,6980,509416995.00,291,F1,20,,,,,
2026-04-02,2026-04-02,FO,BSE,IDO,878041,,SENSEX,,2026-04-02,2026-04-02,71500.00,CE,SENSEX2640271500CE,1100.00,1909.00,232.05,73319.55,1820.00,1753.75,73319.55,73319.55,280600,246100,41243780,2964376250523.00,802067,F1,20,,,,,
2026-04-02,2026-04-02,FO,BSE,IDO,878108,,SENSEX,,2026-04-02,2026-04-02,71700.00,CE,SENSEX2640271700CE,949.55,1708.70,134.70,73319.55,1618.35,1568.60,73319.55,73319.55,578920,549000,107414980,7728685617709.00,2001584,F1,20,,,,,
2026-04-02,2026-04-02,FO,BSE,IDO,878133,,SENSEX,,2026-04-02,2026-04-02,71100.00,PE,SENSEX2640271100PE,38.90,105.00,0.05,73319.55,0.05,37.40,73319.55,73319.55,441560,203500,111500660,7931906170887.00,969649,F1,20,,,,,
2026-04-02,2026-04-02,FO,BSE,IDO,878163,,SENSEX,,2026-04-02,2026-04-02,71000.00,CE,SENSEX2640271000CE,1200.00,2409.50,595.00,73319.55,2324.45,2233.85,73319.55,73319.55,54380,24520,4737240,340505859745.00,77505,F1,20,,,,,
2026-04-02,2026-04-02,FO,BSE,IDO,878344,,SENSEX,,2026-04-02,2026-04-02,71700.00,PE,SENSEX2640271700PE,99.15,340.00,0.05,73319.55,0.05,80.10,73319.55,73319.55,1696020,1499060,217543920,15627167930224.00,2954136,F1,20,,,,,
2026-04-02,2026-04-02,FO,BSE,IDO,878489,,SENSEX,,2026-04-02,2026-04-02,71200.00,PE,SENSEX2640271200PE,43.05,131.75,0.05,73319.55,0.15,42.45,73319.55,73319.55,942020,718120,151285200,10778671964007.00,1344914,F1,20,,,,,
2026-04-02,2026-04-02,FO,BSE,IDO,878558,,SENSEX,,2026-04-09,2026-04-09,70800.00,CE,SENSEX2640970800CE,1809.90,2096.10,1724.65,2054.65,2054.65,2865.25,73319.55,2742.15,40,40,140,10170113.00,7,F1,20,,,,,
2026-04-02,2026-04-02,FO,BSE,IDO,878611,,SENSEX,,2026-04-16,2026-04-16,71300.00,PE,SENSEX2641671300PE,982.90,982.90,982.90,982.90,982.90,982.90,73319.55,491.40,20,20,20,1445658.00,1,F1,20,,,,,
2026-04-02,2026-04-02,FO,BSE,IDO,879079,,SENSEX,,2026-04-02,2026-04-02,70200.00,PE,SENSEX2640270200PE,9.40,10.95,0.05,73319.55,0.05,12.15,73319.55,73319.55,324920,90640,29972540,2104185303919.00,235001,F1,20,,,,,
2026-04-02,2026-04-02,FO,BSE,IDO,880311,,SENSEX,,2026-04-02,2026-04-02,70000.00,CE,SENSEX2640270000CE,2776.65,3418.20,1560.00,73319.55,3316.95,3198.00,73319.55,73319.55,4160,-3880,60720,4367481864.00,1301,F1,20,,,,,
2026-04-02,2026-04-02,FO,BSE,IDO,881224,,SENSEX,,2026-04-09,2026-04-09,69400.00,PE,SENSEX2640969400PE,372.45,399.75,185.90,199.25,194.25,195.55,73319.55,199.25,6240,5940,17980,1252090751.00,395,F1,20,,,,,
2026-04-02,2026-04-02,FO,BSE,IDO,881773,,SENSEX,,2026-04-02,2026-04-02,68300.00,PE,SENSEX2640268300PE,4.75,4.75,0.05,73319.55,0.05,2.85,73319.55,73319.55,119380,77580,1797260,122754771656.00,13940,F1,20,,,,,
2026-04-02,2026-04-02,FO,BSE,IDO,882122,,SENSEX,,2026-04-30,2026-04-30,68500.00,PE,SENSEX26APR68500PE,1005.70,1024.75,734.25,748.35,748.35,742.45,73319.55,289.05,20,20,820,56944466.00,23,F1,20,,,,,
2026-04-02,2026-04-02,FO,BSE,IDO,882618,,SENSEX,,2026-04-02,2026-04-02,69100.00,PE,SENSEX2640269100PE,3.10,3.45,0.05,73319.55,0.05,4.10,73319.55,73319.55,199980,106020,5123000,354007536349.00,40287,F1,20,,,,,
2026-04-02,2026-04-02,FO,BSE,IDO,882714,,SENSEX,,2026-04-02,2026-04-02,69300.00,PE,SENSEX2640269300PE,3.00,3.70,0.05,73319.55,0.05,4.65,73319.55,73319.55,130880,63120,8439920,584902128662.00,81647,F1,20,,,,,
2026-04-02,2026-04-02,FO,BSE,IDO,883136,,SENSEX,,2026-04-16,2026-04-16,68500.00,PE,SENSEX2641668500PE,233.75,286.35,233.75,260.05,286.35,280.90,73319.55,260.05,20,0,40,2750402.00,2,F1,20,,,,,
2026-04-02,2026-04-02,FO,BSE,IDO,883657,,SENSEX,,2026-04-02,2026-04-02,67800.00,PE,SENSEX2640267800PE,1.95,2.50,0.05,73319.55,0.10,1.90,73319.55,73319.55,60900,-54360,907760,61546999724.00,8090,F1,20,,,,,
2026-04-02,2026-04-02,FO,BSE,IDO,883861,,SENSEX,,2026-04-30,2026-04-30,67500.00,PE,SENSEX26APR67500PE,661.00,661.00,661.00,661.00,661.00,542.45,73319.55,177.20,20,20,20,1363220.00,1,F1,20,,,,,
2026-04-02,2026-04-02,FO,BSE,IDO,885308,,SENSEX,,2026-04-02,2026-04-02,65800.00,PE,SENSEX2640265800PE,1.55,1.55,0.05,73319.55,0.05,1.75,73319.55,73319.55,3880,-3940,23540,1548943898.00,353,F1,20,,,,,
2026-04-02,2026-04-02,FO,BSE,IDO,885471,,SENSEX,,2026-04-02,2026-04-02,65300.00,PE,SENSEX2640265300PE,1.25,9.85,0.05,73319.55,0.05,1.35,73319.55,73319.55,9920,-7800,56600,3696031615.00,597,F1,20,,,,,
2026-04-02,2026-04-02,FO,BSE,IDO,885574,,SENSEX,,2026-04-02,2026-04-02,65500.00,PE,SENSEX2640265500PE,1.15,1.15,0.05,73319.55,0.05,1.70,73319.55,73319.55,46740,-508860,1723280,112875824526.00,6903,F1,20,,,,,
2026-04-02,2026-04-02,FO,BSE,IDO,885685,,SENSEX,,2026-04-02,2026-04-02,65700.00,PE,SENSEX2640265700PE,1.00,2.10,0.05,73319.55,0.05,1.85,73319.55,73319.55,9540,-560,17020,1118225990.00,262,F1,20,,,,,
2026-04-02,2026-04-02,FO,BSE,IDO,886747,,SENSEX,,2026-04-30,2026-04-30,65100.00,PE,SENSEX26APR65100PE,430.90,430.90,272.70,300.00,300.00,430.90,73319.55,300.00,3680,2500,3560,233154068.00,24,F1,20,,,,,
2026-04-02,2026-04-02,FO,BSE,IDO,1117563,,SENSEX,,2026-04-09,2026-04-09,65000.00,PE,SENSEX2640965000PE,20.05,43.45,20.05,31.60,31.00,4.70,73319.55,31.60,99180,99180,225800,14684811486.00,4988,F1,20,,,,,
2026-04-02,2026-04-02,FO,BSE,IDO,862852,,SENSEX,,2026-04-30,2026-04-30,93600.00,CE,SENSEX26APR93600CE,0.00,0.00,0.00,0.10,0.00,6.00,73319.55,0.10,40,0,0,0.00,0,F1,20,,,,,
2026-04-02,2026-04-02,FO,BSE,IDO,866118,,SENSEX,,2026-04-09,2026-04-09,75700.00,PE,SENSEX2640975700PE,0.00,0.00,0.00,2509.75,0.00,2414.35,73319.55,2509.75,1140,0,0,0.00,0,F1,20,,,,,
2026-04-02,2026-04-02,FO,BSE,IDO,849549,,BANKEX,,2026-04-30,2026-04-30,58600.00,CE,BANKEX26APR58600CE,1148.75,1148.75,1148.75,1148.75,1148.75,1813.15,58009.41,1825.10,60,30,30,1792462.50,1,F1,30,,,,,
2026-04-02,2026-04-02,FO,BSE,IDO,850215,,BANKEX,,2026-04-30,2026-04-30,62800.00,CE,BANKEX26APR62800CE,211.60,353.45,211.60,353.45,353.45,329.65,58009.41,353.45,540,240,570,35955100.50,12,F1,30,,,,,
2026-04-02,2026-04-02,FO,BSE,IDO,851708,,BANKEX,,2026-04-30,2026-04-30,62500.00,CE,BANKEX26APR62500CE,235.05,406.80,223.65,402.85,406.80,377.95,58009.41,402.85,540,300,1890,118631260.50,42,F1,30,,,,,
2026-04-02,2026-04-02,FO,BSE,IDO,853867,,BANKEX,,2026-04-30,2026-04-30,59400.00,CE,BANKEX26APR59400CE,816.90,836.75,816.90,830.75,830.75,1366.90,58009.41,1487.00,60,0,150,9034141.50,3,F1,30,,,,,
2026-04-02,2026-04-02,FO,BSE,IDO,858236,,BANKEX,,2026-04-30,2026-04-30,56600.00,PE,BANKEX26APR56600PE,1715.80,1730.85,1524.85,1524.85,1524.85,1228.80,58009.41,1243.50,120,60,360,20979423.00,7,F1,30,,,,,
2026-04-02,2026-04-02,FO,BSE,IDO,858376,,BANKEX,,2026-04-30,2026-04-30,56700.00,CE,BANKEX26APR56700CE,1994.15,2167.10,1994.15,2167.10,2167.10,2604.35,58009.41,2830.35,120,120,120,7053675.00,2,F1,30,,,,,
2026-04-02,2026-04-02,FO,BSE,IDO,858528,,BANKEX,,2026-04-30,2026-04-30,56300.00,PE,BANKEX26APR56300PE,1584.35,1584.35,1300.80,1300.80,1300.80,1130.20,58009.41,1300.80,210,150,390,22554423.00,11,F1,30,,,,,
2026-04-02,2026-04-02,FO,BSE,IDO,859037,,BANKEX,,2026-04-30,2026-04-30,57100.00,CE,BANKEX26APR57100CE,1811.70,1814.20,1745.55,1814.20,1814.20,2368.55,58009.41,2594.80,120,120,360,21198690.00,8,F1,30,,,,,
2026-04-02,2026-04-02,FO,BSE,IDO,859461,,BANKEX,,2026-04-30,2026-04-30,57300.00,PE,BANKEX26APR57300PE,2066.40,2066.40,1514.40,1514.40,1514.40,1474.70,58009.41,1514.40,60,0,120,7090848.00,2,F1,30,,,,,
2026-04-02,2026-04-02,FO,BSE,IDO,882555,,BANKEX,,2026-04-30,2026-04-30,55400.00,PE,BANKEX26APR55400PE,1400.00,1400.00,1200.95,1200.95,1200.95,738.65,58009.41,838.75,120,120,180,10201065.00,4,F1,30,,,,,
2026-04-02,2026-04-02,FO,BSE,IDO,882831,,BANKEX,,2026-04-30,2026-04-30,55100.00,PE,BANKEX26APR55100PE,1129.35,1129.35,1010.95,1010.95,1010.95,657.30,58009.41,754.20,180,180,240,13488025.50,5,F1,30,,,,,
2026-04-02,2026-04-02,FO,BSE,IDO,883276,,BANKEX,,2026-04-30,2026-04-30,55200.00,PE,BANKEX26APR55200PE,1136.85,1136.85,1136.20,1136.20,1136.20,683.65,58009.41,781.70,120,120,120,6760383.00,2,F1,30,,,,,
2026-04-02,2026-04-02,FO,BSE,IDO,883481,,BANKEX,,2026-05-27,2026-05-27,53300.00,PE,BANKEX26MAY53300PE,650.00,650.00,560.00,560.00,560.00,691.95,58009.41,839.70,30,30,60,3234300.00,2,F1,30,,,,,
2026-04-02,2026-04-02,FO,BSE,IDO,848597,,SENSEX,,2026-04-30,2026-04-30,73800.00,CE,SENSEX26APR73800CE,1537.30,1997.30,1520.30,1971.60,1945.90,2002.40,73319.55,1971.60,120,20,120,9058080.00,5,F1,20,,,,,
2026-04-02,2026-04-02,FO,BSE,IDO,848800,,SENSEX,,2026-04-30,2026-04-30,73200.00,PE,SENSEX26APR73200PE,2640.90,2750.00,1917.00,1918.25,1917.00,1917.65,73319.55,1918.25,840,100,220,16580459.00,10,F1,20,,,,,
2026-04-02,2026-04-02,FO,BSE,IDO,849086,,SENSEX,,2026-04-30,2026-04-30,75400.00,CE,SENSEX26APR75400CE,792.85,1256.90,773.85,1220.20,1188.60,1224.65,73319.55,1220.20,80,-40,240,18348448.00,9,F1,20,,,,,
2026-04-02,2026-04-02,FO,BSE,IDO,850426,,SENSEX,,2026-04-30,2026-04-30,76800.00,CE,SENSEX26APR76800CE,475.75,749.35,446.35,727.90,713.00,764.80,73319.55,727.90,420,200,1020,78933758.00,29,F1,20,,,,,
2026-04-02,2026-04-02,FO,BSE,IDO,850917,,SENSEX,,2026-04-30,2026-04-30,74700.00,CE,SENSEX26APR74700CE,1003.95,1513.45,1003.95,1499.75,1499.75,1655.80,73319.55,1391.55,140,-20,240,18232815.00,9,F1,20,,,,,
2026-04-02,2026-04-02,FO,BSE,IDO,850940,,SENSEX,,2026-04-30,2026-04-30,86100.00,CE,SENSEX26APR86100CE,29.00,29.00,29.00,29.00,29.00,94.35,73319.55,11.60,40,20,40,3445160.00,2,F1,20,,,,,
2026-04-02,2026-04-02,FO,BSE,IDO,851090,,SENSEX,,2026-04-30,2026-04-30,74100.00,PE,SENSEX26APR74100PE,2347.55,2378.45,2273.65,2273.65,2273.65,2168.50,73319.55,2273.65,180,100,100,7644242.00,5,F1,20,,,,,
2026-04-02,2026-04-02,FO,BSE,IDO,852109,,SENSEX,,2026-04-30,2026-04-30,90500.00,CE,SENSEX26APR90500CE,8.05,8.05,8.05,8.05,8.05,20.00,73319.55,0.85,100,100,100,9050805.00,2,F1,20,,,,,
2026-04-02,2026-04-02,FO,BSE,IDO,853727,,SENSEX,,2026-04-30,2026-04-30,73500.00,CE,SENSEX26APR73500CE,1565.65,2284.55,1477.00,2175.50,2125.65,2207.60,73319.55,2175.50,5680,520,4360,328314362.00,203,F1,20,,,,,
2026-04-02,2026-04-02,FO,BSE,IDO,854203,,SENSEX,,2026-04-30,2026-04-30,75100.00,CE,SENSEX26APR75100CE,884.95,1389.35,884.95,1350.80,1319.40,1430.65,73319.55,1350.80,80,-40,280,21345310.00,11,F1,20,,,,,
2026-04-02,2026-04-02,FO,BSE,IDO,855228,,SENSEX,,2026-04-30,2026-04-30,77800.00,CE,SENSEX26APR77800CE,302.85,477.30,290.20,459.40,451.70,504.45,73319.55,459.40,960,240,1160,90672860.00,46,F1,20,,,,,
2026-04-02,2026-04-02,FO,BSE,IDO,855714,,SENSEX,,2026-04-30,2026-04-30,75700.00,CE,SENSEX26APR75700CE,746.70,1128.20,702.30,1096.15,1066.00,1151.60,73319.55,1096.15,120,-40,280,21448790.00,10,F1,20,,,,,
2026-04-02,2026-04-02,FO,BSE,IDO,857547,,SENSEX,,2026-04-30,2026-04-30,72800.00,CE,SENSEX26APR72800CE,2038.55,2127.75,2019.40,2127.75,2127.75,2600.00,73319.55,2294.75,100,0,100,7486106.00,4,F1,20,,,,,
2026-04-02,2026-04-02,FO,BSE,IDO,858326,,SENSEX,,2026-04-30,2026-04-30,71500.00,PE,SENSEX26APR71500PE,1740.10,2014.05,1309.50,1344.50,1309.50,1321.40,73319.55,1344.50,2000,1340,7080,519379767.00,305,F1,20,,,,,
2026-04-02,2026-04-02,FO,BSE,IDO,858387,,SENSEX,,2026-04-30,2026-04-30,72500.00,PE,SENSEX26APR72500PE,2205.55,2420.95,1564.30,1648.75,1603.40,1612.40,73319.55,1648.75,9440,2260,5580,415400796.00,257,F1,20,,,,,
2026-04-02,2026-04-02,FO,BSE,IDO,858689,,SENSEX,,2026-04-30,2026-04-30,72200.00,PE,SENSEX26APR72200PE,2133.50,2133.50,1469.00,1518.80,1469.00,1525.90,73319.55,1518.80,400,140,300,22164003.00,11,F1,20,,,,,
2026-04-02,2026-04-02,FO,BSE,IDO,858794,,SENSEX,,2026-04-30,2026-04-30,72400.00,PE,SENSEX26APR72400PE,2186.35,2186.35,1604.40,1618.95,1604.40,1588.70,73319.55,1618.95,420,100,240,17829653.00,10,F1,20,,,,,
2026-04-02,2026-04-02,FO,BSE,IDO,863821,,SENSEX,,2026-04-02,2026-04-02,80600.00,CE,SENSEX2640280600CE,0.60,3.00,0.05,73319.55,0.10,1.00,73319.55,73319.55,4800,-5460,16260,1310565195.00,189,F1,20,,,,,
2026-04-02,2026-04-02,FO,BSE,IDO,863885,,SENSEX,,2026-04-02,2026-04-02,88200.00,CE,SENSEX2640288200CE,0.45,0.90,0.05,73319.55,0.05,0.50,73319.55,73319.55,8080,-2520,12760,1125436560.00,134,F1,20,,,,,
2026-04-02,2026-04-02,FO,BSE,IDO,863913,,SENSEX,,2026-04-02,2026-04-02,74800.00,PE,SENSEX2640274800PE,2999.85,3274.90,1477.50,73319.55,1477.50,1688.85,73319.55,73319.55,13540,-6660,15860,1218916463.00,521,F1,20,,,,,
2026-04-02,2026-04-02,FO,BSE,IDO,863951,,SENSEX,,2026-04-02,2026-04-02,84700.00,CE,SENSEX2640284700CE,3.20,3.25,0.05,73319.55,0.50,0.40,73319.55,73319.55,2260,-1540,10360,877498135.00,141,F1,20,,,,,
2026-04-02,2026-04-02,FO,BSE,IDF,853626,,BANKEX,,2026-04-30,2026-04-30,,,BANKEX26APRFUT,57999.90,58250.00,57808.20,58034.90,57901.10,58490.00,58009.41,58034.90,180,180,240,13926246.00,8,F1,30,,,,,
2026-04-02,2026-04-02,FO,BSE,IDO,848519,,BANKEX,,2026-04-30,2026-04-30,58200.00,CE,BANKEX26APR58200CE,1609.85,1609.85,1609.85,1609.85,1609.85,1941.25,58009.41,2012.85,540,30,30,1794295.50,1,F1,30,,,,,
2026-04-02,2026-04-02,FO,BSE,IDO,849750,,BANKEX,,2026-04-30,2026-04-30,58000.00,PE,BANKEX26APR58000PE,2548.95,2664.55,2473.00,2473.00,2473.00,1811.25,58009.41,1857.85,30,-90,180,10901161.50,5,F1,30,,,,,
2026-04-02,2026-04-02,FO,BSE,IDO,851216,,BANKEX,,2026-04-30,2026-04-30,60900.00,CE,BANKEX26APR60900CE,461.90,477.30,447.70,477.30,477.30,766.20,58009.41,980.05,1530,60,180,11045214.00,3,F1,30,,,,,
2026-04-02,2026-04-02,FO,BSE,IDO,851702,,BANKEX,,2026-04-30,2026-04-30,60200.00,CE,BANKEX26APR60200CE,623.30,644.95,596.50,644.95,644.95,989.25,58009.41,1196.90,180,90,210,12771471.00,5,F1,30,,,,,
2026-04-02,2026-04-02,FO,BSE,IDO,851869,,BANKEX,,2026-04-30,2026-04-30,59500.00,CE,BANKEX26APR59500CE,803.10,1262.95,803.10,1262.95,1262.95,1319.65,58009.41,1262.95,60,-30,210,12689097.00,5,F1,30,,,,,
2026-04-02,2026-04-02,FO,BSE,IDO,852224,,BANKEX,,2026-04-30,2026-04-30,60400.00,CE,BANKEX26APR60400CE,561.65,561.65,561.65,561.65,561.65,937.60,58009.41,1131.55,120,60,60,3657699.00,1,F1,30,,,,,
2026-04-02,2026-04-02,FO,BSE,IDO,852890,,BANKEX,,2026-04-30,2026-04-30,60000.00,PE,BANKEX26APR60000PE,2707.65,2707.65,2707.65,2707.65,2707.65,2765.95,58009.41,2707.65,210,0,30,1881229.50,1,F1,30,,,,,
2026-04-02,2026-04-02,FO,BSE,IDO,854459,,BANKEX,,2026-04-30,2026-04-30,65000.00,CE,BANKEX26APR65000CE,103.65,103.65,61.65,61.65,61.65,103.65,58009.41,251.85,60,0,60,3904959.00,2,F1,30,,,,,
2026-04-02,2026-04-02,FO,BSE,IDO,855987,,BANKEX,,2026-04-30,2026-04-30,61000.00,CE,BANKEX26APR61000CE,442.30,442.30,442.30,442.30,442.30,746.60,58009.41,951.70,210,60,60,3686538.00,1,F1,30,,,,,
2026-04-02,2026-04-02,FO,BSE,IDO,856201,,BANKEX,,2026-04-30,2026-04-30,58900.00,CE,BANKEX26APR58900CE,1033.45,1033.45,1033.45,1033.45,1033.45,1604.20,58009.41,1692.50,60,0,120,7192014.00,2,F1,30,,,,,
2026-04-02,2026-04-02,FO,BSE,IDO,856522,,BANKEX,,2026-04-30,2026-04-30,61200.00,CE,BANKEX26APR61200CE,405.15,444.00,396.60,444.00,444.00,677.60,58009.41,897.00,240,120,390,24028026.00,9,F1,30,,,,,
2026-04-02,2026-04-02,FO,BSE,IDO,857875,,BANKEX,,2026-04-30,2026-04-30,57700.00,CE,BANKEX26APR57700CE,1505.20,1505.20,1505.20,1505.20,1505.20,2040.80,58009.41,2265.35,60,60,60,3552312.00,1,F1,30,,,,,
2026-04-02,2026-04-02,FO,BSE,IDO,858420,,BANKEX,,2026-04-30,2026-04-30,56100.00,PE,BANKEX26APR56100PE,1694.40,1694.40,1343.20,1357.80,1357.80,955.85,58009.41,1061.60,180,180,360,20751778.50,9,F1,30,,,,,
2026-04-02,2026-04-02,FO,BSE,IDO,858733,,BANKEX,,2026-04-30,2026-04-30,57400.00,CE,BANKEX26APR57400CE,1638.70,1638.70,1632.60,1632.60,1632.60,2200.75,58009.41,2426.50,120,120,120,7084278.00,2,F1,30,,,,,
2026-04-02,2026-04-02,FO,BSE,IDO,881474,,BANKEX,,2026-04-30,2026-04-30,56000.00,PE,BANKEX26APR56000PE,1366.85,1400.85,1100.45,1108.30,1100.45,976.20,58009.41,1108.30,150,0,180,10312560.00,4,F1,30,,,,,
2026-04-02,2026-04-02,FO,BSE,IDO,881521,,BANKEX,,2026-04-30,2026-04-30,55800.00,PE,BANKEX26APR55800PE,1344.35,1344.35,1326.85,1326.85,1326.85,857.95,58009.41,961.65,120,120,120,6856272.00,2,F1,30,,,,,
2026-04-02,2026-04-02,FO,BSE,IDO,881632,,BANKEX,,2026-04-30,2026-04-30,55700.00,PE,BANKEX26APR55700PE,1306.90,1306.90,976.40,1024.25,976.40,826.95,58009.41,1024.25,120,120,180,10243651.50,4,F1,30,,,,,
2026-04-02,2026-04-02,FO,BSE,IDO,848919,,SENSEX,,2026-04-30,2026-04-30,74800.00,CE,SENSEX26APR74800CE,969.30,1511.30,969.30,1481.60,1455.50,1600.65,73319.55,1481.60,80,-80,240,18256796.00,9,F1,20,,,,,
2026-04-02,2026-04-02,FO,BSE,IDO,849836,,SENSEX,,2026-04-30,2026-04-30,73600.00,PE,SENSEX26APR73600PE,2081.75,2677.30,2081.75,2157.75,2157.75,2068.30,73319.55,1847.95,440,80,260,19713403.00,8,F1,20,,,,,
2026-04-02,2026-04-02,FO,BSE,IDO,850807,,SENSEX,,2026-04-30,2026-04-30,73100.00,PE,SENSEX26APR73100PE,2546.60,2639.80,1832.55,1846.30,1860.00,1850.70,73319.55,1846.30,640,-80,520,39198919.00,20,F1,20,,,,,
2026-04-02,2026-04-02,FO,BSE,IDO,851366,,SENSEX,,2026-04-30,2026-04-30,76300.00,CE,SENSEX26APR76300CE,586.40,915.25,541.45,876.40,848.80,929.35,73319.55,876.40,240,-60,440,33876272.00,19,F1,20,,,,,
2026-04-02,2026-04-02,FO,BSE,IDO,852983,,SENSEX,,2026-04-30,2026-04-30,80000.00,CE,SENSEX26APR80000CE,185.00,185.00,82.00,170.80,172.00,187.25,73319.55,170.80,32040,2720,59720,4785294698.00,1207,F1,20,,,,,
2026-04-02,2026-04-02,FO,BSE,IDO,853217,,SENSEX,,2026-04-30,2026-04-30,75600.00,CE,SENSEX26APR75600CE,796.30,1161.85,733.20,1126.90,1102.90,1189.35,73319.55,1126.90,100,-40,340,26015518.00,13,F1,20,,,,,
2026-04-02,2026-04-02,FO,BSE,IDO,853386,,SENSEX,,2026-04-30,2026-04-30,76200.00,CE,SENSEX26APR76200CE,612.50,951.70,575.05,911.00,880.10,963.85,73319.55,911.00,180,-100,440,33843187.00,19,F1,20,,,,,
2026-04-02,2026-04-02,FO,BSE,IDO,853690,,SENSEX,,2026-04-30,2026-04-30,77200.00,CE,SENSEX26APR77200CE,392.35,631.95,383.40,609.90,587.95,649.10,73319.55,609.90,200,0,700,54383227.00,27,F1,20,,,,,
2026-04-02,2026-04-02,FO,BSE,IDO,854898,,SENSEX,,2026-04-30,2026-04-30,77000.00,PE,SENSEX26APR77000PE,5127.70,5127.70,4047.00,4047.00,4047.00,4029.25,73319.55,4047.00,7080,-80,420,34364311.00,18,F1,20,,,,,
2026-04-02,2026-04-02,FO,BSE,IDO,857969,,SENSEX,,2026-04-30,2026-04-30,73000.00,PE,SENSEX26APR73000PE,1806.75,2662.40,1688.85,1797.55,1828.10,1806.75,73319.55,1797.55,11800,1760,10280,772838722.00,439,F1,20,,,,,
2026-04-02,2026-04-02,FO,BSE,IDO,858109,,SENSEX,,2026-04-30,2026-04-30,71700.00,CE,SENSEX26APR71700CE,2389.25,2389.25,2389.25,2389.25,2389.25,3487.40,73319.55,2956.75,40,40,40,2963570.00,1,F1,20,,,,,
2026-04-02,2026-04-02,FO,BSE,IDO,858553,,SENSEX,,2026-04-30,2026-04-30,72600.00,CE,SENSEX26APR72600CE,2149.00,2932.25,2136.70,2932.25,2932.25,3164.65,73319.55,2932.25,80,-60,200,14998239.00,8,F1,20,,,,,
2026-04-02,2026-04-02,FO,BSE,IDO,859255,,SENSEX,,2026-04-30,2026-04-30,71900.00,PE,SENSEX26APR71900PE,1857.10,1857.10,1550.80,1550.80,1550.80,1330.25,73319.55,1106.65,200,60,80,5891268.00,4,F1,20,,,,,
2026-04-02,2026-04-02,FO,BSE,IDO,859437,,SENSEX,,2026-04-30,2026-04-30,71400.00,PE,SENSEX26APR71400PE,1347.55,1347.55,1331.65,1331.65,1331.65,1233.95,73319.55,934.30,160,40,40,2909584.00,2,F1,20,,,,,
2026-04-02,2026-04-02,FO,BSE,IDO,863812,,SENSEX,,2026-04-02,2026-04-02,86600.00,CE,SENSEX2640286600CE,0.65,1.65,0.10,73319.55,0.10,0.35,73319.55,73319.55,1060,800,5460,472838717.00,39,F1,20,,,,,
2026-04-02,2026-04-02,FO,BSE,IDO,863906,,SENSEX,,2026-04-02,2026-04-02,76200.00,PE,SENSEX2640276200PE,4600.00,4600.00,2899.25,73319.55,2899.25,2696.95,73319.55,73319.55,4220,-460,620,49401558.00,15,F1,20,,,,,
2026-04-02,2026-04-02,FO,BSE,IDO,849618,,BANKEX,,2026-04-30,2026-04-30,64000.00,CE,BANKEX26APR64000CE,140.00,140.00,102.70,119.00,119.00,159.65,58009.41,361.20,930,630,1560,100030146.00,22,F1,30,,,,,
2026-04-02,2026-04-02,FO,BSE,IDO,850213,,BANKEX,,2026-04-30,2026-04-30,60500.00,CE,BANKEX26APR60500CE,756.55,756.55,530.20,540.00,540.00,913.70,58009.41,1099.90,180,60,210,12831529.50,6,F1,30,,,,,
2026-04-02,2026-04-02,FO,BSE,IDO,852371,,BANKEX,,2026-04-30,2026-04-30,59700.00,CE,BANKEX26APR59700CE,744.35,753.20,744.35,753.20,753.20,1189.60,58009.41,1372.75,60,0,120,7253805.00,3,F1,30,,,,,
2026-04-02,2026-04-02,FO,BSE,IDO,853987,,BANKEX,,2026-04-30,2026-04-30,61100.00,CE,BANKEX26APR61100CE,425.65,665.60,414.45,665.60,665.60,707.20,58009.41,924.05,180,60,300,18478594.50,6,F1,30,,,,,
2026-04-02,2026-04-02,FO,BSE,IDO,855518,,BANKEX,,2026-04-30,2026-04-30,61700.00,CE,BANKEX26APR61700CE,327.60,485.15,319.85,485.15,485.15,567.75,58009.41,770.95,300,60,420,26062303.50,10,F1,30,,,,,
2026-04-02,2026-04-02,FO,BSE,IDO,856343,,BANKEX,,2026-04-30,2026-04-30,62900.00,CE,BANKEX26APR62900CE,200.80,335.40,200.80,335.40,335.40,315.80,58009.41,335.40,540,120,600,37902201.00,10,F1,30,,,,,
2026-04-02,2026-04-02,FO,BSE,IDO,857681,,BANKEX,,2026-04-30,2026-04-30,57800.00,CE,BANKEX26APR57800CE,1484.80,1484.80,1484.80,1484.80,1484.80,1989.25,58009.41,2213.25,60,60,60,3557088.00,1,F1,30,,,,,
2026-04-02,2026-04-02,FO,BSE,IDO,858279,,BANKEX,,2026-04-30,2026-04-30,56500.00,CE,BANKEX26APR56500CE,2105.10,2105.10,2105.10,2105.10,2105.10,2727.35,58009.41,2952.90,60,60,60,3516306.00,1,F1,30,,,,,
2026-04-02,2026-04-02,FO,BSE,IDO,858634,,BANKEX,,2026-04-30,2026-04-30,57200.00,CE,BANKEX26APR57200CE,1718.60,1730.40,1701.05,1730.40,1730.40,2311.75,58009.41,2537.90,120,120,240,14139255.00,5,F1,30,,,,,
2026-04-02,2026-04-02,FO,BSE,IDO,858724,,BANKEX,,2026-04-30,2026-04-30,56700.00,PE,BANKEX26APR56700PE,1695.60,1695.60,1555.90,1555.90,1555.90,1219.00,58009.41,1282.25,60,0,240,14005578.00,4,F1,30,,,,,
2026-04-02,2026-04-02,FO,BSE,IDO,849349,,SENSEX,,2026-04-30,2026-04-30,76400.00,CE,SENSEX26APR76400CE,566.90,879.00,529.25,855.50,825.65,890.70,73319.55,855.50,160,-60,360,27742130.00,15,F1,20,,,,,
2026-04-02,2026-04-02,FO,BSE,IDO,849573,,SENSEX,,2026-04-30,2026-04-30,73300.00,CE,SENSEX26APR73300CE,1782.30,2276.80,1762.75,2257.40,2237.95,2282.35,73319.55,2257.40,120,0,140,10538568.00,6,F1,20,,,,,
2026-04-02,2026-04-02,FO,BSE,IDO,850421,,SENSEX,,2026-04-30,2026-04-30,74500.00,CE,SENSEX26APR74500CE,1149.45,1733.65,1076.35,1636.60,1576.85,1681.70,73319.55,1636.60,5820,-360,3860,293274119.00,162,F1,20,,,,,
2026-04-02,2026-04-02,FO,BSE,IDO,851905,,SENSEX,,2026-04-30,2026-04-30,76500.00,CE,SENSEX26APR76500CE,550.00,842.70,495.00,813.70,784.85,863.05,73319.55,813.70,1500,-1340,3600,277564367.00,147,F1,20,,,,,
2026-04-02,2026-04-02,FO,BSE,IDO,852399,,SENSEX,,2026-04-30,2026-04-30,74400.00,CE,SENSEX26APR74400CE,1211.85,1726.75,1109.15,1702.15,1631.65,1696.55,73319.55,1702.15,240,0,260,19714220.00,9,F1,20,,,,,
2026-04-02,2026-04-02,FO,BSE,IDO,852403,,SENSEX,,2026-04-30,2026-04-30,76700.00,CE,SENSEX26APR76700CE,486.70,762.35,465.00,742.95,723.25,795.05,73319.55,742.95,120,-80,600,46371623.00,23,F1,20,,,,,
2026-04-02,2026-04-02,FO,BSE,IDO,852719,,SENSEX,,2026-04-30,2026-04-30,77700.00,CE,SENSEX26APR77700CE,316.30,508.95,308.00,488.60,474.35,523.40,73319.55,488.60,500,200,820,64040293.00,32,F1,20,,,,,
2026-04-02,2026-04-02,FO,BSE,IDO,852934,,SENSEX,,2026-04-30,2026-04-30,86000.00,CE,SENSEX26APR86000CE,30.00,30.00,21.00,25.20,25.20,46.85,73319.55,12.25,1520,60,240,20646009.00,10,F1,20,,,,,
2026-04-02,2026-04-02,FO,BSE,IDO,853095,,SENSEX,,2026-04-30,2026-04-30,74000.00,PE,SENSEX26APR74000PE,2931.25,3200.50,2100.00,2217.55,2250.00,2222.20,73319.55,2217.55,17140,200,11500,880527609.00,418,F1,20,,,,,
2026-04-02,2026-04-02,FO,BSE,IDO,853630,,SENSEX,,2026-04-30,2026-04-30,74200.00,PE,SENSEX26APR74200PE,2386.00,2426.60,2386.00,2426.60,2426.60,2221.25,73319.55,2167.95,180,80,80,6128435.00,3,F1,20,,,,,
2026-04-02,2026-04-02,FO,BSE,IDO,853634,,SENSEX,,2026-04-30,2026-04-30,76500.00,PE,SENSEX26APR76500PE,4738.30,4738.30,3745.50,3802.60,3745.50,3678.85,73319.55,3802.60,1520,260,420,33775832.00,17,F1,20,,,,,
2026-04-02,2026-04-02,FO,BSE,IDO,854447,,SENSEX,,2026-04-30,2026-04-30,88000.00,CE,SENSEX26APR88000CE,21.05,21.05,21.05,21.05,21.05,49.40,73319.55,3.90,100,100,100,8802105.00,1,F1,20,,,,,
2026-04-02,2026-04-02,FO,BSE,IDO,855222,,SENSEX,,2026-04-30,2026-04-30,75500.00,CE,SENSEX26APR75500CE,805.25,1251.55,738.65,1228.25,1145.55,1237.80,73319.55,1228.25,2780,-2380,5000,381715761.00,217,F1,20,,,,,
2026-04-02,2026-04-02,FO,BSE,IDO,857705,,SENSEX,,2026-04-30,2026-04-30,72800.00,PE,SENSEX26APR72800PE,2430.85,2430.85,1800.00,1800.00,1800.00,1748.65,73319.55,1800.00,220,100,100,7486678.00,4,F1,20,,,,,
2026-04-02,2026-04-02,FO,BSE,IDO,858015,,SENSEX,,2026-04-30,2026-04-30,71500.00,CE,SENSEX26APR71500CE,2615.05,3482.60,2507.00,3482.60,3482.60,3606.50,73319.55,3482.60,560,0,4180,309938450.00,204,F1,20,,,,,
2026-04-02,2026-04-02,FO,BSE,IDO,858448,,SENSEX,,2026-04-30,2026-04-30,72400.00,CE,SENSEX26APR72400CE,2129.35,2932.45,2129.35,2932.45,2932.45,3062.80,73319.55,2523.80,160,60,220,16444587.00,4,F1,20,,,,,
2026-04-02,2026-04-02,FO,BSE,IDO,859196,,SENSEX,,2026-04-30,2026-04-30,72300.00,PE,SENSEX26APR72300PE,2224.45,2224.45,1555.70,1556.75,1555.70,1576.00,73319.55,1556.75,340,200,420,31169333.00,20,F1,20,,,,,
2026-04-02,2026-04-02,FO,BSE,IDO,863799,,SENSEX,,2026-04-02,2026-04-02,78900.00,CE,SENSEX2640278900CE,1.00,2.25,0.05,73319.55,0.05,1.25,73319.55,73319.55,21580,3700,53440,4216438665.00,547,F1,20,,,,,
2026-04-02,2026-04-02,FO,BSE,IDO,863814,,SENSEX,,2026-04-02,2026-04-02,88900.00,CE,SENSEX2640288900CE,0.50,0.90,0.25,73319.55,0.30,0.55,73319.55,73319.55,560,0,940,83566354.00,13,F1,20,,,,,
2026-04-02,2026-04-02,FO,BSE,IDO,863842,,SENSEX,,2026-04-02,2026-04-02,74600.00,PE,SENSEX2640274600PE,2744.80,3037.90,1199.00,73319.55,1279.25,1493.75,73319.55,73319.55,20300,-8180,20520,1573216064.00,630,F1,20,,,,,
2026-04-02,2026-04-02,FO,BSE,IDO,863846,,SENSEX,,2026-04-02,2026-04-02,86000.00,PE,SENSEX2640286000PE,14240.00,14240.00,14230.00,73319.55,14230.00,12852.75,73319.55,73319.55,60,0,60,6014000.00,3,F1,20,,,,,
2026-04-02,2026-04-02,FO,BSE,IDO,863851,,SENSEX,,2026-04-02,2026-04-02,79900.00,CE,SENSEX2640279900CE,2.10,2.10,0.05,73319.55,0.05,1.15,73319.55,73319.55,11980,-12600,57140,4565522657.00,589,F1,20,,,,,
2026-04-02,2026-04-02,FO,BSE,IDO,863853,,SENSEX,,2026-04-02,2026-04-02,80000.00,PE,SENSEX2640280000PE,8350.00,8458.25,6626.00,73319.55,6690.15,6824.00,73319.55,73319.55,11500,-7320,19140,1680565867.00,416,F1,20,,,,,
2026-04-02,2026-04-02,FO,BSE,IDO,863897,,SENSEX,,2026-04-02,2026-04-02,80800.00,CE,SENSEX2640280800CE,0.90,1.45,0.10,73319.55,0.10,0.85,73319.55,73319.55,4920,-1940,7460,602773125.00,108,F1,20,,,,,
2026-04-02,2026-04-02,FO,BSE,IDO,849050,,BANKEX,,2026-04-30,2026-04-30,58400.00,CE,BANKEX26APR58400CE,1215.80,1215.80,1215.80,1215.80,1215.80,1791.70,58009.41,1917.35,120,-60,60,3576948.00,1,F1,30,,,,,
2026-04-02,2026-04-02,FO,BSE,IDO,849317,,BANKEX,,2026-04-30,2026-04-30,63000.00,CE,BANKEX26APR63000CE,189.00,320.35,143.65,309.95,310.95,300.50,58009.41,309.95,3630,3180,5190,328006416.00,90,F1,30,,,,,
2026-04-02,2026-04-02,FO,BSE,IDO,849675,,BANKEX,,2026-04-30,2026-04-30,62600.00,CE,BANKEX26APR62600CE,226.60,387.10,226.60,387.10,387.10,362.90,58009.41,387.10,480,240,720,45288840.00,13,F1,30,,,,,
2026-04-02,2026-04-02,FO,BSE,IDO,851046,,BANKEX,,2026-04-30,2026-04-30,58300.00,CE,BANKEX26APR58300CE,1268.40,1275.40,1268.40,1275.40,1275.40,1919.10,58009.41,1964.70,60,0,120,7148628.00,2,F1,30,,,,,
2026-04-02,2026-04-02,FO,BSE,IDO,851161,,BANKEX,,2026-04-30,2026-04-30,62300.00,CE,BANKEX26APR62300CE,259.50,385.65,250.00,385.65,385.65,414.15,58009.41,638.75,360,240,720,45062580.00,12,F1,30,,,,,
2026-04-02,2026-04-02,FO,BSE,IDO,851582,,BANKEX,,2026-04-30,2026-04-30,58500.00,CE,BANKEX26APR58500CE,1186.55,1197.00,1186.55,1197.00,1197.00,1811.50,58009.41,1870.85,60,0,120,7163013.00,2,F1,30,,,,,
2026-04-02,2026-04-02,FO,BSE,IDO,852029,,BANKEX,,2026-04-30,2026-04-30,72800.00,PE,BANKEX26APR72800PE,13872.60,13872.60,13872.60,13872.60,13872.60,14602.75,58009.41,14492.35,180,180,180,15601068.00,1,F1,30,,,,,
2026-04-02,2026-04-02,FO,BSE,IDO,852227,,BANKEX,,2026-04-30,2026-04-30,62700.00,CE,BANKEX26APR62700CE,218.15,368.70,217.00,368.70,368.70,346.80,58009.41,368.70,540,240,540,34005408.00,9,F1,30,,,,,
2026-04-02,2026-04-02,FO,BSE,IDO,852728,,BANKEX,,2026-04-30,2026-04-30,60600.00,CE,BANKEX26APR60600CE,526.35,526.35,517.30,518.40,518.40,869.25,58009.41,1068.95,120,60,180,11001723.00,3,F1,30,,,,,
2026-04-02,2026-04-02,FO,BSE,IDO,855681,,BANKEX,,2026-04-30,2026-04-30,58700.00,CE,BANKEX26APR58700CE,1110.10,1111.95,1110.10,1111.95,1111.95,1704.25,58009.41,1780.10,60,0,120,7177323.00,2,F1,30,,,,,
2026-04-02,2026-04-02,FO,BSE,IDO,858043,,BANKEX,,2026-04-30,2026-04-30,56200.00,PE,BANKEX26APR56200PE,1735.20,1773.40,1107.70,1141.10,1136.70,990.10,58009.41,1141.10,180,180,480,27700587.00,10,F1,30,,,,,
2026-04-02,2026-04-02,FO,BSE,IDO,858320,,BANKEX,,2026-04-30,2026-04-30,56800.00,PE,BANKEX26APR56800PE,1710.35,1710.35,1323.20,1323.20,1323.20,1233.55,58009.41,1323.20,60,-60,420,24520407.00,7,F1,30,,,,,
2026-04-02,2026-04-02,FO,BSE,IDO,858626,,BANKEX,,2026-04-30,2026-04-30,56500.00,PE,BANKEX26APR56500PE,1631.10,1631.10,1482.25,1482.25,1482.25,1173.75,58009.41,1205.60,60,0,240,13942533.00,4,F1,30,,,,,
2026-04-02,2026-04-02,FO,BSE,IDO,859141,,BANKEX,,2026-04-30,2026-04-30,57300.00,CE,BANKEX26APR57300CE,1672.75,1847.70,1672.75,1847.70,1847.70,2255.80,58009.41,2481.80,120,120,120,7087227.00,2,F1,30,,,,,
2026-04-02,2026-04-02,FO,BSE,IDO,859241,,BANKEX,,2026-04-30,2026-04-30,57500.00,CE,BANKEX26APR57500CE,1601.05,1601.05,1588.80,1588.80,1588.80,2146.55,58009.41,2372.00,120,120,120,7091391.00,2,F1,30,,,,,
2026-04-02,2026-04-02,FO,BSE,IDO,882259,,BANKEX,,2026-04-30,2026-04-30,54900.00,PE,BANKEX26APR54900PE,1091.65,1091.65,1049.90,1049.90,1049.90,606.80,58009.41,701.35,120,120,120,6716493.00,2,F1,30,,,,,
2026-04-02,2026-04-02,FO,BSE,IDO,1118942,,BANKEX,,2026-04-30,2026-04-30,49600.00,PE,BANKEX26APR49600PE,75.00,95.15,75.00,95.15,95.15,34.65,58009.41,54.40,120,120,120,5962813.50,2,F1,30,,,,,
2026-04-02,2026-04-02,FO,BSE,IDF,852592,,SENSEX,,2026-04-30,2026-04-30,,,SENSEX26APRFUT,72550.00,73963.40,72133.50,73765.35,73823.20,73713.05,73319.55,73765.35,66020,-56920,140940,10310418384.00,3074,F1,20,,,,,
2026-04-02,2026-04-02,FO,BSE,IDO,849532,,SENSEX,,2026-04-30,2026-04-30,77000.00,CE,SENSEX26APR77000CE,500.00,725.00,401.10,662.95,605.85,724.35,73319.55,662.95,13060,1060,9960,772001337.00,320,F1,20,,,,,
2026-04-02,2026-04-02,FO,BSE,IDO,849841,,SENSEX,,2026-04-30,2026-04-30,78000.00,CE,SENSEX26APR78000CE,400.00,460.00,236.00,427.10,407.20,468.95,73319.55,427.10,7780,320,6840,535819590.00,221,F1,20,,,,,
2026-04-02,2026-04-02,FO,BSE,IDO,849889,,SENSEX,,2026-04-30,2026-04-30,74300.00,CE,SENSEX26APR74300CE,1251.05,1760.00,1184.95,1686.05,1693.35,1746.55,73319.55,1686.05,120,-20,480,36378533.00,16,F1,20,,,,,
2026-04-02,2026-04-02,FO,BSE,IDO,849890,,SENSEX,,2026-04-30,2026-04-30,76600.00,CE,SENSEX26APR76600CE,516.80,809.00,486.45,781.20,754.30,830.05,73319.55,781.20,120,-140,520,40136265.00,19,F1,20,,,,,
2026-04-02,2026-04-02,FO,BSE,IDO,851415,,SENSEX,,2026-04-30,2026-04-30,74900.00,CE,SENSEX26APR74900CE,935.55,1479.65,935.00,1441.45,1395.80,1553.40,73319.55,1441.45,80,-60,260,19787938.00,10,F1,20,,,,,
2026-04-02,2026-04-02,FO,BSE,IDO,852353,,SENSEX,,2026-04-30,2026-04-30,78100.00,CE,SENSEX26APR78100CE,272.25,424.70,244.80,408.30,393.60,440.60,73319.55,408.30,620,80,1400,109761707.00,53,F1,20,,,,,
2026-04-02,2026-04-02,FO,BSE,IDO,852918,,SENSEX,,2026-04-30,2026-04-30,74600.00,CE,SENSEX26APR74600CE,1200.30,1546.55,1200.30,1546.55,1546.55,1914.60,73319.55,1431.55,120,-40,160,12156846.00,4,F1,20,,,,,
2026-04-02,2026-04-02,FO,BSE,IDO,854628,,SENSEX,,2026-04-30,2026-04-30,76000.00,PE,SENSEX26APR76000PE,4359.05,4475.00,3360.00,3402.60,3402.60,3352.25,73319.55,3402.60,7420,-760,1000,80026778.00,46,F1,20,,,,,
2026-04-02,2026-04-02,FO,BSE,IDO,855656,,SENSEX,,2026-04-30,2026-04-30,77100.00,CE,SENSEX26APR77100CE,407.30,660.20,400.20,647.20,630.00,678.50,73319.55,647.20,220,20,840,65197258.00,33,F1,20,,,,,
2026-04-02,2026-04-02,FO,BSE,IDO,856173,,SENSEX,,2026-04-30,2026-04-30,75000.00,CE,SENSEX26APR75000CE,1000.90,1495.00,890.15,1421.15,1395.00,1448.85,73319.55,1421.15,10720,-2840,15660,1190972853.00,594,F1,20,,,,,
2026-04-02,2026-04-02,FO,BSE,IDO,857795,,SENSEX,,2026-04-30,2026-04-30,73000.00,CE,SENSEX26APR73000CE,1857.60,2599.70,1700.00,2472.55,2440.05,2499.85,73319.55,2472.55,6360,2100,13980,1048908032.00,615,F1,20,,,,,
2026-04-02,2026-04-02,FO,BSE,IDO,858243,,SENSEX,,2026-04-30,2026-04-30,71300.00,PE,SENSEX26APR71300PE,1315.30,1315.60,1203.70,1203.70,1203.70,1188.35,73319.55,1203.70,160,40,80,5806753.00,4,F1,20,,,,,
2026-04-02,2026-04-02,FO,BSE,IDO,858588,,SENSEX,,2026-04-30,2026-04-30,72000.00,PE,SENSEX26APR72000PE,1452.15,2227.65,1420.00,1456.95,1442.00,1450.60,73319.55,1456.95,11060,2660,21820,1612804827.00,807,F1,20,,,,,
2026-04-02,2026-04-02,FO,BSE,IDO,858738,,SENSEX,,2026-04-30,2026-04-30,72100.00,CE,SENSEX26APR72100CE,2225.75,2818.60,2169.45,2818.60,2818.60,3296.30,73319.55,2704.40,200,180,820,61154424.00,21,F1,20,,,,,
2026-04-02,2026-04-02,FO,BSE,IDO,859094,,SENSEX,,2026-04-30,2026-04-30,72100.00,PE,SENSEX26APR72100PE,2110.90,2110.90,1522.00,1522.00,1522.00,1510.75,73319.55,1181.30,240,160,200,14801427.00,9,F1,20,,,,,
2026-04-02,2026-04-02,FO,BSE,IDO,859148,,SENSEX,,2026-04-30,2026-04-30,72000.00,CE,SENSEX26APR72000CE,2287.40,3280.50,2222.85,3167.90,3142.50,3110.00,73319.55,3167.90,5840,1400,11860,884018113.00,522,F1,20,,,,,
2026-04-02,2026-04-02,FO,BSE,IDO,850162,,BANKEX,,2026-04-30,2026-04-30,66500.00,CE,BANKEX26APR66500CE,96.85,96.85,67.90,67.90,67.90,95.50,58009.41,67.90,90,60,120,7989948.00,3,F1,30,,,,,
2026-04-02,2026-04-02,FO,BSE,IDO,850540,,BANKEX,,2026-04-30,2026-04-30,58100.00,CE,BANKEX26APR58100CE,1354.05,1354.05,1354.05,1354.05,1354.05,2174.85,58009.41,2061.75,90,30,120,7134486.00,2,F1,30,,,,,
2026-04-02,2026-04-02,FO,BSE,IDO,850710,,BANKEX,,2026-04-30,2026-04-30,60700.00,CE,BANKEX26APR60700CE,1047.00,1047.00,630.00,641.55,641.55,848.15,58009.41,1038.65,180,60,180,11054199.00,5,F1,30,,,,,
2026-04-02,2026-04-02,FO,BSE,IDO,853172,,BANKEX,,2026-04-30,2026-04-30,62200.00,CE,BANKEX26APR62200CE,267.50,267.50,263.05,263.65,263.65,434.40,58009.41,659.45,480,360,360,22487436.00,7,F1,30,,,,,
2026-04-02,2026-04-02,FO,BSE,IDO,856047,,BANKEX,,2026-04-30,2026-04-30,61900.00,CE,BANKEX26APR61900CE,306.95,456.60,295.20,456.60,456.60,526.00,58009.41,724.65,300,60,660,41073081.00,11,F1,30,,,,,
2026-04-02,2026-04-02,FO,BSE,IDO,856150,,BANKEX,,2026-04-30,2026-04-30,58000.00,CE,BANKEX26APR58000CE,1363.00,1364.55,1326.45,1326.45,1326.45,1996.50,58009.41,2111.45,60,0,90,5341620.00,3,F1,30,,,,,
2026-04-02,2026-04-02,FO,BSE,IDO,857506,,BANKEX,,2026-04-30,2026-04-30,57900.00,CE,BANKEX26APR57900CE,1442.70,1442.70,1442.70,1442.70,1442.70,1938.55,58009.41,2161.95,60,60,60,3560562.00,1,F1,30,,,,,
2026-04-02,2026-04-02,FO,BSE,IDO,857842,,BANKEX,,2026-04-30,2026-04-30,57800.00,PE,BANKEX26APR57800PE,2377.20,2377.20,2377.20,2377.20,2377.20,1694.80,58009.41,1760.50,0,-30,30,1805316.00,1,F1,30,,,,,
2026-04-02,2026-04-02,FO,BSE,IDO,859417,,BANKEX,,2026-04-30,2026-04-30,57000.00,CE,BANKEX26APR57000CE,1842.20,1842.20,1817.10,1823.50,1823.50,2426.20,58009.41,2652.50,120,120,360,21178008.00,7,F1,30,,,,,
2026-04-02,2026-04-02,FO,BSE,IDO,859520,,BANKEX,,2026-04-30,2026-04-30,56900.00,PE,BANKEX26APR56900PE,1723.15,1723.15,1351.10,1357.75,1351.10,1235.95,58009.41,1357.75,60,0,240,14023743.00,4,F1,30,,,,,
2026-04-02,2026-04-02,FO,BSE,IDO,881493,,BANKEX,,2026-04-30,2026-04-30,55600.00,PE,BANKEX26APR55600PE,1279.95,1279.95,982.35,982.35,982.35,796.70,58009.41,982.35,60,60,180,10219311.00,3,F1,30,,,,,
2026-04-02,2026-04-02,FO,BSE,IDO,881602,,BANKEX,,2026-04-30,2026-04-30,55500.00,PE,BANKEX26APR55500PE,1272.40,1272.40,958.95,958.95,958.95,767.30,58009.41,958.95,60,60,180,10197642.00,3,F1,30,,,,,
2026-04-02,2026-04-02,FO,BSE,IDO,883197,,BANKEX,,2026-04-30,2026-04-30,55000.00,PE,BANKEX26APR55000PE,1340.00,1340.00,986.50,1009.30,1009.30,631.65,58009.41,727.40,150,120,240,13469805.00,6,F1,30,,,,,
2026-04-02,2026-04-02,FO,BSE,IDO,848806,,SENSEX,,2026-04-30,2026-04-30,75500.00,PE,SENSEX26APR75500PE,3655.40,3655.40,3004.05,3052.80,3101.55,3207.35,73319.55,3052.80,2720,-20,120,9448424.00,6,F1,20,,,,,
2026-04-02,2026-04-02,FO,BSE,IDO,848872,,SENSEX,,2026-04-30,2026-04-30,78500.00,CE,SENSEX26APR78500CE,226.80,355.00,206.00,347.35,331.85,368.15,73319.55,347.35,6020,-80,5700,448993403.00,157,F1,20,,,,,
2026-04-02,2026-04-02,FO,BSE,IDO,849079,,SENSEX,,2026-04-30,2026-04-30,73100.00,CE,SENSEX26APR73100CE,1717.15,2358.10,1717.15,2358.10,2358.05,2722.90,73319.55,2358.10,300,40,280,21045661.00,10,F1,20,,,,,
2026-04-02,2026-04-02,FO,BSE,IDO,849300,,SENSEX,,2026-04-30,2026-04-30,73400.00,PE,SENSEX26APR73400PE,2041.85,2091.20,1908.10,1960.75,1977.40,1946.95,73319.55,1960.75,380,100,240,18095040.00,11,F1,20,,,,,
2026-04-02,2026-04-02,FO,BSE,IDO,849780,,SENSEX,,2026-04-30,2026-04-30,75000.00,PE,SENSEX26APR75000PE,3595.80,3830.30,2525.00,2700.90,2650.00,2727.55,73319.55,2700.90,11200,620,2160,168812324.00,97,F1,20,,,,,
2026-04-02,2026-04-02,FO,BSE,IDO,853222,,SENSEX,,2026-04-30,2026-04-30,77900.00,CE,SENSEX26APR77900CE,290.05,469.60,277.40,444.70,434.20,480.25,73319.55,444.70,800,320,1320,103298466.00,51,F1,20,,,,,
2026-04-02,2026-04-02,FO,BSE,IDO,853693,,SENSEX,,2026-04-30,2026-04-30,79500.00,CE,SENSEX26APR79500CE,154.40,214.45,134.25,202.70,200.00,231.60,73319.55,202.70,1080,60,2140,170502813.00,69,F1,20,,,,,
2026-04-02,2026-04-02,FO,BSE,IDO,853969,,SENSEX,,2026-04-30,2026-04-30,73800.00,PE,SENSEX26APR73800PE,2805.40,2805.40,2183.10,2184.30,2185.45,2054.50,73319.55,2184.30,200,20,100,7611813.00,4,F1,20,,,,,
2026-04-02,2026-04-02,FO,BSE,IDO,854953,,SENSEX,,2026-04-30,2026-04-30,73300.00,PE,SENSEX26APR73300PE,2058.15,2058.15,1930.00,1930.00,1930.00,1905.65,73319.55,1930.00,200,120,120,9035780.00,4,F1,20,,,,,
2026-04-02,2026-04-02,FO,BSE,IDO,855217,,SENSEX,,2026-04-30,2026-04-30,73200.00,CE,SENSEX26APR73200CE,1692.05,2448.15,1667.00,2399.70,2448.15,2400.10,73319.55,2399.70,300,100,480,36142427.00,15,F1,20,,,,,
2026-04-02,2026-04-02,FO,BSE,IDO,855711,,SENSEX,,2026-04-30,2026-04-30,73400.00,CE,SENSEX26APR73400CE,1573.70,2227.90,1572.10,2221.25,2218.00,2586.10,73319.55,2221.25,260,-40,340,25628345.00,12,F1,20,,,,,
2026-04-02,2026-04-02,FO,BSE,IDO,856237,,SENSEX,,2026-04-30,2026-04-30,75900.00,CE,SENSEX26APR75900CE,691.65,1036.05,642.35,1011.60,991.45,1072.50,73319.55,1011.60,180,-40,420,32213100.00,18,F1,20,,,,,
2026-04-02,2026-04-02,FO,BSE,IDO,858174,,SENSEX,,2026-04-30,2026-04-30,72700.00,CE,SENSEX26APR72700CE,2091.90,2588.95,2080.35,2588.95,2588.90,2658.25,73319.55,2588.95,140,0,240,18000704.00,11,F1,20,,,,,
2026-04-02,2026-04-02,FO,BSE,IDO,859303,,SENSEX,,2026-04-30,2026-04-30,71800.00,CE,SENSEX26APR71800CE,2560.80,2560.80,2340.10,2370.00,2370.00,3428.75,73319.55,2892.40,240,240,340,25225850.00,6,F1,20,,,,,
2026-04-02,2026-04-02,FO,BSE,IDO,863797,,SENSEX,,2026-04-02,2026-04-02,76600.00,CE,SENSEX2640276600CE,3.00,3.00,0.05,73319.55,0.05,7.80,73319.55,73319.55,107940,-106460,1390260,106494868466.00,8467,F1,20,,,,,
2026-04-02,2026-04-02,FO,BSE,IDO,863882,,SENSEX,,2026-04-02,2026-04-02,76800.00,CE,SENSEX2640276800CE,2.55,2.60,0.05,73319.55,0.10,6.10,73319.55,73319.55,96100,-73240,1019040,78263012750.00,7111,F1,20,,,,,
2026-04-02,2026-04-02,FO,BSE,IDO,863957,,SENSEX,,2026-04-02,2026-04-02,76400.00,PE,SENSEX2640276400PE,3726.35,3726.35,3726.35,73319.55,3726.35,3846.30,73319.55,73319.55,4120,-20,20,1602527.00,1,F1,20,,,,,
2026-04-02,2026-04-02,FO,BSE,IDO,864004,,SENSEX,,2026-04-02,2026-04-02,84000.00,CE,SENSEX2640284000CE,1.40,2.10,0.05,73319.55,0.05,0.50,73319.55,73319.55,26800,-50920,248460,20870726955.00,1243,F1,20,,,,,
2026-04-02,2026-04-02,FO,BSE,IDO,864011,,SENSEX,,2026-04-02,2026-04-02,84900.00,CE,SENSEX2640284900CE,0.85,0.95,0.05,73319.55,0.80,0.75,73319.55,73319.55,1060,-60,2100,178291390.00,45,F1,20,,,,,
2026-04-02,2026-04-02,FO,BSE,IDO,864019,,SENSEX,,2026-04-02,2026-04-02,78000.00,PE,SENSEX2640278000PE,6350.00,6445.15,4609.60,73319.55,4687.00,4823.90,73319.55,73319.55,5340,-5300,9940,830685208.00,275,F1,20,,,,,
2026-04-02,2026-04-02,FO,BSE,IDO,864086,,SENSEX,,2026-04-02,2026-04-02,84200.00,CE,SENSEX2640284200CE,0.40,2.80,0.05,73319.55,0.05,0.60,73319.55,73319.55,1520,220,3020,254285445.00,49,F1,20,,,,,
2026-04-02,2026-04-02,FO,BSE,IDO,849672,,BANKEX,,2026-04-30,2026-04-30,60300.00,CE,BANKEX26APR60300CE,584.45,754.20,583.75,754.20,754.20,981.50,58009.41,1163.90,120,60,180,10969344.00,3,F1,30,,,,,
2026-04-02,2026-04-02,FO,BSE,IDO,850091,,BANKEX,,2026-04-30,2026-04-30,58800.00,CE,BANKEX26APR58800CE,1062.85,1062.85,1047.95,1047.95,1047.95,1649.95,58009.41,1735.90,60,0,120,7182648.00,2,F1,30,,,,,
2026-04-02,2026-04-02,FO,BSE,IDO,854510,,BANKEX,,2026-04-30,2026-04-30,61300.00,CE,BANKEX26APR61300CE,409.50,580.05,386.60,580.05,580.05,659.80,58009.41,870.55,240,60,300,18520263.00,5,F1,30,,,,,
2026-04-02,2026-04-02,FO,BSE,IDO,855363,,BANKEX,,2026-04-30,2026-04-30,59100.00,CE,BANKEX26APR59100CE,970.10,970.10,964.65,964.65,964.65,1508.40,58009.41,1608.00,60,0,120,7208085.00,2,F1,30,,,,,
2026-04-02,2026-04-02,FO,BSE,IDO,855865,,BANKEX,,2026-04-30,2026-04-30,59300.00,CE,BANKEX26APR59300CE,848.65,848.65,848.65,848.65,848.65,1412.10,58009.41,1526.60,60,0,120,7217838.00,2,F1,30,,,,,
2026-04-02,2026-04-02,FO,BSE,IDO,857592,,BANKEX,,2026-04-30,2026-04-30,57700.00,PE,BANKEX26APR57700PE,1701.30,1701.30,1701.30,1701.30,1701.30,1626.00,58009.41,1701.30,60,60,60,3564078.00,1,F1,30,,,,,
2026-04-02,2026-04-02,FO,BSE,IDO,857622,,BANKEX,,2026-04-30,2026-04-30,57600.00,CE,BANKEX26APR57600CE,1552.40,1552.55,1552.40,1552.55,1552.55,2093.25,58009.41,2318.30,120,120,120,7098297.00,2,F1,30,,,,,
2026-04-02,2026-04-02,FO,BSE,IDO,857788,,BANKEX,,2026-04-30,2026-04-30,57600.00,PE,BANKEX26APR57600PE,2400.00,2470.80,1627.00,1634.25,1627.00,1559.00,58009.41,1634.25,60,60,240,14313258.00,6,F1,30,,,,,
2026-04-02,2026-04-02,FO,BSE,IDF,1105863,,SENSEX,,2026-06-25,2026-06-25,,,SENSEX26JUNFUT,74000.00,75176.90,73550.10,75176.90,75176.90,75339.45,73319.55,74253.45,120,0,240,17772415.00,12,F1,20,,,,,
2026-04-02,2026-04-02,FO,BSE,IDO,848551,,SENSEX,,2026-04-30,2026-04-30,77500.00,CE,SENSEX26APR77500CE,350.55,570.00,319.65,545.40,520.00,572.50,73319.55,545.40,1380,-200,3200,249271004.00,130,F1,20,,,,,
2026-04-02,2026-04-02,FO,BSE,IDO,854206,,SENSEX,,2026-04-30,2026-04-30,77400.00,CE,SENSEX26APR77400CE,362.20,585.20,348.70,566.20,545.80,597.80,73319.55,566.20,260,60,900,70057684.00,35,F1,20,,,,,
2026-04-02,2026-04-02,FO,BSE,IDO,854243,,SENSEX,,2026-04-30,2026-04-30,73700.00,CE,SENSEX26APR73700CE,1559.55,2087.10,1447.60,2027.10,2071.40,2081.25,73319.55,2027.10,280,20,500,37784586.00,19,F1,20,,,,,
2026-04-02,2026-04-02,FO,BSE,IDO,854725,,SENSEX,,2026-04-30,2026-04-30,77600.00,CE,SENSEX26APR77600CE,329.10,531.50,321.10,513.20,493.30,547.15,73319.55,513.20,340,160,820,63967624.00,31,F1,20,,,,,
2026-04-02,2026-04-02,FO,BSE,IDO,854732,,SENSEX,,2026-04-30,2026-04-30,80000.00,PE,SENSEX26APR80000PE,6470.00,6470.00,6470.00,6470.00,6470.00,7097.05,73319.55,6470.00,160,60,100,8647000.00,1,F1,20,,,,,
2026-04-02,2026-04-02,FO,BSE,IDO,855969,,SENSEX,,2026-04-30,2026-04-30,73700.00,PE,SENSEX26APR73700PE,3000.00,3075.00,2075.10,2086.95,2075.10,1798.00,73319.55,2086.95,180,0,160,12171705.00,7,F1,20,,,,,
2026-04-02,2026-04-02,FO,BSE,IDO,856233,,SENSEX,,2026-04-30,2026-04-30,73600.00,CE,SENSEX26APR73600CE,1548.20,2034.10,1510.00,2026.90,2026.90,2131.85,73319.55,1877.40,120,-100,220,16571944.00,10,F1,20,,,,,
2026-04-02,2026-04-02,FO,BSE,IDO,858928,,SENSEX,,2026-04-30,2026-04-30,71900.00,CE,SENSEX26APR71900CE,2282.70,2541.35,2282.70,2512.50,2512.50,3370.70,73319.55,2828.95,340,340,380,28268204.00,9,F1,20,,,,,
2026-04-02,2026-04-02,FO,BSE,IDO,859214,,SENSEX,,2026-04-30,2026-04-30,71600.00,CE,SENSEX26APR71600CE,2442.05,3448.10,2442.05,3422.30,3396.45,3546.65,73319.55,3422.30,100,100,220,16335451.00,10,F1,20,,,,,
2026-04-02,2026-04-02,FO,BSE,IDO,863810,,SENSEX,,2026-04-02,2026-04-02,84300.00,CE,SENSEX2640284300CE,0.90,2.65,0.05,73319.55,0.10,0.65,73319.55,73319.55,1600,-320,11740,989688148.00,165,F1,20,,,,,
2026-04-02,2026-04-02,FO,BSE,IDO,863843,,SENSEX,,2026-04-02,2026-04-02,76900.00,PE,SENSEX2640276900PE,5500.00,5500.00,5292.75,73319.55,5334.40,3754.45,73319.55,73319.55,6580,0,200,16446802.00,10,F1,20,,,,,
2026-04-02,2026-04-02,FO,BSE,IDO,863949,,SENSEX,,2026-04-02,2026-04-02,80100.00,CE,SENSEX2640280100CE,1.10,3.80,0.05,73319.55,0.10,1.10,73319.55,73319.55,7640,-4640,26820,2148296928.00,354,F1,20,,,,,
2026-04-02,2026-04-02,FO,BSE,IDO,864121,,SENSEX,,2026-04-02,2026-04-02,79800.00,CE,SENSEX2640279800CE,2.65,2.65,0.05,73319.55,0.10,1.25,73319.55,73319.55,11120,-5300,94080,7507639801.00,1019,F1,20,,,,,
2026-04-02,2026-04-02,FO,BSE,IDO,864167,,SENSEX,,2026-04-02,2026-04-02,82100.00,CE,SENSEX2640282100CE,1.05,1.30,0.05,73319.55,0.15,0.85,73319.55,73319.55,1860,-220,1640,134644735.00,56,F1,20,,,,,
2026-04-02,2026-04-02,FO,BSE,IDO,864202,,SENSEX,,2026-04-02,2026-04-02,89100.00,CE,SENSEX2640289100CE,0.50,0.65,0.40,73319.55,0.40,0.70,73319.55,73319.55,100,0,260,23166146.00,3,F1,20,,,,,
2026-04-02,2026-04-02,FO,BSE,IDO,864355,,SENSEX,,2026-04-02,2026-04-02,75200.00,PE,SENSEX2640275200PE,4000.00,4000.00,1840.00,73319.55,1885.00,2049.40,73319.55,73319.55,9400,-2140,5180,402707756.00,193,F1,20,,,,,
2026-04-02,2026-04-02,FO,BSE,IDO,864373,,SENSEX,,2026-04-02,2026-04-02,81500.00,PE,SENSEX2640281500PE,9814.85,9814.85,8110.00,73319.55,8110.00,8353.40,73319.55,73319.55,100,0,140,12680860.00,6,F1,20,,,,,
2026-04-02,2026-04-02,FO,BSE,IDO,864386,,SENSEX,,2026-04-02,2026-04-02,75100.00,CE,SENSEX2640275100CE,29.45,29.45,0.05,73319.55,0.05,53.80,73319.55,73319.55,397680,107440,8957500,672721771306.00,71200,F1,20,,,,,
2026-04-02,2026-04-02,FO,BSE,IDO,864396,,SENSEX,,2026-04-02,2026-04-02,87400.00,CE,SENSEX2640287400CE,0.40,0.85,0.05,73319.55,0.20,0.05,73319.55,73319.55,240,20,7880,688715015.00,35,F1,20,,,,,
2026-04-02,2026-04-02,FO,BSE,IDO,864403,,SENSEX,,2026-04-02,2026-04-02,83700.00,CE,SENSEX2640283700CE,0.90,0.90,0.05,73319.55,0.15,0.75,73319.55,73319.55,6100,-2920,11020,922378124.00,116,F1,20,,,,,
2026-04-02,2026-04-02,FO,BSE,IDO,864449,,SENSEX,,2026-04-02,2026-04-02,79000.00,CE,SENSEX2640279000CE,1.90,1.90,0.05,73319.55,0.05,1.40,73319.55,73319.55,287040,-381220,3210020,253592852279.00,11195,F1,20,,,,,
2026-04-02,2026-04-02,FO,BSE,IDO,864491,,SENSEX,,2026-04-02,2026-04-02,81000.00,PE,SENSEX2640281000PE,9290.00,9445.35,7618.60,73319.55,7713.00,7850.00,73319.55,73319.55,1400,-2360,3860,345474485.00,106,F1,20,,,,,
2026-04-02,2026-04-02,FO,BSE,IDO,864510,,SENSEX,,2026-04-02,2026-04-02,79200.00,CE,SENSEX2640279200CE,2.15,2.45,0.05,73319.55,0.05,1.20,73319.55,73319.55,26400,-9040,252460,19994971030.00,2092,F1,20,,,,,
2026-04-02,2026-04-02,FO,BSE,IDO,864538,,SENSEX,,2026-04-02,2026-04-02,79500.00,PE,SENSEX2640279500PE,7710.00,7791.15,6183.05,73319.55,6183.05,6293.30,73319.55,73319.55,3500,-2300,6220,537262262.00,98,F1,20,,,,,
2026-04-02,2026-04-02,FO,BSE,IDO,864584,,SENSEX,,2026-04-02,2026-04-02,89400.00,CE,SENSEX2640289400CE,0.40,0.40,0.40,73319.55,0.40,0.65,73319.55,73319.55,200,0,240,21456096.00,2,F1,20,,,,,
2026-04-02,2026-04-02,FO,BSE,IDO,848693,,BANKEX,,2026-04-30,2026-04-30,60800.00,CE,BANKEX26APR60800CE,500.60,500.60,467.40,497.80,497.80,802.55,58009.41,1009.00,180,120,360,22063138.50,7,F1,30,,,,,
2026-04-02,2026-04-02,FO,BSE,IDO,848882,,BANKEX,,2026-04-30,2026-04-30,61400.00,CE,BANKEX26APR61400CE,388.85,388.85,367.15,385.55,385.55,644.30,58009.41,844.75,300,120,240,14826723.00,4,F1,30,,,,,
2026-04-02,2026-04-02,FO,BSE,IDO,850659,,BANKEX,,2026-04-30,2026-04-30,62100.00,CE,BANKEX26APR62100CE,278.65,440.40,271.55,440.40,440.40,455.05,58009.41,680.60,360,240,600,37449745.50,11,F1,30,,,,,
2026-04-02,2026-04-02,FO,BSE,IDO,852666,,BANKEX,,2026-04-30,2026-04-30,62000.00,CE,BANKEX26APR62000CE,297.20,452.10,282.30,452.10,452.10,507.90,58009.41,702.35,420,60,1080,67306176.00,27,F1,30,,,,,
2026-04-02,2026-04-02,FO,BSE,IDO,853353,,BANKEX,,2026-04-30,2026-04-30,59200.00,CE,BANKEX26APR59200CE,903.70,903.70,897.35,897.35,897.35,1465.35,58009.41,1566.90,60,0,120,7212063.00,2,F1,30,,,,,
2026-04-02,2026-04-02,FO,BSE,IDO,853540,,BANKEX,,2026-04-30,2026-04-30,61800.00,CE,BANKEX26APR61800CE,329.40,479.90,307.80,467.10,467.10,548.55,58009.41,747.50,300,60,780,48501444.00,13,F1,30,,,,,
2026-04-02,2026-04-02,FO,BSE,IDO,855019,,BANKEX,,2026-04-30,2026-04-30,61500.00,CE,BANKEX26APR61500CE,375.15,375.15,348.80,365.00,365.00,607.10,58009.41,819.55,330,150,420,25979971.50,9,F1,30,,,,,
2026-04-02,2026-04-02,FO,BSE,IDO,858004,,BANKEX,,2026-04-30,2026-04-30,56800.00,CE,BANKEX26APR56800CE,1959.00,2112.20,1959.00,2112.20,2112.20,2544.10,58009.41,2770.30,120,120,120,7060272.00,2,F1,30,,,,,
2026-04-02,2026-04-02,FO,BSE,IDO,858146,,BANKEX,,2026-04-30,2026-04-30,56400.00,PE,BANKEX26APR56400PE,1629.10,1629.10,1247.90,1247.90,1247.90,1163.90,58009.41,1247.90,180,120,360,20867226.00,8,F1,30,,,,,
2026-04-02,2026-04-02,FO,BSE,IDO,858496,,BANKEX,,2026-04-30,2026-04-30,56900.00,CE,BANKEX26APR56900CE,1889.15,1889.15,1889.15,1889.15,1889.15,2484.70,58009.41,2711.00,60,60,60,3527349.00,1,F1,30,,,,,
2026-04-02,2026-04-02,FO,BSE,IDO,859087,,BANKEX,,2026-04-30,2026-04-30,57400.00,PE,BANKEX26APR57400PE,2113.20,2113.20,1573.60,1573.60,1573.60,1508.55,58009.41,1573.60,60,0,120,7109208.00,2,F1,30,,,,,
2026-04-02,2026-04-02,FO,BSE,IDO,859363,,BANKEX,,2026-04-30,2026-04-30,57100.00,PE,BANKEX26APR57100PE,2036.65,2036.65,1785.35,1785.35,1785.35,1450.30,58009.41,1445.00,60,0,120,7081320.00,2,F1,30,,,,,
2026-04-02,2026-04-02,FO,BSE,IDO,859478,,BANKEX,,2026-04-30,2026-04-30,56600.00,CE,BANKEX26APR56600CE,2068.35,2230.00,2068.35,2230.00,2230.00,2665.40,58009.41,2891.25,120,120,120,7049901.00,2,F1,30,,,,,
2026-04-02,2026-04-02,FO,BSE,IDO,849651,,SENSEX,,2026-04-30,2026-04-30,81000.00,CE,SENSEX26APR81000CE,88.10,127.65,80.00,117.20,115.30,123.60,73319.55,117.20,1580,260,1820,147585988.00,45,F1,20,,,,,
2026-04-02,2026-04-02,FO,BSE,IDO,851579,,SENSEX,,2026-04-30,2026-04-30,78000.00,PE,SENSEX26APR78000PE,5900.00,6000.00,4610.00,4610.00,4610.00,4748.50,73319.55,4830.15,2920,260,320,26694138.00,11,F1,20,,,,,
2026-04-02,2026-04-02,FO,BSE,IDO,851901,,SENSEX,,2026-04-30,2026-04-30,74200.00,CE,SENSEX26APR74200CE,1287.90,1735.65,1261.75,1735.65,1735.65,1827.85,73319.55,1735.65,100,-20,200,15109430.00,9,F1,20,,,,,
2026-04-02,2026-04-02,FO,BSE,IDO,852156,,SENSEX,,2026-04-30,2026-04-30,74500.00,PE,SENSEX26APR74500PE,2843.20,2843.20,2467.55,2513.50,2509.50,2482.40,73319.55,2513.50,2560,-140,640,49357315.00,26,F1,20,,,,,
2026-04-02,2026-04-02,FO,BSE,IDO,853733,,SENSEX,,2026-04-30,2026-04-30,75800.00,CE,SENSEX26APR75800CE,719.40,1075.55,678.35,1049.35,1025.35,1109.65,73319.55,1049.35,200,-20,400,30656784.00,18,F1,20,,,,,
2026-04-02,2026-04-02,FO,BSE,IDO,854681,,SENSEX,,2026-04-30,2026-04-30,79000.00,CE,SENSEX26APR79000CE,207.00,287.85,155.00,270.30,250.00,307.00,73319.55,270.30,3480,300,5020,397575345.00,122,F1,20,,,,,
2026-04-02,2026-04-02,FO,BSE,IDO,855452,,SENSEX,,2026-04-30,2026-04-30,73500.00,PE,SENSEX26APR73500PE,2800.00,2908.85,1900.00,2037.10,1990.00,2009.35,73319.55,2037.10,5940,-740,7640,580705298.00,344,F1,20,,,,,
2026-04-02,2026-04-02,FO,BSE,IDO,856180,,SENSEX,,2026-04-30,2026-04-30,77300.00,CE,SENSEX26APR77300CE,379.25,612.40,368.00,590.90,566.90,628.85,73319.55,590.90,260,80,700,54438127.00,26,F1,20,,,,,
2026-04-02,2026-04-02,FO,BSE,IDO,856505,,SENSEX,,2026-04-30,2026-04-30,73900.00,PE,SENSEX26APR73900PE,2253.55,2385.00,2253.55,2385.00,2385.00,1940.20,73319.55,2004.20,140,0,80,6097542.00,2,F1,20,,,,,
2026-04-02,2026-04-02,FO,BSE,IDO,857379,,SENSEX,,2026-04-30,2026-04-30,72900.00,CE,SENSEX26APR72900CE,1991.65,2650.05,1962.35,2650.05,2650.05,2754.20,73319.55,2650.05,120,-20,220,16530294.00,10,F1,20,,,,,
2026-04-02,2026-04-02,FO,BSE,IDO,857525,,SENSEX,,2026-04-30,2026-04-30,72900.00,PE,SENSEX26APR72900PE,2442.90,2586.50,1711.00,1711.00,1711.00,1826.40,73319.55,1711.00,300,120,200,14977727.00,5,F1,20,,,,,
2026-04-02,2026-04-02,FO,BSE,IDO,858856,,SENSEX,,2026-04-30,2026-04-30,72300.00,CE,SENSEX26APR72300CE,2330.30,2363.80,2330.30,2363.80,2363.80,2943.05,73319.55,2583.15,80,0,80,5971764.00,2,F1,20,,,,,
2026-04-02,2026-04-02,FO,BSE,IDO,858901,,SENSEX,,2026-04-30,2026-04-30,72600.00,PE,SENSEX26APR72600PE,2299.45,2299.45,1799.80,1799.80,1799.80,1672.85,73319.55,1382.40,320,100,160,11935537.00,7,F1,20,,,,,
2026-04-02,2026-04-02,FO,BSE,IDO,859339,,SENSEX,,2026-04-30,2026-04-30,71200.00,PE,SENSEX26APR71200PE,1353.70,1353.70,1285.90,1285.90,1285.90,1120.15,73319.55,870.95,160,80,80,5801630.00,3,F1,20,,,,,
2026-04-02,2026-04-02,FO,BSE,IDO,863808,,SENSEX,,2026-04-02,2026-04-02,82000.00,CE,SENSEX2640282000CE,0.70,1.15,0.05,73319.55,0.05,0.75,73319.55,73319.55,43380,-54660,882480,72363743165.00,3370,F1,20,,,,,
2026-04-02,2026-04-02,FO,BSE,IDO,863892,,SENSEX,,2026-04-02,2026-04-02,86800.00,CE,SENSEX2640286800CE,1.00,1.00,0.05,73319.55,0.10,0.75,73319.55,73319.55,500,320,1040,90272628.00,19,F1,20,,,,,
2026-04-02,2026-04-02,FO,BSE,IDO,863919,,SENSEX,,2026-04-02,2026-04-02,77800.00,CE,SENSEX2640277800CE,1.40,4.90,0.05,73319.55,0.05,1.85,73319.55,73319.55,39900,-94360,381520,29682543014.00,3501,F1,20,,,,,
2026-04-02,2026-04-02,FO,BSE,IDO,863939,,SENSEX,,2026-04-02,2026-04-02,74700.00,CE,SENSEX2640274700CE,60.00,60.00,0.05,73319.55,0.05,85.90,73319.55,73319.55,357380,89480,20239840,1511950494384.00,135965,F1,20,,,,,
2026-04-02,2026-04-02,FO,BSE,IDO,863950,,SENSEX,,2026-04-02,2026-04-02,82400.00,CE,SENSEX2640282400CE,0.95,1.10,0.05,73319.55,0.05,0.85,73319.55,73319.55,1000,-1380,9420,776212245.00,92,F1,20,,,,,
2026-04-02,2026-04-02,FO,BSE,IDO,863955,,SENSEX,,2026-04-02,2026-04-02,92400.00,CE,SENSEX2640292400CE,1.00,1.80,0.05,73319.55,0.40,0.55,73319.55,73319.55,1480,960,2340,216217099.00,32,F1,20,,,,,
2026-04-02,2026-04-02,FO,BSE,IDO,864022,,SENSEX,,2026-04-02,2026-04-02,92600.00,CE,SENSEX2640292600CE,2.25,2.25,0.05,73319.55,0.15,0.45,73319.55,73319.55,520,-720,3580,331509775.00,74,F1,20,,,,,
2026-04-02,2026-04-02,FO,BSE,IDO,864037,,SENSEX,,2026-04-02,2026-04-02,77300.00,CE,SENSEX2640277300CE,0.70,1.85,0.05,73319.55,0.05,3.00,73319.55,73319.55,27100,-194500,785120,60690318815.00,6036,F1,20,,,,,
2026-04-02,2026-04-02,FO,BSE,IDO,864088,,SENSEX,,2026-04-02,2026-04-02,86500.00,CE,SENSEX2640286500CE,0.50,0.50,0.10,73319.55,0.10,0.50,73319.55,73319.55,840,240,4800,415201682.00,46,F1,20,,,,,
2026-04-02,2026-04-02,FO,BSE,IDO,864168,,SENSEX,,2026-04-02,2026-04-02,84400.00,CE,SENSEX2640284400CE,0.50,1.45,0.05,73319.55,0.10,0.65,73319.55,73319.55,1700,-680,3620,305529999.00,83,F1,20,,,,,
2026-04-02,2026-04-02,FO,BSE,IDO,864226,,SENSEX,,2026-04-02,2026-04-02,75700.00,PE,SENSEX2640275700PE,3990.00,4052.20,2305.75,73319.55,2371.00,2514.60,73319.55,73319.55,9280,-920,2220,174487559.00,81,F1,20,,,,,
2026-04-02,2026-04-02,FO,BSE,IDO,864269,,SENSEX,,2026-04-02,2026-04-02,83300.00,CE,SENSEX2640283300CE,0.95,1.00,0.40,73319.55,0.45,0.75,73319.55,73319.55,1820,1260,2240,186593387.00,22,F1,20,,,,,
2026-04-02,2026-04-02,FO,BSE,IDO,864270,,SENSEX,,2026-04-02,2026-04-02,85600.00,CE,SENSEX2640285600CE,1.00,1.30,0.10,73319.55,0.10,0.65,73319.55,73319.55,1440,160,5700,487923544.00,84,F1,20,,,,,
2026-04-02,2026-04-02,FO,BSE,IDO,864489,,SENSEX,,2026-04-02,2026-04-02,78600.00,CE,SENSEX2640278600CE,2.80,3.45,0.05,73319.55,0.30,1.35,73319.55,73319.55,12900,-32800,100140,7871075004.00,1088,F1,20,,,,,
2026-04-02,2026-04-02,FO,BSE,IDO,864545,,SENSEX,,2026-04-02,2026-04-02,75800.00,PE,SENSEX2640275800PE,3524.85,3637.15,2377.60,73319.55,2490.40,2646.95,73319.55,73319.55,10860,-380,2740,215618653.00,115,F1,20,,,,,
2026-04-02,2026-04-02,FO,BSE,IDO,864577,,SENSEX,,2026-04-02,2026-04-02,77100.00,CE,SENSEX2640277100CE,2.15,2.45,0.05,73319.55,0.05,4.15,73319.55,73319.55,63940,-139800,708900,54656704807.00,6284,F1,20,,,,,
2026-04-02,2026-04-02,FO,BSE,IDO,864583,,SENSEX,,2026-04-02,2026-04-02,87100.00,CE,SENSEX2640287100CE,0.45,2.70,0.05,73319.55,0.05,0.40,73319.55,73319.55,100,20,160,13936105.00,7,F1,20,,,,,
2026-04-02,2026-04-02,FO,BSE,IDO,864662,,SENSEX,,2026-04-02,2026-04-02,91300.00,CE,SENSEX2640291300CE,2.05,2.05,0.20,73319.55,0.25,0.25,73319.55,73319.55,1080,1040,2300,209992151.00,34,F1,20,,,,,
2026-04-02,2026-04-02,FO,BSE,IDO,864666,,SENSEX,,2026-04-02,2026-04-02,75300.00,PE,SENSEX2640275300PE,3500.75,3754.90,1950.00,73319.55,1970.15,2157.05,73319.55,73319.55,30620,-4080,7400,579263381.00,275,F1,20,,,,,
2026-04-02,2026-04-02,FO,BSE,IDO,864669,,SENSEX,,2026-04-02,2026-04-02,89000.00,PE,SENSEX2640289000PE,17260.00,17300.00,15870.00,73319.55,15892.90,15189.25,73319.55,73319.55,620,-580,1240,130712917.00,60,F1,20,,,,,
2026-04-02,2026-04-02,FO,BSE,IDO,864706,,SENSEX,,2026-04-02,2026-04-02,76300.00,PE,SENSEX2640276300PE,3250.00,3268.25,3155.95,73319.55,3236.00,3155.95,73319.55,73319.55,2840,-80,100,7952767.00,5,F1,20,,,,,
2026-04-02,2026-04-02,FO,BSE,IDO,864744,,SENSEX,,2026-04-02,2026-04-02,74800.00,CE,SENSEX2640274800CE,49.85,55.00,0.05,73319.55,0.05,75.40,73319.55,73319.55,326360,12900,11776960,880935390423.00,90891,F1,20,,,,,
2026-04-02,2026-04-02,FO,BSE,IDO,864797,,SENSEX,,2026-04-02,2026-04-02,78700.00,CE,SENSEX2640278700CE,2.70,4.65,0.10,73319.55,0.10,1.35,73319.55,73319.55,11720,-17620,89020,7005943999.00,982,F1,20,,,,,
2026-04-02,2026-04-02,FO,BSE,IDO,865018,,SENSEX,,2026-04-02,2026-04-02,74000.00,PE,SENSEX2640274000PE,1621.15,2457.90,584.45,73319.55,678.85,1002.20,73319.55,73319.55,100660,-91660,1386500,104136161787.00,23528,F1,20,,,,,
2026-04-02,2026-04-02,FO,BSE,IDO,865043,,SENSEX,,2026-04-02,2026-04-02,73800.00,PE,SENSEX2640273800PE,1300.00,2259.15,393.20,73319.55,479.05,849.80,73319.55,73319.55,101300,-73060,1209520,90131763297.00,19268,F1,20,,,,,
2026-04-02,2026-04-02,FO,BSE,IDO,866101,,SENSEX,,2026-04-09,2026-04-09,75400.00,CE,SENSEX2640975400CE,270.75,346.10,117.90,274.85,242.50,410.90,73319.55,274.85,5480,4580,37620,2846013992.00,1171,F1,20,,,,,
2026-04-02,2026-04-02,FO,BSE,IDO,866107,,SENSEX,,2026-04-09,2026-04-09,83100.00,CE,SENSEX2640983100CE,6.30,6.30,3.15,4.75,3.15,3.15,73319.55,4.75,20,20,40,3324189.00,2,F1,20,,,,,
2026-04-02,2026-04-02,FO,BSE,IDO,866131,,SENSEX,,2026-04-09,2026-04-09,84000.00,PE,SENSEX2640984000PE,12130.00,12130.00,10400.00,10571.65,10400.00,10765.90,73319.55,10571.65,900,900,900,85662400.00,16,F1,20,,,,,
2026-04-02,2026-04-02,FO,BSE,IDO,866229,,SENSEX,,2026-04-09,2026-04-09,74700.00,CE,SENSEX2640974700CE,380.90,547.70,193.00,470.35,418.35,618.55,73319.55,470.35,10360,6160,147220,11061522781.00,2939,F1,20,,,,,
2026-04-02,2026-04-02,FO,BSE,IDO,866245,,SENSEX,,2026-04-09,2026-04-09,81600.00,CE,SENSEX2640981600CE,8.60,8.60,8.60,8.60,8.60,10.85,73319.55,0.30,20,20,20,1632172.00,1,F1,20,,,,,
2026-04-02,2026-04-02,FO,BSE,IDO,866297,,SENSEX,,2026-04-09,2026-04-09,83500.00,PE,SENSEX2640983500PE,11080.00,11080.00,11080.00,11080.00,11080.00,10267.30,73319.55,10092.45,20,20,20,1891600.00,1,F1,20,,,,,
2026-04-02,2026-04-02,FO,BSE,IDO,866306,,SENSEX,,2026-04-09,2026-04-09,82800.00,CE,SENSEX2640982800CE,8.95,8.95,8.95,8.95,8.95,4.05,73319.55,8.95,20,20,20,1656179.00,1,F1,20,,,,,
2026-04-02,2026-04-02,FO,BSE,IDO,866353,,SENSEX,,2026-04-09,2026-04-09,73000.00,PE,SENSEX2640973000PE,1382.95,1955.00,870.15,969.65,900.00,1048.65,73319.55,969.65,234640,187780,1319080,97714275532.00,52002,F1,20,,,,,
2026-04-02,2026-04-02,FO,BSE,IDO,866425,,SENSEX,,2026-04-09,2026-04-09,76400.00,CE,SENSEX2640976400CE,190.20,190.20,82.55,109.75,107.80,249.55,73319.55,109.75,2760,2440,16620,1271670239.00,553,F1,20,,,,,
2026-04-02,2026-04-02,FO,BSE,IDO,866443,,SENSEX,,2026-04-09,2026-04-09,74400.00,PE,SENSEX2640974400PE,2819.55,2835.75,1540.00,1687.10,1650.00,1788.60,73319.55,1687.10,5520,2960,7780,593368824.00,249,F1,20,,,,,
2026-04-02,2026-04-02,FO,BSE,IDO,866454,,SENSEX,,2026-04-09,2026-04-09,78000.00,CE,SENSEX2640978000CE,42.95,50.50,22.60,32.50,32.45,66.60,73319.55,32.50,168500,95800,700940,54695269528.00,13209,F1,20,,,,,
2026-04-02,2026-04-02,FO,BSE,IDO,866520,,SENSEX,,2026-04-09,2026-04-09,74800.00,PE,SENSEX2640974800PE,2570.00,2570.00,1835.30,1975.15,1835.30,2055.00,73319.55,1975.15,3220,660,1160,89490086.00,20,F1,20,,,,,
2026-04-02,2026-04-02,FO,BSE,IDO,869194,,SENSEX,,2026-04-16,2026-04-16,86500.00,CE,SENSEX2641686500CE,5.55,5.55,5.55,5.55,5.55,6.55,73319.55,0.15,20,20,740,64014107.00,6,F1,20,,,,,
2026-04-02,2026-04-02,FO,BSE,IDO,870102,,SENSEX,,2026-04-16,2026-04-16,88300.00,CE,SENSEX2641688300CE,3.85,5.65,3.85,4.50,4.50,2.20,73319.55,0.05,120,120,1440,127158810.00,13,F1,20,,,,,
2026-04-02,2026-04-02,FO,BSE,IDO,870603,,SENSEX,,2026-04-16,2026-04-16,88500.00,CE,SENSEX2641688500CE,3.85,5.50,3.85,4.50,4.50,1.95,73319.55,0.05,0,0,1440,127446642.00,13,F1,20,,,,,
2026-04-02,2026-04-02,FO,BSE,IDO,871579,,SENSEX,,2026-04-16,2026-04-16,88900.00,CE,SENSEX2641688900CE,3.75,5.00,3.75,4.50,4.50,1.50,73319.55,0.05,120,120,840,74679690.00,7,F1,20,,,,,
2026-04-02,2026-04-02,FO,BSE,IDO,854906,,BANKEX,,2026-04-30,2026-04-30,59800.00,CE,BANKEX26APR59800CE,0.00,0.00,0.00,1336.15,0.00,1190.70,58009.41,1336.15,60,0,0,0.00,0,F1,30,,,,,
2026-04-02,2026-04-02,FO,BSE,IDO,884790,,SENSEX,,2026-04-16,2026-04-16,67100.00,PE,SENSEX2641667100PE,0.00,0.00,0.00,25.75,0.00,158.95,73319.55,25.75,0,0,0,0.00,0,F1,20,,,,,
2026-04-02,2026-04-02,FO,BSE,IDO,850197,,SENSEX,,2026-04-30,2026-04-30,83500.00,CE,SENSEX26APR83500CE,0.00,0.00,0.00,45.15,0.00,215.10,73319.55,45.15,20,0,0,0.00,0,F1,20,,,,,
2026-04-02,2026-04-02,FO,BSE,IDO,854142,,SENSEX,,2026-04-30,2026-04-30,74400.00,PE,SENSEX26APR74400PE,0.00,0.00,0.00,2281.30,0.00,2273.80,73319.55,2281.30,80,0,0,0.00,0,F1,20,,,,,
2026-04-02,2026-04-02,FO,BSE,IDO,854391,,BANKEX,,2026-04-30,2026-04-30,59600.00,CE,BANKEX26APR59600CE,0.00,0.00,0.00,1410.10,0.00,1281.00,58009.41,1410.10,60,0,0,0.00,0,F1,30,,,,,
2026-04-02,2026-04-02,FO,BSE,IDO,851443,,SENSEX,,2026-04-30,2026-04-30,84000.00,CE,SENSEX26APR84000CE,0.00,0.00,0.00,35.15,0.00,83.00,73319.55,35.15,140,0,0,0.00,0,F1,20,,,,,
2026-04-02,2026-04-02,FO,BSE,IDO,851005,,SENSEX,,2026-04-30,2026-04-30,84700.00,CE,SENSEX26APR84700CE,0.00,0.00,0.00,24.55,0.00,148.35,73319.55,24.55,20,0,0,0.00,0,F1,20,,,,,
2026-04-02,2026-04-02,FO,BSE,IDO,881891,,BANKEX,,2026-04-30,2026-04-30,54100.00,PE,BANKEX26APR54100PE,0.00,0.00,0.00,516.50,0.00,432.90,58009.41,516.50,60,0,0,0.00,0,F1,30,,,,,
2026-04-02,2026-04-02,FO,BSE,IDO,852886,,BANKEX,,2026-04-30,2026-04-30,59900.00,CE,BANKEX26APR59900CE,0.00,0.00,0.00,1300.25,0.00,1117.10,58009.41,1300.25,60,0,0,0.00,0,F1,30,,,,,
2026-04-02,2026-04-02,FO,BSE,IDO,866142,,SENSEX,,2026-04-09,2026-04-09,87900.00,CE,SENSEX2640987900CE,0.00,0.00,0.00,0.05,0.00,0.05,73319.55,0.05,100,0,0,0.00,0,F1,20,,,,,
2026-04-02,2026-04-02,FO,BSE,STF,871223,,ALKEM,,2026-05-27,2026-05-27,,,ALKEM26MAYFUT,0.00,0.00,0.00,5301.75,0.00,5288.95,5258.00,5301.75,0,0,0,0.00,0,F1,125,,,,,
2026-04-02,2026-04-02,FO,BSE,IDO,854031,,SENSEX,,2026-04-30,2026-04-30,82700.00,CE,SENSEX26APR82700CE,0.00,0.00,0.00,66.55,0.00,273.10,73319.55,66.55,20,0,0,0.00,0,F1,20,,,,,
2026-04-02,2026-04-02,FO,BSE,IDO,853513,,SENSEX,,2026-04-30,2026-04-30,82500.00,CE,SENSEX26APR82500CE,0.00,0.00,0.00,73.15,0.00,289.60,73319.55,73.15,20,0,0,0.00,0,F1,20,,,,,
2026-04-02,2026-04-02,FO,BSE,STO,884997,,AXISBANK,,2026-04-30,2026-04-30,1160.00,CE,AXISBANK26APR1160CE,0.00,0.00,0.00,57.20,0.00,54.50,1197.90,57.25,0,0,0,0.00,0,F1,625,,,,,
2026-04-02,2026-04-02,FO,BSE,IDO,866606,,SENSEX,,2026-04-09,2026-04-09,83600.00,CE,SENSEX2640983600CE,0.00,0.00,0.00,0.05,0.00,5.25,73319.55,0.05,320,0,0,0.00,0,F1,20,,,,,
2026-04-02,2026-04-02,FO,BSE,IDO,851633,,SENSEX,,2026-04-30,2026-04-30,74300.00,PE,SENSEX26APR74300PE,0.00,0.00,0.00,2224.20,0.00,2041.75,73319.55,2224.20,80,0,0,0.00,0,F1,20,,,,,
2026-04-02,2026-04-02,FO,BSE,STO,858649,,ONGC,,2026-04-30,2026-04-30,240.75,CE,ONGC26APR240.75CE,0.00,0.00,0.00,47.50,0.00,48.40,287.20,47.50,0,0,0,0.00,0,F1,2250,,,,,
2026-04-02,2026-04-02,FO,BSE,IDO,881938,,SENSEX,,2026-04-16,2026-04-16,68400.00,PE,SENSEX2641668400PE,0.00,0.00,0.00,76.05,0.00,240.00,73319.55,76.05,0,0,0,0.00,0,F1,20,,,,,
2026-04-02,2026-04-02,FO,BSE,STF,849523,,ONGC,,2026-04-30,2026-04-30,,,ONGC26APRFUT,0.00,0.00,0.00,288.40,0.00,291.75,287.20,288.40,2250,0,0,0.00,0,F1,2250,,,,,
2026-04-02,2026-04-02,FO,BSE,IDO,851505,,SENSEX,,2026-04-30,2026-04-30,82600.00,CE,SENSEX26APR82600CE,0.00,0.00,0.00,69.75,0.00,281.25,73319.55,69.75,20,0,0,0.00,0,F1,20,,,,,
2026-04-02,2026-04-02,FO,BSE,IDO,855298,,SENSEX,,2026-04-30,2026-04-30,83200.00,CE,SENSEX26APR83200CE,0.00,0.00,0.00,52.30,0.00,235.45,73319.55,52.30,20,0,0,0.00,0,F1,20,,,,,
2026-04-02,2026-04-02,FO,BSE,IDO,866330,,SENSEX,,2026-04-09,2026-04-09,88100.00,CE,SENSEX2640988100CE,0.00,0.00,0.00,0.05,0.00,0.05,73319.55,0.05,20,0,0,0.00,0,F1,20,,,,,
2026-04-02,2026-04-02,FO,BSE,IDO,854843,,SENSEX,,2026-04-30,2026-04-30,83900.00,CE,SENSEX26APR83900CE,0.00,0.00,0.00,37.00,0.00,190.40,73319.55,37.00,60,0,0,0.00,0,F1,20,,,,,
2026-04-02,2026-04-02,FO,BSE,IDO,884249,,SENSEX,,2026-04-16,2026-04-16,66900.00,CE,SENSEX2641666900CE,0.00,0.00,0.00,6582.00,0.00,6528.15,73319.55,6582.00,0,0,0,0.00,0,F1,20,,,,,
2026-04-02,2026-04-02,FO,BSE,IDO,882308,,SENSEX,,2026-04-16,2026-04-16,68300.00,PE,SENSEX2641668300PE,0.00,0.00,0.00,70.35,0.00,250.00,73319.55,70.35,0,0,0,0.00,0,F1,20,,,,,
2026-04-02,2026-04-02,FO,BSE,IDO,883594,,SENSEX,,2026-04-16,2026-04-16,67900.00,CE,SENSEX2641667900CE,0.00,0.00,0.00,5613.80,0.00,5626.85,73319.55,5613.80,0,0,0,0.00,0,F1,20,,,,,
2026-04-02,2026-04-02,FO,BSE,IDO,866145,,SENSEX,,2026-04-09,2026-04-09,91000.00,CE,SENSEX2640991000CE,0.00,0.00,0.00,0.05,0.00,0.05,73319.55,0.05,20,0,0,0.00,0,F1,20,,,,,
2026-04-02,2026-04-02,FO,BSE,IDO,853484,,BANKEX,,2026-04-30,2026-04-30,65500.00,CE,BANKEX26APR65500CE,0.00,0.00,0.00,208.80,0.00,95.50,58009.41,208.80,30,0,0,0.00,0,F1,30,,,,,
2026-04-02,2026-04-02,FO,BSE,IDO,855353,,SENSEX,,2026-04-30,2026-04-30,81800.00,CE,SENSEX26APR81800CE,0.00,0.00,0.00,101.10,0.00,354.30,73319.55,101.10,20,0,0,0.00,0,F1,20,,,,,
2026-04-02,2026-04-02,FO,BSE,IDO,863915,,SENSEX,,2026-04-02,2026-04-02,88500.00,PE,SENSEX2640288500PE,0.00,0.00,0.00,73319.55,0.00,15352.35,73319.55,73319.55,40,0,0,0.00,0,F1,20,,,,,
2026-04-02,2026-04-02,FO,BSE,IDO,851449,,SENSEX,,2026-04-30,2026-04-30,86300.00,CE,SENSEX26APR86300CE,0.00,0.00,0.00,10.35,0.00,88.30,73319.55,10.35,20,0,0,0.00,0,F1,20,,,,,
2026-04-02,2026-04-02,FO,BSE,IDO,855405,,SENSEX,,2026-04-30,2026-04-30,79500.00,PE,SENSEX26APR79500PE,0.00,0.00,0.00,6115.60,0.00,6680.10,73319.55,6115.60,80,0,0,0.00,0,F1,20,,,,,
2026-04-02,2026-04-02,FO,BSE,IDO,866540,,SENSEX,,2026-04-09,2026-04-09,75800.00,PE,SENSEX2640975800PE,0.00,0.00,0.00,2594.00,0.00,2243.15,73319.55,2594.00,440,0,0,0.00,0,F1,20,,,,,
2026-04-02,2026-04-02,FO,BSE,IDO,849191,,SENSEX,,2026-04-30,2026-04-30,81700.00,CE,SENSEX26APR81700CE,0.00,0.00,0.00,105.80,0.00,364.50,73319.55,105.80,20,0,0,0.00,0,F1,20,,,,,
2026-04-02,2026-04-02,FO,BSE,IDO,866154,,SENSEX,,2026-04-09,2026-04-09,75900.00,PE,SENSEX2640975900PE,0.00,0.00,0.00,2679.15,0.00,2743.60,73319.55,2679.15,600,0,0,0.00,0,F1,20,,,,,
2026-04-02,2026-04-02,FO,BSE,IDO,853914,,SENSEX,,2026-04-30,2026-04-30,77500.00,PE,SENSEX26APR77500PE,0.00,0.00,0.00,4425.70,0.00,5110.25,73319.55,4425.70,160,0,0,0.00,0,F1,20,,,,,
2026-04-02,2026-04-02,FO,BSE,IDO,866440,,SENSEX,,2026-04-09,2026-04-09,90400.00,CE,SENSEX2640990400CE,0.00,0.00,0.00,0.05,0.00,0.05,73319.55,0.05,20,0,0,0.00,0,F1,20,,,,,
2026-04-02,2026-04-02,FO,BSE,IDO,872114,,SENSEX,,2026-04-16,2026-04-16,80800.00,CE,SENSEX2641680800CE,0.00,0.00,0.00,21.80,0.00,125.95,73319.55,21.80,20,0,0,0.00,0,F1,20,,,,,
2026-04-02,2026-04-02,FO,BSE,IDO,854309,,SENSEX,,2026-04-30,2026-04-30,83700.00,CE,SENSEX26APR83700CE,0.00,0.00,0.00,40.90,0.00,202.40,73319.55,40.90,120,0,0,0.00,0,F1,20,,,,,
2026-04-02,2026-04-02,FO,BSE,IDO,864108,,SENSEX,,2026-04-02,2026-04-02,90500.00,CE,SENSEX2640290500CE,0.00,0.00,0.00,73319.55,0.00,0.50,73319.55,73319.55,260,0,0,0.00,0,F1,20,,,,,
2026-04-02,2026-04-02,FO,BSE,STO,860272,,ITC,,2026-04-30,2026-04-30,302.50,CE,ITC26APR302.5CE,0.00,0.00,0.00,3.40,0.00,3.15,292.85,3.40,1600,0,0,0.00,0,F1,1600,,,,,
2026-04-02,2026-04-02,FO,BSE,IDO,883896,,SENSEX,,2026-04-16,2026-04-16,67700.00,CE,SENSEX2641667700CE,0.00,0.00,0.00,5805.55,0.00,5803.80,73319.55,5805.55,0,0,0,0.00,0,F1,20,,,,,
2026-04-02,2026-04-02,FO,BSE,IDO,856328,,SENSEX,,2026-04-30,2026-04-30,83600.00,CE,SENSEX26APR83600CE,0.00,0.00,0.00,42.95,0.00,208.65,73319.55,42.95,20,0,0,0.00,0,F1,20,,,,,
2026-04-02,2026-04-02,FO,BSE,IDO,864294,,SENSEX,,2026-04-02,2026-04-02,75900.00,PE,SENSEX2640275900PE,0.00,0.00,0.00,73319.55,0.00,2078.75,73319.55,73319.55,3620,0,0,0.00,0,F1,20,,,,,
2026-04-02,2026-04-02,FO,BSE,IDO,867208,,SENSEX,,2026-04-09,2026-04-09,92700.00,CE,SENSEX2640992700CE,0.00,0.00,0.00,0.05,0.00,0.05,73319.55,0.05,20,0,0,0.00,0,F1,20,,,,,
2026-04-02,2026-04-02,FO,BSE,IDO,866318,,SENSEX,,2026-04-09,2026-04-09,75100.00,PE,SENSEX2640975100PE,0.00,0.00,0.00,2027.40,0.00,2282.15,73319.55,2027.40,1360,0,0,0.00,0,F1,20,,,,,
2026-04-02,2026-04-02,FO,BSE,IDO,866244,,SENSEX,,2026-04-09,2026-04-09,87600.00,CE,SENSEX2640987600CE,0.00,0.00,0.00,0.05,0.00,6.50,73319.55,0.05,20,0,0,0.00,0,F1,20,,,,,
2026-04-02,2026-04-02,FO,BSE,IDO,878209,,SENSEX,,2026-04-30,2026-04-30,70800.00,PE,SENSEX26APR70800PE,0.00,0.00,0.00,753.45,0.00,1061.25,73319.55,753.45,120,0,0,0.00,0,F1,20,,,,,
2026-04-02,2026-04-02,FO,BSE,IDO,872782,,SENSEX,,2026-05-27,2026-05-27,73500.00,CE,SENSEX26MAY73500CE,0.00,0.00,0.00,2821.70,0.00,3243.60,73319.55,2821.70,20,0,0,0.00,0,F1,20,,,,,
2026-04-02,2026-04-02,FO,BSE,IDO,854746,,SENSEX,,2026-04-30,2026-04-30,89000.00,CE,SENSEX26APR89000CE,0.00,0.00,0.00,2.15,0.00,64.15,73319.55,2.15,20,0,0,0.00,0,F1,20,,,,,
2026-04-02,2026-04-02,FO,BSE,IDO,866840,,SENSEX,,2026-04-09,2026-04-09,92200.00,CE,SENSEX2640992200CE,0.00,0.00,0.00,0.05,0.00,0.05,73319.55,0.05,20,0,0,0.00,0,F1,20,,,,,
2026-04-02,2026-04-02,FO,BSE,IDO,848623,,SENSEX,,2026-04-30,2026-04-30,85200.00,CE,SENSEX26APR85200CE,0.00,0.00,0.00,18.85,0.00,126.55,73319.55,18.85,40,0,0,0.00,0,F1,20,,,,,
2026-04-02,2026-04-02,FO,BSE,IDO,867172,,SENSEX,,2026-04-09,2026-04-09,92500.00,CE,SENSEX2640992500CE,0.00,0.00,0.00,0.05,0.00,0.05,73319.55,0.05,20,0,0,0.00,0,F1,20,,,,,
2026-04-02,2026-04-02,FO,BSE,IDO,854838,,SENSEX,,2026-04-30,2026-04-30,81600.00,CE,SENSEX26APR81600CE,0.00,0.00,0.00,110.65,0.00,374.95,73319.55,110.65,20,0,0,0.00,0,F1,20,,,,,
2026-04-02,2026-04-02,FO,BSE,IDO,850644,,SENSEX,,2026-04-30,2026-04-30,85100.00,CE,SENSEX26APR85100CE,0.00,0.00,0.00,19.90,0.00,130.65,73319.55,19.90,40,0,0,0.00,0,F1,20,,,,,
2026-04-02,2026-04-02,FO,BSE,IDO,853890,,SENSEX,,2026-04-30,2026-04-30,74100.00,CE,SENSEX26APR74100CE,0.00,0.00,0.00,1644.05,0.00,2180.15,73319.55,1644.05,220,0,0,0.00,0,F1,20,,,,,
2026-04-02,2026-04-02,FO,BSE,IDO,866563,,SENSEX,,2026-04-09,2026-04-09,89400.00,CE,SENSEX2640989400CE,0.00,0.00,0.00,0.05,0.00,0.05,73319.55,0.05,140,0,0,0.00,0,F1,20,,,,,
2026-04-02,2026-04-02,FO,BSE,IDO,848810,,SENSEX,,2026-04-30,2026-04-30,77800.00,PE,SENSEX26APR77800PE,0.00,0.00,0.00,4666.75,0.00,4383.80,73319.55,4666.75,100,0,0,0.00,0,F1,20,,,,,
2026-04-02,2026-04-02,FO,BSE,IDO,867287,,SENSEX,,2026-04-09,2026-04-09,92400.00,CE,SENSEX2640992400CE,0.00,0.00,0.00,0.05,0.00,0.05,73319.55,0.05,20,0,0,0.00,0,F1,20,,,,,
2026-04-02,2026-04-02,FO,BSE,IDO,849254,,SENSEX,,2026-04-30,2026-04-30,77100.00,PE,SENSEX26APR77100PE,0.00,0.00,0.00,4112.35,0.00,4817.55,73319.55,4112.35,20,0,0,0.00,0,F1,20,,,,,
2026-04-02,2026-04-02,FO,BSE,IDO,866483,,SENSEX,,2026-04-09,2026-04-09,77600.00,CE,SENSEX2640977600CE,0.00,0.00,0.00,39.00,0.00,169.30,73319.55,39.00,20,0,0,0.00,0,F1,20,,,,,
2026-04-02,2026-04-02,FO,BSE,IDO,866652,,SENSEX,,2026-04-09,2026-04-09,75500.00,PE,SENSEX2640975500PE,0.00,0.00,0.00,2344.45,0.00,2511.65,73319.55,2344.45,1560,0,0,0.00,0,F1,20,,,,,
2026-04-02,2026-04-02,FO,BSE,IDO,864537,,SENSEX,,2026-04-02,2026-04-02,77200.00,PE,SENSEX2640277200PE,0.00,0.00,0.00,73319.55,0.00,3395.85,73319.55,73319.55,1920,0,0,0.00,0,F1,20,,,,,
2026-04-02,2026-04-02,FO,BSE,IDO,866317,,SENSEX,,2026-04-09,2026-04-09,91100.00,CE,SENSEX2640991100CE,0.00,0.00,0.00,0.05,0.00,0.05,73319.55,0.05,20,0,0,0.00,0,F1,20,,,,,
2026-04-02,2026-04-02,FO,BSE,IDO,859164,,SENSEX,,2026-04-30,2026-04-30,71700.00,PE,SENSEX26APR71700PE,0.00,0.00,0.00,1035.30,0.00,1339.55,73319.55,1035.30,80,0,0,0.00,0,F1,20,,,,,
2026-04-02,2026-04-02,FO,BSE,IDO,866475,,SENSEX,,2026-04-09,2026-04-09,90600.00,CE,SENSEX2640990600CE,0.00,0.00,0.00,0.05,0.00,0.05,73319.55,0.05,20,0,0,0.00,0,F1,20,,,,,
2026-04-02,2026-04-02,FO,BSE,IDO,882219,,SENSEX,,2026-04-16,2026-04-16,68100.00,PE,SENSEX2641668100PE,0.00,0.00,0.00,60.10,0.00,210.00,73319.55,60.10,0,0,0,0.00,0,F1,20,,,,,
2026-04-02,2026-04-02,FO,BSE,IDO,866327,,SENSEX,,2026-04-09,2026-04-09,76700.00,CE,SENSEX2640976700CE,0.00,0.00,0.00,91.05,0.00,280.20,73319.55,91.05,40,0,0,0.00,0,F1,20,,,,,
2026-04-02,2026-04-02,FO,BSE,IDO,849662,,SENSEX,,2026-04-30,2026-04-30,85600.00,CE,SENSEX26APR85600CE,0.00,0.00,0.00,15.20,0.00,111.20,73319.55,15.20,20,0,0,0.00,0,F1,20,,,,,
2026-04-02,2026-04-02,FO,BSE,IDO,849141,,SENSEX,,2026-04-30,2026-04-30,83100.00,CE,SENSEX26APR83100CE,0.00,0.00,0.00,54.90,0.00,242.60,73319.55,54.90,20,0,0,0.00,0,F1,20,,,,,
2026-04-02,2026-04-02,FO,BSE,STF,851179,,AXISBANK,,2026-04-30,2026-04-30,,,AXISBANK26APRFUT,0.00,0.00,0.00,1202.95,0.00,1198.35,1197.90,1203.00,0,0,0,0.00,0,F1,625,,,,,
2026-04-02,2026-04-02,FO,BSE,IDO,866127,,SENSEX,,2026-04-09,2026-04-09,90000.00,CE,SENSEX2640990000CE,0.00,0.00,0.00,0.05,0.00,0.05,73319.55,0.05,20,0,0,0.00,0,F1,20,,,,,
2026-04-02,2026-04-02,FO,BSE,IDO,871560,,SENSEX,,2026-04-16,2026-04-16,82000.00,CE,SENSEX2641682000CE,0.00,0.00,0.00,8.50,0.00,72.05,73319.55,8.50,20,0,0,0.00,0,F1,20,,,,,
2026-04-02,2026-04-02,FO,BSE,IDO,866219,,SENSEX,,2026-04-09,2026-04-09,75400.00,PE,SENSEX2640975400PE,0.00,0.00,0.00,2263.45,0.00,2453.30,73319.55,2263.45,1260,0,0,0.00,0,F1,20,,,,,
2026-04-02,2026-04-02,FO,BSE,IDO,866534,,SENSEX,,2026-04-09,2026-04-09,87800.00,CE,SENSEX2640987800CE,0.00,0.00,0.00,0.05,0.00,0.05,73319.55,0.05,120,0,0,0.00,0,F1,20,,,,,
2026-04-02,2026-04-02,FO,BSE,IDO,854999,,SENSEX,,2026-04-30,2026-04-30,82200.00,CE,SENSEX26APR82200CE,0.00,0.00,0.00,84.15,0.00,315.95,73319.55,84.15,20,0,0,0.00,0,F1,20,,,,,
2026-04-02,2026-04-02,FO,BSE,STO,854472,,AUBANK,,2026-04-30,2026-04-30,1010.00,CE,AUBANK26APR1010CE,0.00,0.00,0.00,1.45,0.00,1.95,868.25,1.45,0,0,0,0.00,0,F1,1000,,,,,
2026-04-02,2026-04-02,FO,BSE,IDO,886560,,SENSEX,,2026-04-02,2026-04-02,66000.00,CE,SENSEX2640266000CE,0.00,0.00,0.00,73319.55,0.00,7780.10,73319.55,73319.55,120,0,0,0.00,0,F1,20,,,,,
2026-04-02,2026-04-02,FO,BSE,STF,851773,,AMBER,,2026-04-30,2026-04-30,,,AMBER26APRFUT,0.00,0.00,0.00,6308.05,0.00,6608.30,6281.50,6308.05,0,0,0,0.00,0,F1,100,,,,,
2026-04-02,2026-04-02,FO,BSE,IDO,850691,,SENSEX,,2026-04-30,2026-04-30,81400.00,CE,SENSEX26APR81400CE,0.00,0.00,0.00,121.00,0.00,396.60,73319.55,121.00,20,0,0,0.00,0,F1,20,,,,,
2026-04-02,2026-04-02,FO,BSE,IDO,883990,,SENSEX,,2026-04-16,2026-04-16,67500.00,PE,SENSEX2641667500PE,0.00,0.00,0.00,36.60,0.00,195.80,73319.55,36.60,0,0,0,0.00,0,F1,20,,,,,
2026-04-02,2026-04-02,FO,BSE,IDO,859525,,SENSEX,,2026-04-30,2026-04-30,71600.00,PE,SENSEX26APR71600PE,0.00,0.00,0.00,1000.85,0.00,1316.05,73319.55,1000.85,120,0,0,0.00,0,F1,20,,,,,
2026-04-02,2026-04-02,FO,BSE,IDO,866349,,SENSEX,,2026-04-09,2026-04-09,91300.00,CE,SENSEX2640991300CE,0.00,0.00,0.00,0.05,0.00,0.05,73319.55,0.05,140,0,0,0.00,0,F1,20,,,,,
2026-04-02,2026-04-02,FO,BSE,IDO,889160,,SENSEX,,2026-05-07,2026-05-07,80000.00,CE,SENSEX2650780000CE,0.00,0.00,0.00,337.55,0.00,685.60,73319.55,337.55,20,0,0,0.00,0,F1,20,,,,,
2026-04-02,2026-04-02,FO,BSE,IDO,842625,,SENSEX,,2026-06-25,2026-06-25,78000.00,CE,SENSEX26JUN78000CE,0.00,0.00,0.00,1780.75,0.00,2802.75,73319.55,1780.75,0,0,0,0.00,0,F1,20,,,,,
2026-04-02,2026-04-02,FO,BSE,STF,875727,,ADANIENSOL,,2026-05-27,2026-05-27,,,ADANIENSOL26MAYFUT,0.00,0.00,0.00,949.45,0.00,964.70,941.60,949.45,0,0,0,0.00,0,F1,675,,,,,
2026-04-02,2026-04-02,FO,BSE,IDO,858060,,SENSEX,,2026-04-30,2026-04-30,71800.00,PE,SENSEX26APR71800PE,0.00,0.00,0.00,1070.60,0.00,1349.20,73319.55,1070.60,120,0,0,0.00,0,F1,20,,,,,
2026-04-02,2026-04-02,FO,BSE,IDO,854256,,SENSEX,,2026-04-30,2026-04-30,80700.00,PE,SENSEX26APR80700PE,0.00,0.00,0.00,7204.95,0.00,7694.85,73319.55,7204.95,0,0,0,0.00,0,F1,20,,,,,
2026-04-02,2026-04-02,FO,BSE,IDO,866181,,SENSEX,,2026-04-09,2026-04-09,91200.00,CE,SENSEX2640991200CE,0.00,0.00,0.00,0.05,0.00,0.05,73319.55,0.05,20,0,0,0.00,0,F1,20,,,,,
2026-04-02,2026-04-02,FO,BSE,IDO,849968,,SENSEX,,2026-04-30,2026-04-30,86600.00,CE,SENSEX26APR86600CE,0.00,0.00,0.00,8.75,0.00,79.90,73319.55,8.75,20,0,0,0.00,0,F1,20,,,,,
2026-04-02,2026-04-02,FO,BSE,IDO,853472,,SENSEX,,2026-04-30,2026-04-30,86200.00,CE,SENSEX26APR86200CE,0.00,0.00,0.00,10.95,0.00,91.30,73319.55,10.95,20,0,0,0.00,0,F1,20,,,,,
2026-04-02,2026-04-02,FO,BSE,IDO,853100,,SENSEX,,2026-04-30,2026-04-30,76300.00,PE,SENSEX26APR76300PE,0.00,0.00,0.00,3515.40,0.00,4256.25,73319.55,3515.40,20,0,0,0.00,0,F1,20,,,,,
2026-04-02,2026-04-02,FO,BSE,IDO,866625,,SENSEX,,2026-04-09,2026-04-09,90500.00,CE,SENSEX2640990500CE,0.00,0.00,0.00,0.05,0.00,0.05,73319.55,0.05,80,0,0,0.00,0,F1,20,,,,,
2026-04-02,2026-04-02,FO,BSE,IDO,851995,,SENSEX,,2026-04-30,2026-04-30,86500.00,CE,SENSEX26APR86500CE,0.00,0.00,0.00,9.25,0.00,82.60,73319.55,9.25,20,0,0,0.00,0,F1,20,,,,,
2026-04-02,2026-04-02,FO,BSE,IDO,848672,,SENSEX,,2026-04-30,2026-04-30,81500.00,CE,SENSEX26APR81500CE,0.00,0.00,0.00,115.75,0.00,385.65,73319.55,115.75,20,0,0,0.00,0,F1,20,,,,,
2026-04-02,2026-04-02,FO,BSE,IDO,866150,,SENSEX,,2026-04-09,2026-04-09,91900.00,CE,SENSEX2640991900CE,0.00,0.00,0.00,0.05,0.00,0.05,73319.55,0.05,120,0,0,0.00,0,F1,20,,,,,
2026-04-02,2026-04-02,FO,BSE,IDO,866494,,SENSEX,,2026-04-09,2026-04-09,89900.00,CE,SENSEX2640989900CE,0.00,0.00,0.00,0.05,0.00,0.05,73319.55,0.05,20,0,0,0.00,0,F1,20,,,,,
2026-04-02,2026-04-02,FO,BSE,IDO,850593,,SENSEX,,2026-04-30,2026-04-30,76200.00,PE,SENSEX26APR76200PE,0.00,0.00,0.00,3443.75,0.00,3055.45,73319.55,3443.75,60,0,0,0.00,0,F1,20,,,,,
2026-04-02,2026-04-02,FO,BSE,IDO,866116,,SENSEX,,2026-04-09,2026-04-09,91700.00,CE,SENSEX2640991700CE,0.00,0.00,0.00,0.05,0.00,0.05,73319.55,0.05,120,0,0,0.00,0,F1,20,,,,,
2026-04-02,2026-04-02,FO,BSE,IDO,866302,,SENSEX,,2026-04-09,2026-04-09,88800.00,CE,SENSEX2640988800CE,0.00,0.00,0.00,0.05,0.00,0.05,73319.55,0.05,120,0,0,0.00,0,F1,20,,,,,
2026-04-02,2026-04-02,FO,BSE,IDO,881236,,SENSEX,,2026-04-23,2026-04-23,70000.00,PE,SENSEX2642370000PE,0.00,0.00,0.00,398.25,0.00,700.00,73319.55,398.25,100,0,0,0.00,0,F1,20,,,,,
2026-04-02,2026-04-02,FO,BSE,IDO,883475,,SENSEX,,2026-04-16,2026-04-16,68000.00,PE,SENSEX2641668000PE,0.00,0.00,0.00,55.45,0.00,200.00,73319.55,55.45,0,0,0,0.00,0,F1,20,,,,,
2026-04-02,2026-04-02,FO,BSE,IDO,864179,,SENSEX,,2026-04-02,2026-04-02,76100.00,PE,SENSEX2640276100PE,0.00,0.00,0.00,73319.55,0.00,2858.50,73319.55,73319.55,4080,0,0,0.00,0,F1,20,,,,,
2026-04-02,2026-04-02,FO,BSE,IDO,866266,,SENSEX,,2026-04-09,2026-04-09,88600.00,CE,SENSEX2640988600CE,0.00,0.00,0.00,0.05,0.00,0.05,73319.55,0.05,60,0,0,0.00,0,F1,20,,,,,
2026-04-02,2026-04-02,FO,BSE,IDO,866094,,SENSEX,,2026-04-09,2026-04-09,90700.00,CE,SENSEX2640990700CE,0.00,0.00,0.00,0.05,0.00,0.05,73319.55,0.05,80,0,0,0.00,0,F1,20,,,,,
2026-04-02,2026-04-02,FO,BSE,IDO,853809,,SENSEX,,2026-04-30,2026-04-30,85800.00,CE,SENSEX26APR85800CE,0.00,0.00,0.00,13.65,0.00,104.15,73319.55,13.65,80,0,0,0.00,0,F1,20,,,,,
2026-04-02,2026-04-02,FO,BSE,IDO,866389,,SENSEX,,2026-04-09,2026-04-09,91500.00,CE,SENSEX2640991500CE,0.00,0.00,0.00,0.05,0.00,0.05,73319.55,0.05,20,0,0,0.00,0,F1,20,,,,,
2026-04-02,2026-04-02,FO,BSE,IDO,859001,,SENSEX,,2026-06-25,2026-06-25,76000.00,CE,SENSEX26JUN76000CE,0.00,0.00,0.00,2473.50,0.00,3532.55,73319.55,2473.50,0,0,0,0.00,0,F1,20,,,,,
2026-04-02,2026-04-02,FO,BSE,IDO,866240,,SENSEX,,2026-04-09,2026-04-09,89000.00,CE,SENSEX2640989000CE,0.00,0.00,0.00,0.05,0.00,0.05,73319.55,0.05,20,0,0,0.00,0,F1,20,,,,,
2026-04-02,2026-04-02,FO,BSE,IDO,866140,,SENSEX,,2026-04-09,2026-04-09,83300.00,CE,SENSEX2640983300CE,0.00,0.00,0.00,0.05,0.00,8.65,73319.55,0.05,60,0,0,0.00,0,F1,20,,,,,
2026-04-02,2026-04-02,FO,BSE,IDO,852481,,SENSEX,,2026-04-30,2026-04-30,84400.00,CE,SENSEX26APR84400CE,0.00,0.00,0.00,28.70,0.00,163.05,73319.55,28.70,20,0,0,0.00,0,F1,20,,,,,
2026-04-02,2026-04-02,FO,BSE,STO,861426,,RELIANCE,,2026-04-30,2026-04-30,1530.00,CE,RELIANCE26APR1530CE,0.00,0.00,0.00,0.70,0.00,1.40,1350.50,0.70,0,0,0,0.00,0,F1,500,,,,,
2026-04-02,2026-04-02,FO,BSE,IDO,884884,,SENSEX,,2026-04-16,2026-04-16,67200.00,CE,SENSEX2641667200CE,0.00,0.00,0.00,6289.30,0.00,6253.65,73319.55,6289.30,0,0,0,0.00,0,F1,20,,,,,
2026-04-02,2026-04-02,FO,BSE,IDO,850483,,SENSEX,,2026-04-30,2026-04-30,84500.00,CE,SENSEX26APR84500CE,0.00,0.00,0.00,27.25,0.00,158.00,73319.55,27.25,20,0,0,0.00,0,F1,20,,,,,
2026-04-02,2026-04-02,FO,BSE,IDO,866278,,SENSEX,,2026-04-09,2026-04-09,89200.00,CE,SENSEX2640989200CE,0.00,0.00,0.00,0.05,0.00,0.05,73319.55,0.05,140,0,0,0.00,0,F1,20,,,,,
2026-04-02,2026-04-02,FO,BSE,IDO,852046,,SENSEX,,2026-04-30,2026-04-30,82800.00,CE,SENSEX26APR82800CE,0.00,0.00,0.00,63.45,0.00,265.20,73319.55,63.45,20,0,0,0.00,0,F1,20,,,,,
2026-04-02,2026-04-02,FO,BSE,IDO,866519,,SENSEX,,2026-04-09,2026-04-09,90800.00,CE,SENSEX2640990800CE,0.00,0.00,0.00,0.05,0.00,0.05,73319.55,0.05,60,0,0,0.00,0,F1,20,,,,,
2026-04-02,2026-04-02,FO,BSE,STF,849078,,INFY,,2026-04-30,2026-04-30,,,INFY26APRFUT,0.00,0.00,0.00,1306.30,0.00,1281.30,1300.80,1306.25,1200,0,0,0.00,0,F1,400,,,,,
2026-04-02,2026-04-02,FO,BSE,IDO,849659,,SENSEX,,2026-04-30,2026-04-30,83300.00,CE,SENSEX26APR83300CE,0.00,0.00,0.00,49.80,0.00,228.45,73319.55,49.80,20,0,0,0.00,0,F1,20,,,,,
2026-04-02,2026-04-02,FO,BSE,IDO,854789,,SENSEX,,2026-04-30,2026-04-30,85300.00,CE,SENSEX26APR85300CE,0.00,0.00,0.00,17.90,0.00,122.50,73319.55,17.90,40,0,0,0.00,0,F1,20,,,,,
2026-04-02,2026-04-02,FO,BSE,IDO,855785,,SENSEX,,2026-04-30,2026-04-30,81100.00,CE,SENSEX26APR81100CE,0.00,0.00,0.00,138.15,0.00,431.10,73319.55,138.15,20,0,0,0.00,0,F1,20,,,,,
2026-04-02,2026-04-02,FO,BSE,IDO,854958,,SENSEX,,2026-04-30,2026-04-30,75600.00,PE,SENSEX26APR75600PE,0.00,0.00,0.00,3028.90,0.00,3792.85,73319.55,3028.90,20,0,0,0.00,0,F1,20,,,,,
2026-04-02,2026-04-02,FO,BSE,IDO,851987,,SENSEX,,2026-04-30,2026-04-30,84200.00,CE,SENSEX26APR84200CE,0.00,0.00,0.00,31.80,0.00,173.55,73319.55,31.80,20,0,0,0.00,0,F1,20,,,,,
2026-04-02,2026-04-02,FO,BSE,IDF,871197,,BANKEX,,2026-05-27,2026-05-27,,,BANKEX26MAYFUT,0.00,0.00,0.00,58492.20,0.00,58373.60,58009.41,58492.20,60,0,0,0.00,0,F1,30,,,,,
2026-04-02,2026-04-02,FO,BSE,IDO,853982,,SENSEX,,2026-04-30,2026-04-30,86400.00,CE,SENSEX26APR86400CE,0.00,0.00,0.00,9.80,0.00,85.40,73319.55,9.80,20,0,0,0.00,0,F1,20,,,,,
2026-04-02,2026-04-02,FO,BSE,IDO,884891,,SENSEX,,2026-04-16,2026-04-16,66900.00,PE,SENSEX2641666900PE,0.00,0.00,0.00,21.50,0.00,142.80,73319.55,21.50,0,0,0,0.00,0,F1,20,,,,,
2026-04-02,2026-04-02,FO,BSE,IDF,849257,,SENSEX50,,2026-04-30,2026-04-30,,,SENSEX5026APRFUT,0.00,0.00,0.00,23847.65,0.00,23809.00,23747.23,23847.65,0,0,0,0.00,0,F1,75,,,,,
2026-04-02,2026-04-02,FO,BSE,IDO,855789,,SENSEX,,2026-04-30,2026-04-30,83400.00,CE,SENSEX26APR83400CE,0.00,0.00,0.00,47.45,0.00,221.70,73319.55,47.45,20,0,0,0.00,0,F1,20,,,,,
2026-04-02,2026-04-02,FO,BSE,IDO,881125,,SENSEX,,2026-04-23,2026-04-23,76000.00,CE,SENSEX2642376000CE,0.00,0.00,0.00,700.75,0.00,1080.50,73319.55,700.75,20,0,0,0.00,0,F1,20,,,,,
2026-04-02,2026-04-02,FO,BSE,IDO,866461,,SENSEX,,2026-04-09,2026-04-09,88000.00,CE,SENSEX2640988000CE,0.00,0.00,0.00,0.05,0.00,2.05,73319.55,0.05,280,0,0,0.00,0,F1,20,,,,,
2026-04-02,2026-04-02,FO,BSE,IDO,855303,,SENSEX,,2026-04-30,2026-04-30,85500.00,CE,SENSEX26APR85500CE,0.00,0.00,0.00,16.05,0.00,114.85,73319.55,16.05,60,0,0,0.00,0,F1,20,,,,,
2026-04-02,2026-04-02,FO,BSE,IDO,853162,,SENSEX,,2026-04-30,2026-04-30,79300.00,CE,SENSEX26APR79300CE,0.00,0.00,0.00,292.15,0.00,695.95,73319.55,292.15,20,0,0,0.00,0,F1,20,,,,,
2026-04-02,2026-04-02,FO,BSE,STF,853331,,BANKINDIA,,2026-04-30,2026-04-30,,,BANKINDIA26APRFUT,0.00,0.00,0.00,139.75,0.00,142.30,139.16,139.75,0,0,0,0.00,0,F1,5200,,,,,
2026-04-02,2026-04-02,FO,BSE,IDO,848677,,SENSEX,,2026-04-30,2026-04-30,83800.00,CE,SENSEX26APR83800CE,0.00,0.00,0.00,38.90,0.00,196.30,73319.55,38.90,60,0,0,0.00,0,F1,20,,,,,
2026-04-02,2026-04-02,FO,BSE,IDO,866507,,SENSEX,,2026-04-09,2026-04-09,88200.00,CE,SENSEX2640988200CE,0.00,0.00,0.00,0.05,0.00,0.05,73319.55,0.05,40,0,0,0.00,0,F1,20,,,,,
2026-04-02,2026-04-02,FO,BSE,STO,859771,,AXISBANK,,2026-04-30,2026-04-30,1250.00,CE,AXISBANK26APR1250CE,0.00,0.00,0.00,14.30,0.00,13.50,1197.90,14.30,0,0,0,0.00,0,F1,625,,,,,
2026-04-02,2026-04-02,FO,BSE,IDO,855795,,SENSEX,,2026-04-30,2026-04-30,85700.00,CE,SENSEX26APR85700CE,0.00,0.00,0.00,14.40,0.00,107.60,73319.55,14.40,20,0,0,0.00,0,F1,20,,,,,
2026-04-02,2026-04-02,FO,BSE,IDO,856334,,SENSEX,,2026-04-30,2026-04-30,85900.00,CE,SENSEX26APR85900CE,0.00,0.00,0.00,12.95,0.00,100.80,73319.55,12.95,80,0,0,0.00,0,F1,20,,,,,
2026-04-02,2026-04-02,FO,BSE,IDO,866470,,SENSEX,,2026-04-09,2026-04-09,92000.00,CE,SENSEX2640992000CE,0.00,0.00,0.00,0.05,0.00,0.05,73319.55,0.05,120,0,0,0.00,0,F1,20,,,,,
2026-04-02,2026-04-02,FO,BSE,IDO,850998,,SENSEX,,2026-04-30,2026-04-30,80100.00,CE,SENSEX26APR80100CE,0.00,0.00,0.00,211.45,0.00,250.00,73319.55,211.45,40,0,0,0.00,0,F1,20,,,,,
2026-04-02,2026-04-02,FO,BSE,IDO,853603,,BANKEX,,2026-04-30,2026-04-30,59500.00,PE,BANKEX26APR59500PE,0.00,0.00,0.00,2688.25,0.00,2500.30,58009.41,2688.25,120,0,0,0.00,0,F1,30,,,,,
2026-04-02,2026-04-02,FO,BSE,IDO,849144,,SENSEX,,2026-04-30,2026-04-30,85400.00,CE,SENSEX26APR85400CE,0.00,0.00,0.00,16.95,0.00,118.65,73319.55,16.95,60,0,0,0.00,0,F1,20,,,,,
2026-04-02,2026-04-02,FO,BSE,IDO,869728,,SENSEX,,2026-04-16,2026-04-16,80700.00,CE,SENSEX2641680700CE,0.00,0.00,0.00,23.50,0.00,131.75,73319.55,23.50,20,0,0,0.00,0,F1,20,,,,,
2026-04-02,2026-04-02,FO,BSE,IDO,859323,,SENSEX,,2026-06-25,2026-06-25,76000.00,PE,SENSEX26JUN76000PE,0.00,0.00,0.00,4198.05,0.00,5431.00,73319.55,4198.05,0,0,0,0.00,0,F1,20,,,,,
2026-04-02,2026-04-02,FO,BSE,IDO,852986,,SENSEX,,2026-04-30,2026-04-30,82300.00,CE,SENSEX26APR82300CE,0.00,0.00,0.00,80.30,0.00,306.95,73319.55,80.30,20,0,0,0.00,0,F1,20,,,,,
2026-04-02,2026-04-02,FO,BSE,IDO,853524,,SENSEX,,2026-04-30,2026-04-30,84800.00,CE,SENSEX26APR84800CE,0.00,0.00,0.00,23.30,0.00,143.75,73319.55,23.30,20,0,0,0.00,0,F1,20,,,,,
2026-04-02,2026-04-02,FO,BSE,IDO,856530,,SENSEX,,2026-04-30,2026-04-30,83000.00,PE,SENSEX26APR83000PE,0.00,0.00,0.00,9388.65,0.00,9753.70,73319.55,9388.65,20,0,0,0.00,0,F1,20,,,,,
2026-04-02,2026-04-02,FO,BSE,IDO,852989,,SENSEX,,2026-04-30,2026-04-30,84600.00,CE,SENSEX26APR84600CE,0.00,0.00,0.00,25.85,0.00,153.15,73319.55,25.85,20,0,0,0.00,0,F1,20,,,,,
2026-04-02,2026-04-02,FO,BSE,IDO,866466,,SENSEX,,2026-04-09,2026-04-09,88900.00,CE,SENSEX2640988900CE,0.00,0.00,0.00,0.05,0.00,0.05,73319.55,0.05,40,0,0,0.00,0,F1,20,,,,,
2026-04-02,2026-04-02,FO,BSE,IDO,884445,,SENSEX,,2026-04-02,2026-04-02,67000.00,CE,SENSEX2640267000CE,0.00,0.00,0.00,73319.55,0.00,6641.95,73319.55,73319.55,40,0,0,0.00,0,F1,20,,,,,
2026-04-02,2026-04-02,FO,BSE,IDO,866366,,SENSEX,,2026-04-09,2026-04-09,88300.00,CE,SENSEX2640988300CE,0.00,0.00,0.00,0.05,0.00,0.05,73319.55,0.05,20,0,0,0.00,0,F1,20,,,,,
2026-04-02,2026-04-02,FO,BSE,IDO,852478,,SENSEX,,2026-04-30,2026-04-30,82100.00,CE,SENSEX26APR82100CE,0.00,0.00,0.00,88.15,0.00,325.20,73319.55,88.15,20,0,0,0.00,0,F1,20,,,,,
2026-04-02,2026-04-02,FO,BSE,IDO,866644,,SENSEX,,2026-04-09,2026-04-09,89800.00,CE,SENSEX2640989800CE,0.00,0.00,0.00,0.05,0.00,0.05,73319.55,0.05,20,0,0,0.00,0,F1,20,,,,,
2026-04-02,2026-04-02,FO,BSE,IDO,849853,,SENSEX,,2026-04-30,2026-04-30,85000.00,PE,SENSEX26APR85000PE,0.00,0.00,0.00,11343.55,0.00,11629.95,73319.55,11343.55,40,0,0,0.00,0,F1,20,,,,,
2026-04-02,2026-04-02,FO,BSE,IDO,876998,,SENSEX,,2026-05-27,2026-05-27,72200.00,CE,SENSEX26MAY72200CE,0.00,0.00,0.00,3527.95,0.00,4327.45,73319.55,3527.95,20,0,0,0.00,0,F1,20,,,,,
2026-04-02,2026-04-02,FO,BSE,IDO,882036,,SENSEX,,2026-04-16,2026-04-16,68600.00,PE,SENSEX2641668600PE,0.00,0.00,0.00,88.55,0.00,263.90,73319.55,88.55,0,0,0,0.00,0,F1,20,,,,,
2026-04-02,2026-04-02,FO,BSE,IDO,856397,,SENSEX,,2026-04-30,2026-04-30,79000.00,PE,SENSEX26APR79000PE,0.00,0.00,0.00,5676.35,0.00,6272.25,73319.55,5676.35,700,0,0,0.00,0,F1,20,,,,,
2026-04-02,2026-04-02,FO,BSE,IDO,853972,,SENSEX,,2026-04-30,2026-04-30,84100.00,CE,SENSEX26APR84100CE,0.00,0.00,0.00,33.45,0.00,179.00,73319.55,33.45,40,0,0,0.00,0,F1,20,,,,,
2026-04-02,2026-04-02,FO,BSE,IDO,866372,,SENSEX,,2026-04-09,2026-04-09,84600.00,CE,SENSEX2640984600CE,0.00,0.00,0.00,0.05,0.00,0.80,73319.55,0.05,20,0,0,0.00,0,F1,20,,,,,
2026-04-02,2026-04-02,FO,BSE,IDO,855458,,SENSEX,,2026-04-30,2026-04-30,75800.00,PE,SENSEX26APR75800PE,0.00,0.00,0.00,3164.30,0.00,3922.50,73319.55,3164.30,20,0,0,0.00,0,F1,20,,,,,
2026-04-02,2026-04-02,FO,BSE,IDO,854439,,SENSEX,,2026-04-30,2026-04-30,75400.00,PE,SENSEX26APR75400PE,0.00,0.00,0.00,2896.50,0.00,3665.45,73319.55,2896.50,20,0,0,0.00,0,F1,20,,,,,
2026-04-02,2026-04-02,FO,BSE,IDO,884824,,SENSEX,,2026-04-16,2026-04-16,67000.00,CE,SENSEX2641667000CE,0.00,0.00,0.00,6484.25,0.00,6436.30,73319.55,6484.25,0,0,0,0.00,0,F1,20,,,,,
2026-04-02,2026-04-02,FO,BSE,IDO,854491,,SENSEX,,2026-04-30,2026-04-30,84300.00,CE,SENSEX26APR84300CE,0.00,0.00,0.00,30.20,0.00,168.20,73319.55,30.20,60,0,0,0.00,0,F1,20,,,,,
2026-04-02,2026-04-02,FO,BSE,IDO,866671,,SENSEX,,2026-04-09,2026-04-09,92100.00,CE,SENSEX2640992100CE,0.00,0.00,0.00,0.05,0.00,0.05,73319.55,0.05,20,0,0,0.00,0,F1,20,,,,,
2026-04-02,2026-04-02,FO,BSE,IDO,851002,,SENSEX,,2026-04-30,2026-04-30,82400.00,CE,SENSEX26APR82400CE,0.00,0.00,0.00,76.65,0.00,298.15,73319.55,76.65,20,0,0,0.00,0,F1,20,,,,,
2026-04-02,2026-04-02,FO,BSE,IDO,866542,,SENSEX,,2026-04-09,2026-04-09,88400.00,CE,SENSEX2640988400CE,0.00,0.00,0.00,0.05,0.00,0.05,73319.55,0.05,20,0,0,0.00,0,F1,20,,,,,
2026-04-02,2026-04-02,FO,BSE,IDO,886067,,SENSEX,,2026-04-16,2026-04-16,65100.00,PE,SENSEX2641665100PE,0.00,0.00,0.00,3.45,0.00,49.40,73319.55,3.45,20,0,0,0.00,0,F1,20,,,,,
2026-04-02,2026-04-02,FO,BSE,IDO,850026,,SENSEX,,2026-04-30,2026-04-30,82900.00,CE,SENSEX26APR82900CE,0.00,0.00,0.00,60.50,0.00,257.45,73319.55,60.50,20,0,0,0.00,0,F1,20,,,,,
2026-04-02,2026-04-02,FO,BSE,IDO,866248,,SENSEX,,2026-04-09,2026-04-09,79300.00,PE,SENSEX2640979300PE,0.00,0.00,0.00,5902.90,0.00,6128.40,73319.55,5902.90,100,0,0,0.00,0,F1,20,,,,,
2026-04-02,2026-04-02,FO,BSE,IDO,866105,,SENSEX,,2026-04-09,2026-04-09,89100.00,CE,SENSEX2640989100CE,0.00,0.00,0.00,0.05,0.00,5.00,73319.55,0.05,40,0,0,0.00,0,F1,20,,,,,
2026-04-02,2026-04-02,FO,BSE,IDO,883700,,SENSEX,,2026-04-16,2026-04-16,67600.00,CE,SENSEX2641667600CE,0.00,0.00,0.00,5901.85,0.00,5892.95,73319.55,5901.85,0,0,0,0.00,0,F1,20,,,,,
2026-04-02,2026-04-02,FO,BSE,IDO,856258,,SENSEX,,2026-04-30,2026-04-30,85000.00,CE,SENSEX26APR85000CE,0.00,0.00,0.00,21.00,0.00,134.90,73319.55,21.00,80,0,0,0.00,0,F1,20,,,,,
2026-04-02,2026-04-02,FO,BSE,IDO,866775,,SENSEX,,2026-04-09,2026-04-09,92300.00,CE,SENSEX2640992300CE,0.00,0.00,0.00,0.05,0.00,0.05,73319.55,0.05,20,0,0,0.00,0,F1,20,,,,,
2026-04-02,2026-04-02,FO,BSE,IDO,866208,,SENSEX,,2026-04-09,2026-04-09,89700.00,CE,SENSEX2640989700CE,0.00,0.00,0.00,0.05,0.00,0.05,73319.55,0.05,20,0,0,0.00,0,F1,20,,,,,
2026-04-02,2026-04-02,FO,BSE,STF,850350,,ADANIENSOL,,2026-04-30,2026-04-30,,,ADANIENSOL26APRFUT,0.00,0.00,0.00,945.60,0.00,960.80,941.60,945.60,0,0,0,0.00,0,F1,675,,,,,
2026-04-02,2026-04-02,FO,BSE,IDO,867316,,SENSEX,,2026-04-09,2026-04-09,92600.00,CE,SENSEX2640992600CE,0.00,0.00,0.00,0.05,0.00,0.05,73319.55,0.05,20,0,0,0.00,0,F1,20,,,,,
2026-04-02,2026-04-02,FO,BSE,IDO,850193,,SENSEX,,2026-04-30,2026-04-30,81200.00,CE,SENSEX26APR81200CE,0.00,0.00,0.00,132.20,0.00,419.30,73319.55,132.20,20,0,0,0.00,0,F1,20,,,,,
2026-04-02,2026-04-02,FO,BSE,IDO,849718,,SENSEX,,2026-04-30,2026-04-30,81900.00,CE,SENSEX26APR81900CE,0.00,0.00,0.00,96.60,0.00,344.35,73319.55,96.60,20,0,0,0.00,0,F1,20,,,,,
2026-04-02,2026-04-02,FO,BSE,IDO,854690,,SENSEX,,2026-04-30,2026-04-30,86000.00,PE,SENSEX26APR86000PE,0.00,0.00,0.00,12330.60,0.00,12588.20,73319.55,12330.60,20,0,0,0.00,0,F1,20,,,,,
2026-04-02,2026-04-02,FO,BSE,IDO,864222,,SENSEX,,2026-04-02,2026-04-02,77100.00,PE,SENSEX2640277100PE,0.00,0.00,0.00,73319.55,0.00,3954.25,73319.55,73319.55,1680,0,0,0.00,0,F1,20,,,,,
2026-04-02,2026-04-02,FO,BSE,IDO,851516,,SENSEX,,2026-04-30,2026-04-30,84900.00,CE,SENSEX26APR84900CE,0.00,0.00,0.00,22.10,0.00,139.25,73319.55,22.10,20,0,0,0.00,0,F1,20,,,,,
2026-04-02,2026-04-02,FO,BSE,STF,854636,,IDFCFIRSTB,,2026-04-30,2026-04-30,,,IDFCFIRSTB26APRFUT,0.00,0.00,0.00,60.45,0.00,61.20,60.22,60.45,9275,0,0,0.00,0,F1,9275,,,,,
