VSWS,B,20260805,BIX045,IX,BSE 100 ESG INDEX,420.3100,420.3100,416.9000,418.0900,,,
VSWS,B,20260805,BIX056,IX,BSE 100 LARGECAP TMC INDEX,9318.3400,9318.3400,9243.3400,9269.3900,,,
VSWS,B,20260805,BIX074,IX,BSE 1000,11138.9400,11138.9400,11073.8200,11097.0800,,,
VSWS,B,20260805,BIX046,IX,BSE 150 MIDCAP INDEX,17261.9600,17269.2900,17194.4900,17207.2600,,,
VSWS,B,20260805,BIX063,IX,BSE 200 EQUAL WEIGHT,13994.0700,13994.0700,13912.3500,13926.1300,,,
VSWS,B,20260805,BIX048,IX,BSE 250 LARGEMIDCAP INDEX,11023.3700,11023.3700,10945.6400,10970.7700,,,
VSWS,B,20260805,BIX047,IX,BSE 250 SMALLCAP INDEX,7225.6400,7243.5300,7203.1600,7222.0900,,,
VSWS,B,20260805,BIX049,IX,BSE 400 MIDSMALLCAP INDEX,12890.4200,12904.3600,12843.8900,12861.3100,,,
VSWS,B,20260805,BIX078,IX,BSE 500 DIVIDEND LEADERS 50,3639.6400,3639.9100,3612.3400,3619.4900,,,
VSWS,B,20260805,BIX077,IX,BSE 500 MOMENTUM 50,46212.2700,46226.2400,45875.4000,45989.6800,,,
VSWS,B,20260805,BIX075,IX,BSE 500 QUALITY 50,22814.3400,22815.9500,22654.3600,22695.2100,,,
VSWS,B,20260805,BIX009,IX,BSE AUTO INDEX,64363.3400,64968.3000,64144.9100,64564.9000,,,
VSWS,B,20260805,BIX010,IX,BSE BANKEX,65619.5900,65673.7500,65114.6500,65333.2300,,,
VSWS,B,20260805,BIX032,IX,BSE BASIC MATERIALS,8784.8200,8809.1300,8733.4600,8796.4400,,,
VSWS,B,20260805,BIX044,IX,BSE BHARAT 22 INDEX,9007.3000,9013.9600,8952.1700,8978.6000,,,
VSWS,B,20260805,BIX011,IX,BSE CAPITAL GOODS INDEX,78739.8200,78876.1000,77848.5500,78040.2000,,,
VSWS,B,20260805,BIX065,IX,BSE CAPITAL MARKETS & INSURANCE,2358.7900,2361.4500,2345.1000,2348.9500,,,
VSWS,B,20260805,BIX033,IX,BSE CONSUMER DISCRETIONARY GOOD,10324.1000,10376.1200,10284.5900,10325.4800,,,
VSWS,B,20260805,BIX012,IX,BSE CONSUMER DURABLES INDEX,65683.9800,65690.2600,65238.5600,65381.9100,,,
VSWS,B,20260805,BIX055,IX,BSE DIVERSIFIED FINANCIALS REVENUE GROWTH INDEX,1724.3000,1725.1400,1714.2000,1719.7600,,,
VSWS,B,20260805,BIX054,IX,BSE DIVIDEND STABILITY INDEX,1067.2400,1067.3600,1059.0500,1060.8600,,,
VSWS,B,20260805,BIX034,IX,BSE ENERGY,11430.4800,11438.2200,11283.8200,11310.7100,,,
VSWS,B,20260805,BIX053,IX,BSE ENHANCED VALUE INDEX,1039.9000,1040.7400,1033.3500,1035.6200,,,
VSWS,B,20260805,BIX035,IX,BSE FINANCE,12720.9700,12735.8200,12640.1500,12696.1300,,,
VSWS,B,20260805,BIX013,IX,BSE FMCG INDEX,18552.4800,18552.5600,18411.0500,18446.2800,,,
VSWS,B,20260805,BIX067,IX,BSE FOCUSED IT,37931.7600,38032.5000,37636.7000,37726.9800,,,
VSWS,B,20260805,BIX068,IX,BSE FOCUSED MIDCAP,26133.0400,26141.3100,25986.9500,26007.4300,,,
VSWS,B,20260805,BIX014,IX,BSE HEALTHCARE INDEX,51203.2700,51203.2900,50594.3500,50962.1900,,,
VSWS,B,20260805,BIX080,IX,BSE HOSPITALS,5401.6900,5406.4800,5321.5000,5381.2400,,,
VSWS,B,20260805,BIX076,IX,BSE INDIA 150,19098.7800,19098.7800,18952.2800,18996.3200,,,
VSWS,B,20260805,BIX079,IX,BSE INDIA DEFENCE,7948.2000,7975.8800,7868.1300,7876.2800,,,
VSWS,B,20260805,BIX028,IX,BSE INDIA INFRASTRUCTURE INDEX,593.9300,594.0100,587.9400,589.6400,,,
VSWS,B,20260805,BIX030,IX,BSE INDIA MANUFACTURING INDEX,1104.5400,1104.6300,1098.6300,1100.3800,,,
VSWS,B,20260805,BIX073,IX,BSE INDIA SECTOR LEADERS,15126.8400,15126.8600,15005.6100,15036.4100,,,
VSWS,B,20260805,BIX036,IX,BSE INDUSTRIALS,16395.2500,16479.6200,16345.0100,16366.6600,,,
VSWS,B,20260805,BIX081,IX,BSE INSURANCE,1573.3500,1579.6900,1565.2800,1570.5400,,,
VSWS,B,20260805,BIX064,IX,BSE INTERNET ECONOMY,3219.2100,3219.6600,3172.1600,3177.0000,,,
VSWS,B,20260805,BIX023,IX,BSE IPO INDEX,17791.7500,17913.1600,17739.7000,17891.3300,,,
VSWS,B,20260805,BIX015,IX,BSE IT INDEX,30379.3400,30390.5800,30046.6000,30173.8300,,,
VSWS,B,20260805,BIX051,IX,BSE LOW VOLATILITY INDEX,1816.9800,1816.9800,1801.3000,1805.9200,,,
VSWS,B,20260805,BIX016,IX,BSE METAL INDEX,42255.1900,42513.5800,41828.4800,42420.8600,,,
VSWS,B,20260805,BIX038,IX,BSE MIDCAP SELECT INDEX,18800.3400,18824.8600,18723.6200,18741.7600,,,
VSWS,B,20260805,BIX050,IX,BSE MOMENTUM INDEX,2249.4700,2249.9700,2235.7400,2244.8800,,,
VSWS,B,20260805,BIX017,IX,BSE OIL & GAS INDEX,26628.9100,26651.5400,26307.7000,26340.2300,,,
VSWS,B,20260805,BIX062,IX,BSE POWER & ENERGY,3979.6400,3981.0200,3938.5900,3943.9600,,,
VSWS,B,20260805,BIX022,IX,BSE POWER INDEX,7739.1000,7761.9300,7668.7600,7691.5800,,,
VSWS,B,20260805,BIX069,IX,BSE PREMIUM CONSUMPTION,5667.6800,5667.7900,5620.9700,5633.1400,,,
VSWS,B,20260805,BIX057,IX,BSE PRIVATE BANKS INDEX,20185.8600,20207.6100,20009.7700,20107.4400,,,
VSWS,B,20260805,BIX072,IX,BSE PSU BANK,4795.8400,4839.7300,4784.0100,4792.2400,,,
VSWS,B,20260805,BIX008,IX,BSE PSU INDEX,20886.0500,20917.2100,20772.8200,20834.2400,,,
VSWS,B,20260805,BIX052,IX,BSE QUALITY INDEX,1929.6700,1929.6700,1917.6800,1921.2100,,,
VSWS,B,20260805,BIX021,IX,BSE REALTY INDEX,7019.3800,7142.2600,7006.7700,7042.1300,,,
VSWS,B,20260805,BIX066,IX,BSE SELECT BUSINESS GROUPS,4523.5500,4526.1300,4491.3500,4505.1800,,,
VSWS,B,20260805,BIX071,IX,BSE SELECT IPO,4816.8400,4817.1000,4793.4000,4805.3900,,,
VSWS,B,20260805,BIX042,IX,BSE SENSEX 50,25933.6300,25933.6300,25717.0400,25805.3400,,,
VSWS,B,20260805,BIX070,IX,BSE SENSEX EQUAL WEIGHT,82513.9600,82513.9600,81717.8100,81972.8400,,,
VSWS,B,20260805,BIX059,IX,BSE SENSEX NEXT 30,43175.5500,43183.5300,42913.7700,43090.3300,,,
VSWS,B,20260805,BIX043,IX,BSE SENSEX NEXT 50,89618.5100,89742.7200,88992.9600,89045.7200,,,
VSWS,B,20260805,BIX060,IX,BSE SENSEX SIXTY,33547.5100,33547.5100,33270.9300,33376.7400,,,
VSWS,B,20260805,BIX061,IX,BSE SENSEX SIXTY 65:35,34715.3700,34715.3700,34455.7500,34556.0800,,,
VSWS,B,20260805,BIX058,IX,BSE SERVICES,1689.9200,1690.0300,1666.3200,1674.0700,,,
VSWS,B,20260805,BIX039,IX,BSE SMALLCAP SELECT INDEX,8950.6800,8995.2700,8938.7300,8968.1000,,,
VSWS,B,20260805,BIX027,IX,BSE SME IPO INDEX,101626.9000,102377.7000,101439.7000,102324.9000,,,
VSWS,B,20260805,BIX007,IX,BSE TECk INDEX,16041.6700,16043.8200,15742.1100,15804.4200,,,
VSWS,B,20260805,BIX040,IX,BSE TELECOM,3657.3400,3662.1500,3600.9500,3607.6000,,,
VSWS,B,20260805,BIX041,IX,BSE UTILITIES,5813.6100,5830.4300,5761.5100,5774.1900,,,
VSWS,B,20260805,BIX003,IX,BSE-100 INDEX,26409.3900,26409.3900,26200.2400,26270.9500,,,
VSWS,B,20260805,BIX004,IX,BSE-200 INDEX,11575.9900,11575.9900,11489.2100,11515.7600,,,
VSWS,B,20260805,BIX006,IX,BSE-500 INDEX,37235.4300,37235.4300,36995.2100,37074.6600,,,
VSWS,B,20260805,BIX029,IX,BSE CPSE,3889.9200,3890.1800,3853.2800,3870.9800,,,
VSWS,B,20260805,BIX001,IX,BSE SENSEX,79055.3800,79055.3800,78285.7400,78581.0000,,,
VSWS,B,20260805,500002,,ABB India,  7730.3500,  7833.6500,  7673.4500,  7714.0000,      20184,       4443,           156359689
VSWS,B,20260805,500003,,Aegis Logistics,  1383.5500,  1410.5000,  1364.6500,  1395.1000,      72355,       3090,           101014675
VSWS,B,20260805,500008,,Amara Raja Energy &,   932.0000,   956.1000,   928.6000,   939.1500,     261114,      10228,           247215954
VSWS,B,20260805,500009,,Ambalal Sarabhai,    43.3900,    45.5000,    40.2900,    43.1000,     272962,       1240,            11957302
VSWS,B,20260805,500012,,Andhra Petrochem,    47.7900,    49.4000,    46.3000,    46.7500,     158348,        822,             7505549
VSWS,B,20260805,500013,,Ansal Prop & Infrast,     3.7000,     3.7000,     3.5900,     3.5900,      28377,         49,              104793
VSWS,B,20260805,500014,,Utique Enterprises,     3.6200,     3.9000,     3.5600,     3.6600,      12117,         60,               44192
VSWS,B,20260805,500016,,Aruna Hotels,     7.3700,     7.8800,     7.1000,     7.5400,      18622,         37,              138102
VSWS,B,20260805,500020,,Bombay Dyeing,   123.4000,   123.4000,   119.0000,   120.1000,      27499,        520,             3313613
VSWS,B,20260805,500023,,Asian Hotels (North),   303.6000,   312.0000,   302.2000,   306.9500,      23807,        145,             7286531
VSWS,B,20260805,500027,,Atul,  6894.1500,  6960.0000,  6770.5000,  6791.0000,       2570,        889,            17609092
VSWS,B,20260805,500028,,ATV Projects,    23.0000,    26.4800,    22.2700,    25.5900,      50279,        522,             1238483
VSWS,B,20260805,500031,,Bajaj Electricals,   349.8500,   355.9500,   344.4500,   349.3000,      17415,        551,             6115044
VSWS,B,20260805,500032,,Bajaj Hindusthan Su,    18.3000,    18.3400,    17.7100,    17.7800,     290178,       1273,             5213291
VSWS,B,20260805,500033,,Force Motors, 18500.0000, 18824.0000, 18446.4000, 18500.0000,       4065,       1132,            75767638
VSWS,B,20260805,500034,,Bajaj Finance,  1156.0000,  1166.1000,  1145.0000,  1150.0500,     292817,      10676,           338527292
VSWS,B,20260805,500038,,Balrampur Chini Mill,   653.8000,   654.3500,   626.9000,   635.4000,      49071,       1657,            31529844
VSWS,B,20260805,500039,,Banco Products,   680.1000,   688.0000,   672.0000,   684.7000,      30109,       1118,            20527750
VSWS,B,20260805,500040,,Aditya Birla Real Es,  1434.1500,  1458.0000,  1410.9000,  1420.4500,      62220,        528,            89573824
VSWS,B,20260805,500042,,BASF India,  3959.7500,  4100.0000,  3927.6000,  4034.9000,      14450,       2056,            58129827
VSWS,B,20260805,500043,,Bata India,   716.8000,   747.8500,   710.9000,   731.0500,     105539,       5358,            77373209
VSWS,B,20260805,500048,,BEML,  1695.4500,  1717.0000,  1668.5000,  1670.9000,      21419,       2123,            36167221
VSWS,B,20260805,500049,,Bharat Electronics,   392.0000,   393.0000,   385.2500,   389.2000,     844026,      20956,           327661911
VSWS,B,20260805,500051,,Bhagawati Gas,    11.9100,    11.9100,    11.9100,    11.9100,       2600,         26,               30966
VSWS,B,20260805,500052,,Bhansali Engg Poly,   123.2500,   124.9000,   120.5000,   121.5000,     137766,       1055,            16861171
VSWS,B,20260805,500058,,Bihar Sponge Iron,    12.3700,    12.8500,    11.9300,    12.2700,      26596,        103,              324616
VSWS,B,20260805,500059,,BIL Vyapar,     3.9200,     3.9200,     3.9200,     3.9200,        175,          2,                 686
VSWS,B,20260805,500060,,Birla Cable,   236.9000,   236.9000,   236.9000,   236.9000,      28322,        236,             6709481
VSWS,B,20260805,500067,,Blue Star,  1693.2000,  1720.0000,  1635.0000,  1650.0000,     142813,       4207,           238986076
VSWS,B,20260805,500068,,Disa India, 12180.6000, 12348.0000, 12078.5000, 12260.2500,        165,         92,             2009647
VSWS,B,20260805,500069,,Quest Capital Market,   260.0000,   267.0000,   260.0000,   267.0000,         66,          3,               17228
VSWS,B,20260805,500074,,B P L,    52.9000,    54.2700,    52.9000,    53.6600,       3554,        389,              190247
VSWS,B,20260805,500078,,Oriental Aromatics,   378.8000,   383.4500,   371.3000,   375.4500,       1342,         70,              508583
VSWS,B,20260805,500083,,Century Extrusions,    23.6800,    23.6800,    22.0100,    23.0900,     149730,        683,             3456011
VSWS,B,20260805,500084,,C E S C,   165.2500,   166.5500,   163.2500,   163.5500,      70352,       1453,            11562064
VSWS,B,20260805,500085,,Chambal Fertilisers,   456.4500,   466.4000,   453.9500,   459.0000,      49729,       1031,            22953976
VSWS,B,20260805,500086,,Exide Industries,   459.5000,   478.6500,   459.0000,   467.3000,     826487,      18679,           389196331
VSWS,B,20260805,500087,,Cipla,  1462.0000,  1463.0000,  1443.9000,  1450.0000,      28646,       2108,            41644203
VSWS,B,20260805,500089,,DIC India,   508.0000,   508.0000,   508.0000,   508.0000,         50,          1,               25400
VSWS,B,20260805,500092,,CRISIL,  4358.4000,  4500.0000,  4333.2000,  4471.0000,      12046,       1793,            52599336
VSWS,B,20260805,500093,,CG Power & Indl Solu,   888.5500,   893.9500,   878.0000,   884.0000,      92470,       3198,            81724697
VSWS,B,20260805,500096,,Dabur India,   413.9500,   414.0000,   407.1000,   414.0000,      85551,       1996,            35077547
VSWS,B,20260805,500097,,Dalmia Bharat Sugar,   415.0000,   420.1000,   390.3500,   393.4000,      40446,        718,            16337469
VSWS,B,20260805,500101,,Arvind,   551.5000,   558.5000,   540.0000,   546.5000,      36414,       1701,            20039946
VSWS,B,20260805,500103,,Bharat Heavy Elect,   413.7500,   414.5500,   407.5000,   410.4000,     565171,       4883,           231626377
VSWS,B,20260805,500104,,Hindustan Petroleum,   397.0000,   401.1000,   393.6000,   394.9000,     544730,       6602,           216446282
VSWS,B,20260805,500106,,I F C I,    76.4800,    76.9800,    75.4500,    75.6500,     676009,       2976,            51450431
VSWS,B,20260805,500108,,M T N L,    27.8300,    28.3300,    27.5100,    27.6600,      52225,        375,             1456450
VSWS,B,20260805,500109,,M R P L,   170.5500,   173.8500,   169.7000,   171.0000,     363624,       2857,            62477542
VSWS,B,20260805,500110,,Chennai Petroleum,  1349.9500,  1350.0000,  1295.5500,  1304.7000,     136176,       5414,           179367489
VSWS,B,20260805,500112,,State Bank of India,  1046.0000,  1054.5000,  1040.4500,  1053.0000,     492404,      16453,           517330658
VSWS,B,20260805,500113,,S A I L,   175.1000,   175.8000,   171.5000,   175.4500,    1421452,       7098,           246550563
VSWS,B,20260805,500114,,Titan Company,  4924.2000,  4924.2000,  4882.1500,  4912.0000,      13637,       1979,            66876766
VSWS,B,20260805,500116,,IDBI Bank,    84.9900,    85.2200,    84.1500,    84.4000,     133738,        851,            11321135
VSWS,B,20260805,500117,,D C W,    47.4600,    47.4600,    46.3500,    46.5300,      30667,        209,             1432094
VSWS,B,20260805,500119,,Dhampur Sugar,   151.5000,   153.9000,   148.0000,   149.4000,      19469,        455,             2920128
VSWS,B,20260805,500120,,Diamines & Chemicals,   240.9500,   285.3500,   240.9500,   264.7500,      35414,       1080,             9436381
VSWS,B,20260805,500123,,Elantas Beck India, 11150.0000, 11676.1000, 10961.4500, 11676.1000,       5487,       1720,            62405835
VSWS,B,20260805,500124,,Dr Reddy's Lab,  1175.9000,  1178.6000,  1160.0000,  1174.0000,      53981,       4322,            63227735
VSWS,B,20260805,500125,,EID Parry,   804.6000,   827.0500,   791.4000,   822.0000,      64394,       2742,            52275393
VSWS,B,20260805,500126,,Procter & Gamble Hea,  6450.0000,  6496.3000,  6410.0000,  6458.6000,        290,        126,             1871131
VSWS,B,20260805,500128,,Electrosteel Casting,    71.5400,    74.1700,    71.1300,    71.8700,      91007,        712,             6613237
VSWS,B,20260805,500133,,Esab India,  5658.4500,  5684.2000,  5615.1000,  5643.7000,         52,         30,              293359
VSWS,B,20260805,500135,,EPL,   228.8500,   230.5000,   226.4500,   229.5500,      16983,        362,             3871852
VSWS,B,20260805,500136,,Ester Industries,    88.0100,    88.8000,    87.2500,    88.2600,       6417,        142,              565918
VSWS,B,20260805,500142,,F G P,    12.2100,    12.2200,    11.7000,    11.8600,       7862,         39,               93477
VSWS,B,20260805,500143,,P H Capital,  1005.0000,  1010.0000,   980.0000,   996.8500,       2271,         62,             2258059
VSWS,B,20260805,500144,,Finolex Cables,   991.9000,  1012.6000,   991.9000,  1003.4000,      34842,       2290,            34999865
VSWS,B,20260805,500147,,John Cockerill India,  9108.7000,  9108.7000,  8888.0000,  8940.9000,        295,         90,             2644004
VSWS,B,20260805,500148,,Uflex,   478.0000,   478.9000,   472.0000,   475.5000,       1698,         57,              808058
VSWS,B,20260805,500150,,Foseco India,  5276.1500,  5391.5000,  5235.0000,  5357.3500,        107,         20,              565750
VSWS,B,20260805,500151,,Golden Tobacco,    25.9500,    25.9500,    24.1000,    25.2200,         25,          5,                 611
VSWS,B,20260805,500153,,Ganesh Benzoplast,   120.4000,   126.2000,   120.0000,   120.7000,      27826,        203,             3435684
VSWS,B,20260805,500159,,Metroglobal,   131.4000,   131.4000,   128.4500,   130.4000,        101,          7,               13145
VSWS,B,20260805,500160,,G T L,     7.3000,     7.5500,     7.3000,     7.4200,      23483,        109,              174565
VSWS,B,20260805,500163,,Godfrey Phillips,  2344.4500,  2357.4500,  2290.0000,  2325.0000,      39810,       2674,            92411323
VSWS,B,20260805,500164,,Godrej Industries,  1313.8000,  1345.0000,  1303.1000,  1322.4500,       6868,        610,             9104844
VSWS,B,20260805,500165,,Kansai Nerolac Paint,   202.0000,   212.2500,   198.7500,   210.5000,     155400,       2126,            32230422
VSWS,B,20260805,500166,,Goodricke Group,   181.0000,   182.0000,   180.0000,   180.0000,       9829,         57,             1777788
VSWS,B,20260805,500168,,Goodyear India,   850.0000,   850.0000,   806.9000,   825.7500,      12183,        578,            10019523
VSWS,B,20260805,500170,,GTN Industries,    25.9900,    25.9900,    23.4100,    25.3900,        169,         13,                4102
VSWS,B,20260805,500171,,GHCL,   445.3000,   446.2500,   437.5000,   438.3000,       8075,        232,             3550531
VSWS,B,20260805,500173,,GFL,    53.2000,    53.2000,    49.0000,    50.0000,      16155,         93,              804303
VSWS,B,20260805,500174,,Gujarat Lease Fin,     5.8500,     5.8500,     5.8500,     5.8500,          1,          1,                   5
VSWS,B,20260805,500179,,HCL Infosystems,    11.9900,    12.1400,    11.5600,    11.6000,      27367,        154,              322636
VSWS,B,20260805,500180,,HDFC Bank,   737.8500,   741.8500,   732.6000,   737.0000,    1647895,      36366,          1213630594
VSWS,B,20260805,500182,,Hero MotoCorp,  5598.3000,  5703.3000,  5564.2500,  5660.0000,      34493,       6859,           195177228
VSWS,B,20260805,500183,,HFCL,   205.9000,   212.8000,   205.8000,   212.4500,    2263865,      14255,           478754194
VSWS,B,20260805,500184,,Himadri Speciality C,   755.7000,   767.0000,   745.7000,   748.8500,      93235,       2061,            70433622
VSWS,B,20260805,500185,,Hindustan Construct,    21.9600,    22.2500,    21.7700,    21.9300,     940771,       1698,            20784263
VSWS,B,20260805,500186,,Hindustan Oil Expl,   161.4500,   161.7000,   158.0500,   158.5000,      17110,        273,             2728763
VSWS,B,20260805,500187,,AGI Greenpac,   713.6000,   729.6000,   713.6000,   719.4500,       2183,        194,             1568540
VSWS,B,20260805,500188,,Hindustan Zinc,   569.0500,   598.2000,   567.7500,   595.3000,    1042636,      20534,           607426092
VSWS,B,20260805,500189,,NDL Ventures,   127.6500,   129.5000,   127.3000,   127.3000,        950,         16,              122022
VSWS,B,20260805,500191,,H M T,    60.0400,    61.2500,    60.0000,    61.2500,       2863,         17,              172583
VSWS,B,20260805,500192,,Prag Bosimi,     1.9000,     1.9800,     1.8200,     1.9100,       2737,         31,                5196
VSWS,B,20260805,500193,,HLV,     7.1100,     7.2600,     7.1100,     7.1800,      26988,        159,              194834
VSWS,B,20260805,500199,,IG Petrochemicals,   505.9500,   519.0000,   505.8500,   513.5500,       6105,        271,             3119765
VSWS,B,20260805,500201,,India Glycols,  1180.0000,  1180.0000,  1145.0000,  1155.0000,       5272,        361,             6089091
VSWS,B,20260805,500202,,India Lease Develop,     7.0500,     7.0500,     7.0200,     7.0200,       1691,          7,               11894
VSWS,B,20260805,500206,,Margo Finance,    68.0000,    68.0000,    65.0000,    66.3100,        658,         24,               44241
VSWS,B,20260805,500207,,Indo Rama Synthetics,    64.5500,    65.7100,    62.4600,    62.6600,      25194,        227,             1614150
VSWS,B,20260805,500209,,Infosys,  1175.0000,  1177.2500,  1162.1000,  1175.0000,     355911,      12710,           416034702
VSWS,B,20260805,500210,,Ingersoll Rand (I),  4458.7000,  4458.8000,  4280.0000,  4287.6000,        441,         74,             1911652
VSWS,B,20260805,500213,,International Travel,   305.1500,   308.8000,   301.3000,   304.1000,       1850,         66,              563756
VSWS,B,20260805,500214,,Ion Exchange,   425.4000,   429.7500,   414.1500,   416.2000,      19719,        858,             8321674
VSWS,B,20260805,500215,,Sundrop Brands,   668.0500,   670.2500,   661.0000,   663.4000,        539,         29,              357873
VSWS,B,20260805,500219,,Jain Irrigation,    31.5100,    31.5100,    31.0900,    31.2800,      73741,        347,             2303751
VSWS,B,20260805,500220,,Jasch Industries,   281.3500,   306.5000,   281.1000,   299.4000,       6114,         82,             1781894
VSWS,B,20260805,500227,,Jindal Poly Films,   625.0500,   631.0500,   621.6000,   623.8500,       1757,        295,             1102449
VSWS,B,20260805,500228,,JSW Steel,  1308.7500,  1331.4000,  1286.0000,  1330.0000,      82616,       4951,           108101913
VSWS,B,20260805,500233,,Kajaria Ceramics,  1216.7500,  1216.8000,  1177.0000,  1186.3000,      40924,        579,            48892323
VSWS,B,20260805,500235,,Kalyani Steels,   880.0000,   887.3500,   870.6000,   883.7000,       1462,        159,             1284753
VSWS,B,20260805,500236,,Kanel Industries,    69.8300,    69.8300,    69.8300,    69.8300,       2041,          9,              142523
VSWS,B,20260805,500238,,Whirlpool of India,   820.4000,   840.7500,   781.6000,   806.6500,     355391,       4277,           293089766
VSWS,B,20260805,500239,,KG Denim,    14.2000,    14.9700,    13.9800,    14.1500,       5013,         60,               70450
VSWS,B,20260805,500240,,Kinetic Engineering,   251.9500,   254.9500,   243.0000,   244.2000,      20248,        216,             5021228
VSWS,B,20260805,500241,,Kirloskar Brothers,  1890.0000,  1993.1500,  1887.2500,  1985.9000,      23861,       2150,            46708304
VSWS,B,20260805,500243,,Kirloskar Industries,  4037.0000,  4043.4000,  3790.0500,  3803.8000,       1062,        241,             4129187
VSWS,B,20260805,500245,,Kirloskar Ferrous,   463.8500,   476.0500,   439.7500,   460.6500,      78323,       2337,            35690104
VSWS,B,20260805,500246,,Envair Electrodyne,    50.1500,    50.8000,    50.1500,    50.8000,       1332,          8,               67059
VSWS,B,20260805,500247,,Kotak Mahindra Bank,   396.9500,   398.0000,   394.4000,   398.0000,     399403,       7102,           158506055
VSWS,B,20260805,500248,,Krishna Filament Ind,     4.8100,     5.0500,     4.6000,     4.8300,       2605,         11,               12594
VSWS,B,20260805,500249,,KSB,   852.8000,   868.3500,   787.0500,   791.8000,      36825,       2355,            30261182
VSWS,B,20260805,500250,,LG Balakrishnan,  1525.1000,  1542.2000,  1505.4000,  1513.4500,       1561,        190,             2375781
VSWS,B,20260805,500251,,Trent,  3110.8000,  3138.1000,  3081.0500,  3105.0000,      43341,       6936,           134961810
VSWS,B,20260805,500252,,LMW, 16218.9500, 16400.0000, 16197.4500, 16360.6500,         83,         51,             1352203
VSWS,B,20260805,500253,,LIC Housing Finance,   514.0000,   516.5500,   510.2000,   512.2000,      67800,       3065,            34799352
VSWS,B,20260805,500257,,Lupin,  2416.1500,  2416.1500,  2358.9500,  2386.0000,      38844,       3998,            92451148
VSWS,B,20260805,500259,,Lyka Labs,    69.2500,    69.3000,    68.5000,    69.3000,       2237,         13,              155008
VSWS,B,20260805,500260,,Ramco Cements,   954.9500,   954.9500,   910.8000,   923.1000,       4109,        670,             3815963
VSWS,B,20260805,500262,,Hybrid Financial Ser,    18.1000,    18.5000,    18.0000,    18.0000,        222,          9,                4013
VSWS,B,20260805,500264,,Mafatlal Industries,   133.3000,   134.6500,   133.0000,   134.2500,       8862,        162,             1184944
VSWS,B,20260805,500265,,Maharashtra Seamless,   582.9000,   587.5000,   579.3500,   581.7500,       1796,        133,             1047230
VSWS,B,20260805,500266,,Maharashtra Scooters, 13949.5500, 14055.9000, 13811.0000, 13855.0000,        498,        176,             6947492
VSWS,B,20260805,500267,,Majestic Auto,   496.8000,   497.3000,   475.9000,   487.5500,      19638,        550,             9539437
VSWS,B,20260805,500268,,Manali Petrochemical,    66.5600,    66.9500,    65.3800,    65.5500,      24197,        301,             1597142
VSWS,B,20260805,500270,,Baroda Rayon Corp,   132.1000,   132.1000,   127.5500,   130.2500,       2489,        104,              320632
VSWS,B,20260805,500271,,Max Financial Servic,  1525.0000,  1535.0000,  1503.0000,  1522.7500,     610520,       2089,           934891897
VSWS,B,20260805,500277,,Mid India Industries,     5.9300,     5.9300,     5.9100,     5.9100,        500,          4,                2956
VSWS,B,20260805,500279,,Onida Electronics,    38.2000,    38.9000,    37.3000,    37.3600,      38452,        145,             1451307
VSWS,B,20260805,500280,,Century Enka,   625.7000,   630.0000,   610.0000,   613.4000,       5771,        282,             3568345
VSWS,B,20260805,500284,,Lords Chloro Alkali,   146.0500,   149.8000,   142.5500,   142.9500,       1673,         75,              241878
VSWS,B,20260805,500285,,Spicejet,    11.6700,    12.6800,    11.6600,    12.5800,   14423568,       9221,           177016950
VSWS,B,20260805,500288,,Morepen Laboratories,    73.0100,    78.2100,    73.0100,    76.9700,    6830246,      23648,           517552680
VSWS,B,20260805,500290,,M R F,134000.0000,135000.0000,133152.4500,134419.0000,        532,        371,            71455076
VSWS,B,20260805,500292,,Heidelberg Cement,   156.3500,   157.7000,   156.0000,   156.4500,       9453,        155,             1482179
VSWS,B,20260805,500294,,NCC,   143.7000,   145.5500,   143.1000,   143.6000,      46330,        704,             6684452
VSWS,B,20260805,500295,,Vedanta,   269.6500,   277.2500,   267.6500,   276.0500,    1985570,      15452,           537464376
VSWS,B,20260805,500296,,Nahar Spinning,   327.0000,   333.4000,   318.1000,   329.0000,       7594,        248,             2473473
VSWS,B,20260805,500298,,Naperol Investments,   655.2500,   656.0000,   630.5000,   655.7000,        968,         80,              623709
VSWS,B,20260805,500300,,Grasim Industries,  3177.4000,  3228.6500,  3138.0000,  3198.0000,      19254,       2640,            61567684
VSWS,B,20260805,500304,,N I I T,    98.5000,   100.5100,    97.0000,    98.7800,      26675,        264,             2649512
VSWS,B,20260805,500306,,Jaykay Enterprises,   160.0000,   163.0000,   155.4000,   156.9000,      29878,        439,             4739073
VSWS,B,20260805,500307,,Nirlon,   622.9500,   624.7500,   616.8500,   619.5500,        370,         42,              229411
VSWS,B,20260805,500312,,Oil & Natural Gas,   245.0000,   245.0000,   239.1500,   239.4000,     724272,       9647,           174495680
VSWS,B,20260805,500313,,Oil Country Tubular,    56.7800,    59.6100,    56.7800,    59.6100,       1236,         11,               72970
VSWS,B,20260805,500314,,Oriental Hotels,   133.0000,   134.4500,   130.0000,   131.4500,      14446,        211,             1915596
VSWS,B,20260805,500317,,Oswal Agro Mills,    39.6000,    42.0900,    38.7100,    41.2900,       3669,        131,              149636
VSWS,B,20260805,500319,,Indian Sucrose,    77.3800,    77.3800,    75.1000,    76.4000,       2353,         14,              179707
VSWS,B,20260805,500322,,Panyam Cements,   113.1000,   119.7500,   112.4500,   119.0000,        248,         14,               29124
VSWS,B,20260805,500325,,Reliance Industries,  1294.9500,  1299.0000,  1271.4000,  1281.0000,    1040642,      34265,          1334984060
VSWS,B,20260805,500327,,PIL Italica Lifestyl,     8.5500,     8.7600,     8.2000,     8.7600,      11035,         23,               91285
VSWS,B,20260805,500330,,Raymond,   605.6500,   637.9500,   604.4000,   628.6000,      56573,       2072,            35465239
VSWS,B,20260805,500331,,Pidilite Industries,  1644.9500,  1662.0000,  1614.8500,  1642.9500,     128146,       4948,           210250628
VSWS,B,20260805,500333,,Pix Transmissions,  1690.0000,  1731.1500,  1682.7500,  1711.1500,        320,        113,              549567
VSWS,B,20260805,500335,,Birla Corporation,   901.6000,   911.9000,   900.8000,   903.1000,       2388,        199,             2164805
VSWS,B,20260805,500336,,Surya Roshni,   238.1000,   251.1500,   238.1000,   246.7000,      73167,       1704,            18071081
VSWS,B,20260805,500337,,Prime Securities,   294.0000,   296.2500,   280.1000,   290.1500,       6259,         56,             1838982
VSWS,B,20260805,500338,,Prism Johnson,   108.8500,   113.2000,   108.8500,   112.8500,      15408,        440,             1718669
VSWS,B,20260805,500339,,Rain Industries,   239.7500,   244.5000,   229.7500,   243.1000,     695856,       5170,           165105023
VSWS,B,20260805,500342,,Prudential Sugar,    13.6500,    13.6500,    12.6000,    13.4000,        550,          6,                7303
VSWS,B,20260805,500343,,AMJ Land Holdings,    37.8500,    39.2700,    36.9000,    39.1800,       4218,         32,              161345
VSWS,B,20260805,500346,,Punjab Communication,    48.9700,    48.9700,    46.1000,    48.0000,          8,          6,                 382
VSWS,B,20260805,500350,,RSWM,   240.0000,   240.0000,   222.3000,   223.6000,      15617,         88,             3582483
VSWS,B,20260805,500354,,Rajshree Sugars,    30.6000,    30.6000,    30.6000,    30.6000,          5,          2,                 153
VSWS,B,20260805,500355,,Rallis India,   217.7500,   220.6000,   216.0000,   216.5500,      32587,        779,             7080837
VSWS,B,20260805,500356,,Shree Rama Newsprint,    35.5000,    35.5000,    32.9000,    32.9100,      32552,        123,             1097364
VSWS,B,20260805,500360,,Rapicut Carbides,   262.8000,   275.7000,   262.8000,   275.7000,       7004,         91,             1923138
VSWS,B,20260805,500365,,Welspun Specialty So,    50.0300,    51.5000,    50.0300,    50.6500,      45314,        286,             2292875
VSWS,B,20260805,500367,,Rubfila Internationa,    72.2000,    72.2500,    71.9500,    72.1500,        126,         20,                9094
VSWS,B,20260805,500368,,Patanjali Foods,   361.8500,   361.8500,   352.0500,   358.0000,     148515,       2494,            52888304
VSWS,B,20260805,500370,,Salora International,    28.1000,    28.9000,    28.1000,    28.9000,         10,          3,                 288
VSWS,B,20260805,500371,,Samtel India,    37.3700,    37.3700,    37.3700,    37.3700,       1493,         20,               55793
VSWS,B,20260805,500378,,Jindal Saw,   266.4500,   268.0500,   263.2500,   265.8500,      51813,        953,            13751642
VSWS,B,20260805,500380,,JK Lakshmi Cement,   573.0000,   576.6000,   570.0000,   571.3500,       5117,        338,             2934649
VSWS,B,20260805,500387,,Shree Cements, 27000.0500, 27530.5000, 26765.0000, 26790.5000,       1365,        414,            37088355
VSWS,B,20260805,500390,,Reliance Infrastruct,    69.9600,    69.9600,    69.9600,    69.9600,      48385,        270,             3385014
VSWS,B,20260805,500399,,Steelco Gujarat,   131.5000,   132.1000,   129.0000,   132.1000,      45944,        194,             6046334
VSWS,B,20260805,500400,,Tata Power,   381.5000,   383.2500,   378.7500,   380.0000,     312972,       7522,           119159510
VSWS,B,20260805,500402,,SPML Infra,   193.6500,   198.0500,   193.6500,   196.8000,      11203,        141,             2197423
VSWS,B,20260805,500403,,Sundaram Fasteners,  1039.9500,  1046.4500,  1016.0000,  1025.8500,      15158,       2441,            15576026
VSWS,B,20260805,500404,,Sunflag Iron & Steel,   371.0500,   376.6000,   364.6000,   375.5000,      24393,        823,             9044666
VSWS,B,20260805,500405,,Supreme Petrochem,   728.5000,   728.5000,   703.0500,   705.1500,       5141,        322,             3646482
VSWS,B,20260805,500407,,Swaraj Engines,  3659.6500,  3659.6500,  3579.9000,  3612.7000,        637,        122,             2288947
VSWS,B,20260805,500408,,Tata Elxsi,  3743.9500,  3785.9500,  3739.0000,  3745.0000,      19299,       3026,            72548907
VSWS,B,20260805,500410,,A C C,  1390.0000,  1413.5000,  1386.4000,  1392.8500,      35884,       2201,            50306683
VSWS,B,20260805,500411,,Thermax,  4018.0000,  4105.0000,  4010.0000,  4056.0500,      18227,       2973,            74174024
VSWS,B,20260805,500412,,Thirumalai Chemicals,   180.0500,   180.6000,   168.3000,   170.0000,     104010,       2084,            18094020
VSWS,B,20260805,500413,,Thomas Cook,   106.9500,   108.0000,   102.1000,   104.2000,      37374,        380,             3954027
VSWS,B,20260805,500414,,Timex Group India,   564.9500,   564.9500,   548.3500,   553.2500,      29019,       1433,            16111239
VSWS,B,20260805,500418,,Tokyo Plast Inter,    80.0000,    84.0000,    78.1000,    81.9500,       1174,         11,               95869
VSWS,B,20260805,500420,,Torrent Pharma,  5060.0000,  5060.1000,  4949.2000,  4998.0000,      25431,       6785,           127000343
VSWS,B,20260805,500421,,TPI India,    18.4800,    18.4800,    17.0100,    17.5000,     241211,         60,             4260914
VSWS,B,20260805,500422,,Transchem,   311.0000,   315.0000,   300.2000,   304.8500,       2842,         48,              867578
VSWS,B,20260805,500425,,Ambuja Cements,   439.8000,   450.3000,   438.7500,   443.0000,     302573,       5635,           135086655
VSWS,B,20260805,500426,,UTL Industries,     1.5500,     1.5500,     1.5100,     1.5100,       3983,         22,                6108
VSWS,B,20260805,500429,,Uniphos Enterprises,    97.9600,    98.2700,    95.8600,    96.4500,        203,         14,               19557
VSWS,B,20260805,500440,,Hindalco Industries,  1030.7000,  1039.0000,  1011.7000,  1039.0000,     464965,       6878,           475639475
VSWS,B,20260805,500444,,West Coast Paper,   571.8500,   592.0000,   571.8500,   590.0500,      10343,        731,             6059354
VSWS,B,20260805,500449,,Hindustan Organic,    41.0000,    42.7900,    40.5600,    40.7000,      94737,        218,             3931031
VSWS,B,20260805,500450,,MPIL Corporation,   381.0000,   381.0000,   369.6000,   369.6000,         10,          2,                3753
VSWS,B,20260805,500456,,Pasupati Acrylon,    62.0000,    62.9000,    61.0000,    62.2400,       4403,         39,              273499
VSWS,B,20260805,500458,,Team24 Consumer Prod,    28.0100,    29.8300,    27.4100,    29.8000,       6066,         27,              179569
VSWS,B,20260805,500459,,Procter & Gamble,  8630.0000,  8630.0000,  8425.0000,  8487.6500,       1483,        572,            12663178
VSWS,B,20260805,500460,,Mukand,   142.1500,   145.0000,   141.2500,   142.0000,      13816,        122,             1974594
VSWS,B,20260805,500463,,Black Box,   750.1000,   762.0000,   743.4000,   747.8500,      16777,        878,            12607937
VSWS,B,20260805,500464,,Ucal,   115.8500,   118.9500,   115.2000,   118.3000,       1034,         32,              121594
VSWS,B,20260805,500467,,Harrisons Malayalam,   204.0500,   224.0000,   204.0500,   222.8000,        312,         37,               69109
VSWS,B,20260805,500469,,Federal Bank,   362.0000,   362.0000,   354.3500,   356.0000,     220515,       5961,            78743796
VSWS,B,20260805,500470,,Tata Steel,   192.4000,   192.8000,   189.8500,   191.2500,     871447,      11481,           166692193
VSWS,B,20260805,500472,,SKF India,  1502.9500,  1545.0000,  1502.0000,  1509.4500,       3241,        287,             4921862
VSWS,B,20260805,500477,,Ashok Leyland,   173.8000,   178.1000,   173.5000,   175.1000,    1970011,      16585,           347633211
VSWS,B,20260805,500480,,Cummins India,  5590.0000,  5590.0000,  5350.0000,  5408.0000,      16702,       4541,            90899978
VSWS,B,20260805,500483,,Tata Communications,  1782.0500,  1782.8500,  1725.7000,  1745.0000,      40024,       5545,            69659213
VSWS,B,20260805,500488,,Abbott India, 27831.6500, 27920.1500, 27665.0000, 27733.4000,        626,        394,            17388205
VSWS,B,20260805,500490,,Bajaj Holdings & Inv, 11550.8500, 11621.9500, 11417.3000, 11437.1500,       1002,        367,            11517070
VSWS,B,20260805,500493,,Bharat Forge,  2216.1000,  2229.0000,  2184.0500,  2190.0000,      67974,       6493,           150485982
VSWS,B,20260805,500495,,Escorts Kubota,  3137.5500,  3137.5500,  3083.4500,  3091.4000,       3981,        328,            12333760
VSWS,B,20260805,500500,,Hindustan Motors,    15.5500,    15.9400,    15.4300,    15.6800,     118203,        731,             1844364
VSWS,B,20260805,500510,,Larsen & Toubro,  4020.1000,  4073.5500,  4020.1000,  4048.0000,     158044,      16198,           640940972
VSWS,B,20260805,500520,,Mahindra & Mahindra,  3450.4000,  3486.2500,  3437.6000,  3464.0000,      94847,      11553,           328749091
VSWS,B,20260805,500530,,Bosch, 41420.0000, 43669.9500, 41400.0000, 42880.0000,       7613,       2580,           327386776
VSWS,B,20260805,500540,,Premier,     2.8400,     2.9300,     2.8200,     2.9200,       1938,          9,                5490
VSWS,B,20260805,500547,,Bharat Petroleum,   326.6000,   328.4000,   324.4500,   325.0500,     167555,       2281,            54698765
VSWS,B,20260805,500550,,Siemens,  4047.6500,  4068.1000,  3956.5000,  4000.0000,      17398,       2695,            69893278
VSWS,B,20260805,500570,,Tata Motors Passenge,   349.3500,   353.0000,   346.5000,   347.0000,     367732,       4955,           128816252
VSWS,B,20260805,500575,,Voltas,  1330.0000,  1330.0000,  1297.2500,  1299.0000,      18463,       1706,            24244621
VSWS,B,20260805,500620,,GE Shipping,  1442.3000,  1459.0000,  1400.0000,  1404.7500,     118194,       6317,           168228720
VSWS,B,20260805,500645,,Deepak Fertilizers,  1609.9000,  1638.0000,  1586.0000,  1593.8500,      29312,       1409,            47114536
VSWS,B,20260805,500650,,Excel Industries,  1044.8000,  1052.1500,  1027.0000,  1033.6000,        110,         30,              114634
VSWS,B,20260805,500655,,Garware Hi-Tech Film,  7350.0000,  7451.9500,  7308.9500,  7412.4000,       1736,        371,            12793915
VSWS,B,20260805,500660,,Glaxosmithkline Phar,  2645.0000,  2645.0000,  2508.5000,  2566.5500,       4678,        639,            12140242
VSWS,B,20260805,500670,,G N F C,   525.0000,   539.6000,   524.2000,   538.0000,      57852,       1499,            30914247
VSWS,B,20260805,500672,,Novartis India,  1621.2000,  1642.9500,  1614.0000,  1632.8000,        666,         87,             1082576
VSWS,B,20260805,500674,,Sanofi India,  3442.3500,  3442.3500,  3320.0000,  3329.8000,       1276,        348,             4274865
VSWS,B,20260805,500680,,Pfizer,  4850.0500,  4921.0000,  4819.6000,  4903.1000,       1784,        649,             8676793
VSWS,B,20260805,500690,,G S F C,   160.7500,   162.5000,   160.7000,   162.2500,      38740,        620,             6267778
VSWS,B,20260805,500696,,Hindustan Unilever,  2090.1000,  2098.0000,  2075.0000,  2079.0000,      42620,       6317,            88898811
VSWS,B,20260805,500710,,JSW Dulux,  3046.2000,  3074.9500,  2995.2000,  3016.1500,       1122,        183,             3397723
VSWS,B,20260805,500730,,NOCIL,   171.0500,   174.6000,   171.0500,   172.7000,      48931,        602,             8464592
VSWS,B,20260805,500770,,Tata Chemicals,   673.9500,   674.4500,   664.3500,   665.7500,      16348,        777,            10947110
VSWS,B,20260805,500777,,Tamilnadu Petropro,    96.1100,    98.4600,    96.1100,    97.5000,       4206,        144,              409911
VSWS,B,20260805,500780,,Zuari Industries,   264.0000,   264.1500,   259.8500,   260.3500,        466,         21,              122196
VSWS,B,20260805,500790,,Nestle,  1518.4000,  1524.0000,  1489.1000,  1521.0000,     246952,       6168,           373353559
VSWS,B,20260805,500800,,Tata Consumer Produc,  1086.5000,  1094.8500,  1082.6000,  1086.7500,      62911,       3756,            68395128
VSWS,B,20260805,500820,,Asian Paints,  2796.7000,  2796.7000,  2749.5000,  2756.3000,      29774,       6262,            82232478
VSWS,B,20260805,500825,,Britannia Industries,  5474.9500,  5486.1000,  5410.0000,  5444.0000,      27137,       4938,           148168435
VSWS,B,20260805,500830,,Colgate,  2030.9000,  2038.3500,  2018.8500,  2031.5500,      13739,       2242,            27834624
VSWS,B,20260805,500840,,E I H,   327.5000,   330.8000,   326.0000,   327.0000,       7529,        237,             2475174
VSWS,B,20260805,500850,,Indian Hotels,   754.9500,   754.9500,   733.9000,   735.2500,     116302,       5477,            86292405
VSWS,B,20260805,500870,,Castrol India,   192.5500,   194.9500,   190.0000,   191.6500,     609598,       6162,           117475890
VSWS,B,20260805,500875,,I T C,   288.5000,   288.5000,   285.0000,   285.0000,     730182,      10192,           208898633
VSWS,B,20260805,500877,,Apollo Tyres,   440.3500,   451.6500,   438.9500,   445.0500,      93316,       2885,            41717035
VSWS,B,20260805,500878,,Ceat,  3616.8000,  3791.4000,  3616.8000,  3702.8500,      24819,       3716,            92286223
VSWS,B,20260805,500890,,Modi Rubber,   120.9500,   125.5000,   120.9500,   121.3500,         67,          5,                8133
VSWS,B,20260805,500940,,Finolex Industries,   166.0000,   167.9000,   164.4000,   167.1000,      54538,        815,             9084652
VSWS,B,20260805,501148,,Dalal Street Inv,   384.2000,   384.2000,   384.2000,   384.2000,          7,          4,                2689
VSWS,B,20260805,501150,,Centrum Capital,    23.9100,    24.3600,    23.7400,    24.1900,       8104,         70,              195217
VSWS,B,20260805,501151,,Kartik Investments,  8824.0000,  8824.0000,  8800.0000,  8800.0000,         15,          3,              132312
VSWS,B,20260805,501242,,TCI Finance,    14.9400,    16.0000,    14.9400,    15.9100,       9300,         25,              146391
VSWS,B,20260805,501295,,Industrial Inv Trust,   144.3500,   145.0000,   137.4000,   140.2500,       8668,        113,             1220508
VSWS,B,20260805,501298,,Industrial & Prudent,  6635.0000,  6635.0000,  6350.0000,  6399.1000,         75,         37,              485443
VSWS,B,20260805,501301,,Tata Investment Corp,   687.8500,   687.8500,   668.5500,   671.2500,      13289,        661,             8963095
VSWS,B,20260805,501314,,Prismx Global Ventur,     0.6100,     0.6400,     0.6100,     0.6300,     115767,        131,               72484
VSWS,B,20260805,501343,,Motor & General Fin,    26.1100,    26.1100,    26.1100,    26.1100,         15,          2,                 391
VSWS,B,20260805,501351,,Rapid Investments,    75.0000,    75.0000,    75.0000,    75.0000,         20,          1,                1500
VSWS,B,20260805,501370,,Walchand People,   154.0000,   154.0000,   145.0000,   145.9000,       2223,         35,              326464
VSWS,B,20260805,501391,,WH Brady & Co,   505.0000,   514.8000,   505.0000,   507.8000,        373,         37,              189502
VSWS,B,20260805,501421,,TechVision Ventures,  4300.0000,  4832.5000,  4237.7000,  4832.0000,        143,         46,              659636
VSWS,B,20260805,501423,,Shaily Engineering P,  3110.0000,  3194.6500,  3109.6500,  3172.4000,     151885,        895,           477937548
VSWS,B,20260805,501425,,Bombay Burmah,  1509.8500,  1516.0500,  1498.2500,  1500.3000,       1520,        232,             2284703
VSWS,B,20260805,501430,,Bombay Cycle,  1525.1000,  1552.0000,  1525.1000,  1550.0000,         40,          6,               61363
VSWS,B,20260805,501455,,Greaves Cotton,   202.4000,   207.2500,   194.6000,   196.1000,     320820,       3918,            64619176
VSWS,B,20260805,501630,,Anand Projects,    29.7300,    29.7300,    29.7300,    29.7300,         10,          1,                 297
VSWS,B,20260805,501700,,India Nivesh,     6.4000,     6.7400,     6.0000,     6.4000,       1696,         24,               11143
VSWS,B,20260805,501831,,Coastal Corporation,    48.6000,    49.0900,    47.0000,    47.6100,      24084,        244,             1149989
VSWS,B,20260805,501833,,Chowgule Steamships,    22.6500,    22.7200,    21.8100,    22.1200,       4589,         50,              101197
VSWS,B,20260805,501848,,Garware Offshore,    46.4900,    46.9800,    44.1000,    46.8600,      29489,        106,             1363251
VSWS,B,20260805,501945,,Dhenu Buildcon Infra,     8.2600,     8.2600,     7.9500,     8.1000,       4639,         63,               38159
VSWS,B,20260805,502015,,ASI Industries,    26.2100,    27.5000,    26.2100,    26.7200,      19127,         81,              509869
VSWS,B,20260805,502090,,Sagar Cements,   175.0000,   176.6000,   172.3500,   172.5000,       4422,         82,              765212
VSWS,B,20260805,502137,,Deccan Cements,   580.0500,   580.0500,   568.3000,   571.4000,       1625,        110,              936227
VSWS,B,20260805,502157,,Mangalam Cement,   942.6000,   960.0000,   937.0000,   948.9000,       3797,        164,             3586278
VSWS,B,20260805,502168,,NCL Industries,   171.0500,   177.9500,   171.0500,   174.0500,       1085,        107,              189048
VSWS,B,20260805,502175,,Saurashtra Cement,    65.4900,    72.3400,    65.4000,    68.8900,     364069,       2334,            25358428
VSWS,B,20260805,502180,,Shree Digvijay Cem,    71.5000,    73.3600,    71.5000,    72.3600,       5591,        191,              405168
VSWS,B,20260805,502219,,Borosil Renewables,   559.7000,   569.0000,   558.0000,   559.6500,      10726,        461,             6044343
VSWS,B,20260805,502250,,Lerthai Finance,   578.5500,   578.5500,   578.5500,   578.5500,          1,          1,                 578
VSWS,B,20260805,502281,,Triveni Glass,     7.6000,     7.6000,     7.5900,     7.5900,       9057,         33,               68827
VSWS,B,20260805,502330,,Andhra Paper,    62.9900,    64.2000,    60.5200,    60.8700,      21932,        487,             1368480
VSWS,B,20260805,502355,,Balkrishna Ind,  2472.0000,  2556.1000,  2387.0000,  2477.5500,     225155,       2106,           566474936
VSWS,B,20260805,502420,,Orient Paper & Inds,    19.0000,    19.6100,    18.5800,    18.9200,      25120,         97,              478100
VSWS,B,20260805,502445,,Citadel Realty & Dev,    34.8800,    36.9900,    34.0300,    34.5000,       1335,         26,               47251
VSWS,B,20260805,502448,,Rollatainers,     2.8300,     2.8300,     2.8300,     2.8300,       3340,         11,                9452
VSWS,B,20260805,502450,,Seshasayee Paper,   228.8500,   233.5000,   228.0500,   230.8000,       5684,        138,             1307732
VSWS,B,20260805,502587,,Nath Industries,    48.5800,    50.0000,    48.0000,    50.0000,       2572,         10,              124625
VSWS,B,20260805,502589,,Vapi Enterprise,   170.9500,   170.9500,   158.1000,   167.5000,       1371,         20,              233573
VSWS,B,20260805,502820,,D C M,    82.0000,    82.6900,    81.0000,    81.0000,        604,         17,               49525
VSWS,B,20260805,502865,,Forbes & Company,   287.0000,   309.9500,   282.5500,   297.8500,       9749,        258,             2885726
VSWS,B,20260805,502873,,HP Cotton,   101.2000,   102.0000,   101.2000,   102.0000,        303,          2,               30898
VSWS,B,20260805,502893,,United Interactive,    70.0000,    70.0000,    68.9800,    68.9800,        575,          4,               39969
VSWS,B,20260805,502901,,Jamshri Realty,    74.9900,    77.0000,    74.9900,    75.3800,        847,         19,               63538
VSWS,B,20260805,502933,,Katare Spinning Mill,    99.0000,    99.0000,    99.0000,    99.0000,         15,          2,                1485
VSWS,B,20260805,502937,,Kesoram Industries,    13.2300,    13.2300,    13.2300,    13.2300,      33005,         54,              436656
VSWS,B,20260805,502958,,Lakshmi Mills,  7950.0000,  8199.9000,  7950.0000,  8030.2000,         39,         11,              315606
VSWS,B,20260805,502986,,Vardhman Textiles,   600.0000,   613.5000,   595.0000,   597.5500,      30144,       1118,            18274850
VSWS,B,20260805,503031,,Peninsula Land,    16.1000,    16.1100,    16.1000,    16.1100,      22864,         13,              368274
VSWS,B,20260805,503100,,Phoenix Mills,  1949.3000,  1968.7500,  1925.5000,  1925.5000,      10436,       1214,            20377028
VSWS,B,20260805,503101,,Marathon Nextgen Rea,   393.6000,   395.2000,   385.0000,   385.6000,       1337,         60,              520029
VSWS,B,20260805,503162,,Reliance Chemotex,   126.5500,   129.9000,   123.4000,   127.0000,        213,         28,               26436
VSWS,B,20260805,503169,,Ruby Mills,   350.0000,   364.0000,   340.9000,   350.2000,       3078,         64,             1059777
VSWS,B,20260805,503310,,Swan Corp,   315.0000,   316.5500,   310.0000,   310.7000,      18777,        341,             5874647
VSWS,B,20260805,503349,,Victoria Mills,  5100.0000,  5250.0000,  5075.1000,  5075.1000,         22,          8,              113125
VSWS,B,20260805,503624,,Svaraj Trading,     8.2000,     8.2000,     7.6200,     7.8400,        322,         11,                2595
VSWS,B,20260805,503635,,Shree Salasar Inv,   390.0000,   390.0000,   366.7000,   366.7000,        309,         43,              115408
VSWS,B,20260805,503639,,Apollo Ingredients,   146.0500,   146.0500,   146.0500,   146.0500,       1509,          4,              220389
VSWS,B,20260805,503641,,Zodiac Ventures,     1.6200,     1.6400,     1.6100,     1.6400,      98562,        101,              159733
VSWS,B,20260805,503657,,Veer Energy & Infra,    12.4400,    12.4400,    12.1100,    12.1300,       3554,         26,               43218
VSWS,B,20260805,503659,,SW Investments,   154.0500,   154.0500,   154.0500,   154.0500,          1,          1,                 154
VSWS,B,20260805,503663,,Tilak Ventures,     1.1700,     1.2000,     1.1500,     1.2000,     882634,        549,             1052675
VSWS,B,20260805,503675,,Wagend Infra Venture,     1.1800,     1.2700,     1.1800,     1.2000,       5487,         18,                6568
VSWS,B,20260805,503681,,Elcid Investments,111532.5500,115000.0000,111532.5500,113992.0000,          8,          7,              907464
VSWS,B,20260805,503685,,Mediaone Global Ent,    13.4000,    14.3000,    13.3400,    14.2900,       6238,         22,               86798
VSWS,B,20260805,503722,,Banswara Syntex,   127.9500,   127.9500,   121.1500,   122.1500,       3262,         61,              401516
VSWS,B,20260805,503776,,Modipon,    30.5100,    30.5100,    30.5100,    30.5100,        350,          2,               10678
VSWS,B,20260805,503804,,Shri Dinesh Mills,   356.7500,   359.0000,   350.0000,   350.0000,       2026,         11,              709608
VSWS,B,20260805,503806,,S R F,  2650.0000,  2650.0500,  2619.0500,  2642.0000,      15138,       2832,            39792631
VSWS,B,20260805,503811,,Siyaram Silk Mills,   630.2500,   635.3000,   625.4500,   628.7500,       1955,        144,             1235367
VSWS,B,20260805,503816,,Swadeshi Polytex,    37.0400,    38.7700,    36.5100,    36.6000,      14496,         63,              537613
VSWS,B,20260805,503837,,Shree Rajasthan Synt,    11.7000,    12.2800,    11.1200,    12.2800,        845,          8,                9415
VSWS,B,20260805,503863,,Shree Manufacturing,    11.5500,    11.5500,    11.5500,    11.5500,         98,          1,                1131
VSWS,B,20260805,503960,,Bharat Bijlee,  2388.0000,  2402.6000,  2310.0000,  2320.5000,       5560,        839,            13066634
VSWS,B,20260805,504000,,Elpro International,   178.3500,   179.1500,   178.0000,   178.5000,       9231,         74,             1645309
VSWS,B,20260805,504028,,Gee,   113.3000,   115.9000,   108.6000,   109.9500,     128430,        293,            14181104
VSWS,B,20260805,504036,,Hirect,  1321.5500,  1360.0000,  1311.0000,  1330.9500,       8761,        396,            11678713
VSWS,B,20260805,504058,,Indo National,   330.5000,   332.0000,   324.0000,   331.6500,        492,         99,              161995
VSWS,B,20260805,504067,,Zensar Technologies,   514.4000,   515.6500,   497.7500,   500.4500,      80095,       2561,            40543747
VSWS,B,20260805,504076,,Jyoti,    52.3000,    53.9800,    52.3000,    53.0000,      14646,         64,              779078
VSWS,B,20260805,504080,,JSL Industries,   885.8500,   885.8500,   885.8500,   885.8500,          2,          2,                1771
VSWS,B,20260805,504084,,Kaycee Industries,   929.2000,   929.2000,   905.0000,   906.9500,        410,         49,              374066
VSWS,B,20260805,504092,,Indokem,   590.0000,   609.0000,   590.0000,   596.5500,       3622,        262,             2161305
VSWS,B,20260805,504093,,Panasonic Energy (I),   250.0000,   257.8000,   249.0500,   256.8500,       2199,        114,              562072
VSWS,B,20260805,504112,,Nelco,   990.0000,  1009.4500,   975.1500,   997.9500,      15376,        625,            15242362
VSWS,B,20260805,504132,,Permanent Magnets,   840.0000,   854.7500,   829.1000,   842.2500,       4790,        279,             4009263
VSWS,B,20260805,504176,,High Energy Batt,   587.8000,   594.6500,   582.5000,   585.4500,       9751,        252,             5740127
VSWS,B,20260805,504180,,Standard Batteries,    48.8000,    48.8500,    46.6000,    47.5000,       1399,         53,               66647
VSWS,B,20260805,504212,,Universal Cables,  1418.5500,  1439.2500,  1405.0000,  1430.1000,       8252,        526,            11778970
VSWS,B,20260805,504220,,WS Industries,    60.6000,    60.8000,    60.1500,    60.7000,       3247,         46,              196727
VSWS,B,20260805,504240,,Delton Cables,   436.0500,   495.9500,   431.0000,   452.0000,      13743,        367,             6276290
VSWS,B,20260805,504258,,Lakshmi Electr Contr,   770.0000,   788.8000,   763.0000,   774.7500,        578,         37,              447796
VSWS,B,20260805,504273,,Modulex Construction,    19.3500,    19.3500,    18.0000,    18.4000,       5306,         34,               97485
VSWS,B,20260805,504286,,Delta Manufacturing,    57.4600,    59.2900,    56.3000,    57.2300,       1016,         14,               58675
VSWS,B,20260805,504340,,Longspur Internation,     9.7600,    10.1000,     9.4800,    10.0000,     126426,        105,             1242498
VSWS,B,20260805,504341,,Ravindra Energy,   168.5500,   174.9000,   168.5500,   171.5500,      17909,        391,             3080723
VSWS,B,20260805,504351,,Empower India,     2.7000,     2.7100,     2.6800,     2.6900,    1142697,        402,             3083557
VSWS,B,20260805,504369,,Grandma Trading,     0.3800,     0.3800,     0.3800,     0.3800,      12338,          8,                4688
VSWS,B,20260805,504375,,IDream Film Infra,   638.0000,   638.0000,   638.0000,   638.0000,        100,          2,               63800
VSWS,B,20260805,504378,,Nyssa Corporation,     2.3000,     2.3000,     2.1700,     2.2300,      35914,         93,               81067
VSWS,B,20260805,504380,,Flomic Global Logist,    44.1000,    44.1000,    40.1100,    41.3800,       2947,         42,              121991
VSWS,B,20260805,504392,,Krishna Ventures,    38.2500,    38.2500,    38.2500,    38.2500,        131,          6,                5010
VSWS,B,20260805,504397,,Ganesh Holdings,   108.7500,   118.0000,   108.7500,   113.0000,       6461,         22,              726507
VSWS,B,20260805,504605,,Uni Abex Alloy Prod,  4872.0000,  5005.0000,  4871.9500,  4969.6500,        257,         62,             1280141
VSWS,B,20260805,504614,,Sarda Energy & Mine,   509.6500,   514.4000,   495.0000,   499.6000,     148407,       1476,            74714346
VSWS,B,20260805,504646,,Bhagwati Autocast,   720.0000,   720.0000,   681.0000,   684.4000,       2475,        112,             1727907
VSWS,B,20260805,504648,,Bombay Wire Ropes,    45.6300,    45.6300,    43.5100,    45.2200,       3487,         30,              157390
VSWS,B,20260805,504697,,Galada Power & Tele,    14.3800,    14.3800,    14.3800,    14.3800,          7,          1,                 100
VSWS,B,20260805,504731,,Azad India Mobility,    93.1000,    95.9600,    92.9500,    95.4800,      68403,        337,             6463146
VSWS,B,20260805,504741,,Indian Hume Pipe,   403.3500,   403.3500,   388.0000,   389.5000,       2276,        112,              897842
VSWS,B,20260805,504746,,RRP Electronics (I),   645.0000,   645.0000,   586.7000,   595.9000,       1595,        102,             1007010
VSWS,B,20260805,504786,,Invest & Precision,  1144.9000,  1149.4000,  1131.0000,  1143.6000,        601,         58,              686218
VSWS,B,20260805,504810,,Informed Technologie,    84.6000,    84.6000,    80.0000,    80.0000,        341,          9,               27834
VSWS,B,20260805,504840,,Kaira Can,  1624.3500,  1625.0000,  1624.3500,  1625.0000,         10,          3,               16246
VSWS,B,20260805,504879,,Orient Ceratech,    40.7000,    41.5700,    40.5000,    40.9600,       2136,         26,               88083
VSWS,B,20260805,504882,,National Standard I,   214.2500,   220.0000,   214.2500,   214.2500,      23407,        160,             5021478
VSWS,B,20260805,504903,,Rathi Steel & Power,    26.5200,    26.9800,    26.0500,    26.4400,     155676,        299,             4115678
VSWS,B,20260805,504908,,Duncan Engineering,   394.9500,   398.9500,   371.1500,   389.9500,       1279,         65,              493390
VSWS,B,20260805,504918,,Sandur Manganese,   211.5500,   214.9500,   210.0500,   214.1000,      54877,        689,            11683820
VSWS,B,20260805,504959,,Stovec Industries,  1685.0500,  1719.9000,  1685.0000,  1694.4500,        142,         22,              240888
VSWS,B,20260805,504973,,Cholamandalam Financ,  1560.0000,  1610.0500,  1555.7000,  1594.3000,      58810,       1007,            92581187
VSWS,B,20260805,504988,,Welcast Steels,   699.0000,   699.0000,   699.0000,   699.0000,          9,          1,                6291
VSWS,B,20260805,505010,,Automotive Axles,  1836.0000,  1959.0000,  1823.3500,  1932.5500,       4698,        452,             8922970
VSWS,B,20260805,505029,,Atlas Cycle Haryana,    99.0000,    99.8500,    94.3200,    97.3700,        795,         24,               75807
VSWS,B,20260805,505036,,Automobile Corpn,  2131.8500,  2224.8000,  2131.8500,  2167.0000,       2713,        279,             5922108
VSWS,B,20260805,505075,,Setco Automotive,    17.8500,    17.8500,    17.6100,    17.6100,      13840,         26,              247020
VSWS,B,20260805,505160,,Talbros Automotive,   416.2000,   441.2500,   416.2000,   438.7000,      23595,        907,            10261395
VSWS,B,20260805,505163,,ZF Steering Gear,   669.9500,   679.4500,   668.0500,   673.0000,         63,         25,               42309
VSWS,B,20260805,505192,,SML Mahindra,  5410.0000,  5964.6000,  5386.0000,  5906.1000,      24937,       2479,           146454052
VSWS,B,20260805,505196,,T I L,   260.6000,   266.2500,   254.2000,   258.8500,      36478,        564,             9608751
VSWS,B,20260805,505200,,Eicher Motors,  7986.7500,  8018.2000,  7907.0000,  7989.0000,      13453,       3300,           107218722
VSWS,B,20260805,505212,,Jainex Aamcol,   126.0000,   133.7000,   122.0000,   125.5000,       3910,         46,              502601
VSWS,B,20260805,505216,,Alfred Herbert,  2921.0000,  3000.0000,  2920.0000,  2988.6500,        406,         58,             1210165
VSWS,B,20260805,505232,,Veljan Denison,  1647.0000,  1670.0000,  1602.0000,  1611.6500,        302,         13,              495219
VSWS,B,20260805,505242,,Dynamatic Tech, 10886.9000, 11047.8500, 10850.0000, 10995.3000,        443,        142,             4850663
VSWS,B,20260805,505250,,G G Dandekar Propert,    72.0100,    72.0100,    72.0100,    72.0100,        230,          1,               16562
VSWS,B,20260805,505255,,GMM Pfaudler,   848.2500,   867.0000,   844.5000,   857.2000,       4606,        473,             3957233
VSWS,B,20260805,505283,,Kirloskar Pneumatic,  1449.0500,  1464.3500,  1422.4000,  1460.0000,       6720,        800,             9703766
VSWS,B,20260805,505299,,KPT Industries,   523.9500,   529.9000,   485.0000,   499.9000,      10066,        201,             5086319
VSWS,B,20260805,505302,,Lakshmi Eng & Wareho,  2164.0000,  2164.0000,  2100.0000,  2101.1000,         50,         15,              105612
VSWS,B,20260805,505324,,Manugraph India,    15.7500,    15.9300,    15.7500,    15.9200,       3208,         14,               51084
VSWS,B,20260805,505336,,Harshil Agrotech,     0.2900,     0.2900,     0.2800,     0.2800,    2941337,        564,              834462
VSWS,B,20260805,505343,,Monotype India,     0.3400,     0.3500,     0.3300,     0.3300,     932757,        346,              315406
VSWS,B,20260805,505355,,Nesco,  1055.0000,  1059.0500,  1040.0000,  1045.0500,       1555,        152,             1631638
VSWS,B,20260805,505358,,Integra Engineering,   167.2500,   169.9500,   158.9000,   165.3000,      15852,        144,             2570893
VSWS,B,20260805,505400,,Texmaco Infra & Hold,   113.7000,   114.1000,   108.3000,   113.1500,       4807,        227,              534158
VSWS,B,20260805,505412,,Wendt,  8120.0000,  8120.0000,  8029.0000,  8043.1000,        213,         67,             1716744
VSWS,B,20260805,505502,,PS IT Infrastructure,     1.3800,     1.3800,     1.3800,     1.3800,       6238,         28,                8608
VSWS,B,20260805,505504,,GHV Infra Projects,   275.0000,   288.2500,   260.8500,   283.9500,      86881,        575,            23396982
VSWS,B,20260805,505509,,Responsive Industrie,   176.1500,   177.4000,   172.2000,   172.5500,       2922,         72,              512757
VSWS,B,20260805,505515,,Shyamkamal Inv,    12.4000,    12.4000,    11.8000,    11.8500,       7315,         38,               86725
VSWS,B,20260805,505523,,Maharashtra Corporat,     0.3300,     0.3400,     0.3200,     0.3200,    1527031,        245,              494627
VSWS,B,20260805,505526,,Dolat Algotech,    67.0600,    69.6900,    67.0600,    68.3100,       6478,        128,              445657
VSWS,B,20260805,505533,,Westlife Foodworld,   543.2000,   597.7000,   539.7500,   587.0500,      37066,       1165,            21504102
VSWS,B,20260805,505537,,Zee Entertainment,   100.4000,   101.5000,    94.0500,    94.4500,    1287921,       6827,           124931993
VSWS,B,20260805,505590,,SVP Global Textiles,     3.9000,     3.9400,     3.7500,     3.9400,       2411,         13,                9367
VSWS,B,20260805,505650,,Skyline Millars,    15.7600,    15.7600,    15.5000,    15.6900,        292,          7,                4527
VSWS,B,20260805,505681,,Bimetal Bearings,   633.0000,   657.2000,   633.0000,   642.0500,         19,         10,               12156
VSWS,B,20260805,505688,,Bharat Gears,   110.4000,   116.0000,   110.4000,   110.5000,      33832,        215,             3752092
VSWS,B,20260805,505690,,Brady & Morris Engg,   768.9000,   777.0000,   731.5500,   744.3500,        267,         26,              204836
VSWS,B,20260805,505693,,La Tim Metal & Indus,    10.9000,    10.9900,    10.4600,    10.8600,     446231,        442,             4780426
VSWS,B,20260805,505700,,Elecon Engineering,   433.5500,   442.0000,   432.3000,   435.5000,      55663,       1646,            24356893
VSWS,B,20260805,505710,,Grauer & Weil,    72.8500,    73.0000,    68.4900,    68.7500,     107144,        985,             7580619
VSWS,B,20260805,505712,,Him Teknoforge,   284.9000,   287.9000,   274.1000,   278.1000,      30449,        310,             8591217
VSWS,B,20260805,505714,,Gabriel India,  1537.0000,  1600.0000,  1537.0000,  1587.4000,     210288,       2726,           332747217
VSWS,B,20260805,505720,,Hercules Investments,   126.5000,   127.0000,   123.0000,   126.2500,      17256,        222,             2177163
VSWS,B,20260805,505725,,Algoquant Fintech,    69.4900,    69.5500,    67.2500,    67.7000,     272571,        637,            18581975
VSWS,B,20260805,505726,,IFB Industries,  1392.5500,  1467.0000,  1379.3500,  1444.3000,       9775,        800,            13949828
VSWS,B,20260805,505729,,Singer India,    65.2100,    67.8000,    65.1000,    66.0000,       9243,        176,              615724
VSWS,B,20260805,505737,,International Combus,   539.9000,   539.9000,   510.5000,   511.9500,        990,         71,              509301
VSWS,B,20260805,505744,,Federal-Mogul Goetze,   478.4500,   499.0000,   466.3000,   482.9500,       6992,        262,             3368191
VSWS,B,20260805,505750,,Josts Engineers,   224.9500,   224.9500,   222.1000,   223.9000,       5461,         96,             1219022
VSWS,B,20260805,505790,,Schaeffler India,  4094.1500,  4145.0000,  4047.0500,  4087.9500,       2857,        517,            11742254
VSWS,B,20260805,505800,,Rane Holdings,  1897.9000,  1897.9000,  1822.5000,  1839.2000,       2250,        331,             4215403
VSWS,B,20260805,505827,,SNL Bearings,   381.3500,   395.0000,   381.3500,   385.9000,       1302,         39,              507417
VSWS,B,20260805,505840,,Jaipan Industries,    38.2400,    38.2500,    36.4200,    37.5700,      10657,         70,              403446
VSWS,B,20260805,505850,,Mangal Credit & Fin,   245.1500,   248.0000,   239.8000,   245.0000,      10322,        272,             2524579
VSWS,B,20260805,505854,,T R F,   227.1500,   230.5000,   227.0000,   228.7500,       1804,         48,              413811
VSWS,B,20260805,505872,,W P I L,   453.8500,   453.8500,   434.6500,   435.9500,      10406,        341,             4609514
VSWS,B,20260805,505890,,Kennametal India,  3044.1000,  3076.0000,  3003.9500,  3061.4000,       1096,        269,             3344926
VSWS,B,20260805,505893,,Hindustan Hardy,   850.0000,   850.0000,   821.0500,   835.3000,        322,         30,              266855
VSWS,B,20260805,505978,,Triton Valves,  1055.0000,  1055.0000,  1021.1000,  1040.5500,        569,        108,              591709
VSWS,B,20260805,506003,,Sudal Industries,    30.8000,    32.3000,    30.0000,    32.2000,       2907,         22,               90677
VSWS,B,20260805,506022,,Prakash Industries,   127.4500,   127.4500,   125.6000,   126.3500,      16678,        251,             2106349
VSWS,B,20260805,506074,,Arshiya,     0.9700,     0.9700,     0.9300,     0.9600,    1022051,         49,              950636
VSWS,B,20260805,506076,,Grindwell Norton,  2105.0000,  2129.0000,  2082.5500,  2097.2000,       1496,        242,             3148325
VSWS,B,20260805,506109,,Genesys Intl,   319.1500,   334.9000,   317.1000,   327.1500,      67789,       1077,            21986222
VSWS,B,20260805,506122,,Kairosoft AI Solutio,   110.5800,   110.6900,   100.5000,   110.6600,      17464,        116,             1928168
VSWS,B,20260805,506128,,Parnax Lab,   133.5000,   137.0000,   131.1500,   132.5000,        954,         19,              126850
VSWS,B,20260805,506134,,Gourmet Gateway Indi,    11.8100,    11.8100,    10.8100,    11.5000,       5909,         51,               68173
VSWS,B,20260805,506146,,Visagar Polytex,     0.5200,     0.5400,     0.5200,     0.5300,      49555,         44,               26418
VSWS,B,20260805,506166,,Apis India,    55.0000,    55.5000,    53.5000,    54.9600,       9082,        876,              497222
VSWS,B,20260805,506180,,Emergent Indl Solu,   418.9500,   418.9500,   398.1000,   406.0500,         66,         15,               26467
VSWS,B,20260805,506184,,Kanani Industries,     1.4500,     1.5500,     1.4500,     1.5200,      18962,         80,               28644
VSWS,B,20260805,506186,,Galaxy Supermarket,    18.1900,    18.2900,    17.3100,    17.6000,      20926,         56,              366373
VSWS,B,20260805,506194,,Arihant Superstructu,   259.5000,   259.5000,   258.6000,   258.6000,        129,          5,               33386
VSWS,B,20260805,506197,,Bliss GVS Pharma,   504.0000,   513.0000,   492.1000,   505.0500,      31363,        407,            15830659
VSWS,B,20260805,506222,,Styrenix Performance,  2517.0000,  2540.0000,  2470.7000,  2478.1000,       5499,        583,            13804116
VSWS,B,20260805,506235,,Alembic,    89.5000,    89.5000,    86.6900,    87.2500,      21432,        385,             1879206
VSWS,B,20260805,506248,,Amines & Plast,   198.5500,   199.6500,   198.1000,   199.3000,        309,         22,               61368
VSWS,B,20260805,506260,,Anuh Pharma,    79.1900,    80.3400,    79.0000,    79.1800,       8638,        146,              686791
VSWS,B,20260805,506261,,Modison,   281.5500,   287.7000,   276.0500,   283.1000,       4105,         91,             1168346
VSWS,B,20260805,506285,,Bayer Cropscience,  4289.0000,  4313.9500,  4270.0000,  4303.2000,       1775,        437,             7614451
VSWS,B,20260805,506365,,Starsource Multitrad,    72.0000,    76.3000,    72.0000,    73.6900,        240,         19,               18153
VSWS,B,20260805,506390,,Sudarshan Colorants,   375.4500,   389.0000,   372.9500,   382.0500,       1551,         87,              594050
VSWS,B,20260805,506395,,Coromandel Internati,  2121.8500,  2126.4000,  2047.0000,  2079.9500,       5919,       1122,            12401706
VSWS,B,20260805,506401,,Deepak Nitrite,  1846.7000,  1850.0000,  1715.0000,  1737.5500,     243922,      11419,           433788177
VSWS,B,20260805,506405,,DMCC Speciality Chem,   286.0500,   286.0500,   277.0000,   285.1000,       4878,        187,             1373188
VSWS,B,20260805,506414,,Fermenta Biotech,   553.3000,   564.5000,   532.7000,   551.6500,      26715,        912,            14817968
VSWS,B,20260805,506480,,GOCL Corporation,   414.9000,   415.9000,   408.9000,   412.1000,       2020,        108,              833203
VSWS,B,20260805,506520,,Jayshree Chemicals,     6.2000,     6.2000,     5.9300,     6.1000,        330,         20,                2005
VSWS,B,20260805,506525,,Kanoria Chemicals,   146.8000,   149.5000,   139.5000,   146.8000,       1923,         39,              282568
VSWS,B,20260805,506528,,Keltech Energies,  8801.0500,  9148.0000,  8801.0000,  9043.1000,        775,        129,             6902214
VSWS,B,20260805,506530,,Kemp & Co,  1126.6500,  1126.6500,  1074.0000,  1080.2500,        119,         26,              130327
VSWS,B,20260805,506532,,Nitta Gelatin India,  1625.7000,  1693.3000,  1625.7000,  1678.8000,       1142,        140,             1918654
VSWS,B,20260805,506579,,AG Ventures,   116.7000,   122.2500,   116.7000,   119.2500,       4714,        116,              562087
VSWS,B,20260805,506590,,PCBL Chemical,   326.9500,   331.8000,   320.4000,   329.5000,     132972,       1874,            43552261
VSWS,B,20260805,506597,,Amal,   775.2000,   792.8000,   736.1000,   770.1500,      20244,        647,            15565377
VSWS,B,20260805,506605,,Polychem,  1990.0000,  2020.0000,  1940.0000,  1960.0000,         47,         14,               92969
VSWS,B,20260805,506618,,Punjab Chemicals & C,  1113.6000,  1115.5000,  1100.0000,  1100.0000,        862,         95,              954927
VSWS,B,20260805,506642,,Sadhana Nitrochem,     3.0400,     3.0400,     2.7900,     2.8300,     879336,        449,             2593414
VSWS,B,20260805,506655,,Sudarshan Chemicals,  1055.0000,  1092.8500,  1055.0000,  1086.4500,      20635,        903,            22225414
VSWS,B,20260805,506680,,TECIL Chem & Hydro,     9.5000,    10.4800,     9.5000,    10.0600,       7185,         26,               69512
VSWS,B,20260805,506685,,Ultramarine & Pig,   390.0000,   395.0000,   386.0000,   391.4500,      10381,        390,             4051918
VSWS,B,20260805,506687,,Transpek Industry,  1390.0000,  1390.0000,  1343.0500,  1353.6500,        885,         93,             1209567
VSWS,B,20260805,506690,,Unichem Laboratories,   510.2500,   510.9500,   495.5000,   496.2500,       2971,        162,             1482615
VSWS,B,20260805,506734,,Mysore Petro Chem,   101.4000,   102.0000,    95.1000,    96.1700,       3683,         71,              357354
VSWS,B,20260805,506767,,Alkyl Amines,  1944.9500,  1998.8000,  1922.1500,  1943.2500,      32916,       6559,            64527466
VSWS,B,20260805,506808,,Tuticorin Alkali Che,    61.2500,    62.4800,    59.6000,    60.3500,      13658,        188,              828925
VSWS,B,20260805,506820,,AstraZeneca Pharma,  8228.0000,  8236.8000,  8006.0000,  8091.6000,        269,         96,             2187430
VSWS,B,20260805,506852,,Primo Chemicals,    23.6100,    24.5600,    23.6100,    24.3700,      14881,        104,              357877
VSWS,B,20260805,506854,,TANFAC Industries,  3106.0000,  3169.1000,  2980.0500,  3068.4500,      25492,       2632,            78301550
VSWS,B,20260805,506858,,Gujarat Petrosyn,    54.9900,    56.4000,    53.0000,    54.8500,        368,         11,               19732
VSWS,B,20260805,506863,,Swadeshi Industries,    89.7700,    90.8000,    86.0000,    90.5400,       3568,         78,              314798
VSWS,B,20260805,506879,,Gujarat Themis,   355.3000,   357.9000,   353.1000,   356.9000,       3627,        112,             1290035
VSWS,B,20260805,506919,,Makers Laboratories,   165.9500,   172.0000,   162.0000,   163.2500,       8327,         84,             1382197
VSWS,B,20260805,506935,,Continental Chemical,    58.8500,    58.8500,    58.0000,    58.0000,         40,          8,                2320
VSWS,B,20260805,506979,,Apt Packaging,    58.4200,    59.8500,    55.5000,    59.0400,      14325,         67,              838878
VSWS,B,20260805,506981,,Blue Chip Tex Ind,   122.0000,   125.0000,   121.4500,   125.0000,       1181,         17,              146150
VSWS,B,20260805,507155,,Jagatjit Industries,   137.6000,   144.0000,   136.1500,   140.2000,      43268,        240,             6123966
VSWS,B,20260805,507180,,Kesar Enterprises,     5.7400,     5.8400,     5.6900,     5.8400,      22314,         23,              128328
VSWS,B,20260805,507205,,Tilaknagar Ind,   492.5500,   511.5000,   489.8500,   500.7500,      80160,       2262,            40186991
VSWS,B,20260805,507265,,Emerald Leisures,   182.5000,   190.0000,   182.5000,   189.9000,        679,         15,              127048
VSWS,B,20260805,507300,,Ravalgaon Sugar,   999.0000,   999.0000,   999.0000,   999.0000,         50,          5,               49950
VSWS,B,20260805,507315,,Sakthi Sugars,    17.9800,    17.9800,    17.5500,    17.6000,      13945,         70,              245303
VSWS,B,20260805,507410,,Walchandnagar Ind,   234.3000,   236.7000,   231.4000,   233.1000,      16771,        340,             3931524
VSWS,B,20260805,507438,,IFB Agro Industries,   974.6000,   999.0000,   960.1000,   985.0000,        406,         39,              401274
VSWS,B,20260805,507474,,Kothari Fermen,    45.0200,    45.9700,    44.2200,    45.3900,       1774,         13,               79998
VSWS,B,20260805,507486,,Caprolactam Chemical,    49.3600,    49.4800,    49.3600,    49.4800,          4,          2,                 197
VSWS,B,20260805,507488,,GM Breweries,   900.8500,   911.0000,   900.8500,   910.2500,       1336,         88,             1213294
VSWS,B,20260805,507490,,Rana Sugars,    13.1800,    13.4000,    12.8300,    12.9800,      62872,        194,              825041
VSWS,B,20260805,507498,,Piccadily Sugar,    35.4000,    35.4000,    34.0000,    34.0500,       1895,         22,               64571
VSWS,B,20260805,507514,,Som Disti & Brewe,    71.5000,    74.0000,    71.5000,    73.3900,     102473,        517,             7437888
VSWS,B,20260805,507515,,CJ Gelatine,    19.6400,    19.6400,    18.6500,    18.6500,        217,          8,                4248
VSWS,B,20260805,507526,,Associated Alcohols,   768.1500,   777.0500,   763.0000,   765.6000,       1612,        200,             1243180
VSWS,B,20260805,507552,,Foods & Inns,    54.5500,    55.1300,    53.1600,    54.1200,       9007,        117,              484192
VSWS,B,20260805,507580,,I V P,   166.4000,   166.4000,   160.0000,   161.9000,        130,          5,               21242
VSWS,B,20260805,507598,,Kovilpatti Lakshmi R,    88.0500,    89.0000,    86.6500,    86.9500,       2292,         32,              199525
VSWS,B,20260805,507621,,Milkfood,    67.5600,    72.0000,    67.5600,    71.6600,       5000,         72,              352651
VSWS,B,20260805,507645,,Polson, 10700.0000, 11000.0000, 10700.0000, 10980.0000,          8,          8,               87262
VSWS,B,20260805,507685,,Wipro,   186.6500,   188.7000,   186.0000,   186.0500,     579297,       9215,           108393952
VSWS,B,20260805,507690,,Orient Beverages,   183.0000,   185.0000,   179.0000,   184.8000,        430,         16,               78880
VSWS,B,20260805,507717,,Dhanuka Agritech,  1004.5500,  1014.9000,  1002.0500,  1005.9500,       3166,        156,             3186083
VSWS,B,20260805,507747,,TTK Healthcare,  1058.3000,  1079.9500,  1030.5500,  1045.6000,        659,         45,              684030
VSWS,B,20260805,507753,,TGV SRAAC,   107.0000,   107.0500,   102.5000,   106.3500,     351161,       1752,            36684458
VSWS,B,20260805,507759,,Lime Chemicals,    13.2400,    14.6100,    13.2400,    14.0000,         33,          6,                 454
VSWS,B,20260805,507779,,Kanpur Plastipacks,   214.7500,   214.7500,   209.5000,   209.5500,       3074,         34,              652501
VSWS,B,20260805,507785,,Tainwala Chemical,   211.0500,   221.1000,   204.9500,   216.3000,       1298,         37,              280188
VSWS,B,20260805,507789,,Jagsonpal Pharma,   234.9500,   243.0000,   234.9500,   238.8500,      16883,        208,             4058551
VSWS,B,20260805,507794,,Khaitan Chemicals,    49.5300,    54.3800,    49.5300,    52.5800,      54429,        611,             2883640
VSWS,B,20260805,507808,,United Leas & Ind,    35.7500,    35.7500,    35.7500,    35.7500,         50,          1,                1787
VSWS,B,20260805,507813,,National Oxygen,    61.0000,    61.0000,    58.6700,    59.1300,        668,         35,               40052
VSWS,B,20260805,507815,,Gillette India,  7769.7500,  7769.7500,  7638.0000,  7681.7500,       1349,        602,            10374114
VSWS,B,20260805,507817,,Wires & Fabriks,   127.0000,   127.8500,   127.0000,   127.8500,        381,          5,               48454
VSWS,B,20260805,507828,,Ansal Housing,     5.8000,     5.9400,     5.4000,     5.6000,     132723,        162,              732340
VSWS,B,20260805,507833,,Computer Point,     3.4200,     3.4200,     3.1000,     3.3700,       7798,         53,               25659
VSWS,B,20260805,507836,,Mac Charles,   680.0500,   703.8500,   675.0000,   694.9000,         84,         18,               57312
VSWS,B,20260805,507852,,Addi Industries,    83.0000,    87.0000,    79.0000,    82.1000,        342,         22,               29574
VSWS,B,20260805,507864,,Pioneer Invest Corp,    86.0000,    86.0000,    86.0000,    86.0000,        770,          2,               66220
VSWS,B,20260805,507872,,Ashnoor Textiles,    40.5000,    42.1500,    40.5000,    41.7900,       1967,         31,               81321
VSWS,B,20260805,507878,,Unitech,     4.2400,     4.3400,     4.1300,     4.1700,    1159368,        663,             4886149
VSWS,B,20260805,507880,,VIP Industries,   301.7500,   311.4000,   301.7500,   309.8000,      15575,        424,             4775525
VSWS,B,20260805,507910,,Fiberweb (India),    29.1500,    29.9300,    29.1000,    29.1000,       5238,         49,              154122
VSWS,B,20260805,507912,,Gyftr,   163.2500,   164.0000,   157.1000,   161.9000,       8041,        255,             1288480
VSWS,B,20260805,507917,,East Buildtech,    57.7300,    57.7300,    52.2500,    52.2500,         19,          7,                1016
VSWS,B,20260805,507944,,Bajaj Steel,   392.0500,   393.7000,   385.0500,   391.6000,       7544,        330,             2946241
VSWS,B,20260805,507946,,Kiduja India,    16.1500,    16.1500,    16.1500,    16.1500,         24,          1,                 387
VSWS,B,20260805,507948,,Key Corp,    77.9900,    78.8000,    75.0100,    78.4900,       2680,         58,              206806
VSWS,B,20260805,507960,,Gujarat Hotels,   187.0000,   189.7500,   181.0000,   188.3000,        363,         30,               67062
VSWS,B,20260805,507962,,Fynx Capital,     5.2800,     5.3900,     4.9000,     4.9900,      52097,         63,              265322
VSWS,B,20260805,507966,,Ras Resort & Apart,    54.5300,    56.7000,    54.0100,    56.0000,        198,         10,               10910
VSWS,B,20260805,507970,,Paramount Cosmetics,    38.5000,    38.5500,    35.8100,    37.5000,       2113,         57,               78905
VSWS,B,20260805,507981,,Jindal Hotels,    70.0000,    70.0000,    63.0500,    64.1200,        192,         18,               12369
VSWS,B,20260805,507998,,Simmonds-Marshall,   211.2000,   221.0000,   210.0000,   219.9000,      12031,        147,             2620970
VSWS,B,20260805,508136,,B & A,   387.3000,   387.3500,   387.3000,   387.3500,          8,          3,                3098
VSWS,B,20260805,508486,,Hawkins Cooker,  8583.9500,  8587.8500,  8505.0000,  8517.7500,         13,          9,              111315
VSWS,B,20260805,508494,,Warren Tea,    49.0000,    49.5400,    48.1500,    48.1500,       4270,         41,              207544
VSWS,B,20260805,508571,,Cochin Malabar Est,   149.0000,   149.0000,   134.8500,   139.0000,        108,         16,               14851
VSWS,B,20260805,508664,,Best Eastern Hotels,    17.7900,    18.5500,    17.7900,    18.4700,       1837,         18,               33395
VSWS,B,20260805,508670,,Neelamalai Agro,  3190.0000,  3190.0000,  3190.0000,  3190.0000,          2,          1,                6380
VSWS,B,20260805,508807,,I S T,   652.0000,   652.0000,   641.6000,   645.0000,        378,         24,              244521
VSWS,B,20260805,508814,,Cosmo First,   929.0000,   943.9000,   910.1000,   915.5000,      10864,        576,            10126277
VSWS,B,20260805,508867,,New Markets Avenue,    50.8900,    50.8900,    50.8900,    50.8900,          1,          1,                  50
VSWS,B,20260805,508869,,Apollo Hospitals,  9003.9500,  9003.9500,  8824.0000,  8910.0000,      11160,       2954,            99192654
VSWS,B,20260805,508875,,Nitin Castings,   512.7500,   532.9500,   507.1500,   515.1000,       6186,        172,             3175071
VSWS,B,20260805,508905,,Nexome Capital Marke,   126.0000,   126.0000,   118.1500,   122.4000,         83,         13,               10072
VSWS,B,20260805,508906,,Everest Industries,   460.5000,   489.9500,   460.5000,   464.2000,        589,         42,              276381
VSWS,B,20260805,508918,,Ironwood Education,    51.0000,    54.0000,    51.0000,    53.6000,       8012,         37,              425214
VSWS,B,20260805,508933,,AYM Syntex,   260.0000,   260.0500,   253.0000,   253.7000,       3307,        201,              851078
VSWS,B,20260805,508941,,Panasonic Carbon,   465.9500,   465.9500,   462.0000,   464.8000,       2832,         67,             1313871
VSWS,B,20260805,508954,,Finkurve Financial,    61.2100,    61.2100,    59.0000,    60.0000,       1457,         73,               86885
VSWS,B,20260805,508956,,HB Leasing & Finance,    10.7400,    10.7400,     9.5000,    10.4500,       9192,         33,               92863
VSWS,B,20260805,508961,,Shricon Industries,   198.0000,   198.0000,   198.0000,   198.0000,          1,          1,                 198
VSWS,B,20260805,508969,,Sulabh Enggineers &,     2.8300,     2.9000,     2.7100,     2.8600,      32554,         61,               92481
VSWS,B,20260805,508980,,Frontier Capital,    11.1100,    11.2200,    10.4800,    11.0800,     207352,         68,             2298593
VSWS,B,20260805,508989,,Navneet Education,   130.0000,   132.4000,   126.0000,   127.5000,      17047,        361,             2190534
VSWS,B,20260805,509009,,Ausom Enterprise,   137.5000,   142.3000,   137.5000,   142.3000,         26,          5,                3584
VSWS,B,20260805,509015,,Thakral Services (I),    12.8300,    13.2400,    12.8300,    13.2400,        864,          3,               11109
VSWS,B,20260805,509020,,Ruchi Infrastructure,     5.8900,     5.8900,     5.7700,     5.8900,       6533,         43,               38169
VSWS,B,20260805,509024,,Golden Legend Leas,     8.6000,     8.6000,     8.1300,     8.3800,       3350,         33,               28022
VSWS,B,20260805,509026,,VJTF Eduservices,    71.9400,    71.9400,    71.9400,    71.9400,          1,          1,                  71
VSWS,B,20260805,509038,,Voltaire Leasing,    14.6300,    14.9900,    13.9000,    14.0300,        181,         11,                2555
VSWS,B,20260805,509040,,Netlink Solutions (I,   171.3000,   173.7500,   171.2000,   173.0500,        245,         25,               42197
VSWS,B,20260805,509046,,Triliance Polymers,    42.1000,    43.9900,    42.1000,    42.9900,         58,          3,                2488
VSWS,B,20260805,509048,,Lancor Holdings,    27.1000,    27.1000,    26.0500,    26.2000,        554,         16,               14562
VSWS,B,20260805,509051,,Indian Infotech,     0.5900,     0.6000,     0.5800,     0.5800,    1425491,        543,              838667
VSWS,B,20260805,509053,,Banas Finance,     7.0700,     7.1600,     7.0100,     7.0800,      14334,         80,              101593
VSWS,B,20260805,509055,,Visaka Industries,    86.6000,    87.7700,    86.0000,    87.1100,      10102,        135,              878441
VSWS,B,20260805,509069,,Infomedia Press,     6.0200,     6.0200,     5.3100,     5.3400,        843,          5,                4518
VSWS,B,20260805,509073,,Hathway Bhawani Cabl,    11.0200,    13.4200,    11.0200,    11.4200,       1627,         23,               19824
VSWS,B,20260805,509079,,Gufic Biosciences,   397.4500,   400.7500,   391.9000,   393.6500,       1403,         76,              555980
VSWS,B,20260805,509152,,GRP,  1969.3000,  1995.0000,  1959.0000,  1960.9000,         67,         46,              131479
VSWS,B,20260805,509162,,Indag Rubber,    97.2900,    99.6500,    95.2200,    95.4700,       6497,         83,              628447
VSWS,B,20260805,509196,,MM Rubber Company,    57.1000,    57.1000,    55.0000,    55.0000,         75,          9,                4245
VSWS,B,20260805,509220,,PTL Enterprises,    46.8000,    46.8000,    40.0000,    40.0300,       5243,         81,              210178
VSWS,B,20260805,509243,,TVS Srichakra,  4004.9000,  4072.9500,  3948.0000,  3982.2500,        557,        140,             2228671
VSWS,B,20260805,509423,,Sanathnagar Enterpri,    36.5700,    36.5700,    36.5600,    36.5600,         12,          2,                 438
VSWS,B,20260805,509438,,Benares Hotels, 10299.0000, 10299.0000, 10200.0000, 10200.0000,        131,         23,             1337314
VSWS,B,20260805,509449,,Bhagwati Oxygen,    37.3200,    38.9500,    36.0100,    38.6900,        241,         10,                8986
VSWS,B,20260805,509470,,Bombay Oxygen Invest, 19600.0000, 19896.0000, 19425.0000, 19425.0000,         10,         10,              196221
VSWS,B,20260805,509472,,Cravatex,   364.8000,   364.8000,   349.0000,   356.2500,        371,         21,              130538
VSWS,B,20260805,509480,,Berger Paints India,   532.9000,   555.0500,   524.7000,   545.4500,      82189,       2680,            44408089
VSWS,B,20260805,509486,,Caprihans,    74.9900,    75.2000,    72.7300,    75.0600,       2468,         24,              185182
VSWS,B,20260805,509488,,Graphite India,   715.8000,   744.8000,   705.3000,   709.3500,     241868,       7046,           175858483
VSWS,B,20260805,509496,,Cemindia Projects,  1334.9000,  1336.1500,  1285.2000,  1298.5500,      17507,       1270,            22943229
VSWS,B,20260805,509525,,Empire Industries,  1069.0500,  1084.8000,  1060.0000,  1065.5000,        841,         73,              896330
VSWS,B,20260805,509546,,Graviss Hospitality,    31.7400,    31.7400,    31.6000,    31.6500,        159,          3,                5032
VSWS,B,20260805,509557,,Garware Technical,   774.9000,   808.8000,   761.8500,   798.5000,       8112,        523,             6440841
VSWS,B,20260805,509563,,Garware Marine,    21.0800,    21.5000,    20.7000,    21.1000,       4789,         90,              101191
VSWS,B,20260805,509567,,Goa Carbon,   384.2000,   390.0000,   380.1000,   385.2000,       1847,        328,              707158
VSWS,B,20260805,509597,,Hardcastle & Waud,   843.9500,   843.9500,   803.0000,   813.5500,        192,         42,              156257
VSWS,B,20260805,509631,,H E G,   679.7000,   697.9000,   674.8000,   686.4000,     120269,       3577,            82961936
VSWS,B,20260805,509635,,Hindustan Composites,   429.7000,   430.8000,   421.4000,   424.9000,        662,         59,              282369
VSWS,B,20260805,509675,,BirlaNu,  1358.4500,  1419.0000,  1348.1000,  1390.5000,       1483,        206,             2052858
VSWS,B,20260805,509692,,Indian Card Clothing,   223.0000,   223.0000,   223.0000,   223.0000,          4,          2,                 892
VSWS,B,20260805,509709,,International Convey,    76.4000,    76.4000,    74.5900,    76.0100,       4362,        103,              328685
VSWS,B,20260805,509715,,Jay Shree Tea & Ind,    89.5500,    89.9500,    88.5000,    89.3600,       2589,        121,              230808
VSWS,B,20260805,509732,,Kothari Industrial,   170.2000,   170.2000,   153.2000,   154.3500,       2548,         67,              393699
VSWS,B,20260805,509760,,Modern Shares & Stk,    36.7000,    39.9000,    36.6900,    37.0000,        834,         16,               30622
VSWS,B,20260805,509762,,Mapro Industries,    65.2100,    65.2100,    65.2100,    65.2100,       3905,         14,              254645
VSWS,B,20260805,509820,,Huhtamaki India,   285.9500,   293.4500,   280.7500,   284.3500,      17434,        578,             5023628
VSWS,B,20260805,509835,,Premier Synthetics,    15.5000,    16.5000,    15.0100,    15.2000,       3405,         18,               54000
VSWS,B,20260805,509874,,Shalimar Paints,    83.0500,    86.5000,    80.0000,    85.9400,      73812,        858,             6160792
VSWS,B,20260805,509887,,Sinnar Bidi Udyog,   705.0000,   715.0000,   697.0000,   710.0000,         55,          8,               38847
VSWS,B,20260805,509930,,Supreme Industries,  3534.6500,  3534.6500,  3458.0000,  3458.0000,       9512,       1430,            33152755
VSWS,B,20260805,509953,,Trade Wings,   713.5000,   713.5000,   646.5000,   646.5000,        104,          5,               67395
VSWS,B,20260805,509966,,VST Industries,   224.4500,   224.4500,   221.1500,   221.5500,      14843,        540,             3296592
VSWS,B,20260805,510245,,Swasti Vinayaka Synt,     3.7000,     3.7700,     3.7000,     3.7200,      17048,         65,               63368
VSWS,B,20260805,511000,,MSL Global,    15.6500,    15.6500,    15.5000,    15.6500,        101,          6,                1573
VSWS,B,20260805,511012,,Yamini Investments,     0.6100,     0.6300,     0.6100,     0.6100,     195799,        217,              120336
VSWS,B,20260805,511016,,Premier Capital Ser,     5.4800,     5.7300,     5.4000,     5.7300,       1109,         12,                6239
VSWS,B,20260805,511018,,Milgrey Finance,    41.7500,    41.7500,    39.0000,    39.7200,      52547,        168,             2086428
VSWS,B,20260805,511034,,Jindal Drilling,   617.6000,   625.0000,   610.8000,   621.7500,      11393,        331,             7067425
VSWS,B,20260805,511066,,Sakthi Finance,    28.4500,    28.4500,    27.5200,    28.0000,        437,         22,               12247
VSWS,B,20260805,511076,,Aeroflex Enterprises,   134.8000,   135.9000,   129.6000,   132.0500,      39651,        604,             5245406
VSWS,B,20260805,511092,,JMD Ventures,     7.7100,     8.4000,     7.7000,     8.0800,      16856,         50,              134504
VSWS,B,20260805,511108,,Shiva Texyarn,   165.0000,   169.6500,   161.0000,   168.3500,        105,         12,               17338
VSWS,B,20260805,511110,,VB Desai Fin Service,    19.0100,    19.0200,    18.9800,    18.9800,        845,         11,               16063
VSWS,B,20260805,511122,,First Custodian Fund,    66.5500,    66.5500,    60.6100,    62.6300,         58,         13,                3739
VSWS,B,20260805,511131,,Kamanwala Hsg Const,    16.9900,    17.0000,    15.5200,    16.8500,      15700,         52,              262285
VSWS,B,20260805,511144,,Axis Solution,   404.8000,   404.8000,   366.3000,   404.8000,      41482,        163,            16688312
VSWS,B,20260805,511147,,WSFX Global Pay,    63.2000,    68.6000,    63.2000,    68.0000,        941,         27,               63516
VSWS,B,20260805,511153,,Anjani Foods,    19.7000,    19.7000,    19.0000,    19.0500,        588,         18,               11472
VSWS,B,20260805,511169,,RKD Agri & Retail,     4.8000,     4.8400,     4.5600,     4.5600,       1557,          6,                7101
VSWS,B,20260805,511176,,Parshwanath Corporat,    83.6000,    83.6000,    76.0000,    77.9900,        112,          8,                9257
VSWS,B,20260805,511187,,Millennium Online So,     1.7500,     1.7500,     1.6200,     1.7500,       7143,         13,               11604
VSWS,B,20260805,511194,,I C D S,    43.6700,    43.6700,    43.6700,    43.6700,         25,          1,                1091
VSWS,B,20260805,511196,,Canfin Homes,   810.6500,   819.1500,   803.9500,   812.5000,      12503,        702,            10157500
VSWS,B,20260805,511208,,IL & FS Investment M,     8.4500,     8.6000,     7.9800,     8.0000,      94441,        412,              778341
VSWS,B,20260805,511218,,Shriram Finance,  1098.9000,  1117.0000,  1093.3000,  1117.0000,     195081,       6338,           215522653
VSWS,B,20260805,511243,,Cholamandalam Invest,  1898.4500,  1906.0000,  1867.5500,  1886.0000,     121642,       2348,           228755285
VSWS,B,20260805,511260,,Iconik Sports And Ev,    33.6300,    34.9900,    31.9500,    32.0300,      46835,        121,             1533336
VSWS,B,20260805,511333,,VLS Finance,   254.6000,   270.0500,   252.8000,   264.0000,        939,        113,              247303
VSWS,B,20260805,511355,,India Cements Cap,    22.8300,    22.8300,    22.8300,    22.8300,      25564,         33,              583626
VSWS,B,20260805,511359,,Ad Manum Finance,    54.1500,    56.4000,    54.1500,    55.1500,       8673,         51,              474589
VSWS,B,20260805,511391,,Inter Globe Finance,    67.1800,    67.1800,    67.1000,    67.1000,          6,          2,                 402
VSWS,B,20260805,511401,,Munoth Communication,     4.9500,     4.9500,     4.9500,     4.9500,       1143,          2,                5657
VSWS,B,20260805,511411,,Shristi Infra Dev,    30.9900,    30.9900,    30.2000,    30.2000,          3,          3,                  91
VSWS,B,20260805,511413,,Crest Ventures,   383.6000,   383.6000,   380.0000,   380.5000,         67,         13,               25645
VSWS,B,20260805,511431,,Vakrangee,     6.0400,     6.1400,     5.9600,     6.0900,     183536,        875,             1107506
VSWS,B,20260805,511441,,Gujarat Credit,    23.0000,    23.0000,    23.0000,    23.0000,        150,          3,                3450
VSWS,B,20260805,511447,,Sylph Industries,     0.2600,     0.2700,     0.2500,     0.2500,   15269018,        745,             3916573
VSWS,B,20260805,511451,,Dharani Finance,    12.6000,    12.6000,    12.6000,    12.6000,       1305,          7,               16443
VSWS,B,20260805,511463,,Alexander Stamps & C,     7.2000,     7.2000,     7.2000,     7.2000,       6214,         15,               44740
VSWS,B,20260805,511473,,Indbank Merchant,    34.9000,    34.9000,    32.1200,    32.6200,       2801,         67,               91141
VSWS,B,20260805,511493,,Shrydus Industries,     5.2900,     5.6000,     5.2900,     5.3600,      47244,         55,              258926
VSWS,B,20260805,511501,,Bharat Bhushan Finac,    23.7900,    24.1500,    23.1900,    23.8300,       2238,         30,               53358
VSWS,B,20260805,511505,,Capital Trust,    20.6300,    20.6300,    18.6700,    19.1400,      39174,        191,              777160
VSWS,B,20260805,511507,,Ushakiran Finance,    30.0800,    32.2200,    29.4600,    29.8800,       2296,          8,               68392
VSWS,B,20260805,511509,,Vivo Biotech,    21.5500,    21.9300,    21.0100,    21.7000,       6189,         69,              135045
VSWS,B,20260805,511523,,Veerhealth Care,    43.8300,    44.1500,    43.2500,    44.0300,     141862,        253,             6243958
VSWS,B,20260805,511525,,Pan India Corporatio,     1.6300,     1.6700,     1.5800,     1.6100,      33086,        112,               53372
VSWS,B,20260805,511533,,Sahara Housingfina C,    39.6400,    40.0000,    39.1000,    39.9900,       1678,         19,               66993
VSWS,B,20260805,511535,,NDA Securities,    29.8500,    30.9900,    28.6800,    29.6100,       2645,         15,               78640
VSWS,B,20260805,511539,,Supra Trends,    14.8500,    14.8500,    14.8500,    14.8500,          9,          2,                 133
VSWS,B,20260805,511543,,GSB Finance,    42.8400,    44.9500,    42.4000,    44.0000,       1162,         19,               51065
VSWS,B,20260805,511549,,Morarka Finance,    63.7000,    63.7000,    60.4600,    60.5300,        751,         28,               45783
VSWS,B,20260805,511551,,Monarch Networth Cap,   401.0000,   401.0000,   389.0000,   390.5000,       3763,        223,             1491238
VSWS,B,20260805,511557,,Pro Fin Capital Ser,     2.6100,     2.7500,     2.6000,     2.7000,    1355704,        422,             3597366
VSWS,B,20260805,511559,,Team India Guaranty,   224.0000,   230.1000,   224.0000,   228.1500,         52,          4,               11861
VSWS,B,20260805,511571,,Crescentis Capital,   110.7000,   116.0000,   110.7000,   115.0000,       1059,         20,              120953
VSWS,B,20260805,511577,,Mantra Capital,    16.0000,    16.1000,    15.0500,    15.7300,       8080,         10,              129068
VSWS,B,20260805,511585,,Befound Movement,     3.7500,     3.7500,     3.6700,     3.6700,       1930,         12,                7083
VSWS,B,20260805,511589,,Avonmore Capital,    11.1100,    11.6000,    10.8000,    11.3500,      17685,         70,              198408
VSWS,B,20260805,511593,,Libord Finance,    15.5200,    16.9800,    15.5200,    16.8900,        206,          5,                3342
VSWS,B,20260805,511601,,Yash Management,     9.4600,     9.5600,     9.4000,     9.4600,        305,         16,                2887
VSWS,B,20260805,511605,,Arihant Capital Mkt,    77.8300,    78.6200,    77.0600,    77.5000,       2631,         74,              203659
VSWS,B,20260805,511609,,ISL Consulting,    16.5500,    17.9900,    15.6300,    16.4100,      12887,         22,              227171
VSWS,B,20260805,511611,,DCM Financial Serv,     5.7300,     5.7300,     5.1700,     5.3200,       5389,         35,               29672
VSWS,B,20260805,511626,,RR Financial Cons,    66.1000,    72.7000,    65.9400,    69.1500,       3171,         66,              215296
VSWS,B,20260805,511628,,Fedders Holding,    42.9000,    42.9000,    41.0000,    42.1700,      24141,        181,             1003503
VSWS,B,20260805,511630,,Sambhaav Media,     6.6200,     6.8000,     6.2000,     6.8000,      26726,         51,              175831
VSWS,B,20260805,511636,,DJS Stock & Shares,     1.6200,     1.6600,     1.6100,     1.6500,      11037,         57,               18158
VSWS,B,20260805,511644,,Omega Interactive,    36.0000,    38.5900,    36.0000,    38.5900,    1953419,       4535,            74735449
VSWS,B,20260805,511654,,Sugal & Damani Share,    65.0000,    65.0000,    64.0000,    65.0000,       2233,         18,              145101
VSWS,B,20260805,511658,,NettLinx,    15.4400,    15.4400,    14.6100,    14.9800,       1349,         34,               20136
VSWS,B,20260805,511664,,Bgil Films & Techno,     7.6600,     7.7500,     7.2500,     7.7000,      18109,         34,              134374
VSWS,B,20260805,511672,,Scan Steels,    65.0000,    66.3200,    63.0000,    66.2500,      88604,        285,             5776357
VSWS,B,20260805,511676,,GIC Housing Finance,   151.1000,   151.1000,   148.5000,   149.7500,       6361,        106,              950381
VSWS,B,20260805,511692,,Ajcon Global Service,     5.9000,     5.9000,     5.7200,     5.9000,       1067,         25,                6215
VSWS,B,20260805,511696,,Chartered Cap & Inv,   288.5000,   288.5000,   288.5000,   288.5000,         10,          1,                2885
VSWS,B,20260805,511700,,Standard Capital Mkt,     0.4000,     0.4000,     0.3800,     0.3800,   13539695,       1294,             5260869
VSWS,B,20260805,511702,,Yogi,   164.4500,   168.0000,   162.0500,   162.8500,       1810,         38,              298157
VSWS,B,20260805,511710,,Cubical Financial,     5.7200,     5.7200,     5.7200,     5.7200,     147004,         87,              840862
VSWS,B,20260805,511712,,Relic Technologies,    59.0000,    71.0000,    56.6000,    64.1000,        382,         24,               22941
VSWS,B,20260805,511714,,Nimbus Projects,   203.1000,   203.1000,   203.1000,   203.1000,          1,          1,                 203
VSWS,B,20260805,511716,,Invigorated Business,     6.6700,     6.6700,     6.1100,     6.2100,       2731,         22,               17106
VSWS,B,20260805,511724,,Baid Finserv,     9.8800,    10.0700,     9.8600,    10.0700,       1637,         31,               16434
VSWS,B,20260805,511726,,Vipul,    11.0100,    11.8500,    11.0100,    11.8500,      17435,         83,              201344
VSWS,B,20260805,511728,,KZ Leasing & Finance,    15.5000,    16.3100,    15.5000,    16.3100,         61,          3,                 947
VSWS,B,20260805,511742,,Ugro Capital,    98.5000,    98.5000,    93.8000,    95.8700,      56003,        499,             5351050
VSWS,B,20260805,511754,,Shalibhadra Finance,    80.9500,    81.0000,    77.0000,    77.8600,       1348,         14,              105695
VSWS,B,20260805,511756,,Abirami Financial,    32.4000,    32.4000,    30.8000,    32.0000,        554,         10,               17693
VSWS,B,20260805,511758,,Mansi Finance,    62.8000,    62.8000,    62.0000,    62.0000,        112,          4,                7003
VSWS,B,20260805,511764,,Aastamangalam Financ,    34.0000,    35.0000,    33.3000,    33.6100,      11438,         50,              392749
VSWS,B,20260805,511766,,Muthoot Capital Serv,   227.3000,   265.0000,   227.3000,   261.0500,      18262,        578,             4712434
VSWS,B,20260805,511768,,Master Trust,    84.1400,    84.9600,    81.5000,    82.1100,      23830,        128,             1985418
VSWS,B,20260805,512008,,EFC (I),   194.9000,   194.9000,   187.5000,   191.4500,      20530,        316,             3893603
VSWS,B,20260805,512014,,Sobhagya Mercantile,  1170.0000,  1221.8500,  1170.0000,  1221.8500,         51,         14,               62055
VSWS,B,20260805,512018,,Tomorrow Tech Global,     7.7700,     8.2100,     7.7700,     7.9100,      18138,         45,              144031
VSWS,B,20260805,512020,,Saraswati Commercial, 12050.0000, 12319.9500, 11770.0000, 12199.8000,         30,         22,              359256
VSWS,B,20260805,512025,,Asgard Alcobev,    32.0000,    32.9800,    29.9000,    30.3900,     209388,        828,             6397333
VSWS,B,20260805,512026,,Vega Jewellers,    61.9500,    61.9500,    61.9500,    61.9500,         49,          2,                3035
VSWS,B,20260805,512038,,TCC Concept,   295.0500,   300.0000,   285.5000,   285.9000,       4448,        214,             1284347
VSWS,B,20260805,512047,,Royal India Corporat,     6.0200,     6.0200,     5.8000,     5.9100,      51096,        183,              300609
VSWS,B,20260805,512048,,DhanSafal Finserve,     2.2900,     2.3400,     2.2800,     2.3300,      72142,         49,              165556
VSWS,B,20260805,512062,,Tandhan Industries,   153.9500,   153.9500,   139.6500,   150.7500,       8638,         57,             1254687
VSWS,B,20260805,512065,,Mrugesh Trading,    92.6500,    92.6500,    92.6500,    92.6500,          6,          2,                 555
VSWS,B,20260805,512068,,Deccan Gold Mines,   202.0000,   203.0000,   196.4000,   199.0000,     138927,       1704,            27790569
VSWS,B,20260805,512070,,UPL,   580.4500,   584.2000,   576.7000,   577.0000,      99413,       3105,            57597853
VSWS,B,20260805,512093,,Cranes Software Int,     3.5600,     3.5800,     3.5600,     3.5800,      46071,         36,              164807
VSWS,B,20260805,512097,,Saianand Commercial,     0.2300,     0.2300,     0.2200,     0.2200,     347242,         62,               77517
VSWS,B,20260805,512099,,Eyantra Ventures,   697.1500,   697.1500,   697.1500,   697.1500,         50,          1,               34857
VSWS,B,20260805,512103,,Nidhi Granites,   276.2000,   290.0000,   271.0000,   290.0000,       1301,         22,              355260
VSWS,B,20260805,512115,,Rose Merc,    62.2100,    65.0000,    62.2100,    64.8000,        278,          7,               17895
VSWS,B,20260805,512131,,Signet Industries,    58.0000,    62.4200,    56.7000,    61.1400,      15704,        223,              944992
VSWS,B,20260805,512149,,Avance Technologies,     0.9100,     0.9100,     0.8900,     0.9000,    6384549,       1620,             5729291
VSWS,B,20260805,512161,,Securekloud Technolo,    18.3000,    18.4500,    17.3600,    18.4200,       1913,         23,               34145
VSWS,B,20260805,512165,,ABans Enterprises,    26.1500,    27.0200,    25.8000,    26.9800,       2148,         22,               56152
VSWS,B,20260805,512169,,Capricorn Systems,    18.0000,    18.1000,    18.0000,    18.1000,      35495,         12,              640431
VSWS,B,20260805,512175,,Vama Industries,     3.7500,     3.9800,     3.7500,     3.8900,      18954,         54,               73538
VSWS,B,20260805,512179,,Sunteck Realty,   304.0500,   306.4000,   301.0000,   301.7000,       8993,        371,             2730242
VSWS,B,20260805,512197,,Silver Oak Commerc,     6.2800,     6.5900,     6.0000,     6.5900,        568,         10,                3555
VSWS,B,20260805,512217,,Prism Medico & Pharm,    29.9900,    29.9900,    27.0200,    27.7400,      13300,         78,              366784
VSWS,B,20260805,512229,,Veritas (India),   177.5000,   178.2000,   173.9500,   173.9500,       3094,         53,              538437
VSWS,B,20260805,512237,,Jai Corp,   103.9000,   105.3000,   103.5500,   104.2000,      10599,        199,             1105625
VSWS,B,20260805,512247,,Ashirwad Capital,     2.6600,     2.7100,     2.6600,     2.6800,      29243,        158,               78668
VSWS,B,20260805,512257,,Swasti Vinayaka Art,     3.7200,     3.7200,     3.6200,     3.6600,      43081,         95,              157655
VSWS,B,20260805,512267,,Media Matrix,    14.4900,    14.7000,    13.5500,    14.7000,      44549,         70,              648493
VSWS,B,20260805,512277,,Autoriders Intl,   355.9000,   358.7000,   324.8000,   331.1500,       3955,        153,             1378973
VSWS,B,20260805,512296,,Bhagyanagar India,   376.1000,   393.0000,   376.0000,   380.4500,       8367,        184,             3214641
VSWS,B,20260805,512301,,Chambal Breweries,    48.6400,    48.6400,    48.6300,    48.6300,      80401,         68,             3910364
VSWS,B,20260805,512329,,SG Mart,   720.0000,   723.0000,   706.0500,   708.9000,      26719,        736,            19056406
VSWS,B,20260805,512344,,Aravali Secu & Fin,     3.9000,     3.9000,     3.9000,     3.9000,         11,          2,                  42
VSWS,B,20260805,512361,,Cupid Breweries & Di,    29.2000,    29.2000,    27.5000,    28.4400,      40446,        283,             1149658
VSWS,B,20260805,512379,,Cressanda Railway So,     2.1300,     2.2200,     2.1300,     2.1700,     258409,        502,              561336
VSWS,B,20260805,512381,,Starteck Finance,   261.0000,   262.0000,   259.0000,   259.0000,       1518,         14,              396890
VSWS,B,20260805,512393,,Shardul Securities,    45.5000,    46.9000,    43.5900,    43.7000,      11245,         85,              494009
VSWS,B,20260805,512399,,Sera Invest & Financ,    40.5000,    40.5000,    38.6500,    38.8600,      17969,         68,              701885
VSWS,B,20260805,512415,,Mercury Trade Links,     4.5000,     4.5000,     4.2700,     4.2900,     170119,        183,              735850
VSWS,B,20260805,512425,,Nirav Commercials,   681.6500,   721.0000,   681.6500,   720.0000,         88,          5,               61060
VSWS,B,20260805,512437,,Apollo Finvest,   347.5500,   347.5500,   347.0000,   347.0000,        114,          7,               39575
VSWS,B,20260805,512441,,Enbee Trade,     0.2900,     0.3000,     0.2800,     0.3000,    3118891,        375,              910553
VSWS,B,20260805,512443,,Ganon Products,     8.4000,     8.4000,     7.7000,     7.9900,     124875,        175,              993941
VSWS,B,20260805,512453,,Shri Jagdamba Poly,   580.0000,   580.0000,   575.0000,   577.9000,       1146,         31,              660593
VSWS,B,20260805,512455,,Lloyds Metals & Ener,  2056.5000,  2095.1000,  2056.1000,  2086.9500,      29781,       3175,            61711348
VSWS,B,20260805,512463,,Lloyds Enterprises,    81.1700,    82.6000,    79.8500,    81.4900,     179453,        841,            14620943
VSWS,B,20260805,512477,,Betex India,   450.0000,   488.0000,   450.0000,   480.5500,        388,         29,              179883
VSWS,B,20260805,512485,,Dhanlaxmi Cotex,   126.5000,   126.5000,   126.5000,   126.5000,         21,          3,                2656
VSWS,B,20260805,512489,,Oasis Securities,    12.0000,    12.2300,    11.6200,    11.7600,     729505,         88,             8599876
VSWS,B,20260805,512493,,Garnet International,    65.0000,    65.0000,    62.0600,    62.9400,       3281,         51,              206301
VSWS,B,20260805,512499,,Shalimar Productions,     0.3100,     0.3100,     0.3000,     0.3100,    2563288,        579,              785899
VSWS,B,20260805,512519,,Donear Industries,    85.9000,    85.9000,    84.6900,    85.0400,        965,         15,               82628
VSWS,B,20260805,512527,,Super Sales India,  1115.0000,  1129.0000,  1100.0000,  1116.7000,        717,         43,              801854
VSWS,B,20260805,512529,,Viyash Scientific,   267.6000,   275.0000,   267.6000,   273.5500,     150611,       1817,            41020492
VSWS,B,20260805,512531,,State Trading Corp,   119.9500,   120.1000,   119.0500,   119.3000,       2153,        150,              257582
VSWS,B,20260805,512559,,Kohinoor Foods,    23.7600,    23.7700,    22.8800,    22.9800,       6258,        371,              145322
VSWS,B,20260805,512565,,Neelkanth,    38.5000,    38.5000,    36.7000,    36.7000,        241,          9,                9047
VSWS,B,20260805,512573,,Avanti Feeds,   899.3000,   905.6500,   892.0500,   897.6000,      20783,       1216,            18674750
VSWS,B,20260805,512587,,Zodiac JRD MKJ,    39.0000,    40.0000,    38.5000,    39.4800,      69920,        151,             2785401
VSWS,B,20260805,512589,,Sita Enterprises,   147.4500,   149.9000,   141.5000,   142.8500,       1742,         18,              252269
VSWS,B,20260805,512591,,Pulsar International,     0.4200,     0.4200,     0.4200,     0.4200,    1491499,        444,              626429
VSWS,B,20260805,512595,,KD Green Industries,    57.8800,    57.8800,    54.0000,    54.8200,     284847,        515,            15702278
VSWS,B,20260805,512599,,Adani Enterprises,  3069.6500,  3085.0000,  3035.0000,  3035.0000,      47183,       2915,           144228023
VSWS,B,20260805,512600,,Astal Laboratories,    83.0000,    84.0000,    80.0000,    81.2500,      17293,        215,             1428362
VSWS,B,20260805,512604,,Haria Exports,     6.2500,     6.2500,     6.2500,     6.2500,       1450,          2,                9062
VSWS,B,20260805,512608,,Bhandari Hosiery Exp,     2.9100,     2.9100,     2.8600,     2.9000,       7452,         24,               21558
VSWS,B,20260805,512618,,R L F,     9.0000,     9.0000,     8.8000,     8.8000,        814,          7,                7163
VSWS,B,20260805,512624,,Regent Enterprises,     5.0500,     5.2000,     5.0500,     5.1600,      25811,         34,              133735
VSWS,B,20260805,512626,,Orbit Exports,   249.5000,   250.0000,   246.0000,   249.9500,       5456,         20,             1361948
VSWS,B,20260805,512634,,Savera Industries,   161.0500,   167.3000,   161.0500,   166.6500,        941,         23,              156417
VSWS,B,20260805,513005,,Chrome Silicon,    42.8000,    46.0000,    41.1000,    41.2900,       1202,         24,               50700
VSWS,B,20260805,513023,,Nava,   578.9500,   583.8500,   572.3500,   581.8500,      22187,        814,            12833928
VSWS,B,20260805,513043,,Remi Edelstahl Tubul,   220.0000,   223.4500,   210.0000,   212.6000,       3566,         73,              767687
VSWS,B,20260805,513059,,GS Auto Inter,    14.9900,    15.9000,    14.5700,    15.5400,      18825,         72,              289456
VSWS,B,20260805,513063,,Trans-Freight Cont,    22.7000,    22.7000,    19.1800,    19.6400,       2515,         34,               53337
VSWS,B,20260805,513097,,Shivalik Bimetal,   787.0000,   787.0000,   762.2500,   773.5000,      19804,       1716,            15317351
VSWS,B,20260805,513108,,Gandhi Special Tubes,   900.0000,   900.0500,   886.8000,   891.9500,       1269,        105,             1138231
VSWS,B,20260805,513117,,Amforge Ind,     5.7500,     5.7500,     5.2000,     5.5200,       2016,         30,               11013
VSWS,B,20260805,513119,,Onix Solar Energy,   548.3000,   548.3000,   548.3000,   548.3000,        524,         39,              287309
VSWS,B,20260805,513121,,Oricon Enterprises,    54.1700,    54.1700,    53.0000,    53.5400,       1282,         31,               68498
VSWS,B,20260805,513173,,Steel Strips Infra,    18.9500,    18.9500,    18.1000,    18.8900,       3830,         28,               69668
VSWS,B,20260805,513228,,Pennar Industries,   168.6500,   168.9500,   164.5000,   165.8000,      13800,        219,             2301054
VSWS,B,20260805,513250,,Jyoti Structures,    12.2100,    12.4400,    11.8700,    12.1200,    3108279,       3448,            38127706
VSWS,B,20260805,513252,,Jay Ushin,   867.1000,   922.0000,   862.5000,   892.4000,        156,         21,              137391
VSWS,B,20260805,513262,,Steel Strips Wheels,   319.2000,   322.2500,   314.5000,   319.9000,      35311,        595,            11265094
VSWS,B,20260805,513269,,Man Industries (I),   545.7000,   550.2500,   531.4500,   533.1500,      26374,        405,            14148883
VSWS,B,20260805,513295,,IMEC Services,   106.3500,   108.1500,   104.3500,   105.0500,        265,         22,               27903
VSWS,B,20260805,513303,,Modern Steels,    12.9800,    13.9900,    12.9800,    13.1700,       2019,         24,               27406
VSWS,B,20260805,513307,,Belding India,   995.0000,  1023.0000,   990.0000,   999.9500,       4449,         85,             4440299
VSWS,B,20260805,513337,,Gujarat Toolroom,     0.4800,     0.4800,     0.4700,     0.4800,    1764746,        853,              839225
VSWS,B,20260805,513349,,Ajmera Realty & Infr,   124.3500,   126.0000,   122.4000,   123.9000,      57320,        597,             7103753
VSWS,B,20260805,513353,,Cochin Minerals,   246.5000,   264.9000,   246.5000,   260.9500,      12602,        214,             3228981
VSWS,B,20260805,513361,,India Homes,    22.4800,    22.4800,    22.1500,    22.4300,     285762,        253,             6384206
VSWS,B,20260805,513369,,Krishanveer Forge,   164.0000,   164.0000,   155.0000,   159.5000,       2548,         57,              404503
VSWS,B,20260805,513375,,Carborundum Univer,  1080.2500,  1092.0000,  1069.5500,  1082.0500,       4334,        362,             4686236
VSWS,B,20260805,513377,,M M T C,    63.9300,    64.6300,    63.6000,    63.7700,      86728,        793,             5555970
VSWS,B,20260805,513397,,Vallabh Steels,     8.0000,     8.0000,     7.7000,     7.7000,        329,          4,                2539
VSWS,B,20260805,513418,,Smiths & Founders (I,    14.5200,    14.5200,    14.5200,    14.5200,      66584,         79,              966799
VSWS,B,20260805,513422,,Bloom Industries,    32.5300,    33.0000,    31.5000,    32.2500,       2980,         15,               96312
VSWS,B,20260805,513430,,Maitri Enterprises,    40.7900,    40.7900,    36.9100,    40.7900,         32,          6,                1235
VSWS,B,20260805,513436,,Shah Alloys,    71.6400,    74.7600,    69.0000,    69.8000,        190,          7,               13407
VSWS,B,20260805,513456,,Kanishk Steel,    51.9900,    51.9900,    50.0100,    51.9500,         31,          4,                1609
VSWS,B,20260805,513460,,Mahalaxmi Seamless,    10.4500,    10.4500,    10.4200,    10.4200,         82,          3,                 856
VSWS,B,20260805,513472,,Simplex Casting,    93.7000,    97.9000,    87.3000,    96.4000,     297991,       1275,            28123478
VSWS,B,20260805,513488,,Shree Steel Wire,    30.9700,    30.9700,    29.6000,    29.9900,       3582,         20,              107350
VSWS,B,20260805,513496,,Sizemasters Technolo,   285.5000,   285.5000,   285.1500,   285.1500,        547,         26,              155982
VSWS,B,20260805,513498,,Southern Magnesium,    75.6400,    75.9900,    72.2200,    74.0000,        715,         15,               52342
VSWS,B,20260805,513502,,Baroda Extrusions,     8.3500,     8.6900,     8.2700,     8.3900,      49698,        180,              417497
VSWS,B,20260805,513507,,Gujarat Containers,   161.7000,   161.7000,   159.5500,   159.8500,        800,          5,              127935
VSWS,B,20260805,513509,,Kalyani Forge,   614.4000,   619.9000,   602.6500,   603.5000,        254,         27,              153682
VSWS,B,20260805,513511,,Panchmahal Steels,   300.1000,   308.8500,   292.6000,   303.2500,        419,         24,              126588
VSWS,B,20260805,513513,,Aditya Ispat,     8.7900,     8.8000,     8.7500,     8.8000,       4383,         16,               38439
VSWS,B,20260805,513517,,Steelcast,   339.5500,   344.5000,   329.8000,   337.7500,      10692,        396,             3631136
VSWS,B,20260805,513519,,Pitti Engineering,   955.9500,   955.9500,   942.0000,   951.3500,        963,        210,              912686
VSWS,B,20260805,513528,,Glittek Granites,    65.1000,    66.4100,    65.1000,    66.4100,      53542,        101,             3512749
VSWS,B,20260805,513532,,Pradeep Metals,   514.9500,   518.0000,   509.0000,   509.0000,        491,         17,              252185
VSWS,B,20260805,513536,,Gujarat Natural Reso,    95.1000,    95.1000,    93.5100,    93.8800,       4828,        224,              455006
VSWS,B,20260805,513544,,Mardia Samyoung,    46.9400,    48.3200,    46.0200,    48.3200,       1442,         40,               67753
VSWS,B,20260805,513548,,Sharda Ispat,   157.0000,   158.5500,   152.1000,   155.5000,        376,         10,               58444
VSWS,B,20260805,513554,,Mahamaya Steel Ind,  1087.5500,  1091.7000,  1064.5000,  1073.9000,        591,         66,              634270
VSWS,B,20260805,513566,,Nova Iron & Steel,    12.0200,    12.3500,    12.0000,    12.0700,       2758,         36,               33309
VSWS,B,20260805,513575,,Sterling Powergensys,    37.7900,    37.7900,    34.4300,    35.7400,       6316,         84,              220533
VSWS,B,20260805,513579,,Foundry Fuel,     5.4000,     5.4000,     5.4000,     5.4000,        600,          2,                3240
VSWS,B,20260805,513599,,Hindustan Copper,   495.6000,   539.5000,   495.5000,   533.7500,    2236486,      32704,          1158673997
VSWS,B,20260805,513629,,Tulsyan NEC,    39.8500,    39.8500,    39.8500,    39.8500,       5939,         13,              236669
VSWS,B,20260805,513642,,Axel Polymers,    47.9700,    53.9800,    45.2500,    47.9800,        310,         21,               15195
VSWS,B,20260805,513683,,NLC India,   303.6000,   307.1000,   300.8000,   303.1500,      75929,       1655,            23055268
VSWS,B,20260805,513687,,Spectra Industries,     4.2400,     4.4600,     4.2400,     4.4600,       1046,          5,                4435
VSWS,B,20260805,513693,,KIC Metaliks,    35.9500,    36.2200,    35.1100,    36.0600,      15706,         53,              565705
VSWS,B,20260805,513699,,Solid Stone Company,    23.5500,    25.7300,    23.5500,    25.4900,        163,         18,                4115
VSWS,B,20260805,513709,,Shilp Gravures,   139.8000,   143.7000,   139.8000,   142.4000,       1252,         31,              177490
VSWS,B,20260805,513713,,White Organic Agro,     3.7000,     3.7000,     3.6100,     3.6700,       7488,         57,               27297
VSWS,B,20260805,513721,,MFS Intercorp,    15.8000,    15.8000,    14.3700,    15.4500,         20,          3,                 289
VSWS,B,20260805,513729,,Aro Granite Indu,    25.6000,    26.6300,    25.5000,    26.0900,       3260,        150,               85114
VSWS,B,20260805,514010,,Rudra Ecovation,    18.2400,    18.3000,    17.2600,    17.7300,      78943,        168,             1404305
VSWS,B,20260805,514028,,Rajkamal Synthetics,    22.1000,    23.4000,    20.5000,    23.2900,        309,         12,                6815
VSWS,B,20260805,514030,,Deepak Spinners,   136.8500,   142.3500,   136.8500,   140.1500,        970,         30,              136081
VSWS,B,20260805,514036,,Loyal Textiles,   196.0000,   211.0000,   196.0000,   211.0000,       1303,          6,              259933
VSWS,B,20260805,514043,,Himatsingka Seide,    80.9900,    81.9500,    79.6900,    79.8400,      45175,        520,             3658940
VSWS,B,20260805,514045,,B S L,   126.0000,   127.0000,   126.0000,   126.0000,        660,         15,               83161
VSWS,B,20260805,514060,,Newtrac Foods & Bev,     2.8000,     2.8700,     2.7200,     2.8000,      89008,        114,              250720
VSWS,B,20260805,514087,,PBM Polytex,    58.3800,    58.5000,    58.3800,    58.5000,        101,          3,                5905
VSWS,B,20260805,514113,,Adinath Textiles,    21.2100,    21.2100,    21.1500,    21.1500,        601,         19,               12730
VSWS,B,20260805,514138,,Suryalata Spinning,   412.0000,   413.3000,   405.0000,   405.0000,         42,          6,               17298
VSWS,B,20260805,514142,,T T,     6.1600,     6.4400,     6.1300,     6.3900,       5133,         33,               32476
VSWS,B,20260805,514162,,Welspun Living,   160.9000,   164.0000,   160.0500,   161.0000,      57923,       1009,             9396743
VSWS,B,20260805,514165,,Indian Acrylics,     5.6700,     5.9700,     5.6600,     5.7100,      40869,         68,              235441
VSWS,B,20260805,514167,,Ganesha Ecosphere,  1126.8000,  1164.0000,  1077.9000,  1089.8000,       9391,        659,            10528207
VSWS,B,20260805,514171,,Ceeta Industries,    40.7900,    42.4000,    40.0000,    41.6100,        909,         15,               37469
VSWS,B,20260805,514175,,Vardhman Polytex,     6.0900,     6.1400,     5.8800,     6.1300,      11664,         44,               70277
VSWS,B,20260805,514177,,Impera Worldwide,    55.6700,    61.5000,    55.6700,    61.5000,        123,          2,                6853
VSWS,B,20260805,514183,,Black Rose Indus,   115.9500,   117.8000,   113.9500,   116.3500,       5479,         95,              634554
VSWS,B,20260805,514197,,S & T Corporation,     4.1500,     4.1500,     3.7700,     3.9900,      74670,         43,              298070
VSWS,B,20260805,514211,,Sumeet Industries,    19.1900,    19.1900,    19.1900,    19.1900,       8967,         51,              172076
VSWS,B,20260805,514223,,Ramgopal Polytex,    30.4800,    30.4800,    30.4800,    30.4800,       8912,         26,              271637
VSWS,B,20260805,514234,,Sangam India,   623.7500,   623.7500,   610.5500,   613.5500,        614,         23,              377203
VSWS,B,20260805,514238,,MKVentures Capital,  1050.1000,  1079.0000,  1050.0000,  1072.3000,        569,         28,              603164
VSWS,B,20260805,514240,,Kush Industries,     6.2400,     6.4000,     6.0100,     6.2800,       3987,         41,               24842
VSWS,B,20260805,514260,,Surbhi Industries,   141.5500,   141.5500,   141.5500,   141.5500,        440,         14,               62282
VSWS,B,20260805,514264,,Seasons Textiles,    17.8800,    17.8800,    16.8900,    17.8500,        214,          7,                3823
VSWS,B,20260805,514266,,Zenith Fibres,    51.0000,    53.0000,    51.0000,    52.9000,        611,         10,               32171
VSWS,B,20260805,514272,,Bhilwara Spinners,   127.8500,   129.7500,   127.8000,   128.1000,        505,         14,               64612
VSWS,B,20260805,514274,,Varvee Global,    63.0900,    63.9000,    60.7900,    63.1400,       4663,        103,              287706
VSWS,B,20260805,514280,,Sanrhea Technical,   151.9500,   151.9500,   142.2000,   142.2000,         11,          2,                1661
VSWS,B,20260805,514286,,Ashima,    18.2500,    18.2900,    17.4000,    17.7100,      12620,         80,              222743
VSWS,B,20260805,514300,,Pioneer Embroideries,    24.3400,    24.3400,    24.3000,    24.3000,        260,          6,                6320
VSWS,B,20260805,514302,,Vippy Spinpro,   170.0000,   177.4000,   165.3000,   166.2000,       1512,         15,              257548
VSWS,B,20260805,514312,,Jaihind Industries,    38.5000,    39.4900,    37.6000,    38.9800,      34157,         42,             1319173
VSWS,B,20260805,514316,,Raghuvir Synthetics,    99.0000,   101.7000,    99.0000,   100.0000,       3024,         53,              305397
VSWS,B,20260805,514322,,Kamadgiri Fashion,   139.0000,   149.0000,   138.0000,   138.0000,       2541,         34,              374643
VSWS,B,20260805,514324,,Omnitex Industries,   770.0000,   770.7500,   740.0000,   750.0500,       1548,         22,             1180858
VSWS,B,20260805,514326,,Patspin India,     7.0000,     7.0000,     6.5300,     6.6900,       1813,         23,               12447
VSWS,B,20260805,514330,,One Global Service,   528.6000,   550.0000,   528.6000,   547.7500,      15124,        488,             8240639
VSWS,B,20260805,514332,,Neo Infracon,    43.9900,    43.9900,    37.3100,    39.9800,        828,         23,               32356
VSWS,B,20260805,514336,,CCME Global,    94.3000,    94.3000,    94.3000,    94.3000,        149,          7,               14050
VSWS,B,20260805,514354,,Premier Polyfilm,    72.7800,    73.2400,    71.6900,    72.4500,       4293,        108,              310445
VSWS,B,20260805,514358,,Everlon Financials,   103.1500,   113.0000,   100.1000,   105.6500,          5,          4,                 520
VSWS,B,20260805,514360,,K&R Rail Engineering,    25.8200,    25.8200,    24.8000,    25.0800,      29657,        232,              746377
VSWS,B,20260805,514378,,Yarn Syndicate,    14.2900,    14.9900,    13.9000,    14.9800,       7945,         28,              117133
VSWS,B,20260805,514386,,Gujarat Cotex,     2.7500,     2.7900,     2.6300,     2.7100,     168901,        254,              462240
VSWS,B,20260805,514400,,Garware Synthetics,    21.2000,    21.2000,    20.1400,    20.1400,        201,          3,                4260
VSWS,B,20260805,514402,,Eco Hotels & Resorts,    11.5500,    11.9600,    11.5000,    11.6700,     162721,         76,             1911289
VSWS,B,20260805,514412,,Sarup Industries,   118.0500,   123.9500,   118.0500,   123.9500,        101,          2,               11928
VSWS,B,20260805,514414,,Oxford Industries,     6.4100,     6.5900,     6.2600,     6.5900,      14540,         49,               93804
VSWS,B,20260805,514418,,Mangalam Organics,   475.0000,   475.0000,   461.5000,   470.0000,         85,         12,               40050
VSWS,B,20260805,514428,,Hindustan Adhesives,   265.0000,   269.7500,   258.0000,   267.4000,       1578,         31,              416565
VSWS,B,20260805,514440,,Blue Pearl Agriventu,     9.2900,     9.2900,     8.9500,     9.2400,      46976,        214,              430987
VSWS,B,20260805,514442,,Sri KPR Industries,    21.7000,    21.7000,    20.2300,    20.7500,       4309,         26,               90563
VSWS,B,20260805,514448,,Jyoti Resins & Adhes,   941.5000,   941.9500,   890.1500,   898.8500,      30021,       2111,            27250543
VSWS,B,20260805,514450,,Mahalaxmi Rubtech,   162.2000,   162.5500,   155.7500,   161.7500,        699,         38,              112093
VSWS,B,20260805,514454,,Southern Latex,    20.2000,    21.0000,    20.2000,    21.0000,        157,          4,                3287
VSWS,B,20260805,514470,,Winsome Textile Ind,   102.0000,   105.0000,    97.0200,    98.5000,      21292,        119,             2146170
VSWS,B,20260805,515008,,Modern Insulators,   498.0000,   507.4500,   497.9000,   507.4500,      23255,        263,            11746032
VSWS,B,20260805,515018,,Regency Ceramics,    34.6900,    34.6900,    30.1600,    31.6000,        664,         13,               20417
VSWS,B,20260805,515030,,Asahi India Glass,   897.8500,   930.4000,   897.8500,   926.9000,      37353,       1880,            34437093
VSWS,B,20260805,515037,,Murudeshwar Ceramics,    31.0000,    31.5800,    30.0000,    31.4200,       2941,         28,               90083
VSWS,B,20260805,515043,,Saint-Gobain Sekurit,   120.9500,   120.9500,   117.0500,   118.6000,      51711,        550,             6122393
VSWS,B,20260805,515055,,Anant Raj,   632.4000,   639.0000,   624.0000,   627.5000,     201874,       5634,           127536839
VSWS,B,20260805,515059,,Madhusudan Ind,    31.7000,    36.4400,    31.7000,    36.4400,        474,         19,               16837
VSWS,B,20260805,515085,,Restile Ceramics,     6.7300,     6.7300,     6.5200,     6.7200,       5469,         18,               36662
VSWS,B,20260805,515093,,Madhav Granite,    34.0000,    36.4900,    34.0000,    35.7500,       4915,         91,              174494
VSWS,B,20260805,515147,,Haldyn Glass,   137.4500,   137.4500,   132.0500,   137.0000,      34242,        187,             4670856
VSWS,B,20260805,516003,,Duroply Industries,   106.6500,   106.6500,   103.5500,   104.0000,       9097,         40,              946211
VSWS,B,20260805,516016,,Shreyans Industries,   143.0000,   143.7000,   142.2500,   143.1000,        266,         14,               38016
VSWS,B,20260805,516020,,Agio Paper & Industr,     3.5300,     3.5300,     3.3600,     3.3700,       7532,         13,               25571
VSWS,B,20260805,516022,,Star Paper Mills,   152.0000,   152.0000,   150.1500,   151.9500,        184,         11,               27692
VSWS,B,20260805,516030,,PAKKA,    70.5600,    72.9500,    70.5600,    72.7100,      11047,        454,              798649
VSWS,B,20260805,516032,,Tahmar Enterprises,     4.2100,     4.2100,     4.1000,     4.1800,      13440,         36,               55383
VSWS,B,20260805,516038,,KS Smart Technologie,   107.5000,   110.2500,   101.0000,   104.3500,      34718,        205,             3599931
VSWS,B,20260805,516062,,National Plywood Ind,     2.7600,     2.7700,     2.7600,     2.7700,        182,          6,                 503
VSWS,B,20260805,516064,,Arrow Greentech,   740.0000,   760.0000,   733.0500,   753.6500,        222,         18,              166368
VSWS,B,20260805,516072,,Vishnu Chemicals,   601.0500,   601.0500,   586.5000,   589.5500,       8402,        387,             4984375
VSWS,B,20260805,516078,,Jumbo Bag,    95.5100,    99.5000,    92.6000,    93.4000,      15212,        283,             1439444
VSWS,B,20260805,516082,,NR Agarwal Ind,   499.0000,   499.0000,   471.6000,   489.5000,       2391,        143,             1142911
VSWS,B,20260805,516092,,3P Land Holdings,    31.4100,    31.4300,    31.4000,    31.4300,        140,          4,                4397
VSWS,B,20260805,516096,,Sangal Papers,   143.0500,   156.8500,   143.0500,   156.8500,        225,          3,               33911
VSWS,B,20260805,516098,,Ventura Textiles,     8.7100,     8.7100,     8.4000,     8.6100,        963,         17,                8346
VSWS,B,20260805,516106,,Shree Karthik Papers,     7.2000,     7.8000,     6.7000,     7.1700,       5511,         48,               40441
VSWS,B,20260805,516108,,South India Paper,   104.5000,   107.5000,   103.0000,   103.3500,      12539,         57,             1313918
VSWS,B,20260805,516110,,Family Care Hospital,     2.8400,     2.9000,     2.8000,     2.8600,      24011,         82,               68178
VSWS,B,20260805,517015,,Vindhya Telelinks,  2449.9500,  2449.9500,  2330.0000,  2351.4500,       3180,        441,             7517101
VSWS,B,20260805,517035,,RIR Power Electronic,   159.0500,   162.5000,   156.2000,   159.6000,      64592,        820,            10234547
VSWS,B,20260805,517041,,Ador Welding,  1529.8000,  1529.8000,  1478.5000,  1503.8500,       3009,        377,             4508900
VSWS,B,20260805,517059,,Salzer Electronics,   613.9500,   631.1000,   604.0000,   606.7500,       6381,        396,             3945654
VSWS,B,20260805,517063,,Jetking Infotrain,    99.9200,    99.9200,    98.9900,    99.0000,        206,         12,               20439
VSWS,B,20260805,517096,,Aplab,    66.3200,    69.7200,    66.2400,    67.0500,      17079,         95,             1144797
VSWS,B,20260805,517119,,PCS Technology,    19.1000,    19.6100,    19.1000,    19.6000,       1545,         20,               30047
VSWS,B,20260805,517146,,Usha Martin,   509.8000,   522.0000,   508.0000,   519.9000,      47498,       1745,            24477774
VSWS,B,20260805,517166,,SPEL Semiconductor,   153.6000,   156.5000,   152.8000,   153.2500,      30069,        771,             4633150
VSWS,B,20260805,517168,,Subros,   839.1000,   844.8000,   825.0500,   830.2500,       3691,        251,             3080840
VSWS,B,20260805,517170,,Edvenswa Enterprises,    21.7500,    23.4500,    21.7000,    22.7000,      15448,         77,              340807
VSWS,B,20260805,517172,,Pervasive Commoditie,     5.7300,     5.7300,     5.7300,     5.7300,        121,          1,                 693
VSWS,B,20260805,517174,,Honeywell Automation, 38499.9000, 38544.4500, 38154.4000, 38409.1500,         75,         53,             2877085
VSWS,B,20260805,517201,,Switching Technolo,   118.3000,   118.3000,   118.1500,   118.1500,        691,          9,               81734
VSWS,B,20260805,517206,,Lumax Industries,  5750.0000,  5880.0000,  5750.0000,  5795.5000,       2094,        347,            12154958
VSWS,B,20260805,517214,,DiGiSPICE Technologi,    17.0000,    17.2500,    16.8100,    17.0000,      12376,         37,              211116
VSWS,B,20260805,517236,,Calcom Vision,    82.0000,    82.0000,    78.0000,    78.1400,       4391,         37,              348181
VSWS,B,20260805,517238,,Dynavision,   210.1000,   210.1000,   210.0000,   210.0000,        272,          4,               57132
VSWS,B,20260805,517246,,BCC Fuba India,   192.7500,   192.7500,   183.5000,   184.2500,      12347,        164,             2302149
VSWS,B,20260805,517258,,Precision Electronic,   201.1000,   211.1500,   201.1000,   202.8000,       1325,         32,              276970
VSWS,B,20260805,517264,,Fine Line Circuits,    73.5000,    73.5000,    68.6000,    71.2000,       2205,         35,              155438
VSWS,B,20260805,517271,,HBL Engineering,   737.6000,   744.2000,   729.0000,   735.5000,      27405,       1125,            20175289
VSWS,B,20260805,517273,,S&S Power Switchgear,   336.0000,   336.0000,   321.7000,   328.8500,          2,          2,                 657
VSWS,B,20260805,517286,,RNIT AI Solutions,    73.0000,    74.5500,    72.3000,    74.5500,     211149,        543,            15675992
VSWS,B,20260805,517288,,Gujarat Poly Electro,    69.1000,    73.3000,    69.1000,    69.8300,        395,         18,               27705
VSWS,B,20260805,517300,,Gujarat Ind Power,   163.0000,   163.9000,   159.5000,   160.7500,      12824,        345,             2073490
VSWS,B,20260805,517320,,Magnus Steel & Infra,    48.9500,    50.0000,    48.9500,    48.9500,      53488,        365,             2620449
VSWS,B,20260805,517334,,Samvardhana Motherso,   152.2000,   156.3000,   151.0000,   154.3500,     820509,       9525,           126493487
VSWS,B,20260805,517336,,Modern Malleables,    43.5500,    43.5500,    42.9600,    42.9600,       2100,          9,               90442
VSWS,B,20260805,517344,,Mindteck (India),   196.6000,   197.0000,   191.0000,   192.0500,      12098,        217,             2360030
VSWS,B,20260805,517354,,Havells India,  1295.0000,  1295.0000,  1282.0000,  1282.0000,      23435,       2370,            30172464
VSWS,B,20260805,517356,,ACI Infocom,     1.4700,     1.5400,     1.4700,     1.5400,     173093,        106,              265500
VSWS,B,20260805,517360,,SBEC Systems,    20.7200,    21.8500,    20.0000,    20.0000,       1026,         11,               21024
VSWS,B,20260805,517370,,Incap,    89.0000,    89.0000,    89.0000,    89.0000,        151,          5,               13439
VSWS,B,20260805,517372,,Gujarat Intrux,   428.0000,   428.0000,   425.0000,   427.5000,       1084,         55,              462882
VSWS,B,20260805,517380,,Igarashi Motors Indi,   466.2500,   467.0000,   459.0000,   460.7500,       2362,        150,             1091029
VSWS,B,20260805,517385,,Symphony,   681.0000,   681.9000,   642.1500,   645.3500,      19711,       1661,            12926702
VSWS,B,20260805,517393,,Reganto Enterprises,     6.9200,     6.9800,     6.5600,     6.5800,     113940,        280,              765102
VSWS,B,20260805,517397,,Pan Electronics,    27.0000,    27.0000,    26.5000,    26.8900,        599,         17,               16110
VSWS,B,20260805,517399,,VXL Instruments,     4.2000,     4.2000,     3.8000,     4.0800,       1837,         23,                7335
VSWS,B,20260805,517411,,Shyam Telecom,    16.5000,    16.5000,    15.5900,    15.9000,       2063,         18,               32197
VSWS,B,20260805,517415,,Lee & Nee Softwares,     7.3000,     7.5000,     7.1300,     7.3900,      14206,         84,              104190
VSWS,B,20260805,517417,,Patels Airtemp,   335.0000,   336.0000,   325.0000,   331.7500,       4322,        171,             1431381
VSWS,B,20260805,517421,,Butterfly Gandhimath,   674.8500,   674.8500,   658.0000,   668.0000,       1595,        154,             1059265
VSWS,B,20260805,517429,,Athena Global Techno,    60.9800,    60.9800,    58.0100,    59.4900,        666,          9,               38671
VSWS,B,20260805,517431,,Narmada Macplast,    20.5000,    20.5000,    20.0000,    20.0400,      15129,         33,              303533
VSWS,B,20260805,517447,,RS Software (India),    31.0200,    31.0200,    29.7000,    30.0000,      27898,         75,              852614
VSWS,B,20260805,517449,,Magna Electro Cast,  1176.0000,  1190.0000,  1176.0000,  1184.8500,        506,         21,              598124
VSWS,B,20260805,517467,,Marsons,   109.1000,   111.4500,   107.4500,   107.9000,      79431,        611,             8668811
VSWS,B,20260805,517477,,Elnet Technologies,   334.9000,   334.9000,   319.1000,   319.4500,        821,         23,              265819
VSWS,B,20260805,517494,,Accel,    12.7500,    12.7900,    12.3700,    12.7100,       5122,         38,               65041
VSWS,B,20260805,517498,,Websol Energy Sys,    97.6500,    97.6500,    95.2000,    95.4400,     155410,       1451,            14897018
VSWS,B,20260805,517500,,Roto Pumps,    66.9000,    67.3200,    65.9500,    66.0400,      17732,        258,             1178687
VSWS,B,20260805,517506,,TTK Prestige,   639.8500,   639.8500,   620.0000,   627.7000,       4837,        486,             3030176
VSWS,B,20260805,517514,,D&H India,   190.1000,   190.1000,   181.6500,   181.6500,      26252,        382,             4796097
VSWS,B,20260805,517522,,Rajratan Global Wire,   546.8500,   563.8000,   534.0000,   536.3500,      24976,       1072,            13735549
VSWS,B,20260805,517530,,Surana Tele & Power,    20.4500,    20.4500,    17.9100,    17.9900,       4515,         47,               81862
VSWS,B,20260805,517536,,Onward Technologies,   289.7000,   289.9500,   280.0500,   280.8500,       7578,        205,             2152072
VSWS,B,20260805,517544,,Centum Electronics,  3700.0000,  3842.9000,  3700.0000,  3786.5500,       3281,        603,            12473675
VSWS,B,20260805,517546,,Alfa Transformers,    38.8800,    39.4500,    37.5300,    38.7100,       7645,         69,              291468
VSWS,B,20260805,517554,,NHC Foods,     1.0800,     1.0800,     1.0100,     1.0400,    1540415,        562,             1591829
VSWS,B,20260805,517556,,PVP Ventures,    27.6800,    28.1200,    27.5000,    28.0200,      29339,        104,              819040
VSWS,B,20260805,517562,,Trigyn Technologies,    54.4100,    55.0100,    53.0000,    53.9300,       3356,         88,              180537
VSWS,B,20260805,517569,,KEI Industries,  5507.9500,  5598.0000,  5444.8000,  5485.0000,      37239,       5875,           206079885
VSWS,B,20260805,518011,,Keerthi Industries,    41.0000,    41.0000,    41.0000,    41.0000,         10,          2,                 410
VSWS,B,20260805,518053,,Sri Chakra Cement,    35.7500,    35.7800,    35.0000,    35.0000,        842,         17,               29519
VSWS,B,20260805,518075,,Suraj Products,   226.2500,   226.2500,   219.0500,   220.0000,       1312,         39,              289953
VSWS,B,20260805,518091,,Anjani Portland,   101.3000,   108.5500,   101.3000,   107.2000,        507,         47,               52973
VSWS,B,20260805,519003,,Modi Naturals,   414.8000,   414.8000,   390.0000,   398.5000,        465,         12,              185536
VSWS,B,20260805,519031,,Shah Foods,   388.8000,   388.8000,   388.8000,   388.8000,        300,          1,              116640
VSWS,B,20260805,519064,,Khandelwal Extr,   123.9500,   125.0000,   123.9500,   125.0000,          6,          2,                 744
VSWS,B,20260805,519091,,Tasty Bite Eatables,  9471.0000,  9471.0000,  9267.5000,  9289.6000,         28,         18,              263217
VSWS,B,20260805,519097,,Ritesh International,    81.1000,    85.0000,    80.0000,    80.6600,       5640,         41,              461934
VSWS,B,20260805,519105,,AVT Natural Products,    70.9000,    71.3800,    70.5500,    70.9600,       1263,         31,               89649
VSWS,B,20260805,519126,,Hindustan Foods,   573.9500,   579.2500,   551.9000,   577.4500,      13726,       1224,             7751335
VSWS,B,20260805,519136,,Nahar Industrial,   121.8500,   123.6000,   116.2000,   118.2000,       4096,         95,              487286
VSWS,B,20260805,519152,,Vadilal Enterprises,  9950.0000, 10000.0000,  9950.0000,  9992.5500,        163,         23,             1626200
VSWS,B,20260805,519156,,Vadilal Industries,  7399.9000,  7399.9000,  7155.2000,  7205.6000,        437,        128,             3180036
VSWS,B,20260805,519174,,Ashiana Agro Ind,    12.5000,    12.5000,    12.2500,    12.2500,        263,          5,                3284
VSWS,B,20260805,519183,,ADF Foods,   271.4000,   273.7000,   268.2000,   269.4000,       6038,        308,             1631877
VSWS,B,20260805,519191,,Retro Green Revoluti,     1.4900,     1.4900,     1.3900,     1.4500,      10333,         43,               14815
VSWS,B,20260805,519214,,Williamson Financial,     7.2200,     7.2200,     7.2200,     7.2200,       1028,          4,                7422
VSWS,B,20260805,519216,,Ajanta Soya,    21.5600,    22.7000,    21.4200,    22.3200,      56178,        198,             1230900
VSWS,B,20260805,519230,,Kisaan Parivar Indus,    11.9000,    11.9000,    11.4500,    11.4900,       3791,         39,               43779
VSWS,B,20260805,519234,,Superior Industrial,    29.0000,    30.9000,    28.3000,    29.3800,        306,         19,                8882
VSWS,B,20260805,519238,,Saptarishi Agro Ind,    23.7300,    23.7300,    23.0000,    23.6900,         84,          7,                1985
VSWS,B,20260805,519260,,Sanwaria Consumer,     0.4900,     0.4900,     0.4900,     0.4900,       4552,          6,                2230
VSWS,B,20260805,519262,,Prima Agro,    15.2800,    15.2800,    15.1100,    15.1100,        318,          4,                4822
VSWS,B,20260805,519285,,Tarai Foods,     4.0000,     4.0000,     4.0000,     4.0000,        150,          1,                 600
VSWS,B,20260805,519287,,Modern Dairies,    29.4900,    30.2000,    28.4500,    28.7200,      19063,        157,              547543
VSWS,B,20260805,519295,,Bambino Agro Ind,   210.5000,   222.7500,   208.0500,   218.7000,       1240,         30,              265882
VSWS,B,20260805,519299,,Prime Industries,    40.1500,    40.1500,    39.5000,    39.9900,        168,         12,                6717
VSWS,B,20260805,519307,,Vikas WSP,     0.9300,     1.0000,     0.9300,     0.9300,     179380,         95,              167941
VSWS,B,20260805,519331,,VSF Projects,    35.9400,    35.9400,    33.5000,    34.8000,         79,         11,                2732
VSWS,B,20260805,519359,,Poona Dal & Oil Ind,    63.7300,    63.7300,    63.6000,    63.6000,        102,          3,                6500
VSWS,B,20260805,519367,,Transglobe Foods,   457.0000,   474.9500,   457.0000,   474.9500,         18,          6,                8315
VSWS,B,20260805,519397,,Sharat Industries,   160.9500,   160.9500,   159.0000,   160.1000,      39672,        149,             6344216
VSWS,B,20260805,519413,,Datiware Maritime In,    52.2000,    52.2000,    52.2000,    52.2000,        300,          3,               15660
VSWS,B,20260805,519421,,K S E,   205.0000,   206.0000,   203.0000,   205.9500,      20525,        337,             4212308
VSWS,B,20260805,519457,,Virat Crane Ind,    35.9400,    35.9400,    33.0000,    33.0900,       9607,         89,              321317
VSWS,B,20260805,519463,,IB Infotech Enter,    43.3600,    43.3700,    43.0000,    43.3500,       2284,         40,               99040
VSWS,B,20260805,519471,,Ambar Protein Indust,   208.5000,   211.0000,   200.0000,   211.0000,        569,         13,              115258
VSWS,B,20260805,519475,,Chordia Food Product,    68.7100,    68.7100,    68.7100,    68.7100,         10,          1,                 687
VSWS,B,20260805,519477,,CIAN Agro Ind & Infr,  1385.0500,  1424.0000,  1381.0000,  1383.2000,      32793,       1837,            45654843
VSWS,B,20260805,519479,,Omega Ag Seeds,     8.9300,     9.3500,     8.9300,     9.3500,        457,          6,                4270
VSWS,B,20260805,519483,,TAI Industries,    29.4000,    29.4000,    29.0000,    29.4000,       7716,         15,              226700
VSWS,B,20260805,519500,,BKV Industries,     9.1000,     9.4800,     9.0300,     9.0300,       1225,         24,               11186
VSWS,B,20260805,519528,,Norben Tea & Exports,    67.5000,    67.5000,    64.3100,    64.3100,         24,          2,                1553
VSWS,B,20260805,519532,,Asian Tea & Exports,     8.9800,     9.2400,     8.9800,     9.2100,       3395,         41,               30679
VSWS,B,20260805,519552,,Heritage Foods,   336.0000,   341.3000,   336.0000,   338.4500,      12351,        298,             4186360
VSWS,B,20260805,519566,,Simran Farms,   155.0000,   160.0000,   152.6500,   153.3000,       1471,         29,              227939
VSWS,B,20260805,519574,,Hindustan Agrigen,    39.0000,    39.0000,    36.0000,    38.7800,       5604,         23,              213495
VSWS,B,20260805,519600,,CCL Products India,  1126.0000,  1148.0000,  1121.0000,  1138.6000,       8158,        635,             9260827
VSWS,B,20260805,519602,,Kellton Tech Solu,    14.1800,    14.3900,    14.1200,    14.2000,      80281,        404,             1141300
VSWS,B,20260805,519606,,Integrated Proteins,   147.4000,   149.0000,   140.0500,   143.7500,       2517,         42,              356885
VSWS,B,20260805,519612,,Lake Shore Realty,    83.4900,    83.4900,    81.0000,    83.4000,        468,         19,               38352
VSWS,B,20260805,520008,,RICO Auto Industries,   145.3000,   157.9000,   144.7000,   155.6500,     509822,       4458,            78276682
VSWS,B,20260805,520021,,Omax Autos,   181.9000,   193.3500,   175.5000,   192.2500,       9958,        132,             1880628
VSWS,B,20260805,520043,,Munjal Showa,   141.9000,   141.9000,   136.9500,   137.1500,       5457,         82,              755689
VSWS,B,20260805,520051,,Jamna Auto Ind,   143.5500,   144.6500,   142.0000,   143.3500,     149392,       1872,            21421603
VSWS,B,20260805,520056,,TVS Holdings, 14837.1000, 15063.7500, 14751.0000, 14799.4500,        678,        205,            10081454
VSWS,B,20260805,520057,,JTEKT India,   140.2000,   142.4000,   140.1000,   141.1500,      10485,        228,             1478049
VSWS,B,20260805,520059,,Munjal Auto Ind,   105.0000,   105.9500,   104.0000,   104.1000,      21732,        117,             2283140
VSWS,B,20260805,520066,,Jay Bharat Maruti,   154.4000,   154.4000,   154.4000,   154.4000,       3544,        104,              547193
VSWS,B,20260805,520073,,RACL Geartech,  1354.0000,  1403.0000,  1350.6500,  1393.1500,       2663,        236,             3689889
VSWS,B,20260805,520075,,Samkrg Pistons,   119.6500,   120.0000,   118.5500,   119.5000,       1229,         12,              146703
VSWS,B,20260805,520081,,East Coast Steel,    18.8600,    18.8600,    18.8600,    18.8600,        100,          1,                1886
VSWS,B,20260805,520086,,Sical Logistics,    96.0000,   102.0000,    95.4500,    99.2500,      39133,        151,             3771350
VSWS,B,20260805,520111,,Ratnamani Metals,  2398.9500,  2420.0000,  2372.5000,  2386.2000,      24602,        360,            58855667
VSWS,B,20260805,520113,,Vesuvius India,   460.0000,   460.0500,   447.8500,   448.8000,       2387,        183,             1079651
VSWS,B,20260805,520119,,Automotive Stampings,   513.0000,   520.9500,   509.1500,   517.0000,       3487,        322,             1791045
VSWS,B,20260805,520123,,ABC India,    65.7200,    67.0000,    65.7200,    67.0000,         24,          2,                1602
VSWS,B,20260805,520131,,Coastal Roadways,    27.8500,    27.8500,    27.8500,    27.8500,        100,          1,                2785
VSWS,B,20260805,520141,,Sibar Auto Parts,     8.0000,     8.2500,     7.5000,     7.7800,       2760,         39,               21960
VSWS,B,20260805,520151,,Transworld Shipping,   160.3000,   160.3000,   159.7500,   159.7500,          9,          4,                1440
VSWS,B,20260805,520155,,Starlog Enterprises,    41.9900,    41.9900,    38.5200,    39.7100,       5868,         46,              231131
VSWS,B,20260805,521005,,Titan Intech,     1.0000,     1.0100,     0.9900,     0.9900,    2621800,        826,             2623709
VSWS,B,20260805,521014,,Eurotex Industries,    14.2300,    14.2300,    14.2300,    14.2300,        118,          2,                1679
VSWS,B,20260805,521016,,Indo Count Ind,   420.2000,   427.4500,   413.5500,   419.0500,      24389,        632,            10283668
VSWS,B,20260805,521018,,Maral Overseas,    53.5500,    55.7000,    53.5500,    53.9000,        885,         14,               47923
VSWS,B,20260805,521034,,Soma Textiles,    96.0300,    98.4100,    95.5300,    97.5900,        817,         19,               79709
VSWS,B,20260805,521036,,Source Industries (I,    31.9900,    31.9900,    31.9900,    31.9900,        740,          7,               23672
VSWS,B,20260805,521048,,Advance Lifestyles,    31.0000,    31.0000,    29.9000,    29.9000,        462,          8,               14296
VSWS,B,20260805,521054,,Kakatiya Textiles,     9.5800,     9.5800,     9.1100,     9.1100,          2,          2,                  18
VSWS,B,20260805,521062,,Perfect-Octave Media,     3.7000,     3.7000,     3.4000,     3.6500,       3942,         16,               14284
VSWS,B,20260805,521064,,Trident,    25.0800,    25.1800,    24.8500,    24.9000,     309961,       1143,             7749242
VSWS,B,20260805,521068,,Hisar Spinning Mills,    44.8400,    44.8400,    44.8400,    44.8400,        100,          1,                4484
VSWS,B,20260805,521070,,Alok Industries,    12.0200,    12.1000,    11.9400,    11.9500,     288558,        815,             3460149
VSWS,B,20260805,521080,,Pasari Spinning Mill,     7.3000,     7.3000,     6.1500,     6.1500,        834,         15,                5631
VSWS,B,20260805,521082,,CLC Industries,    22.5100,    22.5100,    22.5100,    22.5100,        794,          3,               17872
VSWS,B,20260805,521097,,Amarjothi Spinning,   174.0000,   174.0000,   165.0000,   165.9500,       2495,         39,              414336
VSWS,B,20260805,521105,,Olympia Industries,    29.9500,    29.9500,    28.5000,    28.6300,        738,         16,               21796
VSWS,B,20260805,521109,,Nagreeka Exports,    21.1100,    23.0000,    21.1100,    22.8800,        727,         24,               16007
VSWS,B,20260805,521113,,Suditi Industries,    81.2000,    81.2800,    77.0500,    78.9800,      11407,         58,              916199
VSWS,B,20260805,521131,,Shree Bhavya Fabrics,    23.0500,    23.9700,    23.0000,    23.6400,        846,         12,               19545
VSWS,B,20260805,521137,,Eureka Industries,     6.3900,     6.3900,     6.3900,     6.3900,      28401,         40,              181482
VSWS,B,20260805,521141,,Aditya Spinners,    16.7500,    16.7500,    16.1500,    16.5000,        832,         13,               13451
VSWS,B,20260805,521149,,Prime Urban Develop,     8.5800,     9.2400,     8.0000,     8.8800,       2670,         46,               23247
VSWS,B,20260805,521163,,Zodiac Clothing Co,    79.9900,    79.9900,    77.9900,    77.9900,        221,          7,               17303
VSWS,B,20260805,521178,,Sri Ramkrishna Mills,    57.4900,    57.4900,    55.9500,    56.0000,        262,          7,               14673
VSWS,B,20260805,521180,,Super Spinning Mills,     5.5000,     5.5000,     5.5000,     5.5000,          1,          1,                   5
VSWS,B,20260805,521194,,SIL Investments,   431.6000,   431.6000,   431.6000,   431.6000,         25,          2,               10790
VSWS,B,20260805,521200,,Suryalakshmi Cotton,    61.9900,    61.9900,    59.0000,    59.0000,        165,          3,                9779
VSWS,B,20260805,521206,,Samtex Fashions,     1.5300,     1.5300,     1.4400,     1.5000,       8147,         31,               11962
VSWS,B,20260805,521216,,Dhanlaxmi Roto Spin,    76.0000,    76.0000,    75.4800,    75.4800,         83,          8,                6271
VSWS,B,20260805,521226,,Uniroyal Industries,    19.5000,    20.0000,    19.4000,    19.5000,        788,          8,               15317
VSWS,B,20260805,521228,,Tatia Global Venture,     2.3000,     2.3300,     2.2500,     2.2700,      40987,        112,               93237
VSWS,B,20260805,521232,,Sunil Industries,    75.0700,    75.0700,    75.0700,    75.0700,        300,          3,               22521
VSWS,B,20260805,521234,,Sri Nachammai Cotton,    27.4000,    27.5100,    27.3900,    27.4200,       1010,          9,               27696
VSWS,B,20260805,521238,,Bharat Global Develo,    88.4000,    90.1200,    86.0100,    88.1300,      13662,        404,             1202385
VSWS,B,20260805,521240,,Sambandam Spinning,   105.0000,   105.0000,   105.0000,   105.0000,        250,          1,               26250
VSWS,B,20260805,521244,,MKP Mobility,   149.0000,   149.0000,   134.9000,   145.0000,        144,         19,               19635
VSWS,B,20260805,521246,,Paras Petrofils,     2.5900,     2.6200,     2.5300,     2.6200,     113091,         85,              295713
VSWS,B,20260805,521248,,Kitex Garments,   146.6500,   147.8500,   144.8000,   145.1000,      22385,        263,             3274774
VSWS,B,20260805,522001,,Cranex,    95.2500,    98.0000,    91.6200,    94.6700,       9343,         99,              869579
VSWS,B,20260805,522004,,Batliboi,    83.0100,    95.0000,    83.0100,    94.0500,      52821,        936,             4837878
VSWS,B,20260805,522005,,Austin Engg,   144.7000,   144.7000,   138.0500,   140.9500,       1593,         76,              226869
VSWS,B,20260805,522014,,United Drilling Tool,   247.1000,   247.1000,   236.2000,   240.0000,       1970,         36,              477634
VSWS,B,20260805,522017,,Fluidomat,   897.0000,   911.8500,   862.7000,   886.6000,       2618,        214,             2314527
VSWS,B,20260805,522027,,EMA India,   660.4500,   660.4500,   660.4500,   660.4500,        277,         12,              182944
VSWS,B,20260805,522029,,Windsor Machines,   284.2000,   285.0000,   278.2000,   280.5000,       1219,         72,              343464
VSWS,B,20260805,522034,,Shanthi Gears,   412.9500,   421.0000,   409.9500,   415.8500,       1197,        244,              498448
VSWS,B,20260805,522064,,Honda India Power,  2100.0000,  2125.7000,  2083.5000,  2093.4500,        347,         66,              729774
VSWS,B,20260805,522073,,Hi Tech Gears,   598.4000,   598.4000,   542.2000,   589.8500,       1016,         13,              567850
VSWS,B,20260805,522074,,Elgi Equipments,   598.1500,   599.5000,   581.9500,   583.1000,       8623,        616,             5077298
VSWS,B,20260805,522091,,United Van Der Horst,    37.2700,    38.0500,    35.5000,    37.7300,       5095,         95,              186991
VSWS,B,20260805,522101,,Kilburn Engineering,   425.0000,   425.0000,   391.0000,   394.9500,      27906,        963,            11142898
VSWS,B,20260805,522105,,Birla Precision Tech,    34.9400,    35.6000,    34.4000,    34.7100,       5487,         51,              190921
VSWS,B,20260805,522108,,Yuken India,   720.0000,   767.8500,   720.0000,   756.6500,      50850,        117,            36642679
VSWS,B,20260805,522113,,Timken India,  3285.9500,  3330.5500,  3120.0000,  3305.8500,       4604,        769,            14984511
VSWS,B,20260805,522122,,Voith Paper Fabrics,  1448.9500,  1483.9000,  1448.9500,  1479.7500,        209,         28,              309144
VSWS,B,20260805,522134,,Artson,   150.1000,   153.0000,   145.6000,   146.3000,       6718,        143,             1002088
VSWS,B,20260805,522152,,Solitaire Machine,   101.0000,   104.4500,    99.0000,   103.3000,       8710,         80,              895755
VSWS,B,20260805,522163,,Diamond Power Infra,   315.0000,   332.5000,   310.0000,   332.4500,     118592,       3020,            38685766
VSWS,B,20260805,522165,,Indsil Hydro Power &,    40.7000,    40.7000,    39.5300,    40.2300,       6568,         47,              263682
VSWS,B,20260805,522183,,ITL Industries,   306.0000,   316.2000,   306.0000,   314.6000,       1730,         57,              542107
VSWS,B,20260805,522195,,Frontier Springs,  1399.8500,  1432.0000,  1360.0000,  1400.1000,       5020,        523,             6971859
VSWS,B,20260805,522205,,Praj Industries,   320.4000,   321.9000,   316.1000,   317.9500,      29145,       1049,             9283080
VSWS,B,20260805,522207,,Rasandik Engg,    64.0800,    64.0800,    64.0800,    64.0800,         26,          8,                1666
VSWS,B,20260805,522209,,Yogi Infra Projects,     6.8600,     7.2800,     6.7000,     6.9900,        357,         12,                2450
VSWS,B,20260805,522215,,HLE Glascoat,   429.5500,   431.2000,   422.3000,   427.8500,      10894,        575,             4654118
VSWS,B,20260805,522217,,Gujarat Apollo Ind,   364.3500,   369.7000,   364.3500,   365.3500,        332,         14,              122033
VSWS,B,20260805,522229,,Taneja Aerospace,   300.0500,   342.0000,   297.0000,   312.6500,     197804,       2515,            63257200
VSWS,B,20260805,522231,,Conart Engineers,    86.4400,    88.0000,    85.5700,    87.1700,       1846,         26,              161483
VSWS,B,20260805,522235,,Minal Industries,     2.0600,     2.1400,     2.0600,     2.0600,       4543,         61,                9543
VSWS,B,20260805,522237,,Shivagrico Implement,    26.3500,    26.3500,    25.9700,    25.9900,         14,          4,                 365
VSWS,B,20260805,522241,,M M Forgings,   551.5500,   574.9000,   551.5500,   571.0000,       2948,        302,             1670493
VSWS,B,20260805,522249,,Mayur Uniquoters,   774.7500,   800.0000,   764.0500,   768.2000,       6109,        602,             4752413
VSWS,B,20260805,522251,,Cenlub Industries,   204.9000,   204.9000,   197.0500,   202.8000,       5354,         86,             1074967
VSWS,B,20260805,522257,,Rajoo Engineers,    51.1000,    52.3900,    50.3600,    51.1600,      14628,        147,              751852
VSWS,B,20260805,522261,,Dolphin Offshore Ent,   403.9500,   412.7500,   400.2000,   405.1000,        460,         48,              187796
VSWS,B,20260805,522267,,Veejay Lakshmi Engg,    40.0000,    40.0000,    40.0000,    40.0000,          2,          2,                  80
VSWS,B,20260805,522273,,Ahmedabad Steelcraft,   174.9000,   174.9000,   160.0000,   163.7500,       1301,         64,              214723
VSWS,B,20260805,522275,,GE Vernova T&D India,  4399.5000,  4408.0000,  4316.0000,  4372.0000,      32531,       4678,           142251135
VSWS,B,20260805,522281,,Ram Ratna Wires,   430.0000,   449.7000,   430.0000,   436.4500,      12020,        431,             5280531
VSWS,B,20260805,522285,,Jayaswals Neco Ind,    87.9800,    92.6000,    87.7000,    91.8400,     333500,       1649,            30263481
VSWS,B,20260805,522287,,Kalpataru Projects I,  1275.6000,  1289.1000,  1275.6000,  1284.1000,       4418,        369,             5667474
VSWS,B,20260805,522289,,NMS Global,    58.4000,    58.4000,    55.0200,    55.0200,       9371,         99,              523529
VSWS,B,20260805,522292,,Candour Techtex,    79.9900,    79.9900,    76.0000,    77.7400,      11534,         83,              887139
VSWS,B,20260805,522294,,T & I Global,   166.7000,   174.0000,   166.7000,   169.9000,        229,          4,               38695
VSWS,B,20260805,522295,,Control Print,   572.6000,   583.1000,   570.0000,   572.9500,       1116,         78,              638738
VSWS,B,20260805,522650,,Bemco Hydraulics,   108.0000,   117.7500,   106.8500,   116.0000,      74265,        561,             8413874
VSWS,B,20260805,523007,,Ansal Buildwell,    76.0000,    77.0000,    75.0000,    75.8700,       2690,         20,              203385
VSWS,B,20260805,523019,,BN Rathi Securities,    20.3000,    21.5000,    19.9900,    21.4200,     324958,        878,             6823448
VSWS,B,20260805,523021,,Rishi Techtex,    40.6000,    40.6000,    38.6100,    39.3900,        314,          7,               12383
VSWS,B,20260805,523023,,Sinclairs Hotels,    73.6500,    75.0000,    73.1200,    75.0000,       1700,         49,              126018
VSWS,B,20260805,523025,,Safari Industries,  1519.4500,  1531.1000,  1482.9000,  1500.6000,       3877,        366,             5838456
VSWS,B,20260805,523062,,JJ Finance Corpn,    55.7700,    55.7700,    55.7700,    55.7700,         50,          1,                2788
VSWS,B,20260805,523100,,Cosmo Ferrites,   202.8500,   218.1500,   202.8500,   218.0000,       5120,         57,             1096400
VSWS,B,20260805,523105,,Cropster Agro,     4.6100,     4.6100,     4.6100,     4.6100,    2321465,       1736,            10701953
VSWS,B,20260805,523116,,Sanco Trans,   711.0000,   711.0000,   690.0000,   693.0000,          7,          4,                4851
VSWS,B,20260805,523120,,Thrive Future Habita,    85.6000,    85.6000,    83.0000,    85.0000,        469,         12,               39919
VSWS,B,20260805,523127,,EIH Associated Hotel,   319.7000,   319.7000,   304.2000,   312.6500,       5129,        230,             1579154
VSWS,B,20260805,523144,,Medi Caps,    27.3400,    27.3500,    26.1500,    26.7500,       6191,         43,              165950
VSWS,B,20260805,523151,,Otco International,    10.2500,    10.7600,    10.2500,    10.7600,        826,          3,                8479
VSWS,B,20260805,523160,,Foseco Crucible (I),  1540.0000,  1540.0000,  1492.0500,  1504.4000,      14183,        368,            21450095
VSWS,B,20260805,523186,,B&A Packaging India,   185.0000,   206.0000,   162.6500,   202.0500,       1917,         60,              367591
VSWS,B,20260805,523204,,Aban Offshore,    18.0000,    18.1800,    16.5200,    18.1800,      21378,         67,              380239
VSWS,B,20260805,523207,,Kokuyo Camlin,    88.5000,    88.5000,    86.3400,    88.1300,       3264,        100,              284705
VSWS,B,20260805,523222,,SRM Energy,    20.1500,    22.2700,    20.1500,    21.9900,      10652,         37,              223969
VSWS,B,20260805,523229,,Bharat Seats,   233.2500,   233.2500,   225.1000,   226.2500,      24608,        579,             5602080
VSWS,B,20260805,523232,,Continental Petro,    84.2500,    84.2500,    76.6000,    78.0200,       2009,         19,              159950
VSWS,B,20260805,523242,,NB Footwear,     6.3300,     6.5200,     5.9000,     6.4100,      95300,         83,              564408
VSWS,B,20260805,523248,,Machino Plastics,   265.0000,   273.6500,   265.0000,   269.3500,        779,         23,              207701
VSWS,B,20260805,523260,,Pearl Polymers,    16.5700,    16.9000,    16.5600,    16.9000,       1225,         12,               20414
VSWS,B,20260805,523261,,Venky's (India),  1591.2000,  1613.4000,  1563.0000,  1584.4000,       1554,        198,             2474624
VSWS,B,20260805,523269,,Advani Hotels,    52.0000,    52.6900,    50.0000,    50.7400,       4083,        126,              208404
VSWS,B,20260805,523277,,GV Films,     0.3000,     0.3000,     0.3000,     0.3000,    2601193,        222,              780357
VSWS,B,20260805,523283,,Superhouse,   158.0000,   162.6000,   158.0000,   158.4500,        340,         33,               54454
VSWS,B,20260805,523289,,Rama Vision,   139.9500,   139.9500,   133.0500,   133.6000,       1022,         28,              137766
VSWS,B,20260805,523301,,TCPL Packaging,  3210.0000,  3225.1000,  3160.0000,  3165.2000,         60,         27,              192096
VSWS,B,20260805,523309,,Shri Gang Ind & Alli,    65.3900,    67.5500,    65.3900,    66.1000,      16587,        175,             1105320
VSWS,B,20260805,523319,,Balmer Lawrie & Co,   174.4500,   176.4500,   174.4500,   175.6000,       8805,        166,             1544370
VSWS,B,20260805,523323,,Kovai Medical,  5871.1000,  5968.8500,  5816.2000,  5910.0500,        690,        247,             4079713
VSWS,B,20260805,523367,,DCM Shriram,  1029.0000,  1043.9500,  1008.0000,  1009.5000,       6977,        473,             7131337
VSWS,B,20260805,523369,,DCM Shriram Ind,    44.8600,    44.8600,    43.0900,    43.9200,       7856,        183,              344535
VSWS,B,20260805,523371,,Mawana Sugars,   123.8000,   123.8000,   117.1000,   117.8500,      73965,        293,             9064675
VSWS,B,20260805,523373,,Mini Diamonds,     5.3000,     5.3300,     5.1900,     5.2100,     243218,        333,             1274422
VSWS,B,20260805,523384,,Maha Rashtra Apex,    45.9000,    45.9000,    45.9000,    45.9000,          1,          1,                  45
VSWS,B,20260805,523385,,Nilkamal,  1733.9000,  1814.4000,  1700.7500,  1789.6000,       4720,        772,             8367683
VSWS,B,20260805,523387,,Homre,     2.0100,     2.0100,     2.0100,     2.0100,     257203,         56,              516978
VSWS,B,20260805,523391,,Nahar Poly Films,   280.4500,   280.7000,   273.0000,   273.4000,       1224,         51,              342051
VSWS,B,20260805,523395,,3M India, 35900.0000, 36290.0000, 35642.0500, 35782.1500,        317,        157,            11392571
VSWS,B,20260805,523398,,Bosch Home Comfort I,  1440.0000,  1546.8500,  1440.0000,  1521.1000,       8815,        831,            13135822
VSWS,B,20260805,523405,,J M Financial,   125.0000,   131.7000,   124.5000,   126.1000,    1090614,       6526,           140281000
VSWS,B,20260805,523411,,ADC India Communicat,  2125.0000,  2132.7000,  2072.1000,  2086.9000,       1437,        202,             2998768
VSWS,B,20260805,523419,,Tamilnadu Telecomm,     9.1600,     9.3000,     8.8500,     8.9000,       1512,         16,               13456
VSWS,B,20260805,523445,,Reliance Indl Infra,   754.9000,   754.9000,   746.1500,   749.7000,       2374,        143,             1780656
VSWS,B,20260805,523457,,Linde India,  7213.0000,  7231.1500,  7067.6000,  7081.0500,       1756,        525,            12507252
VSWS,B,20260805,523465,,Ind Bank Housing,    52.9800,    52.9800,    51.0000,    51.1800,        278,         16,               14437
VSWS,B,20260805,523467,,Jai Mata Glass,     3.3000,     3.3100,     3.3000,     3.3100,     216490,        102,              716569
VSWS,B,20260805,523475,,Lotus Chocolate,   650.0500,   656.0000,   647.1000,   648.5000,       1428,        136,              928953
VSWS,B,20260805,523483,,Pacific Industries,   135.6000,   138.3500,   128.1000,   138.3500,         21,          5,                2853
VSWS,B,20260805,523489,,Chennai Meenakshi,    39.2000,    39.2000,    38.2200,    38.2200,        241,         12,                9423
VSWS,B,20260805,523519,,Universal Office,     6.1000,     6.1000,     5.8400,     5.8600,         27,          5,                 158
VSWS,B,20260805,523537,,APM Industries,    48.7000,    49.5000,    47.8000,    48.1600,       8162,         56,              393941
VSWS,B,20260805,523539,,Precision Wires (I),   384.6500,   412.5000,   379.1000,   408.5000,      79894,       1883,            31837619
VSWS,B,20260805,523550,,Krypton Industries,    36.0100,    37.0000,    35.5200,    36.2700,       2902,         45,              104885
VSWS,B,20260805,523558,,Swiss Military Consu,    15.0000,    15.1000,    14.5000,    14.6400,      98237,        402,             1448675
VSWS,B,20260805,523566,,Martin Burn,    43.9800,    44.0000,    43.0000,    43.0000,        210,          6,                9129
VSWS,B,20260805,523574,,Future Enterprises,     0.4900,     0.4900,     0.4900,     0.4900,       6051,          6,                2964
VSWS,B,20260805,523586,,Indian Toners,    47.5700,    48.5500,    47.1000,    47.5000,       9922,        173,              472963
VSWS,B,20260805,523594,,Kunststoffe Indus,    21.9500,    22.0500,    19.1000,    21.4400,       7230,        102,              151620
VSWS,B,20260805,523598,,Shipping Corporation,   302.9500,   304.8500,   297.8000,   300.6500,     118409,       2140,            35675934
VSWS,B,20260805,523606,,Sika Interplant Sys,  1119.9000,  1127.6000,  1093.1500,  1107.5500,       6163,        498,             6830858
VSWS,B,20260805,523610,,I T I,   283.2500,   285.0000,   280.2000,   281.4500,      28714,        701,             8120148
VSWS,B,20260805,523618,,Dredging Corp,  1091.8000,  1140.0000,  1076.1500,  1122.7000,      12831,       1123,            14203818
VSWS,B,20260805,523620,,Phaarmasia,    84.0000,    84.0000,    82.8900,    83.2400,        146,          7,               12154
VSWS,B,20260805,523630,,National Fertiliser,    71.9200,    73.0000,    71.9200,    72.2800,      32440,        323,             2349739
VSWS,B,20260805,523638,,IP Rings,   128.6000,   129.2000,   126.1500,   126.9000,       1520,         26,              194102
VSWS,B,20260805,523642,,PI Industries,  2807.7500,  2825.0000,  2785.0000,  2815.0000,      14392,       2836,            40384519
VSWS,B,20260805,523648,,Plastiblends India,   191.9000,   191.9000,   188.5500,   190.6500,       1672,         69,              317051
VSWS,B,20260805,523650,,Yash Innoventures,    37.0000,    37.2000,    34.1000,    37.2000,      89604,        136,             3295604
VSWS,B,20260805,523660,,Waterbase,    43.9500,    43.9500,    42.1500,    42.5200,       7051,        118,              299989
VSWS,B,20260805,523672,,Flex Foods,    45.9000,    45.9000,    42.3500,    43.9900,        703,         24,               30437
VSWS,B,20260805,523676,,Golkunda Diamonds,   271.0500,   277.0000,   266.1000,   272.7500,       3830,        110,             1040519
VSWS,B,20260805,523694,,Apcotex Industries,   636.2000,   643.7500,   622.4000,   628.8500,      11500,        648,             7251204
VSWS,B,20260805,523696,,Fortis Malar Hospita,    51.0000,    51.0000,    49.3000,    49.9900,       5678,        148,              284147
VSWS,B,20260805,523704,,Mastek,  1849.1500,  1864.0500,  1815.0500,  1825.3000,       3948,        489,             7233243
VSWS,B,20260805,523708,,Eimco Elecon,  1874.0000,  1879.7000,  1810.0000,  1813.8000,        430,        131,              793676
VSWS,B,20260805,523716,,Ashiana Housing,   388.0000,   389.2500,   385.0000,   385.1000,       4694,         67,             1813463
VSWS,B,20260805,523722,,Svam Software,     5.6000,     5.6000,     5.2900,     5.4900,      17023,         24,               90259
VSWS,B,20260805,523732,,Ecoboard Industries,    55.0000,    57.9500,    55.0000,    56.9000,       7019,         23,              396970
VSWS,B,20260805,523736,,Dhunseri Ventures,   240.0500,   267.2500,   240.0500,   264.7500,       4485,        120,             1152627
VSWS,B,20260805,523752,,Trans India House Im,     3.7500,     3.8300,     3.6300,     3.7300,      20354,         70,               75608
VSWS,B,20260805,523754,,Mahindra EPC Irrigat,   107.7500,   109.1000,   106.9500,   108.1000,       5050,        112,              546155
VSWS,B,20260805,523782,,Mitshi India,    12.9600,    12.9600,    12.5600,    12.6900,      30045,         92,              381967
VSWS,B,20260805,523792,,Mazda,   227.0000,   230.9500,   226.5000,   226.5000,        473,         10,              108796
VSWS,B,20260805,523796,,Viceroy Hotels,   136.6500,   136.6500,   124.2000,   125.1500,      13358,         99,             1695132
VSWS,B,20260805,523826,,Sovereign Diamonds,    25.1300,    26.0000,    24.8900,    25.9900,       4434,         35,              114611
VSWS,B,20260805,523828,,Menon Bearings,   234.5000,   239.0000,   224.6000,   232.7500,       9586,        189,             2213837
VSWS,B,20260805,523832,,Mukat Pipes,    16.3300,    16.6500,    16.3300,    16.6500,        523,          8,                8707
VSWS,B,20260805,523836,,Gujarat Raffia,    39.5000,    41.9000,    39.5000,    39.8900,        299,         15,               11913
VSWS,B,20260805,523838,,Simplex Infrastructu,   236.1000,   236.1000,   232.1000,   233.9500,        459,         28,              107118
VSWS,B,20260805,523840,,Innovative Tech Pack,    14.2500,    14.5000,    13.6600,    13.8200,       6538,         20,               90359
VSWS,B,20260805,523842,,Super Tannery,     6.8700,     7.5000,     6.6800,     7.2500,      79180,        129,              561423
VSWS,B,20260805,523844,,Constronics Infra,    51.0000,    51.0000,    47.9900,    47.9900,        206,          5,                9902
VSWS,B,20260805,523850,,Axtel Industries,   454.0000,   475.0000,   439.1500,   470.9000,      20967,        318,             9692428
VSWS,B,20260805,523862,,Grand Oak Canyons Di,    40.8500,    40.8500,    37.1000,    39.7800,       5154,         28,              197679
VSWS,B,20260805,523874,,East India Drums & B,   108.1500,   108.5000,   103.1000,   106.0000,       4034,         29,              426747
VSWS,B,20260805,523888,,Megamont,   150.6000,   150.6000,   150.6000,   150.6000,        489,          7,               73643
VSWS,B,20260805,524000,,Poonawalla Fincorp,   470.3000,   487.4000,   470.3000,   479.6500,      82666,       1953,            39680140
VSWS,B,20260805,524019,,Kingfa Science & Tec,  5151.0000,  5203.1000,  5151.0000,  5180.0000,         22,         13,              114115
VSWS,B,20260805,524037,,Rama Phosphates,   127.4500,   127.5000,   124.0000,   124.0500,       2887,        104,              361636
VSWS,B,20260805,524038,,Venlon Enterprises,     4.1900,     4.1900,     3.6000,     3.7400,       2772,         15,               10734
VSWS,B,20260805,524051,,Polyplex Corp,  1118.0000,  1137.9500,  1108.1000,  1116.1000,        609,        102,              680044
VSWS,B,20260805,524075,,Albert David,   693.0000,   693.0000,   693.0000,   693.0000,          1,          1,                 693
VSWS,B,20260805,524080,,Haryana Leather Chem,    62.5000,    64.8400,    61.5000,    64.1600,        777,         10,               48647
VSWS,B,20260805,524091,,Carysil,  1164.2000,  1203.5500,  1164.2000,  1194.9500,       2915,        225,             3469302
VSWS,B,20260805,524109,,Kabra Extrusion Tech,   422.9500,   460.1000,   422.9500,   454.1000,      54656,       1996,            24157273
VSWS,B,20260805,524129,,Vinyl Chemicals,   253.5000,   253.5000,   243.2000,   244.0000,        402,         28,               98630
VSWS,B,20260805,524136,,Pee Cee Cosma Sope,   374.5000,   377.0000,   347.3000,   375.9500,       4392,        156,             1629956
VSWS,B,20260805,524164,,IOL Chemical & Pharm,   155.2000,   164.4500,   155.2000,   163.5500,     170204,       2672,            27276397
VSWS,B,20260805,524174,,Kesar Petroproducts,    17.1500,    17.2600,    16.7100,    16.9900,      34779,        106,              590861
VSWS,B,20260805,524200,,Vinati Organics,  1325.0000,  1331.9000,  1315.0000,  1323.9000,       6297,        676,             8327787
VSWS,B,20260805,524202,,Lactose India,   100.7000,   103.8000,   100.7000,   101.5000,        325,         25,               33099
VSWS,B,20260805,524204,,Teesta Agro Ind,   113.0000,   113.1500,   113.0000,   113.1500,        331,          6,               37451
VSWS,B,20260805,524208,,Aarti Industries,   484.8500,   486.9500,   481.6000,   485.7500,      26138,        503,            12648321
VSWS,B,20260805,524210,,Pentokey Organy,    32.1100,    37.9400,    32.1100,    37.7300,        433,         11,               16153
VSWS,B,20260805,524212,,Wanbury,   276.2000,   283.2000,   266.9000,   278.8000,      48125,        915,            13169586
VSWS,B,20260805,524218,,Resonance Specialtie,   162.0500,   162.0500,   162.0500,   162.0500,      15720,         82,             2547426
VSWS,B,20260805,524226,,Gujarat Amb Exports,   175.9500,   179.7000,   171.5500,   175.0500,     114531,       1641,            20275250
VSWS,B,20260805,524230,,R C F,   127.1500,   128.6500,   127.1500,   127.6500,      39796,        425,             5088045
VSWS,B,20260805,524238,,Gujarat Inject Keral,     8.8500,     9.5300,     8.8500,     9.5300,     370427,        344,             3393156
VSWS,B,20260805,524280,,Kopran,   189.0000,   196.5000,   186.7500,   195.8500,       8041,         86,             1548721
VSWS,B,20260805,524288,,Aimco Pesticides,    48.6000,    49.9900,    48.1100,    48.9900,       5007,         37,              245183
VSWS,B,20260805,524314,,Gujarat Terce Lab,    43.0000,    43.0000,    39.7500,    41.9500,       6439,         44,              267906
VSWS,B,20260805,524322,,Aanjaay Industries,    24.0500,    24.7000,    23.0000,    23.9700,      63477,        179,             1509341
VSWS,B,20260805,524324,,Seya Industries,    12.2700,    12.5100,    12.1100,    12.4400,       1479,         19,               18424
VSWS,B,20260805,524330,,Jayant Agro Organics,   224.8500,   225.4500,   221.4000,   222.0000,        824,         41,              185406
VSWS,B,20260805,524332,,BCL Industries,    37.8400,    37.8400,    36.6000,    36.7700,      50371,        299,             1858295
VSWS,B,20260805,524336,,Shree Hari Chem Expo,   143.9000,   166.5000,   143.9000,   164.2000,      23826,        317,             3756417
VSWS,B,20260805,524342,,Indo Borax & Chem,   408.5500,   418.7000,   399.6500,   412.1000,      11230,        340,             4581565
VSWS,B,20260805,524348,,Aarti Drugs,   414.0000,   415.0000,   409.0000,   412.1500,       9023,        531,             3714322
VSWS,B,20260805,524370,,Bodal Chemicals,    74.8500,    75.9900,    74.0000,    74.9200,      30782,        147,             2305062
VSWS,B,20260805,524372,,Orchid Pharma,  1010.5500,  1036.4500,   985.0000,   990.3000,       6953,        482,             6971869
VSWS,B,20260805,524394,,Vimta Laboratories,   653.2500,   675.0000,   630.0000,   656.8500,      46653,       1893,            30759538
VSWS,B,20260805,524396,,Biofil Chemicals,    32.0100,    32.0100,    32.0100,    32.0100,         10,          1,                 320
VSWS,B,20260805,524400,,Ishita Drugs,    77.5000,    77.5000,    77.0000,    77.0000,       1232,         10,               94866
VSWS,B,20260805,524404,,Marksans Pharma,   271.3500,   271.3500,   265.0500,   270.5000,      47712,       1047,            12825332
VSWS,B,20260805,524408,,Universal Starch,   194.0000,   199.8500,   194.0000,   195.1000,       1772,         30,              346661
VSWS,B,20260805,524412,,Aarey Drugs,    83.8500,    84.0000,    80.5500,    83.9400,       7138,         26,              595743
VSWS,B,20260805,524414,,Norris Medicines,    13.7500,    14.4300,    13.7500,    14.0100,       1226,         14,               17168
VSWS,B,20260805,524434,,Asian Petroproducts,     9.6000,     9.6600,     9.1500,     9.4200,       3798,         14,               35714
VSWS,B,20260805,524440,,Camex,    40.2000,    43.0000,    40.2000,    41.6900,       1035,         19,               42907
VSWS,B,20260805,524444,,Evexia Lifecare,     1.4400,     1.4400,     1.4000,     1.4200,    1847813,        616,             2619751
VSWS,B,20260805,524458,,Indo Euro Indchem,     8.5100,     8.5100,     7.8800,     7.9100,      20973,         21,              165378
VSWS,B,20260805,524470,,Syncom Formulations,    13.4900,    13.6200,    13.2900,    13.3500,     171762,        507,             2306492
VSWS,B,20260805,524480,,Riddhi Siddhi Gluco,   805.0000,   805.0000,   755.0000,   796.6500,      14008,        130,            11185786
VSWS,B,20260805,524488,,SVC Industries,     2.2000,     2.2900,     2.0500,     2.2500,      53359,        103,              116012
VSWS,B,20260805,524494,,Ipca Lab,  1698.8500,  1779.5000,  1682.5000,  1766.8500,      11991,       1591,            20638002
VSWS,B,20260805,524500,,Kilitch Drugs,   191.0000,   194.9500,   187.5500,   193.9500,       1206,         15,              230192
VSWS,B,20260805,524506,,Coral Laboratories,   575.0000,   582.0000,   560.0000,   562.3000,        167,         16,               95131
VSWS,B,20260805,524514,,Tulasee Bio-Ethanol,    41.1800,    41.1800,    41.1800,    41.1800,        300,          2,               12354
VSWS,B,20260805,524516,,Bacil Pharma,    18.7500,    18.7500,    18.7500,    18.7500,      93615,         45,             1755281
VSWS,B,20260805,524518,,Krebs Biochemicals &,    55.4700,    55.4700,    54.2300,    54.2300,         95,          2,                5213
VSWS,B,20260805,524520,,KMC Speciality Hospi,   126.3000,   127.5000,   122.3000,   122.9500,     140766,       2340,            17481630
VSWS,B,20260805,524522,,Laffans Petrochem,    26.5000,    29.5000,    26.5000,    27.8000,        766,         17,               21310
VSWS,B,20260805,524534,,Bhaskar Agrochemical,   114.4500,   118.5000,   113.5000,   117.8500,        463,         30,               54228
VSWS,B,20260805,524542,,Sukhjit Starch & Che,   167.5000,   167.5000,   161.5000,   164.0500,       3014,         16,              494496
VSWS,B,20260805,524548,,Sharma East India Ho,    99.0000,   100.5000,    99.0000,   100.5000,         60,          8,                5952
VSWS,B,20260805,524558,,Neuland Laboratories, 19252.7500, 20100.0000, 19252.7500, 19964.7000,       2844,       1043,            56360534
VSWS,B,20260805,524564,,Gayatri BioOrganics,     7.2000,     7.4700,     7.0700,     7.2100,      14941,         44,              110987
VSWS,B,20260805,524570,,Poddar Pigments,   250.8500,   258.0000,   249.5000,   251.3000,        319,         20,               80444
VSWS,B,20260805,524572,,Pharmaids Pharma,    31.9400,    33.9000,    30.1700,    32.2000,       3715,         53,              119243
VSWS,B,20260805,524576,,Vivid Global Ind,    19.0000,    19.4100,    18.3000,    18.8100,        437,         11,                8218
VSWS,B,20260805,524580,,Priya,    23.1800,    23.1800,    23.1800,    23.1800,         22,          2,                 509
VSWS,B,20260805,524582,,Tirupati Starch,   160.0000,   160.0000,   150.0000,   158.9500,        205,         10,               31779
VSWS,B,20260805,524592,,Jaysynth Orgochem,    13.6500,    14.6000,    13.2700,    13.6100,      55554,        180,              775359
VSWS,B,20260805,524594,,Aeonx Digital Techno,   119.0000,   119.0000,   115.8000,   116.7500,        269,         13,               31696
VSWS,B,20260805,524598,,Aksharchem (India),   264.9500,   266.7000,   256.0000,   266.7000,        223,         18,               58973
VSWS,B,20260805,524602,,Bandaram Pharma Pack,    20.3800,    20.9800,    19.5000,    19.6900,       6137,         49,              124241
VSWS,B,20260805,524606,,Beryl Drugs,    22.8500,    23.9800,    22.0000,    22.9900,      10140,         48,              230741
VSWS,B,20260805,524614,,IEL,     6.0100,     6.2400,     5.9500,     5.9800,      34074,        136,              204610
VSWS,B,20260805,524622,,iStreet Network,    47.9500,    47.9500,    45.1000,    46.8400,      15851,        104,              736342
VSWS,B,20260805,524624,,Gagan Gases,    19.8500,    20.4900,    19.2800,    19.5000,       5970,         57,              115424
VSWS,B,20260805,524628,,Parker Agrochem Exp,    14.7400,    15.3900,    14.7400,    15.2000,          3,          3,                  45
VSWS,B,20260805,524632,,Shukra Pharmaceutica,    30.5100,    33.0900,    30.5100,    33.0900,     951467,       1039,            30991885
VSWS,B,20260805,524634,,Alufluoride,   446.0000,   453.7500,   436.0000,   443.4000,       5842,        137,             2573562
VSWS,B,20260805,524636,,Oxygenta Pharma,    50.7000,    50.7000,    49.0000,    49.0100,       6025,         18,              300127
VSWS,B,20260805,524640,,Archit Organosys,    59.9700,    62.2000,    59.2100,    61.0600,      16196,        125,              991282
VSWS,B,20260805,524648,,Indo Amines,   127.9000,   129.8500,   125.6000,   128.9000,       7343,         94,              946797
VSWS,B,20260805,524654,,Natural Capsules,   150.0000,   152.5500,   143.2500,   147.3500,       2976,         84,              440402
VSWS,B,20260805,524661,,Welcure Drugs & Phar,     0.2400,     0.2500,     0.2300,     0.2400,    4251838,        418,             1011573
VSWS,B,20260805,524663,,Bharat Immuno & Bio,    16.0000,    16.4000,    16.0000,    16.2600,       4012,         57,               65031
VSWS,B,20260805,524667,,Savita Oil Technolog,   652.7000,   684.9500,   642.5000,   678.8000,      64701,       2045,            43374526
VSWS,B,20260805,524669,,Hester Biosciences,  2442.7000,  2466.9500,  2421.6000,  2436.6000,        227,         45,              552464
VSWS,B,20260805,524675,,Kabsons Industries,    22.4000,    22.4000,    20.5000,    21.3700,       3475,         28,               74974
VSWS,B,20260805,524687,,Basant Agro Tech,    11.7500,    12.2400,    11.7500,    11.9300,      39273,        134,              468253
VSWS,B,20260805,524703,,Sandu Pharmaceutical,    40.2100,    40.2100,    39.0000,    39.8000,       3738,         28,              147669
VSWS,B,20260805,524709,,NACL Industries,   183.0000,   183.8500,   179.9000,   180.8500,      28113,        867,             5115733
VSWS,B,20260805,524711,,Vista Pharmaceutical,     7.0000,     7.0000,     6.6100,     6.7500,       5851,         35,               40051
VSWS,B,20260805,524715,,Sun Pharmaceutical,  1967.9000,  1967.9000,  1934.0000,  1949.0000,     568888,      10226,          1103664256
VSWS,B,20260805,524717,,Titan Bio Tech,   418.8000,   418.8000,   405.0000,   408.8500,       8321,        316,             3426878
VSWS,B,20260805,524723,,Arvaya Healthcare,   124.0000,   124.0000,   123.9000,   123.9000,       1002,          3,              124247
VSWS,B,20260805,524727,,Span Divergent,    31.7400,    33.3200,    30.1600,    30.1600,       1028,         11,               32430
VSWS,B,20260805,524731,,Jenburkt Pharma,  1107.0000,  1239.0000,  1100.2500,  1162.0500,       8922,        337,            10355919
VSWS,B,20260805,524735,,Hikal,   232.3000,   234.1500,   229.0000,   232.1500,      22070,        819,             5120978
VSWS,B,20260805,524742,,Caplin Point Lab,  2558.0000,  2580.1500,  2533.4000,  2543.2500,       1565,        257,             3991151
VSWS,B,20260805,524743,,Fischer Medical Vent,    38.6500,    38.6600,    37.5600,    37.6400,      46978,        250,             1778592
VSWS,B,20260805,524748,,Link Pharma Chem,    27.9900,    27.9900,    27.9900,    27.9900,          2,          2,                  55
VSWS,B,20260805,524752,,Decipher Labs,     6.5000,     6.5000,     6.0200,     6.1000,        709,         16,                4448
VSWS,B,20260805,524768,,Emmessar Biotech,    24.7200,    25.3900,    24.6500,    24.6600,        474,         14,               11736
VSWS,B,20260805,524774,,NGL Fine Chem,  3292.9000,  3461.9500,  3273.0000,  3443.9500,        727,        174,             2469879
VSWS,B,20260805,524804,,Aurobindo Pharma,  1600.3000,  1623.0000,  1567.4000,  1613.4000,      46593,       4214,            74741082
VSWS,B,20260805,524808,,Phyto Chem (India),    20.4800,    20.4800,    19.2100,    20.0000,        688,         15,               13406
VSWS,B,20260805,524816,,Natco Pharma,   926.6000,   926.6000,   912.6000,   917.7000,     168063,       2383,           154587914
VSWS,B,20260805,524818,,Dynamic Industries,   108.0000,   108.0000,   104.5000,   107.0000,        584,         14,               62332
VSWS,B,20260805,524820,,Panama Petrochem,   460.5500,   465.0500,   451.9000,   456.0000,       6545,        329,             3019737
VSWS,B,20260805,524824,,Bal Pharma,    87.0000,    89.9900,    87.0000,    89.1000,       1404,        107,              124731
VSWS,B,20260805,524828,,BDH Industries,   547.5000,   568.5000,   540.0000,   564.5500,       1172,         51,              651644
VSWS,B,20260805,526001,,Jauss Polymers,    24.7200,    26.4800,    23.9600,    23.9600,       3731,         15,               92225
VSWS,B,20260805,526025,,Globus Power Generat,    12.3500,    13.1200,    12.3500,    12.5800,       2906,         27,               37111
VSWS,B,20260805,526027,,Cubex Tubings,    77.7200,    79.3000,    77.4200,    78.1100,       5448,        107,              425094
VSWS,B,20260805,526043,,Polymechplast Mach,    47.5000,    49.4500,    47.0000,    47.0800,       1126,         14,               53236
VSWS,B,20260805,526071,,Stellant Securities,   921.6500,   921.6500,   921.6500,   921.6500,       7150,         93,             6589797
VSWS,B,20260805,526073,,Galaxy Bearings,   909.0000,   934.9500,   866.1000,   900.0500,        851,         60,              755987
VSWS,B,20260805,526075,,Rekvina Laboratories,    26.5100,    26.5100,    26.5100,    26.5100,        910,          4,               24124
VSWS,B,20260805,526081,,SC Agrotech,    36.0000,    36.0000,    35.9500,    35.9500,        750,         13,               26967
VSWS,B,20260805,526095,,Ravi Leela Granites,    65.0500,    68.3000,    65.0500,    67.3900,        705,         21,               47426
VSWS,B,20260805,526113,,Uniroyal Marine Exp,    16.2600,    16.2600,    16.2600,    16.2600,        274,          7,                4455
VSWS,B,20260805,526115,,Manor Estate & Ind,     7.8700,     7.8700,     7.5100,     7.5100,        501,          4,                3942
VSWS,B,20260805,526117,,Shervani Industrial,   305.0000,   306.0000,   290.0000,   297.2500,        906,         52,              266258
VSWS,B,20260805,526125,,BN Agrochem,   267.7500,   273.9500,   262.5000,   271.9500,        573,         18,              152790
VSWS,B,20260805,526133,,Supertex Industries,     5.2500,     5.2500,     5.2000,     5.2500,       5291,          9,               27533
VSWS,B,20260805,526137,,Shetron,    92.0000,    96.0000,    92.0000,    93.6500,        757,         11,               70903
VSWS,B,20260805,526139,,Transgene Biotek,     3.1300,     3.1300,     2.7700,     2.9500,     123889,        114,              362089
VSWS,B,20260805,526143,,MPL Plastics,     6.0000,     6.2800,     6.0000,     6.2800,       1800,         14,               11248
VSWS,B,20260805,526159,,Nikhil Adhesives,    74.9000,    75.0000,    73.6200,    74.4300,       5793,         67,              431332
VSWS,B,20260805,526161,,Spenta International,   121.0000,   133.7000,   121.0000,   124.9500,       1592,         11,              199557
VSWS,B,20260805,526169,,Multibase India,   180.6500,   183.0000,   172.6500,   175.8000,       9077,        298,             1597190
VSWS,B,20260805,526173,,Andrew Yule,    27.6000,    28.4400,    27.0000,    27.7000,     122033,        617,             3382432
VSWS,B,20260805,526179,,Ludlow Jute & Specia,   383.0000,   392.8000,   375.1500,   378.9500,       1320,         44,              505911
VSWS,B,20260805,526187,,Ashram Online.com,     4.8900,     4.8900,     4.8000,     4.8900,         75,          4,                 360
VSWS,B,20260805,526193,,Royal Cushion Vinyl,    15.2200,    15.9200,    14.7600,    15.0800,       8410,         31,              124364
VSWS,B,20260805,526211,,Suraj Industries,    55.0000,    55.0000,    55.0000,    55.0000,         32,          4,                1760
VSWS,B,20260805,526227,,Filatex India,    77.9700,    82.4000,    77.9700,    81.3100,     384874,       3021,            31146741
VSWS,B,20260805,526231,,Standard Surfactants,    52.0400,    52.4500,    51.0000,    51.9900,        208,          7,               10770
VSWS,B,20260805,526237,,Morgan Ventures,    46.0000,    46.3900,    45.5000,    46.0000,       1597,         16,               73099
VSWS,B,20260805,526241,,Amrapali Industries,    36.9000,    36.9200,    33.4200,    36.9200,      28021,        111,             1025834
VSWS,B,20260805,526247,,Premier Explosives,   666.6500,   666.6500,   659.0000,   660.4000,       6607,        190,             4369253
VSWS,B,20260805,526251,,Mid East Portfolio,    39.9900,    39.9900,    38.0000,    38.0400,        231,          4,                8803
VSWS,B,20260805,526263,,Mold Tek Techno,   154.2500,   168.4000,   152.0000,   165.7500,      43290,        907,             7070774
VSWS,B,20260805,526269,,Crestchem,   128.4500,   128.8500,   119.1000,   124.6500,       1091,         54,              135299
VSWS,B,20260805,526299,,Mphasis,  2400.4500,  2482.0000,  2392.0000,  2430.5000,      44677,       4301,           109553395
VSWS,B,20260805,526315,,Divyashakti,    51.6000,    51.6000,    49.0000,    50.8900,        196,         18,                9640
VSWS,B,20260805,526325,,Orient Press,    74.2500,    77.0100,    74.2500,    77.0100,        525,          8,               39035
VSWS,B,20260805,526335,,Shreyas Intermediate,     5.9700,     5.9700,     5.3700,     5.5500,      13887,         41,               77030
VSWS,B,20260805,526345,,Panjon,    18.2500,    18.9700,    17.5500,    18.1300,       2680,         37,               47973
VSWS,B,20260805,526355,,Duro Pack,    59.4000,    59.4000,    57.2700,    59.4000,         31,          3,                1820
VSWS,B,20260805,526365,,Swarnsarita Jewels I,    33.4700,    33.7700,    31.8400,    32.0400,       1270,         23,               41129
VSWS,B,20260805,526367,,Ganesh Housing,   775.4500,   799.0000,   767.5000,   774.2000,       2344,        187,             1833642
VSWS,B,20260805,526371,,N M D C,    84.8900,    85.7300,    84.4200,    85.4100,    1349126,       7775,           114734195
VSWS,B,20260805,526373,,Cindrella Hotels,    52.2600,    54.8700,    49.6500,    53.8400,        506,         18,               25141
VSWS,B,20260805,526381,,Patel Integrated Log,    14.0100,    14.8500,    14.0100,    14.7900,      15356,         44,              225401
VSWS,B,20260805,526397,,Alphageo (I),   260.0000,   260.0500,   233.1000,   236.6500,       2915,        106,              711728
VSWS,B,20260805,526407,,Hampton Sky Realty,     8.0500,     8.6400,     8.0500,     8.5900,     360430,        116,             3092436
VSWS,B,20260805,526409,,Kkalpana Industries,     7.0300,     7.2400,     6.7000,     7.0000,     108731,        114,              758850
VSWS,B,20260805,526415,,OK Play India,     3.9400,     3.9400,     3.7800,     3.8100,     514431,        306,             1967601
VSWS,B,20260805,526423,,Kriti Industries (I),    70.9400,    70.9800,    70.9400,    70.9800,        258,          6,               18312
VSWS,B,20260805,526433,,ASM Technologies,  4820.0000,  5165.0000,  4700.0000,  4946.1000,      67100,       7187,           329218728
VSWS,B,20260805,526435,,Perfectpac,    84.9000,    85.3000,    74.9000,    77.4800,       2130,         30,              172320
VSWS,B,20260805,526439,,Ambitious Plastomac,     9.4500,    11.4800,     9.4500,    11.0000,        212,          8,                2415
VSWS,B,20260805,526441,,Vision Cinemas,     1.2000,     1.2600,     1.1700,     1.2400,       8858,         27,               10881
VSWS,B,20260805,526443,,Artificial Electroni,    86.0000,    87.5000,    83.4000,    87.1900,      41715,        407,             3563855
VSWS,B,20260805,526445,,Indrayani Biotech,     7.8400,     8.3300,     7.4500,     8.2300,     151297,        191,             1220628
VSWS,B,20260805,526468,,Euro Leder Fashion,    17.5000,    20.8500,    16.0000,    20.1700,      32975,        192,              630483
VSWS,B,20260805,526471,,Winsome Breweries,    22.0000,    22.0000,    20.0000,    20.5000,       1918,         79,               39558
VSWS,B,20260805,526473,,Elegant Floriculture,     4.9500,     5.0500,     4.8200,     4.9100,      25171,         47,              124207
VSWS,B,20260805,526479,,Sky Industries,    97.1800,    99.9900,    96.2000,    99.0400,       4747,         53,              468493
VSWS,B,20260805,526481,,Phoenix Intl,    32.9700,    32.9700,    30.2000,    30.2300,       1804,         27,               56668
VSWS,B,20260805,526488,,Bhudevi Infra Projec,   155.7000,   155.9000,   146.1500,   155.9000,      25817,         48,             4024618
VSWS,B,20260805,526490,,Pratik Panels,     4.9000,     4.9000,     4.2900,     4.4800,     124944,        127,              557617
VSWS,B,20260805,526492,,Rishiroop,    97.4300,    97.4300,    96.0100,    96.9100,       1936,         30,              187432
VSWS,B,20260805,526494,,Promact Plastics,     9.0000,     9.0000,     9.0000,     9.0000,         44,          1,                 396
VSWS,B,20260805,526506,,Systematix Corporate,    60.0500,    61.0000,    60.0500,    61.0000,        136,         12,                8200
VSWS,B,20260805,526508,,Shahi Shipping,    12.5000,    12.5000,    12.1700,    12.4000,        596,          7,                7389
VSWS,B,20260805,526519,,Alpine Housing Dev C,   139.9000,   139.9000,   136.0000,   139.9000,        636,         21,               87468
VSWS,B,20260805,526525,,Worldwide Aluminium,    21.1000,    21.1000,    20.1000,    20.1000,       1263,         18,               26623
VSWS,B,20260805,526530,,IIRM Holdings India,   136.7000,   143.1000,   130.0500,   136.9500,      24353,        132,             3400850
VSWS,B,20260805,526532,,Square Four Projects,     8.9900,     8.9900,     8.0200,     8.5100,       2700,         16,               23819
VSWS,B,20260805,526544,,SGL Resources,     2.7600,     2.7700,     2.6200,     2.7500,      33200,         57,               88824
VSWS,B,20260805,526546,,Choksi Laboratories,   128.0000,   128.6500,   117.0000,   123.9000,       6981,         59,              863000
VSWS,B,20260805,526550,,Country Club Hospita,    12.5200,    13.3300,    12.5200,    12.8100,       3747,         23,               47757
VSWS,B,20260805,526570,,Midwest Energy,  3625.9500,  3625.9500,  3410.5500,  3424.2000,       2460,        448,             8462281
VSWS,B,20260805,526574,,Enterprise Inter,    18.9500,    18.9500,    18.9500,    18.9500,         51,          2,                 966
VSWS,B,20260805,526582,,TPL Plastech,    80.1400,    80.7500,    78.1000,    78.3300,      14199,        258,             1124031
VSWS,B,20260805,526588,,Photoquip India,    14.4500,    14.4500,    14.4400,    14.4400,       4100,          5,               59205
VSWS,B,20260805,526596,,Liberty Shoes,   263.0000,   269.0000,   262.4000,   267.5500,       1253,        165,              334070
VSWS,B,20260805,526604,,Lippi Systems,   264.8000,   264.8000,   264.8000,   264.8000,       2498,         24,              661470
VSWS,B,20260805,526608,,Electrotherm (India),   969.6000,  1062.0000,   969.6000,  1010.5500,       2118,        266,             2187584
VSWS,B,20260805,526612,,Blue Dart Express,  5350.9500,  5382.2000,  5213.2000,  5283.7500,       3707,        601,            19657135
VSWS,B,20260805,526614,,Expo Engineering & P,    76.6400,    77.6900,    70.0000,    76.3200,      28509,        138,             2138514
VSWS,B,20260805,526616,,National Plastic Ind,    41.1500,    42.1900,    41.0500,    41.6000,       1902,         15,               78576
VSWS,B,20260805,526622,,MFL India,     0.4000,     0.4000,     0.3700,     0.3800,     911435,        335,              350222
VSWS,B,20260805,526638,,Texel Industries,    73.0000,    73.0000,    71.2800,    71.7900,       1893,         53,              136581
VSWS,B,20260805,526640,,Royale Manor Hotels,    30.4900,    30.7900,    28.5900,    29.1300,        399,         10,               11603
VSWS,B,20260805,526642,,Mirza International,    34.3500,    34.6000,    33.7500,    33.9500,      15832,        234,              539871
VSWS,B,20260805,526650,,Tourism Finance Corp,   110.5500,   111.8000,   109.7500,   110.7500,     367424,       1540,            40724714
VSWS,B,20260805,526662,,Rajdarshan Ind,    38.5100,    38.5100,    38.5100,    38.5100,         20,          1,                 770
VSWS,B,20260805,526666,,Bhartiya Intl,   816.0000,   816.0000,   799.1500,   799.2000,        110,         12,               88003
VSWS,B,20260805,526668,,Kamat Hotels (India),   177.9500,   177.9500,   171.0000,   173.0500,       4798,        282,              829131
VSWS,B,20260805,526675,,Tirth Plastic,    27.7900,    27.7900,    25.4500,    26.0000,       5412,         39,              140795
VSWS,B,20260805,526677,,DSJ Keep Learning,     1.8200,     2.0000,     1.8200,     2.0000,         63,          7,                 123
VSWS,B,20260805,526703,,Ecoplast,   500.0000,   505.0000,   485.5000,   489.6000,        121,          8,               60261
VSWS,B,20260805,526705,,Elegant Marbles,   179.7000,   179.7000,   174.0000,   175.0000,        100,         18,               17565
VSWS,B,20260805,526709,,BITS,     7.2600,     7.4900,     7.2600,     7.4100,      69238,        218,              511221
VSWS,B,20260805,526711,,Adarsh Plant Protect,    29.3300,    30.8900,    28.5600,    28.9800,       2110,         23,               61690
VSWS,B,20260805,526717,,HCP Plastene Bulkpac,   186.6000,   189.3000,   176.5000,   177.2500,       9026,         99,             1632130
VSWS,B,20260805,526721,,Nicco Parks & Resort,    71.4000,    73.4900,    71.4000,    73.2500,         62,          7,                4432
VSWS,B,20260805,526723,,NTC Industries,   144.1000,   149.7000,   144.1000,   147.1500,       6466,         57,              951549
VSWS,B,20260805,526725,,Sandesh,  1011.0000,  1027.0000,   995.0000,   995.0000,        132,         51,              134183
VSWS,B,20260805,526727,,Garnet Construction,    67.8000,    67.8200,    64.1900,    65.1000,       8201,         66,              533047
VSWS,B,20260805,526729,,Goldiam Internation,   362.0500,   365.4000,   360.1000,   361.9500,      18684,        556,             6779072
VSWS,B,20260805,526731,,Bright Brothers,   238.9000,   249.9000,   233.0000,   233.5500,       1320,         43,              311363
VSWS,B,20260805,526739,,Narmada Gelatines,   498.0000,   504.7500,   492.0500,   501.7000,       3742,        127,             1874050
VSWS,B,20260805,526747,,PG Foils,   184.1500,   190.0000,   181.5000,   188.2500,       8793,         96,             1639018
VSWS,B,20260805,526755,,Velan Hotels,     6.6500,     6.7500,     6.4600,     6.5000,      15239,         23,              100087
VSWS,B,20260805,526761,,Howard Hotels,    20.0000,    20.0300,    19.0000,    20.0300,       2569,         19,               50884
VSWS,B,20260805,526775,,Valiant Commu,   959.8500,  1040.7500,   946.0000,  1040.7500,      21175,        436,            21645506
VSWS,B,20260805,526783,,Dr Agrawal's Eye Hos,  5001.5000,  5230.0000,  4936.3500,  5197.5500,        593,        166,             3037535
VSWS,B,20260805,526797,,Greenply Industries,   289.3500,   298.4000,   288.1500,   293.4500,       8566,        369,             2508442
VSWS,B,20260805,526807,,SEAMEC,  1483.0000,  1540.1000,  1483.0000,  1509.9500,       3200,        378,             4857557
VSWS,B,20260805,526813,,Raghunath Intl,    10.8800,    10.8800,    10.1000,    10.1000,        536,          8,                5557
VSWS,B,20260805,526817,,Cheviot Company,  1129.2500,  1279.0000,  1127.7000,  1223.8000,       6214,        550,             7522121
VSWS,B,20260805,526821,,Dai Ichi Karkaria,   325.0000,   325.0000,   309.1000,   322.1500,        406,         18,              130661
VSWS,B,20260805,526823,,Rajeswari Infrastruc,     4.8200,     4.9500,     4.5100,     4.5100,        407,         10,                1964
VSWS,B,20260805,526827,,Spice Islands Indust,   495.5000,   506.0000,   487.2500,   489.8000,       7526,        221,             3709851
VSWS,B,20260805,526829,,Confidence Petroleum,    83.7000,    84.5500,    81.0500,    81.8500,     158525,       1162,            13100471
VSWS,B,20260805,526839,,Shelter Infra Projec,    15.0400,    16.5000,    15.0400,    16.5000,        159,         10,                2605
VSWS,B,20260805,526841,,Shakti Press,    13.6700,    13.9500,    13.4000,    13.7800,     185080,        800,             2507761
VSWS,B,20260805,526847,,Ashirwad Steels,    22.9800,    22.9800,    22.5000,    22.7700,        916,         31,               20679
VSWS,B,20260805,526849,,Banaras Beads,   113.0000,   116.7000,   112.5000,   114.0000,       1505,         58,              171987
VSWS,B,20260805,526851,,Arex Industries,   133.9500,   133.9500,   133.9500,   133.9500,         27,          1,                3616
VSWS,B,20260805,526853,,Bilcare,    63.6800,    63.6800,    60.3200,    63.5000,       3020,         41,              186655
VSWS,B,20260805,526859,,ISF,     0.7000,     0.7400,     0.7000,     0.7400,      75094,         32,               54727
VSWS,B,20260805,526861,,Rishi Laser,   134.8500,   134.8500,   127.1500,   131.6000,       2887,         30,              379359
VSWS,B,20260805,526865,,Jainco Projects,     4.6000,     4.6000,     4.6000,     4.6000,        510,          2,                2346
VSWS,B,20260805,526869,,Kumbhat Financial,    23.0000,    23.0000,    23.0000,    23.0000,         51,          2,                1173
VSWS,B,20260805,526871,,Intec Capital,    14.9100,    15.6900,    14.9100,    15.6900,       2045,         13,               31375
VSWS,B,20260805,526873,,Rajasthan Securities,    54.0500,    54.0500,    53.9500,    54.0300,       2341,         28,              126441
VSWS,B,20260805,526877,,Siddheswari Garments,    14.7500,    14.7500,    14.7500,    14.7500,         25,          3,                 368
VSWS,B,20260805,526881,,63 Moons Technologie,   879.0500,   885.0000,   856.0000,   863.4500,      22547,        787,            19676977
VSWS,B,20260805,526885,,Sarla Performance,   100.9600,   102.9900,   100.8600,   102.3100,       1706,         63,              173906
VSWS,B,20260805,526899,,Himalaya Food Intern,     9.0000,     9.0400,     8.8800,     8.9600,      37738,        100,              338886
VSWS,B,20260805,526901,,Sonal Adhesives,    46.0000,    46.0000,    45.6000,    45.6000,         13,          4,                 597
VSWS,B,20260805,526905,,Padmanabh Industries,     8.5500,     8.5500,     7.7700,     8.5100,        988,          9,                7926
VSWS,B,20260805,526921,,21st Century Mgmt,    40.8500,    40.8500,    40.8500,    40.8500,         30,          2,                1225
VSWS,B,20260805,526931,,Hariyana Ship Break,   103.0500,   107.0000,   101.0000,   103.0500,       1095,         59,              113461
VSWS,B,20260805,526935,,Kalind,     8.4900,     8.4900,     8.4900,     8.4900,     137661,        360,             1168741
VSWS,B,20260805,526947,,La Opala RG,   192.9000,   210.1000,   192.0000,   196.0000,     165201,       2888,            33445082
VSWS,B,20260805,526951,,Stylam Industries,  3540.3500,  3542.6000,  3439.1500,  3476.7500,       1561,        299,             5497128
VSWS,B,20260805,526953,,Venus Remedies,  1568.0000,  1580.0000,  1491.0000,  1523.5500,       2154,        154,             3302768
VSWS,B,20260805,526961,,Last Mile Enterprise,     5.6000,     5.7800,     5.5100,     5.6700,      13782,         75,               77961
VSWS,B,20260805,526965,,Gujarat Craft & Ind,    99.0000,    99.0000,    92.0100,    95.3700,        999,         26,               95140
VSWS,B,20260805,526971,,Dhoot Industrial Fin,   254.4500,   279.0000,   254.4500,   267.8000,      16640,        250,             4484202
VSWS,B,20260805,526981,,Shri Bajrang Allianc,   186.0000,   186.0000,   182.7000,   183.6000,        127,         16,               23586
VSWS,B,20260805,526987,,Urja Global,    10.3500,    10.3500,     9.9400,     9.9700,      75835,        343,              760633
VSWS,B,20260805,527001,,Ashapura Minechem,   723.0000,   743.7500,   721.1000,   737.5500,     367350,       2390,           268937673
VSWS,B,20260805,527005,,Shree Pacetronix,   140.0000,   155.0000,   140.0000,   153.9000,       6496,         65,              993958
VSWS,B,20260805,530001,,Gujarat Alkalies,   689.6500,   689.6500,   675.1000,   677.6000,       2454,        178,             1668769
VSWS,B,20260805,530005,,India Cements,   394.0000,   396.3500,   389.6500,   392.1000,       6489,        196,             2548624
VSWS,B,20260805,530007,,JK Tyre & Industries,   414.0500,   422.0000,   414.0000,   415.5000,     179388,       3817,            75004057
VSWS,B,20260805,530017,,Standard Industries,    18.4500,    18.4500,    16.6700,    17.1200,       3001,         23,               51869
VSWS,B,20260805,530019,,Jubilant Pharmova,   933.8500,   938.3500,   907.5000,   922.9500,      13387,       1002,            12474858
VSWS,B,20260805,530023,,Investment Trust Of,   103.0000,   103.7500,   100.5900,   102.0000,        996,         71,              101642
VSWS,B,20260805,530025,,Samyak International,    17.1000,    17.1000,    17.0000,    17.0000,          5,          3,                  85
VSWS,B,20260805,530027,,Aadi Industries,     8.6000,     8.6000,     8.6000,     8.6000,        105,          9,                 903
VSWS,B,20260805,530037,,Sparkle Gold Rock,    70.3800,    79.9500,    70.0000,    72.5000,       4599,         81,              333085
VSWS,B,20260805,530043,,Acknit Industries,   304.3500,   315.5000,   297.9000,   310.3500,        381,         10,              116004
VSWS,B,20260805,530045,,Titan Securities,    42.9000,    43.9800,    42.1100,    42.7000,      26182,         89,             1126467
VSWS,B,20260805,530053,,Real Eco-Energy,     4.0500,     4.4800,     4.0300,     4.1700,     333287,        127,             1428477
VSWS,B,20260805,530057,,Vivanza Biosciences,     1.7200,     1.9000,     1.7200,     1.9000,      39222,         26,               73900
VSWS,B,20260805,530063,,Yashraj Containeurs,     4.9300,     4.9300,     4.7000,     4.9300,       1476,         22,                7257
VSWS,B,20260805,530065,,Lords Ishwar Hotels,    14.7000,    15.0000,    13.8200,    14.7000,       1597,         19,               22910
VSWS,B,20260805,530067,,CSL Finance,   217.7000,   220.7000,   217.5000,   218.6000,        487,         28,              106844
VSWS,B,20260805,530073,,Sanghvi Movers,   444.0000,   477.7000,   443.0500,   474.8500,      94956,       1980,            44264195
VSWS,B,20260805,530075,,Antelopus Selan Ener,   838.0000,   880.0000,   827.2000,   873.9000,      12959,       1495,            11176934
VSWS,B,20260805,530077,,Puretrop Fruits,   161.9000,   164.0000,   159.0500,   160.3000,      12562,         30,             2040407
VSWS,B,20260805,530079,,Faze Three,   527.0500,   552.9500,   527.0500,   551.9500,        327,         44,              179113
VSWS,B,20260805,530109,,Anupam Finserv,     1.8900,     1.9500,     1.8700,     1.9300,     123363,         93,              236630
VSWS,B,20260805,530111,,Raj Packaging Ind,    30.9900,    31.5000,    29.5000,    31.5000,        570,          6,               17680
VSWS,B,20260805,530117,,Privi Speciality Che,  3673.8000,  3728.9500,  3632.6000,  3644.9000,       5369,       1078,            19823950
VSWS,B,20260805,530119,,Natraj Proteins,    37.0000,    37.0000,    36.0500,    36.1000,         66,          6,                2382
VSWS,B,20260805,530125,,Samrat Pharmachem,   247.5000,   252.0000,   238.0000,   242.5500,        991,         25,              241616
VSWS,B,20260805,530127,,NPR Finance,    22.3900,    22.3900,    22.3900,    22.3900,          5,          1,                 111
VSWS,B,20260805,530129,,Nile,  1667.1500,  1687.7500,  1503.0000,  1628.1000,       3911,        661,             6440553
VSWS,B,20260805,530133,,Amco India,    68.6200,    69.9000,    67.6000,    69.2000,        867,         11,               59833
VSWS,B,20260805,530135,,Optiemus Infracom,   624.0000,   633.3000,   580.8500,   591.2500,      44071,       2143,            26373200
VSWS,B,20260805,530139,,Kreon Fin Services,    92.4700,    92.4700,    85.0000,    89.5100,      20943,         70,             1868982
VSWS,B,20260805,530145,,Kisan Mouldings,    22.5300,    22.9000,    21.9100,    22.0000,      76884,        134,             1697558
VSWS,B,20260805,530163,,Kerala Ayurveda,   159.0000,   159.0000,   151.1500,   156.7500,       5829,        106,              910576
VSWS,B,20260805,530167,,Moongipa Capital Fin,    16.1600,    16.1600,    15.9000,    15.9000,      20015,          6,              319240
VSWS,B,20260805,530169,,Mohit Paper Mills,    27.5000,    27.5000,    26.6000,    26.6300,        293,         13,                7935
VSWS,B,20260805,530171,,Daulat Securities,    27.8500,    27.8500,    27.4400,    27.4400,        249,          8,                6856
VSWS,B,20260805,530175,,Odyssey Technologies,    39.3000,    39.3000,    37.4000,    37.8000,       9180,         82,              348275
VSWS,B,20260805,530179,,RSC International,    51.8200,    51.8200,    51.8200,    51.8200,       5872,         13,              304287
VSWS,B,20260805,530185,,Surat Trade & Mercan,     4.7200,     4.9200,     4.6600,     4.8000,      31607,        126,              152084
VSWS,B,20260805,530187,,Atharv Enterprises,     4.0500,     4.0500,     3.9000,     3.9000,      23464,         34,               93771
VSWS,B,20260805,530197,,Fundviser Capital,   385.0000,   385.0000,   385.0000,   385.0000,       1345,         10,              517825
VSWS,B,20260805,530199,,Themis Medicare,   115.6000,   116.8500,   112.6000,   115.6000,       7874,        159,              910317
VSWS,B,20260805,530201,,Kallam Textiles,     2.3400,     2.3900,     2.3300,     2.3900,       6631,         29,               15537
VSWS,B,20260805,530207,,Brawn Biotech,    21.9900,    21.9900,    21.0000,    21.0000,       1247,          5,               27345
VSWS,B,20260805,530213,,Fortune Inter,    78.9100,    79.0000,    78.9100,    79.0000,        760,          3,               60039
VSWS,B,20260805,530215,,Kings Infra Ventures,   112.1000,   112.5000,   110.0500,   110.4000,       4165,        102,              462020
VSWS,B,20260805,530217,,Swojas Foods,     9.0500,     9.1900,     8.8000,     8.8000,        910,         10,                8222
VSWS,B,20260805,530231,,Subhash Silk Mills,    74.0100,    74.0100,    74.0100,    74.0100,          1,          1,                  74
VSWS,B,20260805,530233,,Auro Laboratories,   239.8500,   240.0000,   230.0000,   237.9500,       2921,         29,              688752
VSWS,B,20260805,530235,,KJMC Financial Serv,    57.9900,    57.9900,    50.3000,    51.6000,        555,         22,               28976
VSWS,B,20260805,530239,,Suven Life Sciences,   311.7500,   330.0500,   308.6500,   327.8000,      65097,       1208,            20854878
VSWS,B,20260805,530245,,Aryaman Fin Services,   570.1000,   589.9000,   570.0000,   571.0000,        132,          6,               75458
VSWS,B,20260805,530249,,Bridge Securities,    14.9500,    14.9500,    14.9500,    14.9500,     793652,        557,            11865097
VSWS,B,20260805,530251,,Risa International,     0.4000,     0.4100,     0.4000,     0.4100,     113471,         44,               45902
VSWS,B,20260805,530253,,Rajasthan Tube Mfg,    11.5000,    11.5000,    10.9600,    11.0700,      15325,         47,              171778
VSWS,B,20260805,530255,,Kay Power and Paper,     9.4500,     9.4500,     8.1700,     8.8500,      79420,        100,              684650
VSWS,B,20260805,530259,,Inter State Oil Carr,    39.9900,    39.9900,    38.0000,    39.0000,        233,          7,                9097
VSWS,B,20260805,530263,,Global Cap Market,     0.4800,     0.4900,     0.4700,     0.4900,      81900,         97,               39710
VSWS,B,20260805,530265,,Sainik Fin & Ind,    37.6000,    38.6200,    34.6500,    35.1100,       1578,         21,               59244
VSWS,B,20260805,530267,,Arigato Universe,    49.3600,    49.3600,    49.3600,    49.3600,         52,          2,                2566
VSWS,B,20260805,530271,,Rich Universe Networ,     9.8300,     9.8300,     9.3800,     9.5000,        523,          6,                4977
VSWS,B,20260805,530281,,Quantum Digital,    33.0000,    33.0000,    33.0000,    33.0000,        217,          7,                7161
VSWS,B,20260805,530289,,SP Capital Financing,    52.5000,    53.1500,    51.9100,    51.9100,        309,          6,               16262
VSWS,B,20260805,530299,,Kothari Products,    68.3100,    69.4200,    67.4100,    67.6500,       1257,         23,               85936
VSWS,B,20260805,530305,,Piccadily Agro Ind,   786.3000,   796.4000,   758.0000,   766.3500,      19585,       1103,            15135901
VSWS,B,20260805,530307,,Chaman Lal Setia,   290.0000,   299.0000,   290.0000,   293.9500,       8009,        451,             2368938
VSWS,B,20260805,530309,,Chandra Prabhu,    12.3000,    12.3000,    11.5500,    12.1000,       5709,         32,               68582
VSWS,B,20260805,530313,,Kimia Biosciences,    31.2500,    32.0000,    30.0200,    30.8000,       8156,         73,              250951
VSWS,B,20260805,530315,,Hindustan Tin Works,   103.0000,   104.7000,   102.1000,   103.3000,       3622,         57,              372735
VSWS,B,20260805,530317,,Godavari Drugs,   102.4000,   104.0000,    97.8000,   102.0000,      11056,         57,             1128667
VSWS,B,20260805,530331,,Premco Global,   385.0000,   385.3000,   384.9500,   385.0000,         67,          6,               25803
VSWS,B,20260805,530341,,Mukesh Babu Fin Ser,   136.0000,   140.4500,   135.3500,   139.5500,       1724,         44,              239418
VSWS,B,20260805,530343,,Genus Power Infrastr,   317.6500,   318.0000,   308.4000,   310.4500,      68257,        894,            21310174
VSWS,B,20260805,530355,,Asian Energy Service,   423.9500,   423.9500,   394.1000,   402.8000,      15609,        485,             6392160
VSWS,B,20260805,530357,,KBS India,     1.3600,     1.4300,     1.3600,     1.4100,      35091,         56,               49191
VSWS,B,20260805,530361,,Prabhhans Industries,    40.0500,    40.0500,    38.4000,    40.0000,       1192,          7,               46210
VSWS,B,20260805,530363,,Ugar Sugar Works,    45.8800,    45.8800,    42.9000,    43.2400,      29811,        297,             1318816
VSWS,B,20260805,530365,,Orient Bell,   319.0000,   319.0000,   314.8500,   316.8500,        423,         46,              134463
VSWS,B,20260805,530367,,NRB Bearings,   436.6500,   462.1000,   433.6500,   456.6500,      47910,       2362,            21594803
VSWS,B,20260805,530369,,Vamshi Rubber,    40.6000,    45.6000,    40.5500,    41.7200,       3552,         37,              154908
VSWS,B,20260805,530377,,Nila Infrastructures,     7.4600,     7.6500,     7.4600,     7.5600,      12513,         53,               94145
VSWS,B,20260805,530393,,DB (Intl) Stock Brok,    33.2000,    33.5000,    32.0000,    33.5000,      12160,         25,              392388
VSWS,B,20260805,530401,,Vinyoflex,    53.3800,    53.3800,    52.0600,    53.0000,         22,          5,                1160
VSWS,B,20260805,530405,,Jindal Capital,    31.0900,    31.8000,    30.1000,    30.7700,       6049,         64,              186957
VSWS,B,20260805,530407,,Epic Energy,    34.5000,    35.7500,    33.8000,    34.0200,      10883,         97,              373039
VSWS,B,20260805,530419,,Sumedha Fiscal Serv,    39.5000,    39.8500,    38.7000,    39.7000,       8769,         44,              346325
VSWS,B,20260805,530421,,Kuwer Industries,    10.0000,    10.6500,    10.0000,    10.4200,       8775,         32,               90872
VSWS,B,20260805,530427,,Choksi Asia,   233.0000,   257.0000,   230.5000,   238.1500,      15652,        198,             3891483
VSWS,B,20260805,530429,,Ashish Polyplast,    28.0000,    29.0000,    27.9800,    28.0000,       2586,         12,               72804
VSWS,B,20260805,530433,,Shiva Global Agro In,    38.5000,    39.5000,    37.5000,    38.4100,       4691,         40,              177733
VSWS,B,20260805,530439,,Siddha Ventures,     4.1000,     4.1000,     3.9500,     3.9500,       8299,         21,               33328
VSWS,B,20260805,530443,,Kiran Syntex,    13.2000,    13.2000,    12.6400,    12.6400,        400,          6,                5059
VSWS,B,20260805,530445,,Sumeru Industries,     1.5100,     1.6500,     1.5000,     1.5300,      21525,         33,               32707
VSWS,B,20260805,530449,,Rungta Irrigation,    47.6600,    49.4400,    47.6600,    49.4400,        154,          4,                7559
VSWS,B,20260805,530457,,GTT Data Solutions,    47.1000,    48.0000,    44.5000,    46.2600,      14787,        143,              688332
VSWS,B,20260805,530459,,Valson Industries,    34.0300,    37.7500,    33.5300,    35.7900,       5996,         37,              210798
VSWS,B,20260805,530461,,Saboo Sodium Chloro,    12.5500,    12.7600,    12.4100,    12.7000,       1001,         41,               12646
VSWS,B,20260805,530469,,GSL Securities,    41.4100,    41.4100,    41.4100,    41.4100,          1,          1,                  41
VSWS,B,20260805,530475,,Tinna Rubber & Infra,  1130.2500,  1165.2500,  1107.0000,  1126.7500,       9600,        783,            10970860
VSWS,B,20260805,530477,,Vikram Thermo,   255.0000,   255.0000,   248.1000,   251.0500,      11524,        171,             2896236
VSWS,B,20260805,530495,,Stratmont Industries,    60.0000,    60.0000,    57.0000,    57.0300,        633,         12,               36894
VSWS,B,20260805,530499,,AK Capital Services,  1750.0000,  1760.0000,  1750.0000,  1760.0000,       1765,         84,             3095150
VSWS,B,20260805,530517,,Relaxo Footwears,   407.2500,   421.0000,   407.2500,   415.8500,      37879,       1022,            15761698
VSWS,B,20260805,530521,,Virat Industries,   342.0000,   370.0000,   340.0000,   360.0000,       2410,         48,              844816
VSWS,B,20260805,530525,,Rajnish Retail,     2.2800,     2.3900,     2.2800,     2.3800,      71980,        137,              170532
VSWS,B,20260805,530533,,Terai Tea Company,   124.0000,   124.0000,   123.0000,   123.0000,        580,          4,               71341
VSWS,B,20260805,530537,,Manraj Housing Fin,    41.4700,    41.4700,    37.5300,    37.5300,      10617,          3,              412399
VSWS,B,20260805,530545,,Cosco (India),   192.0000,   194.0000,   187.6000,   194.0000,        589,         19,              112184
VSWS,B,20260805,530549,,Shilpa Medicare,   650.0000,   754.4000,   636.8500,   721.3500,    1352413,      27575,           975490613
VSWS,B,20260805,530555,,Paramount Commu,    66.0000,    66.0000,    64.2700,    64.4100,      33641,        534,             2182979
VSWS,B,20260805,530557,,NCL Research & Fin,     0.6500,     0.6700,     0.6500,     0.6500,    1234272,        646,              802330
VSWS,B,20260805,530571,,Explicit Finance,     7.5700,     7.5700,     7.5700,     7.5700,         53,          3,                 401
VSWS,B,20260805,530577,,Ladderup Finance,    53.0000,    53.0000,    49.8500,    53.0000,        159,         10,                8383
VSWS,B,20260805,530579,,U Y Fincorp,    19.9700,    19.9700,    19.1500,    19.3000,      12185,        450,              236132
VSWS,B,20260805,530581,,Ekam Leasing & Fin,     7.9600,     7.9900,     7.5000,     7.5000,         97,          6,                 772
VSWS,B,20260805,530585,,Swastika Investmart,   126.0000,   126.4500,   123.0000,   126.4500,      36892,        164,             4660550
VSWS,B,20260805,530589,,Prima Plastics,   122.0000,   125.0000,   120.0000,   124.9000,       4459,         49,              547795
VSWS,B,20260805,530595,,TeleCanor Global,    25.0500,    25.3500,    23.4000,    24.1800,       5290,         58,              126683
VSWS,B,20260805,530601,,Jagsonpal Services,    57.9000,    57.9000,    55.3500,    57.6100,        573,         13,               32417
VSWS,B,20260805,530615,,Garg Furnace,   127.0000,   135.0000,   120.3500,   131.1500,      14461,        118,             1863627
VSWS,B,20260805,530617,,Sampre Nutritions,     5.1700,     5.1700,     5.1700,     5.1700,     343739,        152,             1777130
VSWS,B,20260805,530621,,Akar Auto Industries,   118.5500,   119.9000,   114.2000,   116.4500,       6083,         60,              706688
VSWS,B,20260805,530627,,Vipul Organics,   238.0500,   254.7500,   238.0000,   251.3500,       4239,         62,             1055662
VSWS,B,20260805,530643,,Eco Recycling,   500.0000,   502.4000,   490.0000,   495.5500,      11065,        563,             5460535
VSWS,B,20260805,530655,,Goodluck India,  1511.9500,  1526.0000,  1480.0000,  1499.5000,       4227,        419,             6368254
VSWS,B,20260805,530663,,Goyal Associates,     1.0000,     1.0000,     0.9800,     1.0000,      31367,         36,               31304
VSWS,B,20260805,530665,,Zenith Health Care,     3.1500,     3.2000,     3.1500,     3.1900,      11973,         73,               38156
VSWS,B,20260805,530675,,York Exports,    56.8300,    59.8500,    56.8300,    59.8500,        600,          5,               35647
VSWS,B,20260805,530677,,Supreme Holdings & H,    45.7900,    46.0800,    45.1900,    45.9900,       4015,         20,              183130
VSWS,B,20260805,530689,,Krowniq,    47.0000,    47.9900,    46.2100,    46.4600,       2261,         36,              105196
VSWS,B,20260805,530695,,Prime Property Dev,    29.9900,    29.9900,    29.5300,    29.8400,        122,          5,                3638
VSWS,B,20260805,530697,,Zenlabs Ethica,    29.3500,    29.3500,    28.0000,    29.0400,       5935,         17,              170137
VSWS,B,20260805,530699,,Raj Rayon Industries,    21.5800,    21.5800,    21.5800,    21.5800,          1,          1,                  21
VSWS,B,20260805,530705,,Anirit Ventures,    44.3500,    44.3500,    44.3500,    44.3500,          1,          1,                  44
VSWS,B,20260805,530709,,Gowra Leasing & Fin,    91.1000,    97.9900,    91.1000,    95.0200,       2187,         17,              210081
VSWS,B,20260805,530711,,Jagan Lamps,    47.9000,    49.4500,    46.6500,    47.7500,       1276,         34,               61158
VSWS,B,20260805,530723,,Asit C Mehta Fin Ser,   119.9000,   120.0000,   115.0000,   115.0000,        717,         12,               84519
VSWS,B,20260805,530733,,Encode Packaging I,    10.5000,    11.3900,    10.5000,    11.3900,        784,          4,                8891
VSWS,B,20260805,530735,,Super Bakers (India),    30.5100,    30.5100,    30.5100,    30.5100,          2,          1,                  61
VSWS,B,20260805,530741,,Ovobel Foods,   162.9000,   168.8000,   161.0000,   163.0000,       2948,         76,              479361
VSWS,B,20260805,530745,,ACS Technologies,    44.0000,    44.6300,    43.3600,    44.6300,     107631,        279,             4793863
VSWS,B,20260805,530747,,Challani Capital,    17.5600,    19.3900,    17.5600,    18.1700,        586,         21,               10461
VSWS,B,20260805,530755,,Coral Papers & News,     9.8100,     9.8100,     9.8100,     9.8100,          3,          1,                  29
VSWS,B,20260805,530757,,Shentracon Chemicals,   133.5500,   133.5500,   133.5500,   133.5500,         75,          2,               10016
VSWS,B,20260805,530759,,Sterling Tools,   255.0000,   260.4000,   255.0000,   255.1000,       4929,         50,             1263927
VSWS,B,20260805,530765,,Agarwal Fortune Indi,    22.0000,    22.0000,    22.0000,    22.0000,         50,          2,                1100
VSWS,B,20260805,530779,,Dynamic Portfolio,    18.1200,    18.1200,    16.4000,    16.5500,       2985,         18,               53770
VSWS,B,20260805,530787,,Inland Printers,    68.5100,    68.5100,    68.5100,    68.5100,          1,          1,                  68
VSWS,B,20260805,530789,,Ceejay Finance,   185.0000,   185.0000,   184.9000,   184.9500,        135,          3,               24964
VSWS,B,20260805,530795,,Suncity Synthetics,     7.1300,     7.1500,     7.1300,     7.1500,       1121,          5,                7995
VSWS,B,20260805,530799,,Anna Infrastructures,    27.7600,    27.7600,    26.1500,    26.2700,        526,         11,               14551
VSWS,B,20260805,530803,,Bhageria Industries,   215.0000,   216.9500,   208.5000,   210.1000,       2434,         67,              516023
VSWS,B,20260805,530805,,Onesource Industries,     6.2000,     6.2000,     5.6000,     5.9000,      13546,         79,               79274
VSWS,B,20260805,530809,,BNR Udyog,    43.5000,    43.5000,    36.2500,    36.3600,       2499,         26,               97690
VSWS,B,20260805,530813,,K R B L,   370.0500,   379.4000,   370.0500,   374.1500,       7309,        232,             2749214
VSWS,B,20260805,530821,,S S P D L,    17.8100,    17.8100,    16.1300,    16.1300,      12209,         36,              198345
VSWS,B,20260805,530825,,Daikaffil Chemicals,    44.5900,    45.0300,    44.5900,    45.0200,        752,          4,               33836
VSWS,B,20260805,530829,,Cil Securities,    38.1000,    38.1000,    37.9000,    37.9000,        231,         11,                8777
VSWS,B,20260805,530839,,Clio Infotech,    15.0000,    15.1500,    14.1000,    15.1500,      37449,        128,              563176
VSWS,B,20260805,530843,,Cupid,   240.2000,   254.0500,   240.0000,   251.7000,    3407308,      24955,           842742675
VSWS,B,20260805,530845,,Sunshield Chemicals,  1237.9500,  1237.9500,  1169.9500,  1170.0000,       1515,        114,             1797355
VSWS,B,20260805,530853,,Hipolin,   118.8000,   118.8000,   118.8000,   118.8000,        756,          9,               89812
VSWS,B,20260805,530855,,GDL Leasing & Fin,    65.0000,    65.0000,    62.2300,    62.2300,         30,          2,                1922
VSWS,B,20260805,530871,,Chembond Material Te,   175.2500,   179.6000,   170.1500,   178.0000,       1275,         14,              226720
VSWS,B,20260805,530879,,Capital India Financ,    21.0500,    21.8500,    20.8400,    21.4000,      65104,        403,             1393239
VSWS,B,20260805,530881,,Arunjyoti Bio Ventur,     5.1000,     5.2800,     5.1000,     5.1700,     116260,        271,              601347
VSWS,B,20260805,530883,,Super Crop Safe,    14.9000,    14.9000,    14.2000,    14.6100,      99330,        141,             1449406
VSWS,B,20260805,530897,,NG Industries,   115.0000,   115.0000,   115.0000,   115.0000,        202,          4,               23230
VSWS,B,20260805,530907,,SI Capital & Fin Ser,    14.8100,    16.0000,    14.7800,    15.9100,       7449,         39,              112808
VSWS,B,20260805,530919,,Remsons Industries,    88.0000,    88.0000,    81.9600,    86.0800,       9193,        180,              778582
VSWS,B,20260805,530925,,Ramsons Projects,    85.5000,    93.4400,    84.5500,    85.0000,       2726,         25,              232991
VSWS,B,20260805,530943,,Aqylon Nexus,    24.4100,    26.6900,    24.1600,    26.6700,     547614,       1933,            14361909
VSWS,B,20260805,530951,,Raminfo,    44.7000,    45.4500,    42.0000,    43.6100,       6632,         75,              287506
VSWS,B,20260805,530959,,Diana Tea Company,    24.7400,    26.4900,    24.7400,    26.3000,       5211,         42,              133331
VSWS,B,20260805,530961,,Vikas EcoTech,     1.1000,     1.1400,     1.1000,     1.1100,     361298,        275,              404097
VSWS,B,20260805,530965,,Indian Oil Corp,   143.7000,   144.5500,   142.9000,   143.2000,     772698,       7092,           111048593
VSWS,B,20260805,530973,,Alfa Ica (India),    79.3500,    79.4000,    79.3500,    79.4000,       1000,          3,               79355
VSWS,B,20260805,530977,,Shri Keshav Cements,   117.2500,   117.2500,   110.5000,   113.8500,      41290,        146,             4663371
VSWS,B,20260805,530979,,India Home Loan,    31.3000,    31.3000,    29.1600,    30.2500,       1601,         19,               47133
VSWS,B,20260805,530991,,Roopa Industries,    47.4000,    51.9900,    46.9500,    48.8500,        102,         19,                4822
VSWS,B,20260805,530993,,Sarthak Global,    39.6600,    39.6600,    39.6600,    39.6600,          1,          1,                  39
VSWS,B,20260805,530997,,Unique Organic,    83.0000,    92.0000,    82.4000,    87.4000,      10627,        176,              916298
VSWS,B,20260805,530999,,Balaji Amines,  2009.3000,  2047.0000,  1980.0000,  2000.7000,      13927,       1071,            28005164
VSWS,B,20260805,531015,,Venmax Drugs Pharma,    17.5000,    17.8000,    16.5000,    17.3400,       6721,         42,              115605
VSWS,B,20260805,531017,,Arihant's Securities,    20.5000,    20.5000,    18.5500,    18.5500,          6,          4,                 121
VSWS,B,20260805,531025,,Visagar Fin Services,     0.3300,     0.3300,     0.3200,     0.3200,     339057,        217,              110140
VSWS,B,20260805,531027,,Libord Securities,    19.7000,    19.7000,    19.7000,    19.7000,          1,          1,                  19
VSWS,B,20260805,531033,,Regal Entertainment,    15.0000,    15.0700,    14.5500,    14.5500,        985,          4,               14761
VSWS,B,20260805,531035,,EBIX,    20.4400,    20.4400,    19.5000,    19.6300,     127383,        304,             2516347
VSWS,B,20260805,531039,,Swadha Nature,     8.4000,     8.4000,     8.4000,     8.4000,          1,          1,                   8
VSWS,B,20260805,531041,,Competent Automobile,   352.4000,   378.9500,   352.4000,   364.3000,       4800,         90,             1729384
VSWS,B,20260805,531043,,Dhanvantri Jeevan,    24.0000,    24.0000,    24.0000,    24.0000,         53,          2,                1272
VSWS,B,20260805,531049,,Neelkanth Rockmine,    57.3200,    57.3300,    57.0000,    57.3300,       4566,         42,              261659
VSWS,B,20260805,531051,,Vintage Securities,    15.0000,    15.3200,    15.0000,    15.3200,       1330,          4,               20356
VSWS,B,20260805,531067,,Contil India,    21.0000,    22.3400,    21.0000,    21.1400,       2814,         35,               59832
VSWS,B,20260805,531069,,Vijay Solvex,   700.0000,   721.0000,   699.0000,   700.0000,        371,         15,              262005
VSWS,B,20260805,531080,,Shri Krishna Devcon,    51.9000,    51.9000,    41.0000,    42.9900,        282,         12,               12289
VSWS,B,20260805,531082,,Alankit,     7.6600,     8.0100,     7.6600,     7.8800,      21832,        115,              172431
VSWS,B,20260805,531083,,Nihar Info Global,     5.9000,     5.9000,     5.8800,     5.8800,       5102,          6,               30019
VSWS,B,20260805,531091,,United Credit,    25.5000,    25.5000,    25.0000,    25.0000,       1802,         15,               45060
VSWS,B,20260805,531092,,Om Infra,    89.3200,    90.8100,    89.3200,    89.6600,       2044,         57,              183632
VSWS,B,20260805,531099,,Centuple Global,    38.9900,    41.0000,    37.1100,    39.5600,       7374,         52,              286933
VSWS,B,20260805,531109,,Ishan Dyes And Chemi,    52.8500,    53.1500,    48.8500,    50.5800,       2428,         43,              122801
VSWS,B,20260805,531111,,Gothi Plascon (India,    39.0000,    39.0000,    39.0000,    39.0000,        200,          1,                7800
VSWS,B,20260805,531112,,Balu Forge Industrie,   438.9500,   451.0000,   438.9500,   445.2500,      37564,        869,            16812749
VSWS,B,20260805,531119,,Ceenik Exports (I),   264.9000,   264.9000,   251.0500,   254.1500,        215,          9,               54664
VSWS,B,20260805,531120,,Patel Engineering,    28.8100,    29.1900,    28.5000,    28.7600,     306363,        792,             8823795
VSWS,B,20260805,531126,,Kati Patang Lifestyl,    17.8100,    17.8100,    17.0000,    17.6200,     164081,        144,             2911349
VSWS,B,20260805,531127,,Mena Mani Industries,    11.8500,    12.2500,    11.7100,    11.8600,     388920,        177,             4611218
VSWS,B,20260805,531129,,Inani Marbles & Ind,     9.0000,     9.1500,     9.0000,     9.0000,        354,         10,                3198
VSWS,B,20260805,531137,,Gemstone Investments,     1.4900,     1.6000,     1.4800,     1.5200,     100919,        134,              153943
VSWS,B,20260805,531144,,EL Forge,    18.0000,    18.0000,    17.2600,    17.7100,      22080,         47,              386318
VSWS,B,20260805,531146,,Medicamen Biotech,   249.8500,   249.8500,   240.7500,   243.1000,        721,         95,              176722
VSWS,B,20260805,531147,,Alicon Castalloy,   698.0000,   729.0000,   698.0000,   722.6000,       2691,        113,             1935929
VSWS,B,20260805,531153,,Diligent Industries,     2.0700,     2.0700,     2.0200,     2.0200,      50268,         98,              102168
VSWS,B,20260805,531155,,Epsom Properties,     8.2000,     8.2000,     8.2000,     8.2000,          3,          2,                  24
VSWS,B,20260805,531156,,Alfavision Overseas,    13.1000,    13.1300,    12.6700,    12.9700,      37787,        182,              490421
VSWS,B,20260805,531157,,Organic Coatings,    18.7700,    18.8600,    18.7700,    18.8600,         20,          3,                 376
VSWS,B,20260805,531158,,Catvision,    19.7800,    20.8700,    19.5300,    20.2800,       6194,         34,              122622
VSWS,B,20260805,531161,,ABM Knowledgeware,   194.0500,   197.4000,   188.6000,   190.0000,        476,         22,               91187
VSWS,B,20260805,531162,,Emami,   394.7000,   405.0500,   394.7000,   402.3000,      50251,       2168,            20154043
VSWS,B,20260805,531163,,Kemistar Corporation,    51.0000,    51.0000,    48.1000,    48.8300,        238,          5,               11478
VSWS,B,20260805,531169,,SKP Securities,   114.9000,   114.9000,   107.5000,   109.9900,       1703,         59,              188581
VSWS,B,20260805,531173,,Syschem (India),    33.8300,    36.0000,    30.8000,    34.9700,     212765,        827,             7197408
VSWS,B,20260805,531176,,Mefcom Capital Mkt,     9.9700,     9.9700,     9.5000,     9.5200,       4176,         28,               39798
VSWS,B,20260805,531178,,Hemang Resources,    15.2500,    15.2500,    13.1000,    13.1500,       3702,         43,               49132
VSWS,B,20260805,531179,,Arman Financial Serv,  2005.0000,  2090.3000,  1990.9000,  2049.5000,       2568,        320,             5269707
VSWS,B,20260805,531190,,Eforu Entertainment,    94.7000,    97.9000,    88.7200,    92.7600,       9319,         89,              870079
VSWS,B,20260805,531191,,Filtron Engineers,    71.8200,    71.8200,    71.8200,    71.8200,       1280,          6,               91929
VSWS,B,20260805,531201,,Shilchar Technologie,  4679.1000,  4690.7000,  4466.0500,  4479.1500,       2396,        729,            10851356
VSWS,B,20260805,531205,,Spright Agro,     0.4500,     0.4600,     0.4400,     0.4500,    3420326,        817,             1535743
VSWS,B,20260805,531209,,Nucleus Software Exp,   702.0000,   702.0000,   687.9000,   688.3000,       1320,         78,              915868
VSWS,B,20260805,531210,,Colinz Laboratories,    78.0000,    81.7000,    74.1000,    81.7000,       1036,         29,               80601
VSWS,B,20260805,531212,,Nalin Lease Finance,    39.0100,    39.8600,    38.8100,    39.3400,        167,          7,                6505
VSWS,B,20260805,531213,,Manappuram Finance,   361.9500,   369.6500,   360.1000,   368.0000,     295600,       4876,           107518156
VSWS,B,20260805,531215,,RTS Power Corp,   104.9500,   104.9500,   100.5500,   103.6000,        569,         19,               58390
VSWS,B,20260805,531216,,Comfort Intech,     6.3200,     6.5800,     6.2500,     6.2900,      70663,        194,              445685
VSWS,B,20260805,531219,,Shyama Computronics,     3.4700,     3.4700,     3.4700,     3.4700,        100,          1,                 347
VSWS,B,20260805,531221,,Mayur Floorings,    16.6900,    16.6900,    16.2200,    16.2200,        520,          6,                8586
VSWS,B,20260805,531223,,Anjani Synthetics,    23.4600,    23.7100,    23.1500,    23.6400,       2481,         19,               58193
VSWS,B,20260805,531225,,XTGlobal Infotech,    33.3000,    33.8200,    32.5000,    33.2300,       3296,        158,              108913
VSWS,B,20260805,531227,,Deco Mica,    72.4000,    72.4000,    65.5200,    66.8300,        711,         20,               48847
VSWS,B,20260805,531233,,Rasi Electrodes,    12.0200,    12.2900,    12.0200,    12.2400,       7692,         46,               93407
VSWS,B,20260805,531234,,Scoobee Day Garments,    71.0000,    71.8000,    68.7000,    68.7800,       1208,         19,               84755
VSWS,B,20260805,531237,,Dhruva Capital Serv,   110.2000,   110.2000,   110.2000,   110.2000,      22223,         21,             2448974
VSWS,B,20260805,531241,,Linc,    98.1000,   103.9000,    98.1000,   100.7500,       1775,         64,              179566
VSWS,B,20260805,531253,,India Gelatine,   376.4500,   382.0000,   373.5000,   381.5000,        476,         33,              179693
VSWS,B,20260805,531254,,Optimus Finance,    11.9900,    11.9900,    11.6000,    11.7100,       9322,         96,              109366
VSWS,B,20260805,531255,,Paragon Finance,    47.9800,    49.8900,    43.5200,    49.8900,        168,         13,                7964
VSWS,B,20260805,531257,,Vellora Impact,    15.5000,    15.5000,    14.7000,    15.0000,      19042,        141,              286077
VSWS,B,20260805,531259,,Esha Media Research,    52.0400,    52.5000,    52.0400,    52.0400,       1251,          8,               65102
VSWS,B,20260805,531266,,VST Tillers Tractors,  4465.5500,  4553.4000,  4397.6500,  4493.3500,       1361,        194,             6093993
VSWS,B,20260805,531268,,B2B Software Techno,    25.2500,    25.4800,    24.1200,    24.8900,       8590,        294,              213853
VSWS,B,20260805,531272,,Nikki Global Finance,    19.0700,    19.0700,    19.0700,    19.0700,        900,          3,               17163
VSWS,B,20260805,531273,,Radhe Developers (I),     1.4700,     1.4800,     1.4500,     1.4700,      37738,         86,               55201
VSWS,B,20260805,531274,,Kinetic Trust,    41.6900,    41.6900,    41.6900,    41.6900,         50,          1,                2084
VSWS,B,20260805,531278,,Elixir Capital,   119.3500,   119.3500,   112.3500,   115.0000,         26,         13,                3014
VSWS,B,20260805,531279,,Trishakti Industries,   221.0000,   225.0000,   216.0000,   224.5500,      21351,        172,             4778821
VSWS,B,20260805,531280,,Pankaj Polymers,    91.5000,    92.0000,    87.5700,    88.9800,      10780,         92,              965446
VSWS,B,20260805,531281,,Marble City India,   119.0000,   123.7500,   113.0000,   115.7000,       2830,         46,              325879
VSWS,B,20260805,531287,,National Plastic Tec,   239.0000,   245.9500,   225.6500,   234.9000,       1155,         44,              273501
VSWS,B,20260805,531289,,National Fittings,   146.5000,   155.4000,   146.5000,   155.4000,       8912,         55,             1365179
VSWS,B,20260805,531297,,Artefact Projects,    52.2600,    53.3900,    52.2100,    53.3900,       4484,         29,              236804
VSWS,B,20260805,531306,,DHP India,   527.0000,   527.0000,   506.0000,   509.0000,        620,         31,              315238
VSWS,B,20260805,531307,,RRIL,    17.8300,    18.8500,    17.8300,    18.6300,      31597,         76,              584165
VSWS,B,20260805,531310,,Available Finance,   141.0000,   141.8500,   133.0000,   134.9500,      12307,        232,             1670903
VSWS,B,20260805,531319,,Maruti Global Indust,    38.2500,    38.4900,    37.4800,    38.4000,        692,         12,               26053
VSWS,B,20260805,531322,,Sri Havisha Hospital,     1.3200,     1.4900,     1.3200,     1.4500,      38442,        129,               55714
VSWS,B,20260805,531324,,Roselabs Finance,    23.0500,    23.0500,    23.0000,    23.0000,        331,          6,                7618
VSWS,B,20260805,531328,,Kretto Syscon,     0.4800,     0.4900,     0.4700,     0.4800,    1106351,        233,              532171
VSWS,B,20260805,531335,,Zydus Wellness,   598.8000,   598.8000,   525.9000,   531.1500,      44023,       1620,            23905117
VSWS,B,20260805,531338,,Milestone Global,    16.0000,    16.0000,    16.0000,    16.0000,         20,          1,                 320
VSWS,B,20260805,531340,,Bervin Inv & Leas,    44.2500,    44.2500,    40.1200,    40.1200,         57,          9,                2505
VSWS,B,20260805,531341,,Ashtasidhhi Industri,    18.8700,    18.8700,    18.8700,    18.8700,         54,          5,                1018
VSWS,B,20260805,531344,,Container Corp,   518.6500,   528.5500,   517.0500,   518.4500,     479756,       3240,           249217563
VSWS,B,20260805,531346,,Eastern Treads,    33.6000,    33.6000,    29.0000,    30.4600,       2959,         84,               92149
VSWS,B,20260805,531349,,Panacea Biotec,   420.0000,   433.7500,   416.1000,   419.9000,      12243,        403,             5226747
VSWS,B,20260805,531357,,Mercury Ev-Tech,    36.6000,    36.6000,    34.6000,    35.1800,     134753,        476,             4729485
VSWS,B,20260805,531358,,Choice International,   825.9500,   834.0000,   823.1000,   824.5000,       4261,        250,             3530001
VSWS,B,20260805,531359,,Shriram Asset Mgmt,   300.0000,   313.9000,   299.0000,   303.1500,       3856,         72,             1176991
VSWS,B,20260805,531364,,Ekansh Concepts,   238.9000,   238.9000,   231.5000,   232.0500,       2843,         31,              664268
VSWS,B,20260805,531370,,Sparc Electrex,     5.0100,     5.1300,     4.7500,     5.0100,       8815,         51,               44459
VSWS,B,20260805,531373,,Byke Hospitality,    33.8800,    34.5600,    33.8800,    33.9000,        610,          4,               20735
VSWS,B,20260805,531381,,Arihant Foundations,  1169.9000,  1178.9000,  1111.7000,  1143.9000,        638,         44,              726378
VSWS,B,20260805,531390,,Upsurge Invt & Fin,    75.8000,    76.8000,    73.5000,    73.9100,      14660,         48,             1083342
VSWS,B,20260805,531395,,Padam Cotton Yarns,     0.9800,     0.9800,     0.9600,     0.9700,     577984,        373,              560278
VSWS,B,20260805,531396,,Pagaria Energy,     8.1000,     8.1000,     8.1000,     8.1000,        226,          3,                1830
VSWS,B,20260805,531397,,Polycon Intl,    22.6600,    22.6600,    21.0000,    21.0000,         15,          4,                 327
VSWS,B,20260805,531398,,Source Natural Foods,   109.5000,   109.5000,   103.3000,   107.7000,       5790,        118,              607940
VSWS,B,20260805,531399,,GG Automotive Gears,   169.8500,   169.8500,   164.0000,   166.9500,       3868,         65,              645550
VSWS,B,20260805,531400,,Almondz Global Sec,    13.3500,    14.7400,    13.3500,    14.5400,       4543,         39,               65813
VSWS,B,20260805,531402,,LWS Knitwear,    16.9000,    16.9100,    15.5000,    15.7500,      12472,         46,              206978
VSWS,B,20260805,531411,,Tuni Textile Mills,     1.0100,     1.0300,     1.0000,     1.0100,     311225,         91,              315000
VSWS,B,20260805,531412,,Radix Industries (I),   152.5000,   152.5000,   140.4500,   146.5000,         41,         12,                5791
VSWS,B,20260805,531416,,Narendra Properties,    34.0100,    39.9700,    34.0100,    36.8900,        469,         41,               17078
VSWS,B,20260805,531417,,Mega Corporation,     2.9400,     3.0200,     2.9000,     2.9200,      68220,        133,              204199
VSWS,B,20260805,531420,,Bokadia Films,     7.5600,     7.5600,     6.8400,     6.8500,         43,          5,                 323
VSWS,B,20260805,531426,,Tamil Nadu Newsprint,   155.8000,   155.8000,   152.6500,   153.6000,       5913,        128,              914742
VSWS,B,20260805,531431,,Shakti Pumps (India),   522.0000,   524.0500,   517.0500,   518.7000,      26864,        954,            13967164
VSWS,B,20260805,531433,,Sungold Capital,     2.7900,     2.7900,     2.7800,     2.7800,        489,          6,                1360
VSWS,B,20260805,531436,,Saffron Industries,    26.2600,    27.5000,    26.2600,    27.4400,       3270,         33,               88255
VSWS,B,20260805,531437,,Prakash Woollen & Sy,    24.4900,    24.4900,    23.0000,    23.0000,         47,          5,                1089
VSWS,B,20260805,531439,,Aion-Tech Solutions,    54.0000,    55.0000,    53.1000,    53.3200,       5981,         45,              324228
VSWS,B,20260805,531441,,Lyons Corporate,    23.4000,    23.4000,    23.4000,    23.4000,          1,          1,                  23
VSWS,B,20260805,531449,,GRM Overseas,    91.0100,    92.7500,    90.1000,    91.0300,     202845,        850,            18596295
VSWS,B,20260805,531453,,Mohit Industries,    28.5100,    29.7000,    26.2000,    26.7000,     186501,        787,             5218121
VSWS,B,20260805,531454,,Polylink Polymers,    22.5000,    23.0000,    21.8200,    22.7000,       4385,         41,               98551
VSWS,B,20260805,531456,,Minaxi Textiles,     1.4100,     1.4100,     1.3800,     1.3800,       2770,         16,                3849
VSWS,B,20260805,531458,,Boston Commerce,     4.9000,     5.1400,     4.9000,     5.1400,      26567,         12,              130342
VSWS,B,20260805,531460,,Continental Controls,    12.0000,    12.0000,    12.0000,    12.0000,        106,          5,                1272
VSWS,B,20260805,531463,,Global Infra & Fin,    58.7000,    58.7000,    58.7000,    58.7000,         53,          8,                3111
VSWS,B,20260805,531465,,Nouveau Global Vent,     0.2600,     0.2600,     0.2500,     0.2600,      41007,         42,               10631
VSWS,B,20260805,531471,,Duke Offshore,    40.5500,    40.5500,    40.5500,    40.5500,      16798,         33,              681158
VSWS,B,20260805,531472,,Cybele Industries,    46.8600,    46.8600,    43.1100,    45.7000,        361,         20,               16501
VSWS,B,20260805,531486,,Filmcity Media,     1.5600,     1.5600,     1.4200,     1.4200,      32039,         32,               46088
VSWS,B,20260805,531489,,CG Vak Software,   180.0000,   180.0000,   168.0000,   169.6000,       1164,         75,              200179
VSWS,B,20260805,531494,,Navkar Urbanstructur,     1.0500,     1.0500,     1.0000,     1.0400,       4813,         24,                4906
VSWS,B,20260805,531497,,Madhucon Projects,     5.1400,     5.3600,     4.9000,     5.3600,       3390,         10,               17678
VSWS,B,20260805,531500,,Rajesh Exports,    88.7000,    88.7000,    84.0500,    84.8000,      15463,        193,             1311188
VSWS,B,20260805,531502,,Esaar (India),    11.1900,    11.1900,    10.8200,    11.0100,      23178,         47,              254469
VSWS,B,20260805,531503,,Maris Spinners,    30.8000,    31.0000,    30.2000,    30.7900,       1041,         10,               31742
VSWS,B,20260805,531505,,Indergiri Finance,    32.8900,    32.8900,    31.0000,    31.0000,         21,          3,                 671
VSWS,B,20260805,531506,,Shukra Bullions,    25.5000,    25.6300,    25.5000,    25.5100,         90,          5,                2304
VSWS,B,20260805,531508,,Eveready Industries,   360.0000,   364.0000,   352.6000,   359.2500,      14091,        416,             5060546
VSWS,B,20260805,531509,,Step Two Corporation,    20.9400,    21.9800,    20.0100,    21.7300,        742,          9,               16104
VSWS,B,20260805,531512,,Orient Tradelink,     5.0000,     5.2800,     4.9900,     5.1400,     114930,        274,              583574
VSWS,B,20260805,531518,,Vikas Proppant & Gra,     0.2700,     0.2700,     0.2600,     0.2600,     174262,        119,               45512
VSWS,B,20260805,531521,,Desh Rakshak Aushdh,    28.0500,    28.0500,    28.0500,    28.0500,        100,          1,                2805
VSWS,B,20260805,531525,,ACE Software Exports,   164.1000,   169.0000,   156.2500,   158.6000,      72574,        378,            11525297
VSWS,B,20260805,531529,,Softrak Venture Inv,     1.5800,     1.5800,     1.4700,     1.5300,      41349,         50,               61872
VSWS,B,20260805,531531,,Hatsun Agro Products,   889.0000,   916.8000,   889.0000,   910.6500,        994,         96,              902062
VSWS,B,20260805,531537,,Mizzen Ventures,    45.7600,    50.5600,    45.7600,    45.7600,     170998,        203,             8310696
VSWS,B,20260805,531539,,Rishabh Digha Steel,    36.5000,    36.5000,    35.9900,    35.9900,          6,          3,                 216
VSWS,B,20260805,531540,,Maruti Infra,    10.1000,    10.5000,    10.1000,    10.4400,       6736,         52,               69524
VSWS,B,20260805,531541,,Kobo Biotech,     7.3100,     7.3100,     7.3100,     7.3100,      12885,         21,               94189
VSWS,B,20260805,531543,,Jindal Worldwide,    39.8900,    39.9000,    38.5000,    39.5000,     510134,       1158,            20132276
VSWS,B,20260805,531548,,Somany Ceramics,   508.3000,   509.9000,   494.8500,   503.0500,       1767,        163,              885468
VSWS,B,20260805,531550,,Jhaveri Credits,   191.7500,   191.7500,   175.0000,   183.9000,        481,         19,               86912
VSWS,B,20260805,531552,,RTCL,    14.1500,    14.2000,    13.2500,    13.8300,       1086,         17,               15012
VSWS,B,20260805,531553,,Disha Resources,    28.5000,    28.5000,    25.9700,    27.4000,       7531,         25,              206102
VSWS,B,20260805,531556,,Coral India Finance,    34.3900,    35.5000,    32.7000,    33.7500,     118995,        255,             4000852
VSWS,B,20260805,531557,,Amit Securities,    51.2300,    51.2300,    46.3600,    46.3600,        148,          4,                6980
VSWS,B,20260805,531568,,Tridev InfraEstates,     6.0000,     6.0000,     6.0000,     6.0000,          2,          1,                  12
VSWS,B,20260805,531569,,Sanjivani Paranteral,   160.0000,   191.5000,   155.0000,   191.5000,     142717,        657,            26853045
VSWS,B,20260805,531572,,Ranjit Securities,    55.3100,    55.3100,    55.3100,    55.3100,          1,          1,                  55
VSWS,B,20260805,531574,,Vas Infrastructure,     9.5400,     9.5400,     8.6500,     9.1400,       4127,         20,               37166
VSWS,B,20260805,531582,,Beryl Securities,    35.8400,    35.8400,    35.8400,    35.8400,          2,          1,                  71
VSWS,B,20260805,531583,,Rap Corp,    38.0000,    38.5400,    35.1100,    38.5400,        286,         13,               10630
VSWS,B,20260805,531585,,Devine Impex,     9.0000,     9.0000,     9.0000,     9.0000,        100,          3,                 900
VSWS,B,20260805,531591,,BAMPSL Securities,    19.6400,    19.6400,    19.3800,    19.4200,       2794,         21,               54568
VSWS,B,20260805,531592,,Genpharmasec,     1.0800,     1.0800,     1.0300,     1.0500,     340587,        225,              358621
VSWS,B,20260805,531594,,Incon Engineers,    25.8400,    25.8400,    25.8400,    25.8400,       3101,          4,               80129
VSWS,B,20260805,531595,,Capri Global Capital,   230.0500,   240.0500,   229.8000,   238.0500,     297245,       4373,            70010361
VSWS,B,20260805,531599,,F D C,   403.9500,   422.0000,   382.4000,   387.5000,      92000,       2277,            37053876
VSWS,B,20260805,531600,,Gogia Capital Growth,    43.2200,    47.7200,    43.2000,    47.7200,        200,          4,                8868
VSWS,B,20260805,531608,,Gorani Industries,    49.0000,    49.0000,    47.5000,    49.0000,       1812,         10,               87520
VSWS,B,20260805,531609,,KG Petrochem,   185.8500,   185.8500,   185.8500,   185.8500,        103,          3,               19142
VSWS,B,20260805,531613,,Meyer Apparel,     1.4000,     1.4200,     1.4000,     1.4000,       2421,          7,                3403
VSWS,B,20260805,531624,,Country Condo's,     6.1000,     6.2600,     5.7600,     5.9100,       5328,         57,               31755
VSWS,B,20260805,531626,,Orosil Smiths India,     6.3800,     6.4400,     6.1700,     6.3800,      29646,        210,              188129
VSWS,B,20260805,531628,,Tejassvi Aaharam,    69.7300,    69.7300,    69.7300,    69.7300,      98955,         25,             6900132
VSWS,B,20260805,531633,,Lincoln Pharm,   599.2500,   612.7000,   586.6500,   609.3500,       1300,        106,              784804
VSWS,B,20260805,531635,,Silver Oak (India),    77.2000,    78.4000,    77.0000,    77.7500,        657,         29,               51017
VSWS,B,20260805,531637,,Praveg,   290.1500,   293.0000,   280.5000,   283.2000,       6943,        285,             1993919
VSWS,B,20260805,531640,,Suvidha Infraestate,    13.2300,    13.2300,    13.2300,    13.2300,        100,          1,                1323
VSWS,B,20260805,531642,,Marico,   881.4500,   881.4500,   847.4000,   854.5000,     147286,       6507,           126155973
VSWS,B,20260805,531644,,Tokyo Finance,    18.3500,    18.3500,    17.3200,    17.8400,        211,         12,                3770
VSWS,B,20260805,531652,,UVS Hosp & Services,    86.2500,    97.6000,    86.2500,    94.8400,       6907,         79,              650688
VSWS,B,20260805,531658,,Abate As Industries,     9.6500,     9.9200,     9.6500,     9.7500,       7626,         26,               74295
VSWS,B,20260805,531661,,Hittco Tools,    12.0000,    12.0000,    11.6500,    11.9700,       1354,          8,               16150
VSWS,B,20260805,531663,,Yuvraaj Hygiene Prod,     7.3000,     7.9400,     7.3000,     7.6000,      15314,         47,              117409
VSWS,B,20260805,531667,,RR Metalmakers India,    76.2600,    76.2600,    76.2600,    76.2600,      22233,         42,             1695488
VSWS,B,20260805,531668,,Vision Corporation,     2.1000,     2.1000,     2.0200,     2.0200,       2200,          5,                4532
VSWS,B,20260805,531671,,Karnawati Innovation,     1.2400,     1.2400,     1.1700,     1.2000,      44925,        101,               53883
VSWS,B,20260805,531672,,Inani Securities,    21.4000,    22.8500,    21.4000,    21.4000,        131,          3,                2948
VSWS,B,20260805,531673,,Anka India,    22.0600,    22.3900,    20.9000,    21.3800,       7323,         59,              156610
VSWS,B,20260805,531676,,Emrock Corporation,   267.0000,   267.0000,   263.9500,   267.0000,       1049,         16,              279811
VSWS,B,20260805,531680,,Mayur Leather,    23.5800,    23.8000,    21.7000,    21.7100,       7195,         35,              162740
VSWS,B,20260805,531681,,Amerise Biosciences,     0.9600,     0.9600,     0.8800,     0.8800,     181056,         34,              167875
VSWS,B,20260805,531688,,Prithvi Exchange (I),   105.8400,   105.8400,   100.6500,   102.9900,       1579,         35,              159558
VSWS,B,20260805,531692,,Khyati Multimedia,     3.0500,     3.0500,     2.8000,     3.0000,       8308,         20,               23782
VSWS,B,20260805,531694,,Rainbow Foundations,    36.2500,    40.0000,    36.2500,    38.7500,      11764,         53,              451003
VSWS,B,20260805,531716,,Tricom Fruit Product,     1.8600,     1.8600,     1.7500,     1.7500,      11473,         31,               20459
VSWS,B,20260805,531717,,Vidhi Specialty Food,   336.5000,   336.5000,   320.0000,   323.7000,       1242,        140,              402787
VSWS,B,20260805,531719,,Bhagiradha Chemicals,   290.3500,   290.3500,   281.0000,   281.7500,       3108,        414,              886846
VSWS,B,20260805,531723,,GACM Technologies,     0.6300,     0.6300,     0.6300,     0.6300,     306199,        161,              192905
VSWS,B,20260805,531726,,Panchsheel Organics,   114.0000,   114.9500,   111.8000,   114.9000,       1469,         55,              165948
VSWS,B,20260805,531727,,Menon Pistons,    77.8800,    77.8900,    70.6000,    73.9400,      49010,        555,             3639684
VSWS,B,20260805,531737,,Greencrest Fin Ser,     0.5100,     0.5200,     0.4900,     0.5200,     100919,        153,               50878
VSWS,B,20260805,531739,,Gennex Laboratories,     9.0400,     9.4500,     8.8000,     8.9000,     373604,        552,             3348893
VSWS,B,20260805,531744,,Gini Silk Mills,    54.0100,    56.0000,    54.0100,    54.3500,         13,          5,                 706
VSWS,B,20260805,531746,,Prajay Engineers,    21.6500,    21.6900,    20.0700,    20.2800,      21197,         94,              442329
VSWS,B,20260805,531752,,Biogen Pharma Ind,     0.2900,     0.3000,     0.2800,     0.2900,    6889982,       1243,             2002700
VSWS,B,20260805,531758,,GK Consultants,    11.1100,    11.9100,    11.1000,    11.8500,        617,          6,                6867
VSWS,B,20260805,531761,,Apollo Pipes,   534.9500,   543.0000,   523.8500,   531.1000,     236689,       1274,           127105248
VSWS,B,20260805,531762,,Unjha Formulations,    26.2000,    26.2000,    25.1000,    25.1000,       4292,         28,              108970
VSWS,B,20260805,531768,,Poly Medicure,  1749.1500,  1749.1500,  1705.2000,  1706.6500,        843,        119,             1446743
VSWS,B,20260805,531769,,PFL Infotech,     3.8300,     3.9100,     3.8300,     3.9100,        313,          3,                1199
VSWS,B,20260805,531771,,Shraddha Prime Proje,   152.8500,   153.3500,   147.1000,   150.0000,       6559,         51,              985956
VSWS,B,20260805,531779,,Padmanabh Alloy,    13.3500,    13.3500,    13.3500,    13.3500,        626,          3,                8357
VSWS,B,20260805,531780,,Kaiser Corporation,     6.1900,     6.2500,     6.1800,     6.2500,    1669285,         40,            10432606
VSWS,B,20260805,531784,,KCL Infra Projects,     1.1700,     1.1800,     1.1500,     1.1600,      21734,         79,               25348
VSWS,B,20260805,531795,,Atul Auto,   560.4500,   596.6500,   557.7000,   581.2500,      62795,       2217,            36755453
VSWS,B,20260805,531802,,Prerna Infrabuild,    26.9900,    26.9900,    26.4600,    26.9500,       3769,         17,              101534
VSWS,B,20260805,531810,,Metal Coatings (I),    53.0000,    54.9900,    51.4100,    53.0000,        554,         21,               29556
VSWS,B,20260805,531812,,SGN Telecoms,     0.5100,     0.5300,     0.5100,     0.5300,      37927,         28,               19808
VSWS,B,20260805,531814,,Tirupati Sarjan,     8.5900,     8.8900,     8.4200,     8.7700,        606,         20,                5286
VSWS,B,20260805,531821,,Munoth Financial,    43.0300,    43.0300,    43.0300,    43.0300,        150,          2,                6454
VSWS,B,20260805,531822,,Rodium Realty,   177.0000,   177.0000,   155.0000,   155.0000,       1112,         29,              178943
VSWS,B,20260805,531832,,Nagarjuna Agri Tech,    43.6500,    43.6500,    43.6500,    43.6500,       4308,         14,              188044
VSWS,B,20260805,531834,,Natura Hue Chem,    35.9500,    35.9500,    35.9500,    35.9500,       4464,         11,              160480
VSWS,B,20260805,531840,,IEC Education,    19.6600,    21.7800,    19.6600,    21.7500,       2216,          8,               46969
VSWS,B,20260805,531841,,Indus Finance,   165.0000,   174.9000,   158.7000,   174.0000,       7892,         98,             1331528
VSWS,B,20260805,531842,,Lahoti Overseas,    42.4500,    42.4500,    40.1100,    42.4500,        507,         21,               21036
VSWS,B,20260805,531845,,Zenith Steel Pipes,     5.6500,     5.7300,     5.5000,     5.5900,      13978,         58,               78261
VSWS,B,20260805,531846,,Trinity League (I),    11.1000,    11.1000,    11.1000,    11.1000,          5,          2,                  55
VSWS,B,20260805,531859,,Oriental Rail Infras,   115.0000,   115.9000,   112.0000,   112.9000,      39439,        384,             4495848
VSWS,B,20260805,531861,,Joindre Capital Ser,    48.6200,    49.9500,    48.6200,    49.1700,       3038,         53,              148600
VSWS,B,20260805,531862,,Bharat Agri Fert,    23.0700,    23.0700,    22.0000,    22.5200,      54730,        176,             1237655
VSWS,B,20260805,531867,,Unitech Intl,     3.0800,     3.2700,     3.0800,     3.2000,        983,         11,                3136
VSWS,B,20260805,531869,,Sacheta Metals,     3.8400,     3.8800,     3.8100,     3.8300,      62420,         79,              240581
VSWS,B,20260805,531870,,Popular Estate Manag,    17.9000,    18.7900,    17.0500,    18.0000,         19,          6,                 336
VSWS,B,20260805,531878,,Anjani Finance,     9.0700,     9.4900,     9.0600,     9.4900,       5153,          8,               46739
VSWS,B,20260805,531888,,Rexnord Electronics,    78.1500,    82.7500,    76.0000,    82.0200,       3521,         58,              285739
VSWS,B,20260805,531889,,Nurture Well Industr,    24.6200,    24.6200,    24.1100,    24.2800,     176878,        514,             4308771
VSWS,B,20260805,531893,,Sawaca Enterprises,     0.2900,     0.3000,     0.2900,     0.2900,     582514,        236,              169946
VSWS,B,20260805,531900,,CCL International,    23.8500,    24.4800,    23.0000,    24.0000,        171,          9,                3941
VSWS,B,20260805,531902,,Gallops Enterprise,    39.9000,    39.9000,    36.1000,    36.1000,        664,         17,               26183
VSWS,B,20260805,531909,,Croissance,     1.3200,     1.3200,     1.1500,     1.1600,     203438,        173,              238134
VSWS,B,20260805,531910,,JOJO,   300.0000,   325.0000,   293.5500,   301.6500,     580827,       4193,           178094328
VSWS,B,20260805,531911,,Galaxy Agrico Export,    63.0500,    68.8500,    63.0500,    67.6200,     124595,         56,             8332237
VSWS,B,20260805,531918,,Hindustan Appliances,   107.0600,   109.9900,   106.0000,   109.9900,         11,          3,                1174
VSWS,B,20260805,531921,,Agarwal Ind Corp,   534.0000,   534.0000,   518.2000,   522.9500,       1804,         78,              942730
VSWS,B,20260805,531923,,Dhampure Specialty,   125.0000,   142.8000,   125.0000,   135.7500,      44865,        387,             5993162
VSWS,B,20260805,531925,,52 Weeks Entertainme,     1.1400,     1.1400,     1.0800,     1.0800,       5910,         11,                6511
VSWS,B,20260805,531928,,Golden Carpets,    12.3900,    12.3900,    12.3900,    12.3900,        100,          1,                1239
VSWS,B,20260805,531930,,Sarthak Industries,    26.1500,    27.5000,    26.1500,    27.2500,         72,          4,                1885
VSWS,B,20260805,531931,,SAI Capital,   143.4000,   143.4000,   140.4000,   143.4000,        277,         14,               39713
VSWS,B,20260805,531936,,Blue Chip India,     2.2600,     2.2600,     2.2600,     2.2600,        210,          3,                 474
VSWS,B,20260805,531944,,Lexoraa Industries,    17.1000,    17.1000,    17.1000,    17.1000,        900,          3,               15390
VSWS,B,20260805,531950,,Vertex Securities,     3.1600,     3.3000,     3.0500,     3.1300,      12888,         47,               40735
VSWS,B,20260805,531952,,Riba Textiles,    86.8000,    86.8000,    81.3000,    81.3200,       1742,         29,              145727
VSWS,B,20260805,531959,,Newtime Infrastructu,     2.0500,     2.0500,     1.7500,     1.9600,     378731,        313,              710807
VSWS,B,20260805,531962,,Shree Metalloys,    38.9500,    38.9500,    37.9500,    37.9500,        705,         19,               27175
VSWS,B,20260805,531968,,IITL Projects,    55.1800,    55.1800,    52.4700,    52.4700,        400,          8,               21040
VSWS,B,20260805,531977,,Chartered Logistics,     5.9900,     6.9600,     5.8500,     6.9600,    1414821,        413,             9595208
VSWS,B,20260805,531978,,Ambika Cotton Mills,  1778.9500,  1820.0000,  1778.9500,  1802.0500,       1172,        195,             2111119
VSWS,B,20260805,531979,,Hind Aluminium Ind,    98.0100,    99.8000,    96.5500,    97.6200,       3594,        103,              352707
VSWS,B,20260805,531982,,Spectrum Foods,    19.9000,    19.9600,    18.4600,    19.7300,      65310,        119,             1281376
VSWS,B,20260805,531989,,Deccan Polypacks,    30.4000,    30.4000,    30.4000,    30.4000,          3,          1,                  91
VSWS,B,20260805,531991,,Amraworld Agrico,     0.5300,     0.5300,     0.5100,     0.5200,      35156,         27,               18202
VSWS,B,20260805,531994,,Auto Pins (India),   120.2000,   120.2000,   120.2000,   120.2000,         10,          1,                1202
VSWS,B,20260805,531996,,Odyssey Corporation,     6.1600,     6.3600,     6.0000,     6.2000,       6545,         52,               40727
VSWS,B,20260805,531997,,Ikoma Technologies,    60.7500,    62.6500,    57.0000,    62.6500,     131634,        172,             8074864
VSWS,B,20260805,532001,,Inducto Steel,    50.6500,    55.0000,    50.6500,    54.8900,        497,         13,               26207
VSWS,B,20260805,532011,,Vashu Bhagnani Indus,    72.3000,    74.9800,    71.6000,    72.7300,      21643,         97,             1573666
VSWS,B,20260805,532015,,Gravity India,    10.7100,    11.4900,    10.6200,    10.6900,      15265,         56,              164425
VSWS,B,20260805,532016,,Espire Hospitality,   164.5000,   164.7000,   158.0000,   164.4500,        852,         30,              138320
VSWS,B,20260805,532019,,LCC Infotech,     4.2200,     4.3000,     4.0100,     4.0400,      46850,         74,              190041
VSWS,B,20260805,532022,,Filatex Fashions,     0.1900,     0.1900,     0.1900,     0.1900,     876954,        167,              166621
VSWS,B,20260805,532029,,Sindhu Trade Links,    24.4100,    25.0000,    23.8800,    24.6300,      49857,        172,             1221150
VSWS,B,20260805,532039,,Zenotech Laboratorie,    43.9900,    45.9000,    43.4900,    44.5700,      11657,         96,              515448
VSWS,B,20260805,532041,,Hindustan Bio Scienc,     7.1400,     7.2400,     6.6500,     6.7000,      19160,        100,              129282
VSWS,B,20260805,532051,,Swelect Energy Syste,   622.0000,   638.5000,   622.0000,   631.6500,        663,         86,              417280
VSWS,B,20260805,532053,,Wallfort Fin Ser,    79.9900,    84.0000,    76.0000,    79.7000,       1146,         30,               91182
VSWS,B,20260805,532054,,KDDL,  3720.1500,  4150.0000,  3660.6500,  3705.7000,      14732,       1949,            59014155
VSWS,B,20260805,532056,,Trustedge Capital,   134.4000,   135.0000,   130.0000,   131.6500,       1934,         14,              255721
VSWS,B,20260805,532057,,Abhinav Capital Ser,   109.0000,   109.2000,   108.9000,   109.0000,        342,          9,               37268
VSWS,B,20260805,532067,,3B Blackbio DX,  1242.5500,  1242.5500,  1201.5000,  1206.5500,        765,        157,              929583
VSWS,B,20260805,532070,,Gujjubhai Industries,   140.1000,   149.8000,   140.0000,   145.5000,      95360,        211,            13910941
VSWS,B,20260805,532078,,Monind,    25.2700,    25.2700,    25.2700,    25.2700,         25,          1,                 631
VSWS,B,20260805,532090,,Atvo Enterprises,    32.9000,    32.9000,    32.4000,    32.4000,      20853,         23,              679210
VSWS,B,20260805,532092,,Epuja Spiritech,     1.3800,     1.4500,     1.3500,     1.4200,     126328,         86,              178346
VSWS,B,20260805,532100,,Indo-City Infotech,    11.6000,    12.6800,    11.6000,    11.8300,       3850,         14,               45219
VSWS,B,20260805,532102,,SBEC Sugar,    64.0000,    67.2000,    62.5000,    66.1300,       5264,         64,              344338
VSWS,B,20260805,532113,,Brijlaxmi Leas & Fin,     8.7900,     9.4500,     8.7900,     9.4500,      13433,         11,              118320
VSWS,B,20260805,532123,,BSEL Algo,     4.0300,     4.1300,     4.0000,     4.0300,     125351,        199,              506746
VSWS,B,20260805,532124,,Reliable Ventures,    25.2900,    25.2900,    24.0500,    24.0500,       2101,         13,               52496
VSWS,B,20260805,532131,,Triumph Intl Finance,    18.3100,    18.3100,    17.9000,    18.3100,       4946,         26,               90532
VSWS,B,20260805,532134,,Bank of Baroda,   247.0500,   249.8000,   245.7000,   245.7000,     413551,       4963,           102531798
VSWS,B,20260805,532140,,Mohite Industries,     3.0700,     3.0700,     2.6300,     2.6800,     154275,        195,              428084
VSWS,B,20260805,532141,,Andhra Cement,    48.3300,    48.3300,    47.0900,    47.4600,       2566,         54,              121609
VSWS,B,20260805,532143,,SKM Egg Products,   241.5500,   243.2500,   229.2500,   230.3500,     180425,       2030,            42412091
VSWS,B,20260805,532144,,Welspun Corp,  1749.1500,  1799.0000,  1736.5000,  1786.4000,      33074,       2200,            58734842
VSWS,B,20260805,532145,,H S India,    11.0000,    11.2500,    10.6900,    11.1100,        379,         14,                4207
VSWS,B,20260805,532149,,Bank of India,   141.1000,   142.7500,   140.6000,   140.8000,     369556,       7727,            52297649
VSWS,B,20260805,532150,,Indraprastha Medical,   374.2000,   374.2000,   367.4500,   368.4500,      10463,        316,             3872072
VSWS,B,20260805,532154,,Johnson Pharmacare,     0.4700,     0.4800,     0.4700,     0.4800,     439506,        287,              209002
VSWS,B,20260805,532155,,Gail (India),   176.0000,   177.2000,   173.2500,   175.0000,    4415797,      11993,           771964459
VSWS,B,20260805,532156,,Vaibhav Global,   274.1500,   274.1500,   244.1500,   249.9000,     104351,       3235,            26446553
VSWS,B,20260805,532159,,Trescon,     7.1000,     8.2400,     7.0700,     7.4500,      16273,         67,              121027
VSWS,B,20260805,532160,,Gujarat State Finan,    10.4100,    10.7000,    10.3100,    10.3500,       8986,         51,               93278
VSWS,B,20260805,532162,,JK Paper,   382.0000,   387.2500,   381.8500,   385.2000,       8703,        313,             3350474
VSWS,B,20260805,532163,,Saregama India,   548.7500,   574.8500,   539.2000,   557.5500,      99321,       5723,            55546893
VSWS,B,20260805,532164,,Minolta Finance,     1.1400,     1.2600,     1.1400,     1.2600,     252028,         23,              304497
VSWS,B,20260805,532167,,Omkar Pharmachem,    16.7100,    17.0000,    16.7100,    16.7100,         30,          8,                 501
VSWS,B,20260805,532172,,Adroit Infotech,    10.2000,    10.2000,     9.7100,     9.7800,       5393,         22,               53544
VSWS,B,20260805,532173,,Cyber Tech Systems,   140.1000,   140.1000,   135.0000,   136.5500,       5223,         72,              713990
VSWS,B,20260805,532174,,ICICI Bank,  1455.0000,  1455.0000,  1431.3000,  1444.0000,     552832,      16551,           796443011
VSWS,B,20260805,532175,,Cyient,   875.8500,   875.8500,   862.0500,   864.3500,      12805,       1097,            11096362
VSWS,B,20260805,532178,,Engineers India,   226.1500,   241.2000,   226.1500,   240.3500,     413687,       6124,            97629713
VSWS,B,20260805,532180,,Dhanlaxmi Bank,    32.4000,    33.1100,    32.3000,    32.8300,      46016,        163,             1502907
VSWS,B,20260805,532181,,Gujarat Mineral Deve,   558.0000,   583.4500,   557.0500,   580.0000,      97249,       2628,            55788942
VSWS,B,20260805,532183,,Gayatri Sugars,     9.3400,     9.3400,     8.4000,     8.4100,     154684,        314,             1332460
VSWS,B,20260805,532187,,IndusInd Bank,  1022.1000,  1037.7000,  1013.5500,  1017.0000,      34406,       1942,            35362959
VSWS,B,20260805,532189,,India Tourism Deve,   702.4500,   722.0000,   700.9500,   704.7000,      11412,        323,             8137250
VSWS,B,20260805,532209,,Jammu & Kashmir Bank,   158.1000,   158.9000,   155.7000,   156.3500,     106869,       1100,            16826181
VSWS,B,20260805,532210,,City Union Bank,   201.9000,   205.7500,   201.6000,   204.3000,     264484,       4226,            53761351
VSWS,B,20260805,532212,,Archies,    14.0800,    14.0800,    14.0700,    14.0700,        150,          2,                2111
VSWS,B,20260805,532215,,Axis Bank,  1261.7500,  1263.0000,  1246.0500,  1262.0000,     154294,       9306,           192896273
VSWS,B,20260805,532216,,HB Stockholdings,    57.5000,    61.3000,    56.4500,    59.3000,       6742,        111,              395729
VSWS,B,20260805,532217,,CMX Holdings,    17.8700,    18.2800,    17.0000,    17.2700,       7985,         46,              141439
VSWS,B,20260805,532218,,South Indian Bank,    47.1300,    47.4000,    46.8000,    46.9000,     350157,       2810,            16470665
VSWS,B,20260805,532219,,Energy Development,    16.8000,    16.9700,    16.5500,    16.7800,       4246,         55,               71167
VSWS,B,20260805,532221,,Sonata Software,   350.6000,   359.5000,   335.0000,   337.0000,     170924,       3092,            59535050
VSWS,B,20260805,532230,,Bengal Tea,   145.0000,   145.0000,   143.9500,   143.9500,          6,          4,                 864
VSWS,B,20260805,532234,,National Aluminium,   381.0500,   383.8000,   375.0500,   379.0000,     526405,      10022,           199670407
VSWS,B,20260805,532240,,India Nippon Elect,  1190.5000,  1190.5000,  1116.0000,  1148.8500,       6114,        598,             7002400
VSWS,B,20260805,532256,,Nalwa Sons Invest,  5626.0500,  5725.0000,  5614.4500,  5694.3500,         92,         25,              521024
VSWS,B,20260805,532259,,Apar Industries, 15644.2000, 15924.9000, 15513.9000, 15660.7500,      54046,       2771,           846584199
VSWS,B,20260805,532262,,TCI Industries,  1328.0000,  1328.0000,  1285.0000,  1285.0000,         45,          4,               58840
VSWS,B,20260805,532268,,Accelya Solutions (I,  1139.4000,  1140.0000,  1137.0000,  1140.0000,        461,         68,              525253
VSWS,B,20260805,532271,,Orchasp,     1.6500,     1.6700,     1.5900,     1.6100,      29962,         52,               48253
VSWS,B,20260805,532275,,Landmarc Leisure,     1.8600,     1.9600,     1.8600,     1.9000,      66765,         72,              126433
VSWS,B,20260805,532281,,HCL Technologies,  1377.9500,  1377.9500,  1338.0000,  1341.0000,      97118,       8112,           131586038
VSWS,B,20260805,532284,,TCFC Finance,    26.3000,    26.3000,    25.4100,    25.4200,       1113,         12,               28894
VSWS,B,20260805,532285,,Geojit Financial Ser,    78.3400,    79.0000,    76.6200,    76.8600,      16551,        449,             1286068
VSWS,B,20260805,532286,,Jindal Steel,  1122.2500,  1127.1500,  1114.5500,  1118.8500,      17273,        939,            19347374
VSWS,B,20260805,532290,,B L B,    15.9500,    15.9500,    15.5700,    15.6000,        808,         13,               12648
VSWS,B,20260805,532296,,Glenmark Pharma,  2244.2500,  2260.5500,  2201.6500,  2248.0000,      16578,       2161,            36875274
VSWS,B,20260805,532300,,Wockhardt,  2020.6500,  2053.0000,  1980.0000,  2015.8500,      90744,       4283,           183472234
VSWS,B,20260805,532303,,Integrated Hitech,     4.0000,     4.0000,     4.0000,     4.0000,       1002,          3,                4008
VSWS,B,20260805,532305,,Ind Swift Lab,   231.4000,   234.9000,   228.2500,   230.8500,      18980,        333,             4383399
VSWS,B,20260805,532309,,GE Power India,   759.2500,   759.2500,   740.0000,   743.5500,       8694,        748,             6492397
VSWS,B,20260805,532310,,Shree Rama Multi-Tec,    39.1000,    39.3100,    38.0000,    38.4200,      10680,         71,              410235
VSWS,B,20260805,532313,,Mahindra Lifespace,   399.1500,   400.0000,   379.5000,   381.1500,      25651,        695,             9929330
VSWS,B,20260805,532315,,Groarc Industries I,     5.8900,     5.8900,     5.7100,     5.8400,       4612,         17,               26841
VSWS,B,20260805,532320,,Vaarad Ventures,     9.0100,     9.2700,     9.0000,     9.2700,        838,          4,                7688
VSWS,B,20260805,532321,,Zydus Lifesciences,  1132.3000,  1132.3000,  1104.6500,  1111.0000,      46705,       3098,            51965124
VSWS,B,20260805,532323,,Shiva Cement,    17.0000,    17.2500,    16.8200,    17.0900,      53127,        205,              905428
VSWS,B,20260805,532324,,Cinevista,    15.2000,    15.2000,    14.6000,    14.9900,       2350,         16,               35088
VSWS,B,20260805,532326,,Intense Technologies,    83.0000,    87.0000,    82.0000,    85.1800,       4430,         52,              381897
VSWS,B,20260805,532329,,Danlaw Technologies,  1036.5000,  1086.9500,  1036.5000,  1086.9500,       7950,        313,             8548596
VSWS,B,20260805,532331,,Ajanta Pharma,  3535.5000,  3535.5000,  3404.0000,  3438.5000,       5105,        721,            17537714
VSWS,B,20260805,532332,,Cura Technologies,    75.0000,    75.0000,    75.0000,    75.0000,        197,         17,               14775
VSWS,B,20260805,532333,,HB Portfolio,    57.4000,    59.5000,    57.2600,    57.3300,       1021,         28,               59168
VSWS,B,20260805,532334,,HB Estate Developers,    79.0000,    79.0000,    74.5100,    74.5100,         70,          4,                5224
VSWS,B,20260805,532335,,Ambica Agarbathies,    24.9500,    24.9500,    24.9500,    24.9500,        645,          9,               16092
VSWS,B,20260805,532339,,Compucom Software,    13.4000,    13.4000,    13.1100,    13.2600,       4195,         25,               55104
VSWS,B,20260805,532340,,Omni AX's Software,     3.0600,     3.0600,     3.0600,     3.0600,         50,          2,                 153
VSWS,B,20260805,532341,,IZMO,  1003.0000,  1042.7000,   971.5500,  1030.1500,       9342,        820,             9381806
VSWS,B,20260805,532343,,TVS Motor Company,  4384.3500,  4452.4500,  4365.0000,  4417.3000,      92848,       5041,           410596328
VSWS,B,20260805,532344,,Madala Holdings,   190.0000,   199.6000,   190.0000,   196.9000,         36,          5,                7082
VSWS,B,20260805,532348,,Subex,    14.0800,    14.1100,    13.6200,    13.8900,     545887,        627,             7657136
VSWS,B,20260805,532349,,Transport Corp,   923.0000,   930.0000,   910.6500,   927.9000,       1770,        137,             1628524
VSWS,B,20260805,532350,,Padmalaya Telefilms,     4.1900,     4.1900,     3.8200,     3.8200,       2152,         15,                8260
VSWS,B,20260805,532351,,Aksh Optifibre,     6.2400,     6.3000,     6.2200,     6.3000,     166970,        148,             1050675
VSWS,B,20260805,532354,,Virgo Global,     3.0700,     3.0700,     2.8600,     2.8600,      38769,         82,              110999
VSWS,B,20260805,532356,,Triveni Engineering,   258.9500,   258.9500,   233.8000,   235.5500,     128986,       2433,            31757096
VSWS,B,20260805,532359,,Hit Kit Global Solut,     2.6100,     2.6100,     2.6100,     2.6100,      73279,         55,              191258
VSWS,B,20260805,532362,,Nagpur Power & Ind,   154.0000,   160.0000,   153.9500,   157.2500,      29036,        106,             4520499
VSWS,B,20260805,532365,,Dynacons Systems,  1244.8000,  1247.9000,  1240.0000,  1244.4000,        768,         88,              954755
VSWS,B,20260805,532366,,PNB Gilts,    84.2200,    85.4000,    83.0800,    83.8500,      27102,        312,             2281798
VSWS,B,20260805,532368,,Brightcom Group,     9.4800,     9.5300,     9.3300,     9.3800,     386236,        521,             3634042
VSWS,B,20260805,532369,,Ramco Industries,   330.0000,   333.4000,   328.5500,   330.2500,       3111,        131,             1028454
VSWS,B,20260805,532370,,Ramco Systems,   612.0000,   622.1000,   600.5000,   622.1000,      25079,        726,            15479396
VSWS,B,20260805,532371,,Tata Teleservices M,    39.8800,    40.1800,    39.8100,    39.8600,     194964,       1201,             7795919
VSWS,B,20260805,532372,,Virinchi,    15.6000,    15.8000,    15.6000,    15.7500,       2865,         11,               45004
VSWS,B,20260805,532373,,WEP Solutions Ltd,    31.8200,    32.6000,    31.8200,    32.4400,       9541,         48,              309288
VSWS,B,20260805,532374,,Sterlite Technologie,   611.0500,   636.2000,   611.0000,   636.2000,     803530,       5186,           510713543
VSWS,B,20260805,532375,,Tips Music,   678.9500,   694.0000,   660.9000,   672.7000,      25840,       1180,            17461980
VSWS,B,20260805,532376,,Umiya Buildcon,    93.0300,    94.5000,    92.0000,    92.3900,       1144,         35,              105951
VSWS,B,20260805,532378,,Universal Arts,     5.0000,     5.0000,     5.0000,     5.0000,          5,          1,                  25
VSWS,B,20260805,532379,,First Fintec,     6.5600,     6.8000,     6.5500,     6.7800,       3890,         24,               25563
VSWS,B,20260805,532380,,Baba Arts,    14.3800,    14.9000,    14.3800,    14.8300,       6003,         37,               88089
VSWS,B,20260805,532382,,Balaji Telefilms,    86.9900,    87.0500,    84.0600,    85.4500,      15664,        147,             1347483
VSWS,B,20260805,532384,,Tyche Industries,   126.0000,   128.2000,   122.3000,   125.0500,        974,         52,              121120
VSWS,B,20260805,532386,,California Software,    22.4800,    22.4800,    21.2900,    21.7400,       4092,         30,               88977
VSWS,B,20260805,532387,,Pritish Nandy Commun,    19.8200,    19.8200,    19.8200,    19.8200,        100,          1,                1982
VSWS,B,20260805,532388,,Indian Overseas Bank,    34.4500,    34.7100,    34.0600,    34.1800,     360850,       2055,            12393677
VSWS,B,20260805,532390,,Taj GVK Hotels & Res,   372.8500,   374.0000,   363.9000,   365.4500,       6366,        164,             2344958
VSWS,B,20260805,532392,,Creative Eye,     6.3800,     6.3800,     5.7900,     6.2300,       1032,         19,                6184
VSWS,B,20260805,532395,,Axiscades Technologi,  1584.6000,  1600.2000,  1563.8000,  1590.8500,       3564,        392,             5641902
VSWS,B,20260805,532397,,Konndor Industries,    15.6000,    15.6000,    15.1000,    15.1500,       3900,         12,               60795
VSWS,B,20260805,532398,,Usha Martin Educatio,     5.4600,     5.7200,     5.4600,     5.4700,       9087,         10,               51899
VSWS,B,20260805,532400,,Birlasoft,   325.0000,   329.7500,   322.0000,   323.5000,     172696,       4184,            56145632
VSWS,B,20260805,532402,,USG Tech Solutions,    10.2000,    10.2000,     9.9000,     9.9000,       1267,         24,               12669
VSWS,B,20260805,532403,,Fourth Generation,     5.0600,     5.0600,     5.0600,     5.0600,         80,          2,                 404
VSWS,B,20260805,532404,,Saven Technologies,    32.7700,    33.3900,    32.0000,    32.0400,      61124,        365,             1979791
VSWS,B,20260805,532406,,Avantel,   165.0000,   167.0000,   163.5000,   164.9000,      49451,        645,             8192166
VSWS,B,20260805,532407,,Moschip Technologies,   209.7500,   211.8500,   207.9000,   208.3500,     152994,       1653,            32127586
VSWS,B,20260805,532408,,Sigma Advanced Syste,   687.4500,   721.0000,   661.0000,   703.3500,      54338,       1425,            38021814
VSWS,B,20260805,532410,,Transcorp Internat,    27.0000,    27.0000,    25.5000,    25.6700,       8686,         54,              223491
VSWS,B,20260805,532413,,Cerebra Integrated,     3.0000,     3.0000,     2.8900,     2.9700,      17015,         27,               49743
VSWS,B,20260805,532416,,Next Mediaworks,     4.0400,     4.0800,     3.8800,     4.0500,        110,          6,                 446
VSWS,B,20260805,532419,,Smartlink Holdings,   230.0000,   234.9000,   224.0000,   226.2000,       2372,         43,              544988
VSWS,B,20260805,532424,,Godrej Consumer Prod,  1076.9500,  1077.0000,  1063.2500,  1073.0000,      20452,       1691,            21854672
VSWS,B,20260805,532425,,Genus Prime Infra,    32.6600,    35.7000,    31.8500,    33.2100,      61275,        254,             2100118
VSWS,B,20260805,532430,,BF Utilities,   571.0000,   574.0000,   556.6500,   560.8500,       3206,        210,             1808435
VSWS,B,20260805,532432,,United Spirits,  1523.9500,  1539.9000,  1519.6500,  1525.0000,      25490,       2121,            38988057
VSWS,B,20260805,532435,,Sanmit Infra,    51.3000,    52.0000,    51.0000,    52.0000,       2395,         76,              123472
VSWS,B,20260805,532439,,Olectra Greentech,  1369.4000,  1406.4500,  1350.2000,  1398.6000,      35204,       2051,            48519364
VSWS,B,20260805,532440,,MPS,  2724.1000,  2890.0000,  2721.6500,  2874.7000,       3161,        457,             8939327
VSWS,B,20260805,532443,,CERA Sanitaryware,  6340.0500,  6349.4500,  6273.0500,  6287.5000,        334,         89,             2101805
VSWS,B,20260805,532444,,T.Spiritual World,     1.8300,     1.9000,     1.7400,     1.7400,       3165,         15,                5945
VSWS,B,20260805,532454,,Bharti Airtel,  2020.0000,  2027.2000,  1951.8000,  1962.0000,     391394,      20905,           772806836
VSWS,B,20260805,532455,,Shalimar Wires Indus,    19.1000,    19.4800,    18.5500,    19.0100,       1717,         37,               32767
VSWS,B,20260805,532456,,Compuage Infocom,     1.1300,     1.1500,     1.1000,     1.1500,       5785,         13,                6561
VSWS,B,20260805,532457,,Gulshan Polyols,   199.9000,   209.5000,   198.4500,   208.7500,      73269,        952,            14977213
VSWS,B,20260805,532460,,Ponni Sugars (Erode),   329.7500,   329.7500,   322.1000,   322.6000,        582,         75,              189140
VSWS,B,20260805,532461,,Punjab National Bank,   114.2500,   115.2000,   113.3000,   113.5500,     723580,       4669,            82690335
VSWS,B,20260805,532466,,Oracle Fin & Serv So, 11626.2500, 11810.0500, 11535.0000, 11700.0000,      12884,       3653,           150974227
VSWS,B,20260805,532467,,Hazoor Multi Project,    23.1600,    23.4300,    22.3000,    22.4600,     182615,        549,             4131008
VSWS,B,20260805,532468,,Kama Holdings,  2553.2500,  2553.2500,  2510.0000,  2510.0000,        193,         47,              485406
VSWS,B,20260805,532470,,MPF Systems,     2.8700,     2.8700,     2.8700,     2.8700,          1,          1,                   2
VSWS,B,20260805,532475,,Aptech,    92.2500,    99.5400,    92.2500,    99.2900,      25258,        207,             2484947
VSWS,B,20260805,532477,,Union Bank of India,   175.2000,   178.1500,   174.3500,   174.8500,     588668,       4288,           103689715
VSWS,B,20260805,532478,,United Breweries,  1480.4500,  1480.4500,  1399.0000,  1418.2000,      13127,       1140,            18760406
VSWS,B,20260805,532481,,Noida Toll Bridge Co,     4.4000,     4.5200,     4.3000,     4.4800,       7197,         41,               31766
VSWS,B,20260805,532482,,Granules India,   829.4000,   847.8500,   822.8500,   844.4000,      10224,        587,             8544590
VSWS,B,20260805,532483,,Canara Bank,   129.0000,   130.1000,   128.3000,   128.6500,     871580,       4205,           112559179
VSWS,B,20260805,532485,,Balmer Lawrie Invest,    71.0000,    71.2000,    70.4600,    71.0500,      15685,        297,             1112265
VSWS,B,20260805,532486,,Pokarna,   931.0000,   985.0500,   928.8500,   961.7500,       2988,        275,             2873553
VSWS,B,20260805,532488,,Divi's Laboratories,  8462.0000,  8462.0000,  8331.8000,  8350.0000,      35777,       2129,           299996053
VSWS,B,20260805,532493,,Astra Microwave Prod,  1847.0500,  1869.0000,  1802.0000,  1808.5000,      14810,       1303,            27045850
VSWS,B,20260805,532497,,Radico Khaitan,  4475.0000,  4591.0000,  4464.6000,  4549.0000,      18077,       3350,            81902428
VSWS,B,20260805,532500,,Maruti Suzuki India, 14250.0000, 14250.0000, 14086.6000, 14160.0000,      19958,       3833,           282745955
VSWS,B,20260805,532504,,Navin Fluorine Int,  7701.0000,  7733.5500,  7555.0000,  7601.3500,       6113,       1374,            46632308
VSWS,B,20260805,532505,,Uco Bank,    26.5300,    26.7500,    26.0000,    26.4300,     480522,       1790,            12780253
VSWS,B,20260805,532507,,BAG Films & Media,     4.5800,     4.5800,     4.3800,     4.4100,      21610,         70,               95427
VSWS,B,20260805,532508,,Jindal Stainless,   739.5500,   752.5000,   729.0000,   744.4500,     477210,       3346,           355502000
VSWS,B,20260805,532509,,Suprajit Engineering,   505.5500,   525.8500,   504.7500,   524.0500,      18835,        925,             9768349
VSWS,B,20260805,532513,,TVS Electronics,   508.8000,   512.3000,   495.0000,   503.5000,       7009,        333,             3525596
VSWS,B,20260805,532514,,Indraprastha Gas,   155.0000,   155.5500,   153.7000,   154.0500,      61178,       1437,             9430629
VSWS,B,20260805,532515,,TV Today Network,   114.2500,   117.8000,   114.2500,   116.9000,       1474,        110,              172372
VSWS,B,20260805,532521,,Palred Technologies,    48.0300,    48.0300,    48.0300,    48.0300,          1,          1,                  48
VSWS,B,20260805,532522,,Petronet LNG,   285.0000,   285.6500,   280.6000,   281.0000,      30704,        924,             8651655
VSWS,B,20260805,532523,,Biocon,   426.4500,   428.3500,   423.0000,   425.0000,     266456,       2768,           113157121
VSWS,B,20260805,532524,,PTC India,   190.9500,   199.9000,   188.4500,   198.5000,     908316,       9916,           176145833
VSWS,B,20260805,532525,,Bank of Maharashtra,    79.0000,    80.1000,    78.4000,    79.2400,     849291,       4399,            67364764
VSWS,B,20260805,532527,,Ramkrishna Forgings,   702.2000,   710.0500,   692.4000,   705.8500,      65871,       2619,            46113790
VSWS,B,20260805,532528,,Datamatics Global Se,   846.1000,   887.9000,   846.0500,   876.7000,       9370,        558,             8126168
VSWS,B,20260805,532529,,New Delhi Television,    76.4900,    77.5400,    76.4900,    76.9500,       2860,         50,              220586
VSWS,B,20260805,532531,,Strides Pharma Scien,   995.6500,   995.6500,   955.9000,   969.0500,      14661,        860,            14314854
VSWS,B,20260805,532538,,UltraTech Cement, 12099.7000, 12237.5000, 11999.0500, 12199.0000,       5717,       1822,            69345276
VSWS,B,20260805,532539,,UNO Minda,  1237.2000,  1273.0000,  1236.1500,  1254.0000,      84596,       4933,           106052472
VSWS,B,20260805,532540,,Tata Consultancy Ser,  2464.9500,  2470.9500,  2407.3000,  2419.8000,     122721,      11107,           297738093
VSWS,B,20260805,532541,,Coforge,  1746.9000,  1788.9000,  1745.4000,  1760.0000,      93633,       5870,           165832530
VSWS,B,20260805,532543,,GP Petroleums,    54.9500,    55.2500,    51.7500,    52.1700,      47556,        165,             2529257
VSWS,B,20260805,532548,,Century Plyboards (I,   770.5500,   772.9000,   756.5000,   768.1000,       7624,        456,             5815227
VSWS,B,20260805,532553,,Welspun Enterprises,   577.1000,   597.2000,   570.0000,   584.7500,      30145,       1081,            17573297
VSWS,B,20260805,532555,,N T P C,   343.9500,   348.9000,   342.7000,   348.0000,    1372221,      11978,           477104996
VSWS,B,20260805,532604,,S A L Steel,    57.7800,    60.3600,    56.9000,    60.3500,      25005,        163,             1483235
VSWS,B,20260805,532605,,JBM Auto,   659.0500,   666.0000,   657.2000,   662.8000,      28781,       1195,            19048602
VSWS,B,20260805,532610,,Dwarikesh Sugar Indu,    41.6300,    42.2000,    40.2200,    40.3900,      53847,        297,             2220326
VSWS,B,20260805,532612,,Indoco Remedies,   225.1500,   225.6500,   221.8000,   222.8500,       3059,        112,              685684
VSWS,B,20260805,532613,,VIP Clothing,    21.2500,    21.5000,    21.2500,    21.3000,       1301,         22,               27808
VSWS,B,20260805,532614,,Impex Ferro Tech,     2.9600,     2.9600,     2.9600,     2.9600,      18309,         25,               54194
VSWS,B,20260805,532616,,XChanging Solutions,    69.5000,    69.5000,    68.0000,    68.0300,       5337,        114,              364162
VSWS,B,20260805,532624,,Jindal Photo,  1198.9500,  1198.9500,  1060.1000,  1065.8500,        378,         58,              407262
VSWS,B,20260805,532626,,Pondy Oxides & Chem,   520.0500,   527.2000,   491.1000,   511.4500,      94794,       3924,            48296087
VSWS,B,20260805,532627,,Jaiprakash Power Ven,    18.9500,    19.2800,    18.2500,    18.3400,    7785942,       8119,           146003691
VSWS,B,20260805,532628,,3i Infotech,    25.5400,    25.7900,    23.3500,    25.0800,     274448,        841,             6807129
VSWS,B,20260805,532630,,Gokaldas Exports,   805.7500,   819.4500,   801.5500,   804.4500,      17002,        847,            13779304
VSWS,B,20260805,532633,,Alldigi Tech,   828.9000,   828.9000,   808.5500,   809.7500,        679,         60,              550705
VSWS,B,20260805,532636,,IIFL Finance,   607.6500,   616.8000,   607.6500,   610.0500,      79223,       1330,            48525756
VSWS,B,20260805,532637,,Mangalam Drugs & Org,    27.1600,    27.5000,    26.8600,    26.9700,        837,         30,               22672
VSWS,B,20260805,532638,,Shoppers Stop,   408.0500,   415.0000,   401.9500,   406.9000,       4298,        230,             1762937
VSWS,B,20260805,532640,,Cyber Media (India),    15.4600,    16.6600,    15.4600,    15.9400,       8601,         22,              136134
VSWS,B,20260805,532641,,Nandan Denim,     2.3700,     2.4000,     2.3500,     2.3800,     210397,        225,              498860
VSWS,B,20260805,532642,,JSW Holdings, 12203.9000, 12455.0000, 12177.8500, 12302.5500,        572,        220,             7025705
VSWS,B,20260805,532644,,JK Cement,  5533.0000,  5550.0000,  5446.0500,  5482.7000,       1752,        387,             9609701
VSWS,B,20260805,532645,,Beeyu Overseas,     2.6000,     2.6000,     2.6000,     2.6000,        118,          4,                 306
VSWS,B,20260805,532648,,Yes Bank,    23.0000,    23.1500,    22.8300,    22.9200,    4321104,      19300,            99293985
VSWS,B,20260805,532649,,Nectar Lifesciences,    10.5300,    10.7800,    10.5200,    10.5600,       8158,         42,               86374
VSWS,B,20260805,532650,,MSP Steel & Power,    35.4900,    35.8900,    34.2100,    35.8900,     286070,        713,            10189900
VSWS,B,20260805,532651,,SPL Industries,    31.2500,    33.2500,    31.0000,    31.4200,       3992,         33,              125291
VSWS,B,20260805,532652,,Karnataka Bank,   296.0000,   300.3000,   292.9500,   299.5000,     293147,       2541,            87169667
VSWS,B,20260805,532654,,Mcleod Russel India,    51.3500,    51.3500,    48.7000,    49.2100,      26846,        111,             1329898
VSWS,B,20260805,532656,,Facor Alloys,     3.5000,     3.5000,     3.4300,     3.4600,      27838,         72,               96531
VSWS,B,20260805,532660,,Vivimed Labs,     5.1200,     5.1600,     5.0000,     5.1200,       8885,         29,               45318
VSWS,B,20260805,532661,,Rane (Madras),  1188.5000,  1247.4000,  1101.0000,  1114.3000,      33127,       2058,            39346149
VSWS,B,20260805,532662,,HT Media,    27.6900,    31.2500,    27.6900,    28.5700,     418537,       1392,            12302938
VSWS,B,20260805,532663,,Sasken Technologies,  2018.8500,  2080.0000,  1959.0000,  1968.8000,       5591,        524,            11203394
VSWS,B,20260805,532666,,FCS Software Solutio,     1.4800,     1.5000,     1.4800,     1.4900,     306328,        269,              455565
VSWS,B,20260805,532667,,Suzlon Energy,    48.5000,    48.8500,    47.9700,    48.1000,    4011599,      17232,           194097631
VSWS,B,20260805,532668,,Aurionpro Solutions,   741.1000,   742.1500,   726.3500,   728.4000,      18069,        606,            13230582
VSWS,B,20260805,532670,,Shree Renuka Sugars,    22.7300,    23.0200,    22.2000,    22.3300,     641833,       1435,            14524871
VSWS,B,20260805,532673,,K M Sugar Mills,    28.5100,    29.1600,    28.5100,    28.5200,      14302,        265,              413503
VSWS,B,20260805,532674,,Bannari Amman Spg Mi,    27.2500,    27.2500,    27.2000,    27.2100,        497,          7,               13523
VSWS,B,20260805,532676,,PBA Infrastructure,    11.9700,    11.9700,    11.1200,    11.1200,       1090,         13,               12197
VSWS,B,20260805,532683,,AIA Engineering,  4681.0000,  4720.7000,  4598.4000,  4629.5500,       2817,        524,            13217920
VSWS,B,20260805,532684,,Everest Kanto Cylind,   110.4000,   110.5500,   108.4000,   109.3500,      10522,        167,             1154673
VSWS,B,20260805,532686,,Kernex Microsystems,  2426.5500,  2570.0000,  2424.8500,  2556.6500,      22450,       1767,            56364822
VSWS,B,20260805,532687,,Repro India,   395.0000,   395.0000,   370.3000,   373.3000,       1496,        187,              565857
VSWS,B,20260805,532689,,PVR Inox,  1185.0000,  1187.9000,  1156.0000,  1160.6000,      65994,       2105,            77599810
VSWS,B,20260805,532694,,Avio Smart Market St,     7.0500,     7.3500,     7.0500,     7.3200,      78088,        124,              569503
VSWS,B,20260805,532695,,Celebrity Fashions,     7.3000,     7.3000,     7.2500,     7.2500,        120,          4,                 871
VSWS,B,20260805,532698,,Nitin Spinners,   574.4000,   579.6000,   568.9500,   578.4000,       1317,         93,              753728
VSWS,B,20260805,532699,,Royal Orchid Hotels,   318.0000,   318.0000,   314.0000,   314.2500,        743,        127,              234822
VSWS,B,20260805,532700,,Entertainment Networ,   110.5000,   110.5000,   108.5500,   109.9000,        611,         18,               67063
VSWS,B,20260805,532701,,Cella Space,    24.7600,    26.4500,    24.4000,    24.9800,      24485,        125,              604268
VSWS,B,20260805,532705,,Jagran Prakashan,    63.3500,    63.8400,    62.7500,    62.8500,      15179,        264,              957162
VSWS,B,20260805,532707,,Dynemic Products,   264.2000,   265.8500,   262.2000,   263.1500,        205,         23,               54005
VSWS,B,20260805,532708,,GVK Power & Infra,     2.4500,     2.4500,     2.4000,     2.4300,     113245,        140,              273812
VSWS,B,20260805,532710,,Sadbhav Engineering,     8.6900,     8.9900,     8.6600,     8.9900,      48063,        119,              430221
VSWS,B,20260805,532712,,Reliance Communicati,     0.8200,     0.8400,     0.8200,     0.8400,     298446,        198,              249220
VSWS,B,20260805,532713,,Sakuma Exports,     1.6100,     1.6600,     1.6100,     1.6300,     181296,        187,              297213
VSWS,B,20260805,532714,,KEC International,   476.5500,   485.6500,   474.1000,   475.3500,      64842,       1928,            31113348
VSWS,B,20260805,532716,,Gillanders Arbuthnot,    90.4800,    90.4800,    89.0000,    89.3400,        106,         11,                9477
VSWS,B,20260805,532717,,Indo Tech Transforme,  3565.3000,  3650.0000,  3461.5000,  3610.5500,        403,        113,             1450190
VSWS,B,20260805,532719,,B L Kashyap & Sons,    54.6000,    54.6500,    52.5100,    53.4700,      22225,        176,             1197992
VSWS,B,20260805,532720,,Mahindra & Mah Fin S,   397.8500,   401.3500,   396.0000,   398.1000,     373434,       2912,           148569526
VSWS,B,20260805,532721,,VISA Chrome,    37.1500,    38.4500,    37.1500,    38.2000,       4365,         14,              163874
VSWS,B,20260805,532722,,Nitco,   108.5000,   108.5000,   103.0000,   103.3500,      27941,        340,             2931022
VSWS,B,20260805,532723,,MPDL,    28.4400,    28.9900,    25.6000,    25.7900,       1103,         17,               30860
VSWS,B,20260805,532725,,Solar Industries, 18788.0000, 18905.0000, 18097.8500, 18400.0000,       3233,       1020,            60077180
VSWS,B,20260805,532726,,Gallantt Ispat,   624.0500,   637.1500,   622.8500,   624.0000,       8550,        295,             5365907
VSWS,B,20260805,532728,,Malu Paper Mills,    33.6000,    33.9900,    32.7700,    33.1000,        591,         14,               19439
VSWS,B,20260805,532729,,Uttam Sugar Mills,   254.0000,   259.0000,   248.0500,   250.3500,      11036,        318,             2801915
VSWS,B,20260805,532730,,STL Global,     9.8200,    10.0300,     9.8200,     9.9300,         86,          4,                 853
VSWS,B,20260805,532732,,Kewal Kiran Clothing,   540.0000,   568.2000,   538.3500,   547.6500,      13254,        608,             7357853
VSWS,B,20260805,532733,,Sun TV Network,   502.0500,   508.1500,   491.5000,   493.1500,      13893,       1192,             6912286
VSWS,B,20260805,532734,,Godawari Power & Isp,   246.9500,   248.5000,   244.6000,   246.7000,     108712,       1367,            26813496
VSWS,B,20260805,532735,,R Systems Internatio,   279.9500,   283.4000,   248.8500,   255.5500,      88103,       2003,            23137274
VSWS,B,20260805,532737,,Emkay Global & Fin,   254.8000,   275.9000,   248.4000,   249.8500,        737,        118,              184085
VSWS,B,20260805,532738,,Twamev Construction,     9.6500,     9.8000,     9.6000,     9.7700,      10355,         15,              100759
VSWS,B,20260805,532740,,Lokesh Machines,   330.9500,   337.5500,   326.2000,   337.5500,       5212,         20,             1702064
VSWS,B,20260805,532741,,Kamdhenu,    34.5200,    35.2400,    34.3000,    34.6500,      21213,         80,              735148
VSWS,B,20260805,532742,,Paushak,   728.3000,   737.9500,   703.5500,   712.5500,       8477,        546,             6122164
VSWS,B,20260805,532744,,GTN Textiles,     8.2600,     8.7400,     8.2100,     8.4600,      20521,         41,              169573
VSWS,B,20260805,532748,,Prime Focus,   302.7500,   308.5000,   293.2500,   298.6500,      59990,       1247,            18208016
VSWS,B,20260805,532749,,Allcargo Logistics,     8.2700,     8.3900,     8.1200,     8.1500,     301687,        673,             2490843
VSWS,B,20260805,532754,,GMR Airports,   107.3500,   107.8500,   105.9000,   106.5000,     190029,       1617,            20312726
VSWS,B,20260805,532755,,Tech Mahindra,  1664.4500,  1664.5000,  1639.1000,  1650.0000,     363215,      17787,           600044146
VSWS,B,20260805,532756,,CIE Automotive India,   415.0000,   420.2000,   411.3500,   414.6500,      21227,        723,             8834177
VSWS,B,20260805,532757,,Voltamp Transformers,  9875.9000, 10145.0000,  9866.5500, 10046.3000,       2879,        830,            28803541
VSWS,B,20260805,532759,,Atlantaa,    42.0000,    42.0000,    37.6800,    40.2300,       5651,        246,              222626
VSWS,B,20260805,532761,,HandsOn Global Manag,    50.7800,    50.7800,    49.5000,    50.3500,        190,          4,                9593
VSWS,B,20260805,532762,,Action Construction,  1108.0000,  1147.5000,  1108.0000,  1137.8500,     107996,       5426,           122459040
VSWS,B,20260805,532764,,GeeCee Ventures,   350.3000,   360.0000,   350.0000,   360.0000,        152,          6,               53350
VSWS,B,20260805,532767,,Gayatri Projects,    19.5500,    19.6500,    18.7800,    19.0000,      40879,        130,              779116
VSWS,B,20260805,532768,,Fiem Industries,  2345.8000,  2505.7000,  2345.8000,  2498.6500,      21732,       1620,            53716148
VSWS,B,20260805,532771,,JHS Svendgaard Labor,     7.7500,     8.0000,     7.4200,     7.7900,       5990,         38,               45560
VSWS,B,20260805,532772,,DCB Bank,   191.2500,   193.8500,   188.0000,   189.1000,      55114,        512,            10521666
VSWS,B,20260805,532773,,Global Vectra Helico,   160.0000,   166.0000,   160.0000,   163.7000,        813,         52,              133542
VSWS,B,20260805,532774,,Inspirisys Solutions,    97.0000,   101.8500,    97.0000,   101.8500,        376,          6,               36501
VSWS,B,20260805,532775,,GTL Infrastructure,     1.2800,     1.3200,     1.2700,     1.2700,    6278843,      10550,             8080969
VSWS,B,20260805,532776,,Shivam Autotech,    18.1100,    18.3400,    18.1100,    18.3400,       3570,         11,               65066
VSWS,B,20260805,532777,,Info Edge (India),  1257.4000,  1277.5000,  1230.9000,  1236.0000,      62342,       3500,            77848045
VSWS,B,20260805,532779,,Torrent Power,  1344.1000,  1355.0000,  1315.0500,  1324.2000,     817915,       2627,          1083990996
VSWS,B,20260805,532780,,Parsvnath Developers,     1.7000,     1.7000,     1.7000,     1.7000,      38627,         76,               65665
VSWS,B,20260805,532782,,Sutlej Textiles and,    38.2200,    39.4400,    38.0100,    38.5000,       3478,         42,              134340
VSWS,B,20260805,532783,,LT Foods,   416.7000,   423.8500,   416.0000,   417.0000,      41670,       1274,            17504398
VSWS,B,20260805,532784,,Sobha,  1366.9500,  1388.9500,  1350.0000,  1361.0500,       7275,        554,            10010497
VSWS,B,20260805,532785,,Ruchira Papers,   108.5000,   111.0500,   108.5000,   110.0500,       1798,         43,              197325
VSWS,B,20260805,532790,,Tanla Platforms,   615.0500,   628.0000,   610.2500,   613.8000,      55281,       1651,            34280510
VSWS,B,20260805,532794,,Zee Media Corp,     7.1800,     7.2000,     6.9200,     6.9500,     339295,        963,             2380595
VSWS,B,20260805,532795,,Siti Networks,     0.4900,     0.4900,     0.4900,     0.4900,       4636,         21,                2271
VSWS,B,20260805,532796,,Lumax Auto Technolog,  1639.9000,  1706.5000,  1632.9000,  1696.2500,       9931,        904,            16719577
VSWS,B,20260805,532797,,Autoline Industries,    88.4100,    94.8200,    88.0000,    94.8200,      23039,        191,             2138681
VSWS,B,20260805,532798,,Network 18 Media,    30.0500,    30.3000,    29.4000,    29.6200,     256914,       1308,             7677500
VSWS,B,20260805,532799,,Hubtown,   188.6500,   190.8000,   180.0000,   181.6500,      59001,        733,            10776256
VSWS,B,20260805,532801,,Cambridge Tech Enter,    38.1000,    41.0000,    37.9900,    38.4000,       2740,         31,              106193
VSWS,B,20260805,532804,,Technocraft Industri,  2680.0000,  2709.0000,  2626.1500,  2628.5500,        974,        166,             2602335
VSWS,B,20260805,532805,,Redington,   350.9500,   360.4000,   342.6500,   348.1000,     663476,      10905,           233848174
VSWS,B,20260805,532806,,AI Champdany Industr,    36.0000,    37.9500,    36.0000,    36.2700,       1122,         29,               41978
VSWS,B,20260805,532807,,Cineline India,    88.5500,    90.5000,    88.5500,    89.5800,        819,         45,               73849
VSWS,B,20260805,532808,,Pearl Global Industr,  2150.8500,  2150.8500,  2091.6500,  2111.0000,       3852,        482,             8144337
VSWS,B,20260805,532809,,Firstsource Solution,   331.6000,   341.5000,   328.2000,   339.3500,     321348,       5594,           107912040
VSWS,B,20260805,532810,,Power Finance Corpor,   421.5500,   423.0000,   414.4500,   417.9000,      89946,       1824,            37599378
VSWS,B,20260805,532811,,Ahluwalia Contracts,   831.0500,   845.2000,   831.0000,   832.0000,       1037,        102,              868660
VSWS,B,20260805,532812,,Transwarranty Financ,    11.2600,    11.2600,    11.0200,    11.0200,        104,          5,                1169
VSWS,B,20260805,532814,,Indian Bank,   851.0500,   864.7000,   845.3000,   849.0000,      48318,       2711,            41383106
VSWS,B,20260805,532815,,SMS Pharmaceuticals,   363.5000,   367.4500,   360.5000,   364.6500,       7171,        247,             2605423
VSWS,B,20260805,532817,,Oriental Trimex,     5.2900,     5.2900,     5.1500,     5.1600,       2137,         21,               11056
VSWS,B,20260805,532820,,E-Land Apparel,    13.3700,    14.4100,    13.0000,    13.2000,       4447,         36,               60592
VSWS,B,20260805,532822,,Vodafone Idea,    12.9200,    13.0400,    12.7700,    12.8000,    9434842,     193678,           121791384
VSWS,B,20260805,532825,,Jagjanani Textiles,     4.8400,     4.8400,     4.4000,     4.4000,       1464,          6,                6909
VSWS,B,20260805,532826,,Raj Television Netwo,    10.0900,    10.6200,     9.7800,    10.1800,      38304,        182,              391938
VSWS,B,20260805,532827,,Page Industries, 40001.2000, 40080.0000, 39843.1500, 40015.0000,        345,        205,            13787693
VSWS,B,20260805,532828,,AMD Industries,    50.5900,    50.5900,    45.8500,    47.4700,       1425,         61,               68807
VSWS,B,20260805,532829,,Lehar Footwears,   241.2500,   241.2500,   236.0000,   240.0000,      15716,        358,             3766031
VSWS,B,20260805,532830,,Astral,  1443.1500,  1451.8000,  1418.2000,  1445.0000,      38512,       2789,            55267824
VSWS,B,20260805,532832,,Embassy Developments,    61.1200,    61.7900,    60.7700,    61.0300,     172918,        808,            10566709
VSWS,B,20260805,532834,,Camlin Fine Sciences,   130.4500,   131.8000,   128.4500,   129.6500,      14062,        320,             1830725
VSWS,B,20260805,532835,,ICRA,  5142.0500,  5183.7000,  5110.0000,  5133.8500,        668,        179,             3444458
VSWS,B,20260805,532839,,Dish TV India,     2.8100,     2.8500,     2.7900,     2.8200,      89884,        173,              253743
VSWS,B,20260805,532841,,Sahyadri Industries,   327.0000,   329.4000,   315.0000,   319.8000,       1293,         67,              418986
VSWS,B,20260805,532842,,Sree Rayalaseema Hi-,   487.0500,   501.8500,   486.1000,   491.3500,       1004,         76,              494325
VSWS,B,20260805,532843,,Fortis Healthcare,   934.9500,   935.0000,   915.0000,   925.6000,     371607,       4856,           342968264
VSWS,B,20260805,532845,,TGB Banquets & Hotel,     9.4500,     9.9500,     9.3400,     9.5400,       6108,         20,               57877
VSWS,B,20260805,532847,,Hilton Metal Forging,    21.3900,    21.3900,    20.8000,    20.9000,       7898,         39,              166216
VSWS,B,20260805,532848,,Delta Corp,    63.7500,    64.5000,    63.4200,    63.5700,      40123,        281,             2564286
VSWS,B,20260805,532850,,MIC Electronics,    37.8000,    37.9400,    36.8000,    37.1200,      38864,        231,             1449598
VSWS,B,20260805,532851,,Insecticides (India),   659.9500,   660.0000,   645.0000,   648.3000,       1515,        156,              986063
VSWS,B,20260805,532853,,Asahi Songwon Colors,   394.0000,   398.8000,   383.0000,   385.2500,       1673,         44,              645429
VSWS,B,20260805,532855,,Haryana Capfin,   144.9000,   144.9000,   140.0000,   140.0000,         65,         12,                9132
VSWS,B,20260805,532856,,Time Technoplast,   209.1500,   210.6000,   203.3500,   207.1500,     131334,       2557,            27208976
VSWS,B,20260805,532859,,Hinduja Global Solu,   425.0000,   425.2500,   420.1000,   423.7000,        805,         96,              340962
VSWS,B,20260805,532864,,Nelcast,   124.3000,   127.7000,   123.9000,   125.5500,      10169,        158,             1274257
VSWS,B,20260805,532867,,V2 Retail,   220.9500,   220.9500,   215.5000,   217.6500,      15563,        541,             3379314
VSWS,B,20260805,532868,,DLF,   648.5500,   666.0000,   648.5500,   664.0000,     278227,       4806,           183741906
VSWS,B,20260805,532869,,Tarmat,    51.2000,    51.2000,    49.2300,    50.4400,        448,         18,               22352
VSWS,B,20260805,532870,,Ankit Metal & Power,     1.6000,     1.6200,     1.5700,     1.5700,       2403,         11,                3802
VSWS,B,20260805,532872,,Sun Pharma Adv Resr,   208.8500,   220.8500,   206.3000,   218.2000,     160724,       2055,            34503882
VSWS,B,20260805,532873,,Housing Dev & Infra,     1.6300,     1.6600,     1.5900,     1.6200,     166936,        135,              267954
VSWS,B,20260805,532875,,Allied Digital Servi,   117.0500,   118.2000,   116.0000,   117.0000,      11421,        191,             1338348
VSWS,B,20260805,532878,,Alpa Laboratories,    69.2400,    69.2400,    67.2000,    67.9200,       2538,         21,              172736
VSWS,B,20260805,532880,,Omaxe,    89.3000,    89.3000,    85.2400,    85.8300,      18930,        185,             1637181
VSWS,B,20260805,532884,,Refex Industries,   307.0500,   311.1500,   299.0500,   301.1500,      43391,        723,            13172738
VSWS,B,20260805,532885,,Central Bank of Indi,    31.3600,    31.7000,    31.2300,    31.2900,     527299,       2257,            16582653
VSWS,B,20260805,532886,,SEL Manufacturing Co,    28.0000,    28.0500,    27.5200,    27.5200,        345,         15,                9548
VSWS,B,20260805,532888,,Asian Granito India,    54.1400,    54.3200,    52.1000,    53.3800,      77712,        292,             4159933
VSWS,B,20260805,532889,,K P R Mill,  1055.0500,  1094.5000,  1055.0500,  1079.3000,      11879,       1288,            12852182
VSWS,B,20260805,532890,,Take,    22.9900,    22.9900,    21.8700,    22.0900,      33873,        174,              764487
VSWS,B,20260805,532891,,Puravankara,   209.9500,   212.5000,   209.1000,   210.2000,      10128,        220,             2136984
VSWS,B,20260805,532892,,Motilal Oswal Financ,   867.2000,   881.7000,   865.0000,   880.3000,      71670,       2446,            62565210
VSWS,B,20260805,532893,,VTM,    60.6500,    61.6000,    60.1500,    60.9900,      42461,        108,             2592326
VSWS,B,20260805,532894,,Indowind Energy,     9.2300,     9.2300,     9.0600,     9.1500,       8085,         31,               73925
VSWS,B,20260805,532895,,Nagreeka Capital & I,    22.5000,    24.0000,    22.5000,    22.6700,        346,         15,                7849
VSWS,B,20260805,532896,,Magnum Ventures,    19.3100,    19.6900,    19.0000,    19.6900,      14482,         41,              280779
VSWS,B,20260805,532898,,Power Grid Corp of I,   284.4500,   285.1500,   281.4000,   282.0000,     362395,       6979,           102567488
VSWS,B,20260805,532899,,Kaveri Seed Company,   794.7000,   798.9500,   777.3000,   781.4500,       5960,        362,             4708870
VSWS,B,20260805,532900,,Paisalo Digital,    71.3500,    75.0000,    68.4000,    69.2900,    1320442,       4076,            95091741
VSWS,B,20260805,532902,,Consolidated Const C,    16.7500,    16.7500,    15.3600,    15.7100,      13853,         77,              217106
VSWS,B,20260805,532904,,Supreme Infrastructu,    93.0000,    99.0000,    92.1300,    93.5500,      86234,        724,             8201501
VSWS,B,20260805,532906,,Maan Aluminium,   127.1000,   129.7500,   126.4500,   127.4000,       6838,        157,              876386
VSWS,B,20260805,532907,,IL&FS Eng & Const Co,    35.0200,    35.2000,    34.9000,    34.9900,       5653,         14,              198209
VSWS,B,20260805,532911,,Parle Industries,     6.9400,     7.2900,     6.6500,     7.2900,    1165044,       1679,             8112604
VSWS,B,20260805,532915,,Religare Enterprises,   258.6000,   261.5000,   256.6000,   256.9000,      10174,        212,             2631741
VSWS,B,20260805,532916,,Barak Valley Cements,    41.7800,    42.7100,    41.7100,    41.7800,       2897,         27,              122016
VSWS,B,20260805,532918,,Rathi Bars,    19.8500,    19.8500,    19.0000,    19.2500,       3845,         39,               73475
VSWS,B,20260805,532921,,Adani Ports & Specia,  1724.2500,  1724.2500,  1688.3000,  1705.0000,      46594,       6884,            79117853
VSWS,B,20260805,532922,,Edelweiss Financial,   118.1000,   121.4500,   115.7000,   117.6000,     162242,        913,            19306668
VSWS,B,20260805,532923,,Renaissance Global,   117.7000,   125.4500,   116.9500,   124.6500,      45949,        354,             5661761
VSWS,B,20260805,532924,,Kolte-Patil Develope,   404.1000,   404.1000,   389.0500,   389.7500,       2767,        141,             1103680
VSWS,B,20260805,532925,,Kaushalya Infra Deve,   901.2500,   901.2500,   901.2500,   901.2500,          1,          1,                 901
VSWS,B,20260805,532926,,Jyothy Labs,   203.4500,   205.1500,   201.1000,   204.1000,      30812,        748,             6262644
VSWS,B,20260805,532927,,eClerx Services,  1920.2500,  1935.0000,  1895.5000,  1917.6000,       9602,        762,            18377715
VSWS,B,20260805,532928,,Transformers & Recti,   296.6500,   299.0000,   294.1000,   294.6500,      67667,       1405,            20024412
VSWS,B,20260805,532929,,Brigade Enterprises,   581.2500,   592.0000,   569.5000,   570.7500,      15011,       1158,             8639166
VSWS,B,20260805,532930,,BGR Energy Systems,   272.4500,   272.4500,   259.2000,   259.4000,      10898,        236,             2875540
VSWS,B,20260805,532932,,Manaksia,    56.2000,    65.9500,    56.1000,    56.6200,       1189,         62,               67215
VSWS,B,20260805,532933,,Porwal Auto Componen,    54.4700,    55.7500,    53.9000,    54.0200,       7185,         24,              388887
VSWS,B,20260805,532934,,PPAP Automotive,   279.0000,   296.9500,   279.0000,   296.9500,       2926,         44,              856686
VSWS,B,20260805,532935,,Aries Agro,   340.5000,   347.5000,   336.1000,   344.8500,       3152,        161,             1079727
VSWS,B,20260805,532937,,Kuantum Papers,    83.0000,    83.0000,    79.5600,    80.3600,       3366,         72,              270806
VSWS,B,20260805,532939,,Reliance Power,    24.2600,    24.5900,    24.0400,    24.1800,    1903952,       4205,            46220040
VSWS,B,20260805,532940,,J Kumar Infraproject,   500.7500,   500.7500,   488.0000,   490.4000,        877,         89,              431209
VSWS,B,20260805,532941,,Cords Cable Industri,   229.5000,   229.5000,   215.1500,   222.5500,       2313,         76,              511338
VSWS,B,20260805,532942,,KNR Constructions,   128.0500,   136.6000,   128.0500,   132.1000,     241612,       2048,            32227211
VSWS,B,20260805,532944,,OnMobile Global,    72.9900,    73.6700,    69.9300,    72.9200,      69644,        409,             5088165
VSWS,B,20260805,532945,,SEPC Ltd,     5.9600,     6.4600,     5.9600,     6.3200,    4350557,       2102,            27079338
VSWS,B,20260805,532946,,Bang Overseas,    29.8500,    30.6000,    29.6800,    29.9900,       1554,         24,               46541
VSWS,B,20260805,532947,,IRB Infra Developers,    20.1300,    20.2000,    20.0500,    20.0900,     666654,       1828,            13405774
VSWS,B,20260805,532951,,GSS Infotech,    14.2700,    14.4000,    13.8500,    13.9700,       8794,         84,              123591
VSWS,B,20260805,532952,,Nahar Capital and Fi,   261.5000,   267.0000,   261.5000,   261.5000,      10075,          9,             2689859
VSWS,B,20260805,532953,,V-Guard Industries,   313.6000,   319.0000,   306.0000,   310.2000,     791693,       2636,           248313455
VSWS,B,20260805,532955,,REC,   369.0500,   372.0500,   363.3000,   363.3000,    1341223,       5935,           490613835
VSWS,B,20260805,532957,,Gokak Textiles,    60.4500,    62.0000,    60.0000,    60.0000,        817,         11,               49596
VSWS,B,20260805,532966,,Titagarh Rail System,   854.9500,   860.0000,   849.8000,   851.0500,      18994,        760,            16213251
VSWS,B,20260805,532967,,Kiri Industries,   424.9500,   424.9500,   415.6500,   419.4000,       7208,        197,             3025155
VSWS,B,20260805,532974,,Aditya Birla Money,   136.4000,   136.4000,   133.0000,   134.0000,       2755,         91,              370344
VSWS,B,20260805,532975,,Telogica,     9.5000,     9.5000,     9.0500,     9.4700,       8352,         27,               76051
VSWS,B,20260805,532976,,Jai Balaji Industrie,    65.7000,    65.7000,    61.1500,    62.4400,      24496,        203,             1543678
VSWS,B,20260805,532977,,Bajaj Auto, 11650.0000, 11742.8500, 11579.6500, 11681.5000,      10305,       3162,           120285874
VSWS,B,20260805,532978,,Bajaj Finserv,  2100.5500,  2119.3000,  2074.8500,  2084.7000,    2493947,       8629,          5237137835
VSWS,B,20260805,532980,,Gokul Refoils & Sol,    39.7900,    39.8900,    39.2300,    39.6400,      16397,         99,              649178
VSWS,B,20260805,532983,,RPG Life Sciences,  2740.0000,  2740.0000,  2660.6500,  2710.2500,       2375,        237,             6376230
VSWS,B,20260805,532985,,Kotak S&P BSE Sx ETF,    86.3500,    86.8300,    85.8100,    86.1800,       7448,         76,              643150
VSWS,B,20260805,532986,,Niraj Cement Structu,    29.0000,    29.0500,    28.7400,    29.0500,       7307,         17,              211942
VSWS,B,20260805,532989,,Bafna Pharmaceutical,   284.1500,   284.1500,   283.0000,   283.0000,       7418,         45,             2107531
VSWS,B,20260805,532993,,Sejal Glass,   739.0000,   739.0000,   717.0000,   719.6500,        986,         23,              714775
VSWS,B,20260805,532994,,Archidply Industries,    80.0000,    83.2000,    79.0000,    81.8100,        803,         20,               66333
VSWS,B,20260805,532998,,Lotus Eye Hosp & Ins,   117.3000,   117.3000,   116.0500,   117.0000,        281,         22,               32817
VSWS,B,20260805,533001,,Somi Conveyor Beltin,    93.9000,    96.3800,    91.1000,    93.4500,       4492,         58,              425659
VSWS,B,20260805,533007,,LGB Forge,     5.7500,     5.7500,     5.5500,     5.5800,      87296,        118,              491487
VSWS,B,20260805,533012,,Landmark Property De,     6.3600,     6.6600,     6.1700,     6.3500,      15878,         32,              102586
VSWS,B,20260805,533014,,Sicagen India,    48.9800,    53.9500,    48.9800,    51.5200,       7278,         46,              372178
VSWS,B,20260805,533019,,Simplex Papers,  1382.5000,  1382.5000,  1382.5000,  1382.5000,          1,          1,                1382
VSWS,B,20260805,533022,,20 Microns,   196.8000,   198.0000,   194.1500,   194.3500,      12678,        156,             2474748
VSWS,B,20260805,533023,,ZF Comm Vehicle Cont,  2600.0000,  2605.2500,  2560.0000,  2592.6500,      12849,       2550,            33245680
VSWS,B,20260805,533029,,Alkali Metals,    70.9700,    70.9700,    66.1700,    68.0000,       6596,         24,              440216
VSWS,B,20260805,533033,,ISGEC Heavy Engineer,   844.5000,   844.5000,   828.1500,   832.0000,        975,        112,              812379
VSWS,B,20260805,533047,,Indian Metals & Ferr,  1480.7500,  1518.0000,  1466.7500,  1489.3000,      42339,       2663,            63233633
VSWS,B,20260805,533048,,Teamo Productions HQ,     0.4300,     0.4300,     0.4100,     0.4300,     212683,         93,               89557
VSWS,B,20260805,533056,,Vedavaag Systems,    19.9800,    20.8000,    19.5000,    19.9400,      42710,        152,              854976
VSWS,B,20260805,533080,,Mold-Tek Packaging,   696.0000,   696.0000,   680.5000,   687.7000,       3386,        229,             2336022
VSWS,B,20260805,533088,,Mahindra Holidays &,   231.1000,   236.5000,   228.6000,   233.8000,      31166,        709,             7253780
VSWS,B,20260805,533090,,Landsmill Green,     0.8000,     0.8400,     0.8000,     0.8200,     589323,        138,              486778
VSWS,B,20260805,533093,,Raj Oil Mills,    45.5400,    45.5400,    44.1300,    44.4400,        423,          6,               18890
VSWS,B,20260805,533095,,Bengal & Assam Co,  6232.0000,  6390.0000,  6220.0000,  6329.0000,         46,         27,              290324
VSWS,B,20260805,533096,,Adani Power,   210.7500,   211.2500,   207.1000,   207.7500,     839420,       7843,           175273120
VSWS,B,20260805,533098,,NHPC,    81.8000,    82.8200,    77.7900,    78.3000,    1234261,       7007,            99560078
VSWS,B,20260805,533100,,Premier Energy & Inf,     7.3000,     7.3000,     6.6700,     7.0800,       6830,         51,               47993
VSWS,B,20260805,533101,,Suryaamba Spinning,   124.0000,   124.0000,   116.3000,   117.0500,       1001,          8,              117271
VSWS,B,20260805,533104,,Globus Spirits,   895.7500,   912.0000,   890.0500,   892.8500,       2833,        332,             2557322
VSWS,B,20260805,533106,,Oil India,   449.5000,   449.5000,   435.5000,   441.5500,     392046,       4731,           172965198
VSWS,B,20260805,533107,,Swan Defence And Hea,  2560.0000,  2560.0000,  2499.0000,  2538.4000,       1777,        149,             4470564
VSWS,B,20260805,533108,,Bhilwara Technical T,    47.5500,    47.5500,    45.1900,    45.5600,       1993,         20,               92408
VSWS,B,20260805,533110,,Shree Precoated Stee,    12.4400,    12.4400,    12.4400,    12.4400,         10,          1,                 124
VSWS,B,20260805,533121,,Expleo Solutions,   816.7000,   818.0000,   808.7500,   811.6000,        943,         65,              766990
VSWS,B,20260805,533122,,RattanIndia Power,     8.7400,     8.9500,     8.7100,     8.7300,    1283885,       5620,            11264065
VSWS,B,20260805,533137,,Den Networks,    27.7700,    27.7700,    27.3300,    27.4300,      23821,        113,              654173
VSWS,B,20260805,533138,,Astec Lifesciences,   623.0500,   629.9500,   603.0000,   616.0000,       5009,        241,             3080026
VSWS,B,20260805,533146,,D-Link (India),   442.0500,   448.5500,   440.0000,   446.4500,       4323,        135,             1925923
VSWS,B,20260805,533148,,JSW Energy,   569.8000,   572.3000,   560.0000,   560.0000,      28566,        869,            16149423
VSWS,B,20260805,533149,,Yunik Managing Advis,     6.1100,     7.0900,     6.1100,     6.8200,      10687,         63,               73567
VSWS,B,20260805,533150,,Godrej Properties,  2041.6000,  2142.0000,  2041.6000,  2100.0000,      95665,       7578,           202514293
VSWS,B,20260805,533151,,D B Corp,   208.0000,   212.6500,   208.0000,   209.4500,       7293,        188,             1540774
VSWS,B,20260805,533152,,MBL Infrastructure,    25.5000,    26.4400,    25.0000,    25.0100,       1462,         18,               38217
VSWS,B,20260805,533155,,Jubilant FoodWorks,   470.1000,   495.1000,   469.8000,   482.0000,     620053,      11273,           300762848
VSWS,B,20260805,533156,,Vascon Engineers,    33.3600,    33.9700,    32.9100,    33.7400,      14509,         96,              486245
VSWS,B,20260805,533158,,Thangamayil Jeweller,  4800.0000,  4959.7000,  4615.0500,  4959.7000,      60961,       6118,           296151071
VSWS,B,20260805,533160,,Valor Estate,   112.0500,   113.9500,   110.0000,   111.3000,       9749,        173,             1088893
VSWS,B,20260805,533161,,Emmbi Industries,    85.1000,    87.5000,    85.0000,    87.1700,        709,         14,               61031
VSWS,B,20260805,533162,,Hathway Cable & Data,    10.9200,    11.0000,    10.8600,    10.9200,     149198,        225,             1630948
VSWS,B,20260805,533164,,Texmo Pipes and Prod,    43.4000,    43.4000,    42.5700,    43.3900,       1565,         25,               67265
VSWS,B,20260805,533166,,Sundaram Multi Pap,     1.2500,     1.2600,     1.2400,     1.2400,      90277,         72,              113242
VSWS,B,20260805,533167,,Coromandel Engineeri,    52.9800,    53.1700,    51.0300,    52.7200,       2621,         35,              136826
VSWS,B,20260805,533168,,Rossell India,    59.4400,    59.4400,    57.1100,    57.8200,       4596,         39,              266311
VSWS,B,20260805,533169,,Man Infraconstructio,   113.4600,   114.9000,   111.3500,   112.9200,     155271,        925,            17599076
VSWS,B,20260805,533170,,Tamboli Industries,   213.0000,   216.9000,   208.0000,   213.0000,       1098,         11,              234229
VSWS,B,20260805,533172,,Invesco India Gold,   123.9500,   126.0000,   123.6600,   125.2500,       5476,         31,              683504
VSWS,B,20260805,533177,,IL & FS Transportati,     2.1500,     2.1800,     2.0700,     2.0700,       3041,          8,                6459
VSWS,B,20260805,533179,,Persistent Systems,  5511.2000,  5577.0000,  5495.0000,  5540.0000,      19997,       2983,           110692248
VSWS,B,20260805,533181,,Intrasoft Technologi,    79.7100,    81.5500,    78.1000,    79.8300,       1167,         22,               92112
VSWS,B,20260805,533192,,KCP Sugar & Ind Corp,    32.8500,    32.8500,    30.4700,    31.4500,      19775,        177,              623710
VSWS,B,20260805,533193,,Kirloskar Electric,   136.5000,   150.2500,   136.5000,   150.2500,     165982,       1476,            24755975
VSWS,B,20260805,533202,,Satchmo Holdings,     4.4700,     4.5100,     4.3800,     4.5100,     188458,         89,              846042
VSWS,B,20260805,533203,,Tarapur Transformers,    14.7300,    14.9900,    14.2500,    14.2500,      16724,         66,              238456
VSWS,B,20260805,533206,,SJVN,    69.4100,    69.8800,    68.6100,    69.0900,     250294,       2766,            17283522
VSWS,B,20260805,533208,,Emami Paper Mills,   113.8000,   115.5000,   110.1000,   111.7500,       3949,         65,              441899
VSWS,B,20260805,533210,,Kriti Nutrients,    84.0000,    88.3300,    83.0000,    88.3300,       5462,         27,              467594
VSWS,B,20260805,533212,,GKB Ophthalmics,    56.5000,    57.0000,    56.5000,    56.9700,         53,          2,                3019
VSWS,B,20260805,533217,,Hindustan Media Vent,   106.7900,   106.7900,   100.7200,   104.0700,      12421,        342,             1283540
VSWS,B,20260805,533227,,Asian Hotels (East),   145.6000,   145.6000,   141.0000,   141.0000,        199,         12,               28232
VSWS,B,20260805,533229,,Bajaj Consumer Care,   545.2000,   549.8000,   525.8500,   530.6000,      32868,       1274,            17611536
VSWS,B,20260805,533230,,HDFC Gold ETF,   121.4900,   123.6400,   121.4900,   123.3600,     104345,       1393,            12828089
VSWS,B,20260805,533239,,Prakash Steelage,     4.4900,     4.4900,     4.0100,     4.0200,      17699,         20,               71342
VSWS,B,20260805,533244,,ICICI Pru Gold,   118.3000,   124.0600,   118.3000,   123.8900,     196767,       2481,            24274505
VSWS,B,20260805,533248,,Gujarat Pipavav Port,   151.8000,   153.9000,   151.3000,   151.6500,      89498,        955,            13666580
VSWS,B,20260805,533257,,Indosolar,   321.0000,   329.2000,   309.0000,   329.2000,      17777,        498,             5769888
VSWS,B,20260805,533259,,Health X Platform,   310.0000,   310.0000,   307.0500,   307.2000,         47,         11,               14475
VSWS,B,20260805,533260,,CP Capital,   114.0000,   114.0500,   112.5000,   114.0000,       1868,         13,              212576
VSWS,B,20260805,533262,,Ramky Infrastructure,   389.9500,   393.0000,   389.0000,   392.6000,       1172,        119,              459022
VSWS,B,20260805,533263,,Orient Green Power C,    10.0200,    10.1300,     9.9800,    10.0000,     164948,        717,             1655187
VSWS,B,20260805,533267,,Cantabil Retail Indi,   249.8500,   252.8500,   242.3500,   246.7000,      22491,        664,             5586193
VSWS,B,20260805,533268,,Sea TV Network,     2.8200,     2.8200,     2.8200,     2.8200,         90,          2,                 253
VSWS,B,20260805,533269,,VA Tech Wabag,  1955.2500,  2008.0000,  1955.2500,  2002.5500,      18231,       1679,            36260597
VSWS,B,20260805,533270,,Bedmutha Industries,   112.0000,   115.6000,   112.0000,   115.6000,       1554,         24,              179390
VSWS,B,20260805,533271,,Ashoka Buildcon,   120.2500,   122.5000,   119.7000,   119.9000,      73343,        988,             8902365
VSWS,B,20260805,533272,,Jupiter Wagons,   261.0000,   266.0000,   256.0000,   258.7000,      89870,       1767,            23485931
VSWS,B,20260805,533273,,Oberoi Realty,  1787.5500,  1825.9000,  1787.5000,  1808.0000,      15929,       1945,            28876104
VSWS,B,20260805,533274,,Prestige Estates Pro,  1611.7000,  1640.0000,  1592.9000,  1600.0000,      20194,       1487,            32780879
VSWS,B,20260805,533275,,Shah Metacorp,     4.1000,     4.1300,     3.8600,     3.9300,     237453,        338,              949895
VSWS,B,20260805,533278,,Coal India,   418.0000,   418.0000,   411.7000,   414.0000,     123364,       3690,            50981846
VSWS,B,20260805,533282,,Gravita India,  1678.9500,  1701.4500,  1662.2000,  1689.6000,      18003,       1172,            30320003
VSWS,B,20260805,533284,,RPP Infra Projects,    60.6000,    61.0300,    59.4500,    59.4600,       3640,         83,              217917
VSWS,B,20260805,533285,,RDB Infra and Power,    17.1500,    17.8500,    16.8100,    16.8100,     315445,        404,             5327019
VSWS,B,20260805,533286,,MOIL,   283.5000,   283.7000,   280.8000,   282.6000,      26610,        573,             7504394
VSWS,B,20260805,533287,,Zee Learn,     8.1900,     8.3900,     7.9200,     8.0200,      25583,         94,              209091
VSWS,B,20260805,533289,,Kesar Terminals & In,    61.0000,    61.0000,    60.0000,    60.9800,        476,          8,               28973
VSWS,B,20260805,533292,,A2Z Infra Engineerin,    17.2900,    17.6900,    16.5500,    16.7000,      54707,        288,              936791
VSWS,B,20260805,533293,,Kirloskar Oil Engine,  2299.1500,  2306.0000,  2221.8000,  2241.8500,      14996,       2045,            33889816
VSWS,B,20260805,533294,,Ravi Kumar Distiller,    19.5000,    19.6500,    19.0200,    19.3500,        287,         12,                5569
VSWS,B,20260805,533295,,Punjab & Sind Bank,    23.8400,    24.1300,    23.7500,    23.7800,     132516,        552,             3177056
VSWS,B,20260805,533296,,Future Market Networ,     9.7700,     9.7700,     9.3600,     9.5700,       2259,         12,               21226
VSWS,B,20260805,533298,,Surana Solar,    25.6500,    27.0000,    25.6500,    26.0500,       7641,         99,              199305
VSWS,B,20260805,533301,,Shekhawati Industrie,    14.0000,    14.1900,    13.8900,    13.9200,       2106,         14,               29855
VSWS,B,20260805,533302,,Kalyani Investment C,  5531.0000,  5697.5000,  5531.0000,  5633.8500,         51,         34,              283587
VSWS,B,20260805,533303,,BF Investment,   489.3500,   489.3500,   474.0000,   477.3500,        600,         56,              288468
VSWS,B,20260805,533306,,Summit Securities,  1545.0000,  1582.9000,  1517.0000,  1523.3000,        714,        108,             1095154
VSWS,B,20260805,533316,,STEL Holdings,   563.0000,   572.8500,   556.4000,   556.4000,         64,         14,               36158
VSWS,B,20260805,533326,,Texmaco Rail & Engin,   109.8500,   110.0000,   106.9500,   107.5000,     166437,       1419,            17980377
VSWS,B,20260805,533329,,Indian Terrain Fashi,    33.6600,    33.6600,    31.6800,    31.8300,       1543,         54,               49848
VSWS,B,20260805,533333,,Fineotex Chemical,    38.4600,    39.1100,    38.3500,    38.6300,     236281,       1208,             9142293
VSWS,B,20260805,533336,,Dhunseri Investments,   863.5500,   917.9500,   863.5500,   910.0000,         91,         16,               81536
VSWS,B,20260805,533339,,Zen Technologies,  1692.7500,  1700.9500,  1668.7000,  1672.6500,      26938,       1648,            45367922
VSWS,B,20260805,533343,,Lovable Lingerie,    74.3700,    74.3700,    72.6300,    73.8700,        828,         16,               61057
VSWS,B,20260805,533344,,PTC India Financial,    28.5900,    29.7500,    28.3500,    28.8500,      73797,        382,             2142269
VSWS,B,20260805,533385,,Motilal Oswal NASDAQ,   321.8200,   321.8200,   321.8200,   321.8200,       5841,         81,             1879750
VSWS,B,20260805,533398,,Muthoot Finance,  2890.0500,  2952.9000,  2890.0000,  2900.0000,     130259,       8821,           380585069
VSWS,B,20260805,533407,,True Green Bio Energ,   178.5500,   186.0000,   178.5500,   179.8000,       4133,         61,              757786
VSWS,B,20260805,533408,,Aditya Birla Sun LGG,   124.8500,   127.2300,   124.8500,   126.9300,       6384,        121,              808516
VSWS,B,20260805,533427,,VMS Industries,    21.2000,    21.9800,    20.8000,    21.0100,      36381,        171,              764891
VSWS,B,20260805,533451,,Karma Energy,    38.0400,    38.0400,    38.0400,    38.0400,          5,          2,                 190
VSWS,B,20260805,533452,,Delphi World Money,     6.6500,     6.9900,     6.6000,     6.9400,      13687,         48,               91317
VSWS,B,20260805,533470,,Rushil Decor,    18.3100,    18.9000,    17.5600,    17.8400,      71373,        215,             1307040
VSWS,B,20260805,533477,,Enkei Wheels (India),   379.8500,   379.8500,   364.5000,   369.9500,       5503,         97,             2030814
VSWS,B,20260805,533482,,Kridhan Infra,     2.2400,     2.4000,     2.2400,     2.2600,      38519,         29,               89996
VSWS,B,20260805,533506,,Inventure Grow & Sec,     0.9300,     0.9300,     0.9100,     0.9200,      99886,        116,               91693
VSWS,B,20260805,533519,,L&T Finance,   322.2000,   326.6000,   318.6500,   318.8000,     342781,       5381,           110434537
VSWS,B,20260805,533520,,Indiabulls,    28.1000,    29.1000,    27.7500,    29.1000,    1040027,       1044,            30114631
VSWS,B,20260805,533540,,Tree House Education,     6.4100,     6.4800,     6.2300,     6.4200,        900,         10,                5763
VSWS,B,20260805,533543,,Brooks Laboratories,    60.5000,    62.8900,    58.1000,    60.5000,       3428,         34,              202083
VSWS,B,20260805,533552,,Rupa & Company,   163.3500,   164.5500,   161.2500,   161.6000,       6464,        169,             1052700
VSWS,B,20260805,533553,,TD Power Systems,  1134.7000,  1206.0000,  1133.0000,  1200.9000,     157152,       8192,           185163197
VSWS,B,20260805,533570,,Axis MF Axis GoldETF,   119.3400,   120.9200,   119.1700,   120.6700,      43914,        786,             5274942
VSWS,B,20260805,533573,,Alembic Pharmaceutic,   820.0000,   840.4500,   807.0000,   816.1000,      69907,       1142,            57787883
VSWS,B,20260805,533576,,Vaswani Industries,    53.0800,    53.8400,    51.6000,    52.7200,       1045,         47,               55084
VSWS,B,20260805,533581,,PG Electroplast,   618.2500,   632.2500,   602.8500,   605.0000,     175020,       4961,           108295196
VSWS,B,20260805,533602,,Lesha Industries,     0.7500,     0.7700,     0.7500,     0.7700,     109243,         82,               83539
VSWS,B,20260805,533605,,Setubandhan Infrastr,     0.4100,     0.4400,     0.4100,     0.4100,      19227,         21,                8375
VSWS,B,20260805,533608,,RDB Rasayans,   164.5000,   164.9500,   161.5000,   163.4500,       6697,         50,             1094340
VSWS,B,20260805,533629,,Tijaria Polypipes,     5.0700,     5.0700,     4.8000,     4.9100,       3917,         33,               18966
VSWS,B,20260805,533632,,Onelife Capital Advi,    37.7500,    37.7500,    34.2000,    34.9800,       3812,         24,              132477
VSWS,B,20260805,533638,,Flexituff Ventur Int,     3.8800,     3.9700,     3.8800,     3.9100,      18526,         30,               72305
VSWS,B,20260805,533644,,Ujaas Energy,   222.0000,   232.1500,   208.0000,   232.1500,      44858,        826,            10246182
VSWS,B,20260805,533655,,Triveni Turbine,   622.6000,   630.0000,   619.3500,   623.6000,      29131,       1310,            18193423
VSWS,B,20260805,533676,,Indo Thai Securities,   122.6000,   122.6000,   122.6000,   122.6000,      24701,        386,             3028342
VSWS,B,20260805,533704,,Essar Shipping,    20.5900,    20.6400,    20.0000,    20.1100,       9173,        143,              185997
VSWS,B,20260805,533719,,LIC MF Gold ETF,   126.2200,   134.9000,   126.2200,   129.7200,      18217,        139,             2377737
VSWS,B,20260805,533758,,APL Apollo Tubes,  1934.5500,  1965.0000,  1905.6500,  1950.0000,      55613,       4731,           108097514
VSWS,B,20260805,533761,,GPT Infraprojects,   112.7000,   117.6000,   112.5500,   117.0500,      16002,        226,             1841630
VSWS,B,20260805,533896,,Fervent Synergies,    15.7000,    15.7000,    14.5700,    15.1600,       1341,         15,               20189
VSWS,B,20260805,533941,,Thomas Scott (India),   304.7500,   306.0000,   301.4500,   305.4500,        450,         34,              137139
VSWS,B,20260805,533982,,Tera Software,   415.9000,   429.4500,   405.2000,   429.4500,       6781,        233,             2874491
VSWS,B,20260805,534060,,PMC Fincorp,     1.7100,     1.7500,     1.7000,     1.7200,     235352,        330,              405068
VSWS,B,20260805,534064,,Alliance Integrated,     2.6500,     2.6600,     2.6500,     2.6600,     288374,         99,              767067
VSWS,B,20260805,534076,,RHI Magnesita India,   414.4500,   414.4500,   407.4000,   408.6500,      11492,        508,             4716175
VSWS,B,20260805,534091,,Multi Commodity Exch,  2672.0000,  2675.0000,  2565.5500,  2599.7000,    1290092,      45327,          3351670058
VSWS,B,20260805,534139,,Schneider Electric I,  1336.3000,  1369.2000,  1333.0000,  1352.6000,      18585,       1776,            25255743
VSWS,B,20260805,534309,,NBCC (India),    95.4200,    96.2900,    95.1700,    95.9300,     262477,       1939,            25150716
VSWS,B,20260805,534328,,Hexa Tradex,   164.9500,   164.9500,   158.8000,   162.6500,         37,          6,                5981
VSWS,B,20260805,534338,,Max Heights Infrastr,    11.5100,    12.5000,    11.5100,    11.8600,       3353,         14,               39073
VSWS,B,20260805,534369,,Tribhovandas Bhimji,   276.0000,   278.2000,   267.4500,   272.0500,      79952,       1171,            21750627
VSWS,B,20260805,534392,,Vardhman Special Ste,   310.0000,   335.3000,   303.3000,   330.5000,      55164,       1268,            17901391
VSWS,B,20260805,534422,,Looks Health Service,     9.9600,     9.9600,     9.9400,     9.9600,      33733,         24,              335787
VSWS,B,20260805,534425,,Speciality Restauran,   142.7000,   144.0000,   134.1500,   141.9500,      12165,        248,             1696212
VSWS,B,20260805,534532,,Aurus Gem Corporatio,     4.7500,     4.7500,     4.7500,     4.7500,        253,          3,                1201
VSWS,B,20260805,534535,,String Metaverse,     6.1900,     6.5300,     6.1100,     6.5300,    2222487,       1091,            14367941
VSWS,B,20260805,534597,,RattanIndia Enterpri,    32.9400,    33.7500,    32.0000,    32.5700,     172792,       1082,             5709317
VSWS,B,20260805,534598,,Sampann Utpadan Indi,    27.0100,    27.6500,    26.9600,    27.5900,       2246,         38,               61512
VSWS,B,20260805,534600,,JTL Industries,    79.7900,    80.4000,    76.5000,    78.2200,     454908,       2165,            35889559
VSWS,B,20260805,534612,,Advance Metering Tec,    18.8800,    18.8800,    17.7300,    17.9800,       1798,         33,               32787
VSWS,B,20260805,534615,,North Eastern Carry,    16.1000,    16.1000,    15.1500,    15.1600,        530,         14,                8275
VSWS,B,20260805,534618,,Waaree Renewable,   914.9500,   919.0000,   905.0000,   905.9500,      20070,       1118,            18259689
VSWS,B,20260805,534623,,Arix Energix,    49.2500,    51.6000,    48.1100,    51.5700,       6476,         83,              324813
VSWS,B,20260805,534639,,Vinayak Polycon Int,    21.0000,    21.0000,    21.0000,    21.0000,        150,          3,                3150
VSWS,B,20260805,534674,,Ducon Infratechnolog,     2.9200,     3.0000,     2.9100,     2.9500,      51989,        116,              154416
VSWS,B,20260805,534675,,Prozone Realty,    42.3700,    43.3800,    42.0000,    42.7500,       4519,         91,              190467
VSWS,B,20260805,534680,,SRG Housing Finance,   294.0500,   294.0500,   288.1000,   288.3000,        149,         13,               43708
VSWS,B,20260805,534691,,Comfort Commotrade,    13.9600,    15.3000,    13.9600,    14.7500,      11381,         35,              167581
VSWS,B,20260805,534708,,Shanti Guru Industri,     8.7900,     9.2500,     8.7900,     9.2500,      39000,          4,              353850
VSWS,B,20260805,534732,,Caspian Corp Service,    33.0000,    34.6700,    33.0000,    33.2600,       6742,         54,              224032
VSWS,B,20260805,534733,,Aerpace Industries,    34.9900,    35.5600,    34.5000,    35.2500,     324960,        401,            11398674
VSWS,B,20260805,534741,,Virtual Global Edu,     0.4400,     0.4400,     0.4300,     0.4400,     116812,        104,               50474
VSWS,B,20260805,534742,,Zuari Agro Chemicals,   233.3000,   233.3000,   227.0000,   227.5500,       4916,        150,             1126932
VSWS,B,20260805,534748,,Steel Exchange India,    11.2100,    11.6500,    11.2100,    11.5100,     178001,        414,             2034506
VSWS,B,20260805,534755,,Trio Mercantile & Tr,     3.0000,     3.0000,     3.0000,     3.0000,     167879,         41,              503637
VSWS,B,20260805,534796,,Jujhar Logistics,   255.0000,   271.9000,   247.0500,   265.0000,       8901,         39,             2207273
VSWS,B,20260805,534804,,CARE Ratings,  1750.0000,  1777.0000,  1739.6500,  1745.3500,       3485,        328,             6123538
VSWS,B,20260805,534809,,PC Jeweller,     9.9100,    10.0200,     9.7100,     9.8300,    9794560,       5190,            96832175
VSWS,B,20260805,534816,,Indus Towers,   393.2500,   393.2500,   386.0000,   387.2500,     111091,       3531,            43183597
VSWS,B,20260805,534920,,iSera Lifesciences,   143.9000,   143.9000,   143.9000,   143.9000,        115,          2,               16548
VSWS,B,20260805,534976,,V-Mart Retail,   775.0000,   810.9000,   775.0000,   807.5000,      18771,        915,            15010398
VSWS,B,20260805,535136,,Nibe,  1390.0000,  1425.0000,  1386.0000,  1394.7000,       5072,        352,             7112417
VSWS,B,20260805,535204,,Mukta Agriculture,     3.0000,     3.0000,     2.9000,     2.9000,       1825,         10,                5309
VSWS,B,20260805,535205,,Mystic Electronics,     3.5900,     3.6900,     3.3700,     3.5300,       7134,         40,               25308
VSWS,B,20260805,535267,,Comfort Fincap,     7.5000,     7.7100,     7.3700,     7.4000,      19992,         53,              149192
VSWS,B,20260805,535276,,SBI ETF SENSEX,   873.0100,   879.9800,   871.2400,   873.9100,       5909,        413,             5171890
VSWS,B,20260805,535322,,Repco Home Finance,   380.5500,   388.0000,   380.5500,   386.8000,       6710,        256,             2580419
VSWS,B,20260805,535387,,Lakhotia Polyesters,    54.5000,    58.8900,    54.2000,    55.3500,        601,         14,               33163
VSWS,B,20260805,535431,,GCM Securities,     0.6800,     0.7200,     0.6800,     0.7000,      77793,         80,               54023
VSWS,B,20260805,535458,,NRB Industrial Beari,    35.7200,    36.4500,    35.0000,    36.4300,       7536,        351,              270511
VSWS,B,20260805,535566,,KIFS Financial Ser,   110.0000,   112.5000,   108.5000,   111.1000,        217,          9,               24175
VSWS,B,20260805,535601,,Sreeleathers,   216.0500,   218.0000,   215.0000,   215.0000,        139,          8,               30178
VSWS,B,20260805,535602,,Sharda Motor Industr,   896.1500,   907.6500,   892.7000,   903.6000,       5139,        389,             4631867
VSWS,B,20260805,535621,,S V Global Mill,   135.7000,   135.7000,   122.2000,   133.3000,        218,         12,               28583
VSWS,B,20260805,535648,,Just Dial,   703.7000,   709.6500,   680.4000,   685.0000,      27061,        969,            18736610
VSWS,B,20260805,535667,,India Finsec,   229.9000,   239.0000,   229.9000,   230.7000,        118,          5,               27221
VSWS,B,20260805,535693,,Brahmaputra Infrastr,   167.0000,   167.0000,   161.0000,   162.0000,      17161,        207,             2796566
VSWS,B,20260805,535719,,Ampvolts,    26.2700,    27.4000,    26.2700,    26.7300,      19161,         97,              518579
VSWS,B,20260805,535730,,Khoobsurat,     0.5000,     0.5000,     0.4900,     0.4900,     479942,        188,              237588
VSWS,B,20260805,535754,,Orient Cement,   138.0000,   142.3500,   138.0000,   140.2500,      15276,        259,             2153888
VSWS,B,20260805,535755,,Aditya Birla Fashion,    61.0200,    62.5000,    61.0200,    62.0900,     383707,       3380,            23801991
VSWS,B,20260805,535789,,Sammaan Capital,   161.0000,   162.2000,   160.6500,   161.5500,     268538,       2709,            43341089
VSWS,B,20260805,535910,,Money Masters Leasin,     0.6500,     0.6500,     0.6500,     0.6500,       9279,         13,                6031
VSWS,B,20260805,535916,,Alacrity Securities,    62.4100,    70.0000,    61.0000,    66.7600,      34596,        238,             2263843
VSWS,B,20260805,535958,,Integra Essentia,     1.2500,     1.2700,     1.2500,     1.2700,     621641,        324,              788836
VSWS,B,20260805,536073,,Julien Agro Infratec,     1.2100,     1.2300,     1.2100,     1.2300,     110084,        131,              134355
VSWS,B,20260805,536264,,Tiger Logistics (I),    27.1000,    27.5000,    25.8000,    26.0300,      17435,        126,              466975
VSWS,B,20260805,536493,,JK Agri Genetics,   311.0000,   311.0000,   303.2500,   304.2500,        855,         37,              262507
VSWS,B,20260805,536507,,Future Lifestyle Fas,     1.2300,     1.2400,     1.2000,     1.2100,       3350,         15,                4104
VSWS,B,20260805,536565,,Novelix Pharmaceutic,    72.5700,    72.5700,    67.2600,    70.5000,       2440,         20,              165621
VSWS,B,20260805,536659,,PVV Infra,     3.6600,     3.8700,     3.6400,     3.6900,     589785,        386,             2210696
VSWS,B,20260805,536672,,VCU Data Management,     7.6500,     7.8500,     7.4000,     7.7100,       7418,         50,               55528
VSWS,B,20260805,536709,,Ind Renewable Energy,    14.5000,    14.6000,    14.2500,    14.3100,      78718,         80,             1135659
VSWS,B,20260805,536737,,Amrapali Capital & F,    74.5700,    74.5700,    74.5700,    74.5700,       1200,          1,               89484
VSWS,B,20260805,536773,,Jindal Poly Invest,  1063.0000,  1064.8000,  1040.0500,  1043.0000,        217,         58,              227570
VSWS,B,20260805,536846,,Yuranus Infra,   123.2500,   123.2500,   123.1000,   123.1500,         91,          7,               11206
VSWS,B,20260805,536960,,M Oswal Nifty Midcap,    68.3200,    68.8000,    67.6300,    68.5000,      29965,        322,             2054438
VSWS,B,20260805,536974,,Captain Polyplast,    73.7300,    73.7300,    71.1800,    72.7400,       4624,         88,              335417
VSWS,B,20260805,537007,,ICICI Pru Nifty 50,   277.8500,   280.0000,   277.0000,   278.4700,      31201,        689,             8698559
VSWS,B,20260805,537008,,ICICI Pru Nifty 100,    28.2100,    28.8700,    28.2100,    28.5000,      13923,         74,              398534
VSWS,B,20260805,537069,,Arnold Holdings,    13.7000,    13.7000,    12.3300,    13.2400,        579,         16,                7657
VSWS,B,20260805,537253,,Sunil Healthcare,    69.5000,    72.4800,    67.0000,    72.3900,        786,         15,               53231
VSWS,B,20260805,537259,,Suyog Telematics,   857.2000,   861.2000,   836.2000,   837.2000,        710,         68,              603396
VSWS,B,20260805,537291,,Nath Bio-Genes (Indi,   166.1500,   167.0000,   164.0000,   164.2500,       1596,         73,              262583
VSWS,B,20260805,537292,,Agri-Tech (India),   110.0000,   112.0000,   107.2500,   112.0000,        556,         17,               61017
VSWS,B,20260805,537326,,Chemtech Industrial,    70.7800,    70.7800,    67.9000,    69.2500,      15972,         74,             1102822
VSWS,B,20260805,537483,,Nippon India ETF Ni,   268.2900,   274.7400,   268.2900,   271.8600,       8949,        228,             2436797
VSWS,B,20260805,537536,,Denis Chem Lab,    70.6900,    70.7000,    69.0000,    69.8700,      22998,         98,             1597427
VSWS,B,20260805,537582,,Unishire Urban Infra,     1.3800,     1.3800,     1.2600,     1.2600,      20000,          2,               26400
VSWS,B,20260805,537707,,Laddu Gopal Online S,     0.4000,     0.4400,     0.4000,     0.4400,    2329158,        179,              987912
VSWS,B,20260805,537708,,Kotak Nifty 50 ETF,   273.6300,   273.7700,   271.9000,   273.1600,       6446,        148,             1756879
VSWS,B,20260805,537709,,Shree Hanuman Sugar,     3.6700,     3.7800,     3.5100,     3.6200,       9409,         56,               33944
VSWS,B,20260805,537750,,Kiran Vyapar,   194.0000,   194.0000,   194.0000,   194.0000,         25,          3,                4850
VSWS,B,20260805,537766,,B C Power Controls,     1.8000,     1.8400,     1.8000,     1.8400,     139088,        108,              254189
VSWS,B,20260805,537785,,Race Eco Chain,   109.5000,   109.5000,   106.1000,   106.1000,        499,         16,               53262
VSWS,B,20260805,537800,,Mangalam Indl Fin,     0.5900,     0.5900,     0.5700,     0.5800,    6691995,        807,             3878777
VSWS,B,20260805,537820,,Viji Finance,    10.8900,    10.8900,    10.8900,    10.8900,      65600,         64,              714384
VSWS,B,20260805,537839,,HBG Hotels,    85.0000,    89.0000,    84.0000,    87.0000,       7538,         26,              668117
VSWS,B,20260805,537840,,Raunaq International,    28.3600,    28.3600,    28.3600,    28.3600,          1,          1,                  28
VSWS,B,20260805,537985,,Infronics Systems,    24.2000,    24.2100,    24.2000,    24.2100,       7350,         30,              177904
VSWS,B,20260805,538057,,CPSE ETF*,    92.3900,    95.1800,    92.3900,    94.7600,      64250,       1088,             6084927
VSWS,B,20260805,538081,,Haria Apparels,     5.3100,     5.3100,     5.2500,     5.2500,       2382,          8,               12523
VSWS,B,20260805,538092,,Shri Vasuprada Plant,   103.5000,   103.5000,   101.1200,   101.1400,         99,          5,               10014
VSWS,B,20260805,538119,,R&B Denims,     8.9500,     9.1500,     8.9500,     9.0400,      73793,        235,              664843
VSWS,B,20260805,538212,,Sharp Investments,     0.3700,     0.3800,     0.3400,     0.3500,    1628629,        251,              583763
VSWS,B,20260805,538268,,Wonderla Holidays,   529.8000,   529.8000,   501.7000,   502.1000,      18227,        561,             9294413
VSWS,B,20260805,538273,,Response Informatics,    20.0000,    20.0000,    18.5600,    18.5700,        807,         15,               15380
VSWS,B,20260805,538351,,A F Enterprises,     1.6800,     1.6900,     1.6000,     1.6300,      23030,         52,               37787
VSWS,B,20260805,538365,,Incredible Indus,    32.4000,    34.0000,    31.2500,    32.1000,       3424,         32,              112064
VSWS,B,20260805,538382,,West Leisure Resorts,    78.0000,    78.0000,    77.3000,    77.3000,         24,          4,                1862
VSWS,B,20260805,538395,,Nam Securities,   100.9500,   105.9700,    96.0000,    97.9700,        151,         14,               15110
VSWS,B,20260805,538401,,Maestros Electronics,   153.6500,   158.9000,   146.0000,   150.9500,       6643,        107,             1016820
VSWS,B,20260805,538422,,Jackson Investments,     0.3900,     0.4000,     0.3900,     0.4000,     129168,         99,               51487
VSWS,B,20260805,538446,,Moneyboxx Finance,    61.1000,    61.1000,    61.1000,    61.1000,        966,          4,               59022
VSWS,B,20260805,538451,,Worth Invest & Trad,     3.8100,     4.0800,     3.7100,     3.7500,     292468,        255,             1110355
VSWS,B,20260805,538464,,Thirani Projects,     3.1000,     3.3500,     3.1000,     3.2900,       6460,         13,               21223
VSWS,B,20260805,538465,,Amarnath Securities,    16.3500,    16.3500,    16.3400,    16.3400,      19165,         21,              313227
VSWS,B,20260805,538476,,Capital Trade Links,    27.2300,    28.7900,    27.2300,    27.8700,      28213,         79,              786519
VSWS,B,20260805,538496,,Tarini International,     8.2500,     8.2500,     8.0000,     8.0000,       6000,          2,               48750
VSWS,B,20260805,538521,,Yaan Enterprises,   113.0500,   116.0000,   113.0000,   115.7500,       1430,         21,              164394
VSWS,B,20260805,538539,,Annvrridhhi Ventures,     9.5100,     9.8500,     9.5000,     9.5100,       3603,         27,               34409
VSWS,B,20260805,538540,,Raama Finance,    19.4500,    19.9100,    18.0400,    19.8700,     151083,        193,             2888007
VSWS,B,20260805,538542,,Gold Coin Health Foo,    30.1600,    33.0000,    29.0000,    30.0600,       1411,         31,               42773
VSWS,B,20260805,538546,,Bansal Roofing Produ,   130.0000,   132.9000,   127.3500,   129.6000,       4098,        226,              533947
VSWS,B,20260805,538556,,Arman Holdings,   120.0000,   120.0000,   115.0000,   118.3500,      81615,        108,             9410967
VSWS,B,20260805,538562,,Skipper,   550.1000,   553.8000,   541.0000,   548.0500,      26341,        604,            14419024
VSWS,B,20260805,538563,,SMT Engineering,   468.3500,   468.3500,   435.1000,   468.3500,       1058,         66,              494267
VSWS,B,20260805,538564,,James Warren Tea,   265.0500,   275.0000,   265.0500,   271.0000,        713,         25,              192979
VSWS,B,20260805,538565,,Vistar Amar,   225.0000,   225.0000,   215.0000,   222.5500,       2852,         65,              632038
VSWS,B,20260805,538567,,Gulf Oil Lubricants,  1165.0500,  1200.7000,  1165.0000,  1176.1500,      13736,       1099,            16194558
VSWS,B,20260805,538568,,Fruition Venture,    46.1400,    46.1400,    41.8000,    46.1400,        860,          9,               36347
VSWS,B,20260805,538569,,Triveni Enterprises,     1.0000,     1.0500,     1.0000,     1.0000,       5434,         15,                5435
VSWS,B,20260805,538596,,Cemantic Infra-Tech,     4.7800,     5.0100,     4.7800,     4.9100,        393,         14,                1960
VSWS,B,20260805,538597,,TTI Enterprise,     7.2800,     7.5200,     7.2800,     7.5000,      13501,         38,               99968
VSWS,B,20260805,538598,,Vishal Fabrics,    18.3100,    18.7300,    18.0200,    18.3600,      63886,        245,             1172296
VSWS,B,20260805,538607,,Toyam Sports,     0.6800,     0.6800,     0.6600,     0.6700,     710077,        211,              474213
VSWS,B,20260805,538609,,Gajanan Securities S,    53.0000,    53.8900,    51.1000,    52.2200,        524,         33,               27315
VSWS,B,20260805,538610,,Unison Metals,     0.6700,     0.6700,     0.6400,     0.6500,     225124,        186,              148381
VSWS,B,20260805,538611,,Real Touch Finance,    49.0000,    49.0000,    47.8000,    47.8000,          6,          2,                 288
VSWS,B,20260805,538634,,Vasundhara Rasayans,   178.0000,   178.0000,   169.3000,   173.3500,       1281,         31,              221974
VSWS,B,20260805,538635,,Snowman Logistics,    40.9400,    43.2000,    38.7800,    40.7300,     152068,       1228,             6281880
VSWS,B,20260805,538646,,QGO Finance,    41.2000,    42.9900,    40.9900,    41.8500,       1844,         19,               75747
VSWS,B,20260805,538647,,Purshottam Investofi,    37.0000,    37.0000,    33.0000,    33.0000,         19,          6,                 637
VSWS,B,20260805,538666,,Sharda Cropchem,   840.9500,   847.7000,   820.8000,   823.4000,      15827,       1549,            13103657
VSWS,B,20260805,538668,,Meghna Infracon Infr,   741.9500,   747.8500,   716.4000,   719.8500,      42481,        425,            31297564
VSWS,B,20260805,538683,,Nippon I S&P BSE Sen,   909.4800,   909.4800,   900.1000,   902.3500,       7189,        274,             6503531
VSWS,B,20260805,538706,,Ultracab (India),     6.8900,     6.9200,     6.7300,     6.8500,      93750,        199,              641508
VSWS,B,20260805,538708,,Econo Trade (India),     7.2400,     7.2400,     6.1400,     6.5900,        271,         18,                1751
VSWS,B,20260805,538713,,Atishay,   167.5000,   172.8500,   163.5500,   170.0000,       1508,         38,              252226
VSWS,B,20260805,538714,,Sangam Finserv,    40.0000,    41.2700,    38.0000,    39.7700,        208,          9,                8155
VSWS,B,20260805,538715,,Dhabriya Polywood,   439.5000,   467.8500,   439.5000,   464.1000,      43807,        977,            19998165
VSWS,B,20260805,538716,,Aryaman Capital Mark,   400.0000,   400.0000,   391.5500,   398.7500,         23,          7,                9183
VSWS,B,20260805,538730,,PDS,   352.8500,   362.5000,   352.8500,   358.0500,       2571,        135,              921814
VSWS,B,20260805,538732,,Vibrant Global Cap,    50.9800,    54.0700,    50.9800,    54.0000,      17462,         38,              936367
VSWS,B,20260805,538734,,Ceinsys Tech,   879.9500,   885.8500,   855.6500,   857.9500,      10498,        526,             9110539
VSWS,B,20260805,538742,,Panabyte Technologie,    19.4800,    20.0500,    18.3200,    19.3600,      40996,         26,              797883
VSWS,B,20260805,538765,,JLA Infraville Shopp,     2.5800,     2.5800,     2.5800,     2.5800,       5000,          1,               12900
VSWS,B,20260805,538770,,Crane Infrastructure,    12.5900,    12.6000,    11.5500,    12.5500,       1076,         17,               13486
VSWS,B,20260805,538772,,Niyogin Fintech,    41.2000,    48.3700,    40.2500,    47.7300,     447793,        673,            20835360
VSWS,B,20260805,538777,,Asia Capital,    89.9900,    89.9900,    89.9900,    89.9900,         55,          5,                4949
VSWS,B,20260805,538778,,Kalyan Capitals,     7.1400,     7.2800,     6.6100,     7.2000,       9294,         78,               64732
VSWS,B,20260805,538786,,Citizen Solar,   288.1500,   288.1500,   288.1500,   288.1500,        305,         12,               87885
VSWS,B,20260805,538787,,Goenka Business & Fi,     9.0600,    10.2000,     9.0600,    10.0200,      20507,        115,              199977
VSWS,B,20260805,538788,,Gilada Finance & Inv,    13.7700,    13.7700,    12.0000,    12.5300,      65063,        228,              813729
VSWS,B,20260805,538795,,Shree Ajit Pulp and,   290.0000,   290.0000,   286.0000,   288.3500,         35,          5,               10102
VSWS,B,20260805,538812,,Aanchal Ispat,    70.1000,    71.9000,    67.1700,    69.8600,      40276,         76,             2770673
VSWS,B,20260805,538817,,Captain Pipes,     9.2700,     9.4000,     9.1000,     9.2500,      42800,        244,              396787
VSWS,B,20260805,538833,,Kaizen Agro Infrabui,    10.0000,    10.4400,    10.0000,    10.4400,        310,          4,                3232
VSWS,B,20260805,538834,,JMJ Fintech,     9.8500,     9.8500,     9.4100,     9.6500,      16849,         63,              161905
VSWS,B,20260805,538835,,Intellect Design Are,   753.6000,   759.2000,   742.0000,   745.9500,      13059,        500,             9798373
VSWS,B,20260805,538836,,Monte Carlo Fashions,   539.0000,   549.0000,   495.9500,   501.6500,      27849,       1763,            14202446
VSWS,B,20260805,538837,,Jeevan Scientific Te,    77.6000,    81.0000,    76.5600,    80.6100,      20333,        137,             1607515
VSWS,B,20260805,538838,,Indo Cotspin,    37.0000,    37.0000,    37.0000,    37.0000,          1,          1,                  37
VSWS,B,20260805,538857,,Scintilla Commercial,    11.5900,    11.5900,    11.5900,    11.5900,          1,          1,                  11
VSWS,B,20260805,538860,,Panafic Industrials,     2.0900,     2.0900,     2.0900,     2.0900,     160907,         86,              336295
VSWS,B,20260805,538862,,My Money Securities,    34.4300,    34.4300,    34.3900,    34.3900,         16,          3,                 550
VSWS,B,20260805,538868,,Continental Securiti,    11.8500,    12.4500,    11.8500,    11.9100,       2608,         33,               31818
VSWS,B,20260805,538874,,Nexus Surgical & Med,    18.5000,    20.4800,    18.0000,    18.5000,       4470,         88,               84833
VSWS,B,20260805,538881,,Galada Finance,    42.0000,    42.0000,    40.6000,    42.0000,          5,          3,                 205
VSWS,B,20260805,538882,,Emerald Finance,    53.3100,    53.3100,    50.5500,    51.7300,      32192,        250,             1671078
VSWS,B,20260805,538890,,M K Exim (India),    55.6700,    60.0000,    55.6700,    59.5300,      21653,        127,             1275741
VSWS,B,20260805,538891,,Magellanic Cloud,    28.7000,    29.1500,    28.5100,    28.8900,     136843,        396,             3961645
VSWS,B,20260805,538894,,Octal Credit Capital,    20.0000,    20.0000,    20.0000,    20.0000,          9,          1,                 180
VSWS,B,20260805,538895,,Mihika Industries,    11.4500,    11.4500,    10.5000,    10.6600,       2029,         18,               21960
VSWS,B,20260805,538896,,Kanchi Karpooram,   360.0000,   360.0000,   350.0000,   358.0000,        324,         20,              115131
VSWS,B,20260805,538897,,Shri Niwas Leas & Fi,    10.9200,    11.4900,    10.9200,    10.9900,       5130,         28,               56188
VSWS,B,20260805,538902,,Dhunseri Tea & Indus,   132.6000,   135.1000,   132.0000,   132.5000,        161,         15,               21439
VSWS,B,20260805,538918,,Vani Commercials,     8.0500,     8.0500,     7.9500,     7.9500,       8163,          9,               65141
VSWS,B,20260805,538920,,Vintage Coffee & Bev,   154.9500,   156.5000,   152.9500,   155.4000,      64344,        692,             9995397
VSWS,B,20260805,538922,,Cosyn,    20.8800,    20.8800,    20.5000,    20.8300,       1172,         11,               24435
VSWS,B,20260805,538923,,Sofcom Systems,    20.7000,    20.7000,    19.3100,    20.6300,     110178,         74,             2272684
VSWS,B,20260805,538926,,Naturite Agro Produc,   199.0000,   205.0000,   195.0500,   200.3500,      27301,        220,             5496141
VSWS,B,20260805,538928,,Karnavati Finance,     1.3200,     1.3700,     1.3200,     1.3400,       6499,         26,                8652
VSWS,B,20260805,538935,,Abhishek Finlease,    55.5900,    55.5900,    50.5800,    50.6000,       1704,         11,               86231
VSWS,B,20260805,538942,,Mercantile Ventures,    25.6000,    25.6000,    23.7500,    24.6800,          2,          2,                  49
VSWS,B,20260805,538943,,Sonal Mercantile,    90.6000,    90.6100,    84.0100,    84.4700,       2397,         33,              202478
VSWS,B,20260805,538952,,Abhinav Leasing & Fi,     1.0000,     1.1000,     1.0000,     1.1000,      23453,         17,               25131
VSWS,B,20260805,538961,,Genus Paper & Boards,    12.7100,    12.9900,    12.3400,    12.6100,       6916,         58,               86949
VSWS,B,20260805,538962,,Minda Corporation,   730.7000,   735.4500,   721.1000,   722.9500,      22212,       2233,            16127627
VSWS,B,20260805,538964,,Mercury Laboratories,   812.5000,   812.5000,   790.0000,   790.0000,        209,         19,              165949
VSWS,B,20260805,538965,,Concord Drugs,    74.4900,    74.4900,    70.1100,    71.7000,       1249,         20,               89036
VSWS,B,20260805,538970,,Wardwizard Innovatio,     6.8800,     6.8800,     6.7200,     6.8100,     174242,        635,             1186960
VSWS,B,20260805,538975,,Shree Securities,     0.1900,     0.2000,     0.1900,     0.1900,     584721,        138,              112381
VSWS,B,20260805,538979,,Greenlam Industries,   251.0500,   272.0000,   249.7000,   267.2500,      24383,        662,             6445246
VSWS,B,20260805,538987,,Talbros Engineering,   698.4500,   704.7500,   681.0000,   687.2000,       3460,        107,             2378781
VSWS,B,20260805,538992,,SAR Auto Products,  3751.6000,  3751.6000,  3751.5500,  3751.5500,        120,         32,              450188
VSWS,B,20260805,539005,,Jayatma Enterprises,    30.0000,    30.0000,    30.0000,    30.0000,          2,          1,                  60
VSWS,B,20260805,539006,,PTC Industries, 18149.9500, 18162.0000, 17995.8000, 18130.0000,        377,        208,             6820134
VSWS,B,20260805,539011,,Chennai Ferrous Indu,    84.9000,    84.9000,    75.3000,    76.0600,        602,         32,               48357
VSWS,B,20260805,539012,,Megri Soft,    84.2400,    84.2400,    82.3700,    82.3700,        154,         11,               12905
VSWS,B,20260805,539013,,Gita Renewable Energ,    72.6000,    75.9600,    70.8600,    75.4000,        573,         23,               43124
VSWS,B,20260805,539014,,Kalpa Commercial,     8.6200,     9.5000,     8.6200,     8.9100,       2035,         17,               18286
VSWS,B,20260805,539015,,Ortel Communications,     2.1300,     2.1300,     1.9600,     2.0300,       3403,         19,                7028
VSWS,B,20260805,539016,,Neil Industries,     7.9900,     7.9900,     7.0200,     7.1400,       7453,         35,               53857
VSWS,B,20260805,539017,,Star Housing Finance,     5.9800,     6.1000,     5.8200,     6.0500,      22196,         43,              133818
VSWS,B,20260805,539018,,Beekay Steel Industr,   401.0000,   401.2500,   395.0000,   395.0500,        514,         21,              203705
VSWS,B,20260805,539026,,SSPN Finance,     7.4200,     7.4200,     7.4200,     7.4200,       4000,          1,               29680
VSWS,B,20260805,539031,,SBI MF - ETF BSE 100,   293.0700,   293.1700,   291.5000,   291.5000,        257,         18,               75108
VSWS,B,20260805,539032,,Fraser & Company,    10.1300,    10.1300,     9.5900,     9.5900,       1572,         11,               15077
VSWS,B,20260805,539040,,Tirupati Innovar,     6.8500,     6.9800,     6.3600,     6.9700,      87703,        362,              599173
VSWS,B,20260805,539041,,Ganesha Ecoverse,    25.5000,    26.9400,    25.0000,    26.9400,      16250,         11,              416262
VSWS,B,20260805,539042,,AGI Infra,   307.1500,   307.9500,   300.7500,   302.2500,      20685,        258,             6300602
VSWS,B,20260805,539044,,Manaksia Steels,    78.3300,    82.0000,    78.3300,    81.5100,       3673,         86,              295128
VSWS,B,20260805,539045,,Manaksia Aluminium C,    33.2600,    35.6600,    33.2600,    35.4400,       3183,         88,              111334
VSWS,B,20260805,539046,,Manaksia Coated Meta,   119.4500,   121.0000,   117.4500,   118.1500,       7369,        138,              873612
VSWS,B,20260805,539056,,Imagicaaworld Entert,    48.5800,    51.0000,    48.2200,    49.9200,      59575,        312,             2934862
VSWS,B,20260805,539083,,Inox Wind,    79.4600,    80.3500,    78.1500,    78.5500,    1157633,       4543,            91806353
VSWS,B,20260805,539090,,Rajputana Inv & Fin,    31.8400,    31.8400,    31.0200,    31.0600,         82,          6,                2578
VSWS,B,20260805,539091,,Consecutive Commodit,     1.0900,     1.1300,     1.0900,     1.0900,     624449,        188,              683144
VSWS,B,20260805,539097,,UR Sugar Industries,     2.7600,     2.7600,     2.6200,     2.7000,      71605,        107,              192178
VSWS,B,20260805,539098,,Filtra Consultants,    51.3700,    58.5000,    51.3700,    58.5000,       4000,          2,              219740
VSWS,B,20260805,539112,,SAB Industries,   175.0000,   175.0000,   175.0000,   175.0000,         57,          2,                9975
VSWS,B,20260805,539113,,Paul Merchants,   503.0000,   512.3000,   503.0000,   512.3000,         69,          9,               34948
VSWS,B,20260805,539115,,Alan Scott Enterpris,   325.0000,   344.4000,   325.0000,   340.0000,       4184,         35,             1417868
VSWS,B,20260805,539117,,Sujala Trading & Hol,    16.8200,    16.9000,    16.0100,    16.4600,      41484,        123,              684434
VSWS,B,20260805,539118,,VRL Logistics,   285.3500,   291.3500,   275.5000,   278.6500,      63045,       1450,            17878472
VSWS,B,20260805,539120,,Grameva,    90.8500,    90.8500,    90.8500,    90.8500,       1118,          9,              101570
VSWS,B,20260805,539121,,Palco Metals,   142.0000,   145.0000,   140.6000,   143.8500,        821,         18,              117065
VSWS,B,20260805,539122,,Bodhtree Consulting,    16.0000,    16.4500,    15.8000,    15.9000,      22337,         17,              355284
VSWS,B,20260805,539123,,V B Industries,     9.1700,     9.1700,     8.7000,     8.7400,       1975,         20,               17393
VSWS,B,20260805,539124,,Sarvottam Finvest,    18.0000,    20.3700,    17.3000,    19.4500,        116,         14,                2215
VSWS,B,20260805,539126,,MEP Infra Developers,     0.5600,     0.5600,     0.5600,     0.5600,     106829,         15,               59824
VSWS,B,20260805,539132,,Wardwizard Foods & B,     9.6300,     9.9700,     9.5000,     9.9400,     467042,        322,             4615357
VSWS,B,20260805,539141,,UFO Moviez India,    69.9500,    69.9500,    67.1600,    68.8900,       1933,        121,              131925
VSWS,B,20260805,539143,,Panth Infinity,    10.4000,    10.5000,     9.9600,    10.3600,      15588,         70,              159633
VSWS,B,20260805,539148,,Shivalik Rasayan,   247.3000,   257.9500,   247.3000,   255.7500,       1566,         21,              391165
VSWS,B,20260805,539149,,Integrated Cap Ser,     3.9100,     4.0000,     3.7200,     3.9000,      10421,         33,               39353
VSWS,B,20260805,539150,,PNC Infratech,   250.6000,   260.8500,   250.6000,   254.2500,      89193,       1501,            22904497
VSWS,B,20260805,539151,,Arfin India,    85.8100,    87.7600,    85.0300,    85.6500,      15541,        136,             1343038
VSWS,B,20260805,539174,,Helpage Finlease,    21.2400,    21.2500,    21.1400,    21.2400,        780,          7,               16499
VSWS,B,20260805,539176,,Hawa Engineers,    78.9500,    84.0000,    78.4600,    83.3900,        173,         11,               13626
VSWS,B,20260805,539177,,Authum Investment &,   564.5000,   572.9500,   554.0000,   569.9500,      20387,       1075,            11536819
VSWS,B,20260805,539189,,Adhbhut Infrastructu,    15.4300,    15.4300,    15.4300,    15.4300,        320,          3,                4937
VSWS,B,20260805,539190,,Decillion Finance,    39.0500,    39.0500,    39.0000,    39.0000,       1197,         15,               46733
VSWS,B,20260805,539195,,POCL Enterprises,   173.0000,   173.0000,   168.9500,   170.6500,      16212,        209,             2761203
VSWS,B,20260805,539196,,Amba Enterprises,   110.6500,   113.6500,   110.6500,   111.1000,       9980,         80,             1116558
VSWS,B,20260805,539199,,SG Finserve,   728.1000,   728.1000,   686.8000,   695.1000,      21024,       1012,            14738714
VSWS,B,20260805,539200,,Noble Polymers,     8.1200,     8.1200,     8.1200,     8.1200,      15367,         19,              124780
VSWS,B,20260805,539201,,Satia Industries,    62.6300,    63.6300,    62.5300,    63.2200,       4043,        107,              255157
VSWS,B,20260805,539206,,Genomic Valley Biote,    29.5000,    29.5000,    29.2900,    29.2900,       1121,         11,               32878
VSWS,B,20260805,539216,,Garment Mantra Lifes,     1.1300,     1.1500,     1.1300,     1.1500,     171018,        166,              195396
VSWS,B,20260805,539217,,Srestha Finvest,     0.2900,     0.3000,     0.2900,     0.2900,    2854986,        354,              832403
VSWS,B,20260805,539218,,Saumya Consultants,   106.7000,   107.1000,   106.7000,   107.1000,        179,          4,               19159
VSWS,B,20260805,539219,,Mauria Udyog,     7.6600,     8.4000,     7.5200,     7.7300,      70615,        173,              556190
VSWS,B,20260805,539220,,Mishka Exim,    44.0000,    47.2000,    44.0000,    47.2000,       1454,         12,               64894
VSWS,B,20260805,539221,,Sportking India,   220.0000,   222.0000,   207.0000,   210.8000,      49953,        959,            10548985
VSWS,B,20260805,539222,,Growington Ventures,     0.6600,     0.6600,     0.6300,     0.6500,    1512750,        410,              976278
VSWS,B,20260805,539224,,HCKK Ventures,    36.0000,    36.0000,    34.0000,    34.2900,        216,          8,                7367
VSWS,B,20260805,539226,,Rudra Global Infra P,    19.0000,    19.0000,    18.3100,    18.3100,       2257,         25,               41753
VSWS,B,20260805,539227,,Loyal Equipments,   156.1500,   157.9500,   152.0000,   155.0000,       3971,         56,              615588
VSWS,B,20260805,539228,,Gala Global Products,     1.5300,     1.5300,     1.4900,     1.5000,      33128,         75,               49781
VSWS,B,20260805,539251,,Balkrishna Paper Mil,    17.4900,    17.9000,    16.0000,    17.7900,       8792,         39,              148337
VSWS,B,20260805,539252,,Shyam Century Ferrou,     5.3300,     5.5700,     5.2000,     5.3700,      12324,         36,               65386
VSWS,B,20260805,539254,,Adani Energy Solutio,  1666.0000,  1666.0000,  1631.0000,  1631.0000,      37560,       2316,            61691791
VSWS,B,20260805,539255,,Star Delta Transform,   592.0000,   592.0000,   533.8000,   565.9000,       3722,        234,             2081107
VSWS,B,20260805,539265,,Amrapali Fincap,    36.7700,    36.7700,    36.7700,    36.7700,       1200,          1,               44124
VSWS,B,20260805,539267,,Samsrita Labs,    11.7900,    11.7900,    10.9000,    11.3400,       9898,         29,              110044
VSWS,B,20260805,539268,,Syngene Internationa,   413.0000,   413.6500,   406.0000,   406.6000,      28316,        938,            11582737
VSWS,B,20260805,539275,,Mangalam Seeds,   140.0000,   141.0000,   140.0000,   141.0000,        361,         14,               50740
VSWS,B,20260805,539276,,Kaya,   261.8000,   275.4500,   261.8000,   271.9500,       1653,         90,              448818
VSWS,B,20260805,539278,,Symbiox Invest & Tra,     1.7000,     1.7000,     1.6500,     1.7000,     113625,         23,              188065
VSWS,B,20260805,539289,,Aurum Proptech,   214.5000,   224.1000,   214.5000,   222.9000,       9210,        458,             2040884
VSWS,B,20260805,539290,,Oswal Green Tech,    21.2500,    22.1000,    21.2500,    22.0000,      21529,        116,              469694
VSWS,B,20260805,539300,,Sunrakshakk Industri,   360.1000,   370.0000,   356.1000,   361.9500,       6830,        151,             2494076
VSWS,B,20260805,539301,,Arvind Smartspaces,   602.7500,   603.3500,   595.0000,   595.2500,        857,         52,              511942
VSWS,B,20260805,539302,,Power Mech Projects,  2614.5500,  2649.9000,  2556.1000,  2572.1500,       2989,        388,             7785285
VSWS,B,20260805,539309,,Rama Steel Tubes,     4.5800,     4.6900,     4.5000,     4.6900,    1007910,       1273,             4717902
VSWS,B,20260805,539310,,Thinkink Picturez,     0.1900,     0.1900,     0.1900,     0.1900,     412925,        148,               78455
VSWS,B,20260805,539312,,UTI BSE SEN ETF,   876.0000,   876.5000,   861.1600,   876.2500,         57,         19,               49549
VSWS,B,20260805,539313,,UTI Nifty 50 ETF,   270.7000,   273.5900,   268.6400,   272.3600,       7371,         61,             2005029
VSWS,B,20260805,539314,,Universal Autofoundr,    51.2000,    53.0000,    51.0000,    51.2900,       1975,         39,              101387
VSWS,B,20260805,539331,,Veto Switchgears And,   123.9000,   126.4000,   122.7000,   123.8500,       1331,         19,              164827
VSWS,B,20260805,539332,,Navkar Corporation,   103.6500,   104.1000,   101.9000,   102.2000,      13482,        139,             1384367
VSWS,B,20260805,539334,,Shree Pushkar Chemic,   417.5000,   419.7500,   410.6000,   414.1500,       3162,        232,             1314453
VSWS,B,20260805,539335,,Callista Industries,   184.0000,   186.0000,   179.1500,   186.0000,       2568,         16,              477230
VSWS,B,20260805,539336,,Gujarat Energy,   279.0000,   279.0000,   270.2500,   272.5500,      57169,       1830,            15617082
VSWS,B,20260805,539337,,Waaree Technologies,   232.5000,   234.0000,   232.0000,   234.0000,       3150,         17,              733302
VSWS,B,20260805,539346,,Sadbhav Infrastructu,     2.4900,     2.6100,     2.4500,     2.6100,      35473,         49,               91664
VSWS,B,20260805,539353,,Sal Automotive,   181.0000,   192.0000,   181.0000,   186.0000,       1526,         31,              286969
VSWS,B,20260805,539354,,Polyspin Exports,    27.7000,    30.3600,    27.2600,    28.5600,       2146,         15,               60663
VSWS,B,20260805,539359,,Pritika Auto Industr,    18.0000,    18.3200,    17.5500,    18.3200,      23061,         49,              415204
VSWS,B,20260805,539378,,Soni Medicare,    66.9500,    66.9700,    66.9500,    66.9700,        387,         12,               25912
VSWS,B,20260805,539383,,Mahaveer Infoway,    15.4000,    15.4000,    14.3500,    14.5200,        243,          9,                3525
VSWS,B,20260805,539391,,Acme Resources,    30.5000,    30.5000,    29.0000,    30.4800,        654,          8,               19718
VSWS,B,20260805,539398,,Vishal Bearings,    50.0500,    51.0000,    49.0500,    50.9000,       1872,         35,               93701
VSWS,B,20260805,539399,,Bella Casa Fashion &,   249.8000,   249.8000,   240.2500,   240.2500,       1729,        119,              419528
VSWS,B,20260805,539400,,Mallcom (India),   986.2000,   991.0000,   986.2000,   991.0000,         20,          4,               19814
VSWS,B,20260805,539401,,Patdiam Jewellery,   278.2500,   278.2500,   278.2500,   278.2500,        750,          1,              208687
VSWS,B,20260805,539402,,Naksh Precious Metal,     4.0000,     4.0000,     3.8100,     3.8100,       7929,         23,               30414
VSWS,B,20260805,539404,,Satin Creditcare Net,   237.3500,   237.4000,   230.5000,   231.0000,      10550,        287,             2465129
VSWS,B,20260805,539405,,Decorous Invest & Tr,    12.5400,    13.0000,    12.4100,    12.8300,       1703,          7,               21814
VSWS,B,20260805,539407,,Generic Eng Con & Pr,    40.4900,    40.4900,    39.1800,    39.2500,        599,         47,               23631
VSWS,B,20260805,539408,,Kuber Udyog,    23.4200,    23.4200,    23.4200,    23.4200,      10292,          8,              241038
VSWS,B,20260805,539409,,Neeraj Paper Marketi,    20.9100,    20.9100,    20.9100,    20.9100,        100,          1,                2091
VSWS,B,20260805,539428,,Tejnaksh Healthcare,    14.2000,    14.2000,    12.9800,    13.2900,      33976,        125,              449088
VSWS,B,20260805,539435,,Richfield Fin Ser,    26.5000,    26.5000,    25.6500,    25.6500,         11,          2,                 283
VSWS,B,20260805,539436,,Coffee Day Enterpris,    34.7000,    34.9000,    32.2100,    34.1700,     141328,        401,             4838876
VSWS,B,20260805,539437,,IDFC First Bank,    86.0000,    86.2500,    84.7300,    85.1000,     354750,       4366,            30270114
VSWS,B,20260805,539448,,InterGlobe Aviation,  5497.6000,  5508.0500,  5365.1500,  5401.4500,     100703,       7347,           545976424
VSWS,B,20260805,539449,,IGC Industries Ltd,     2.0900,     2.1600,     2.0900,     2.1100,      28162,         66,               59370
VSWS,B,20260805,539450,,S H Kelkar & Company,   166.6500,   168.1500,   165.0000,   166.8000,      11537,        212,             1925150
VSWS,B,20260805,539455,,Ecofinity Atomix,    67.4900,    69.7100,    67.0000,    68.2800,       2708,         18,              185533
VSWS,B,20260805,539468,,Typhoon Financial Se,    43.9400,    43.9400,    39.7600,    43.9400,       1748,          5,               69508
VSWS,B,20260805,539469,,Panorama Studios Int,    48.6100,    50.3900,    47.8000,    49.0700,     507548,        783,            25120074
VSWS,B,20260805,539470,,Shree Ganesh Biotech,     0.5400,     0.5500,     0.5300,     0.5500,     913580,        298,              495633
VSWS,B,20260805,539479,,GTV Engineering,    68.6800,    68.6800,    67.1400,    67.3300,       6978,         75,              472955
VSWS,B,20260805,539480,,LIC Nomura MF ETF Ni,   276.7700,   276.7700,   275.0000,   275.0000,         72,          4,               19905
VSWS,B,20260805,539492,,Garbi Finvest,     8.8600,     9.0000,     8.7100,     9.0000,      35463,         35,              318488
VSWS,B,20260805,539494,,Smart Finsec,     7.6700,     8.2900,     7.6700,     8.2000,      37856,         96,              307467
VSWS,B,20260805,539495,,Rajkot Investment Tr,    51.3000,    51.3000,    43.6500,    50.8500,         13,          4,                 589
VSWS,B,20260805,539506,,Adcon Capital Servic,     0.5200,     0.5200,     0.4900,     0.5000,     244304,        130,              122001
VSWS,B,20260805,539515,,Quint Digital,    38.6000,    38.6200,    38.2200,    38.6200,       2746,          4,              105030
VSWS,B,20260805,539516,,HDFC Nifty 50 ETF,   272.7400,   277.9300,   272.7400,   276.3200,       4667,        192,             1291596
VSWS,B,20260805,539517,,HDFC BSE Sensex ETF,    87.8600,    89.7900,    87.3100,    88.8600,       3417,         80,              305143
VSWS,B,20260805,539518,,Uday Jewellery Indus,   132.6000,   143.2500,   132.6000,   136.7500,      14198,        176,             1960350
VSWS,B,20260805,539519,,Sattva Sukun Lifecar,     0.7500,     0.7600,     0.7400,     0.7400,    1093351,        106,              815201
VSWS,B,20260805,539522,,Grovy India,    52.6500,    53.0000,    50.0000,    52.3900,       4118,         29,              212059
VSWS,B,20260805,539523,,Alkem Laboratories,  5645.9500,  5672.0000,  5557.7500,  5662.7500,       5198,       1428,            29247546
VSWS,B,20260805,539524,,Dr Lal PathLabs,  1913.5500,  1913.5500,  1877.9000,  1887.3500,      13328,       1447,            25161404
VSWS,B,20260805,539526,,Suncare Traders,     0.4800,     0.5000,     0.4700,     0.4800,     216232,        136,              102693
VSWS,B,20260805,539527,,Creative Castings,   621.2500,   629.2000,   602.0000,   610.1500,         83,         27,               51172
VSWS,B,20260805,539528,,Aayush Wellness,    23.0200,    23.6700,    22.6000,    23.2200,      82999,        578,             1907021
VSWS,B,20260805,539533,,Elitecon Internation,    19.3000,    20.5000,    17.8500,    19.0100,    1482476,       4675,            28105301
VSWS,B,20260805,539542,,Lux Industries,  1280.0000,  1297.3000,  1276.4000,  1285.1500,       2565,        258,             3306727
VSWS,B,20260805,539545,,Apoorva Leasing Fin,    29.1000,    29.1000,    29.1000,    29.1000,         36,          2,                1047
VSWS,B,20260805,539546,,Agribio Spirits,   321.9000,   321.9000,   313.0000,   317.3000,      10558,         64,             3357317
VSWS,B,20260805,539551,,Narayana Hrudayalaya,  1921.6500,  1935.4000,  1900.0000,  1902.4000,     222584,       1694,           427153457
VSWS,B,20260805,539552,,F Mec Inter Fin Ser,    13.2500,    13.2500,    12.4000,    12.4800,      51138,         96,              649345
VSWS,B,20260805,539559,,Deep Health AI India,     2.0100,     2.0400,     1.9800,     2.0000,     489763,        501,              980602
VSWS,B,20260805,539561,,Supha Pharmachem,     0.3400,     0.3400,     0.3300,     0.3300,    1032676,        384,              344456
VSWS,B,20260805,539562,,Aarnav Fashions,    30.0000,    31.1600,    30.0000,    30.2300,       1632,         45,               49957
VSWS,B,20260805,539593,,Shivansh Finserve,    13.1200,    13.4800,    12.3500,    13.4800,      34959,         49,              469425
VSWS,B,20260805,539594,,Mishtann Foods,     3.5800,     3.6000,     3.5200,     3.5600,    1076684,       1695,             3836652
VSWS,B,20260805,539596,,Delta Indl Resources,    10.2800,    10.2800,    10.2000,    10.2000,       3065,          8,               31345
VSWS,B,20260805,539598,,AMPL Capital,    24.3600,    31.5000,    24.3600,    31.2900,     536516,        700,            14049260
VSWS,B,20260805,539599,,Kotia Enterprises,    32.1100,    32.1100,    31.4500,    31.4500,        113,          4,                3557
VSWS,B,20260805,539607,,Blue Cloud Softech S,    19.9900,    20.4900,    19.7500,    20.2700,    1119612,       2769,            22559293
VSWS,B,20260805,539620,,Kanoria Energy & Inf,    16.6200,    16.9900,    16.6200,    16.9100,       3602,         14,               60576
VSWS,B,20260805,539636,,Precision Camshafts,   142.8500,   147.2000,   142.8500,   145.4500,      13241,        315,             1921260
VSWS,B,20260805,539658,,TeamLease Services,  1265.0000,  1265.0000,  1246.8000,  1252.9500,       2306,        277,             2890049
VSWS,B,20260805,539659,,Vikram Kamats Hospit,    38.9000,    38.9000,    34.5500,    35.0000,      43353,         80,             1525582
VSWS,B,20260805,539660,,Best Agrolife,    22.6400,    22.6400,    20.4300,    21.0600,    1097615,       2329,            23292847
VSWS,B,20260805,539661,,Ace Men Engg Works,   103.4500,   106.8500,   101.2500,   106.0500,       4003,         61,              418008
VSWS,B,20260805,539662,,BFL Asset Finvest,     7.5100,     7.5100,     7.5100,     7.5100,      25749,         26,              193374
VSWS,B,20260805,539669,,RGF Capital Markets,     2.3500,     2.3500,     2.3500,     2.3500,      10055,         39,               23629
VSWS,B,20260805,539673,,Radhagobind Commerci,     2.3000,     2.3000,     2.2000,     2.2000,       2860,          5,                6423
VSWS,B,20260805,539678,,Quick Heal Technolog,   158.0000,   159.3500,   155.0000,   155.6000,       4456,        128,              699437
VSWS,B,20260805,539679,,Kapil Raj Finance,     1.6500,     1.6600,     1.5700,     1.6100,     242777,        129,              393529
VSWS,B,20260805,539682,,Mobavenue AI Tech,   310.8500,   311.0000,   305.0500,   309.5500,      29261,        288,             9021726
VSWS,B,20260805,539686,,K P Energy,   323.0000,   325.3000,   309.9500,   310.9000,      28762,        837,             9071787
VSWS,B,20260805,539692,,Interactive Financia,    12.0000,    12.1900,    11.4900,    11.9900,       4726,         27,               56452
VSWS,B,20260805,539697,,Hiliks Technologies,    75.0800,    75.0800,    73.0500,    74.9000,       3154,         27,              234881
VSWS,B,20260805,539724,,Hypersoft Technologi,   213.9000,   213.9000,   200.3500,   201.4000,       7819,        160,             1594267
VSWS,B,20260805,539725,,Gokul Agro Resources,   235.2500,   236.9500,   226.3500,   227.4500,      38696,        803,             8979875
VSWS,B,20260805,539730,,Fredun Pharmaceutica,  1120.9000,  1331.7000,  1084.0000,  1313.3000,     292229,       7008,           361853889
VSWS,B,20260805,539742,,Simbhaoli Sugars,     6.9300,     7.1000,     6.8700,     7.0100,        576,         11,                4012
VSWS,B,20260805,539760,,Relicab Cable Manufa,    37.3000,    37.3000,    35.2700,    36.5000,       1436,         32,               51508
VSWS,B,20260805,539761,,Vantage Knowledge Ac,     0.8500,     0.8500,     0.8100,     0.8300,     593793,        356,              490071
VSWS,B,20260805,539762,,Modern Engineering &,    27.4400,    27.4400,    24.0100,    25.8000,      24061,        163,              613842
VSWS,B,20260805,539767,,Mega Nirman & Indust,    33.2600,    36.9900,    33.2600,    35.4600,       2541,         34,               91000
VSWS,B,20260805,539770,,Darjeeling Industrie,    15.7000,    15.7000,    15.7000,    15.7000,        152,          4,                2386
VSWS,B,20260805,539773,,Advik Capital,     1.2600,     1.2800,     1.2400,     1.2600,     256590,        265,              324082
VSWS,B,20260805,539784,,LIC MF Nifty 100,   283.3300,   283.3300,   281.7800,   281.7800,          2,          2,                 565
VSWS,B,20260805,539785,,Pudumjee Paper Produ,    96.7000,    97.2900,    95.0000,    95.6100,       9216,         97,              887105
VSWS,B,20260805,539787,,HealthCare Global En,   677.3500,   677.3500,   666.1000,   669.3500,       3066,        171,             2062266
VSWS,B,20260805,539798,,Umiya Tubes,    25.9800,    25.9800,    23.6300,    23.6600,      23569,         85,              560550
VSWS,B,20260805,539799,,Bharat Wire Ropes,   199.7000,   208.1000,   199.7000,   203.9500,      16283,        351,             3345595
VSWS,B,20260805,539800,,CHD Chemicals,     5.1400,     5.1400,     4.9600,     5.0000,       2776,          8,               13840
VSWS,B,20260805,539807,,AvenuesAI,    17.0100,    17.5600,    17.0100,    17.2600,    1392354,       1785,            24182726
VSWS,B,20260805,539814,,LE Lavoir,    35.6400,    35.6400,    35.6400,    35.6400,      12177,         66,              433988
VSWS,B,20260805,539834,,Balgopal Commercial,   189.7000,   189.9500,   183.0500,   188.1500,        208,         12,               39272
VSWS,B,20260805,539835,,Superior Finlease,     1.7000,     1.7000,     1.7000,     1.7000,       2089,          9,                3551
VSWS,B,20260805,539837,,Raghav Productivity,  1276.5500,  1282.3500,  1243.7500,  1247.2500,       1888,        230,             2375351
VSWS,B,20260805,539841,,Lancer Container Lin,    10.0600,    10.2000,    10.0100,    10.0400,     147220,        439,             1487884
VSWS,B,20260805,539843,,NINtec Systems,   720.0000,   730.0000,   702.9500,   730.0000,       1054,         72,              752719
VSWS,B,20260805,539854,,Halder Venture,   257.3000,   261.3000,   252.0000,   256.3500,       4498,         56,             1137927
VSWS,B,20260805,539871,,Thyrocare Technologi,   609.9500,   612.0000,   597.0000,   599.9500,     766924,       1281,           465444297
VSWS,B,20260805,539872,,Bajaj Healthcare,   335.4000,   339.4500,   331.6000,   333.0000,       4508,        211,             1506625
VSWS,B,20260805,539875,,RSD Finance,   157.0000,   160.4000,   148.8000,   160.4000,       3896,        103,              615902
VSWS,B,20260805,539876,,Crompton Greaves Con,   264.9500,   270.1500,   264.9000,   267.9000,     119068,       2109,            31903027
VSWS,B,20260805,539883,,Pilani Invest & Ind,  4360.0000,  4371.6000,  4333.0000,  4333.0000,         27,         16,              117482
VSWS,B,20260805,539884,,Darshan Orna,     2.1900,     2.2100,     2.1500,     2.1700,      28347,         54,               61586
VSWS,B,20260805,539889,,Parag Milk Foods,   235.3000,   235.3000,   225.3000,   227.6000,      31042,        511,             7102941
VSWS,B,20260805,539894,,Madhav Infra Project,     7.9900,     8.1300,     7.8600,     7.9500,      22826,         85,              182399
VSWS,B,20260805,539895,,Spice Lounge Food Wo,    25.8500,    25.8500,    24.4500,    24.8600,      19753,        138,              494963
VSWS,B,20260805,539900,,Dalmia Indl Developm,     9.0300,     9.1100,     9.0000,     9.0000,       1498,         11,               13600
VSWS,B,20260805,539921,,Shanti Educational I,   203.5000,   206.8500,   201.0000,   202.7000,      56803,        853,            11555461
VSWS,B,20260805,539922,,Rotographics (India),   283.0000,   283.0000,   283.0000,   283.0000,         16,          2,                4528
VSWS,B,20260805,539938,,Medico Intercontinen,    27.5000,    31.8500,    26.4900,    28.8200,      11146,         67,              318545
VSWS,B,20260805,539939,,Yash Chemex,    52.7000,    52.7000,    49.2000,    49.7600,        793,         22,               39495
VSWS,B,20260805,539945,,ICICI Pru Nifty50 Va,    13.8800,    13.9200,    13.7600,    13.8400,      31722,        424,              439546
VSWS,B,20260805,539946,,Bazel International,    20.7900,    20.7900,    18.4000,    18.4200,        951,         20,               17904
VSWS,B,20260805,539947,,Jindal Leasefin,   128.6000,   128.6000,   128.6000,   128.6000,        116,          3,               14917
VSWS,B,20260805,539956,,TAAL Tech,  3943.3000,  4028.0000,  3943.3000,  3999.2000,        389,        129,             1552274
VSWS,B,20260805,539957,,Mahanagar Gas,  1111.0000,  1126.8000,  1111.0000,  1115.5500,       6751,        408,             7559858
VSWS,B,20260805,539963,,Zeal Aqua,    11.1600,    11.3400,    11.0300,    11.1000,      64409,        166,              714848
VSWS,B,20260805,539978,,Quess Corp,   325.0000,   327.0000,   306.6000,   311.8000,      24039,        772,             7679606
VSWS,B,20260805,539979,,Digjam,    49.7400,    49.7400,    47.0700,    47.1700,        200,          5,                9436
VSWS,B,20260805,539980,,ICICI Pru BSE MCap S,    19.7700,    19.8500,    19.7500,    19.8400,      13778,         47,              273193
VSWS,B,20260805,539986,,Commercial Syn Bags,   211.0500,   211.8500,   209.3500,   210.9000,       9307,        229,             1960729
VSWS,B,20260805,539991,,Confidence Futuristi,    32.0000,    33.5000,    31.4500,    32.9100,      13858,         98,              456085
VSWS,B,20260805,539992,,Lloyds Engineering W,    93.4400,    93.7500,    90.3000,    93.3200,    1284234,       3804,           118690657
VSWS,B,20260805,539997,,Kwality Pharmaceutic,  2734.9000,  2740.0000,  2550.0000,  2556.3500,       2588,        388,             6671436
VSWS,B,20260805,540005,,LTM,  4567.2000,  4602.5000,  4503.0000,  4522.0000,       8454,       1281,            38462864
VSWS,B,20260805,540006,,East West Freight Ca,     2.5200,     2.7000,     2.5200,     2.6600,      57444,        110,              150909
VSWS,B,20260805,540008,,AB SL BSE Sensex ETF,    77.3000,    79.9300,    77.3000,    79.8300,        564,         15,               44690
VSWS,B,20260805,540023,,Colorchips New Media,    11.6300,    11.6300,    10.2300,    10.6800,       1613,         42,               17203
VSWS,B,20260805,540025,,Advanced Enzyme Tech,   325.7500,   337.0000,   321.8000,   332.4500,      22105,        600,             7240140
VSWS,B,20260805,540026,,Ladam Affordable Hou,     7.0000,     7.0000,     6.3300,     6.6900,       3006,         15,               19365
VSWS,B,20260805,540047,,Dilip Buildcon,   470.9500,   473.6500,   456.7500,   457.8500,      19972,        578,             9238545
VSWS,B,20260805,540048,,S P Apparels,  1039.0000,  1060.0000,  1023.3500,  1052.5500,       9194,        741,             9626188
VSWS,B,20260805,540061,,Bigbloc Construction,    48.0500,    48.4600,    46.5000,    48.0100,      13168,        235,              626970
VSWS,B,20260805,540065,,RBL Bank,   383.0000,   392.6000,   379.9000,   389.8000,     328696,       3773,           127133893
VSWS,B,20260805,540066,,AMS Polymers,    68.0000,    68.0000,    68.0000,    68.0000,         80,          4,                5440
VSWS,B,20260805,540073,,BLS International Se,   249.4500,   260.9500,   249.4500,   255.9000,     256212,       3018,            65888761
VSWS,B,20260805,540078,,Mitsu Chem Plast,   152.1000,   155.9000,   152.1000,   155.0500,       8761,         53,             1346891
VSWS,B,20260805,540079,,Sprayking,     1.3700,     1.3800,     1.3400,     1.3500,     243257,        201,              329071
VSWS,B,20260805,540080,,Dhatre Udyog,     4.2900,     4.2900,     4.0600,     4.1800,      30553,        138,              127083
VSWS,B,20260805,540083,,TV Vision,     4.4500,     4.4500,     4.4500,     4.4500,        100,          1,                 445
VSWS,B,20260805,540097,,Gamco,    49.8600,    50.2000,    49.0100,    49.6200,      50048,        118,             2489020
VSWS,B,20260805,540115,,L&T Technology Servi,  3512.4000,  3590.0000,  3469.0000,  3537.4500,       9364,        941,            33097920
VSWS,B,20260805,540124,,GNA Axles,   516.8500,   554.0000,   516.8500,   529.8000,      76747,       2071,            41056627
VSWS,B,20260805,540125,,Radhika Jeweltech,    69.9200,    70.5100,    68.7600,    70.2600,      23017,        384,             1595814
VSWS,B,20260805,540132,,Sabrimala Ind India,    14.4500,    14.4500,    14.4500,    14.4500,       1360,          5,               19652
VSWS,B,20260805,540133,,ICICI Pru Life Insur,   514.0000,   516.2500,   505.9000,   514.0000,      27826,        931,            14284730
VSWS,B,20260805,540134,,Ishaan Infrastruc &,    11.4200,    11.9900,    11.4200,    11.4200,        313,          6,                3688
VSWS,B,20260805,540135,,ARC Finance,     0.5000,     0.5000,     0.4900,     0.5000,    1564941,        608,              776540
VSWS,B,20260805,540136,,HPL Electric & Power,   337.2000,   355.0000,   336.1000,   348.0500,      17058,        628,             5868689
VSWS,B,20260805,540143,,Sagarsoft (India),    80.0000,    84.9900,    79.0000,    79.1600,       1570,         36,              128588
VSWS,B,20260805,540145,,Valiant Organics,   280.0500,   292.0000,   280.0500,   291.2000,        379,         23,              109084
VSWS,B,20260805,540146,,Aditya Consumer Mark,    30.2500,    32.0000,    30.2500,    32.0000,       3000,          3,               93500
VSWS,B,20260805,540147,,Shashijit Infraproje,     3.0900,     3.0900,     2.8100,     2.8700,      38247,         62,              110594
VSWS,B,20260805,540153,,Endurance Technologi,  2845.7500,  2902.9500,  2845.7500,  2890.6000,      16568,       2328,            47778920
VSWS,B,20260805,540154,,Bandhan S&P BSE Sen,   873.1700,   873.1700,   857.5700,   857.5700,         24,          2,               20597
VSWS,B,20260805,540159,,Purple Agrotech Indu,     5.6800,     5.6800,     5.6800,     5.6800,       4050,          6,               23004
VSWS,B,20260805,540168,,Supra Pacific Financ,    33.9400,    33.9400,    32.3000,    33.9000,      37807,        508,             1260530
VSWS,B,20260805,540173,,PNB Housing Finance,  1079.9500,  1154.3500,  1075.3000,  1121.6000,     477527,      11465,           539133069
VSWS,B,20260805,540174,,Southern Infoconsult,    22.4200,    22.4200,    21.7500,    22.0000,        191,          7,                4241
VSWS,B,20260805,540175,,Regency Fincorp,    45.8300,    45.8400,    43.3500,    44.3400,     212983,        108,             9289676
VSWS,B,20260805,540180,,Varun Beverages,   441.0500,   445.3000,   437.0500,   438.4500,     167773,       4509,            74003880
VSWS,B,20260805,540181,,Salem Erode Investme,    35.0000,    35.5000,    33.5800,    35.4700,       1210,         14,               42152
VSWS,B,20260805,540190,,Franklin Industries,     0.3400,     0.3500,     0.3400,     0.3500,    1563166,        560,              538541
VSWS,B,20260805,540192,,LKP Securities,    15.9700,    16.6000,    15.9700,    16.5000,      22679,         92,              371805
VSWS,B,20260805,540198,,Osiajee Texfab,   266.0000,   278.8000,   257.0000,   262.7000,      10878,        184,             2876995
VSWS,B,20260805,540199,,Corporate Merchant B,    46.0000,    48.2500,    44.0000,    44.2700,        113,         12,                5215
VSWS,B,20260805,540203,,Sheela Foam,   780.0500,   830.4000,   764.1000,   772.7500,      61607,       2387,            49031981
VSWS,B,20260805,540204,,EIKO Lifesciences,    49.4900,    50.9600,    48.5700,    50.3600,       5681,        131,              283425
VSWS,B,20260805,540205,,Aditya Vision,   632.4500,   632.4500,   619.5000,   625.7500,       7949,        326,             4963203
VSWS,B,20260805,540210,,Heads UP Ventures,     7.2500,     7.2500,     6.9000,     6.9900,       2032,         20,               14420
VSWS,B,20260805,540212,,TCI Express,   558.0000,   589.5000,   558.0000,   575.0500,       7012,        597,             4068487
VSWS,B,20260805,540222,,Laurus Labs,  1858.9500,  1858.9500,  1835.1000,  1842.7000,      48267,       3679,            89114304
VSWS,B,20260805,540243,,New Light Industries,     1.5200,     1.6600,     1.5200,     1.5800,      71685,        160,              112185
VSWS,B,20260805,540252,,Viram Suvarn,    10.3100,    10.7500,     9.9500,    10.1000,      93949,        286,              967918
VSWS,B,20260805,540254,,Marg Techno Projects,    18.3900,    18.3900,    18.3900,    18.3900,          1,          1,                  18
VSWS,B,20260805,540259,,Shangar Decor,     0.2400,     0.2500,     0.2300,     0.2500,    1049640,        141,              256780
VSWS,B,20260805,540266,,Globe Multi Ventures,    19.6100,    20.9000,    19.6100,    20.4700,      12451,         78,              254717
VSWS,B,20260805,540268,,TruCap Finance,     4.7500,     4.7500,     4.5600,     4.7100,      14829,         81,               68721
VSWS,B,20260805,540269,,Super Fine Knitters,    11.0500,    11.0500,    11.0500,    11.0500,      10000,          1,              110500
VSWS,B,20260805,540293,,Pricol,   774.0000,   782.2000,   762.0000,   765.6500,      93164,       4076,            71618315
VSWS,B,20260805,540311,,JITF Infralogistics,   344.0000,   353.0000,   338.5500,   350.0500,       1462,         91,              504798
VSWS,B,20260805,540358,,RMC Switchgears,   338.1000,   346.8000,   325.3500,   336.8000,      30184,        786,            10167987
VSWS,B,20260805,540359,,Parmax Pharma,    98.6500,   102.6500,    98.6500,   102.6500,      58058,         55,             5837585
VSWS,B,20260805,540360,,Leading Lea Fin & In,     1.1500,     1.1500,     1.1100,     1.1300,    1237451,        667,             1403171
VSWS,B,20260805,540361,,Danube Industries,     6.2600,     6.8300,     6.2600,     6.8100,     103846,        156,              707212
VSWS,B,20260805,540366,,Music Broadcast,     6.7900,     7.0000,     6.6200,     6.9000,      10635,         47,               72006
VSWS,B,20260805,540376,,Avenue Supermarts,  4042.8000,  4042.8000,  3949.2500,  3960.0000,      10879,       1815,            43351804
VSWS,B,20260805,540377,,IFL Enterprises,     0.3700,     0.3700,     0.3600,     0.3700,    1420172,        401,              519630
VSWS,B,20260805,540386,,Ontic Finserve,     1.9900,     1.9900,     1.9000,     1.9100,     151065,        113,              289974
VSWS,B,20260805,540393,,Sarthak Metals,    70.7800,    71.0000,    70.3800,    70.6800,        549,         80,               38873
VSWS,B,20260805,540395,,Chemcrux Enterprises,    92.6500,    93.3000,    82.1500,    89.3100,      52936,        955,             4773170
VSWS,B,20260805,540396,,Manomay Tex India,   213.0000,   219.0000,   208.1000,   214.5500,      47401,        525,            10134707
VSWS,B,20260805,540401,,Maximus Internationa,    14.2000,    14.2000,    13.8000,    13.9600,      51072,        130,              713509
VSWS,B,20260805,540403,,CL Educate,    56.8000,    56.8000,    55.0000,    55.0000,        860,          8,               48640
VSWS,B,20260805,540404,,Prime Fresh,   182.0500,   190.0000,   174.9500,   187.9500,       5227,       1167,              971117
VSWS,B,20260805,540405,,Oceanic Foods,    50.6000,    53.0000,    50.6000,    52.9600,       4757,         26,              251430
VSWS,B,20260805,540425,,Shankara Building Pr,   146.7500,   146.7500,   141.8500,   142.8000,     133500,        301,            19040616
VSWS,B,20260805,540455,,Escorp Asset Managem,   104.0000,   104.0000,   100.0000,   100.0000,       1000,         20,              100627
VSWS,B,20260805,540467,,Parmeshwari Silk Mil,   312.9500,   329.4000,   312.9500,   315.3000,        605,         43,              190919
VSWS,B,20260805,540481,,Classic Leasing & Fi,    55.6900,    60.9000,    55.6900,    60.1900,       1174,         10,               66230
VSWS,B,20260805,540492,,Starlineps Enterpris,     8.4200,     8.4200,     8.4200,     8.4200,     248634,        257,             2093498
VSWS,B,20260805,540497,,S Chand & Company,   144.5000,   145.4000,   141.4000,   142.9500,       1726,        214,              247485
VSWS,B,20260805,540515,,Kanungo Financiers,    13.1900,    13.1900,    13.0000,    13.0100,      80980,         13,             1053332
VSWS,B,20260805,540519,,Meera Industries,    38.0200,    38.0200,    36.1700,    36.1800,      24826,        122,              903795
VSWS,B,20260805,540530,,Housing & Urban Dev,   203.7500,   204.6000,   201.5000,   202.6000,     138371,       1771,            28090038
VSWS,B,20260805,540544,,PSP Projects,   939.0000,   953.1500,   935.9000,   946.0000,       4278,        269,             4040124
VSWS,B,20260805,540545,,Guru Krupa Gems & Je,    28.3000,    28.9300,    26.9700,    26.9700,      39090,        112,             1077469
VSWS,B,20260805,540570,,Variman Global Enter,     4.3300,     4.3400,     4.3000,     4.3400,      59151,         30,              256353
VSWS,B,20260805,540575,,Star Cement,   203.7500,   205.2000,   203.7000,   204.8500,       6997,        136,             1430799
VSWS,B,20260805,540590,,Riddhi Corporate Ser,    58.5000,    61.0000,    58.5000,    60.2000,        869,         15,               51124
VSWS,B,20260805,540595,,Tejas Networks,   537.2000,   543.4000,   524.9500,   527.8000,      76713,       1695,            41111862
VSWS,B,20260805,540596,,Eris Lifesciences,  1377.6500,  1383.0000,  1369.1500,  1376.0000,       1732,        147,             2381807
VSWS,B,20260805,540597,,Indus Aluminium Recy,    17.0000,    17.0000,    16.6100,    17.0000,       1524,         17,               25708
VSWS,B,20260805,540602,,GTPL Hathway,    61.4500,    61.6000,    60.0000,    60.4100,        994,         48,               60716
VSWS,B,20260805,540611,,AU Small Finance Ban,  1058.5000,  1058.5000,  1043.0000,  1047.0000,      39770,       2019,            41656352
VSWS,B,20260805,540612,,ICICIPru Nfty100LowV,    22.3000,    22.9800,    22.3000,    22.9400,      11658,        206,              266575
VSWS,B,20260805,540613,,Gautam Exim,    28.6000,    28.6000,    28.5500,    28.5500,       9000,          2,              257250
VSWS,B,20260805,540615,,7NR Retail,     5.9100,     6.1400,     5.9100,     6.1400,      22497,         40,              136261
VSWS,B,20260805,540642,,Salasar Techno Engin,     5.9200,     6.0200,     5.9200,     5.9300,     254992,       1099,             1521989
VSWS,B,20260805,540647,,Ganges Securities,   123.5000,   123.5000,   116.6000,   121.0000,        606,          8,               73586
VSWS,B,20260805,540648,,Palash Securities,    88.0000,    90.9100,    88.0000,    88.5900,        175,         14,               15602
VSWS,B,20260805,540649,,Avadh Sugar & Energy,   620.0000,   635.3500,   600.6500,   608.0000,      31935,        901,            19934649
VSWS,B,20260805,540650,,Magadh Sugar & Energ,   540.9500,   549.0000,   508.1000,   512.7500,       2926,        296,             1543766
VSWS,B,20260805,540652,,Captain Technocast,   250.0000,   250.0000,   250.0000,   250.0000,        750,          1,              187500
VSWS,B,20260805,540654,,Globalspace Technolo,    27.0000,    27.3100,    26.9000,    27.3100,      76884,        118,             2093480
VSWS,B,20260805,540669,,UTI Nifty Next 50 ET,    80.6000,    80.7000,    80.0700,    80.1300,       1645,         65,              132252
VSWS,B,20260805,540673,,SIS,   436.8000,   436.8000,   424.5500,   431.1500,       2216,        164,              956264
VSWS,B,20260805,540678,,Cochin Shipyard,  1431.1000,  1449.0000,  1415.5000,  1415.5000,     225342,       3577,           320136414
VSWS,B,20260805,540679,,Haleos Labs,  1510.0500,  1510.0500,  1398.0000,  1421.7500,        166,         36,              238874
VSWS,B,20260805,540680,,KIOCL,   393.8000,   395.3500,   388.8500,   391.4500,      12382,        633,             4851299
VSWS,B,20260805,540681,,Chothani Foods,     7.9000,     8.5900,     7.9000,     8.5900,       5000,          2,               41225
VSWS,B,20260805,540686,,Smruthi Organics,   115.8500,   119.9000,   115.8500,   119.6500,       5672,         61,              665622
VSWS,B,20260805,540691,,Aditya Birla Capital,   424.7500,   426.4500,   419.9000,   420.5000,     107245,       2797,            45378220
VSWS,B,20260805,540692,,Apex Frozen Foods,   383.0000,   386.5000,   376.5500,   376.9000,       7977,        229,             3023471
VSWS,B,20260805,540693,,Shish Industries,    10.5400,    10.9900,     9.5100,    10.4000,    1775834,       1265,            18387811
VSWS,B,20260805,540694,,ANG Lifesciences Ind,    34.4000,    35.1700,    33.1000,    33.5000,       1115,         25,               38217
VSWS,B,20260805,540696,,KCD Industries India,     3.6700,     3.6800,     3.3100,     3.4400,      75300,         85,              263662
VSWS,B,20260805,540699,,Dixon Technologies (, 14095.9500, 14384.0000, 14017.2500, 14320.0000,      29416,       6985,           419363128
VSWS,B,20260805,540700,,Bharat Road Network,    17.2300,    18.5900,    17.2300,    17.7400,       7609,         71,              135561
VSWS,B,20260805,540701,,Dishman Carbogen Amc,   190.2000,   199.1500,   189.0500,   195.2000,      27130,        521,             5272122
VSWS,B,20260805,540702,,Lasa Supergenerics,     7.2100,     7.7100,     7.1900,     7.7000,       6179,         40,               45745
VSWS,B,20260805,540703,,Pro CLB Global,    28.1200,    30.8000,    28.1200,    30.8000,       3022,         12,               91586
VSWS,B,20260805,540704,,Matrimony.com,   430.1500,   432.4500,   427.2500,   428.0000,        104,         34,               44628
VSWS,B,20260805,540709,,Reliance Home Financ,     1.8800,     1.9400,     1.8500,     1.9300,     203149,        178,              382946
VSWS,B,20260805,540710,,Capacit'e Infraproje,   217.0000,   225.0000,   216.0500,   222.0000,      54042,       1007,            12000918
VSWS,B,20260805,540716,,ICICI Lombard Gen In,  1711.0500,  1755.3000,  1665.6500,  1673.0000,     189872,       9360,           323185318
VSWS,B,20260805,540717,,Polo Queen Indl & Fi,    10.1900,    10.1900,    10.1900,    10.1900,      19630,        150,              200029
VSWS,B,20260805,540718,,Aayush Art & Bullion,  1205.9000,  1237.5000,  1205.5000,  1228.6000,     146500,        641,           178240687
VSWS,B,20260805,540719,,SBI Life Ins Co,  1894.3000,  1899.0000,  1868.6500,  1893.0000,      12061,       1089,            22725270
VSWS,B,20260805,540724,,Prataap Snacks,  1170.6000,  1179.1500,  1156.8000,  1173.5500,        684,         53,              798858
VSWS,B,20260805,540725,,Share India Securiti,   175.4500,   179.4500,   175.3000,   177.3000,      28096,        409,             4966649
VSWS,B,20260805,540726,,Trident Texofab,    26.7900,    26.7900,    24.6400,    24.6400,      31845,        200,              792577
VSWS,B,20260805,540727,,Poojawestern Metalik,    17.4200,    17.7300,    17.2900,    17.5500,       8380,         90,              146123
VSWS,B,20260805,540728,,Sayaji Industries,   105.9500,   105.9500,   101.1000,   103.0000,       4856,         34,              496737
VSWS,B,20260805,540729,,Vanta Bioscience,    22.8300,    22.8300,    22.8300,    22.8300,       3000,          2,               68490
VSWS,B,20260805,540730,,Mehai Technology,     1.1700,     1.1700,     1.1400,     1.1600,     256561,        178,              297734
VSWS,B,20260805,540735,,IRIS RegTech Solutio,   256.0500,   269.0000,   254.6000,   266.6500,       1377,        330,              362876
VSWS,B,20260805,540737,,Shree Ganesh Remedie,   620.0000,   662.0000,   600.0000,   646.0000,       6276,        215,             3950645
VSWS,B,20260805,540738,,Shreeji Translogisti,     8.2000,     8.4900,     8.2000,     8.3100,      10864,         87,               90828
VSWS,B,20260805,540743,,Godrej Agrovet,   569.5000,   569.5000,   559.8000,   567.0000,       1316,        142,              744190
VSWS,B,20260805,540749,,MAS Financial Servic,   313.2000,   313.2000,   306.4000,   307.6500,       6140,        321,             1896908
VSWS,B,20260805,540750,,Indian Energy Exchan,   130.4500,   130.9000,   129.1000,   129.5000,     159255,       1960,            20716139
VSWS,B,20260805,540755,,General Insurance Co,   363.1000,   364.6000,   358.5000,   359.5500,      21324,        634,             7699173
VSWS,B,20260805,540757,,Sheetal Cool Product,   633.0000,   661.8000,   631.9500,   642.8500,       6045,        310,             3922056
VSWS,B,20260805,540762,,Tube Investments of,  2773.2500,  2830.0000,  2762.0000,  2785.2000,     190899,       1892,           529003875
VSWS,B,20260805,540767,,Nippon Life (I) Asse,  1210.8000,  1214.6000,  1188.8000,  1213.9000,      53910,       2309,            64996563
VSWS,B,20260805,540768,,Mahindra Logistics,   428.4500,   428.4500,   409.0000,   412.2000,       5175,        203,             2149556
VSWS,B,20260805,540769,,New India Assurance,   177.0000,   189.4000,   176.3000,   184.0000,    1369839,      12058,           253233005
VSWS,B,20260805,540774,,IFGL Refractories,   257.0000,   257.0000,   215.0000,   218.1000,       9959,        489,             2204809
VSWS,B,20260805,540775,,Khadim India,    96.0500,    97.5000,    95.5100,    97.5000,        890,         14,               85490
VSWS,B,20260805,540776,,5paisa Capital,   355.9500,   369.7500,   353.8500,   365.2500,       8429,        310,             3061776
VSWS,B,20260805,540777,,HDFC Life Insurance,   538.8000,   546.5500,   536.4000,   540.2000,     790871,       4932,           429058408
VSWS,B,20260805,540782,,Sanghvi Brands,    11.4900,    11.5000,    11.4900,    11.5000,      13000,          2,              149490
VSWS,B,20260805,540786,,Sharika Enterprises,    17.8600,    17.8600,    17.6900,    17.6900,       8455,         21,              149893
VSWS,B,20260805,540787,,ICICI PMF BHARAT 22,   117.4000,   117.9900,   116.1100,   117.2600,      19312,        297,             2271294
VSWS,B,20260805,540788,,Aspira Pathlab & Dia,   111.2500,   111.2500,   111.2500,   111.2500,        270,          2,               30037
VSWS,B,20260805,540789,,Diligent Media Corpo,     2.9800,     3.1000,     2.7400,     2.7400,       4928,         49,               14662
VSWS,B,20260805,540795,,Dynamic Cables,   402.3000,   415.0000,   402.3000,   405.0500,      26379,        694,            10764021
VSWS,B,20260805,540796,,Ratnabhumi Developer,   174.1500,   174.1500,   174.0000,   174.0000,        234,          7,               40749
VSWS,B,20260805,540797,,Shalby,   165.1000,   168.7000,   161.5500,   162.6500,       2997,        149,              493342
VSWS,B,20260805,540809,,MRC Agrotech,    37.3700,    37.3700,    35.5600,    35.9100,     150917,        323,             5463895
VSWS,B,20260805,540821,,Crystal Business Sys,     1.9800,     2.0400,     1.8800,     2.0000,      21708,         73,               42130
VSWS,B,20260805,540824,,Astron Paper & Board,     3.6600,     3.8300,     3.6600,     3.7400,       2299,         33,                8642
VSWS,B,20260805,540829,,Chandrima Mercantile,     7.4500,     7.5000,     7.4500,     7.4900,      61820,        134,              463081
VSWS,B,20260805,540850,,Jhandewalas Foods,    20.5100,    20.5100,    20.2300,    20.2400,       4000,          4,               81480
VSWS,B,20260805,540874,,7Seas Entertainment,    77.9400,    77.9400,    75.0000,    75.2600,       3044,         35,              229931
VSWS,B,20260805,540879,,Apollo Micro Systems,   400.5000,   403.0000,   393.4000,   399.3000,     353041,       4449,           140773532
VSWS,B,20260805,540900,,Newgen Software Tech,   562.0000,   575.0000,   554.0500,   556.7500,     132064,       3430,            74513284
VSWS,B,20260805,540901,,Praxis Home Retail,     6.5300,     6.9800,     6.4500,     6.8200,      39697,         22,              272006
VSWS,B,20260805,540902,,Amber Enterprises In,  7395.6500,  7551.0000,  7395.6500,  7523.0000,      28516,       5482,           214092558
VSWS,B,20260805,540904,,Tirupati Foam,    87.0000,    87.0000,    87.0000,    87.0000,          1,          1,                  87
VSWS,B,20260805,540914,,SRU Steels,     1.6100,     1.6100,     1.5000,     1.5300,      38130,         67,               59397
VSWS,B,20260805,540923,,Ashoka Metcast,    14.1300,    14.3300,    13.9400,    14.2800,       3273,         40,               45932
VSWS,B,20260805,540935,,Galaxy Surfactants,  1990.0000,  2012.0000,  1977.3000,  2005.7000,        131,         48,              260714
VSWS,B,20260805,540936,,Gautam Gems,     3.1400,     3.1400,     2.9000,     2.9900,      27545,         73,               81889
VSWS,B,20260805,540937,,Medico Remedies,    44.8100,    49.0000,    44.8100,    48.3800,       9594,        100,              462718
VSWS,B,20260805,540938,,Gujarat Hy-Spin,     8.7900,     9.7000,     8.7900,     9.7000,      10000,          2,               92450
VSWS,B,20260805,540952,,Lorenzini Apparels,     8.4300,     8.4300,     8.4300,     8.4300,        580,         50,                4889
VSWS,B,20260805,540953,,Kenvi Jewels,     1.9600,     2.0200,     1.9400,     1.9900,      88259,        131,              173900
VSWS,B,20260805,540954,,Indian Wood Products,    33.8900,    33.8900,    32.8900,    33.6700,        167,         10,                5528
VSWS,B,20260805,540955,,Tasty Dairy Speciali,     3.7800,     3.7800,     3.4200,     3.5400,       5620,         40,               19952
VSWS,B,20260805,540956,,Bhatia Commu & Retai,    23.2400,    23.4500,    23.0300,    23.0800,      17629,         98,              406866
VSWS,B,20260805,540961,,Shiva Mills,    62.0000,    62.0000,    62.0000,    62.0000,         68,          2,                4216
VSWS,B,20260805,540975,,Aster DM Quality Car,   841.3000,   856.6500,   825.6500,   840.7500,     140737,       4391,           117764690
VSWS,B,20260805,540980,,Yamuna Syndicate, 27599.0000, 27599.0000, 27100.0000, 27175.0000,         11,         11,              300172
VSWS,B,20260805,541005,,Kanco Tea & Ind,    48.2000,    51.9900,    46.8000,    49.0000,         35,          9,                1668
VSWS,B,20260805,541019,,H G Infra Engineerin,   551.5000,   551.8000,   541.8000,   543.2000,       2162,        176,             1179934
VSWS,B,20260805,541083,,Inflame Appliances,   220.2500,   223.0000,   218.4000,   220.0000,       6000,         12,             1327237
VSWS,B,20260805,541096,,Bharat Parenterals,  1441.7000,  1468.0000,  1430.0000,  1460.8000,        436,         27,              634390
VSWS,B,20260805,541097,,DSP Nifty 1D Rate Li,  1000.0000,  1000.0100,   999.9900,  1000.0100,       7622,         13,             7622011
VSWS,B,20260805,541112,,Shreeshay Engineers,    30.3000,    30.3000,    25.0000,    25.0000,       6000,          3,              169000
VSWS,B,20260805,541143,,Bharat Dynamics,  1268.0000,  1283.0000,  1233.2500,  1242.0000,      50796,       3183,            63394291
VSWS,B,20260805,541144,,Active Clothing Co,   116.4000,   116.4000,   113.0000,   115.8000,       4017,         46,              463604
VSWS,B,20260805,541152,,Goyal Aluminiums,     6.5500,     6.6500,     6.4000,     6.5700,       9745,         66,               63145
VSWS,B,20260805,541153,,Bandhan Bank,   175.0000,   176.0000,   174.1500,   175.2000,     179107,       2118,            31393485
VSWS,B,20260805,541154,,Hindustan Aeronautic,  4638.3000,  4670.3000,  4603.0500,  4616.5000,      60710,       7362,           281213701
VSWS,B,20260805,541161,,Dharan Infra-Epc,     0.1900,     0.1900,     0.1900,     0.1900,     169342,         57,               32174
VSWS,B,20260805,541163,,Sandhar Technologies,   645.7500,   663.0000,   645.3500,   654.4500,       7412,        556,             4868512
VSWS,B,20260805,541167,,Yasho Industries,  4350.8000,  4360.0000,  4075.0000,  4153.9500,       8234,       1633,            34332097
VSWS,B,20260805,541195,,Mishra Dhatu Nigam,   418.5000,   418.5000,   413.2500,   415.6500,      20428,        758,             8495462
VSWS,B,20260805,541206,,OBCL,    58.5000,    58.5000,    52.2500,    53.0000,       3600,         77,              193500
VSWS,B,20260805,541228,,Taylormade Renewable,    66.4800,    66.4800,    66.0000,    66.4800,      10571,         54,              702676
VSWS,B,20260805,541233,,Lemon Tree Hotels,   113.2000,   115.6000,   112.5000,   112.7000,     219035,       2051,            25035344
VSWS,B,20260805,541269,,Chemfab Alkalis,   371.3500,   373.2000,   368.4000,   368.4000,        106,         12,               39167
VSWS,B,20260805,541276,,Hardwyn India,    11.5000,    11.5100,    11.2100,    11.2500,      82970,        244,              934175
VSWS,B,20260805,541301,,Orient Electric,   177.3000,   181.4000,   177.3000,   180.0000,      11252,        477,             2020850
VSWS,B,20260805,541302,,Dhruv Consultancy Se,    25.5000,    25.5500,    24.7000,    24.7000,       1702,         23,               42468
VSWS,B,20260805,541303,,Akshar Spintex,     0.4000,     0.4600,     0.4000,     0.4500,    1332977,        235,              594174
VSWS,B,20260805,541304,,Indo Us Bio-Tech,    83.4100,    83.4700,    81.0000,    81.8600,       2744,         56,              225029
VSWS,B,20260805,541313,,ICICI Prud BSE 500 E,    40.0900,    40.1800,    39.8800,    39.8900,      11293,         89,              451874
VSWS,B,20260805,541336,,Indostar Capital Fin,   239.3000,   240.6000,   232.5000,   233.6500,       4333,        113,             1028381
VSWS,B,20260805,541338,,U H Zaveri,     9.9500,    10.3300,     9.6700,     9.7100,      53062,         69,              525692
VSWS,B,20260805,541347,,Parvati Sweetners &,     6.7500,     6.8000,     6.5200,     6.6000,       3076,         30,               20508
VSWS,B,20260805,541352,,Megastar Foods,   330.1000,   332.0000,   326.5000,   332.0000,        731,         96,              241684
VSWS,B,20260805,541353,,Innovators Facade Sy,   115.9000,   116.8000,   113.8000,   116.5000,      22400,         16,             2592320
VSWS,B,20260805,541358,,Unifinz Capital Indi,   104.9000,   104.9000,   104.9000,   104.9000,       7940,         20,              832906
VSWS,B,20260805,541400,,Zim Laboratories,   108.5000,   115.1000,   107.0000,   114.5500,       2493,         36,              278130
VSWS,B,20260805,541402,,Affordable Robotic &,   180.8500,   183.0000,   178.3000,   181.5500,       1909,         41,              344418
VSWS,B,20260805,541403,,Dollar Industries,   273.7500,   275.4500,   270.0000,   271.1000,       5497,        144,             1497962
VSWS,B,20260805,541418,,Nakoda Group of Indu,    38.1000,    38.5200,    38.1000,    38.5200,         50,          2,                1921
VSWS,B,20260805,541444,,Palm Jewels,    14.7600,    15.3000,    14.7600,    15.1300,       2879,         17,               43761
VSWS,B,20260805,541445,,Waa Solar,    45.0000,    46.0000,    43.5500,    46.0000,       8800,         10,              394088
VSWS,B,20260805,541450,,Adani Green Energy,  1399.0000,  1405.4000,  1370.1000,  1380.0000,     134970,       5343,           186853721
VSWS,B,20260805,541503,,Unick Fix-A-Form & P,    40.1200,    40.1200,    40.1200,    40.1200,          3,          3,                 120
VSWS,B,20260805,541540,,Solara Active Pharma,   527.9500,   527.9500,   511.1000,   514.3000,       2180,        122,             1120388
VSWS,B,20260805,541546,,Gayatri Highways,     1.9900,     2.0500,     1.9200,     2.0000,      54015,        107,              105525
VSWS,B,20260805,541556,,RITES,   217.3000,   228.8000,   215.2500,   227.5000,     322727,       3918,            71487571
VSWS,B,20260805,541557,,Fine Organic Industr,  4931.5500,  5010.0000,  4924.5500,  4927.2500,       1102,        218,             5487926
VSWS,B,20260805,541578,,Varroc Engineering,   685.0500,   734.0000,   684.2500,   717.5000,      47490,       5019,            34244422
VSWS,B,20260805,541601,,Rajnish Wellness,     0.4100,     0.4200,     0.4100,     0.4200,    1055678,        366,              437951
VSWS,B,20260805,541627,,Gujarat Winding Syst,     7.0300,     7.3400,     7.0300,     7.3400,       8515,          6,               62203
VSWS,B,20260805,541634,,Raw Edge Industrial,    14.1500,    14.1500,    13.1000,    13.2200,       3862,         23,               51323
VSWS,B,20260805,541702,,Ashnisha Industries,     3.9300,     3.9300,     3.9300,     3.9300,     416993,        754,             1638782
VSWS,B,20260805,541729,,HDFC Asset Managemen,  2557.9000,  2580.6000,  2541.0000,  2560.0000,       7710,        980,            19733284
VSWS,B,20260805,541735,,Vivanta Industries,     1.6700,     1.6800,     1.6400,     1.6600,      51021,        195,               84734
VSWS,B,20260805,541741,,Fratelli Vineyards,   104.0000,   105.8500,   102.0000,   102.1000,       2236,         18,              230119
VSWS,B,20260805,541770,,CreditAccess Grameen,  1565.6000,  1565.6000,  1509.2000,  1528.7000,      19089,        790,            29280871
VSWS,B,20260805,541771,,Amin Tannery,     1.3500,     1.4700,     1.3500,     1.4700,      20576,         44,               29558
VSWS,B,20260805,541778,,Deep Polymers,    39.4000,    39.4000,    35.0000,    36.1100,      14504,        114,              524646
VSWS,B,20260805,541809,,ICICIPru Nifty N ETF,    78.7900,    79.0400,    78.0000,    78.3500,      88520,        407,             6966000
VSWS,B,20260805,541865,,Add-Shop E-Retail,     6.5200,     6.8900,     6.5200,     6.7300,      87860,         72,              590399
VSWS,B,20260805,541890,,Space Incubatrics Te,     0.1800,     0.1800,     0.1800,     0.1800,     216908,         68,               39043
VSWS,B,20260805,541946,,ICICI Pru BSE L Rate,  1000.0000,  1000.0100,  1000.0000,  1000.0000,      24908,         26,            24908000
VSWS,B,20260805,541956,,IRCON International,   132.2500,   133.7000,   131.0000,   131.3500,      86131,        907,            11368589
VSWS,B,20260805,541967,,Sky Gold & Diamonds,   680.0000,   691.0000,   675.5000,   678.6000,      39938,       1147,            27282854
VSWS,B,20260805,541972,,SBI - ETF Sensex Nex,   968.7200,   973.7000,   968.7200,   969.9600,        205,         14,              199152
VSWS,B,20260805,541974,,Manorama Industries,  1616.1000,  1626.0500,  1600.0000,  1616.6500,       3571,        243,             5779572
VSWS,B,20260805,541988,,Aavas Financiers,  1412.1500,  1412.1500,  1368.0500,  1376.7000,       2223,        223,             3075476
VSWS,B,20260805,542011,,Garden Reach Shipbui,  2563.9500,  2566.6500,  2501.3000,  2510.1000,      31968,       2574,            81033697
VSWS,B,20260805,542012,,A-1,     4.9600,     4.9700,     4.7300,     4.7300,    4285750,       3700,            20398088
VSWS,B,20260805,542013,,Dolfin Rubbers,   168.5000,   173.8000,   168.0000,   168.0000,       9136,        118,             1538329
VSWS,B,20260805,542019,,Shubham Polyspin,    36.9000,    37.1200,    34.7000,    36.2200,      24636,        125,              888042
VSWS,B,20260805,542020,,AKI India,     4.1300,     4.2900,     4.0600,     4.1800,      13211,         23,               55114
VSWS,B,20260805,542025,,Sun Retail,     0.3400,     0.3400,     0.3200,     0.3200,     384000,          5,              125760
VSWS,B,20260805,542034,,S M Gold,    11.8000,    11.9500,    11.6700,    11.7000,       2174,         35,               25680
VSWS,B,20260805,542046,,Vivid Mercantile,     5.3400,     5.3400,     4.5200,     4.7800,     248653,        346,             1182284
VSWS,B,20260805,542057,,BCPL Railway Infrast,    70.2000,    70.2000,    69.0000,    69.2200,       1188,         74,               82966
VSWS,B,20260805,542066,,Adani Total Gas,   668.9500,   671.8500,   656.7500,   660.4000,      75152,       2049,            49884993
VSWS,B,20260805,542123,,Phosphate Company,   140.0000,   140.0000,   136.0500,   136.0500,       1114,         16,              155513
VSWS,B,20260805,542131,,Mirae Asset Nifty 50,   268.4700,   268.4800,   266.6600,   267.8200,       2034,        204,              544808
VSWS,B,20260805,542141,,Techno Elect & Eng,  1000.8500,  1017.0000,   985.9500,  1003.8500,      13867,       1110,            13852096
VSWS,B,20260805,542145,,Roni Households,    31.0000,    34.8000,    31.0000,    34.8000,      14400,          8,              467028
VSWS,B,20260805,542146,,Shree Krishna Infras,     8.0100,     8.0100,     8.0100,     8.0100,       2500,          2,               20025
VSWS,B,20260805,542155,,Diksha Greens,     1.0200,     1.0200,     1.0000,     1.0100,      10000,          4,               10120
VSWS,B,20260805,542176,,Aryan Shares & Stock,    19.0000,    19.9000,    19.0000,    19.9000,         54,          6,                1029
VSWS,B,20260805,542206,,Nivaka Fashions,     0.4000,     0.4000,     0.4000,     0.4000,        207,          5,                  82
VSWS,B,20260805,542216,,Dalmia Bharat,  1821.0000,  1850.0000,  1814.4500,  1840.0000,       3884,        494,             7135646
VSWS,B,20260805,542230,,Aditya Birla SLNN50,    79.0000,    79.0000,    77.8900,    77.9300,       1064,         21,               83212
VSWS,B,20260805,542231,,Nila Spaces,    12.3000,    12.7000,    12.2500,    12.3500,      29071,         97,              362716
VSWS,B,20260805,542232,,Shankar Lal Rampal D,    40.0000,    40.0000,    37.9100,    38.6400,       7911,         81,              307546
VSWS,B,20260805,542233,,Trejhara Solutions,   140.2500,   150.5500,   140.2500,   150.5500,      34033,        238,             5065011
VSWS,B,20260805,542248,,Deccan Health Care,    13.8000,    13.8000,    12.7300,    13.2000,       7798,         44,              101023
VSWS,B,20260805,542285,,Axita Cotton,     7.4000,     7.7000,     7.3000,     7.3600,    1042007,        285,             7629561
VSWS,B,20260805,542323,,KPI Green Energy,   384.1000,   386.0500,   376.0000,   377.1500,      41280,       1155,            15691499
VSWS,B,20260805,542332,,Hi-Klass Trading & I,    85.6900,    85.6900,    85.6900,    85.6900,         10,          2,                 856
VSWS,B,20260805,542333,,RPSG Ventures,   960.3000,   964.7000,   952.6000,   957.2000,        696,        251,              667878
VSWS,B,20260805,542337,,Spencer's Retail,    32.2400,    32.9700,    31.8800,    32.7100,       4453,         82,              143280
VSWS,B,20260805,542351,,Gloster,   681.0000,   686.1000,   664.6500,   669.0500,       3844,        105,             2622892
VSWS,B,20260805,542367,,Xelpmoc Design and T,    86.0000,    86.0000,    80.7700,    82.5000,        152,         16,               12496
VSWS,B,20260805,542383,,Ritco Logistics,   315.7500,   315.7500,   308.0000,   311.4500,       4799,        158,             1494056
VSWS,B,20260805,542399,,Chalet Hotels,   837.2000,   844.9000,   820.4000,   839.7500,      92581,        738,            77032432
VSWS,B,20260805,542437,,Anmol India,    10.0400,    10.4700,     9.8600,    10.0700,       2937,         32,               29689
VSWS,B,20260805,542446,,Jonjua Overseas,     4.3200,     4.3200,     3.9200,     4.3200,     568878,         80,             2416719
VSWS,B,20260805,542459,,Kranti Industries,    50.3000,    50.3000,    48.0000,    48.2300,      23388,        173,             1134940
VSWS,B,20260805,542460,,Anup Engineering,  2224.3500,  2250.0000,  2192.1000,  2215.7000,       1644,        288,             3660853
VSWS,B,20260805,542484,,Arvind Fashions,   446.4500,   462.6000,   446.4500,   461.7500,      24052,        361,            11022311
VSWS,B,20260805,542503,,Mahip Industries,    16.6100,    16.6100,    16.6100,    16.6100,       4000,          1,               66440
VSWS,B,20260805,542513,,UTI BSE Sen N 50,    96.5500,    96.6500,    96.1800,    96.2300,        545,         26,               52591
VSWS,B,20260805,542524,,Ambassador Intra Hol,    33.0000,    34.6500,    33.0000,    34.6500,       3755,         15,              129478
VSWS,B,20260805,542579,,Ashapuri Gold Orname,     4.0000,     4.0000,     3.9300,     3.9800,     142583,        425,              566642
VSWS,B,20260805,542580,,Aartech Solonics,    46.2000,    46.2000,    46.2000,    46.2000,          1,          1,                  46
VSWS,B,20260805,542597,,MSTC,   602.7500,   612.2500,   599.8500,   601.9000,       4197,        254,             2538179
VSWS,B,20260805,542627,,Chandni Machines,   109.5000,   109.5000,   106.0000,   107.9000,       1006,         39,              108499
VSWS,B,20260805,542628,,Northern Spirits,   133.5500,   133.5500,   129.2500,   130.2500,       5020,        181,              657893
VSWS,B,20260805,542649,,Rail Vikas Nigam,   232.9500,   234.4500,   228.1500,   230.0000,     355265,       5292,            82083060
VSWS,B,20260805,542650,,Metropolis Healthcar,   593.4000,   593.4000,   571.7000,   578.5000,      15552,        838,             9012234
VSWS,B,20260805,542651,,KPIT Technologies,   632.8000,   632.8000,   621.9000,   626.9000,     593862,       2914,           373812960
VSWS,B,20260805,542652,,Polycab India,  9249.2500,  9306.3000,  9179.0000,  9210.0000,       9803,       2086,            90631263
VSWS,B,20260805,542654,,V R Films & Studios,    14.5000,    14.7500,    14.2600,    14.7400,       4028,          7,               58011
VSWS,B,20260805,542655,,Vikas Lifecare,     1.2700,     1.3000,     1.2600,     1.2700,     430287,       7890,              548366
VSWS,B,20260805,542665,,Neogen Chemicals,  2085.0000,  2098.2000,  2010.0000,  2013.1500,       5180,        687,            10571603
VSWS,B,20260805,542666,,GKP Printing & Pack,     6.1500,     6.4700,     5.9000,     6.1700,      15335,         62,               95125
VSWS,B,20260805,542668,,Evans Electric,    69.9900,    69.9900,    69.9900,    69.9900,       1000,          1,               69990
VSWS,B,20260805,542669,,BMW Industries,    52.7400,    53.2000,    50.0000,    50.5100,     363350,       1893,            18860139
VSWS,B,20260805,542670,,Artemis Elect & Proj,    14.4100,    14.4300,    14.0000,    14.3900,       4163,         30,               58877
VSWS,B,20260805,542677,,Mahesh Developers,    23.9100,    25.2400,    23.9100,    23.9200,      32188,        121,              770097
VSWS,B,20260805,542679,,Dhanashree Electro,   134.5000,   135.1500,   133.0000,   133.0000,        374,          9,               50454
VSWS,B,20260805,542682,,Harish Textile Engin,    69.5000,    70.8000,    67.7500,    70.4800,        845,         15,               59414
VSWS,B,20260805,542684,,Prakash Pipes,   261.5500,   267.9500,   255.3000,   264.9000,       2160,         53,              561898
VSWS,B,20260805,542685,,Digicontent,    23.3400,    23.4200,    23.3400,    23.4200,         44,          2,                1027
VSWS,B,20260805,542694,,Parshva Enterprises,   177.6000,   177.6000,   177.6000,   177.6000,          1,          1,                 177
VSWS,B,20260805,542721,,Anand Rayons,    45.1800,    45.1800,    41.9900,    43.0200,      54631,        260,             2328944
VSWS,B,20260805,542725,,SBC Exports,    41.7500,    41.8000,    40.9000,    41.3400,     278985,        269,            11553668
VSWS,B,20260805,542726,,IndiaMART InterMESH,  1797.9500,  1797.9500,  1760.2000,  1774.4500,       7654,       2832,            13581491
VSWS,B,20260805,542727,,City Pulse Multivent,   364.2000,   364.2000,   364.2000,   364.2000,        100,          2,               36420
VSWS,B,20260805,542729,,DCM Nouvelle,   156.0000,   156.0000,   156.0000,   156.0000,        150,          3,               23400
VSWS,B,20260805,542730,,ICICI Pru Nifty Bank,    59.2500,    59.5500,    59.0500,    59.1700,       9648,        162,              572537
VSWS,B,20260805,542747,,Nippon I S&P BSN50,    94.8800,    94.9400,    94.1200,    94.4400,       5128,         86,              484034
VSWS,B,20260805,542752,,Affle 3i,  1685.7000,  1685.9000,  1655.2000,  1662.1000,       7142,        521,            11936699
VSWS,B,20260805,542758,,ICICI Pru Nifty Pvt,    28.1300,    28.1800,    27.9200,    27.9900,     104203,        287,             2918930
VSWS,B,20260805,542759,,Spandana Sphoorty Fi,   260.0000,   261.9500,   256.0000,   260.2000,      14141,        402,             3664715
VSWS,B,20260805,542760,,Sterling & Wilson Re,   207.9000,   210.9500,   207.7000,   209.1500,      70944,       1094,            14852511
VSWS,B,20260805,542765,,Transpact Enterprise,   114.0000,   114.0000,   114.0000,   114.0000,        500,          1,               57000
VSWS,B,20260805,542770,,Alphalogic Techsys,    40.9900,    41.5000,    39.3700,    40.7000,       4706,         72,              189552
VSWS,B,20260805,542772,,360 ONE WAM,  1175.0000,  1194.6500,  1164.9000,  1190.9500,     606758,       5368,           719571457
VSWS,B,20260805,542773,,IIFL Capital Service,   334.3000,   337.0000,   334.2500,   336.1000,      19753,        235,             6625711
VSWS,B,20260805,542774,,Mufin Green Finance,   133.2000,   136.5000,   132.6000,   134.6000,      58180,        673,             7842510
VSWS,B,20260805,542802,,Galactico Corporate,     1.9900,     2.0000,     1.9500,     1.9700,      70346,        125,              138371
VSWS,B,20260805,542803,,Vaxfab Enterprises,    61.5000,    64.9700,    60.0000,    64.0900,      36715,        121,             2307788
VSWS,B,20260805,542812,,Gujarat Fluorochemic,  4606.0000,  4652.0000,  4478.5000,  4492.0000,     184180,       2129,           848488429
VSWS,B,20260805,542830,,Indian Railway Cater,   511.8500,   512.6500,   507.0500,   510.1500,      34054,       1345,            17357224
VSWS,B,20260805,542850,,Goblin India,     7.5800,     7.5800,     7.5800,     7.5800,       2000,          1,               15160
VSWS,B,20260805,542851,,Gensol Engineering,    18.4900,    18.7900,    17.8100,    18.1100,      17938,        171,              326543
VSWS,B,20260805,542852,,Vishwaraj Sugar Indu,     5.6400,     5.6500,     5.3200,     5.4800,      30612,         99,              168277
VSWS,B,20260805,542857,,Greenpanel Industrie,   202.8000,   204.6500,   199.2500,   200.1500,       2852,        147,              574702
VSWS,B,20260805,542862,,Shahlon Silk Industr,    25.5000,    25.9500,    24.5100,    24.5700,       9929,         40,              247164
VSWS,B,20260805,542863,,Aditya Birla SL Nift,    58.7000,    59.6300,    58.7000,    58.9300,       1871,         38,              110761
VSWS,B,20260805,542865,,Anuroop Packaging,    11.5300,    12.0800,    11.5300,    11.9300,        841,          8,                9826
VSWS,B,20260805,542867,,CSB Bank,   334.5500,   334.5500,   326.0000,   326.3500,      12729,        250,             4181181
VSWS,B,20260805,542904,,Ujjivan Small Financ,    70.3000,    71.0400,    68.7600,    69.6100,     396483,       2515,            27717144
VSWS,B,20260805,542905,,Hindware Home Innova,   220.2000,   224.7000,   217.0000,   218.6500,       2833,        144,              625417
VSWS,B,20260805,542906,,Easun Capital Market,    34.5200,    34.5200,    34.5200,    34.5200,          1,          1,                  34
VSWS,B,20260805,542907,,Prince Pipes & Fitti,   277.5500,   285.0000,   270.0000,   274.5500,      52005,       1371,            14543022
VSWS,B,20260805,542909,,BHARAT Bond ETF 2030,  1611.0100,  1619.6200,  1609.5700,  1618.9900,        112,         40,              180772
VSWS,B,20260805,542910,,Valencia Nutrition,    48.6000,    49.8000,    48.6000,    49.8000,       4500,          3,              222300
VSWS,B,20260805,542911,,Assam Entrade,   788.0000,   788.0000,   788.0000,   788.0000,          1,          1,                 788
VSWS,B,20260805,542918,,Gian Life Care,     4.7200,     4.9600,     4.7200,     4.9100,       1507,         59,                7337
VSWS,B,20260805,542919,,Artemis Medicare Ser,   302.5000,   324.9000,   302.5000,   321.9000,     113281,       1800,            36159451
VSWS,B,20260805,542920,,Sumitomo Chemical I,   515.0000,   517.9500,   505.9500,   507.5500,     114493,        387,            59128385
VSWS,B,20260805,542921,,ICICI Pru Nifty Midc,    23.9000,    24.5500,    23.9000,    24.2700,      20677,        150,              501736
VSWS,B,20260805,542922,,Mirae Ass Nif Next50,   771.1900,   772.2000,   766.0800,   767.2300,       2485,         57,             1911895
VSWS,B,20260805,542933,,Universus Photo Imag,   487.4000,   487.4000,   487.4000,   487.4000,          3,          1,                1462
VSWS,B,20260805,543064,,Cohance Lifesciences,   426.9500,   432.0000,   425.0000,   428.9500,      33885,       1442,            14527721
VSWS,B,20260805,543066,,SBI Cards And Paymen,   660.8000,   670.5500,   658.5000,   664.9000,      49451,       2486,            32845300
VSWS,B,20260805,543171,,RO Jewels,     1.5000,     1.5600,     1.5000,     1.5500,      15950,         26,               24071
VSWS,B,20260805,543172,,Cospower Engineering,  1931.0000,  1931.0000,  1870.0500,  1870.0500,        375,          3,              709662
VSWS,B,20260805,543187,,Hitachi Energy India, 32492.8000, 32527.8500, 32160.0000, 32280.0000,       4715,       1255,           152608635
VSWS,B,20260805,543193,,DJ Mediaprint & Logi,   111.9500,   115.9500,   100.1500,   106.0500,     104071,       1157,            11163896
VSWS,B,20260805,543207,,Natural Biocon (I),     4.9600,     4.9600,     4.4700,     4.5200,     156947,        254,              721978
VSWS,B,20260805,543208,,Regis Industries,     2.2000,     2.2200,     2.1300,     2.1900,     121701,        103,              265763
VSWS,B,20260805,543210,,Aarti Surfactants,   532.9500,   544.4000,   518.0000,   542.0000,      13739,        740,             7322308
VSWS,B,20260805,543211,,Bonlon Industries,    42.0000,    42.8700,    41.1100,    42.8700,       1192,         18,               50510
VSWS,B,20260805,543212,,Borosil,   238.4000,   244.5500,   238.4000,   243.6000,       8615,        401,             2083356
VSWS,B,20260805,543213,,Rossari Biotech,   513.8000,   540.1500,   513.8000,   525.5000,      25095,       1694,            13258254
VSWS,B,20260805,543214,,NDR Auto Components,   831.9500,   831.9500,   820.0000,   828.7000,        831,         77,              686289
VSWS,B,20260805,543218,,Suratwwala Business,    25.1000,    26.3900,    24.0000,    26.2800,       2960,         15,               77167
VSWS,B,20260805,543219,,ICICI Pru Nifty Alph,    28.4400,    28.5500,    28.4400,    28.5000,       4806,         21,              136814
VSWS,B,20260805,543220,,Max Healthcare Insti,  1085.3500,  1085.3500,  1066.6000,  1080.0000,     363049,       2905,           390133335
VSWS,B,20260805,543221,,ICICI Pru Nifty IT,    34.4000,    35.0700,    34.4000,    34.8500,      46104,        126,             1608742
VSWS,B,20260805,543223,,Max India,   171.9500,   174.6500,   170.5000,   171.2000,       6159,        165,             1058806
VSWS,B,20260805,543224,,HDFC Nifty Banking E,    58.7600,    59.8700,    58.7600,    59.5000,       1751,         94,              104176
VSWS,B,20260805,543226,,UTI NIFTY Bank ETF,    59.8300,    60.1000,    59.4800,    59.4800,       1978,         40,              118135
VSWS,B,20260805,543227,,Happiest Minds Techn,   390.1500,   419.6000,   390.0000,   400.6500,     309661,       7295,           126515004
VSWS,B,20260805,543228,,Route Mobile,   538.5500,   539.9000,   529.6000,   531.6500,      10407,        641,             5542824
VSWS,B,20260805,543229,,Samrat Forgings,   208.0000,   229.7500,   208.0000,   209.0000,          7,          3,                1478
VSWS,B,20260805,543230,,Advait Energy Transi,  2386.4000,  2386.4000,  2272.4500,  2285.2000,       3801,        511,             8769921
VSWS,B,20260805,543231,,Archidply Decor,    70.6300,    70.6300,    70.6200,    70.6200,        561,          3,               39618
VSWS,B,20260805,543232,,Computer Age Mgmt Se,   802.7000,   821.9000,   802.7000,   810.0000,      87851,       2971,            71601454
VSWS,B,20260805,543233,,Chemcon Speciality C,   199.9500,   203.4000,   191.0000,   194.4000,      13217,        185,             2628575
VSWS,B,20260805,543234,,SecMark Consultancy,   123.1000,   123.3000,   122.8500,   122.8500,       1407,          7,              173142
VSWS,B,20260805,543235,,Angel One,   302.6000,   302.7000,   296.8500,   299.1000,     209934,       2849,            62810410
VSWS,B,20260805,543236,,Atam Valves,    65.2300,    67.8000,    63.7400,    65.0000,       6111,         66,              394588
VSWS,B,20260805,543237,,Mazagon Dock Shipbui,  2397.9000,  2423.5000,  2368.8500,  2370.3000,      45444,       3020,           108743385
VSWS,B,20260805,543238,,UTI Asset Management,   921.6500,   921.6500,   885.6000,   894.7500,       7480,        534,             6770669
VSWS,B,20260805,543240,,Likhitha Infrastruct,   243.8500,   243.8500,   220.0500,   221.2000,       2494,        147,              556473
VSWS,B,20260805,543241,,Veer Global Infracon,   132.2000,   134.3000,   131.0000,   134.3000,        650,         10,               86103
VSWS,B,20260805,543242,,Hemisphere Propertie,   138.9000,   141.0000,   138.0000,   138.1000,      30253,        320,             4212294
VSWS,B,20260805,543243,,Equitas Small Financ,    76.3000,    77.0700,    75.4600,    75.7700,      80723,       1291,             6145270
VSWS,B,20260805,543245,,Gland Pharma,  2619.7000,  2619.7000,  2531.6000,  2545.7000,      32253,       2184,            82311656
VSWS,B,20260805,543246,,Mirae Asst Nifty 100,    42.5000,    42.5000,    42.3000,    42.3300,        677,          4,               28652
VSWS,B,20260805,543248,,Restaurant Brands As,    88.0700,    93.2100,    85.8500,    87.7600,    7210403,      26616,           647667068
VSWS,B,20260805,543249,,TARC,   132.9000,   136.5500,   132.9000,   136.2500,      51859,        363,             6996353
VSWS,B,20260805,543250,,M Oswal Nifty 5 Yr B,    65.7000,    66.8300,    65.0300,    65.0300,       2247,        141,              147284
VSWS,B,20260805,543251,,Ravinder Heights,    45.0000,    46.2400,    44.5000,    45.1800,        138,          8,                6291
VSWS,B,20260805,543252,,Fairchem Organics,   777.0000,   778.0000,   763.9500,   773.0000,       5506,         36,             4254605
VSWS,B,20260805,543253,,Mrs Bectors Food Spe,   213.0000,   215.4500,   209.7500,   212.8500,     145179,       1719,            30908434
VSWS,B,20260805,543254,,Antony Waste Handlin,   429.1000,   432.8500,   424.4500,   426.6500,       6737,        346,             2887541
VSWS,B,20260805,543255,,Nippon INft InfraBee,   979.3000,   980.7100,   970.6400,   975.3100,        283,         47,              276064
VSWS,B,20260805,543256,,Rita Finance & Leasi,    12.0000,    12.0000,    12.0000,    12.0000,       9300,          4,              111600
VSWS,B,20260805,543257,,Indian Railway Fin C,    89.8000,    90.5500,    88.6500,    88.8700,     985466,       9704,            88091242
VSWS,B,20260805,543258,,Indigo Paints,  1099.0000,  1112.8000,  1072.5000,  1082.8000,       4040,        272,             4442583
VSWS,B,20260805,543259,,Home First Finance C,  1182.9500,  1189.2500,  1172.2000,  1183.6500,      33463,        230,            39490773
VSWS,B,20260805,543260,,Stove Kraft,   766.9500,   786.0000,   750.5000,   755.7500,       8977,        407,             6908915
VSWS,B,20260805,543262,,MRP Agro,    89.0000,    90.0000,    88.0600,    90.0000,       7000,          7,              627030
VSWS,B,20260805,543263,,SMC Global Securitie,    79.3500,    82.8000,    78.2200,    78.5500,      17386,        164,             1370863
VSWS,B,20260805,543264,,Nureca,   331.0500,   348.7000,   326.8500,   343.0000,       2515,        312,              848012
VSWS,B,20260805,543265,,RailTel Corporation,   295.2000,   295.2000,   289.3000,   289.7500,      11108,        435,             3234884
VSWS,B,20260805,543266,,Heranba Industries,   184.9000,   184.9000,   178.1000,   179.2500,       2152,        122,              385692
VSWS,B,20260805,543267,,Davangere Sugar Co,     3.0900,     3.1500,     3.0700,     3.1200,     525691,        327,             1636254
VSWS,B,20260805,543268,,DRC Systems India,    13.3400,    13.6300,    13.2600,    13.2800,       6331,         49,               84532
VSWS,B,20260805,543270,,MTAR Technologies,  6615.0500,  6615.0500,  6615.0500,  6615.0500,       2504,        216,            16564085
VSWS,B,20260805,543271,,Jubilant Ingrevia,   754.0000,   756.6500,   740.0000,   744.1500,      12985,        588,             9703884
VSWS,B,20260805,543272,,Easy Trip Planners,     6.6100,     6.6500,     6.5400,     6.5600,    1166734,       1570,             7685020
VSWS,B,20260805,543273,,Knowledge Marine & E,  2549.0000,  2596.3000,  2533.0000,  2544.6000,       2358,        267,             6039031
VSWS,B,20260805,543275,,Anupam Rasayan India,  1225.9500,  1225.9500,  1209.3500,  1214.3000,       7620,        110,             9248844
VSWS,B,20260805,543276,,Craftsman Automation, 10310.0000, 10448.0000, 10280.0000, 10389.8000,       2359,        649,            24451950
VSWS,B,20260805,543277,,Laxmi Organic Indust,   185.0000,   189.0500,   181.3000,   181.7000,     131586,       1527,            24368506
VSWS,B,20260805,543278,,Kalyan Jewellers Ind,   576.6500,   594.0000,   562.3000,   568.0000,    2181038,      35643,          1259280953
VSWS,B,20260805,543279,,Suryoday Small Fin,   162.8500,   164.5000,   161.7500,   162.7000,      30450,        509,             4962016
VSWS,B,20260805,543280,,Nazara Technologies,   349.4000,   353.9500,   342.5500,   349.0000,     108036,       5218,            37728849
VSWS,B,20260805,543281,,Suvidhaa Infoserve,     2.4700,     2.6300,     2.4700,     2.5000,      28867,         80,               72232
VSWS,B,20260805,543283,,United Foodbrands,   771.9500,   771.9500,   771.9500,   771.9500,      73739,        208,            56922821
VSWS,B,20260805,543284,,EKI Energy Services,    85.0000,    85.0000,    82.0600,    82.8000,      18963,        311,             1571071
VSWS,B,20260805,543285,,Rajeshwari Cans,    19.3000,    19.3000,    16.7600,    16.8800,      17600,         28,              306124
VSWS,B,20260805,543287,,Lodha Developers,  1254.1000,  1263.3500,  1239.6000,  1246.0000,     121475,       3938,           152234418
VSWS,B,20260805,543288,,Deep Industries,   654.7500,   654.7500,   640.1000,   642.5500,      19667,        803,            12685215
VSWS,B,20260805,543291,,Mirae Asset NYSE FAN,   198.9600,   198.9600,   198.9600,   198.9600,       5699,         62,             1133873
VSWS,B,20260805,543292,,ICICI Pru Nifty Heal,   171.5000,   172.1600,   169.0000,   170.3200,       5906,        164,             1008575
VSWS,B,20260805,543298,,Vineet Laboratories,    40.6500,    40.6500,    38.5000,    39.5000,      52045,         30,             2064026
VSWS,B,20260805,543299,,Shyam Metalics & Ene,  1029.0000,  1033.9500,  1021.0000,  1027.8500,      12374,        429,            12709581
VSWS,B,20260805,543300,,Sona BLW Precision F,   790.5000,   822.6000,   785.1000,   814.6500,     275982,       9988,           223312366
VSWS,B,20260805,543306,,Dodla Dairy,  1044.4500,  1048.8000,  1035.0000,  1038.9000,        797,         66,              828126
VSWS,B,20260805,543308,,Krishna Institute of,   799.5500,   825.0000,   783.6500,   806.5000,      23077,       1050,            18480870
VSWS,B,20260805,543311,,India Pesticides,   147.9000,   147.9000,   145.0000,   145.1500,      18124,        341,             2649312
VSWS,B,20260805,543317,,G R Infraprojects,   908.0000,   911.0000,   893.1000,   897.7000,        606,        100,              547444
VSWS,B,20260805,543318,,Clean Science & Tech,   778.0500,   778.0500,   746.0000,   769.1500,      41016,       2503,            31144306
VSWS,B,20260805,543320,,Eternal,   314.4500,   314.7000,   309.5000,   310.8000,     616910,       9649,           192440820
VSWS,B,20260805,543321,,Tatva Chintan Pharma,  1773.0500,  1818.5000,  1710.0000,  1723.3500,       6019,        661,            10638103
VSWS,B,20260805,543322,,Alivus Life Sciences,  1333.8500,  1339.0000,  1304.0000,  1330.8000,      20305,       1591,            26789617
VSWS,B,20260805,543323,,Mirae Asset Nifty Fi,    27.6100,    28.0200,    27.6100,    27.8500,      27395,        219,              763691
VSWS,B,20260805,543324,,Gretex Corporate Ser,   512.1000,   528.9500,   511.0000,   525.2500,       2873,        130,             1494708
VSWS,B,20260805,543325,,Rolex Rings,   142.3000,   153.6500,   141.0000,   145.0500,     810939,       4581,           119959222
VSWS,B,20260805,543326,,ICICI Pru Nifty FMCG,    53.2200,    53.5500,    52.9000,    53.1000,      16746,        232,              888681
VSWS,B,20260805,543327,,Exxaro Tiles,     6.3600,     6.3600,     6.0900,     6.1200,      10875,         38,               66480
VSWS,B,20260805,543328,,Krsnaa Diagnostics,   568.4000,   568.4500,   556.0500,   559.6500,       6296,        290,             3524792
VSWS,B,20260805,543329,,Windlas Biotech,   861.0000,   875.8500,   850.5000,   852.0500,       1367,        124,             1176294
VSWS,B,20260805,543330,,Devyani Internationa,   119.6000,   125.9500,   119.4000,   125.1000,     764192,       6974,            94289062
VSWS,B,20260805,543331,,Meghmani Organics,    54.7800,    55.0600,    53.2200,    53.2900,      30995,        428,             1665159
VSWS,B,20260805,543332,,Epigral,  1107.8000,  1130.0000,  1096.0000,  1117.3500,       3210,        321,             3571366
VSWS,B,20260805,543333,,CarTrade Tech,  2800.8500,  2864.5000,  2791.1000,  2839.4500,      21086,       1577,            59742861
VSWS,B,20260805,543334,,Nuvoco Vistas Corpor,   350.0500,   352.0000,   344.7500,   345.9000,      17754,        606,             6149759
VSWS,B,20260805,543335,,Aptus Value Hsg Fin,   262.7500,   266.3500,   261.5000,   264.5000,      30955,       2171,             8179360
VSWS,B,20260805,543336,,Chemplast Sanmar,   194.5000,   203.0000,   194.3000,   195.8500,      29497,        769,             5868840
VSWS,B,20260805,543341,,Sharpline Broadcast,    10.0500,    10.4700,    10.0500,    10.2000,       2526,         21,               25532
VSWS,B,20260805,543347,,Axis NIFTY IT ETF,   347.9600,   360.0000,   345.8000,   346.7100,        493,          8,              170945
VSWS,B,20260805,543348,,Axis NIFTY Healthcar,   168.4000,   170.6200,   167.2500,   170.5900,        423,         16,               71697
VSWS,B,20260805,543349,,Acutaas Chemicals,  3241.3000,  3296.4500,  3230.0000,  3283.7500,      20515,       4223,            67143033
VSWS,B,20260805,543350,,Vijaya Dignostic Cen,  1391.2000,  1394.7500,  1367.3500,  1389.2500,      10102,        449,            13963373
VSWS,B,20260805,543351,,Naapbooks,   125.9500,   125.9500,   125.9500,   125.9500,       2400,          1,              302280
VSWS,B,20260805,543357,,Axis NIFTY India Con,   125.0000,   125.0000,   125.0000,   125.0000,          5,          1,                 625
VSWS,B,20260805,543358,,Sansera Engineering,  3548.0000,  3778.0000,  3547.8500,  3742.8500,      22445,       3019,            82563568
VSWS,B,20260805,543363,,Prevest Denpro,   382.6500,   391.8000,   379.9500,   381.6500,       5600,         16,             2146990
VSWS,B,20260805,543364,,Markolines Pavement,   178.9000,   178.9000,   176.5500,   177.0500,       3677,        148,              651951
VSWS,B,20260805,543365,,Mirae Asset S&P 500,    79.2300,    79.2300,    79.2300,    79.2300,       3755,          9,              297508
VSWS,B,20260805,543366,,SBL Infratech,    51.1000,    51.1000,    51.1000,    51.1000,       3600,          1,              183960
VSWS,B,20260805,543367,,Paras Defence & Spac,  1314.3000,  1320.5000,  1285.3000,  1294.1000,      35504,       1825,            46207534
VSWS,B,20260805,543373,,Shri Venkatesh Refin,   480.0000,   490.0000,   471.0500,   488.1000,      24244,        147,            11796109
VSWS,B,20260805,543374,,Aditya Birla SL AMC,  1014.1500,  1023.3500,  1000.1000,  1016.0000,       8246,        982,             8356530
VSWS,B,20260805,543375,,Promax Power,    13.4000,    13.4000,    11.2500,    12.3800,      17500,          7,              220100
VSWS,B,20260805,543376,,Samor Reality,    90.8500,    90.8500,    86.7500,    90.8500,         58,          3,                5064
VSWS,B,20260805,543377,,AFLOAT Enterprises,     7.1300,     7.1300,     7.1300,     7.1300,      20000,          2,              142600
VSWS,B,20260805,543378,,CWD,   302.0500,   309.8000,   301.0000,   308.5000,      27500,         43,             8369150
VSWS,B,20260805,543383,,ICICI Pru NIC ETF,   126.1000,   126.1000,   125.1200,   125.8100,         92,          3,               11577
VSWS,B,20260805,543384,,FSN E-Commerce Ventu,   347.5500,   348.3000,   327.7000,   334.0000,    1545658,      15334,           520858994
VSWS,B,20260805,543386,,Fino Payments Bank,   161.0000,   164.4000,   160.8000,   161.5000,      25754,        238,             4195787
VSWS,B,20260805,543387,,SJS Enterprises,  2429.0000,  2542.0000,  2426.3000,  2507.4000,      10085,       1084,            25229934
VSWS,B,20260805,543388,,DSP Nifty 50 Equal W,   351.2900,   352.8100,   351.2900,   352.8100,        114,          4,               40051
VSWS,B,20260805,543389,,Sigachi Industries,    26.4000,    26.4300,    25.1000,    25.7300,      39190,        182,             1013297
VSWS,B,20260805,543390,,PB Fintech,  1620.0000,  1639.0000,  1603.1000,  1630.0000,      31684,       2631,            51407624
VSWS,B,20260805,543391,,Suyog Gurbax Funi Ro,   102.0000,   102.0000,    93.0000,    97.0000,       7500,         10,              736537
VSWS,B,20260805,543396,,One 97 Communication,  1418.7500,  1443.1000,  1408.0000,  1430.2000,     253940,       7654,           362565993
VSWS,B,20260805,543397,,Sapphire Foods India,   192.9000,   205.0000,   190.9500,   202.6000,    2661033,       4468,           538656650
VSWS,B,20260805,543398,,Latent View Analytic,   297.9000,   301.0000,   293.6000,   294.8500,      35129,        938,            10407008
VSWS,B,20260805,543399,,Tarsons Products,   327.0000,   333.0000,   325.4500,   327.0000,      12510,        327,             4109202
VSWS,B,20260805,543400,,Omnipotent Industrie,     2.8000,     2.8000,     2.5700,     2.5700,       4000,          2,               10740
VSWS,B,20260805,543401,,Go Fashion (India),   324.8500,   349.1000,   320.7500,   324.1500,      65226,       1194,            21973994
VSWS,B,20260805,543410,,DMR Engineering,    26.5000,    28.9900,    26.5000,    28.9900,      11700,          5,              316075
VSWS,B,20260805,543411,,Hi-Tech Pipes,    86.0000,    86.9000,    85.0900,    85.3300,      25238,        766,             2165466
VSWS,B,20260805,543412,,Star Health & Allied,   587.7000,   597.1000,   582.0000,   585.0500,     123618,       1671,            72521526
VSWS,B,20260805,543413,,Tega Industries,  1585.2000,  1591.5500,  1566.0000,  1580.0500,       1120,        182,             1767370
VSWS,B,20260805,543414,,Mirae Asset HS TECH,    23.8900,    23.8900,    23.6700,    23.8900,      19418,        149,              463671
VSWS,B,20260805,543415,,Anand Rathi Wealth,  2053.3000,  2053.3000,  2030.8500,  2035.3000,      22462,       2734,            45933865
VSWS,B,20260805,543416,,Zodiac Energy,   261.4000,   261.4000,   250.0000,   254.8000,       7022,        269,             1798631
VSWS,B,20260805,543417,,RateGain Travel Tech,   983.2000,   983.7000,   968.4500,   978.5000,       5159,        388,             5041506
VSWS,B,20260805,543419,,Shriram Properties,    85.9000,    86.2200,    84.8300,    85.1500,      24034,        297,             2056021
VSWS,B,20260805,543420,,Jet Freight Logistic,    22.1000,    23.0000,    22.0400,    22.8100,       4303,         84,               96739
VSWS,B,20260805,543425,,C E Info Systems,  1088.9500,  1095.1500,  1041.6500,  1046.7500,      49679,       2590,            53001101
VSWS,B,20260805,543426,,Metro Brands,  1015.0500,  1024.8000,   982.0000,  1002.9000,      10501,        882,            10541955
VSWS,B,20260805,543427,,Medplus Health Servi,   692.7000,   705.0000,   681.1500,   690.3000,       9015,        427,             6258451
VSWS,B,20260805,543428,,Data Patterns (I),  4583.6500,  4583.6500,  4419.2000,  4446.7000,      36660,       3573,           164201169
VSWS,B,20260805,543433,,HP Adhesives,    37.1000,    37.1000,    33.7300,    34.2300,       4057,         71,              139124
VSWS,B,20260805,543434,,Supriya Lifescience,   887.7500,   923.9500,   875.8000,   914.5500,      16942,        723,            15215300
VSWS,B,20260805,543437,,Motilal Oswal NasQ50,   142.5200,   142.5200,   142.5200,   142.5200,         28,          5,                3990
VSWS,B,20260805,543438,,DSP Nifty Midc150 Ql,    25.4900,    25.6100,    25.4900,    25.6000,      35371,         31,              903932
VSWS,B,20260805,543440,,DSP Nifty 50 ETF,   255.7200,   260.4900,   255.7200,   257.8700,        350,         27,               90587
VSWS,B,20260805,543441,,CMS Info Systems,   280.0000,   280.5500,   272.8500,   274.1500,      74117,        536,            20461313
VSWS,B,20260805,543442,,Brand Concepts,   175.2500,   187.6000,   175.2500,   185.4500,        607,         54,              112109
VSWS,B,20260805,543449,,Wonder Electricals,   119.2500,   120.0000,   117.1500,   119.2500,       1637,         28,              193772
VSWS,B,20260805,543450,,ICICI Pru Nifty Auto,    29.8800,    30.5300,    29.5000,    30.3400,     109532,        497,             3324728
VSWS,B,20260805,543451,,AGS Transact Technol,     2.2200,     2.2200,     2.1000,     2.1100,      38489,         80,               81702
VSWS,B,20260805,543452,,ICICI Prudential Sil,   219.0100,   223.1900,   219.0100,   222.3500,     295400,       2933,            65444406
VSWS,B,20260805,543453,,Alkosign,    53.0000,    62.0000,    53.0000,    59.9200,       9000,          6,              525352
VSWS,B,20260805,543454,,Mirae Asset Nifty (I,   168.9600,   168.9600,   167.9900,   168.4100,       1987,         55,              334561
VSWS,B,20260805,543458,,AWL Agri Business,   191.7000,   194.1000,   190.2000,   193.6500,     334436,      10530,            64384166
VSWS,B,20260805,543461,,Safa Systems & Techn,    18.0000,    18.0000,    18.0000,    18.0000,      10000,          2,              180000
VSWS,B,20260805,543462,,Dev Information Tech,    27.3000,    28.0000,    26.9700,    27.2100,       1286,         51,               35109
VSWS,B,20260805,543463,,Vedant Fashions,   495.2500,   512.9500,   481.2500,   505.1000,    1645415,      24892,           817558619
VSWS,B,20260805,543464,,Maruti Interior Prod,    40.4800,    40.4800,    40.4800,    40.4800,      33000,         17,             1335840
VSWS,B,20260805,543465,,MO Nifty 200 Momentu,    62.7400,    62.8000,    62.3200,    62.3800,      17771,         70,             1114067
VSWS,B,20260805,543471,,Aditya Birla SunLife,   221.8900,   223.1800,   219.0100,   222.6500,     124721,       1719,            27659401
VSWS,B,20260805,543472,,Aditya Birla SLN IT,    34.4300,    34.6000,    34.1900,    34.2300,       3788,         22,              130428
VSWS,B,20260805,543473,,Aditya Birla SLNH ET,    17.0000,    17.4000,    17.0000,    17.2300,       9347,         77,              160645
VSWS,B,20260805,543474,,Aditya Birla SL NF 5,    28.4500,    29.5000,    28.4500,    28.8600,      14042,        361,              404804
VSWS,B,20260805,543481,,Mirae Asset Nifty MC,    23.9300,    24.0200,    23.8400,    23.9100,     333334,        506,             7975518
VSWS,B,20260805,543482,,Eureka Forbes,   464.8500,   482.0000,   463.0000,   472.6000,       6557,        405,             3100403
VSWS,B,20260805,543489,,Gateway Distriparks,    60.0000,    60.6500,    55.8000,    55.9500,     198424,       1447,            11403122
VSWS,B,20260805,543490,,GMR Power & Urban In,    98.7800,    98.7800,    95.5000,    95.7900,      59995,        627,             5788410
VSWS,B,20260805,543497,,Bhatia Colour Chem,    34.5000,    35.5800,    32.9000,    32.9500,      41200,         80,             1407760
VSWS,B,20260805,543498,,Motherson Sumi Wirin,    39.8500,    42.2000,    39.8500,    40.9800,    5998300,       9441,           246794265
VSWS,B,20260805,543499,,Achyut Healthcare,     7.4000,     7.4200,     6.8200,     7.0700,      88760,        262,              637589
VSWS,B,20260805,543500,,Evoq Remedies,     1.8300,     1.8300,     1.8300,     1.8300,      32000,          8,               58560
VSWS,B,20260805,543501,,M Oswal BSE Low Vol,    38.5000,    38.5800,    37.4900,    37.6800,       1381,         10,               51928
VSWS,B,20260805,543512,,AVRO India,     8.6700,    10.3000,     8.6700,     9.2100,     861662,       2614,             8072781
VSWS,B,20260805,543513,,Uma Exports,    20.7000,    20.7000,    20.1800,    20.2000,        830,          9,               16969
VSWS,B,20260805,543514,,Veranda Learning Sol,   261.3500,   261.3500,   252.9500,   257.9500,       6286,        249,             1611002
VSWS,B,20260805,543515,,Sunrise Efficient Ma,    40.1200,    42.0900,    38.1200,    39.9500,      52500,         93,             2048463
VSWS,B,20260805,543516,,Dhyaani Tradeventtur,     6.0600,     6.0600,     6.0500,     6.0500,     266000,         17,             1610336
VSWS,B,20260805,543517,,Hariom Pipe Industri,   406.2000,   407.7500,   401.0500,   404.9500,       6327,        150,             2560555
VSWS,B,20260805,543520,,Global Longlife Hosp,    12.3600,    13.1800,    12.3600,    13.1100,       9000,          9,              116180
VSWS,B,20260805,543522,,Nanavati Ventures,    87.0000,    87.0000,    85.0000,    85.0000,       1500,          2,              129000
VSWS,B,20260805,543523,,Campus Activewear,   224.1500,   227.7000,   222.8500,   226.6000,      61567,        988,            13846362
VSWS,B,20260805,543524,,Rainbow Children's M,  1583.9000,  1609.0000,  1566.5500,  1597.6500,      15259,       1845,            24335780
VSWS,B,20260805,543525,,Silver Touch Technol,   199.2500,   199.2500,   188.5000,   192.4500,     114727,       1050,            21959299
VSWS,B,20260805,543526,,Life Insurance Corp,   385.9000,   397.3000,   385.9000,   391.5000,    1400394,      13188,           548758919
VSWS,B,20260805,543527,,Prudent Corporate Ad,  3293.4000,  3391.0000,  3293.4000,  3336.3500,       1194,        303,             3986596
VSWS,B,20260805,543528,,Venus Pipes & Tubes,  1629.3500,  1660.0000,  1623.7500,  1627.8000,       4045,        326,             6630878
VSWS,B,20260805,543529,,Delhivery,   480.9000,   480.9000,   467.0000,   470.0500,      88790,       1700,            41760354
VSWS,B,20260805,543530,,Paradeep Phosphates,   146.0000,   147.8500,   143.7000,   146.7500,     429318,       2919,            62554800
VSWS,B,20260805,543531,,Tierra Agrotech,    38.9500,    39.4900,    36.1200,    37.7600,       6262,         46,              239227
VSWS,B,20260805,543532,,Ethos,  2899.9500,  2899.9500,  2800.5000,  2832.7500,       5359,        628,            15239091
VSWS,B,20260805,543533,,eMudhra,   521.8000,   525.2000,   506.7000,   523.5500,      20203,       1015,            10430564
VSWS,B,20260805,543534,,Aether Industries,  1598.2000,  1602.0000,  1561.3500,  1592.0500,      20928,       1457,            33191925
VSWS,B,20260805,543535,,WE WIN Ltd,    44.6000,    44.6000,    44.0000,    44.0000,        132,          6,                5828
VSWS,B,20260805,543536,,Silver Pearl Hosptly,     4.8700,     4.8700,     4.8700,     4.8700,      16000,          2,               77920
VSWS,B,20260805,543537,,Scarnose Internation,    49.5000,    50.1000,    49.3100,    49.3100,       4000,          3,              199010
VSWS,B,20260805,543539,,Modis Navnirman,   397.5500,   419.0000,   397.5500,   411.2000,      14357,         96,             5890161
VSWS,B,20260805,543540,,Pearl Green Clubs &,   119.8000,   119.8000,   119.8000,   119.8000,       7200,          1,              862560
VSWS,B,20260805,543542,,Kesar India,  1260.5000,  1261.0000,  1259.3000,  1259.8500,      16400,        127,            20663390
VSWS,B,20260805,543543,,B-Right Realestate,   899.5000,   905.0000,   835.0000,   840.7000,      58400,         57,            48978540
VSWS,B,20260805,543544,,Jayant Infratech,    72.2500,    72.2500,    68.4000,    70.0000,      15750,         18,             1097970
VSWS,B,20260805,543545,,Veerkrupa Jewellers,     0.5000,     0.5100,     0.5000,     0.5100,      33400,          2,               16867
VSWS,B,20260805,543546,,Healthy Life Agritec,     5.5700,     5.7500,     5.4800,     5.5100,     126000,         29,              714240
VSWS,B,20260805,543547,,Ddev Plastiks Indust,   285.8500,   290.0000,   283.8000,   288.4000,      16945,        443,             4857705
VSWS,B,20260805,543563,,M Oswal BSE Health,    51.7700,    51.9500,    51.3400,    51.6300,       2497,         57,              128935
VSWS,B,20260805,543568,,ICICI Pru Nifty 200,    31.6000,    31.6000,    31.4000,    31.4900,      23367,        208,              734768
VSWS,B,20260805,543569,,HDFC Nifty 100 ETF,    25.9000,    27.0800,    25.8300,    26.2500,       9551,         50,              251459
VSWS,B,20260805,543570,,HDFC Nifty Next 50 E,    76.2800,    76.3000,    75.4600,    75.6500,      22193,        106,             1691373
VSWS,B,20260805,543571,,ICICI Prud Nifty Inf,    97.9400,    97.9400,    96.7500,    96.9700,       2992,         65,              290879
VSWS,B,20260805,543572,,DSP Silver ETF,   212.7900,   215.5000,   212.4200,   215.0500,      19715,        242,             4226771
VSWS,B,20260805,543573,,Syrma SGS Technology,  1428.2500,  1452.0000,  1421.0000,  1434.4500,     133614,       6723,           192302779
VSWS,B,20260805,543574,,AB SL Nifty 200 Q 30,    21.7100,    21.9200,    21.7100,    21.8000,       2589,         32,               56474
VSWS,B,20260805,543575,,AB SL Nfty 200 Momen,    31.2900,    31.5900,    31.2000,    31.5700,        337,          7,               10599
VSWS,B,20260805,543576,,M Oswal BSE Enhanced,   115.9900,   116.4400,   114.4600,   114.6700,       1916,         89,              221629
VSWS,B,20260805,543577,,Motilal Oswal BSE Qu,   204.9500,   204.9500,   204.9500,   204.9500,          1,          1,                 204
VSWS,B,20260805,543578,,Olatech Solutions,    72.0700,    72.0800,    72.0500,    72.0800,       3700,          4,              266649
VSWS,B,20260805,543590,,Rhetan TMT,    32.1500,    33.2300,    32.1500,    32.2800,     320594,        636,            10379130
VSWS,B,20260805,543591,,Dreamfolks Services,    72.0000,    72.0000,    69.0700,    69.4000,       2774,        116,              194767
VSWS,B,20260805,543592,,HDFC Silver ETF,   207.2600,   214.1200,   207.2600,   213.7000,     327468,       2621,            69582350
VSWS,B,20260805,543593,,Dhampur Bio Organics,   111.9100,   114.3700,   110.5600,   112.1200,      10161,        249,             1137752
VSWS,B,20260805,543594,,Dipna Pharmachem,     4.3500,     4.5900,     4.0000,     4.3200,     147000,         45,              618930
VSWS,B,20260805,543596,,Tamilnad Mercantile,   860.6000,   864.3500,   853.1500,   854.2000,       7720,        585,             6622200
VSWS,B,20260805,543597,,Virtuoso Optoelectro,   487.1500,   508.9500,   487.1500,   496.1500,      18185,        555,             9066438
VSWS,B,20260805,543599,,Ksolves India,   282.9500,   285.0500,   279.5500,   280.0000,       4282,        285,             1204944
VSWS,B,20260805,543600,,Harsha Engg Internat,   409.6000,   421.1000,   409.0000,   420.5500,       8147,        264,             3401467
VSWS,B,20260805,543605,,HDFC Nifty 100 Quali,    59.7000,    59.9200,    59.5400,    59.6200,        788,         11,               47077
VSWS,B,20260805,543606,,Containe Technologie,    27.6500,    29.0000,    27.6500,    29.0000,       5000,          5,              140950
VSWS,B,20260805,543607,,HDFC Nifty Growth Se,   123.2800,   123.6900,   122.7600,   122.7700,       1065,         29,              131187
VSWS,B,20260805,543613,,Mafia Trends,     5.8500,     5.9000,     5.8500,     5.8500,      28000,          6,              164720
VSWS,B,20260805,543614,,Tips Films,   375.0000,   386.0000,   375.0000,   385.8500,        133,         22,               50544
VSWS,B,20260805,543616,,Trident Lifeline,   255.3000,   258.0000,   250.1500,   254.8000,      28800,         48,             7327020
VSWS,B,20260805,543618,,Cargotrans Maritime,    88.4000,    88.4000,    88.4000,    88.4000,        750,          1,               66300
VSWS,B,20260805,543619,,Concord Control Syst,  2659.9500,  2674.9500,  2610.0000,  2655.1000,      10400,        101,            27581217
VSWS,B,20260805,543620,,Insolation Energy,   116.3000,   117.0000,   112.4500,   113.6500,      41564,        364,             4755517
VSWS,B,20260805,543626,,Electronics Mart (I),   135.8500,   149.0000,   135.8500,   147.9000,     723237,       7388,           103539333
VSWS,B,20260805,543627,,HDFC Nifty 100 Low V,    21.2300,    21.3300,    21.2300,    21.3300,       1023,          3,               21720
VSWS,B,20260805,543628,,HDFC Nifty 200 Momen,    31.3100,    31.3500,    31.0500,    31.1900,       6469,         51,              201924
VSWS,B,20260805,543635,,Piramal Pharma,   203.0000,   207.9500,   200.4500,   206.5000,     413150,       4281,            84805201
VSWS,B,20260805,543636,,DC Infotech & Commun,   351.8500,   366.0000,   350.9500,   351.5000,       7846,        395,             2796267
VSWS,B,20260805,543637,,Pace E-Commerce Vent,    15.0000,    15.3900,    14.6600,    14.9000,       7200,          6,              107652
VSWS,B,20260805,543638,,Tracxn Technologies,    32.0000,    32.0000,    30.3400,    30.6300,      11515,        126,              356715
VSWS,B,20260805,543643,,Narmada Agrobase,    16.0700,    16.6000,    14.7900,    15.0100,     326820,       1065,             5088342
VSWS,B,20260805,543644,,InfoBeans Technologi,   174.5000,   176.0000,   168.5000,   169.1500,      29005,        377,             4980917
VSWS,B,20260805,543645,,Hindprakash Industri,   129.0000,   129.0000,   129.0000,   129.0000,         25,          1,                3225
VSWS,B,20260805,543650,,DCX Systems,   180.2000,   183.2000,   179.1500,   180.1000,      15633,        490,             2825773
VSWS,B,20260805,543652,,Fusion Finance,   208.2000,   211.0000,   202.4000,   209.9500,      37768,        740,             7829738
VSWS,B,20260805,543653,,Bikaji Foods Interna,   656.6500,   660.0000,   648.0500,   650.0000,       5998,        321,             3917735
VSWS,B,20260805,543654,,Global Health,  1421.1000,  1448.6000,  1405.0000,  1410.5000,      11421,       1086,            16187247
VSWS,B,20260805,543657,,Archean Chemical Ind,   535.0000,   537.0000,   522.4000,   524.0500,      11633,        510,             6166028
VSWS,B,20260805,543663,,Five-Star Business F,   550.7500,   550.7500,   541.9000,   546.9500,      12230,        505,             6687934
VSWS,B,20260805,543664,,Kaynes Technology I,  3898.9500,  3963.5000,  3867.4500,  3896.9000,     119436,      11800,           468413169
VSWS,B,20260805,543665,,HDFC Nifty IT ETF,    33.2200,    33.7500,    33.2200,    33.4900,       2188,         27,               73505
VSWS,B,20260805,543666,,HDFC Nifty Pvt Bank,    28.9300,    28.9300,    28.1500,    28.3300,       2935,         32,               83113
VSWS,B,20260805,543667,,Inox Green Energy Se,   179.8000,   179.8000,   171.0000,   177.3000,      43969,        263,             7658360
VSWS,B,20260805,543668,,B&B Triplewall Conta,   223.7000,   224.8000,   218.0000,   223.5500,       3270,         97,              724750
VSWS,B,20260805,543669,,Keystone Realtors,   421.3000,   429.0000,   384.6000,   388.3000,      58454,       2648,            23942145
VSWS,B,20260805,543670,,Vinny Overseas,     1.0600,     1.0800,     1.0500,     1.0700,      88723,         46,               94213
VSWS,B,20260805,543671,,AAA Technologies,    89.2100,    91.5800,    88.7600,    90.3500,       2172,         80,              195870
VSWS,B,20260805,543677,,ICICI Pru Nif Fin Se,    34.1400,    34.1400,    33.8000,    33.8600,       1961,         50,               66559
VSWS,B,20260805,543678,,Ambo Agritec,    11.1700,    11.1700,    11.1700,    11.1700,      26000,         18,              290420
VSWS,B,20260805,543686,,Sirca Paints India,   439.4500,   447.6500,   436.5000,   443.7000,      15127,        568,             6695336
VSWS,B,20260805,543687,,Dharmaj Crop Guard,   269.1000,   274.2500,   268.8500,   273.5000,       1261,         36,              342303
VSWS,B,20260805,543688,,Sarveshwar Foods,     3.4000,     3.4600,     3.3600,     3.4300,     153754,        364,              527215
VSWS,B,20260805,543689,,Uniparts India,   766.0000,   811.4000,   738.2500,   801.5000,      65064,       2979,            51001453
VSWS,B,20260805,543699,,BHARAT Bond ETF-Apri,  1312.9700,  1320.1000,  1311.4900,  1319.1100,        120,          8,              158172
VSWS,B,20260805,543709,,PNGS Gargi Fashion J,   601.0000,   601.5000,   595.4000,   598.3000,      11875,         83,             7116543
VSWS,B,20260805,543710,,ICICI Pru Nfty Commo,   101.2800,   102.2300,   101.0000,   101.5900,       3828,         95,              388036
VSWS,B,20260805,543711,,Sula Vineyards,   165.8500,   174.2000,   164.3000,   170.7000,     129396,       1359,            21849930
VSWS,B,20260805,543712,,Abans Financial Ser,   202.2000,   202.2000,   201.0000,   201.0000,        586,          4,              117790
VSWS,B,20260805,543713,,Droneacharya Aerial,    37.0000,    37.0000,    35.6000,    36.4500,      28000,         24,             1013580
VSWS,B,20260805,543714,,Landmark Cars,   550.2500,   564.0000,   542.3000,   548.1500,      16749,        856,             9284699
VSWS,B,20260805,543720,,KFin Technologies,   960.0000,   960.0000,   942.0000,   942.0000,      24946,       1342,            23712062
VSWS,B,20260805,543725,,Elin Electronics,   102.2500,   103.0000,   101.2500,   101.5500,       3038,         84,              309905
VSWS,B,20260805,543732,,Radiant Cash Mgnt Se,    37.6500,    39.1000,    37.4700,    38.9700,       8688,        213,              334573
VSWS,B,20260805,543737,,Aveer Foods,   595.0000,   610.0000,   581.4000,   610.0000,        603,         10,              367284
VSWS,B,20260805,543738,,DSP Nifty Bank ETF,    61.2000,    61.2000,    58.8400,    58.8800,        119,          7,                7070
VSWS,B,20260805,543743,,Aeroflex Neu,    86.4500,    86.7400,    84.9500,    84.9500,        147,         12,               12688
VSWS,B,20260805,543746,,Logica Infoway,   154.0000,   154.0500,   147.0000,   147.0000,      15600,         19,             2362020
VSWS,B,20260805,543747,,Kamdhenu Ventures,     4.9500,     4.9500,     4.5300,     4.6100,      68083,         89,              312812
VSWS,B,20260805,543748,,Aarti Pharmalabs,   690.4500,   695.0000,   679.6500,   685.3500,       5862,        504,             4030615
VSWS,B,20260805,543766,,Ashika Global Securi,   462.6000,   464.4500,   452.0000,   461.2500,       8754,        279,             4018379
VSWS,B,20260805,543767,,Bodhi Tree Multimedi,     6.6600,     6.7000,     6.5500,     6.5500,       8715,         35,               57285
VSWS,B,20260805,543768,,NMDC Steel,    44.1900,    44.8600,    43.7100,    44.7700,     118240,       1161,             5232328
VSWS,B,20260805,543774,,HDFC BSE 500 ETF,    38.1300,    38.3200,    38.0000,    38.1600,       3174,         33,              120940
VSWS,B,20260805,543775,,HDFC NIFTY Smallcap,   183.8400,   185.3100,   183.8400,   185.1200,      72685,        813,            13430846
VSWS,B,20260805,543776,,HDFC NIFTY Midcap 15,    24.3100,    24.3100,    23.6300,    23.7200,     107370,        439,             2544551
VSWS,B,20260805,543781,,Mirae Asset Gold ETF,   139.0100,   140.6500,   138.9100,   140.3200,      54430,       1422,             7606991
VSWS,B,20260805,543782,,Sealmatic India,   400.0000,   404.9500,   390.5500,   399.9500,       2160,         12,              861903
VSWS,B,20260805,543787,,Macfos,  1257.9000,  1264.9500,  1207.0000,  1252.9000,       4290,         24,             5305302
VSWS,B,20260805,543798,,Patron Exim,     2.2400,     2.3300,     2.2400,     2.2900,       8000,          2,               18280
VSWS,B,20260805,543799,,S V J Enterprises,   207.8000,   207.8000,   188.3000,   198.0000,       4750,         17,              908362
VSWS,B,20260805,543804,,Amanaya Ventures,    13.5900,    16.9900,    13.5900,    16.9800,      18000,          3,              285360
VSWS,B,20260805,543806,,ITCONS E-Solutions,   279.0000,   279.8000,   268.2000,   277.2500,       4400,         17,             1216130
VSWS,B,20260805,543811,,Airan,    15.6400,    15.6400,    15.0400,    15.1000,       4508,         52,               68356
VSWS,B,20260805,543812,,Divgi Torqtransfer S,   966.0000,  1006.0000,   959.4500,  1002.8500,       7330,        257,             7262115
VSWS,B,20260805,543813,,Aditya Birla SL Cris,   999.9900,   999.9900,   999.9900,   999.9900,        650,          2,              649993
VSWS,B,20260805,543819,,ICICI Prud Nifty PSU,    86.0000,    87.0400,    86.0000,    86.5000,      14578,        135,             1263354
VSWS,B,20260805,543828,,Sudarshan Pharma Ind,    34.4900,    34.5000,    32.4900,    32.4900,     380000,         61,            12422560
VSWS,B,20260805,543829,,Global Surfaces,    28.0000,    28.7200,    27.8600,    28.6100,       4958,         90,              138734
VSWS,B,20260805,543831,,Bright Outdoor Media,   367.0000,   373.0000,   360.0000,   365.5000,      18375,         41,             6743250
VSWS,B,20260805,543848,,Dev Labtech Venture,    18.0900,    20.0000,    18.0900,    19.1500,      12000,          3,              225560
VSWS,B,20260805,543853,,Axis BSE Sensex ETF,    82.2300,    82.2300,    80.1500,    80.8600,         49,          8,                4004
VSWS,B,20260805,543860,,J A Finance,   120.5500,   120.5500,   109.2000,   119.8000,        837,         15,               96963
VSWS,B,20260805,543861,,Udayshivakumar Infra,    22.2500,    22.8900,    22.2500,    22.8900,       2748,         22,               62766
VSWS,B,20260805,543874,,Maiden Forgings,   104.9900,   105.0000,   101.7100,   102.7700,      19000,         17,             1969240
VSWS,B,20260805,543875,,Mirae Ass Nfty 8-13,    30.3500,    30.3500,    30.3500,    30.3500,         15,          1,                 455
VSWS,B,20260805,543895,,Exhicon Events Media,   493.7000,   503.0000,   487.0000,   491.0000,      11000,         41,             5447512
VSWS,B,20260805,543896,,Avalon Technologies,  1841.0000,  1841.1500,  1775.0000,  1819.4500,      44371,       1526,            80455126
VSWS,B,20260805,543897,,Sancode Technologies,   449.5000,   449.5000,   449.5000,   449.5000,        500,          1,              224750
VSWS,B,20260805,543898,,BEML Land Assets,   172.5500,   174.2500,   172.4500,   173.4500,        117,         22,               20233
VSWS,B,20260805,543900,,UTI Silver ETF,   213.2000,   216.0500,   212.5100,   215.3400,      17960,        622,             3845825
VSWS,B,20260805,543902,,Retina Paints,    38.5100,    40.0000,    38.5100,    39.6600,      50000,         17,             1968880
VSWS,B,20260805,543903,,DSP Gold ETF,   139.4000,   140.7100,   139.0400,   140.4800,       2953,         63,              412785
VSWS,B,20260805,543904,,Mankind Pharma,  2474.1000,  2474.1000,  2435.0000,  2452.0000,       8803,       1254,            21545498
VSWS,B,20260805,543910,,AVG Logistics,   205.0000,   205.0000,   205.0000,   205.0000,        445,          4,               91225
VSWS,B,20260805,543911,,Atal Realtech,    34.4000,    34.6500,    34.0000,    34.5100,     100025,        602,             3434416
VSWS,B,20260805,543912,,Power & Instrumentat,   111.8000,   112.0000,   107.9000,   107.9000,       3613,         90,              395898
VSWS,B,20260805,543914,,Swati Projects,    33.0000,    36.3900,    33.0000,    36.0000,      23828,        142,              836364
VSWS,B,20260805,543915,,Pavna Industries,    18.0000,    18.1800,    17.3500,    17.6200,       7905,         70,              139989
VSWS,B,20260805,543916,,Hemant Surgical Indu,   370.0000,   377.0000,   363.2500,   372.5000,      17600,         35,             6498420
VSWS,B,20260805,543917,,Sigma Solve,    48.5000,    48.7000,    46.5000,    47.1000,      21427,        353,             1017073
VSWS,B,20260805,543918,,GHCL Textiles,   114.3500,   115.9000,   112.8000,   114.9000,      31427,        399,             3597056
VSWS,B,20260805,543919,,M K Proteins,     4.0700,     4.2600,     4.0700,     4.2200,       8334,         67,               34674
VSWS,B,20260805,543920,,CFF Fluid Control,  1010.0000,  1030.0000,   987.0000,  1014.5000,      30000,        146,            30179730
VSWS,B,20260805,543922,,Mirae Asset Silver E,   214.9100,   217.8400,   214.5400,   217.4600,       7049,        148,             1528625
VSWS,B,20260805,543923,,IKIO Technologies,   201.3000,   208.0000,   201.0000,   205.1500,      19184,        319,             3939224
VSWS,B,20260805,543924,,Sonalis Consumer Pro,    48.9900,    49.0000,    48.9900,    49.0000,       8000,          3,              391960
VSWS,B,20260805,543926,,Bizotic Commercial,   559.9000,   559.9000,   521.0000,   522.1500,       6400,         14,             3491430
VSWS,B,20260805,543927,,Asian Warehousing,    36.0000,    36.0000,    33.1000,    34.0000,       2019,         25,               67545
VSWS,B,20260805,543928,,Cosmic CRF,  1418.0000,  1429.0000,  1355.1500,  1401.7500,       7600,         40,            10619840
VSWS,B,20260805,543929,,HMA Agro Industries,    20.7900,    21.5500,    20.6500,    20.7900,      34986,        345,              734403
VSWS,B,20260805,543930,,Uravi Defence & Tech,   119.7000,   119.7000,   112.5000,   115.0000,        424,         25,               48853
VSWS,B,20260805,543931,,Veefin Solutions,   300.0000,   300.0000,   295.0000,   297.3500,      13000,         48,             3861410
VSWS,B,20260805,543932,,Ideaforge Technology,   872.1000,   880.0000,   864.0000,   876.6500,      10602,        595,             9229274
VSWS,B,20260805,543933,,Cyient DLM,   670.0000,   687.5000,   660.5000,   668.5000,      34854,        998,            23428749
VSWS,B,20260805,543934,,Machhar Industries,   307.4000,   319.8500,   301.0000,   319.8000,        361,         16,              109682
VSWS,B,20260805,543935,,DSP Nifty IT ETF,    33.3300,    33.5400,    33.1900,    33.1900,       2320,         16,               77065
VSWS,B,20260805,543936,,Senco Gold,   388.6500,   401.2500,   385.0000,   399.1000,      80378,       1767,            31787781
VSWS,B,20260805,543939,,Kaka Industries,   208.8500,   214.0000,   204.0000,   204.7500,      13000,         26,             2711275
VSWS,B,20260805,543940,,Jio Financial Servic,   267.6500,   268.2000,   260.9500,   261.5000,    1041421,       8768,           275318876
VSWS,B,20260805,543942,,Utkarsh Small Financ,    14.6200,    14.6200,    14.3900,    14.4800,     130369,        497,             1888214
VSWS,B,20260805,543943,,Asarfi Hospital,   205.8500,   208.2000,   203.2500,   205.5000,      22000,         21,             4533500
VSWS,B,20260805,543944,,Mirae Asset Nifty Ba,   589.7000,   589.7000,   588.3500,   588.3500,         55,          3,               32362
VSWS,B,20260805,543945,,Netweb Technologies,  4827.9500,  4932.2500,  4725.0000,  4894.0500,     230926,      17011,          1119869974
VSWS,B,20260805,543946,,Mirae Asset Nfty 1 D,  1000.0000,  1000.0100,  1000.0000,  1000.0000,       4634,         24,             4634009
VSWS,B,20260805,543947,,DSP BSE Sensex ETF,    81.2800,    81.2800,    81.0000,    81.0000,        210,          2,               17066
VSWS,B,20260805,543948,,DSP Nifty PSU Bank,    86.5000,    86.7800,    84.3300,    84.8200,       3945,        253,              340218
VSWS,B,20260805,543949,,DSP Nifty Pvt Bank E,    28.3000,    28.3000,    28.0800,    28.1800,        543,         10,               15268
VSWS,B,20260805,543950,,Yatharth Hosp & Trau,   849.6500,   862.2000,   840.6500,   856.8000,       7074,        514,             6040863
VSWS,B,20260805,543952,,NIIT Learning System,   254.3000,   254.3000,   246.0000,   247.3000,      14380,        369,             3580308
VSWS,B,20260805,543953,,Khazanchi Jewellers,   710.0000,   710.9000,   682.0000,   709.0000,      52000,        145,            36477987
VSWS,B,20260805,543954,,Allcargo Terminals,    23.3100,    23.7800,    23.0700,    23.1300,      10142,         94,              235756
VSWS,B,20260805,543955,,Transindia Real Est,    24.5200,    24.8000,    24.0300,    24.3200,      24682,        118,              606373
VSWS,B,20260805,543956,,ICICI Pru Nfty 200 Q,    21.8800,    21.8800,    21.5600,    21.6700,        264,          7,                5729
VSWS,B,20260805,543957,,Redtape,   131.0000,   135.5500,   130.4500,   134.2500,      39483,        406,             5286487
VSWS,B,20260805,543958,,VL E-Governance & IT,    10.7300,    10.7300,    10.7300,    10.7300,       7130,          9,               76504
VSWS,B,20260805,543959,,SBFC Finance,    92.9900,    94.5500,    92.2800,    93.6000,     197330,       1606,            18514725
VSWS,B,20260805,543960,,Concord Biotech,  1441.8500,  1441.8500,  1374.5000,  1382.4500,      14091,       1383,            19745955
VSWS,B,20260805,543962,,D P Wires,   168.0000,   174.0000,   165.1500,   166.0500,        890,         16,              147930
VSWS,B,20260805,543963,,Shelter Pharma,    27.0000,    27.0000,    26.6000,    26.6000,       6000,          2,              160800
VSWS,B,20260805,543965,,TVS Supply Chain Sol,   136.0500,   136.9500,   134.8500,   135.5000,      16599,        525,             2257727
VSWS,B,20260805,543969,,Pyramid Technoplast,   183.5000,   184.4500,   181.3500,   183.4500,       1668,         72,              305420
VSWS,B,20260805,543971,,Bondada Engineering,   300.0000,   307.2500,   299.0000,   300.8500,     188800,        687,            57118510
VSWS,B,20260805,543972,,Aeroflex Industries,   468.9500,   470.8000,   454.3500,   456.1000,      67320,       1866,            31071690
VSWS,B,20260805,543973,,HDFC Nifty 1D Rate L,  1072.3300,  1072.3500,  1072.3300,  1072.3500,        122,          4,              130826
VSWS,B,20260805,543974,,Vishnu Prakash R Pun,    29.6000,    29.8000,    28.5000,    29.1600,      22279,        210,              645537
VSWS,B,20260805,543975,,UTI Nifty MIDCAP 150,   236.9200,   236.9200,   236.9200,   236.9200,          1,          1,                 236
VSWS,B,20260805,543976,,Shradha AI Technolog,    25.0000,    25.9500,    24.3100,    25.2800,      12823,        159,              323649
VSWS,B,20260805,543977,,Rishabh Instruments,   652.4000,   665.9000,   638.7000,   647.2000,      10397,        561,             6798495
VSWS,B,20260805,543978,,Ratnaveer Precision,   209.3000,   216.4500,   201.2000,   203.2500,     352267,       3127,            74232794
VSWS,B,20260805,543979,,Kahan Packaging,    60.0700,    60.0700,    60.0700,    60.0700,       3200,          2,              192224
VSWS,B,20260805,543980,,Jupiter Life Line Ho,   327.1500,   327.2000,   311.5000,   323.1500,     455148,        166,           146107189
VSWS,B,20260805,543981,,R R Kabel,  2659.4500,  2818.0000,  2645.0000,  2792.4000,      77160,       5130,           211972261
VSWS,B,20260805,543982,,Quest Flow Controls,   185.7000,   185.7000,   182.0000,   185.7000,       2000,         10,              369500
VSWS,B,20260805,543983,,EMS,   406.0000,   419.2500,   405.0500,   406.9000,       8146,        274,             3340437
VSWS,B,20260805,543984,,Samhi Hotels,   171.0000,   176.5500,   163.4000,   174.7500,     244233,       3032,            41149974
VSWS,B,20260805,543985,,Zaggle Prepaid Ocean,   204.5000,   211.0000,   204.1000,   209.1500,      39257,        490,             8129189
VSWS,B,20260805,543986,,South West Pinnacle,   240.0500,   240.0500,   233.0000,   234.4000,       6866,        217,             1619702
VSWS,B,20260805,543988,,Nuvama Wealth Manage,  1697.2500,  1719.8500,  1650.0000,  1674.8500,      33013,       2401,            55514140
VSWS,B,20260805,543989,,Sai Silks (Kalamandi,    89.0000,    89.6400,    87.3700,    88.4600,      41306,        379,             3646568
VSWS,B,20260805,543990,,Signatureglobal (Ind,   824.0000,   832.8000,   810.6000,   814.0000,      17322,        505,            14240104
VSWS,B,20260805,543991,,Techknowgreen Soluti,   147.0000,   149.0000,   141.0000,   142.0000,       5200,         13,              746960
VSWS,B,20260805,543992,,Yatra Online,   109.7500,   111.3500,   107.2000,   110.2000,      63294,        421,             6933787
VSWS,B,20260805,543993,,ARCL Organics,   227.1000,   227.1000,   215.2000,   221.3500,       1128,         40,              250199
VSWS,B,20260805,543994,,JSW Infrastructure,   329.8500,   336.0000,   329.7000,   334.5000,     119260,       3869,            39795429
VSWS,B,20260805,543995,,Manoj Vaibhav Gems N,   170.1500,   172.0000,   166.6500,   169.8000,       8299,        163,             1391754
VSWS,B,20260805,543996,,Updater Services,   208.0000,   212.2000,   206.0000,   209.5500,      20623,        466,             4321252
VSWS,B,20260805,543997,,Organic Recycling Sy,   231.5000,   231.6500,   229.0000,   229.0000,      59400,         64,            13715820
VSWS,B,20260805,543998,,Valiant Laboratories,    63.8500,    63.8500,    61.5000,    61.7500,        206,         16,               12873
VSWS,B,20260805,543999,,Mirae Asset S&P BSE,    81.5600,    81.5600,    80.8000,    81.1800,       9077,         57,              736347
VSWS,B,20260805,544001,,Sunita Tools,   973.2500,   977.0000,   973.2500,   973.2500,      16375,         53,            15956656
VSWS,B,20260805,544003,,Plaza Wires,    48.0000,    48.3900,    45.3200,    47.0500,       6381,         36,              299890
VSWS,B,20260805,544004,,IRM Energy,   277.5000,   279.0000,   272.5500,   277.1000,       7118,        233,             1968657
VSWS,B,20260805,544006,,Mirae Asset Nifty IT,    33.3300,    33.4900,    33.1000,    33.1800,      25860,        231,              860255
VSWS,B,20260805,544007,,Mirae Ass Nft 200 Al,    26.6000,    26.6100,    26.4100,    26.4900,      21298,        285,              564836
VSWS,B,20260805,544008,,Max Estates,   397.8500,   405.6500,   394.8500,   395.3000,       4126,        630,             1645221
VSWS,B,20260805,544009,,Blue Jet Healthcare,   591.1500,   597.3500,   570.0000,   593.2000,      42804,       1064,            25011346
VSWS,B,20260805,544012,,Cello World,   350.4500,   409.0000,   350.4500,   398.9500,    1905053,      25662,           741097670
VSWS,B,20260805,544014,,Honasa Consumer,   461.7000,   463.5500,   456.5000,   459.8500,      25897,        688,            11919227
VSWS,B,20260805,544020,,ESAF Small Finance B,    42.0000,    44.2500,    41.5500,    41.7900,     286377,       1220,            12317949
VSWS,B,20260805,544021,,Protean eGov Technol,   584.9000,   588.6500,   570.0500,   571.8000,     115317,       4130,            66820917
VSWS,B,20260805,544022,,ASK Automotive,   559.9500,   647.0000,   546.8000,   638.1000,    1180986,      19762,           738755381
VSWS,B,20260805,544023,,Kalyani Cast-Tech,   750.0000,   750.0000,   735.3500,   744.9000,       2750,         11,             2039950
VSWS,B,20260805,544026,,Indian Ren Energy De,   121.2000,   121.5000,   119.1000,   120.5000,     933881,       8203,           112245399
VSWS,B,20260805,544027,,Fedbank Financial Se,   149.5500,   151.8500,   148.7000,   149.3000,      36200,        453,             5429950
VSWS,B,20260805,544028,,Tata Technologies,   763.8000,   766.2500,   750.0000,   754.0000,      42752,       1545,            32398160
VSWS,B,20260805,544029,,Gandhar Oil Refinery,   237.1500,   240.0000,   230.6500,   231.7500,      93231,       1826,            21963810
VSWS,B,20260805,544030,,Flair Writing Indust,   251.0000,   252.9500,   249.3500,   252.1000,       9305,        203,             2331504
VSWS,B,20260805,544035,,Swashthik Plascon,    23.0000,    23.0000,    21.0500,    21.9900,     108800,         11,             2404192
VSWS,B,20260805,544036,,Deepak Chemtex,    81.5000,    84.5000,    81.5000,    83.4000,       5600,          5,              464000
VSWS,B,20260805,544037,,Amic Forging,  1795.9500,  1821.0000,  1780.0000,  1811.9500,      48400,        219,            87346125
VSWS,B,20260805,544042,,Bajel Projects,   179.0000,   188.0000,   178.5000,   183.8500,      19786,        284,             3595653
VSWS,B,20260805,544044,,India Shelter Financ,   745.7000,   747.6000,   726.0000,   731.8000,      11163,       1760,             8217594
VSWS,B,20260805,544045,,DOMS Industries,  2260.0000,  2284.3000,  2225.3500,  2248.6000,       7415,        782,            16630577
VSWS,B,20260805,544046,,INOX India,  1909.0000,  1974.6500,  1909.0000,  1939.8000,       7838,        924,            15265355
VSWS,B,20260805,544047,,Siyaram Recycling In,    40.8900,    40.8900,    39.3600,    40.1500,      18000,         12,              721290
VSWS,B,20260805,544053,,Motisons Jewellers,    14.2500,    14.3400,    13.8000,    13.9100,     573849,        898,             8103746
VSWS,B,20260805,544054,,Suraj Estate Develop,   198.5500,   206.5000,   198.5500,   204.9500,       4216,        153,              864428
VSWS,B,20260805,544055,,Muthoot Microfin,   229.5000,   233.7500,   226.5000,   229.8500,      12523,        401,             2871888
VSWS,B,20260805,544057,,Happy Forgings,  1749.1500,  1826.0000,  1704.8500,  1813.7500,      27036,       2229,            47874211
VSWS,B,20260805,544058,,Credo Brands Marketi,    83.0000,    84.2700,    80.6800,    81.3200,      49308,        365,             4017257
VSWS,B,20260805,544059,,Shanti Spintex,    33.8000,    35.9900,    33.8000,    35.9900,      12000,          2,              409980
VSWS,B,20260805,544060,,RBZ Jewellers,   150.0500,   151.0500,   149.0000,   149.8000,      10925,        312,             1639191
VSWS,B,20260805,544061,,Azad Engineering,  2408.2000,  2462.7000,  2384.6500,  2447.2500,      64901,       4619,           158316036
VSWS,B,20260805,544066,,Sundaram Clayton,  1260.0000,  1282.0000,  1260.0000,  1281.4000,        242,         61,              308444
VSWS,B,20260805,544067,,Innova Captab,   933.0000,   949.2000,   928.2000,   943.6000,        569,         78,              534018
VSWS,B,20260805,544072,,AIK Pipes and Polyme,    30.8100,    30.8100,    29.9900,    30.5700,       4800,          6,              147088
VSWS,B,20260805,544074,,Shri Balaji Valve Co,   106.8500,   107.0000,   106.8500,   107.0000,       2400,          3,              256650
VSWS,B,20260805,544079,,Digidrive Distributo,    18.0900,    18.3900,    17.8600,    17.8600,       1077,         12,               19396
VSWS,B,20260805,544081,,Jyoti CNC Automation,   860.7000,   872.0000,   854.7500,   860.3500,      56646,       2500,            48842936
VSWS,B,20260805,544082,,New Swan Multitech,    41.5000,    41.5000,    41.5000,    41.5000,       4000,          2,              166000
VSWS,B,20260805,544083,,Shree Marutinandan T,    55.8500,    55.8500,    55.8500,    55.8500,       1500,          2,               83775
VSWS,B,20260805,544088,,Medi Assist Healthca,   357.7000,   375.5000,   357.6500,   362.7000,       7998,        389,             2934468
VSWS,B,20260805,544089,,Zerodha Nifty 1D Rat,   115.3100,   115.3300,   115.3100,   115.3200,     482894,        530,            55686049
VSWS,B,20260805,544090,,Sayaji Hotels (Pune),   876.0000,   876.0000,   815.0000,   850.0000,         57,         11,               48801
VSWS,B,20260805,544091,,Qualitek Labs,   471.9000,   471.9000,   466.0000,   468.3500,       3200,          8,             1502720
VSWS,B,20260805,544092,,Bajaj Finserv Nifty,   254.2500,   254.2500,   251.9500,   253.2000,         88,         13,               22276
VSWS,B,20260805,544093,,Bajaj Fin Nifty Bank,    59.0100,    59.0400,    58.4000,    58.9800,       1572,         19,               92310
VSWS,B,20260805,544094,,Euphoria Infotech (I,    33.4500,    33.6000,    29.3500,    32.4500,      15600,         13,              501384
VSWS,B,20260805,544095,,EPACK Durable,   233.1000,   233.1000,   229.2000,   229.7000,      24727,        272,             5706450
VSWS,B,20260805,544100,,Nova Agritech,    22.9600,    23.7500,    22.9600,    23.1100,      11968,         45,              280613
VSWS,B,20260805,544102,,UTI Nifty IT ETF,   330.1800,   330.1800,   329.2800,   329.2800,         59,          2,               19477
VSWS,B,20260805,544103,,UTI Nifty 5 Yr Bench,    66.9000,    67.2000,    66.9000,    67.2000,         50,          2,                3358
VSWS,B,20260805,544104,,UTI Nifty 10 Y Bench,    26.8200,    26.8200,    26.8200,    26.8200,          1,          1,                  26
VSWS,B,20260805,544105,,Harshdeep Hortico,    80.7500,    84.9500,    80.5100,    83.9900,      19500,         11,             1597515
VSWS,B,20260805,544106,,Mayank Cattle Food,   216.0000,   216.0000,   216.0000,   216.0000,       6000,          4,             1296000
VSWS,B,20260805,544107,,BLS E-Services,   302.1000,   320.0000,   302.1000,   318.7500,     100696,       1304,            31652756
VSWS,B,20260805,544108,,Gabriel Pet Straps,    92.0000,    92.0000,    90.0000,    90.0000,       1200,          2,              109200
VSWS,B,20260805,544109,,DSP Nifty Healthcare,    16.8100,    16.9200,    16.8000,    16.8300,       2237,         12,               37632
VSWS,B,20260805,544110,,HDFC Nifty PSU Bank,    86.3100,    86.8200,    85.3400,    85.7100,       3636,         79,              312785
VSWS,B,20260805,544111,,Apeejay Surrendra Pk,   124.9000,   125.3500,   121.2000,   121.9500,       9588,        237,             1181076
VSWS,B,20260805,544112,,Jasch Gauging Techno,   548.0000,   548.0000,   531.0000,   534.6500,        813,         71,              437577
VSWS,B,20260805,544117,,Signpost India,   270.6000,   279.9000,   266.6500,   271.1500,       7362,        312,             2016773
VSWS,B,20260805,544118,,Jana Small Fin Bank,   580.0000,   580.2500,   569.6500,   572.5500,      16950,        635,             9751082
VSWS,B,20260805,544119,,Rashi Peripherals,   945.0000,   951.4500,   894.9000,   902.3500,     129525,       5305,           119506844
VSWS,B,20260805,544120,,Capital Small Financ,   296.4000,   298.0000,   292.0000,   298.0000,        504,         31,              148843
VSWS,B,20260805,544121,,Rudra Gas Enterprise,    72.0000,    72.0000,    69.0000,    69.0000,       4000,          4,              282000
VSWS,B,20260805,544122,,Entero Healthcare So,  1245.5000,  1276.0000,  1235.9000,  1257.9000,       6455,       1090,             8119325
VSWS,B,20260805,544123,,LIC MF Nifty Midcap,    64.1200,    64.4200,    64.0000,    64.1300,       6012,         22,              385705
VSWS,B,20260805,544124,,Vibhor Steel Tubes,   112.1000,   112.1000,   109.7000,   111.1000,        929,         64,              102691
VSWS,B,20260805,544129,,Juniper Hotels,   198.1500,   202.4000,   196.9500,   199.4000,       7178,        158,             1433100
VSWS,B,20260805,544130,,Mirae A N Scap 250 M,    47.7200,    48.1500,    47.7200,    48.0600,     139000,        484,             6676865
VSWS,B,20260805,544131,,GPT Healthcare,   162.6500,   165.0000,   161.4500,   164.7000,      12019,        217,             1962526
VSWS,B,20260805,544132,,Zerodha Gold ETF,    22.3900,    22.7800,    22.3900,    22.7100,     768984,       1442,            17396155
VSWS,B,20260805,544133,,Exicom Tele-systems,   167.0000,   169.9000,   164.3500,   166.0000,      53630,        730,             8934109
VSWS,B,20260805,544134,,Platinum Industries,   232.5500,   233.9000,   226.0000,   226.9500,       2383,        138,              545717
VSWS,B,20260805,544135,,Mukka Proteins,    23.0400,    23.2900,    22.7500,    22.8900,       9514,        145,              218057
VSWS,B,20260805,544136,,R K Swamy,   103.3000,   103.3000,   101.4500,   101.7000,        859,         24,               87576
VSWS,B,20260805,544138,,J G Chemicals,   503.5500,   553.0000,   500.9000,   548.1500,      81042,       2664,            43710811
VSWS,B,20260805,544139,,Koura Fine Diamond J,    40.0000,    40.0000,    37.1200,    38.0600,      24000,         12,              929280
VSWS,B,20260805,544140,,Gopal Snacks,   278.0000,   279.5000,   273.0000,   275.2000,      19706,        693,             5447555
VSWS,B,20260805,544141,,Pune E-Stock Broking,   242.0000,   246.0000,   242.0000,   244.6500,      24800,         26,             6069560
VSWS,B,20260805,544142,,Ship Corp Land & Ast,    42.8900,    42.8900,    41.1000,    41.2000,      22262,        241,              925612
VSWS,B,20260805,544144,,Popular Vehicles & S,   110.5000,   110.7000,   108.0000,   109.3500,       2684,         88,              294391
VSWS,B,20260805,544149,,Krystal Integrated S,   610.1500,   610.1500,   600.0000,   600.0000,        819,         44,              492054
VSWS,B,20260805,544150,,KP Green Engineering,   348.0000,   350.9500,   340.0000,   342.8500,      20250,         75,             6974937
VSWS,B,20260805,544151,,Chatha Foods,    98.5000,    98.9000,    97.0000,    97.0000,      18000,         17,             1760620
VSWS,B,20260805,544156,,Gconnect Logi & Supp,    10.3900,    10.3900,    10.3900,    10.3900,       1500,          1,               15585
VSWS,B,20260805,544157,,Vruddhi Eng Works,   234.0000,   234.0000,   234.0000,   234.0000,       1500,          3,              351000
VSWS,B,20260805,544158,,SRM Contractors,   517.7500,   517.9500,   508.4000,   512.5500,       4930,        167,             2532299
VSWS,B,20260805,544159,,DSP BSE Liquid Rate,  1138.8500,  1138.8700,  1138.8500,  1138.8700,       9185,          9,            10460396
VSWS,B,20260805,544160,,Jay Kailash Namkeen,    44.8000,    46.5800,    42.1700,    45.1700,     139200,         56,             6221360
VSWS,B,20260805,544161,,D P Abhushan,  1485.0500,  1513.5500,  1470.6000,  1493.2000,       1237,        172,             1845533
VSWS,B,20260805,544162,,Bharti Hexacom,  1631.4000,  1639.0000,  1543.9500,  1553.8000,      89901,       1718,           140566778
VSWS,B,20260805,544163,,Greenhitech Ventures,    37.9900,    38.0000,    37.9900,    38.0000,       4000,          2,              151990
VSWS,B,20260805,544164,,Faalcon Concepts,    39.2500,    39.2500,    38.0000,    38.6300,      12000,          6,              463500
VSWS,B,20260805,544165,,Shivam Chemicals,    94.5000,   102.0000,    94.2500,   100.0000,       6000,          4,              583125
VSWS,B,20260805,544166,,Emmforce Autotech,   180.0000,   183.9500,   174.0000,   178.2000,      20400,         16,             3643440
VSWS,B,20260805,544167,,JNK India,   429.7500,   429.9500,   415.6000,   417.8500,      28368,        879,            11987512
VSWS,B,20260805,544168,,Varyaa Creations,    27.2200,    27.2200,    27.2200,    27.2200,       1000,          1,               27220
VSWS,B,20260805,544170,,Dolphin Kitchen Uten,     7.6000,     7.7300,     7.5000,     7.5100,      32000,         16,              242600
VSWS,B,20260805,544171,,Storage Techno & Aut,    32.0000,    32.5000,    31.2000,    31.6000,      73600,         11,             2378840
VSWS,B,20260805,544172,,Indegene,   554.4500,   563.9000,   534.2000,   540.4500,      44852,       2279,            24620297
VSWS,B,20260805,544173,,Finelistings Technol,    12.6300,    12.6300,    12.4700,    12.4700,       4000,          4,               50220
VSWS,B,20260805,544174,,TBO Tek,  1607.5000,  1684.9000,  1597.8500,  1666.2000,      49193,       2668,            80853451
VSWS,B,20260805,544175,,TGIF Agribusiness,   103.7500,   104.0000,    94.2500,   104.0000,       4800,          4,              487188
VSWS,B,20260805,544176,,Aadhar Housing Finan,   494.9500,   508.8500,   493.4500,   505.3000,      14957,        523,             7481367
VSWS,B,20260805,544178,,Piotex Industries,    30.9000,    31.5000,    30.9000,    31.5000,       2400,          2,               74880
VSWS,B,20260805,544179,,Go Digit General Ins,   278.6500,   290.7500,   275.7000,   280.1000,     518037,       8088,           146154533
VSWS,B,20260805,544180,,M A Nfty MidSCap400,    51.1300,    51.9900,    51.1300,    51.9200,      22260,        139,             1154932
VSWS,B,20260805,544181,,Awfis Space Solution,   278.2500,   286.9000,   273.5000,   275.0000,      34386,        948,             9552293
VSWS,B,20260805,544182,,Bajaj F Nfty 1D RL,  1093.2400,  1093.2400,  1093.2400,  1093.2400,          6,          1,                6559
VSWS,B,20260805,544183,,Associated Coaters,    92.3500,   120.5000,    92.3500,   119.8000,       8500,         15,              960825
VSWS,B,20260805,544184,,Borosil Scientific,   145.8500,   146.5500,   140.0000,   140.2000,      19243,        343,             2739129
VSWS,B,20260805,544185,,Adtech Systems,    54.9900,    55.0000,    53.5000,    54.5000,       2897,         32,              157417
VSWS,B,20260805,544186,,Forbes Precision Too,   125.0000,   126.0000,   120.0000,   122.9000,      30578,        351,             3720401
VSWS,B,20260805,544187,,Kronox Lab Sciences,   162.0000,   165.0000,   158.9500,   160.8500,      18786,        541,             3035428
VSWS,B,20260805,544189,,Sattrix Information,   360.0000,   367.9500,   354.1000,   367.8000,       6500,         13,             2366200
VSWS,B,20260805,544191,,Purple Finance,    77.2800,    77.2800,    74.2100,    75.9300,      27678,        109,             2114616
VSWS,B,20260805,544192,,Le Travenues Techno,   196.3500,   206.0000,   196.3000,   204.4000,      83518,       1573,            16983026
VSWS,B,20260805,544193,,Zerodha Nifty Midcap,    11.8800,    11.9600,    11.6100,    11.7600,      17860,        205,              210567
VSWS,B,20260805,544194,,Zerodha Nifty 100 ET,    10.5900,    10.8500,    10.5900,    10.8300,      15573,         56,              168538
VSWS,B,20260805,544196,,Baroda BNP Paribas N,    58.2400,    58.2600,    58.2100,    58.2200,        561,          6,               32673
VSWS,B,20260805,544197,,JHS Svendgaard Retai,    17.2000,    18.1800,    17.2000,    17.5900,       3813,         25,               66074
VSWS,B,20260805,544198,,Dee Development Engi,   626.0000,   684.0000,   625.3500,   667.1500,      27811,        521,            17679928
VSWS,B,20260805,544199,,GEM Enviro Managemen,    36.3700,    37.0000,    36.0000,    37.0000,       8000,          9,              289912
VSWS,B,20260805,544200,,Akme Fintrade (India,     9.4500,     9.4500,     9.2000,     9.3600,      62800,        129,              587172
VSWS,B,20260805,544201,,Dindigul Farm Produc,    13.9200,    14.0000,    13.9200,    14.0000,      12000,          6,              167680
VSWS,B,20260805,544202,,Stanley Lifestyles,   156.4000,   157.3500,   153.8000,   154.0500,       7009,        311,             1086259
VSWS,B,20260805,544203,,Allied Blenders & Di,   624.8500,   630.0000,   611.7000,   614.1500,      13816,        633,             8580738
VSWS,B,20260805,544204,,Vraj Iron & Steel,   123.0000,   125.0000,   121.6500,   125.0000,       2415,        199,              299483
VSWS,B,20260805,544205,,National Peroxide,   580.0000,   584.8500,   555.8000,   577.7000,       1031,         71,              591579
VSWS,B,20260805,544206,,SBI Silver ETF,   215.1100,   219.2000,   215.1100,   218.7600,     492286,       3130,           107272415
VSWS,B,20260805,544207,,Reliable Data Servic,   143.0000,   145.0000,   141.6500,   143.0500,        320,         26,               45629
VSWS,B,20260805,544209,,Bansal Wire Industri,   315.6000,   327.8500,   315.6000,   320.8500,      26315,        740,             8513575
VSWS,B,20260805,544210,,Emcure Pharmaceutica,  1993.8500,  2008.0000,  1950.0000,  1959.1000,      16167,       2838,            31705599
VSWS,B,20260805,544212,,Mirae A Nifty EV & N,    33.5800,    33.8500,    33.4800,    33.6700,      21122,        186,              712321
VSWS,B,20260805,544213,,Aelea Commodities,   152.0000,   152.0000,   147.0000,   147.4000,      19200,         31,             2864520
VSWS,B,20260805,544214,,Three M Paper Boards,    25.0000,    25.0000,    24.0000,    24.2000,      12000,          6,              293420
VSWS,B,20260805,544215,,SBI Nifty50 Equal We,    34.5000,    34.5000,    34.1500,    34.2300,        672,         18,               23122
VSWS,B,20260805,544216,,ICICI Pru Nifty Oil,    11.2500,    11.5800,    11.2500,    11.3400,      52997,        701,              603854
VSWS,B,20260805,544217,,Sanstar,   115.8000,   118.1000,   113.0000,   114.3000,       8997,        241,             1032711
VSWS,B,20260805,544218,,Aditya Birla SL Nify,    10.4000,    10.4600,    10.2900,    10.4000,       3533,         42,               36422
VSWS,B,20260805,544219,,VVIP Infratech,   121.0500,   121.0500,   119.9500,   121.0500,       3000,          5,              361830
VSWS,B,20260805,544222,,Akums Drugs & Pharma,   656.1000,   672.0000,   656.1000,   666.0500,       4670,        255,             3113667
VSWS,B,20260805,544223,,Ceigall India,   344.0000,   344.0000,   337.3000,   341.6500,       3587,        235,             1220761
VSWS,B,20260805,544224,,Afcom Holdings,  1503.1500,  1523.9500,  1425.0000,  1456.8000,      68880,        428,           100908774
VSWS,B,20260805,544225,,Ola Electric Mobilit,    38.7800,    42.5500,    38.7300,    41.4200,   10491425,      18313,           433558911
VSWS,B,20260805,544226,,Brainbees Solutions,   215.0000,   218.0000,   213.5000,   215.1000,      76341,       1139,            16440082
VSWS,B,20260805,544227,,Unicommerce ESolutio,    86.4000,    86.4000,    85.0000,    85.2500,      13885,        262,             1191612
VSWS,B,20260805,544229,,ICICI Pru Nifty Meta,    13.1200,    13.3900,    13.0900,    13.3200,     222219,        595,             2932749
VSWS,B,20260805,544230,,Saraswati Saree Depo,    55.0900,    55.0900,    53.5100,    54.9400,       3599,         95,              194878
VSWS,B,20260805,544232,,Interarch Building S,  1840.9500,  1919.9000,  1837.2500,  1841.1500,       2576,        298,             4848120
VSWS,B,20260805,544234,,Globale Tessile,    10.8200,    10.8200,    10.1000,    10.2000,        751,          3,                7610
VSWS,B,20260805,544235,,Orient Technologies,   260.6500,   263.2000,   258.9000,   260.2000,      10828,        438,             2820285
VSWS,B,20260805,544238,,Premier Energies,  1038.6500,  1045.4500,  1031.9500,  1034.5000,      16011,        813,            16623922
VSWS,B,20260805,544239,,Ecos (I) Mobility &,   134.0000,   135.9500,   132.6000,   135.8000,       1763,         49,              235000
VSWS,B,20260805,544240,,Raymond Lifestyle,   757.9000,   766.7500,   746.8000,   753.6500,       6092,        293,             4621324
VSWS,B,20260805,544241,,Mirae A N500 Mcap 50,    17.0100,    17.0400,    16.9400,    16.9700,      10178,        272,              172969
VSWS,B,20260805,544242,,Travels & Rentals,     8.7900,     8.7900,     8.7900,     8.7900,       3000,          1,               26370
VSWS,B,20260805,544243,,Baazar Style Retail,   282.7500,   291.2000,   282.7500,   291.2000,      23697,        201,             6860402
VSWS,B,20260805,544244,,Gala Precision Engin,  1106.3500,  1147.7000,  1106.3500,  1120.5000,       2414,        240,             2732264
VSWS,B,20260805,544246,,Revathi Equipment In,   721.0000,   724.6000,   716.6500,   723.9000,         49,         15,               35424
VSWS,B,20260805,544247,,DSP Nifty Top 10 Equ,    89.9200,    90.0000,    89.0400,    89.5400,     453842,        161,            40568330
VSWS,B,20260805,544248,,Mach Travel Solution,   162.0000,   170.0000,   161.0000,   165.5000,      23400,         38,             3910560
VSWS,B,20260805,544249,,Shree Tiru Bala Agro,    27.5000,    28.0300,    27.0700,    27.4600,       7977,         28,              220912
VSWS,B,20260805,544250,,Sanofi Consumer Heal,  4520.0000,  4591.6500,  4518.3000,  4535.5000,         96,         36,              435550
VSWS,B,20260805,544251,,Share Samadhan,    35.0000,    35.0000,    35.0000,    35.0000,       4800,          3,              168000
VSWS,B,20260805,544252,,Bajaj Housing Financ,    87.5800,    87.9500,    86.6000,    86.9500,     155314,       2022,            13515291
VSWS,B,20260805,544253,,Kross,   210.0000,   210.0000,   204.0000,   205.1000,      15553,        534,             3220666
VSWS,B,20260805,544254,,Tolins Tyres,   103.8000,   105.2000,   103.4000,   104.4000,       3455,         46,              360176
VSWS,B,20260805,544256,,P N Gadgil Jewellers,   654.2500,   665.0000,   654.2500,   658.4000,      22444,        682,            14818743
VSWS,B,20260805,544258,,Western Carriers (In,    91.3900,    92.4500,    90.2900,    91.1500,       1993,         66,              181231
VSWS,B,20260805,544259,,Popular Foundations,    30.0000,    30.0000,    29.6000,    29.9900,       9000,          3,              268770
VSWS,B,20260805,544260,,Northern Arc Capital,   286.2000,   287.4500,   281.4500,   284.7500,      26329,        449,             7470318
VSWS,B,20260805,544261,,Arkade Developers,   139.5500,   140.8500,   138.4000,   138.8500,      12792,        188,             1787574
VSWS,B,20260805,544262,,Manba Finance,   137.0500,   137.0500,   134.0000,   134.3000,       6971,         58,              942305
VSWS,B,20260805,544263,,KRN Heat Exchanger &,  1220.0000,  1220.0000,  1183.5000,  1209.4500,       3402,        302,             4096467
VSWS,B,20260805,544264,,Diffusion Engineers,   430.0000,   431.4000,   420.8500,   424.4000,       4742,        148,             2018860
VSWS,B,20260805,544265,,Nexxus Petro Industr,    81.8500,    81.8500,    81.8500,    81.8500,       1200,          1,               98220
VSWS,B,20260805,544266,,Mirae Asset Nifty PS,    86.3500,    86.3500,    86.0400,    86.3200,        594,          5,               51109
VSWS,B,20260805,544267,,Subam Papers,   221.7500,   223.9500,   221.7500,   223.1000,       2400,          3,              535440
VSWS,B,20260805,544268,,Mirae Asset Nifty Me,    13.4300,    13.4300,    13.1400,    13.3400,     247492,        349,             3275855
VSWS,B,20260805,544270,,Khyati Global Ventur,    52.9900,    53.0000,    52.9900,    53.0000,       2400,          2,              127188
VSWS,B,20260805,544271,,Garuda Const & Engin,   173.0500,   181.6000,   173.0500,   178.2500,      37347,        504,             6663143
VSWS,B,20260805,544272,,Shiv Texchem,   117.9000,   118.0000,   117.9000,   118.0000,       3600,          9,              424760
VSWS,B,20260805,544273,,Mangalam Global Ente,    15.2400,    15.6200,    15.2000,    15.5800,       5559,         37,               85513
VSWS,B,20260805,544274,,Hyundai Motor India,  2232.4000,  2232.4000,  2192.4000,  2204.0000,     133204,       1839,           293652232
VSWS,B,20260805,544275,,ICICI Pru Nfty200 Va,    15.5700,    15.6500,    15.4900,    15.6000,       8964,         36,              139553
VSWS,B,20260805,544276,,Deepak Builders & En,     7.1700,     7.4900,     7.1100,     7.3200,      17683,         87,              128177
VSWS,B,20260805,544277,,Waaree Energies,  2689.9500,  2700.1000,  2674.0000,  2678.0000,      51681,       4538,           138964023
VSWS,B,20260805,544278,,OCCL,   171.8000,   172.3000,   171.6000,   171.6000,       9221,         75,             1583819
VSWS,B,20260805,544279,,Godavari Biorefineri,   261.4500,   269.3000,   261.4500,   267.3500,       9316,        147,             2478173
VSWS,B,20260805,544280,,Afcons Infrastructur,   284.5000,   286.8500,   280.0500,   280.7000,     163869,       1047,            46216182
VSWS,B,20260805,544281,,A B Infrabuild,    10.0100,    10.1700,     9.9400,     9.9500,      21531,         65,              215794
VSWS,B,20260805,544282,,Sagility,    44.3500,    44.5900,    43.6400,    43.8800,    1019842,       4570,            44908520
VSWS,B,20260805,544283,,ACME Solar Holdings,   385.3500,   391.0000,   378.0000,   381.1500,      76172,       1929,            29342913
VSWS,B,20260805,544284,,Mirae A Nfty 1D R L,  1086.3800,  1097.5000,  1086.3800,  1097.5000,         35,          3,               38356
VSWS,B,20260805,544285,,Swiggy,   293.3000,   293.3000,   286.6000,   288.9000,     482784,       5982,           140319988
VSWS,B,20260805,544286,,Niva Bupa Health Ins,    88.1400,    88.7300,    86.3000,    87.5100,      51075,        702,             4452702
VSWS,B,20260805,544288,,BlackBuck,   544.9500,   558.6500,   544.9500,   556.4500,      36040,       1025,            19957889
VSWS,B,20260805,544289,,NTPC Green Energy,    90.9500,    91.4100,    90.3300,    90.6300,     269804,       2679,            24488351
VSWS,B,20260805,544290,,Enviro Infra Enginee,   226.7000,   228.3000,   217.1500,   217.9000,      49792,        671,            11062057
VSWS,B,20260805,544291,,Rajesh Power Service,   865.0000,   883.0000,   855.4500,   858.0000,      50000,        310,            43536935
VSWS,B,20260805,544292,,Onesource Spec Pharm,  1534.7000,  1564.9000,  1519.2000,  1552.2500,      23857,        895,            36495096
VSWS,B,20260805,544293,,Suraksha Diagnostic,   254.3000,   257.0000,   251.1000,   251.2500,        755,         61,              191533
VSWS,B,20260805,544294,,Rossell Techsys,  1083.9500,  1099.7000,  1055.8000,  1064.7500,      15736,        954,            17070667
VSWS,B,20260805,544296,,Nisus Finance Servic,   193.2500,   193.4000,   185.0500,   186.0000,      24800,         54,             4666660
VSWS,B,20260805,544301,,Odigma Consultancy S,    23.0000,    23.4000,    22.6100,    23.1200,       2718,         28,               63332
VSWS,B,20260805,544302,,Innovana Thinklabs,   331.4500,   331.4500,   329.0500,   329.0500,          2,          2,                 660
VSWS,B,20260805,544303,,Toss The Coin,   236.6000,   245.0000,   232.8000,   236.0000,       3000,         10,              716340
VSWS,B,20260805,544304,,Jungle Camps India,    46.2500,    46.2500,    46.2500,    46.2500,       3200,          2,              148000
VSWS,B,20260805,544305,,One Mobikwik Systems,   207.2500,   207.2500,   202.8000,   203.5500,      61785,        666,            12673682
VSWS,B,20260805,544306,,Sai Life Sciences,  1379.3500,  1397.6000,  1355.0000,  1393.3500,     147955,       1383,           203141385
VSWS,B,20260805,544307,,Vishal Mega Mart,   111.1000,   111.3500,   108.8000,   110.9000,     231742,       1774,            25507315
VSWS,B,20260805,544308,,Hilltone Software &,    42.0000,    42.9000,    40.1600,    42.4500,      63925,         20,             2684882
VSWS,B,20260805,544309,,Inventurus Knowledge,  1849.3000,  1891.3000,  1849.3000,  1877.8000,       8565,        846,            16001699
VSWS,B,20260805,544310,,Yash Highvoltage,   962.0000,  1010.0000,   962.0000,  1003.7000,     153500,        530,           152179737
VSWS,B,20260805,544311,,International Gemolo,   361.1000,   368.1500,   360.0000,   363.8500,      32673,       1689,            11941986
VSWS,B,20260805,544313,,NACDAC Infrastructur,    24.8000,    26.0000,    24.8000,    25.7000,      24000,          6,              610760
VSWS,B,20260805,544314,,Sanathan Textiles,   481.4500,   486.3500,   474.9500,   476.7000,       4835,        246,             2325070
VSWS,B,20260805,544315,,Concord Enviro Syste,   284.3000,   284.3000,   276.2500,   278.3500,       6671,        181,             1865468
VSWS,B,20260805,544316,,DAM Capital Advisors,   156.3000,   156.3000,   152.9000,   153.2000,      12185,        182,             1876644
VSWS,B,20260805,544317,,Transrail Lighting,   497.0500,   504.1500,   497.0500,   499.2500,      12599,        524,             6313996
VSWS,B,20260805,544318,,Mamata Machinery,   420.7000,   427.0000,   413.0500,   424.1500,      16746,       1126,             7084299
VSWS,B,20260805,544319,,Senores Pharmaceutic,  1377.6500,  1379.1500,  1306.0000,  1322.7500,      16771,       1224,            22325286
VSWS,B,20260805,544320,,Carraro India,   540.0500,   544.9500,   531.3000,   535.8000,       4215,        283,             2274621
VSWS,B,20260805,544321,,Ventive Hospitality,   618.0000,   625.3000,   610.0000,   621.7500,       2488,        240,             1533271
VSWS,B,20260805,544322,,Unimech Aerospace &,  1359.5000,  1370.0000,  1305.0000,  1346.3000,      16055,       1466,            21512483
VSWS,B,20260805,544323,,Mirae A Nfty I New A,    12.2100,    12.3000,    12.2100,    12.2400,      17611,         61,              216006
VSWS,B,20260805,544324,,Citichem India,    16.5000,    17.2500,    16.5000,    17.2500,       4000,          2,               67500
VSWS,B,20260805,544325,,ITC Hotels,   166.5000,   170.3000,   165.8000,   168.9000,    3527631,       2162,           599831074
VSWS,B,20260805,544326,,Edelweiss BSE Cap M,    23.6800,    24.1800,    23.3300,    23.5900,      17095,         96,              404778
VSWS,B,20260805,544327,,Technichem Organics,    46.5500,    48.0000,    45.0000,    47.0000,      14000,          7,              652080
VSWS,B,20260805,544328,,Indo Farm Equipment,   160.4000,   165.0000,   159.3500,   162.4000,      22267,        488,             3618747
VSWS,B,20260805,544329,,Leo Dryfruits & Spic,    55.0000,    57.0000,    52.1000,    56.3200,     118000,         31,             6558560
VSWS,B,20260805,544330,,Parmeshwar Metal,   190.2000,   190.2000,   190.2000,   190.2000,       2000,          2,              380400
VSWS,B,20260805,544332,,Fabtech Tech Clean,   399.0000,   399.0000,   392.0000,   398.0000,       2000,          5,              791600
VSWS,B,20260805,544333,,Standard Engineering,   278.0000,   280.0000,   270.2000,   278.1000,      21433,        512,             5907087
VSWS,B,20260805,544334,,Indobell Insulations,    77.7000,    77.7000,    74.0000,    74.0000,       2250,          3,              169282
VSWS,B,20260805,544335,,B R Goyal Infrastruc,   180.0000,   181.9000,   177.0000,   180.1500,      54000,         31,             9698750
VSWS,B,20260805,544336,,Quadrant Future Tek,   358.0000,   362.0000,   348.1500,   357.5500,       7126,        298,             2543453
VSWS,B,20260805,544337,,Avax Apparels and Or,    48.5500,    49.5000,    46.6200,    49.5000,       8000,          5,              387420
VSWS,B,20260805,544339,,Laxmi Dental,   217.2000,   221.1000,   217.2000,   219.1000,       6112,        153,             1343789
VSWS,B,20260805,544340,,Rikhav Securities,    47.5900,    49.9800,    47.5500,    48.2500,     150400,         64,             7301488
VSWS,B,20260805,544341,,Landmark Global Lear,    11.7500,    11.7500,    11.6900,    11.6900,      32000,         19,              374384
VSWS,B,20260805,544342,,Stallion India Fluor,   271.6000,   274.0000,   263.4000,   267.8500,      91198,       2328,            24499157
VSWS,B,20260805,544343,,Capitalnumbers Infot,    91.0000,    91.0000,    88.1800,    88.8300,       8800,         20,              788488
VSWS,B,20260805,544344,,SPR Auto Technologie,  4333.9500,  4528.1000,  4218.3500,  4433.3000,       7728,       1382,            33842535
VSWS,B,20260805,544345,,Denta Water and Infr,   363.9000,   366.1500,   344.9500,   351.3000,      16237,        738,             5744198
VSWS,B,20260805,544346,,RDB Real Estate Cons,   166.0500,   174.9500,   162.2000,   166.7500,      50571,        142,             8460644
VSWS,B,20260805,544347,,CLN Energy,   505.0000,   505.0000,   505.0000,   505.0000,        200,          1,              101000
VSWS,B,20260805,544348,,GB Logistics Commerc,    26.4500,    26.5000,    26.0000,    26.0000,       3600,          3,               94740
VSWS,B,20260805,544349,,H M Electro Mech Ltd,    52.0000,    52.5000,    52.0000,    52.5000,      17600,         11,              923200
VSWS,B,20260805,544350,,Dr Agarwal's Health,   501.8000,   551.5500,   491.0000,   522.9000,      34829,       1258,            18127801
VSWS,B,20260805,544353,,Amwill Health Care,    43.2400,    43.2400,    42.0000,    42.0000,       2400,          2,              102288
VSWS,B,20260805,544354,,Solarium Green Energ,   169.2000,   172.9000,   168.0000,   171.2500,       6300,         21,             1079925
VSWS,B,20260805,544355,,Jubilant Agri And Co,  1906.9500,  1920.0000,  1816.2000,  1893.8500,        351,         62,              650146
VSWS,B,20260805,544356,,AJAX Engineering,   605.0000,   618.0000,   599.2000,   606.9500,       5426,        273,             3294176
VSWS,B,20260805,544361,,Covance Softsol,   203.6500,   224.9000,   203.6500,   212.9500,      10283,        184,             2204527
VSWS,B,20260805,544362,,Hexaware Technologie,   555.0000,   575.0000,   548.6500,   570.5500,      27235,       1202,            15258810
VSWS,B,20260805,544363,,Union Gold ETF,   140.4500,   142.0700,   140.4500,   142.0700,       1013,          5,              143093
VSWS,B,20260805,544364,,Indef Manufacturing,   235.0000,   235.0000,   231.0000,   231.0000,        231,         46,               53847
VSWS,B,20260805,544365,,Shanmuga Hospital,    45.5000,    52.1800,    45.5000,    49.5900,      38000,         18,             1884240
VSWS,B,20260805,544367,,Quality Power Electr,  1138.0000,  1150.0000,  1115.0000,  1131.5500,       3684,        266,             4169474
VSWS,B,20260805,544368,,Swasth Foodtech Indi,    17.0000,    17.0000,    16.8000,    16.9800,       4800,          3,               81312
VSWS,B,20260805,544369,,Beezaasan Explotech,   406.0000,   410.0000,   401.0500,   409.6500,      24000,         24,             9770760
VSWS,B,20260805,544371,,Vikram Aroma,    71.6000,    71.6000,    69.0200,    69.1100,       1643,         37,              114223
VSWS,B,20260805,544372,,Shreenath Paper Prod,    13.0200,    13.4000,    12.4600,    13.1900,      21000,          7,              273300
VSWS,B,20260805,544373,,NAPS Global India,    44.0000,    44.0000,    43.0000,    43.0000,       3200,          2,              139200
VSWS,B,20260805,544375,,360 One Gold ETF,   138.3600,   141.3200,   138.3500,   140.9600,       3137,         86,              439050
VSWS,B,20260805,544376,,Mirae Asset BSE Sele,    47.9000,    48.0000,    47.8500,    48.0000,        793,         12,               37994
VSWS,B,20260805,544377,,Mirae Asset BSE 200,    14.0900,    14.1300,    14.0600,    14.0900,       1487,         12,               20946
VSWS,B,20260805,544379,,Prabha Energy,   162.0000,   162.0000,   154.3000,   156.2000,        321,         11,               49927
VSWS,B,20260805,544382,,Axis Nifty500 Value,    33.5900,    33.5900,    33.1100,    33.1600,      25097,         31,              837043
VSWS,B,20260805,544383,,Paradeep Parivahan,   234.9500,   235.4000,   229.5000,   234.9500,      26400,         20,             6155700
VSWS,B,20260805,544384,,Zerodha Silver ETF,    21.9500,    22.6700,    21.9500,    22.5900,    1356569,        931,            30523439
VSWS,B,20260805,544385,,SBI BSE PSU Bank ETF,    47.8700,    49.8100,    47.8700,    48.9800,       2338,         55,              115400
VSWS,B,20260805,544386,,Spectrum Electrical,  2594.3500,  2594.3500,  2498.4000,  2525.5500,        646,         92,             1638704
VSWS,B,20260805,544387,,Desco Infratech,   184.0000,   188.0000,   182.0000,   187.6500,      13000,         25,             2395725
VSWS,B,20260805,544389,,360 One Silver ETF,   216.2500,   220.0800,   216.0200,   219.5300,       3805,         60,              831335
VSWS,B,20260805,544390,,Siemens Energy India,  3333.8500,  3364.9000,  3260.0000,  3288.4500,      23145,       2709,            76306342
VSWS,B,20260805,544391,,Retaggio Industries,    48.8200,    48.8200,    48.8200,    48.8200,       3000,          1,              146460
VSWS,B,20260805,544394,,Icici Pru Nfty Ev &,    33.5900,    34.9900,    33.5800,    34.6500,       7812,        117,              264917
VSWS,B,20260805,544395,,STL Networks,    24.3600,    24.6600,    24.0000,    24.1500,      41467,        118,             1005060
VSWS,B,20260805,544396,,Network People Serv,  1523.0000,  1555.0000,  1507.3000,  1545.1000,        772,         86,             1180056
VSWS,B,20260805,544397,,Ather Energy,  1468.9500,  1477.9000,  1405.0000,  1471.5000,     600596,      21787,           867974655
VSWS,B,20260805,544399,,Srigee Dlm,    76.0000,    76.5000,    76.0000,    76.5000,       3600,          3,              274200
VSWS,B,20260805,544400,,Manoj Jewellers,    29.8900,    29.8900,    27.0200,    28.4800,      22000,         10,              620560
VSWS,B,20260805,544401,,Mirae Asset Nifty50,   341.3800,   341.7000,   341.0600,   341.0600,       1982,          6,              677243
VSWS,B,20260805,544402,,Jash Engineering,   494.8000,   517.0500,   492.1000,   493.5000,       4294,        195,             2137449
VSWS,B,20260805,544403,,Aditya Birla Lifesty,    95.3400,    95.8900,    94.0300,    94.3600,      42284,        450,             4017447
VSWS,B,20260805,544404,,Borana Weaves,   315.2500,   343.3000,   315.2500,   330.0000,       7896,        271,             2572378
VSWS,B,20260805,544405,,Belrise Industries,   241.5000,   244.9500,   240.1000,   241.6000,     167820,       2226,            40689079
VSWS,B,20260805,544406,,Unified Data Tech So,   374.0000,   386.9000,   372.0000,   384.4500,      26000,         49,             9884620
VSWS,B,20260805,544407,,Aegis Vopak Terminal,   294.2000,   298.0000,   280.7000,   283.9500,     150822,       2383,            43719896
VSWS,B,20260805,544408,,Leela Palaces Hotels,   501.9500,   507.0000,   497.0500,   502.4000,      47328,       2283,            23780091
VSWS,B,20260805,544410,,Prostarm Info System,   134.8000,   136.6000,   132.4000,   133.2000,       8754,        170,             1172112
VSWS,B,20260805,544411,,Scoda Tubes,   153.0000,   153.0000,   145.2500,   146.7500,      10922,        217,             1619980
VSWS,B,20260805,544412,,3B Films,    16.6000,    16.6000,    15.6800,    15.6800,     111000,         11,             1781430
VSWS,B,20260805,544413,,Digitide Solutions,    99.9500,   102.4000,    98.4000,    99.5500,      23229,        288,             2340769
VSWS,B,20260805,544414,,Bluspring Enterprise,   114.8000,   116.7500,   111.7000,   115.9000,      16867,        238,             1938142
VSWS,B,20260805,544415,,Nippon India BSE Sen,    43.7600,    43.8800,    43.7400,    43.8800,       1301,         13,               57030
VSWS,B,20260805,544416,,Krishival Foods,   391.0000,   393.2000,   387.7500,   388.0000,        214,         76,               83239
VSWS,B,20260805,544417,,Aten Papers & Foam,    21.7000,    21.7000,    21.5000,    21.7000,       4800,          4,              103800
VSWS,B,20260805,544418,,Oswal Pumps,   328.0500,   335.3000,   322.4000,   325.9500,      42141,        993,            13807881
VSWS,B,20260805,544419,,Arisinfra Solutions,   131.9000,   134.0000,   126.9000,   130.1000,     105753,        899,            13745505
VSWS,B,20260805,544420,,Raymond Realty,   677.0000,   695.7000,   675.0000,   693.1000,      16974,        641,            11608806
VSWS,B,20260805,544421,,Ellenbarrie Industri,   285.7500,   285.9500,   278.3500,   281.3500,      16777,        347,             4730619
VSWS,B,20260805,544422,,Abram Food,    40.9900,    41.1500,    38.9500,    41.0000,      15600,          8,              632556
VSWS,B,20260805,544423,,Kalpataru,   285.0500,   289.3500,   283.0000,   286.6500,       6125,        198,             1747342
VSWS,B,20260805,544424,,Globe Civil Projects,    40.7000,    40.7600,    39.1000,    39.1800,       6004,        431,              237612
VSWS,B,20260805,544425,,AJC Jewel Manufactur,   112.0000,   112.0000,   107.3500,   109.1000,       4800,          4,              527220
VSWS,B,20260805,544426,,Icon Facilitators,    74.9400,    74.9400,    74.9400,    74.9400,       1200,          1,               89928
VSWS,B,20260805,544427,,ICICI Prudential Nif,    10.1400,    10.1900,    10.0800,    10.1300,       8753,         42,               88673
VSWS,B,20260805,544428,,Supertech EV,    38.3700,    38.3700,    34.6100,    35.6200,      19200,         12,              689460
VSWS,B,20260805,544429,,HDB Financial Servic,   678.9000,   686.1500,   674.0000,   675.3500,      16131,       1316,            10985487
VSWS,B,20260805,544430,,Sambhv Steel Tubes,   126.6500,   126.6500,   120.0000,   120.9000,      91711,       1211,            11218537
VSWS,B,20260805,544432,,Indogulf Cropscience,    77.9900,    77.9900,    74.7600,    75.6400,       4836,         63,              363736
VSWS,B,20260805,544433,,Valencia India,    18.0000,    18.0000,    17.7200,    17.7200,       4800,          3,               85764
VSWS,B,20260805,544434,,Neetu Yoshi,   151.5500,   161.2500,   151.5000,   159.9500,      66400,         72,            10366280
VSWS,B,20260805,544435,,Adcounty Media India,    86.0000,    90.3800,    84.5000,    89.4600,      48800,         59,             4265992
VSWS,B,20260805,544436,,Vandan Foods,    23.5000,    23.5000,    23.5000,    23.5000,       1200,          1,               28200
VSWS,B,20260805,544437,,Marc Loire Fashions,    36.0000,    36.0000,    35.0000,    35.0000,       2400,          2,               85200
VSWS,B,20260805,544438,,Mirae Asset Nifty In,    13.9500,    13.9600,    13.8700,    13.9200,       6021,         23,               83718
VSWS,B,20260805,544439,,Crizac,   195.0000,   195.0000,   182.3500,   183.2000,      32260,       1057,             5992998
VSWS,B,20260805,544440,,Cryogenic OGS,   345.0000,   356.9000,   343.5000,   345.0000,      15750,         21,             5517300
VSWS,B,20260805,544441,,Meta Infotech,    98.8400,   100.1000,    95.0000,   100.1000,      80000,         85,             7937152
VSWS,B,20260805,544442,,Chemkart India,   193.0000,   198.0000,   193.0000,   198.0000,       1800,          3,              353370
VSWS,B,20260805,544443,,Travel Food Services,  1347.4500,  1375.0000,  1320.0000,  1345.1500,       3237,        354,             4406121
VSWS,B,20260805,544444,,Glen Industries,   105.4000,   112.4900,   102.6000,   110.5000,     290400,        185,            31391796
VSWS,B,20260805,544445,,Asston Pharmaceutica,    79.0000,    80.0100,    78.0000,    80.0000,      15000,         13,             1191020
VSWS,B,20260805,544446,,Advent Hotels Intl,   148.3500,   148.6000,   143.0500,   146.3000,      20652,        170,             3009801
VSWS,B,20260805,544447,,Smartworks Coworking,   476.8000,   479.2000,   471.9500,   472.2500,       1124,         94,              533137
VSWS,B,20260805,544448,,Pashupati Cotspin,    86.0000,    86.0000,    84.6000,    84.8300,       4820,        655,              411179
VSWS,B,20260805,544449,,Anthem Biosciences,   821.8500,   832.9000,   813.0000,   825.7500,      22385,       1223,            18455288
VSWS,B,20260805,544450,,Chembond Chemicals,   232.3000,   235.0000,   223.0000,   231.5500,        299,         22,               67402
VSWS,B,20260805,544451,,Monika Alcobev,   198.9500,   198.9500,   190.0000,   190.0000,       9200,         22,             1764960
VSWS,B,20260805,544452,,Swastika Castal,    96.3600,    96.3600,    96.2500,    96.3500,       8000,          4,              770620
VSWS,B,20260805,544453,,Monarch Surveyors An,   224.0000,   227.8500,   224.0000,   227.3000,      15000,         16,             3379620
VSWS,B,20260805,544454,,Indiqube Spaces,   174.7500,   174.7500,   170.4500,   173.0000,        170,         19,               29183
VSWS,B,20260805,544455,,GNG Electronics,   507.9000,   533.3000,   482.6000,   529.3500,      88333,       2350,            44392792
VSWS,B,20260805,544456,,R M Drip & Sprinkler,    17.8500,    18.2000,    17.8000,    18.1800,      17023,         74,              304809
VSWS,B,20260805,544457,,Brigade Hotel Ventur,    62.9100,    62.9100,    60.8600,    61.7100,      13421,        393,              827042
VSWS,B,20260805,544458,,Shree Refrigerations,   328.0000,   339.0000,   323.4000,   334.1000,     368500,        598,           122165100
VSWS,B,20260805,544459,,Shanti Gold Internat,   219.2500,   227.0000,   216.2000,   217.0000,      13223,        270,             2894623
VSWS,B,20260805,544460,,Patel Chem Specialit,    91.3000,    91.3000,    91.1500,    91.2400,       9600,          6,              875760
VSWS,B,20260805,544461,,Euro Panel Products,   166.7500,   166.7500,   161.2500,   162.0000,        920,         29,              150057
VSWS,B,20260805,544463,,Repono,    76.0100,    77.0000,    73.2500,    75.0000,      30000,         14,             2261424
VSWS,B,20260805,544465,,Laxmi India Finance,   138.9500,   138.9500,   131.0000,   137.1000,       9255,         66,             1251519
VSWS,B,20260805,544466,,Aditya Infotech,  3549.9500,  3578.5000,  3524.2000,  3554.1000,       7009,       1263,            24855672
VSWS,B,20260805,544467,,National Secu Deposi,   824.0000,   828.0000,   819.7000,   822.2000,     318935,      15113,           262478805
VSWS,B,20260805,544469,,Sri Lotus Developers,   195.5000,   197.9500,   191.6500,   192.2500,      61968,        789,            12021589
VSWS,B,20260805,544470,,M & B Engineering,   294.5000,   298.9000,   286.3000,   288.3500,      36265,        725,            10515179
VSWS,B,20260805,544471,,Takyon Networks,    20.0200,    20.0300,    20.0200,    20.0300,      12000,          6,              240300
VSWS,B,20260805,544472,,Mehul Colours,    55.0000,    56.0000,    53.0100,    53.0100,       4800,          3,              262416
VSWS,B,20260805,544473,,Groww BSE Power ETF,    11.7500,    11.7600,    11.5500,    11.6200,      67699,        235,              784945
VSWS,B,20260805,544475,,Essex Marine,    39.5000,    39.5000,    39.3800,    39.3800,      14000,          7,              551840
VSWS,B,20260805,544476,,Jeena Sikho Lifecare,   574.9000,   589.8000,   574.9000,   579.8500,      23198,        634,            13492790
VSWS,B,20260805,544477,,Highway Infrastructu,    47.7000,    47.7000,    45.5000,    45.5000,       2641,         61,              121255
VSWS,B,20260805,544478,,SBI NIFTY 1DR LiqETF,  1050.4700,  1050.4700,  1050.4700,  1050.4700,        182,          2,              191185
VSWS,B,20260805,544479,,All Time Plastics,   224.3500,   226.1500,   219.4000,   221.8000,       1462,         80,              324903
VSWS,B,20260805,544480,,JSW Cement,   132.1500,   133.0000,   131.3500,   131.9500,     125046,       1652,            16512357
VSWS,B,20260805,544482,,Star Imaging And Pat,    85.0000,    86.0000,    85.0000,    86.0000,       2000,          2,              171000
VSWS,B,20260805,544483,,Icodex Publishing So,    39.0500,    39.3700,    36.5000,    39.3700,      20400,         14,              767328
VSWS,B,20260805,544484,,BlueStone Jewellery,   859.2500,   894.4500,   822.2000,   857.0500,    1588311,      25879,          1392210766
VSWS,B,20260805,544485,,Regaal Resources,    90.4300,    91.0000,    86.1500,    86.7700,       4423,         58,              390721
VSWS,B,20260805,544486,,Zerodha Nfty 8-13 Yr,    30.5400,    30.6000,    30.5400,    30.5400,      72424,          7,             2212039
VSWS,B,20260805,544487,,Patel Retail,   224.6500,   226.2000,   223.0000,   223.8500,       1483,         70,              333206
VSWS,B,20260805,544488,,Vikram Solar,   182.0500,   182.8000,   179.5000,   180.5500,      90695,       1051,            16415502
VSWS,B,20260805,544489,,LGT Global Hospitali,    41.5000,    41.9700,    40.6200,    40.6200,      13200,          7,              539664
VSWS,B,20260805,544490,,Shreeji Shipping Glo,   671.5000,   671.5000,   660.8500,   661.2000,       6574,        145,             4374699
VSWS,B,20260805,544491,,Gem Aromatics,   188.1500,   188.3000,   183.0000,   184.2500,       7302,        207,             1354436
VSWS,B,20260805,544492,,Mangal Electrical In,   285.0000,   289.1000,   276.2000,   279.9000,       1029,        107,              290628
VSWS,B,20260805,544493,,Nippon India Nifty I,   164.4200,   164.4200,   164.4200,   164.4200,          3,          1,                 493
VSWS,B,20260805,544494,,Globtier Infotech,    17.2000,    17.2000,    16.0000,    16.0000,       4800,          3,               78736
VSWS,B,20260805,544495,,NIS Management,    45.4500,    48.1000,    45.4500,    48.1000,       2400,          2,              112260
VSWS,B,20260805,544496,,Vikran Engineering,    72.1300,    73.4800,    72.1300,    72.8700,      76604,        437,             5575372
VSWS,B,20260805,544497,,Anlon Healthcare,    14.5700,    14.6800,    14.4500,    14.5200,     116064,        401,             1690377
VSWS,B,20260805,544498,,Oval Projects Engine,    55.0000,    55.0000,    55.0000,    55.0000,       1600,          1,               88000
VSWS,B,20260805,544499,,Career Point Edutech,   213.0000,   217.9500,   208.1000,   213.7000,       2633,        109,              562391
VSWS,B,20260805,544500,,Abril Paper Tech,    33.2500,    33.2500,    32.0000,    32.6800,      54000,          9,             1751240
VSWS,B,20260805,544501,,SUGS Lloyd,   155.8500,   157.9000,   150.0000,   156.9000,     105000,         84,            16263400
VSWS,B,20260805,544502,,Amanta Healthcare,   166.8000,   173.4500,   166.8000,   173.1500,       3218,         22,              555425
VSWS,B,20260805,544503,,Rachit Prints,   190.0000,   205.0000,   190.0000,   200.0000,       6000,          6,             1172000
VSWS,B,20260805,544504,,Goel Construction Co,   469.7500,   469.7500,   461.0000,   463.0500,       8000,         11,             3731340
VSWS,B,20260805,544505,,Austere Systems,    41.0000,    41.0000,    40.0000,    40.0000,      12000,          6,              482060
VSWS,B,20260805,544506,,Sharvaya Metals,   130.0500,   135.0000,   130.0500,   133.5000,       4800,          8,              641670
VSWS,B,20260805,544507,,Zerodha Nifty Smallc,    11.1900,    11.3600,    11.1500,    11.2800,     222354,        241,             2501489
VSWS,B,20260805,544509,,Krupalu Metals,    27.8500,    28.0000,    27.8500,    27.9900,       4800,          3,              134144
VSWS,B,20260805,544510,,Nilachal Carbo Metal,    76.0000,    78.0000,    76.0000,    77.0000,       3200,          2,              246400
VSWS,B,20260805,544511,,Karbonsteel Engineer,    99.0000,    99.0000,    97.3000,    97.3500,       7200,          9,              706328
VSWS,B,20260805,544512,,Shringar House Of Ma,   235.0000,   236.1000,   230.6000,   232.2500,      17261,        209,             4027289
VSWS,B,20260805,544513,,Dev Accelerator,    34.0000,    34.3600,    33.9600,    33.9600,       2196,         21,               74841
VSWS,B,20260805,544514,,Jay Ambe Supermarket,   108.3500,   108.3500,   107.3000,   107.3000,       3200,          4,              344200
VSWS,B,20260805,544515,,Urban Company,   142.1500,   148.8500,   141.5500,   142.5000,     829092,       4740,           120527553
VSWS,B,20260805,544516,,Airfloa Rail Technol,   313.6000,   318.7500,   312.0000,   314.2500,      28000,         56,             8846350
VSWS,B,20260805,544517,,Shankara Buildpro,  1349.7500,  1366.1000,  1296.2000,  1348.8000,       7342,        780,             9773528
VSWS,B,20260805,544518,,L T Elevator,   305.4000,   305.4000,   305.4000,   305.4000,      36800,         39,            11238720
VSWS,B,20260805,544519,,Euro Pratik Sales,   321.7500,   321.7500,   310.6500,   311.8000,       9747,        427,             3080725
VSWS,B,20260805,544520,,Sampat Aluminium,    39.0000,    39.0000,    38.2200,    38.2200,       2400,          2,               92664
VSWS,B,20260805,544521,,VMS TMT,    45.3500,    45.3500,    44.2100,    44.6000,        996,         14,               44786
VSWS,B,20260805,544522,,A B Cotspin India Lt,   202.0000,   202.0000,   198.3000,   199.0000,         74,         36,               14792
VSWS,B,20260805,544523,,Ivalue Infosolutions,   279.2500,   280.0000,   273.0500,   274.8500,       8116,        344,             2241870
VSWS,B,20260805,544524,,JD Cables,   217.0000,   219.0000,   211.1000,   214.5000,      32800,         38,             7032000
VSWS,B,20260805,544525,,GK Energy,   130.9500,   132.5000,   130.9500,   131.8500,      23842,        379,             3134300
VSWS,B,20260805,544526,,Saatvik Green Energy,   425.5500,   431.6000,   420.0500,   421.9000,       6469,        294,             2744353
VSWS,B,20260805,544527,,Atlanta Electricals,  1648.5000,  1680.5000,  1613.1500,  1635.9500,       6958,        566,            11481454
VSWS,B,20260805,544528,,Ganesh Consumer Prod,   174.2000,   176.9000,   171.0000,   172.4000,       5964,        159,             1036568
VSWS,B,20260805,544529,,Aptus Pharma,   291.3000,   291.3000,   291.3000,   291.3000,      13200,         26,             3845160
VSWS,B,20260805,544530,,Anand Rathi Share An,   518.9500,   520.7500,   513.0000,   515.7500,       8737,        254,             4507911
VSWS,B,20260805,544531,,True Colors,   153.9000,   160.7000,   153.9000,   158.9000,      19800,         29,             3124170
VSWS,B,20260805,544532,,Solarworld Energy So,   169.9000,   173.0000,   167.0500,   168.0000,      32523,        767,             5516468
VSWS,B,20260805,544533,,Seshaasai Technologi,   361.0000,   367.8000,   359.5000,   363.6000,       5867,        336,             2134426
VSWS,B,20260805,544534,,Jaro Inst of Tech Mg,   456.2500,   463.1000,   450.0500,   454.8000,       5247,        180,             2386489
VSWS,B,20260805,544535,,Bharatrohan Airborne,   123.1000,   126.0000,   121.0000,   125.0000,      12800,         16,             1583960
VSWS,B,20260805,544536,,Wealth First Portfol,   928.9000,   928.9000,   928.9000,   928.9000,          1,          1,                 928
VSWS,B,20260805,544537,,Jain Resource Recycl,   326.3500,   327.4000,   321.3000,   322.2500,     105495,       1669,            34094748
VSWS,B,20260805,544538,,Praruh Technologies,    77.3600,    77.3600,    77.1500,    77.1500,       6000,          3,              463320
VSWS,B,20260805,544539,,Solvex Edibles,    20.2800,    20.2800,    20.2800,    20.2800,       3200,          2,               64896
VSWS,B,20260805,544540,,Epack Prefab Technol,   261.5500,   267.0500,   254.7000,   255.8000,      56646,        983,            14881899
VSWS,B,20260805,544541,,Systematic Industrie,   213.0000,   221.5000,   213.0000,   221.1500,      55200,         69,            12011910
VSWS,B,20260805,544543,,BMW Ventures,    56.2100,    58.7400,    56.2100,    57.9000,       5768,        126,              331277
VSWS,B,20260805,544544,,Telge Projects,   171.6500,   171.6500,   162.5000,   162.8500,      16800,         14,             2789400
VSWS,B,20260805,544545,,TruAlt Bioenergy,   436.2500,   468.4000,   429.1000,   460.5500,      36285,       1302,            16481694
VSWS,B,20260805,544546,,Chatterbox Technolog,    52.0000,    52.0000,    52.0000,    52.0000,       3600,          3,              187200
VSWS,B,20260805,544547,,Jinkushal Industries,    96.0200,   101.5000,    96.0200,    99.0000,       1079,         24,              106988
VSWS,B,20260805,544548,,Gujarat Peanut And A,    74.9900,    75.0000,    74.0000,    74.0000,      12800,          8,              950384
VSWS,B,20260805,544550,,Pace Digitek,   200.6500,   206.3000,   196.0000,   201.6000,      90966,        953,            18432526
VSWS,B,20260805,544553,,M P K Steels (I),    90.3000,   104.8000,    90.3000,    96.0000,      17600,         22,             1746680
VSWS,B,20260805,544554,,KVS Castings,    67.4700,    70.8000,    66.0000,    69.7300,      14000,          5,              949340
VSWS,B,20260805,544555,,Ameenji Rubber,   140.0000,   140.0000,   140.0000,   140.0000,       1200,          1,              168000
VSWS,B,20260805,544557,,Glottis,    67.0000,    67.9100,    66.3300,    67.8000,       1325,         25,               88957
VSWS,B,20260805,544558,,Fabtech Technologies,   150.3000,   153.6000,   150.3000,   151.8500,       6620,        132,             1007264
VSWS,B,20260805,544560,,Sodhani Capital,    62.1200,    62.1200,    62.1200,    62.1200,       6000,          1,              372720
VSWS,B,20260805,544561,,Chiraharit,     8.0000,     8.0000,     7.9100,     7.9100,      12000,          2,               95460
VSWS,B,20260805,544562,,Advance Agrolife,   126.0500,   135.0000,   126.0500,   133.8000,      61289,        711,             7971199
VSWS,B,20260805,544563,,Zelio E Mobility,   710.7000,   710.7000,   710.7000,   710.7000,       9000,         15,             6396300
VSWS,B,20260805,544564,,Om Freight Forwarder,    88.8900,    91.7700,    87.0000,    87.0000,       1016,         26,               91686
VSWS,B,20260805,544565,,Valplast Technologie,    39.3000,    39.3000,    36.0000,    37.0000,      20000,         10,              735220
VSWS,B,20260805,544566,,Sunsky Logistics,    40.7900,    42.9000,    38.6800,    42.4700,      13500,          9,              537630
VSWS,B,20260805,544567,,Infinity Infoway,   409.0000,   409.0000,   350.0000,   390.0500,       3600,          9,             1407320
VSWS,B,20260805,544568,,DSM Fresh Foods,    67.0000,    74.2500,    67.0000,    74.0000,      31200,         23,             2285244
VSWS,B,20260805,544569,,Tata Motors,   452.9500,   462.5500,   445.0000,   449.4000,    1518291,      12400,           695914105
VSWS,B,20260805,544570,,WeWork India Managem,   737.0500,   759.6000,   734.5000,   748.9500,       9921,        540,             7452355
VSWS,B,20260805,544572,,SKF India (Industria,  2780.0000,  2803.6500,  2694.6000,  2739.4500,       3597,        375,             9841671
VSWS,B,20260805,544574,,Tata Capital,   364.0000,   375.0000,   359.5000,   372.2500,     149361,       2693,            55061363
VSWS,B,20260805,544575,,Mittal Sections,    27.2200,    27.2400,    27.2200,    27.2400,      28000,         17,              762180
VSWS,B,20260805,544576,,LG Electronics India,  1542.0500,  1581.5500,  1533.8000,  1577.3000,      29960,       2982,            46933975
VSWS,B,20260805,544577,,Worth Peripherals,   154.0000,   156.0000,   150.7500,   150.8500,       1132,         30,              173057
VSWS,B,20260805,544578,,Rubicon Research,  1532.3500,  1584.0000,  1525.2500,  1574.9000,      16579,       1194,            25789025
VSWS,B,20260805,544580,,Canara Robeco Asset,   267.0000,   269.0000,   263.9000,   265.4000,      20614,        825,             5485506
VSWS,B,20260805,544581,,DSP Nifty500 Flexica,    10.6000,    10.6000,    10.2900,    10.3300,       9333,         43,               96421
VSWS,B,20260805,544582,,Shlokka Dyes,    22.1000,    24.3100,    22.1000,    24.3100,      61200,         32,             1455552
VSWS,B,20260805,544583,,Canara HSBC Life Ins,   149.4500,   150.9000,   147.5500,   149.9500,      63523,        538,             9466412
VSWS,B,20260805,544584,,SK Minerals & Additi,   427.0000,   427.0000,   408.0000,   418.0000,      20000,         20,             8281200
VSWS,B,20260805,544586,,Zerodha Nifty 50 ETF,     9.6000,     9.9800,     9.6000,     9.8500,      90014,        294,              887850
VSWS,B,20260805,544587,,Midwest,  1217.0000,  1227.9000,  1200.9000,  1211.9500,        311,         51,              377726
VSWS,B,20260805,544594,,Game Changers Texfab,   105.9500,   113.8000,   105.5000,   113.1500,      51600,         34,             5734560
VSWS,B,20260805,544595,,Orkla India,   582.5500,   590.4500,   567.8500,   571.0000,       5506,        600,             3179862
VSWS,B,20260805,544596,,Safecure Services,    22.9900,    23.3500,    22.1000,    22.7300,       9600,          8,              220128
VSWS,B,20260805,544597,,Piramal Finance,  2049.9500,  2160.1500,  2049.9500,  2133.7000,      14002,        777,            29407829
VSWS,B,20260805,544598,,Accuracy Shipping,     4.9900,     4.9900,     4.8000,     4.8000,       7391,         22,               36376
VSWS,B,20260805,544599,,Studds Accessories,   446.5000,   447.8500,   434.9500,   439.4000,      14788,        240,             6500286
VSWS,B,20260805,544600,,Lenskart Solutions,   570.0000,   574.4500,   565.6500,   572.6000,     263362,       5246,           150234097
VSWS,B,20260805,544601,,Choice Gold ETF,   142.6000,   143.8200,   142.6000,   143.7800,        176,          8,               25232
VSWS,B,20260805,544602,,Allcargo Global,    13.9700,    13.9700,    13.0200,    13.1300,     223578,       1156,             2969611
VSWS,B,20260805,544603,,Billionbrains Garage,   192.2000,   194.3500,   191.5000,   191.8500,    1320373,      12084,           254651706
VSWS,B,20260805,544604,,Mirae Asset Nifty En,    39.1700,    39.2400,    38.8500,    38.9700,      23952,        252,              935236
VSWS,B,20260805,544605,,Mirae Asset Nifty Sm,    18.7000,    18.7000,    18.3400,    18.3900,      40890,         93,              751472
VSWS,B,20260805,544606,,Pine Labs,   151.9000,   151.9000,   146.7500,   147.8500,     656895,       3501,            98165215
VSWS,B,20260805,544607,,Shining Tools,    83.9000,    83.9000,    83.7000,    83.7000,       2400,          2,              201120
VSWS,B,20260805,544608,,Emmvee Photovoltaic,   327.9000,   329.0000,   323.6000,   324.8000,      22181,        886,             7228976
VSWS,B,20260805,544609,,Physicswallah,   127.2000,   129.0500,   125.3000,   128.1500,     138979,       1160,            17672465
VSWS,B,20260805,544610,,Workmates Core2cloud,   325.0000,   329.9500,   325.0000,   325.2500,      16200,         19,             5290530
VSWS,B,20260805,544611,,Mahamaya Lifescience,   175.0000,   180.9000,   174.1000,   174.6000,      38400,         29,             6804840
VSWS,B,20260805,544612,,Tenneco Clean Air In,   556.1000,   584.7000,   549.9000,   580.8500,      61411,       1976,            35174059
VSWS,B,20260805,544613,,Fujiyama Power Syste,   390.6500,   396.7500,   389.4500,   390.2500,      14964,        614,             5889682
VSWS,B,20260805,544614,,Capillary Techno Ind,   538.9500,   597.5000,   537.9500,   575.4500,     435419,      12305,           251098391
VSWS,B,20260805,544615,,KSR Footwear,    29.9500,    29.9500,    28.7500,    29.2500,        602,          3,               17668
VSWS,B,20260805,544616,,Gallard Steel,   162.0000,   162.0000,   162.0000,   162.0000,       1000,          1,              162000
VSWS,B,20260805,544617,,Excelsoft Technologi,    82.6900,    84.5600,    81.9300,    83.9200,      14950,        203,             1244103
VSWS,B,20260805,544618,,Edelweiss BSE Sensex,    80.4300,    80.4300,    79.3600,    79.3600,          5,          4,                 398
VSWS,B,20260805,544619,,Sudeep Pharma,   816.5500,   956.3500,   801.0000,   956.3500,      85940,       4562,            75209130
VSWS,B,20260805,544620,,DSP MSCI India ETF,    30.3200,    30.3200,    30.1500,    30.1500,        339,          2,               10222
VSWS,B,20260805,544621,,SSMD Agrotech India,    60.0000,    60.0000,    60.0000,    60.0000,       3000,          3,              180000
VSWS,B,20260805,544622,,Kwality Wall's (Indi,    32.9900,    33.1700,    32.2400,    32.5200,     253313,       1790,             8264652
VSWS,B,20260805,544624,,K K Silk Mills,     9.8000,     9.8000,     9.7500,     9.7500,       9000,          3,               88050
VSWS,B,20260805,544625,,Logiciel Solutions,    33.2000,    33.2300,    30.7100,    32.0000,       5400,          9,              171282
VSWS,B,20260805,544626,,Exato Technologies,   637.8500,   637.8500,   617.0500,   630.0000,      11500,         23,             7273525
VSWS,B,20260805,544627,,Purple Wave Infocom,   226.0000,   226.0000,   196.1000,   222.9000,      73000,         46,            15443550
VSWS,B,20260805,544628,,Astron Multigrain,    16.8200,    16.8200,    16.8200,    16.8200,       8000,          4,              134560
VSWS,B,20260805,544629,,Ravelcare,   117.2500,   128.5000,   117.2500,   127.8500,      16000,         15,             1972750
VSWS,B,20260805,544631,,Creative Newtech,  1051.7000,  1141.9500,  1050.3500,  1130.3500,      17581,       1390,            19300933
VSWS,B,20260805,544632,,Meesho,   192.8500,   194.0000,   188.6500,   189.7000,     430840,       4986,            82329962
VSWS,B,20260805,544633,,Vidya Wires,    92.1100,    93.2800,    91.5000,    92.4900,      28988,        567,             2679332
VSWS,B,20260805,544634,,Aequs,   233.1000,   246.0000,   231.3000,   238.9500,     304308,       3690,            73139812
VSWS,B,20260805,544635,,Luxury Time,    67.0000,    67.0000,    65.0000,    65.0000,       8000,          5,              525040
VSWS,B,20260805,544636,,Western Overseas Stu,    15.3500,    16.0100,    15.2700,    15.4700,      60000,         27,              935400
VSWS,B,20260805,544637,,Methodhub Software,    68.4400,    69.2500,    66.5000,    67.0600,      55800,         75,             3741234
VSWS,B,20260805,544638,,Bandhan Gold ETF,   147.9800,   147.9800,   142.1200,   144.0200,        257,        146,               37065
VSWS,B,20260805,544639,,Bandhan Silver ETF,   219.0000,   225.0000,   219.0000,   222.4400,       1450,         27,              319861
VSWS,B,20260805,544640,,Riddhi Display Equip,    35.4100,    35.4100,    35.4100,    35.4100,       3600,          3,              127476
VSWS,B,20260805,544642,,Wakefit Innovations,   128.1500,   133.1000,   127.3000,   130.9500,      79933,        556,            10412287
VSWS,B,20260805,544643,,Prodocs Solutions,   169.0000,   169.0000,   169.0000,   169.0000,       1000,          1,              169000
VSWS,B,20260805,544644,,Corona Remedies,  2167.5000,  2169.4500,  2086.4000,  2094.8000,       6229,        750,            13209292
VSWS,B,20260805,544645,,Park Medi World,   284.3000,   289.8500,   282.0000,   284.9500,      53682,        871,            15298151
VSWS,B,20260805,544646,,Shipwaves Online,     3.0000,     3.1400,     2.8700,     3.0300,     140000,         14,              425500
VSWS,B,20260805,544647,,Nephrocare Health Se,   721.8500,   721.8500,   690.9500,   708.3500,      16227,        909,            11439836
VSWS,B,20260805,544648,,Unisem Agritech,    52.0000,    52.0000,    52.0000,    52.0000,       2000,          1,              104000
VSWS,B,20260805,544654,,Dsp Nifty Smallcap 2,    18.4500,    18.4500,    18.4400,    18.4500,        736,          8,               13579
VSWS,B,20260805,544655,,Dsp Nifty Midcap 150,    23.4200,    23.5500,    23.3600,    23.4900,      21924,         17,              512804
VSWS,B,20260805,544656,,HRS Aluglaze,   249.0000,   255.0000,   247.0500,   252.0000,       2400,          6,              605160
VSWS,B,20260805,544657,,Pajson Agro India,   197.0000,   200.0000,   192.0000,   200.0000,       5400,          8,             1060500
VSWS,B,20260805,544658,,ICICI Pru Asset Mgt,  3128.0500,  3128.0500,  3051.2000,  3083.8000,     240829,       1184,           740676588
VSWS,B,20260805,544660,,Mirae Asset Nifty To,     9.1400,     9.1600,     9.1000,     9.1100,      21142,         23,              192875
VSWS,B,20260805,544661,,Mirae Asset B 500 Dv,    36.6300,    36.6300,    36.5000,    36.5000,          7,          4,                 255
VSWS,B,20260805,544662,,Simandhar Impex,   162.8500,   162.8500,   162.8500,   162.8500,          1,          1,                 162
VSWS,B,20260805,544663,,Neptune Logitek,    34.4000,    34.4000,    34.4000,    34.4000,       1000,          1,               34400
VSWS,B,20260805,544664,,KSH International,   908.0500,   922.1000,   895.0000,   906.5500,     165461,       1082,           149539345
VSWS,B,20260805,544665,,Global Ocean Logisti,   122.0000,   122.0000,   122.0000,   122.0000,       1600,          1,              195200
VSWS,B,20260805,544666,,Gujarat Kidney And S,   132.0000,   135.4500,   130.5000,   134.8500,      17195,        797,             2298618
VSWS,B,20260805,544667,,Dachepalli Publisher,    76.0000,    76.0000,    76.0000,    76.0000,       1200,          1,               91200
VSWS,B,20260805,544668,,Nanta Tech,   419.9000,   419.9000,   419.9000,   419.9000,       3600,          6,             1511640
VSWS,B,20260805,544669,,Admach Systems,   382.0000,   390.0000,   380.0000,   380.0000,       2400,          4,              919200
VSWS,B,20260805,544670,,Bai-Kakaji Polymers,   252.2000,   255.0000,   244.0500,   245.9000,      32400,         50,             8082720
VSWS,B,20260805,544671,,Apollo Techno Indust,   104.9500,   126.1500,   104.9500,   126.0000,     178000,        131,            21695240
VSWS,B,20260805,544672,,Wealth Company Gold,   144.5100,   144.5100,   143.3400,   144.2900,        653,         62,               93821
VSWS,B,20260805,544673,,Modern Diagno & Rese,    48.8000,    55.0000,    48.8000,    53.8500,      19200,          8,             1020080
VSWS,B,20260805,544674,,DSP Nifty Next 50 ET,    74.7900,    75.0000,    74.6000,    74.9300,        518,          5,               38707
VSWS,B,20260805,544675,,Gabion Technologies,    83.1000,    83.1000,    81.5000,    81.7000,       9600,          6,              789840
VSWS,B,20260805,544676,,Yajur Fibres,    37.0000,    37.9000,    37.0000,    37.2000,      12000,         14,              447360
VSWS,B,20260805,544678,,Bharat Coking Coal,    34.4000,    34.6100,    34.3100,    34.4100,     607453,       2421,            20912574
VSWS,B,20260805,544679,,Amagi Media Labs,   676.0500,   694.8000,   662.0000,   674.6500,      14336,       1060,             9732978
VSWS,B,20260805,544681,,Indo SMC,   439.4500,   450.0000,   427.0000,   441.0000,      26000,         23,            11455200
VSWS,B,20260805,544683,,Aritas Vinyl,    12.9100,    13.7400,    12.6900,    13.7000,      24000,          8,              315600
VSWS,B,20260805,544684,,Digilogic Systems,   169.9500,   183.0000,   167.2500,   179.3500,     436800,        336,            77226480
VSWS,B,20260805,544685,,Shadowfax Technologi,   251.4000,   253.1000,   242.6000,   243.5500,     242393,       3631,            60266007
VSWS,B,20260805,544686,,Shayona Engineering,   134.1000,   134.1000,   134.0000,   134.0500,       2000,          2,              268100
VSWS,B,20260805,544687,,Hannah Joseph Hospit,   107.2000,   107.2000,   105.0000,   105.0500,      10000,          5,             1062500
VSWS,B,20260805,544693,,Kanishk Aluminium In,    24.2300,    25.5000,    24.2300,    25.5000,      19200,         12,              470576
VSWS,B,20260805,544694,,Accretion Nutraveda,   295.0000,   295.0000,   295.0000,   295.0000,       1000,          1,              295000
VSWS,B,20260805,544695,,MSafe Equipments,   195.0000,   196.0000,   194.0000,   194.0000,      17000,         16,             3308700
VSWS,B,20260805,544699,,Aye Finance,   168.0500,   170.9500,   164.6500,   165.3000,      42813,        563,             7148619
VSWS,B,20260805,544700,,Fractal Analytics,   798.9500,   810.0000,   792.1500,   798.1000,      14078,        945,            11281932
VSWS,B,20260805,544701,,Mirae Ass Nfty 500 H,    21.6900,    21.6900,    21.5900,    21.6800,       3773,         14,               81526
VSWS,B,20260805,544702,,DCM Shriram Internat,    78.0000,    81.9000,    78.0000,    81.5400,       5637,         53,              451841
VSWS,B,20260805,544703,,DCM Shriram Fine Che,    25.4800,    26.5200,    25.4800,    26.5000,       8359,         15,              213258
VSWS,B,20260805,544704,,Mirae A Nifty Ind In,    12.3100,    12.3300,    12.2400,    12.2600,        654,          9,                8020
VSWS,B,20260805,544705,,Mirae Asset BSE (I),    80.6300,    80.6300,    78.8500,    79.0200,       8094,         83,              642486
VSWS,B,20260805,544706,,Aditya Birla Sun Lif,    30.5900,    30.5900,    29.5300,    30.0500,        180,         17,                5363
VSWS,B,20260805,544707,,Fractal Industries,   216.4500,   216.4500,   210.0000,   210.0000,      19200,          6,             4149150
VSWS,B,20260805,544708,,Yashhtej Industries,    60.0000,    63.5000,    60.0000,    62.5000,       9600,          8,              597876
VSWS,B,20260805,544709,,Gaudium IVF And Wome,   129.5000,   130.0500,   129.5000,   129.9500,      72201,        301,             9384302
VSWS,B,20260805,544710,,Accord Transf & Swit,    71.4700,    71.8900,    66.0500,    67.6600,     117000,         39,             8047080
VSWS,B,20260805,544711,,Kiaasa Retail,    32.0000,    33.9000,    32.0000,    32.8200,      17000,         16,              555480
VSWS,B,20260805,544716,,Shree Ram Twistex,    41.0000,    41.0000,    39.9900,    40.4700,       2495,         34,              100339
VSWS,B,20260805,544717,,Clean Max Enviro Ene,  1360.9500,  1400.0000,  1324.0500,  1377.7500,      17462,        949,            23974089
VSWS,B,20260805,544718,,PNGS Reva Diamond Je,   521.8000,   533.0000,   495.7000,   510.0000,      75998,       1842,            39216114
VSWS,B,20260805,544720,,Omnitech Engineering,   619.0000,   730.3500,   593.0000,   730.3500,     915609,      12752,           628366148
VSWS,B,20260805,544721,,Groww BSE Hospitals,    53.7500,    54.8700,    53.3200,    54.4400,      78460,        320,             4261056
VSWS,B,20260805,544722,,SBI Nifty Midcap 150,    63.7200,    63.9700,    63.3100,    63.4600,       8132,         50,              516206
VSWS,B,20260805,544723,,Sedemac Mechatronics,  2849.4000,  2875.0000,  2770.0000,  2846.4000,       3942,        545,            11156728
VSWS,B,20260805,544724,,Elfin Agro India,    85.0000,    85.0000,    81.2000,    81.2000,       6000,          2,              498600
VSWS,B,20260805,544725,,DSP BSE Top 10 Banks,    17.1500,    17.3000,    16.9700,    17.3000,        352,         19,                6011
VSWS,B,20260805,544726,,Kotyark Industries,    39.3300,    39.3300,    37.9900,    39.3300,     207141,        461,             8133313
VSWS,B,20260805,544731,,Rajputana Stainless,   145.0000,   155.2000,   142.2500,   150.5000,      71100,       1307,            10672913
VSWS,B,20260805,544732,,Innovision,   286.7500,   288.1500,   285.1000,   286.8000,        646,         47,              184629
VSWS,B,20260805,544733,,GSP Crop Science,   594.3000,   598.7000,   588.8500,   592.9000,      12572,        540,             7474760
VSWS,B,20260805,544735,,Novus Loyalty,   136.9500,   146.9000,   136.9500,   143.4000,     249000,         79,            36276600
VSWS,B,20260805,544736,,HSBC Gold ETF,   125.2100,   125.5000,   125.2100,   125.5000,        713,         31,               89357
VSWS,B,20260805,544737,,Mirae Asst Nifty 50,    16.4300,    16.4600,    16.4300,    16.4600,       5115,          6,               84042
VSWS,B,20260805,544738,,Speciality Medicines,   180.0000,   180.0000,   175.0000,   175.0000,       7000,          6,             1239950
VSWS,B,20260805,544739,,Central Mine Plannin,   248.3000,   249.2000,   242.8500,   243.3500,      79505,       1226,            19532439
VSWS,B,20260805,544740,,Tipco Engineering In,   171.8000,   172.0000,   167.6000,   169.7000,      32000,         20,             5434000
VSWS,B,20260805,544741,,Highness Microelectr,   176.2500,   176.2500,   176.2500,   176.2500,       1200,          1,              211500
VSWS,B,20260805,544742,,Sai Parenteral's,   534.0000,   534.0000,   513.0000,   518.4500,       9874,        668,             5175098
VSWS,B,20260805,544743,,Amir Chand Jagdish K,   195.0500,   204.5000,   195.0500,   200.6500,      16086,        343,             3206927
VSWS,B,20260805,544744,,Powerica,   534.0000,   549.0000,   522.1500,   549.0000,      39091,       1747,            21261834
VSWS,B,20260805,544745,,SBI Nfty Midcap 150,    23.6000,    23.8500,    23.3600,    23.5500,       1081,         22,               25416
VSWS,B,20260805,544746,,Safety Controls & De,    70.0000,    72.0000,    69.5500,    72.0000,       9600,          6,              677360
VSWS,B,20260805,544747,,Emiac Technologies,    94.0000,    94.0000,    92.5000,    92.7500,      34800,          7,             3252540
VSWS,B,20260805,544748,,One Point One Soluti,    56.9300,    57.8100,    56.2500,    57.2300,      33620,        341,             1911847
VSWS,B,20260805,544750,,Om Power Transmissio,   168.0500,   172.4500,   168.0500,   169.0000,      14364,        208,             2437420
VSWS,B,20260805,544751,,Mehul Telecom,    95.0000,    95.0000,    93.5000,    94.4500,     103200,         12,             9743400
VSWS,B,20260805,544754,,OnEMI Technology Sol,   308.0000,   309.6000,   300.9000,   307.7000,     133026,       3650,            40707265
VSWS,B,20260805,544755,,Recode Studios,   228.9000,   229.0000,   224.3500,   226.5000,      12000,         13,             2729520
VSWS,B,20260805,544756,,United Polyfab Gujar,    29.8000,    30.9500,    29.4200,    29.5000,       7485,         43,              220876
VSWS,B,20260805,544757,,Bombay Super Hybrid,    88.0000,    89.4000,    88.0000,    89.4000,        101,          2,                8889
VSWS,B,20260805,544759,,Goldline Pharmaceuti,    40.0000,    40.0000,    39.0000,    39.0000,      18000,          6,              708780
VSWS,B,20260805,544760,,DSP Nifty FMCG ETF,    49.5200,    49.6400,    49.2800,    49.2800,        962,         15,               47523
VSWS,B,20260805,544762,,SBI Nifty200 Valu 30,    15.1600,    15.1600,    15.1400,    15.1400,          6,          4,                  90
VSWS,B,20260805,544763,,Sbi Nifty SMLCAP 250,    18.6300,    18.6300,    18.2300,    18.3300,      84553,         39,             1546112
VSWS,B,20260805,544764,,Mangalam Worldwide,    41.8900,    43.5900,    40.8100,    42.8400,     167716,        507,             7090245
VSWS,B,20260805,544765,,Vegorama Punjabi Ang,   206.9000,   222.9000,   203.0000,   208.3500,     107200,         64,            22689680
VSWS,B,20260805,544766,,360 One MSCI India E,    10.3500,    10.3500,    10.3300,    10.3300,         21,          3,                 217
VSWS,B,20260805,544768,,M R Maniveni Foods,    32.4000,    32.4000,    30.0000,    30.0000,       4000,          2,              124800
VSWS,B,20260805,544770,,Yaashvi Jewellers,    74.5000,    81.5000,    74.5000,    81.5000,      89600,         47,             7099088
VSWS,B,20260805,544771,,Rajnandini Fashion I,    35.9900,    35.9900,    34.4300,    34.7300,      16000,          8,              563520
VSWS,B,20260805,544772,,Aureate Tradde,    33.0000,    33.3400,    33.0000,    33.3400,      14000,          7,              465380
VSWS,B,20260805,544773,,Merritronix,   337.0000,   372.0000,   337.0000,   366.9500,     160000,        153,            57164500
VSWS,B,20260805,544774,,SMR Jewels,    85.0100,    86.5000,    85.0100,    86.5000,       2000,          2,              171510
VSWS,B,20260805,544777,,CMR Green Technologi,   232.0000,   232.0000,   225.8000,   226.7000,      92890,       1521,            21223816
VSWS,B,20260805,544779,,UHM Vacation,    38.0000,    38.0300,    37.9900,    38.0300,       8800,         10,              334536
VSWS,B,20260805,544780,,Vedanta Aluminium Me,   463.0000,   470.7000,   458.1000,   468.1500,     384295,       8787,           178562841
VSWS,B,20260805,544781,,Vedanta Power,    36.0600,    36.7900,    35.2000,    35.4800,    2473318,      13026,            88521411
VSWS,B,20260805,544782,,Vedanta Oil And Gas,    38.1200,    38.2000,    36.6300,    37.1200,   16307444,      11783,           609408464
VSWS,B,20260805,544783,,E2E Networks,   574.0000,   598.8000,   562.7500,   598.8000,     498292,       9615,           295014928
VSWS,B,20260805,544784,,Vedanta Iron And Ste,    36.2400,    37.0000,    34.6400,    36.5300,    8231762,      16017,           297340177
VSWS,B,20260805,544785,,Hexagon Nutrition,    66.1000,    68.0000,    66.0000,    66.7800,      59218,        300,             3946273
VSWS,B,20260805,544786,,Schneider Elect Pres,  2484.4500,  2557.4500,  2381.7500,  2428.8500,      22160,        685,            55877913
VSWS,B,20260805,544793,,Susan Electricals In,   230.0000,   235.9000,   226.0000,   231.7000,     154000,        141,            35449250
VSWS,B,20260805,544794,,Horizon Reclaim (I),   141.5000,   141.5000,   139.0000,   140.8500,      21600,         16,             3028200
VSWS,B,20260805,544795,,ICICI Pru Nifty Scap,    18.3800,    18.4000,    18.3000,    18.3800,       1081,         14,               19822
VSWS,B,20260805,544796,,Liotech Industries,   118.0000,   118.0000,   109.1000,   110.9500,      16000,         39,             1802460
VSWS,B,20260805,544797,,Leapfrog Engineering,    22.0300,    22.8500,    21.7500,    22.5400,     114000,         19,             2552940
VSWS,B,20260805,544798,,Diksha Polymers,   120.0000,   144.0000,   120.0000,   144.0000,      33600,         22,             4672680
VSWS,B,20260805,544799,,Turtlemint Fintech S,   113.9000,   117.4000,   113.9000,   115.1000,      37865,        570,             4386038
VSWS,B,20260805,544800,,Anubhav Plast,    51.6000,    51.6500,    51.5000,    51.5000,      52800,         11,             2722320
VSWS,B,20260805,544802,,Waterways Leisure To,   820.0000,   837.6500,   817.7000,   830.3000,      10658,        474,             8823396
VSWS,B,20260805,544803,,Advit Jewels,   189.9500,   189.9500,   182.5000,   184.5000,      15747,        317,             2903035
VSWS,B,20260805,544804,,Riyaasat Lifestyle,    61.0000,    61.0000,    61.0000,    61.0000,       1200,          1,               73200
VSWS,B,20260805,544805,,Jivial Industries,    79.0000,    79.0000,    79.0000,    79.0000,       4200,          5,              331800
VSWS,B,20260805,544806,,CSM Technologies,   101.5000,   102.4500,   100.0000,   100.9000,      21814,        234,             2201631
VSWS,B,20260805,544807,,Crazy Snacks,    64.8000,    64.8000,    64.8000,    64.8000,       3000,          1,              194400
VSWS,B,20260805,544808,,Aastha Spintex,    92.0900,    92.1100,    92.0900,    92.1100,     522942,       1007,            48164629
VSWS,B,20260805,544809,,Adon Agro Commoditie,    76.0000,    88.9800,    76.0000,    87.0100,     498000,        112,            42596600
VSWS,B,20260805,544810,,Sampark India Logist,    87.1100,    92.0000,    87.0000,    90.7000,     155200,         26,            13695216
VSWS,B,20260805,544811,,Kratikal Tech,   155.0000,   155.5000,   155.0000,   155.1500,      10000,         10,             1551650
VSWS,B,20260805,544812,,Atharva Poly-Plast,    77.0000,    83.8900,    77.0000,    80.0600,     228000,        101,            18497140
VSWS,B,20260805,544813,,Seemax Resources,    60.6000,    60.6000,    60.6000,    60.6000,       4000,          4,              242400
VSWS,B,20260805,544814,,Knack Packaging,   198.8500,   214.9500,   198.5000,   213.2000,     495339,       3901,           103450180
VSWS,B,20260805,544821,,Kusumgar,   629.3000,   648.7500,   622.8000,   640.2000,      56642,       1619,            36050978
VSWS,B,20260805,544822,,Laser Power & Infra,   289.1500,   301.9500,   289.0000,   290.9500,     222268,       2536,            65475494
VSWS,B,20260805,544823,,Devson Catalyst,   222.0000,   248.6000,   222.0000,   243.1000,     274800,        218,            64931160
VSWS,B,20260805,544825,,Alpine Texworld,    68.0000,    70.0000,    67.5300,    67.8300,      47680,        573,             3274860
VSWS,B,20260805,544826,,Millworks Technologi,   787.4000,   790.0000,   770.0500,   782.4500,      97200,        208,            75602060
VSWS,B,20260805,544827,,Bajaj Finserv BSE To,    21.0000,    21.0100,    20.7900,    20.7900,        110,          5,                2310
VSWS,B,20260805,544829,,SBI Funds Management,   574.0000,   575.0000,   571.0000,   573.8000,     224228,       9718,           128548022
VSWS,B,20260805,544830,,M Asset BSE Mcap 150,    12.9400,    12.9400,    12.8400,    12.8600,      55886,         64,              718614
VSWS,B,20260805,544831,,Meenakshi India,   396.6500,   396.6500,   396.6500,   396.6500,     153967,         64,            61071010
VSWS,B,20260805,544832,,Sotefin Bharat,   204.8000,   211.0000,   202.0000,   208.1500,     111600,        104,            23187180
VSWS,B,20260805,544833,,Caliber Mining And L,   568.7000,   568.7000,   547.3000,   560.0000,     194100,       2440,           108335502
VSWS,B,20260805,544834,,Gulf Lloyds (India),    66.3700,    66.3700,    66.3700,    66.3700,      27600,         16,             1831812
VSWS,B,20260805,544835,,Shree Balaji (Mala),   108.3500,   108.3500,   108.3500,   108.3500,       2000,          1,              216700
VSWS,B,20260805,544837,,INDO-MIM,   770.0000,   826.5500,   761.4000,   802.6000,     556244,      16677,           442701488
VSWS,B,20260805,544838,,Xtranet Technologies,   129.0000,   130.0000,   126.2500,   127.4500,      31894,        448,             4081173
VSWS,B,20260805,544839,,Lohia Corp,   517.9000,   536.2500,   511.2000,   514.7500,      95108,       2167,            49555036
VSWS,B,20260805,544840,,Silverstorm Parks An,   111.0500,   120.0000,   110.1000,   117.5000,      59000,         43,             6912350
VSWS,B,20260805,544841,,Mirae Ass Nft 200 Mo,    10.1000,    10.1200,    10.1000,    10.1200,       1108,          6,               11200
VSWS,B,20260805,544842,,HDFC Nifty Metal ETF,   135.0000,   138.0000,   130.5000,   132.8400,       6570,        104,              865365
VSWS,B,20260805,544843,,Advance Technoforge,    80.6000,    80.6000,    80.6000,    80.6000,       9600,          8,              773760
VSWS,B,20260805,544844,,Poojaa Precision Eng,   490.0000,   504.0000,   477.1000,   495.2000,     541200,       1000,           266479340
VSWS,B,20260805,544845,,ICICI Pru BSE Insura,    16.2800,    16.2800,    15.7800,    16.0100,      11302,         23,              178779
VSWS,B,20260805,544846,,Edelweiss BSE LM,    38.0000,    38.0000,    37.1000,    37.2000,        155,          6,                5767
VSWS,B,20260805,544847,,Manipal Health Enter,   655.0000,   676.0500,   634.5500,   666.7000,    4391132,      86477,          2874289257
VSWS,B,20260805,544848,,H R Hygiene Products,    90.0000,    91.0000,    85.5000,    87.9700,    3529600,        831,           316723520
VSWS,B,20260805,544849,,Edelweiss BSE Top 10,    18.0000,    18.0000,    16.9500,    16.9500,        905,          7,               15353
VSWS,B,20260805,555555,,ICICI Pru BSE Sensex,   903.2000,   907.3500,   899.1600,   902.7200,       1384,         64,             1250627
VSWS,B,20260805,570002,,Future Enter Type B,     2.4500,     2.4500,     2.3400,     2.4500,        808,          6,                1915
VSWS,B,20260805,570004,,Jain Irrigation DVR,    23.1800,    23.1800,    22.5200,    22.6600,        554,          7,               12511
VSWS,B,20260805,570005,,GACM Techno Type B,     0.5300,     0.5300,     0.4900,     0.5200,      31905,         38,               15976
VSWS,B,20260805,590003,,Karur Vysya Bank,   344.0500,   346.2500,   336.6000,   337.5000,      92784,       3925,            31707383
VSWS,B,20260805,590005,,Veedol Corporation,  1454.7000,  1454.7000,  1429.6000,  1438.4000,        618,        120,              890962
VSWS,B,20260805,590006,,Amrutanjan Health Ca,   516.0000,   530.0000,   514.9500,   525.2000,        770,        133,              402681
VSWS,B,20260805,590013,,Xpro India,  1192.5500,  1200.0000,  1101.0000,  1110.4500,      13491,       1117,            15484416
VSWS,B,20260805,590018,,Hisar Metal Indus,   147.0000,   153.0000,   146.0000,   146.0000,        592,         10,               87714
VSWS,B,20260805,590021,,Bharat Rasayan,  1355.6000,  1401.5000,  1347.3000,  1382.8000,       1641,        194,             2256179
VSWS,B,20260805,590024,,Fert & Chem Travan,   842.3000,   852.1500,   837.4500,   840.4000,       7896,        461,             6657811
VSWS,B,20260805,590025,,Ginni Filaments,    46.6500,    46.7200,    45.1500,    45.8000,       3389,         22,              155122
VSWS,B,20260805,590030,,Southern Petrochem,    68.9500,    68.9500,    67.5500,    68.3600,      13927,        194,              949026
VSWS,B,20260805,590031,,De Nora India,   889.0500,   900.8000,   877.0000,   880.7000,        267,         41,              236169
VSWS,B,20260805,590041,,Kavveri Defence & Wi,    57.8000,    58.1800,    57.0200,    57.3600,      12851,        108,              736564
VSWS,B,20260805,590051,,Saksoft,   180.8000,   180.8000,   175.5000,   177.4000,      47865,        531,             8491463
VSWS,B,20260805,590056,,Salona Cotspin,   249.0000,   249.0000,   249.0000,   249.0000,          3,          1,                 747
VSWS,B,20260805,590057,,Equippp Social Impac,    23.9800,    24.6600,    23.2500,    23.3200,       9069,         33,              217957
VSWS,B,20260805,590062,,Andhra Sugars,    88.6500,    88.6500,    86.1900,    86.8600,       9016,        120,              786043
VSWS,B,20260805,590065,,India Motor Parts &,  1108.2000,  1114.0000,  1108.2000,  1114.0000,          5,          4,                5558
VSWS,B,20260805,590066,,K C P,   156.0500,   156.0500,   154.0000,   154.9500,       2679,         73,              414696
VSWS,B,20260805,590068,,Khaitan (India),   144.1500,   160.6000,   140.4500,   154.4000,       4772,        163,              728844
VSWS,B,20260805,590070,,Radaan Mediaworks (I,     3.1600,     3.2800,     3.0700,     3.0900,       5040,         33,               15664
VSWS,B,20260805,590071,,Sundaram Finance,  4865.0500,  4865.0500,  4619.4000,  4679.9500,       1575,        332,             7495151
VSWS,B,20260805,590073,,Wheels (I),  1408.0000,  1450.0000,  1408.0000,  1430.1000,       6707,        366,             9624893
VSWS,B,20260805,590075,,Lambodhara Textile,   114.3500,   114.4500,   114.3500,   114.4500,        402,         23,               45983
VSWS,B,20260805,590078,,Maithan Alloys,   964.5500,   976.2500,   962.2000,   968.9000,       1638,        139,             1584992
VSWS,B,20260805,590086,,Orissa Minerals Deve,  4365.0000,  4492.9000,  4311.8500,  4403.8000,       1474,        276,             6500677
VSWS,B,20260805,590095,,Nippon India ETF Gol,   118.0000,   119.7700,   118.0000,   119.4000,     954791,       5964,           113636589
VSWS,B,20260805,590096,,Nippon INft 1D RLBeE,   999.9900,  1000.0100,   999.9900,  1000.0000,     255136,        760,           255135771
VSWS,B,20260805,590097,,Kotak - Gold ETF,   119.0100,   120.8000,   119.0100,   120.5500,      57764,       1080,             6941872
VSWS,B,20260805,590098,,SBI ETF Gold,   121.0100,   123.5000,   121.0100,   123.3000,     112486,       1521,            13823235
VSWS,B,20260805,590099,,Quantum Gold ETF,   116.2000,   119.9200,   116.2000,   119.6200,       4632,        278,              551832
VSWS,B,20260805,590101,,UTI - Gold ETF,   120.3100,   121.8100,   120.2500,   121.4600,      13824,        690,             1674639
VSWS,B,20260805,590103,,Nippon INft 50 BeES,   278.8700,   281.0000,   278.0000,   279.8300,     303695,       4388,            85114529
VSWS,B,20260805,590104,,Nippon INft N50 JrBe,   800.0000,   809.7700,   800.0000,   805.0100,      10919,        573,             8800136
VSWS,B,20260805,590106,,NipponINft BnkBees,   597.9800,   599.9000,   595.3000,   596.2800,      14809,        524,             8862364
VSWS,B,20260805,590107,,Kotak Nty PSU Bk ETF,    84.2100,    85.9500,    84.2100,    85.0100,      30900,        102,             2640627
VSWS,B,20260805,590108,,Nippon INft PSU BBeE,    95.0000,    95.9700,    95.0000,    95.4100,     172658,        322,            16478794
VSWS,B,20260805,590109,,Nippon INft50 Sha Be,   475.0000,   476.4700,   473.5100,   475.6700,        302,         50,              143394
VSWS,B,20260805,590110,,Quantum Nifty 50 ETF,   271.4000,   271.4000,   270.0000,   270.4000,        469,         14,              126861
VSWS,B,20260805,590113,,Nippon India ETF Hng,   494.5900,   495.1600,   488.0000,   490.2800,       5965,        423,             2933262
VSWS,B,20260805,590115,,Motilal Oswal Nfty,   257.7300,   258.5000,   256.2900,   257.4700,        359,         15,               92212
VSWS,B,20260805,590134,,Madras Fertilizers,    64.2500,    67.8700,    64.2500,    67.0100,       3493,         81,              234362
VSWS,B,20260805,590136,,Kotak Nifty Bank ETF,    59.9000,    60.2400,    58.7500,    59.8600,      56389,        180,             3380225
VSWS,B,20260805,590137,,SBI ETF Nifty Bank,   595.0000,   596.4500,   590.0000,   594.3300,        630,         55,              373948
VSWS,B,20260805,590138,,SBI ETF Nifty 50,   262.7600,   266.8800,   257.0700,   264.2200,      32868,        410,             8708243
VSWS,B,20260805,590139,,Kotak Nifty 1D Rate,  1116.7300,  1116.7400,  1116.7200,  1116.7300,       4867,          8,             5435133
VSWS,B,20260805,590140,,Tata Gold ETF,    13.6500,    14.0700,    13.6500,    14.0300,    3649385,       4297,            51096714
VSWS,B,20260805,590141,,Nippon India ETF Nif,    34.7300,    35.1000,    34.6500,    34.7300,     808699,       1768,            28200310
VSWS,B,20260805,590142,,Nippon Ind NftPh ETF,    27.6500,    27.6500,    27.1400,    27.3600,     353548,       1274,             9642269
VSWS,B,20260805,590143,,Nippon INft 8-13 YGS,    30.0300,    30.0500,    29.9900,    30.0500,      13876,         67,              416642
VSWS,B,20260805,590144,,Nippon India ETF Nif,   239.2600,   243.1900,   239.2600,   242.0000,      26623,        651,             6449019
VSWS,B,20260805,590145,,Nippon India Silver,   207.9400,   214.0000,   207.9400,   213.3900,     889779,       5004,           189003442
VSWS,B,20260805,590146,,MOswal Gold ETF,   139.6000,   143.5800,   139.6000,   142.9900,       2334,        306,              331351
VSWS,B,20260805,590147,,MOswal Silver ETF,   217.8300,   221.6000,   217.8300,   221.5500,        452,         15,               98916
VSWS,B,20260805,590148,,MO Nfty Scap 250 ETF,    18.0100,    18.4900,    18.0100,    18.4400,     287769,        206,             5309726
VSWS,B,20260805,590149,,Motilal Oswa Nifty C,    52.7600,    53.9900,    51.6800,    52.8400,      37090,        335,             1960060
VSWS,B,20260805,590150,,MO Nifty Realty ETF,    90.7000,    91.5300,    90.1500,    90.7000,      38002,        196,             3457944
VSWS,B,20260805,590151,,M Oswal Nifty 500 M,    53.7100,    53.8700,    53.5200,    53.7100,      19308,        122,             1035328
VSWS,B,20260805,590152,,M Oswal Nifty I Defe,   104.1500,   104.1500,   102.8000,   103.0400,      47371,        478,             4902695
VSWS,B,20260805,590153,,Motilal Oswal Nifty,    24.3000,    24.3600,    24.1700,    24.1700,       5567,         70,              135128
VSWS,B,20260805,590154,,Kotak Nifty Alpha 50,    51.6500,    53.2700,    51.6500,    53.2000,      43697,        196,             2320217
VSWS,B,20260805,590155,,Groww Silver ETF,    21.5900,    21.9200,    21.5000,    21.8800,      98972,        204,             2150549
VSWS,B,20260805,590156,,Groww Gold ETF,    13.9800,    14.1600,    13.9700,    14.1500,      26490,        344,              372877
VSWS,B,20260805,590157,,Groww Nifty India De,    94.3100,    95.0000,    93.3200,    94.2000,       7729,        147,              727764
VSWS,B,20260805,590158,,Groww Nfty I Railway,    29.6500,    29.6500,    29.2700,    29.5400,      39511,        176,             1161075
VSWS,B,20260805,590159,,Groww Nifty 1D Rate,   110.2000,   110.2000,   110.2000,   110.2000,         27,          1,                2975
VSWS,B,20260805,590160,,Tata Nifty 50 ETF,   267.8000,   267.8000,   259.8900,   259.8900,        280,          6,               74200
VSWS,B,20260805,590161,,Tata Silver ETF,    20.5300,    21.7600,    20.5300,    21.7000,    1623404,       2256,            35023977
VSWS,N,20260805,NIX000000011,IX,INDIA VIX,12.1900,12.6700,10.8100,12.0600,0,0,0
VSWS,N,20260805,NIX000000008,IX,NIFTY 100,25794.3000,25801.4500,25622.8500,25744.0500,0,0,0
VSWS,N,20260805,NIX000000025,IX,NIFTY 200,14284.6500,14287.0000,14190.5500,14251.3500,0,0,0
VSWS,N,20260805,NIX000000001,IX,NIFTY 50,24669.2000,24677.6000,24497.9500,24624.6500,4723340707,37496861,1311341463621
VSWS,N,20260805,NIX000000005,IX,NIFTY 500,23779.3500,23782.7000,23643.3000,23735.5500,0,0,0
VSWS,N,20260805,NIX000000045,IX,NIFTY ALPHA 50,55651.7000,55735.9000,55339.0000,55719.8000,0,0,0
VSWS,N,20260805,NIX000000052,IX,NIFTY ALPHALOWVOL,27717.9500,27718.1000,27465.3500,27670.6000,0,0,0
VSWS,N,20260805,NIX000000084,IX,NIFTY AQL 30,23408.7000,23408.7000,23228.0500,23366.4000,0,0,0
VSWS,N,20260805,NIX000000085,IX,NIFTY AQLV 30,20717.8000,20730.8000,20557.0500,20730.8000,0,0,0
VSWS,N,20260805,NIX000000021,IX,NIFTY AUTO,29231.3000,29489.2000,29113.1000,29411.5500,0,0,0
VSWS,N,20260805,NIX000000007,IX,NIFTY BANK,57810.0500,57931.8500,57456.3500,57739.9500,0,0,0
VSWS,N,20260805,NIX000000079,IX,NIFTY CAPITAL MKT,5316.0000,5316.0000,5230.2500,5251.2500,0,0,0
VSWS,N,20260805,NIX000000136,IX,NIFTY CEMENT,15519.7500,15699.7500,15430.5000,15562.8000,0,0,0
VSWS,N,20260805,NIX000000125,IX,NIFTY CHEMICALS,30638.8000,30661.1000,30244.5000,30396.8000,0,0,0
VSWS,N,20260805,NIX000000027,IX,NIFTY COMMODITIES,9980.9000,10004.4500,9928.3500,10004.0000,0,0,0
VSWS,N,20260805,NIX000000056,IX,NIFTY CONSR DURBL,40282.2000,40473.9500,40131.2000,40258.4000,0,0,0
VSWS,N,20260805,NIX000000028,IX,NIFTY CONSUMPTION,12271.6500,12271.6500,12175.6000,12222.7000,0,0,0
VSWS,N,20260805,NIX000000102,IX,NIFTY COREHOUSING,16065.3500,16233.5500,16024.9000,16130.3500,0,0,0
VSWS,N,20260805,NIX000000089,IX,NIFTY CORP MAATR,39933.4000,39967.4500,39675.6000,39839.9000,0,0,0
VSWS,N,20260805,NIX000000032,IX,NIFTY CPSE,6555.0500,6559.4000,6472.8000,6526.2500,0,0,0
VSWS,N,20260805,NIX000000026,IX,NIFTY DIV OPPS 50,6048.2000,6050.2500,6014.9500,6050.2500,0,0,0
VSWS,N,20260805,NIX000000014,IX,NIFTY ENERGY,39038.4000,39056.4500,38631.3000,38830.0500,0,0,0
VSWS,N,20260805,NIX000000086,IX,NIFTY EV,3331.7500,3363.4000,3326.3000,3350.1500,0,0,0
VSWS,N,20260805,NIX000000029,IX,NIFTY FIN SERVICE,26857.7000,26925.9000,26659.6000,26843.9000,0,0,0
VSWS,N,20260805,NIX000000103,IX,NIFTY FINSEREXBNK,33267.4000,33296.5000,32989.6000,33155.3000,0,0,0
VSWS,N,20260805,NIX000000051,IX,NIFTY FINSRV25 50,29331.8500,29386.2500,29090.9000,29271.0000,0,0,0
VSWS,N,20260805,NIX000000015,IX,NIFTY FMCG,49474.7500,49544.1500,49172.6000,49383.5000,0,0,0
VSWS,N,20260805,NIX000000122,IX,NIFTY FPI 150,1600.0500,1600.2000,1588.7000,1595.6500,0,0,0
VSWS,N,20260805,NIX000000033,IX,NIFTY GROWSECT 15,11829.0000,11829.0000,11747.1000,11783.6000,0,0,0
VSWS,N,20260805,NIX000000055,IX,NIFTY HEALTHCARE,16775.8000,16775.8000,16577.5500,16709.9000,0,0,0
VSWS,N,20260805,NIX000000087,IX,NIFTY HIGHBETA 50,4503.1000,4525.0500,4487.8500,4501.6000,0,0,0
VSWS,N,20260805,NIX000000104,IX,NIFTY HOUSING,12126.3500,12165.4000,12102.3000,12160.5500,0,0,0
VSWS,N,20260805,NIX000000077,IX,NIFTY IND DEFENCE,9460.4500,9494.5000,9357.4000,9396.2000,0,0,0
VSWS,N,20260805,NIX000000066,IX,NIFTY IND DIGITAL,8751.5000,8752.1000,8647.0000,8675.9500,0,0,0
VSWS,N,20260805,NIX000000078,IX,NIFTY IND TOURISM,8150.8500,8188.4500,8117.2000,8160.8000,0,0,0
VSWS,N,20260805,NIX000000062,IX,NIFTY INDIA MFG,16577.1000,16592.0500,16521.8500,16591.5500,0,0,0
VSWS,N,20260805,NIX000000013,IX,NIFTY INFRA,9497.7500,9509.1500,9401.2000,9452.7500,0,0,0
VSWS,N,20260805,NIX000000127,IX,NIFTY INFRALOG,12281.1000,12307.1500,12199.6500,12245.4500,0,0,0
VSWS,N,20260805,NIX000000124,IX,NIFTY INTERNET,1399.9500,1400.3500,1387.3000,1389.9500,0,0,0
VSWS,N,20260805,NIX000000105,IX,NIFTY IPO,2316.7000,2332.9000,2312.1500,2329.5000,0,0,0
VSWS,N,20260805,NIX000000002,IX,NIFTY IT,31578.0000,31603.3000,31237.1000,31404.0500,0,0,0
VSWS,N,20260805,NIX000000059,IX,NIFTY LARGEMID250,17021.1000,17021.8500,16916.9000,16977.9500,0,0,0
VSWS,N,20260805,NIX000000090,IX,NIFTY LOW VOL 50,25344.0000,25344.0000,25203.1000,25304.0500,0,0,0
VSWS,N,20260805,NIX000000061,IX,NIFTY M150 QLTY50,24860.5500,24876.6000,24754.0500,24859.0000,0,0,0
VSWS,N,20260805,NIX000000023,IX,NIFTY MEDIA,1606.4500,1619.5000,1568.4500,1575.1500,0,0,0
VSWS,N,20260805,NIX000000022,IX,NIFTY METAL,13110.8000,13257.6500,13010.0000,13256.3500,0,0,0
VSWS,N,20260805,NIX000000065,IX,NIFTY MICROCAP250,25797.1000,25978.5000,25786.7500,25956.7000,0,0,0
VSWS,N,20260805,NIX000000039,IX,NIFTY MIDCAP LIQUID 15,17112.9500,17112.9500,16977.5500,17026.6000,0,0,0
VSWS,N,20260805,NIX000000063,IX,NIFTY MID SELECT,14954.0000,14954.0000,14841.7500,14880.3000,0,0,0
VSWS,N,20260805,NIX000000006,IX,NIFTY MIDCAP 100,63852.1500,63852.1500,63442.6500,63605.2500,0,0,0
VSWS,N,20260805,NIX000000046,IX,NIFTY MIDCAP 150,23476.7500,23479.7000,23344.4000,23403.4500,0,0,0
VSWS,N,20260805,NIX000000010,IX,NIFTY MIDCAP 50,18323.8000,18324.4500,18179.3500,18218.4500,0,0,0
VSWS,N,20260805,NIX000000135,IX,NIFTY MIDSMALL 50 50,21030.1000,21069.6000,20968.5000,21010.8500,0,0,0
VSWS,N,20260805,NIX000000049,IX,NIFTY MIDSML 400,21591.6000,21620.1500,21510.2500,21556.7500,0,0,0
VSWS,N,20260805,NIX000000070,IX,NIFTY MIDSML HLTH,52014.7000,52080.8000,51543.2000,52025.8500,0,0,0
VSWS,N,20260805,NIX000000016,IX,NIFTY MNC,33552.0000,33655.0500,33417.5500,33586.2500,0,0,0
VSWS,N,20260805,NIX000000091,IX,NIFTY MOBILITY,23855.6000,23977.0500,23767.7500,23883.1500,0,0,0
VSWS,N,20260805,NIX000000106,IX,NIFTY MS FIN SERV,22608.5500,22616.7000,22366.1000,22423.7000,0,0,0
VSWS,N,20260805,NIX000000107,IX,NIFTY MS IND CONS,19166.6500,19203.0000,19075.0000,19112.5500,0,0,0
VSWS,N,20260805,NIX000000108,IX,NIFTY MS IT TELCM,9854.7000,9888.8000,9820.2000,9840.3000,0,0,0
VSWS,N,20260805,NIX000000072,IX,NIFTY MULTI INFRA,14821.2500,14835.5000,14722.9500,14771.0000,0,0,0
VSWS,N,20260805,NIX000000071,IX,NIFTY MULTI MFG,16980.1500,17005.1500,16928.5500,16997.8500,0,0,0
VSWS,N,20260805,NIX000000099,IX,NIFTY MULTI MQ 50,41515.9500,41515.9500,41153.0500,41305.0000,0,0,0
VSWS,N,20260805,NIX000000088,IX,NIFTY NEW CONSUMP,12238.9000,12251.7500,12173.7000,12208.6500,0,0,0
VSWS,N,20260805,NIX000000003,IX,NIFTY NEXT 50,74661.3500,74860.1000,74254.6500,74469.9500,0,0,0
VSWS,N,20260805,NIX000000109,IX,NIFTY NONCYC CONS,15809.8500,15809.8500,15655.8500,15703.2000,0,0,0
VSWS,N,20260805,NIX000000057,IX,NIFTY OIL AND GAS,11308.1000,11321.9500,11163.2000,11216.0500,0,0,0
VSWS,N,20260805,NIX000000017,IX,NIFTY PHARMA,26657.3000,26659.6000,26367.1000,26563.5500,0,0,0
VSWS,N,20260805,NIX000000018,IX,NIFTY PSE,9982.9000,9985.6000,9881.4000,9951.4500,0,0,0
VSWS,N,20260805,NIX000000019,IX,NIFTY PSU BANK,8517.5000,8597.8500,8495.0000,8541.3000,0,0,0
VSWS,N,20260805,NIX000000041,IX,NIFTY PRIVATE BANK,27779.7000,27840.0000,27569.0500,27744.2500,0,0,0
VSWS,N,20260805,NIX000000092,IX,NIFTY QLTY LV 30,17102.2500,17102.2500,16974.1500,17060.0000,0,0,0
VSWS,N,20260805,NIX000000133,IX,NIFTY RAILWAYSPSU,2913.6500,2929.2000,2888.6000,2899.4000,0,0,0
VSWS,N,20260805,NIX000000012,IX,NIFTY REALTY,898.9500,915.1000,898.2500,898.7000,0,0,0
VSWS,N,20260805,NIX000000138,IX,NIFTY REITS REALTY,1947.9500,1961.1500,1943.6000,1943.8000,0,0,0
VSWS,N,20260805,NIX000000110,IX,NIFTY RURAL,15944.7500,15951.8500,15867.3500,15941.5500,0,0,0
VSWS,N,20260805,NIX000000020,IX,NIFTY SERV SECTOR,31674.6500,31674.6500,31373.4500,31559.7000,0,0,0
VSWS,N,20260805,NIX000000111,IX,NIFTY SHARIAH 25,8222.5500,8224.0500,8173.8000,8203.6500,0,0,0
VSWS,N,20260805,NIX000000137,IX,NIFTY SMALLCAP 500,20785.5500,20871.3500,20765.1500,20839.5500,0,0,0
VSWS,N,20260805,NIX000000123,IX,NIFTY SME EMERGE,14054.7500,14157.4000,14053.0500,14136.1500,0,0,0
VSWS,N,20260805,NIX000000093,IX,NIFTY SML250 Q50,25770.0000,25901.4500,25737.2000,25773.4000,0,0,0
VSWS,N,20260805,NIX000000024,IX,NIFTY SMLCAP 100,19729.8000,19823.6500,19710.4000,19783.7000,0,0,0
VSWS,N,20260805,NIX000000048,IX,NIFTY SMLCAP 250,18298.3000,18366.9000,18274.7500,18321.9500,0,0,0
VSWS,N,20260805,NIX000000047,IX,NIFTY SMLCAP 50,9792.5000,9866.4000,9788.7500,9843.1500,0,0,0
VSWS,N,20260805,NIX000000069,IX,NIFTY TATA 25 CAP,14943.4000,14946.3000,14813.7500,14884.9500,0,0,0
VSWS,N,20260805,NIX000000121,IX,NIFTY TMMQ 50,44102.7000,44102.7000,43804.7500,44029.8500,0,0,0
VSWS,N,20260805,NIX000000083,IX,NIFTY TOP 10 EW,8819.6500,8824.5500,8724.4500,8775.5500,0,0,0
VSWS,N,20260805,NIX000000094,IX,NIFTY TOP 15 EW,10092.1500,10093.2500,10010.3000,10065.5000,0,0,0
VSWS,N,20260805,NIX000000101,IX,NIFTY TOP 20 EW,9092.9500,9093.4500,9017.9500,9063.2500,0,0,0
VSWS,N,20260805,NIX000000064,IX,NIFTY TOTAL MKT,13416.2000,13418.0500,13344.9000,13396.2500,0,0,0
VSWS,N,20260805,NIX000000112,IX,NIFTY TRANS LOGIS,26694.4000,26844.2500,26587.8000,26727.6000,0,0,0
VSWS,N,20260805,NIX000000126,IX,NIFTY WAVES,1956.1500,1970.6500,1946.6000,1950.7000,0,0,0
VSWS,N,20260805,NIX000000095,IX,NIFTY100 ALPHA 30,18416.9500,18473.2000,18327.1000,18473.2000,0,0,0
VSWS,N,20260805,NIX000000096,IX,NIFTY100 ENH ESG,5204.1500,5204.1500,5166.0000,5190.6500,0,0,0
VSWS,N,20260805,NIX000000043,IX,NIFTY100 EQL WGT,35682.7000,35705.9500,35494.7000,35637.9500,0,0,0
VSWS,N,20260805,NIX000000060,IX,NIFTY100 ESG,5169.2000,5169.2000,5131.3000,5155.6500,0,0,0
VSWS,N,20260805,NIX000000031,IX,NIFTY100 LIQ 15,7723.6500,7727.2000,7654.5500,7709.5500,0,0,0
VSWS,N,20260805,NIX000000044,IX,NIFTY100 LOWVOL30,20793.4500,20794.1000,20655.3500,20744.0500,0,0,0
VSWS,N,20260805,NIX000000040,IX,NIFTY100 QUALTY30,5766.7000,5766.7000,5733.9000,5757.4000,0,0,0
VSWS,N,20260805,NIX000000054,IX,NIFTY100ESGSECLDR,4156.8500,4157.2500,4122.7000,4145.1000,0,0,0
VSWS,N,20260805,NIX000000067,IX,NIFTY200 ALPHA 30,26697.3500,26697.3500,26469.5000,26610.1000,0,0,0
VSWS,N,20260805,NIX000000050,IX,NIFTY200 QUALTY30,20912.4500,20912.4500,20785.5500,20879.9500,0,0,0
VSWS,N,20260805,NIX000000097,IX,NIFTY200 VALUE 30,15326.6000,15334.4500,15238.7500,15334.4500,0,0,0
VSWS,N,20260805,NIX000000053,IX,NIFTY200MOMENTM30,31145.9000,31148.6000,30872.4000,31074.1000,0,0,0
VSWS,N,20260805,NIX000000042,IX,NIFTY50 EQL WGT,33893.5000,33893.5000,33695.3000,33861.5000,0,0,0
VSWS,N,20260805,NIX000000035,IX,NIFTY50 PR 1X INV,215.0000,216.5000,215.0000,215.4000,0,0,0
VSWS,N,20260805,NIX000000034,IX,NIFTY50 PR 2X LEV,12521.1000,12521.1000,12347.9000,12475.9500,0,0,0
VSWS,N,20260805,NIX000000113,IX,NIFTY50 SHARIAH,4449.0500,4449.0500,4410.6500,4433.8500,0,0,0
VSWS,N,20260805,NIX000000037,IX,NIFTY50 TR 1X INV,174.5500,175.7500,174.5500,174.8500,0,0,0
VSWS,N,20260805,NIX000000036,IX,NIFTY50 TR 2X LEV,19067.3500,19067.3500,18803.6000,18998.6000,0,0,0
VSWS,N,20260805,NIX000000119,IX,NIFTY50 USD,8941.6000,9024.0000,8916.4500,8968.7000,0,0,0
VSWS,N,20260805,NIX000000038,IX,NIFTY50 VALUE 20,12108.5500,12117.2000,12025.3500,12090.3000,0,0,0
VSWS,N,20260805,NIX000000098,IX,NIFTY500 EW,15204.3500,15237.7500,15157.3000,15190.2000,0,0,0
VSWS,N,20260805,NIX000000120,IX,NIFTY500 FLEXICAP,10287.8500,10300.5500,10247.9000,10266.9000,0,0,0
VSWS,N,20260805,NIX000000128,IX,NIFTY500 HEALTH,21720.7500,21720.7500,21495.7500,21653.1000,0,0,0
VSWS,N,20260805,NIX000000114,IX,NIFTY500 LMS EQL,18791.0000,18807.7000,18712.9000,18767.3500,0,0,0
VSWS,N,20260805,NIX000000117,IX,NIFTY500 LOWVOL50,22974.9000,22974.9000,22809.5500,22899.7000,0,0,0
VSWS,N,20260805,NIX000000118,IX,NIFTY500 MQVLV50,31644.5000,31644.5000,31436.0500,31542.8500,0,0,0
VSWS,N,20260805,NIX000000058,IX,NIFTY500 MULTICAP,16826.6000,16833.5000,16746.3500,16802.5500,0,0,0
VSWS,N,20260805,NIX000000116,IX,NIFTY500 QLTY50,20093.6500,20093.6500,19949.9000,20022.6000,0,0,0
VSWS,N,20260805,NIX000000115,IX,NIFTY500 SHARIAH,7161.1000,7161.9500,7126.6000,7153.8000,0,0,0
VSWS,N,20260805,NIX000000100,IX,NIFTY500 VALUE 50,16395.7500,16400.1500,16310.4500,16400.1500,0,0,0
VSWS,N,20260805,NIX000000080,IX,NIFTY500MOMENTM50,54621.8000,54621.8000,54208.5000,54514.1000,0,0,0
VSWS,N,20260805,NIX000000134,IX,NIFTYCONGLOMERATE,15658.6500,15692.3000,15609.0000,15679.6000,0,0,0
VSWS,N,20260805,NIX000000068,IX,NIFTYM150MOMNTM50,63998.3500,63998.3500,63476.1500,63682.2000,0,0,0
VSWS,N,20260805,NIX000000081,IX,NIFTYMS400 MQ 100,51746.3000,51754.5500,51503.9500,51675.7500,0,0,0
VSWS,N,20260805,NIX000000082,IX,NIFTYSML250MQ 100,47900.6500,48152.0500,47861.4500,48052.7000,0,0,0
VSWS,N,20260805,20MICRONS,EQ,20 Microns,196.7200,198.1000,194.0000,194.8500,115892,1814,22647546
VSWS,N,20260805,21STCENMGM,EQ,21st Century Mgmt,42.5900,42.6000,42.5900,42.6000,8281,33,352769
VSWS,N,20260805,360ONE,EQ,360 ONE WAM,1174.0000,1194.7000,1163.3000,1192.0000,1854520,46662,2197585113
VSWS,N,20260805,3BBLACKBIO,EQ,3B Blackbio DX,1260.5000,1260.5000,1200.0000,1204.0000,8883,1284,10803717
VSWS,N,20260805,3IINFOLTD,EQ,3i Infotech,25.5000,25.7500,23.3200,25.0900,4129398,14916,102570175
VSWS,N,20260805,3MINDIA,EQ,3M India,35885.0000,36280.0000,35605.0000,35805.0000,3173,1829,113968400
VSWS,N,20260805,3PLAND,EQ,3P Land Holdings,32.2500,32.9400,31.5100,31.7600,1478,74,46913
VSWS,N,20260805,5PAISA,EQ,5paisa Capital,359.0000,369.9000,352.3500,367.2000,58609,3443,21308645
VSWS,N,20260805,63MOONS,EQ,63 Moons Technologie,869.9000,885.0000,855.1500,862.9500,303112,8843,263975861
VSWS,N,20260805,A2ZINFRA,EQ,A2Z Infra Engineerin,17.5900,17.7000,16.5200,16.6300,534030,1777,9077764
VSWS,N,20260805,AAATECH,EQ,AAA Technologies,89.1000,91.6000,88.8400,91.3300,60743,535,5521831
VSWS,N,20260805,AADHARHFC,EQ,Aadhar Housing Finan,494.0000,508.7000,493.2000,505.2000,280546,8552,141165726
VSWS,N,20260805,AAKASH,EQ,Aakash Exploration S,9.0400,9.0500,8.8500,9.0000,70251,230,630045
VSWS,N,20260805,AAREYDRUGS,BE,Aarey Drugs,83.9000,84.9000,82.0000,84.3100,24593,112,2072011
VSWS,N,20260805,AARNAV,EQ,Aarnav Fashions,29.8600,31.5000,29.8600,30.4400,62024,688,1910179
VSWS,N,20260805,AARON,EQ,Aaron Industries,130.4100,135.6500,130.4100,134.9100,27730,698,3703945
VSWS,N,20260805,AARTECH,BE,Aartech Solonics,47.1900,47.5000,46.0500,47.3800,11904,88,559216
VSWS,N,20260805,AARTIDRUGS,EQ,Aarti Drugs,414.0000,415.9500,408.8000,412.4000,110719,4756,45628612
VSWS,N,20260805,AARTIIND,EQ,Aarti Industries,485.5000,486.8000,481.1500,485.9500,485538,10316,235134953
VSWS,N,20260805,AARTIPHARM,EQ,Aarti Pharmalabs,692.5000,695.9500,679.8000,683.0000,123296,12574,84653042
VSWS,N,20260805,AARTISURF,EQ,Aarti Surfactants,530.0000,546.0500,517.0500,541.1500,133133,6414,70711274
VSWS,N,20260805,AARVI,EQ,Aarvi Encon,159.1400,161.3900,153.6000,156.3600,24856,678,3894491
VSWS,N,20260805,AASTHA,EQ,Aastha Spintex,92.0900,92.0900,92.0800,92.0800,4219184,3310,388537756
VSWS,N,20260805,AATMAJ,SM,Aatmaj Healthcare,19.9500,19.9500,19.9500,19.9500,2000,1,39900
VSWS,N,20260805,AAVAS,EQ,Aavas Financiers,1392.6000,1405.8000,1368.1000,1375.7000,53803,9287,74376786
VSWS,N,20260805,ABAN,BE,Aban Offshore,17.9000,18.2500,16.5600,18.2500,166509,651,2993204
VSWS,N,20260805,ABANSENT,BE,ABans Enterprises,26.1000,26.2800,25.7700,25.8200,4011,25,104547
VSWS,N,20260805,ABB,EQ,ABB India,7748.0000,7833.0000,7675.0000,7690.5000,267379,28022,2070892567
VSWS,N,20260805,ABBOTINDIA,EQ,Abbott India,27925.0000,27955.0000,27650.0000,27785.0000,3483,1782,96799440
VSWS,N,20260805,ABCAPITAL,EQ,Aditya Birla Capital,421.0000,426.3500,419.5000,424.7000,2725660,41695,1152047069
VSWS,N,20260805,ABCOTS,EQ,A B Cotspin India Lt,203.0000,203.0000,199.0000,199.5300,3609,266,721647
VSWS,N,20260805,ABDL,EQ,Allied Blenders & Di,620.0000,631.0000,610.6500,614.1500,202234,10585,125491858
VSWS,N,20260805,ABFRL,EQ,Aditya Birla Fashion,61.0900,62.5400,61.0000,62.1000,5571729,21648,345538007
VSWS,N,20260805,ABGSEC,EQ,Aditya BSL CRISIL BB,115.2600,115.2600,114.0000,114.0100,55,13,6309
VSWS,N,20260805,ABHAPOWER,SM,Abha Power And Steel,26.0000,26.1000,26.0000,26.1000,3200,2,83360
VSWS,N,20260805,ABINFRA,EQ,A B Infrabuild,10.1500,10.1500,9.9000,9.9800,316286,785,3159933
VSWS,N,20260805,ABLBL,EQ,Aditya Birla Lifesty,95.0000,95.8500,94.0500,94.6000,1390246,6519,131951646
VSWS,N,20260805,ABMINTLLTD,EQ,ABM International,41.3800,46.6000,41.3800,42.2400,907,19,40199
VSWS,N,20260805,ABMKNO,EQ,ABM Knowledgeware,196.6900,200.0000,188.0000,191.6100,2663,96,520082
VSWS,N,20260805,ABREL,EQ,Aditya Birla Real Es,1424.6000,1458.8000,1411.7000,1421.2000,96361,8696,138351445
VSWS,N,20260805,ABSL10BANK,EQ,A Birla SLife BSE T,170.9500,173.8900,169.7100,170.7400,9806,243,1673187
VSWS,N,20260805,ABSLAMC,EQ,Aditya Birla SL AMC,1006.4000,1023.0000,996.0000,1017.1000,184027,17860,186569563
VSWS,N,20260805,ABSLBANETF,EQ,Aditya Birla SL Nift,59.2400,59.5100,59.0000,59.1900,64845,249,3840059
VSWS,N,20260805,ABSLLIQUID,EQ,Aditya Birla SL Cris,1000.0000,1000.0100,999.9900,999.9900,596,16,596001
VSWS,N,20260805,ABSLMSCIN,EQ,Aditya Birla Sun Lif,29.4000,30.2500,29.4000,30.0500,2646,30,79610
VSWS,N,20260805,ABSLNN50ET,EQ,Aditya Birla SLNN50,79.5500,79.9700,77.9900,78.1100,7399,204,580378
VSWS,N,20260805,ABSLPSE,EQ,Aditya Birla SL Nify,10.4100,10.4100,10.2900,10.3200,149680,524,1544415
VSWS,N,20260805,ABSMARINE,ST,ABS Marine Services,224.0000,224.0000,219.0500,221.8000,17000,32,3761675
VSWS,N,20260805,ACC,EQ,A C C,1393.7000,1413.9000,1386.0000,1394.0000,303843,16812,426303611
VSWS,N,20260805,ACCELYA,EQ,Accelya Solutions (I,1150.0000,1152.9000,1135.6000,1138.1000,3437,717,3919354
VSWS,N,20260805,ACCENTMIC,SM,Accent Microcell,509.0000,517.1000,505.0000,511.5000,32500,57,16588825
VSWS,N,20260805,ACCPL,ST,Accretion Pharmaceut,177.0000,182.5000,177.0000,181.1000,9600,8,1720200
VSWS,N,20260805,ACCURACY,BE,Accuracy Shipping,4.8400,4.9800,4.7000,4.8100,15880,126,76686
VSWS,N,20260805,ACE,EQ,Action Construction,1110.0000,1149.0000,1098.6000,1137.8000,662985,31146,752866723
VSWS,N,20260805,ACEINTEG,EQ,Ace Integrated Solut,19.6400,19.6400,19.0000,19.2800,1839,37,35217
VSWS,N,20260805,ACI,EQ,Archean Chemical Ind,534.9500,537.2000,522.5000,523.8500,619170,16951,328437597
VSWS,N,20260805,ACL,EQ,Andhra Cement,47.0100,47.9000,47.0100,47.4300,8215,137,390038
VSWS,N,20260805,ACMESOLAR,EQ,ACME Solar Holdings,384.8000,391.0500,378.0000,382.2500,2758030,39316,1063417441
VSWS,N,20260805,ACSTECH,EQ,ACS Technologies,44.3200,44.3300,43.0000,44.3300,233914,465,10352483
VSWS,N,20260805,ACUTAAS,EQ,Acutaas Chemicals,3260.0000,3296.7000,3224.3000,3282.8000,223117,25140,729616086
VSWS,N,20260805,ADANIENSOL,EQ,Adani Energy Solutio,1663.8000,1663.8000,1630.5000,1642.0000,886130,36528,1455054584
VSWS,N,20260805,ADANIENT,EQ,Adani Enterprises,3055.0000,3085.9000,3037.3000,3050.0000,870914,46878,2660315082
VSWS,N,20260805,ADANIGREEN,EQ,Adani Green Energy,1400.0000,1405.7000,1373.3000,1380.0000,1221115,29781,1691797097
VSWS,N,20260805,ADANIPORTS,EQ,Adani Ports & Specia,1708.2000,1710.7000,1688.1000,1700.0000,2333361,69607,3955270197
VSWS,N,20260805,ADANIPOWER,EQ,Adani Power,211.0000,211.3300,207.0000,208.9900,15188719,79501,3170344945
VSWS,N,20260805,ADDICTIVE,SM,Addictive Learning T,40.2000,41.8000,38.9000,40.0500,5500,10,220900
VSWS,N,20260805,ADFFOODS,EQ,ADF Foods,271.5000,273.9500,266.3500,269.2000,90125,3559,24403817
VSWS,N,20260805,ADISOFT,SM,Adisoft Technologies,177.2000,180.0000,173.5500,175.2500,32800,40,5798680
VSWS,N,20260805,ADL,EQ,Archidply Decor,74.6000,76.7900,71.6000,71.7500,80,21,5856
VSWS,N,20260805,ADOR,EQ,Ador Welding,1500.0000,1518.0000,1478.1000,1508.1000,28559,3989,42895263
VSWS,N,20260805,ADROITINFO,EQ,Adroit Infotech,9.7100,10.1400,9.7100,10.0300,46867,148,468632
VSWS,N,20260805,ADSL,EQ,Allied Digital Servi,118.8000,118.8000,116.0600,116.9700,100417,2230,11776652
VSWS,N,20260805,ADVAIT,EQ,Advait Energy Transi,2334.2000,2363.9000,2270.0000,2285.4000,36777,5223,84747717
VSWS,N,20260805,ADVANCE,EQ,Advance Agrolife,126.9800,135.0100,126.2400,134.1000,1054225,9516,138536959
VSWS,N,20260805,ADVANIHOTR,EQ,Advani Hotels,52.5200,52.5200,49.7500,50.5300,123384,1505,6245153
VSWS,N,20260805,ADVENTHTL,EQ,Advent Hotels Intl,147.5900,148.7500,145.1100,146.9600,113316,1913,16601258
VSWS,N,20260805,ADVENZYMES,EQ,Advanced Enzyme Tech,323.9500,337.8500,321.1000,332.7500,320194,6717,105269289
VSWS,N,20260805,AEGISLOG,EQ,Aegis Logistics,1370.2000,1412.0000,1366.0000,1395.8000,1296765,57190,1811031663
VSWS,N,20260805,AEGISVOPAK,EQ,Aegis Vopak Terminal,298.1500,299.4500,280.6000,283.8500,1344142,27026,388866978
VSWS,N,20260805,AEPL,EQ,Artemis Elect & Proj,14.0000,14.3700,13.8300,14.3400,10059,87,143512
VSWS,N,20260805,AEQUS,EQ,Aequs,232.8000,246.0000,231.2500,239.9500,6917021,60220,1659560025
VSWS,N,20260805,AEROENTER,EQ,Aeroflex Enterprises,133.9900,135.9700,130.0000,132.1400,604590,8644,80097365
VSWS,N,20260805,AEROFLEX,EQ,Aeroflex Industries,467.4000,471.9500,454.2500,456.0000,840101,14890,386715327
VSWS,N,20260805,AERON,SM,Aeron Composite,79.0000,79.0000,75.2000,77.6000,11000,8,853850
VSWS,N,20260805,AERONEU,EQ,Aeroflex Neu,86.4200,87.3000,84.8500,85.3500,43420,899,3722529
VSWS,N,20260805,AEROPLANE,EQ,Amir Chand Jagdish K,199.2500,205.0500,196.2600,200.5900,306078,3363,60947698
VSWS,N,20260805,AESTHETIK,SM,Aesthetik Engineers,74.9500,74.9500,74.9500,74.9500,1000,1,74950
VSWS,N,20260805,AETHER,EQ,Aether Industries,1585.0000,1604.0000,1560.2000,1589.4000,338221,37364,537774229
VSWS,N,20260805,AFCONS,EQ,Afcons Infrastructur,283.1000,286.9000,280.2000,280.9000,358959,7706,101486716
VSWS,N,20260805,AFFLE,EQ,Affle 3i,1684.0000,1686.9000,1655.0000,1662.6000,115803,12506,193478668
VSWS,N,20260805,AFFORDABLE,BE,Affordable Robotic &,179.9700,182.4000,177.6000,181.7700,12852,204,2315782
VSWS,N,20260805,AFIL,EQ,Akme Fintrade (India,9.3500,9.4900,9.2100,9.4100,343623,557,3214586
VSWS,N,20260805,AFSL,EQ,Abans Financial Ser,201.1000,201.9800,201.1000,201.2100,2608,72,525026
VSWS,N,20260805,AGARIND,EQ,Agarwal Ind Corp,524.0000,530.0000,517.6500,523.2500,25938,1453,13572398
VSWS,N,20260805,AGARWALEYE,EQ,Dr Agarwal's Health,496.5500,553.0000,496.5500,521.0500,627046,27593,328238176
VSWS,N,20260805,AGARWALFT,SM,Agarwal Float Glass,35.3000,39.0000,35.3000,36.8500,18000,9,666675
VSWS,N,20260805,AGARWALTUF,SM,Agarwal Toughened Gl,143.9500,153.2000,143.9500,149.5500,226800,178,33961740
VSWS,N,20260805,AGI,EQ,AGI Greenpac,718.0000,730.0000,713.1500,718.7000,71577,2919,51607677
VSWS,N,20260805,AGIIL,EQ,AGI Infra,306.9000,308.0000,300.9000,302.0000,270178,4105,82067865
VSWS,N,20260805,AGL,EQ,Allcargo Global,13.6000,13.6900,13.0600,13.1500,1493237,5049,19831449
VSWS,N,20260805,AGNI,SM,Agni Green Power,17.1000,17.1000,16.5000,17.1000,7500,3,126750
VSWS,N,20260805,AGRITECH,BE,Agri-Tech (India),110.0000,112.5000,109.2000,111.8000,3312,57,368839
VSWS,N,20260805,AGROPHOS,EQ,Agro Phos India,28.1500,28.8000,27.6500,28.3400,20670,189,584062
VSWS,N,20260805,AGSTRA,BZ,AGS Transact Technol,2.1200,2.1700,2.0900,2.1000,480127,586,1014409
VSWS,N,20260805,AGUL,SM,A G Universal,59.4500,65.5000,59.4500,62.4500,8000,4,487700
VSWS,N,20260805,AHCL,EQ,Anlon Healthcare,14.6800,14.6800,14.4000,14.4900,1335671,2461,19428813
VSWS,N,20260805,AHLADA,EQ,Ahlada Engineers,37.8000,37.8000,36.4300,37.6000,6422,98,241105
VSWS,N,20260805,AHLEAST,EQ,Asian Hotels (East),142.0100,144.8500,140.2600,142.0900,1061,73,150205
VSWS,N,20260805,AHLUCONT,EQ,Ahluwalia Contracts,833.2000,845.4500,830.1000,835.6000,16260,1626,13641227
VSWS,N,20260805,AHLWEST,BE,Asian Hotels (West),520.0000,546.0000,515.0000,535.9000,303,23,161009
VSWS,N,20260805,AIAENG,EQ,AIA Engineering,4650.0000,4729.0000,4583.0000,4646.6000,58625,12947,274778960
VSWS,N,20260805,AIIL,EQ,Authum Investment &,561.1000,573.0000,553.2000,570.5000,289032,12040,163734753
VSWS,N,20260805,AILIMITED,SM,Abhishek Integration,35.8500,35.8500,35.8500,35.8500,1500,1,53775
VSWS,N,20260805,AIMTRON,SM,Aimtron Electronics,1579.9500,1637.0000,1555.0000,1612.1000,83800,391,133720470
VSWS,N,20260805,AIRAN,EQ,Airan,15.3100,15.3100,15.0100,15.1600,45112,209,683245
VSWS,N,20260805,AIROLAM,EQ,Airo Lam,89.5000,92.0000,88.1100,91.1900,1838,54,167661
VSWS,N,20260805,AISL,SM,ANI Integrated Servi,55.1000,59.0000,55.1000,58.0000,10800,15,603720
VSWS,N,20260805,AJANTPHARM,EQ,Ajanta Pharma,3525.1000,3527.9000,3403.1000,3437.5000,126648,24931,434938165
VSWS,N,20260805,AJAXENGG,EQ,AJAX Engineering,596.0000,620.4500,594.5500,607.6500,109929,5873,66872864
VSWS,N,20260805,AJMERA,EQ,Ajmera Realty & Infr,124.0000,126.2400,122.2200,124.0000,631438,6573,78242666
VSWS,N,20260805,AJOONI,EQ,Ajooni Biotech,4.0200,4.0200,3.9500,3.9600,223450,418,890603
VSWS,N,20260805,AKANKSHA,ST,Akanksha Power & Inf,105.6500,105.6500,105.6500,105.6500,29000,21,3063850
VSWS,N,20260805,AKASH,EQ,Akash Infra Projects,26.3900,27.3900,26.3500,26.5500,4294,41,114077
VSWS,N,20260805,AKCAPIT,EQ,AK Capital Services,1749.7000,1762.8000,1740.0000,1749.1000,1928,136,3380370
VSWS,N,20260805,AKG,EQ,AKG Exim,10.0000,10.4700,8.0600,8.4300,785747,2405,6680848
VSWS,N,20260805,AKI,EQ,AKI India,4.2100,4.8000,4.0000,4.2200,242231,290,1016415
VSWS,N,20260805,AKIKO,ST,Akiko Global Service,327.0000,334.4500,327.0000,334.1500,7200,9,2392240
VSWS,N,20260805,AKSHAR,EQ,Akshar Spintex,0.4100,0.4700,0.4100,0.4400,4315818,909,1908920
VSWS,N,20260805,AKSHARCHEM,BE,Aksharchem (India),260.0000,274.5000,255.0000,273.2800,22636,224,6006855
VSWS,N,20260805,AKSHOPTFBR,BE,Aksh Optifibre,6.1900,6.2800,6.0000,6.2800,134673,134,838881
VSWS,N,20260805,AKUMS,EQ,Akums Drugs & Pharma,667.9500,674.7000,661.2000,666.1000,71535,6363,47715980
VSWS,N,20260805,ALANKIT,EQ,Alankit,7.7100,8.1000,7.7000,7.9100,155454,463,1236799
VSWS,N,20260805,ALBERTDAVD,EQ,Albert David,697.8500,697.8500,690.1000,692.8000,809,75,560913
VSWS,N,20260805,ALEMBICLTD,EQ,Alembic,88.6000,88.9900,86.5000,87.1400,370022,3669,32410362
VSWS,N,20260805,ALGOQUANT,EQ,Algoquant Fintech,69.3300,69.3300,67.2000,67.5100,1165830,2950,79018441
VSWS,N,20260805,ALICON,EQ,Alicon Castalloy,680.8000,730.0000,680.8000,718.0500,21416,1433,15446069
VSWS,N,20260805,ALIVUS,EQ,Alivus Life Sciences,1335.0000,1338.6000,1304.0000,1331.0000,163968,14595,216097837
VSWS,N,20260805,ALKALI,BE,Alkali Metals,70.0000,70.9000,67.4500,68.1700,7728,100,524545
VSWS,N,20260805,ALKEM,EQ,Alkem Laboratories,5620.5000,5696.5000,5556.0000,5696.5000,88646,19233,498965799
VSWS,N,20260805,ALKYLAMINE,EQ,Alkyl Amines,1939.7000,1998.9000,1923.1000,1939.8000,549700,48505,1077075803
VSWS,N,20260805,ALLCARGO,EQ,Allcargo Logistics,8.2800,8.4900,8.1000,8.1400,3690233,4233,30450635
VSWS,N,20260805,ALLDIGI,EQ,Alldigi Tech,814.9000,824.6500,809.0500,811.6000,6668,1293,5412871
VSWS,N,20260805,ALLETEC,ST,All E Technologies,138.0000,138.0000,133.0000,133.0000,9200,22,1246200
VSWS,N,20260805,ALLTIME,EQ,All Time Plastics,223.6500,226.0000,220.0000,220.6000,45119,1677,9993905
VSWS,N,20260805,ALMONDZ,EQ,Almondz Global Sec,13.7200,14.8000,13.7200,14.6100,159415,383,2311372
VSWS,N,20260805,ALOKINDS,EQ,Alok Industries,12.0600,12.1000,11.9500,11.9700,2417229,4048,29043350
VSWS,N,20260805,ALPA,EQ,Alpa Laboratories,67.4000,69.5000,66.6600,67.3200,18699,222,1277139
VSWS,N,20260805,ALPEXSOLAR,SM,Alpex Solar,833.5500,835.5000,811.0000,816.9500,35400,285,29066395
VSWS,N,20260805,ALPHA,EQ,Kotak Nifty Alpha 50,52.7400,53.3300,52.7400,53.2000,1089343,2632,57832586
VSWS,N,20260805,ALPHAETF,EQ,Mirae Ass Nft 200 Al,26.5200,26.6000,26.4300,26.5100,279120,837,7399034
VSWS,N,20260805,ALPHAGEO,EQ,Alphageo (I),255.2000,255.2000,231.5000,236.1600,41320,726,9931160
VSWS,N,20260805,ALPINETEX,EQ,Alpine Texworld,67.3500,70.3000,67.3500,67.8200,451098,4184,30991852
VSWS,N,20260805,ALPL30IETF,EQ,ICICI Pru Nifty Alph,28.4700,28.6000,28.3100,28.4600,296260,747,8440388
VSWS,N,20260805,ALUWIND,SM,Aluwind Infra-Tech,48.0500,49.8000,48.0500,49.7500,10500,7,510675
VSWS,N,20260805,AMAGI,EQ,Amagi Media Labs,679.9000,699.0000,661.0000,674.3500,330886,25933,225478933
VSWS,N,20260805,AMANTA,BE,Amanta Healthcare,169.7500,173.1400,169.7500,173.0000,38451,141,6641044
VSWS,N,20260805,AMBAAUTO,SM,Amba Auto Sales And,116.9000,117.0000,106.0000,106.4500,80000,66,8926650
VSWS,N,20260805,AMBALALSA,EQ,Ambalal Sarabhai,43.4900,45.0900,40.3100,42.9000,1003822,7312,43765156
VSWS,N,20260805,AMBER,EQ,Amber Enterprises In,7452.0000,7556.0000,7401.0000,7526.0000,261458,33946,1965104826
VSWS,N,20260805,AMBICAAGAR,EQ,Ambica Agarbathies,24.7600,25.2600,24.7500,25.1000,1935,26,48470
VSWS,N,20260805,AMBIKCO,EQ,Ambika Cotton Mills,1779.6000,1822.0000,1779.3000,1802.3000,36067,3302,65015316
VSWS,N,20260805,AMBUJACEM,EQ,Ambuja Cements,441.0000,450.5000,438.7500,445.0000,5678790,49215,2534955680
VSWS,N,20260805,AMCL,SM,ANB Metal Cast,390.7500,390.7500,390.7500,390.7500,400,1,156300
VSWS,N,20260805,AMDIND,EQ,AMD Industries,47.0000,48.2000,46.0900,46.6800,12795,199,604631
VSWS,N,20260805,AMEYA,SM,Ameya Precision Engi,109.0500,109.0500,104.3000,104.3000,3000,3,322400
VSWS,N,20260805,AMIABLE,SM,Amiable Logistics (I,72.9000,72.9000,72.9000,72.9000,1600,1,116640
VSWS,N,20260805,AMJLAND,EQ,AMJ Land Holdings,38.3000,39.2700,37.5000,39.1600,57376,271,2230092
VSWS,N,20260805,AMNPLST,EQ,Amines & Plast,205.1000,205.1000,196.7200,198.5200,6703,233,1330132
VSWS,N,20260805,AMRUTANJAN,EQ,Amrutanjan Health Ca,517.9000,531.0000,514.5500,524.1000,45201,2991,23645212
VSWS,N,20260805,ANANDRATHI,EQ,Anand Rathi Wealth,2045.0000,2052.6000,2031.0000,2037.6000,243440,23512,496658188
VSWS,N,20260805,ANANTRAJ,EQ,Anant Raj,633.5000,639.0000,624.3000,628.2000,1258171,26711,795161012
VSWS,N,20260805,ANDHRAPAP,EQ,Andhra Paper,62.1000,64.4500,60.2000,60.6200,607147,4444,37604836
VSWS,N,20260805,ANDHRSUGAR,EQ,Andhra Sugars,88.4600,88.4600,86.0200,86.7400,169268,2332,14728557
VSWS,N,20260805,ANGELONE,EQ,Angel One,302.0000,303.0000,296.6000,299.2000,3667873,30513,1097027309
VSWS,N,20260805,ANIKINDS,EQ,Anik Industries,43.7000,43.8000,42.0100,42.2300,4743,118,203079
VSWS,N,20260805,ANKITMETAL,BZ,Ankit Metal & Power,1.6000,1.6100,1.5400,1.5500,27234,24,43185
VSWS,N,20260805,ANLON,ST,Anlon Technology Sol,629.0000,634.0000,600.0000,600.0000,6800,17,4159240
VSWS,N,20260805,ANMOL,EQ,Anmol India,10.0700,10.2800,9.8200,9.9800,26196,201,263013
VSWS,N,20260805,ANNAPURNA,SM,Annapurna Swadisht,138.5000,140.0000,133.0000,137.6000,246500,412,33470225
VSWS,N,20260805,ANONDITA,SM,Anondita Medicare,1014.0000,1057.4000,1005.0000,1052.6500,41800,117,42795150
VSWS,N,20260805,ANSALAPI,BZ,Ansal Prop & Infrast,3.5100,3.5100,3.5100,3.5100,3588,11,12594
VSWS,N,20260805,ANTELOPUS,EQ,Antelopus Selan Ener,847.0000,882.9500,827.7500,873.6500,184363,9709,158553342
VSWS,N,20260805,ANTGRAPHIC,EQ,Antarctica,0.7700,0.7700,0.7200,0.7500,114756,144,84274
VSWS,N,20260805,ANTHEM,EQ,Anthem Biosciences,819.2500,833.2000,812.6500,825.6500,332117,19937,274424808
VSWS,N,20260805,ANUHPHR,EQ,Anuh Pharma,80.0100,80.3500,79.0100,79.2200,53641,1022,4277258
VSWS,N,20260805,ANUP,EQ,Anup Engineering,2217.7000,2248.0000,2202.1000,2214.0000,25370,3181,56431444
VSWS,N,20260805,ANURAS,EQ,Anupam Rasayan India,1215.0000,1219.0000,1208.3000,1216.3000,138524,2615,168280884
VSWS,N,20260805,ANYA,SM,Anya Polytech & Fert,15.3500,16.0000,15.3500,15.5000,65000,10,1009750
VSWS,N,20260805,AONEGOLD,EQ,Angel One Gold ETF,13.3500,13.5500,13.3300,13.4800,513765,1299,6917972
VSWS,N,20260805,AONELIQUID,EQ,Angel One Nifty 1D R,1071.2300,1071.2300,1071.2100,1071.2200,11734,90,12569680
VSWS,N,20260805,AONENIFTY,EQ,Angel One Nifty 50 E,10.3300,10.3300,9.8400,10.1300,289995,1199,2944643
VSWS,N,20260805,AONESILVER,EQ,Angel One Silver ETF,8.3700,8.5500,8.3000,8.4900,756308,925,6407730
VSWS,N,20260805,AONETMMQ50,EQ,Angel One Nifty Tot,10.2000,10.2300,10.1400,10.2100,68478,262,697773
VSWS,N,20260805,AONETOTAL,EQ,Angel One Nifty Tota,12.0800,12.1300,12.0100,12.0700,388204,1425,4699626
VSWS,N,20260805,APARINDS,EQ,Apar Industries,15737.0000,15920.0000,15511.0000,15666.0000,137664,33434,2165166875
VSWS,N,20260805,APCL,EQ,Anjani Portland,102.1000,109.9500,102.1000,106.5500,11505,330,1217037
VSWS,N,20260805,APCOTEXIND,EQ,Apcotex Industries,631.0000,644.0000,622.2000,629.5000,269574,8070,169921298
VSWS,N,20260805,APEX,EQ,Apex Frozen Foods,380.0000,387.7000,375.5000,377.7500,60406,2832,23011177
VSWS,N,20260805,APEXECO,ST,Apex Ecotech,278.0000,284.9500,275.0000,282.5500,20800,20,5808120
VSWS,N,20260805,APLAPOLLO,EQ,APL Apollo Tubes,1945.0000,1965.0000,1905.6000,1948.5000,539758,27627,1049859344
VSWS,N,20260805,APLLTD,EQ,Alembic Pharmaceutic,822.0000,840.4000,803.2000,818.2000,243621,15513,202039911
VSWS,N,20260805,APOLLO,EQ,Apollo Micro Systems,400.9500,402.9000,393.2000,399.0500,4969206,52290,1979705257
VSWS,N,20260805,APOLLOHOSP,EQ,Apollo Hospitals,9009.0000,9009.0000,8820.0000,8910.0000,288978,39822,2571693183
VSWS,N,20260805,APOLLOPIPE,EQ,Apollo Pipes,533.8500,543.3500,525.0000,534.1500,780226,15149,418259588
VSWS,N,20260805,APOLLOTYRE,EQ,Apollo Tyres,441.1000,451.8000,439.6000,444.9000,1966641,45270,879211942
VSWS,N,20260805,APOLSINHOT,EQ,Apollo Sindoori Hote,1205.0000,1217.0000,1185.0000,1200.8000,1091,106,1312171
VSWS,N,20260805,APRAMEYA,SM,Aprameya Engineering,150.9000,151.0000,145.0000,145.5500,9500,18,1413900
VSWS,N,20260805,APS,SM,Australian Premium S,266.4500,266.4500,258.0000,259.4000,33500,96,8778475
VSWS,N,20260805,APSISAERO,ST,Apsis Aerocom,448.0000,449.8000,448.0000,449.8000,9600,8,4312200
VSWS,N,20260805,APTECHT,BE,Aptech,95.7000,98.7700,93.5000,98.7300,158831,812,15434026
VSWS,N,20260805,APTUS,EQ,Aptus Value Hsg Fin,261.5500,266.3500,261.1500,264.3000,884222,22561,233868512
VSWS,N,20260805,AQYLON,EQ,Aqylon Nexus,24.5500,26.6900,24.1500,26.6800,8122363,9967,214166202
VSWS,N,20260805,ARABIAN,SM,Arabian Petroleum,74.9500,81.0000,74.0000,79.2000,46000,23,3611200
VSWS,N,20260805,ARCHIDPLY,EQ,Archidply Industries,80.8600,83.4800,80.2200,80.4200,6984,102,566840
VSWS,N,20260805,ARCHIES,EQ,Archies,14.1800,14.4800,14.0100,14.1300,2769,40,39355
VSWS,N,20260805,ARCIIL,SM,Arc Insulation & Ins,36.7000,36.7000,35.5000,35.5000,9000,9,325200
VSWS,N,20260805,ARE&M,EQ,Amara Raja Energy &,929.7000,957.0000,927.0000,938.8500,1693133,60277,1602759831
VSWS,N,20260805,ARENTERP,EQ,Rajdarshan Ind,38.7000,40.0000,38.7000,39.1200,1667,45,65084
VSWS,N,20260805,ARFIN,EQ,Arfin India,86.2300,87.5600,85.0500,85.3400,953552,2297,82486013
VSWS,N,20260805,ARHAM,SM,Arham Technologies,186.6500,189.9000,172.0000,176.8000,55000,55,9988150
VSWS,N,20260805,ARIES,EQ,Aries Agro,337.1000,345.0000,337.1000,343.1000,8619,415,2947143
VSWS,N,20260805,ARIHANT,EQ,Arihant Foundations,1180.0000,1180.0000,1110.0000,1136.6000,5414,449,6131826
VSWS,N,20260805,ARIHANTACA,SM,Arihant Academy,481.0000,481.0000,481.0000,481.0000,400,1,192400
VSWS,N,20260805,ARIHANTCAP,EQ,Arihant Capital Mkt,78.4000,78.4000,77.1000,77.7500,123690,1565,9609903
VSWS,N,20260805,ARIHANTSUP,EQ,Arihant Superstructu,259.9500,263.9500,258.6000,260.2500,7665,114,1991937
VSWS,N,20260805,ARIS,EQ,Arisinfra Solutions,131.6000,134.5000,126.8000,130.2100,1205848,11666,156545692
VSWS,N,20260805,ARISTO,ST,Aristo Bio-Tech & Li,109.3000,109.3000,109.3000,109.3000,1600,1,174880
VSWS,N,20260805,ARKADE,EQ,Arkade Developers,139.1800,140.4000,138.5300,139.1400,147960,1389,20655187
VSWS,N,20260805,ARMANFIN,EQ,Arman Financial Serv,2009.0000,2090.0000,1990.7000,2049.8000,132442,11860,271241625
VSWS,N,20260805,ARMOUR,ST,Armour Security (Ind,18.7000,18.9000,18.7000,18.7500,12000,4,225600
VSWS,N,20260805,AROGRANITE,EQ,Aro Granite Indu,25.4500,26.7500,25.4400,26.1200,29687,403,773115
VSWS,N,20260805,ARROWGREEN,BE,Arrow Greentech,753.4500,773.0000,730.3000,745.1000,7228,282,5428757
VSWS,N,20260805,ARSHIYA,BZ,Arshiya,0.9700,0.9700,0.9300,0.9300,745570,136,695299
VSWS,N,20260805,ARSSBL,EQ,Anand Rathi Share An,518.0000,521.4000,512.4000,515.3500,88681,2771,45831929
VSWS,N,20260805,ARTEMISMED,EQ,Artemis Medicare Ser,303.9000,324.9000,302.0000,322.1500,1314798,24243,419704674
VSWS,N,20260805,ARTNIRMAN,EQ,Art Nirman,40.5500,41.3900,38.7200,40.7500,6156,68,242278
VSWS,N,20260805,ARVEE,EQ,Arvee Laboratories (,162.3700,162.3700,154.3100,155.0600,250,23,39491
VSWS,N,20260805,ARVIND,EQ,Arvind,551.0000,558.9000,540.2000,545.1000,948871,38645,522683060
VSWS,N,20260805,ARVINDFASN,EQ,Arvind Fashions,449.0000,462.8500,445.4500,461.3500,316946,13739,144080723
VSWS,N,20260805,ARVINDPORT,SM,Arvind Port & Infra,28.9500,29.5500,28.4500,29.4000,16500,10,476475
VSWS,N,20260805,ARVSMART,EQ,Arvind Smartspaces,610.0000,613.9500,593.6000,596.3000,12741,786,7658055
VSWS,N,20260805,ASAHIINDIA,EQ,Asahi India Glass,905.9000,931.0000,897.8000,926.7000,1268983,45980,1171305035
VSWS,N,20260805,ASAHISONG,BE,Asahi Songwon Colors,392.6000,399.0000,378.0000,385.6000,19390,252,7520367
VSWS,N,20260805,ASAL,EQ,Automotive Stampings,515.7500,519.9500,505.0500,517.3000,18326,1210,9423970
VSWS,N,20260805,ASALCBR,EQ,Associated Alcohols,769.9000,778.4000,757.9000,764.2500,20952,1612,16123975
VSWS,N,20260805,ASHALOG,SM,Ashapura Logistics,56.5000,56.5000,56.5000,56.5000,1000,1,56500
VSWS,N,20260805,ASHAPURMIN,EQ,Ashapura Minechem,726.0000,743.8000,721.2500,739.7000,974133,25050,714919791
VSWS,N,20260805,ASHIANA,EQ,Ashiana Housing,395.0000,395.0000,382.9500,386.0000,24349,1563,9427021
VSWS,N,20260805,ASHIKAG,EQ,Ashika Global Securi,462.3000,465.7500,451.0000,461.3000,334872,3138,153131125
VSWS,N,20260805,ASHIMASYN,EQ,Ashima,17.7000,18.4500,17.3800,17.8100,66095,473,1176649
VSWS,N,20260805,ASHOKA,EQ,Ashoka Buildcon,121.0000,122.8000,119.5000,119.8900,979516,7056,118547537
VSWS,N,20260805,ASHOKAMET,EQ,Ashoka Metcast,14.4800,14.4800,14.0100,14.1800,8178,115,115846
VSWS,N,20260805,ASHOKLEY,EQ,Ashok Leyland,174.0000,178.1500,173.0000,177.0000,29599387,123736,5226588372
VSWS,N,20260805,ASHWINI,SM,Ashwini Container Mo,194.9500,195.0000,190.2500,192.5000,14000,11,2700100
VSWS,N,20260805,ASIANENE,EQ,Asian Energy Service,420.0000,420.0000,392.0000,402.0000,289808,7702,118217702
VSWS,N,20260805,ASIANHOTNR,EQ,Asian Hotels (North),301.0500,311.4500,301.0500,306.6500,115022,2116,35229292
VSWS,N,20260805,ASIANPAINT,EQ,Asian Paints,2787.0000,2787.0000,2748.7000,2760.0000,688876,47790,1902063473
VSWS,N,20260805,ASIANTILES,EQ,Asian Granito India,53.2000,54.3200,52.0100,53.3900,2503411,5750,134208496
VSWS,N,20260805,ASKAUTOLTD,EQ,ASK Automotive,555.0000,648.0000,546.9000,637.5500,18019129,340328,11263985564
VSWS,N,20260805,ASMS,BE,Avio Smart Market St,7.1900,7.5400,7.0500,7.4500,302819,441,2209490
VSWS,N,20260805,ASPINWALL,EQ,Aspinwall & Company,242.0000,250.0000,241.9900,249.0400,1689,69,416093
VSWS,N,20260805,ASPIRE,SM,Aspire & Innovative,14.5000,14.7500,14.5000,14.7500,8000,4,117000
VSWS,N,20260805,ASTAR,EQ,Asian Star Company,619.0000,619.0000,590.0000,590.1000,146,17,88726
VSWS,N,20260805,ASTEC,EQ,Astec Lifesciences,626.3000,629.9000,604.8000,616.5500,53465,3282,32888604
VSWS,N,20260805,ASTERDM,EQ,Aster DM Quality Car,840.0000,856.7500,825.6500,842.1000,1185675,53770,999250449
VSWS,N,20260805,ASTRAL,EQ,Astral,1448.0000,1451.0000,1418.0000,1434.7000,518128,33193,740128517
VSWS,N,20260805,ASTRAMICRO,EQ,Astra Microwave Prod,1838.2000,1869.9000,1801.0000,1809.4000,277043,18062,506419805
VSWS,N,20260805,ASTRAZEN,EQ,AstraZeneca Pharma,8290.0000,8290.0000,8008.0000,8108.5000,7137,1562,58250297
VSWS,N,20260805,ASTRON,BE,Astron Paper & Board,3.8800,3.8800,3.5800,3.6400,63326,113,235094
VSWS,N,20260805,ATALREAL,EQ,Atal Realtech,34.2000,34.7500,34.0000,34.5600,8704071,6859,298781922
VSWS,N,20260805,ATAM,EQ,Atam Valves,66.5600,67.8000,63.6200,64.7400,11639,266,757364
VSWS,N,20260805,ATCENERGY,ST,ATC Energies System,25.4500,25.4500,24.7500,25.4500,18000,15,453900
VSWS,N,20260805,ATGL,EQ,Adani Total Gas,670.0000,671.4000,656.5500,660.3500,488629,14936,323955323
VSWS,N,20260805,ATHERENERG,EQ,Ather Energy,1465.0000,1479.5000,1405.0000,1470.8000,6958528,182939,10079643324
VSWS,N,20260805,ATL,EQ,Allcargo Terminals,23.2100,23.7800,23.0000,23.1800,53555,481,1244393
VSWS,N,20260805,ATLANTAA,EQ,Atlantaa,37.6200,40.9800,37.6200,40.3000,117735,1376,4664454
VSWS,N,20260805,ATLANTAELE,EQ,Atlanta Electricals,1643.9000,1681.8000,1619.0000,1634.5000,135445,8257,224574814
VSWS,N,20260805,ATLASCYCLE,EQ,Atlas Cycle Haryana,97.6600,99.2300,95.0100,97.2600,3791,99,367731
VSWS,N,20260805,ATMASTCO,ST,Atmastco,150.0000,150.0000,145.6000,147.6500,12800,24,1900100
VSWS,N,20260805,ATUL,EQ,Atul,6820.0000,6957.0000,6770.0000,6794.0000,33225,8015,227177835
VSWS,N,20260805,ATULAUTO,EQ,Atul Auto,558.8000,596.5500,558.1000,580.9500,1108494,29881,649555448
VSWS,N,20260805,AUBANK,EQ,AU Small Finance Ban,1057.6000,1057.6000,1042.3000,1051.3000,957572,33189,1003029248
VSWS,N,20260805,AURIONPRO,EQ,Aurionpro Solutions,742.0000,742.0000,726.0500,729.0000,126031,5449,92367725
VSWS,N,20260805,AUROIMPEX,SM,Auro Impex & Chemica,25.4500,25.7000,25.4500,25.7000,4800,3,122800
VSWS,N,20260805,AUROPHARMA,EQ,Aurobindo Pharma,1587.3000,1625.0000,1567.0000,1613.4000,1385223,49197,2226868641
VSWS,N,20260805,AURUM,EQ,Aurum Proptech,216.9500,224.0900,215.0100,222.8800,266140,4970,58816231
VSWS,N,20260805,AURUS,EQ,Aurus Gem Corporatio,4.7000,4.7800,4.5600,4.7000,7926,108,37386
VSWS,N,20260805,AUSL,SM,Aditya Ultra Steel,25.5000,25.5000,25.5000,25.5000,2000,1,51000
VSWS,N,20260805,AUSOMENT,BE,Ausom Enterprise,140.9900,141.1000,138.0100,140.9700,2130,35,297832
VSWS,N,20260805,AUTOAXLES,EQ,Automotive Axles,1830.0000,1974.3000,1825.0000,1939.2000,97825,9067,187544215
VSWS,N,20260805,AUTOBEES,EQ,Nippon India Nifty A,300.8700,304.9300,299.4900,303.2300,371336,4035,112728701
VSWS,N,20260805,AUTOIETF,EQ,ICICI Pru Nifty Auto,29.7000,30.5200,29.7000,30.3600,1106365,2620,33617120
VSWS,N,20260805,AUTOIND,BE,Autoline Industries,88.4000,94.6100,88.4000,94.6100,109112,609,10103891
VSWS,N,20260805,AVADHSUGAR,EQ,Avadh Sugar & Energy,622.0000,635.0500,600.0000,609.2500,388484,9834,239590397
VSWS,N,20260805,AVALON,EQ,Avalon Technologies,1840.0000,1843.9000,1772.1000,1823.2000,765722,60326,1390169860
VSWS,N,20260805,AVANA,ST,Avana Electrosystems,156.2500,156.2500,153.0000,156.0000,10000,5,1548400
VSWS,N,20260805,AVANTEL,EQ,Avantel,164.7000,166.9800,163.1000,164.9400,642443,6371,106289406
VSWS,N,20260805,AVANTIFEED,EQ,Avanti Feeds,903.7000,905.5000,892.0000,899.1000,387331,15657,347983845
VSWS,N,20260805,AVATAR,ST,Avatar Industries,190.1000,190.1000,190.1000,190.1000,10000,5,1901000
VSWS,N,20260805,AVG,BE,AVG Logistics,202.0000,206.9000,201.0500,202.8000,11237,95,2284233
VSWS,N,20260805,AVIANSH,SM,Avi Ansh Textile,103.5000,104.0000,103.5000,104.0000,2000,2,207500
VSWS,N,20260805,AVIENCE,SM,Avience Biomedicals,255.0000,257.0500,250.0000,254.0000,11400,15,2886780
VSWS,N,20260805,AVL,EQ,Aditya Vision,640.0000,640.0000,619.0500,626.2000,167307,11497,104634408
VSWS,N,20260805,AVONMORE,EQ,Avonmore Capital,11.2100,11.8800,11.0700,11.3700,146430,420,1643825
VSWS,N,20260805,AVPINFRA,SM,AVP Infracon,65.0000,66.9000,65.0000,66.8000,20000,23,1312000
VSWS,N,20260805,AVROIND,EQ,AVRO India,8.7400,10.3000,8.7000,9.1600,1762088,5520,16451556
VSWS,N,20260805,AVTNPL,EQ,AVT Natural Products,71.4500,71.4500,70.6000,70.8100,31637,257,2245457
VSWS,N,20260805,AWFIS,EQ,Awfis Space Solution,276.9500,287.1500,273.0500,275.2000,218405,5775,60923419
VSWS,N,20260805,AWHCL,EQ,Antony Waste Handlin,430.0000,433.0000,424.1000,427.4500,68130,3565,29232198
VSWS,N,20260805,AWL,EQ,AWL Agri Business,191.9500,194.2500,190.3000,193.5400,2584392,29282,498210592
VSWS,N,20260805,AXISBANK,EQ,Axis Bank,1260.0000,1263.0000,1246.2000,1253.9000,4295407,87650,5379355383
VSWS,N,20260805,AXISCADES,EQ,Axiscades Technologi,1585.0000,1603.6000,1564.0000,1590.3000,112379,7261,177776496
VSWS,N,20260805,AXITA,EQ,Axita Cotton,7.3900,7.4000,7.3100,7.3400,1096094,632,8057467
VSWS,N,20260805,AYE,EQ,Aye Finance,168.4800,171.0100,164.7300,165.9000,321481,5244,53589325
VSWS,N,20260805,AYMSYNTEX,EQ,AYM Syntex,259.3500,261.0000,252.0000,254.5500,23606,1232,6066082
VSWS,N,20260805,AZAD,EQ,Azad Engineering,2390.0000,2463.0000,2385.0000,2446.8000,456952,31441,1115795830
VSWS,N,20260805,BABAFP,SM,Baba Food Processing,25.0000,25.8500,25.0000,25.5000,12800,7,325280
VSWS,N,20260805,BAFNAPH,BE,Bafna Pharmaceutical,279.0000,279.0000,279.0000,279.0000,5442,66,1518318
VSWS,N,20260805,BAGDIGITAL,SM,B A G Convergence,107.0000,117.0000,106.0500,109.0000,51200,21,5569600
VSWS,N,20260805,BAGFILMS,EQ,BAG Films & Media,4.4900,4.4900,4.3700,4.4000,139003,215,617107
VSWS,N,20260805,BAHETI,SM,Baheti Recycling Ind,751.5000,764.0000,749.5000,762.7500,24375,57,18386100
VSWS,N,20260805,BAIDFIN,EQ,Baid Finserv,9.9300,10.2400,9.7500,10.1000,67804,299,677950
VSWS,N,20260805,BAJAJ-AUTO,EQ,Bajaj Auto,11665.0000,11800.0000,11580.0000,11800.0000,382721,60879,4470968797
VSWS,N,20260805,BAJAJCON,EQ,Bajaj Consumer Care,553.0000,553.0000,526.2500,530.4000,572697,16925,306547017
VSWS,N,20260805,BAJAJELEC,EQ,Bajaj Electricals,349.9000,357.6000,344.0000,348.1000,264328,7374,92395237
VSWS,N,20260805,BAJAJFINSV,EQ,Bajaj Finserv,2105.0000,2118.5000,2076.1000,2086.0000,2447845,89621,5133881211
VSWS,N,20260805,BAJAJHCARE,EQ,Bajaj Healthcare,335.7000,339.0000,331.0000,332.9500,69326,1840,23153861
VSWS,N,20260805,BAJAJHFL,EQ,Bajaj Housing Financ,87.5000,87.5200,86.6000,86.9800,2118706,18494,184355738
VSWS,N,20260805,BAJAJHIND,EQ,Bajaj Hindusthan Su,18.3000,18.5000,17.7100,17.7900,5327532,8968,95739711
VSWS,N,20260805,BAJAJHLDNG,EQ,Bajaj Holdings & Inv,11510.0000,11624.0000,11419.0000,11496.0000,36376,10805,418247125
VSWS,N,20260805,BAJAJINDEF,EQ,Indef Manufacturing,230.2000,234.5000,230.2000,230.8900,4634,197,1073678
VSWS,N,20260805,BAJAJST,EQ,Bajaj Steel,390.3500,400.7000,388.0000,394.3000,10427,631,4087009
VSWS,N,20260805,BAJEL,EQ,Bajel Projects,179.5700,186.8500,178.5000,183.8000,200926,2648,36516292
VSWS,N,20260805,BAJFINANCE,EQ,Bajaj Finance,1152.0000,1166.0000,1145.1000,1158.8000,5154683,117854,5954236165
VSWS,N,20260805,BALAJEE,EQ,Shree Tiru Bala Agro,27.0100,27.6300,27.0100,27.5600,36605,213,1003571
VSWS,N,20260805,BALAJIPHOS,SM,Balaji Phosphates,90.0000,90.0000,88.0000,88.2500,95000,66,8488250
VSWS,N,20260805,BALAJITELE,EQ,Balaji Telefilms,85.4100,86.5000,84.0000,84.6600,153586,1680,13107916
VSWS,N,20260805,BALAMINES,EQ,Balaji Amines,2001.0000,2049.0000,1977.3000,1998.5000,156896,13685,314756187
VSWS,N,20260805,BALAXI,EQ,Balaxi Pharmaceutica,24.0300,25.4000,23.8000,24.1700,90450,355,2216080
VSWS,N,20260805,BALCO,ST,Solve Plastic Produc,18.9000,18.9000,18.9000,18.9000,2400,2,45360
VSWS,N,20260805,BALKRISHNA,EQ,Balkrishna Paper Mil,17.5500,18.0000,17.2000,17.5200,20931,100,366951
VSWS,N,20260805,BALKRISIND,EQ,Balkrishna Ind,2469.8000,2558.0000,2420.0000,2501.6000,169031,18056,426400907
VSWS,N,20260805,BALMLAWRIE,EQ,Balmer Lawrie & Co,174.5100,176.2000,174.5100,175.7600,83727,1959,14692001
VSWS,N,20260805,BALPHARMA,EQ,Bal Pharma,87.5500,89.9700,87.5500,89.0300,14562,416,1298264
VSWS,N,20260805,BALRAMCHIN,EQ,Balrampur Chini Mill,655.1000,655.1000,627.0000,635.5500,741020,25881,473909359
VSWS,N,20260805,BALUFORGE,EQ,Balu Forge Industrie,445.7000,450.9000,441.4500,445.9000,723793,16496,323202811
VSWS,N,20260805,BANARBEADS,EQ,Banaras Beads,112.5000,116.9000,112.0800,114.2400,1924,169,219431
VSWS,N,20260805,BANARISUG,EQ,Bannari Amman Sugar,3499.0000,3499.0000,3475.0000,3475.1000,246,24,855418
VSWS,N,20260805,BANCOINDIA,EQ,Banco Products,672.0000,689.0000,671.7500,686.0000,178930,8599,122059885
VSWS,N,20260805,BANDHANBNK,EQ,Bandhan Bank,174.8000,176.1500,170.4600,170.4600,7569963,59816,1322094605
VSWS,N,20260805,BANG,EQ,Bang Overseas,30.5000,30.5000,29.7600,30.2200,5652,98,169741
VSWS,N,20260805,BANK10ADD,EQ,DSP BSE Top 10 Banks,17.1000,17.4200,17.0100,17.0700,115094,193,1963070
VSWS,N,20260805,BANK10BETF,EQ,Bajaj Finserv BSE To,20.9700,21.1400,20.7000,20.8800,1421,18,29794
VSWS,N,20260805,BANKA,BE,Banka Bioloo,90.3200,90.3200,86.0100,88.0000,1257,19,112072
VSWS,N,20260805,BANKADD,EQ,DSP Nifty Bank ETF,58.9000,59.3900,58.3100,58.9300,22215,134,1313368
VSWS,N,20260805,BANKBARODA,EQ,Bank of Baroda,247.5000,249.8400,245.6000,245.6000,9244171,63752,2288124300
VSWS,N,20260805,BANKBEES,EQ,NipponINft BnkBees,596.4500,600.3900,595.0000,596.3100,725927,8066,433984810
VSWS,N,20260805,BANKBETA,EQ,UTI NIFTY Bank ETF,59.8600,60.0500,59.5200,59.6400,96781,594,5786103
VSWS,N,20260805,BANKBETF,EQ,Bajaj Fin Nifty Bank,59.0000,59.0000,58.0000,58.4100,21345,432,1252152
VSWS,N,20260805,BANKETF,EQ,Mirae Asset Nifty Ba,589.8900,591.3000,585.8900,586.7100,4651,181,2735346
VSWS,N,20260805,BANKIETF,EQ,ICICI Pru Nifty Bank,59.5000,59.5300,58.6600,59.0100,2566685,2352,152299401
VSWS,N,20260805,BANKINDIA,EQ,Bank of India,140.9900,142.8000,140.5600,141.0000,6726554,37333,951767048
VSWS,N,20260805,BANKNIFTY1,EQ,Kotak Nifty Bank ETF,59.0000,60.2800,58.5000,59.9100,2264864,1153,135896814
VSWS,N,20260805,BANKPSU,EQ,Mirae Asset Nifty PS,84.2000,86.6800,84.2000,86.0100,26883,131,2316278
VSWS,N,20260805,BANSALWIRE,EQ,Bansal Wire Industri,318.0000,327.5000,316.1500,320.3500,377085,7193,121638940
VSWS,N,20260805,BANSWRAS,EQ,Banswara Syntex,125.5900,127.1800,121.8000,122.5600,49054,969,6093543
VSWS,N,20260805,BARFLEX,SM,Barflex Polyfilms,56.0000,56.0000,54.0000,55.5000,10000,5,552900
VSWS,N,20260805,BASF,EQ,BASF India,3950.0000,4099.0000,3925.2000,4036.6000,271306,36849,1093256853
VSWS,N,20260805,BASILIC,SM,Basilic Fly Studio,204.0000,205.7500,199.9000,200.4000,15300,44,3100485
VSWS,N,20260805,BASML,BE,Bannari Amman Spg Mi,27.6000,27.7400,27.2500,27.2900,29228,86,802565
VSWS,N,20260805,BATAINDIA,EQ,Bata India,710.0500,747.5000,710.0500,730.0500,1729949,56657,1272559050
VSWS,N,20260805,BATLIBOI,EQ,Batliboi,84.9900,95.2000,83.5000,94.3000,268727,2923,24628459
VSWS,N,20260805,BAWEJA,ST,Baweja Studios,26.3500,27.0000,26.3500,26.7000,4000,4,107240
VSWS,N,20260805,BAYERCROP,EQ,Bayer Cropscience,4280.0000,4314.4000,4269.3000,4302.9000,21443,4288,92018685
VSWS,N,20260805,BBETF0432,EQ,BHARAT Bond ETF-Ap32,1359.4700,1359.7500,1353.0000,1355.5500,332,37,450464
VSWS,N,20260805,BBL,EQ,Bharat Bijlee,2372.6000,2402.5000,2309.0000,2320.1000,102296,11408,240576491
VSWS,N,20260805,BBNPNBETF,EQ,Baroda BNP Paribas N,58.1600,58.6200,57.9300,58.6100,1143,21,66623
VSWS,N,20260805,BBNPPGOLD,EQ,Baroda BNP Paribas G,141.3000,141.3000,138.5500,139.7500,3944,71,550662
VSWS,N,20260805,BBOX,EQ,Black Box,759.0000,762.0000,742.4500,748.7500,225567,13747,169398447
VSWS,N,20260805,BBTC,EQ,Bombay Burmah,1511.0000,1515.1000,1498.5000,1501.5000,14381,1458,21646067
VSWS,N,20260805,BBTCL,EQ,B&B Triplewall Conta,224.4600,225.7900,217.3500,224.0200,15456,403,3405608
VSWS,N,20260805,BCG,EQ,Brightcom Group,9.4900,9.5200,9.3500,9.3800,2740458,3214,25796469
VSWS,N,20260805,BCLIND,EQ,BCL Industries,37.8000,37.8000,36.5000,36.8500,541603,3088,19996497
VSWS,N,20260805,BCONCEPTS,EQ,Brand Concepts,183.9000,186.3400,181.1100,183.6000,8485,371,1560574
VSWS,N,20260805,BCPL,EQ,BCPL Railway Infrast,69.9900,70.1500,68.6000,69.8500,6152,217,428329
VSWS,N,20260805,BDL,EQ,Bharat Dynamics,1265.3000,1283.5000,1232.5000,1240.0000,985899,37138,1229732626
VSWS,N,20260805,BEACON,ST,Beacon Trusteeship,86.5000,86.9500,85.0000,86.7500,12000,12,1036200
VSWS,N,20260805,BEARDSELL,EQ,Beardsell,27.3300,28.3000,26.4100,27.1300,13632,363,372397
VSWS,N,20260805,BECTORFOOD,EQ,Mrs Bectors Food Spe,211.4600,215.8200,209.5600,212.8000,1741561,24861,370852037
VSWS,N,20260805,BEDMUTHA,EQ,Bedmutha Industries,109.0000,115.0000,106.5700,115.0000,4827,74,546568
VSWS,N,20260805,BEEKAY,EQ,Beekay Steel Industr,404.9000,408.3000,393.0000,402.3500,538,23,213740
VSWS,N,20260805,BEL,EQ,Bharat Electronics,392.2500,392.7000,385.2000,390.0000,13854251,189801,5375017548
VSWS,N,20260805,BELLACASA,EQ,Bella Casa Fashion &,249.9700,250.0000,239.0100,239.7500,10771,366,2610306
VSWS,N,20260805,BELRISE,EQ,Belrise Industries,240.9900,245.0000,240.4600,241.4900,2869051,31907,695894317
VSWS,N,20260805,BEML,EQ,BEML,1700.2000,1718.6000,1668.1000,1671.6000,192729,20848,324485588
VSWS,N,20260805,BENGALASM,EQ,Bengal & Assam Co,6311.0000,6400.0000,6206.0000,6296.5000,1142,1031,7179059
VSWS,N,20260805,BEPL,EQ,Bhansali Engg Poly,123.6700,124.9000,120.5500,121.4900,1535248,11586,188080964
VSWS,N,20260805,BERGEPAINT,EQ,Berger Paints India,534.0000,555.0000,525.1000,545.2000,1408654,49700,765457828
VSWS,N,20260805,BESTAGRO,EQ,Best Agrolife,22.6600,22.6600,20.4000,20.9700,9719799,17333,205440484
VSWS,N,20260805,BETA,EQ,Beta Drugs,2365.0000,2384.5000,2331.7000,2366.9000,12468,2573,29408329
VSWS,N,20260805,BEWLTD,SM,BEW Engineering,57.2000,57.9000,56.1000,56.6500,14000,13,800700
VSWS,N,20260805,BFINVEST,EQ,BF Investment,482.9500,486.3500,473.0500,477.4000,22819,1634,10917623
VSWS,N,20260805,BFSI,EQ,Mirae Asset Nifty Fi,27.9600,27.9900,27.7500,27.8200,97737,658,2723371
VSWS,N,20260805,BFUTILITIE,EQ,BF Utilities,571.0000,575.5000,556.0000,560.8000,37432,1572,21152921
VSWS,N,20260805,BGRENERGY,BE,BGR Energy Systems,272.1000,272.1000,258.5500,258.8500,80272,1197,21042482
VSWS,N,20260805,BHADORA,ST,Bhadora Industries,87.0000,87.9500,86.1500,86.1500,12000,9,1043700
VSWS,N,20260805,BHAGCHEM,EQ,Bhagiradha Chemicals,286.2500,290.4000,281.0000,282.1500,74038,2284,21081065
VSWS,N,20260805,BHAGERIA,BE,Bhageria Industries,214.4000,218.0000,209.0000,210.7200,17394,222,3680823
VSWS,N,20260805,BHAGYANGR,BE,Bhagyanagar India,376.1000,388.9500,375.9000,383.7500,61484,835,23462210
VSWS,N,20260805,BHANDARI,BE,Bhandari Hosiery Exp,2.8700,2.9100,2.8500,2.8700,59248,147,170586
VSWS,N,20260805,BHARATCOAL,EQ,Bharat Coking Coal,34.5000,34.6400,34.3100,34.4200,2900512,8892,99894721
VSWS,N,20260805,BHARATFORG,EQ,Bharat Forge,2197.7000,2229.8000,2184.0000,2197.1000,743973,31178,1644906376
VSWS,N,20260805,BHARATGEAR,BE,Bharat Gears,111.5300,115.0000,111.5300,111.5300,89767,604,10031416
VSWS,N,20260805,BHARATRAS,EQ,Bharat Rasayan,1347.9000,1404.3000,1345.8000,1385.3000,27856,2797,38579525
VSWS,N,20260805,BHARATSE,EQ,Bharat Seats,232.0000,232.9600,225.0000,226.1400,267058,6019,60735667
VSWS,N,20260805,BHARATWIRE,EQ,Bharat Wire Ropes,201.2500,208.5800,201.2500,203.8400,287325,5506,59016885
VSWS,N,20260805,BHARTIARTL,EQ,Bharti Airtel,2020.0000,2031.0000,1951.8000,1978.0000,14286999,198318,28208408059
VSWS,N,20260805,BHARTIHEXA,EQ,Bharti Hexacom,1642.0000,1642.0000,1539.5000,1552.7000,500159,39224,782025019
VSWS,N,20260805,BHEL,EQ,Bharat Heavy Elect,411.9500,414.8000,407.0000,412.4000,5588130,66169,2296568489
VSWS,N,20260805,BI,EQ,Bilcare,59.3700,62.6000,59.3700,61.3200,5681,105,349686
VSWS,N,20260805,BIGBLOC,EQ,Bigbloc Construction,47.8000,48.4500,46.5000,47.9600,68002,806,3234218
VSWS,N,20260805,BIKAJI,EQ,Bikaji Foods Interna,650.0000,660.4500,647.9000,650.3000,147905,8185,96780420
VSWS,N,20260805,BIKEWO,ST,Bikewo Green Tech,71.0000,71.2500,71.0000,71.2500,52000,26,3703500
VSWS,N,20260805,BIL,EQ,Bhartiya Intl,813.8000,833.0000,800.0000,808.1500,4761,406,3846550
VSWS,N,20260805,BILVYAPAR,BE,BIL Vyapar,4.0800,4.0800,3.8300,3.9600,2632,27,10372
VSWS,N,20260805,BIMETAL,EQ,Bimetal Bearings,648.9500,651.8500,630.0000,647.0500,218,34,139512
VSWS,N,20260805,BIOCON,EQ,Biocon,426.0000,428.6500,422.3000,425.2000,3296172,31972,1400409787
VSWS,N,20260805,BIOFILCHEM,EQ,Biofil Chemicals,33.9000,33.9000,33.2000,33.2400,6382,67,213042
VSWS,N,20260805,BIOPOL,SM,Biopol Chemicals,97.0000,105.0000,97.0000,103.6000,134400,94,13829340
VSWS,N,20260805,BIRLACABLE,BE,Birla Cable,235.9300,235.9300,235.9300,235.9300,47389,339,11180487
VSWS,N,20260805,BIRLACORPN,EQ,Birla Corporation,902.4500,914.6000,900.9500,903.0000,38991,3882,35347135
VSWS,N,20260805,BIRLAMONEY,EQ,Aditya Birla Money,134.9800,135.5800,132.7300,133.3700,23399,647,3141483
VSWS,N,20260805,BIRLANU,EQ,BirlaNu,1351.9000,1422.0000,1348.0000,1396.6000,28503,2454,39826012
VSWS,N,20260805,BIRLAPREC,EQ,Birla Precision Tech,34.9300,35.8000,34.2900,34.5800,19952,140,696089
VSWS,N,20260805,BLACKBUCK,EQ,BlackBuck,546.0000,558.3000,546.0000,556.2000,294017,10582,162790611
VSWS,N,20260805,BLACKROSE,BE,Black Rose Indus,115.9500,119.5000,112.0000,115.3000,32754,302,3797369
VSWS,N,20260805,BLAL,EQ,BEML Land Assets,172.0000,174.5800,172.0000,172.6300,10700,266,1855522
VSWS,N,20260805,BLBLIMITED,EQ,B L B,15.6000,15.9500,15.5000,15.6700,22361,94,351040
VSWS,N,20260805,BLIL,EQ,Balmer Lawrie Invest,70.9800,71.2000,70.4300,70.9500,29627,538,2096231
VSWS,N,20260805,BLISSGVS,BE,Bliss GVS Pharma,502.0000,511.9500,493.1000,497.0000,298823,4042,150187202
VSWS,N,20260805,BLKASHYAP,EQ,B L Kashyap & Sons,54.7500,54.8000,52.9000,53.5500,259619,1781,13993297
VSWS,N,20260805,BLS,EQ,BLS International Se,249.0000,260.9900,249.0000,255.6300,3366997,42823,865499320
VSWS,N,20260805,BLSE,EQ,BLS E-Services,303.8000,320.0000,303.7500,319.1500,1130577,17534,356108458
VSWS,N,20260805,BLUECHIP,BE,Blue Chip India,1.6700,1.7000,1.6700,1.6800,153300,215,256291
VSWS,N,20260805,BLUECOAST,BE,Blue Coast Hotels,25.3100,25.8400,25.3100,25.6700,528,7,13552
VSWS,N,20260805,BLUEDART,EQ,Blue Dart Express,5366.5000,5400.0000,5210.0000,5293.5000,32935,6828,174938617
VSWS,N,20260805,BLUEJET,EQ,Blue Jet Healthcare,585.0000,598.0500,570.2500,591.2000,1550452,37357,901581417
VSWS,N,20260805,BLUEPEBBLE,SM,Blue Pebble,68.0000,72.0000,68.0000,68.0000,6000,11,418400
VSWS,N,20260805,BLUESTARCO,EQ,Blue Star,1688.1000,1719.9000,1640.0000,1665.0000,379954,25827,637496225
VSWS,N,20260805,BLUESTONE,EQ,BlueStone Jewellery,862.0000,894.4000,834.9000,856.0000,16167901,287898,14144886186
VSWS,N,20260805,BLUEWATER,ST,Blue Water Logistics,398.4000,415.0000,397.1000,415.0000,18000,18,7213650
VSWS,N,20260805,BLUSPRING,EQ,Bluspring Enterprise,112.6800,118.4400,111.6900,116.2400,246886,2753,28395080
VSWS,N,20260805,BMLL,SM,Bio Medica Laborator,154.1000,156.5000,150.0000,151.1500,103000,20,15885250
VSWS,N,20260805,BMWVENTLTD,EQ,BMW Ventures,57.3500,63.6300,56.8500,59.9700,132602,1120,7830591
VSWS,N,20260805,BNAGROCHEM,BE,BN Agrochem,265.4000,271.8500,263.0000,269.9500,908,31,241464
VSWS,N,20260805,BNALTD,BE,B & A,394.7500,394.7500,390.0000,390.0000,35,6,13745
VSWS,N,20260805,BNKETFAXIS,EQ,Axis NIFTY Bank,596.4200,610.0000,592.6200,598.0100,523,47,312330
VSWS,N,20260805,BODALCHEM,BE,Bodal Chemicals,73.9000,75.8000,73.9000,75.1900,409868,1192,30815334
VSWS,N,20260805,BOHRAIND,EQ,Bohra Industries,14.1500,15.5400,14.1500,15.2500,1038,24,15870
VSWS,N,20260805,BOMDYEING,EQ,Bombay Dyeing,122.2000,123.4400,119.0300,120.0400,521387,5856,62976349
VSWS,N,20260805,BONLON,EQ,Bonlon Industries,41.8600,43.0000,41.0200,42.8100,9869,101,418135
VSWS,N,20260805,BORANA,EQ,Borana Weaves,324.5500,341.7000,318.0500,329.5000,84404,2198,27857104
VSWS,N,20260805,BOROLTD,EQ,Borosil,239.8800,244.7800,239.8800,243.2200,68143,2020,16532002
VSWS,N,20260805,BORORENEW,EQ,Borosil Renewables,565.9000,569.0000,557.0000,559.4500,295800,10059,166675815
VSWS,N,20260805,BOROSCI,EQ,Borosil Scientific,146.0100,147.2900,139.8000,140.7400,141577,2388,20214321
VSWS,N,20260805,BOSCH-HCIL,EQ,Bosch Home Comfort I,1449.5000,1543.0000,1439.4000,1523.8000,159511,7969,237979076
VSWS,N,20260805,BOSCHLTD,EQ,Bosch,41405.0000,43650.0000,41310.0000,42920.0000,116771,36926,5022077955
VSWS,N,20260805,BOSS,SM,Boss Packaging Solut,41.8500,41.8500,41.6000,41.7500,6000,3,250600
VSWS,N,20260805,BPCL,EQ,Bharat Petroleum,327.5000,328.1500,324.4500,326.2500,2974415,34513,970583815
VSWS,N,20260805,BPL,EQ,B P L,54.0200,54.0700,52.8100,53.4300,21957,714,1176014
VSWS,N,20260805,BRACEPORT,SM,Brace Port Logistics,75.0000,75.0000,75.0000,75.0000,1600,1,120000
VSWS,N,20260805,BRANDMAN,SM,Brandman Retail,168.0000,170.0000,160.2500,169.0000,18400,22,3042800
VSWS,N,20260805,BRIGADE,EQ,Brigade Enterprises,583.1000,588.4500,567.6000,570.3000,167388,14104,96472723
VSWS,N,20260805,BRIGHOTEL,EQ,Brigade Hotel Ventur,62.3600,62.9000,61.0000,61.3400,135426,2763,8352148
VSWS,N,20260805,BRITANNIA,EQ,Britannia Industries,5461.0000,5488.0000,5406.0000,5440.0000,409191,32185,2231710629
VSWS,N,20260805,BRNL,EQ,Bharat Road Network,18.7200,18.7200,17.3000,17.4900,49718,247,884177
VSWS,N,20260805,BROOKS,BE,Brooks Laboratories,60.9900,61.8000,59.5000,60.2900,30001,124,1813967
VSWS,N,20260805,BSE,EQ,BSE,3664.1000,3664.1000,3490.0000,3534.6000,6880162,285910,24381978146
VSWS,N,20260805,BSE500IETF,EQ,ICICI Prud BSE 500 E,39.9000,40.2000,39.9000,39.9600,80433,662,3223772
VSWS,N,20260805,BSHSL,BE,Bombay Super Hybrid,87.9000,90.0000,87.5600,87.6300,3266,62,289392
VSWS,N,20260805,BSL,EQ,B S L,126.7500,128.0000,125.4000,126.2600,3548,72,449046
VSWS,N,20260805,BSLGOLDETF,EQ,Aditya Birla Sun LGG,126.1400,127.1700,125.7500,126.9600,203813,1785,25796689
VSWS,N,20260805,BSLNIFTY,EQ,Aditya Birla SL NF 5,28.7600,28.9900,28.6000,28.8000,608702,4163,17541851
VSWS,N,20260805,BSLSENETFG,EQ,AB SL BSE Sensex ETF,78.2200,79.9000,78.2200,79.2600,2953,96,234279
VSWS,N,20260805,BSOFT,EQ,Birlasoft,325.0000,329.8000,322.0000,323.6500,1276492,24682,415177362
VSWS,N,20260805,BTML,EQ,Bodhi Tree Multimedi,6.6900,6.8800,6.5000,6.6100,119157,380,791178
VSWS,N,20260805,BTTL,BE,Bhilwara Technical T,46.6100,47.9800,46.6100,47.6500,1209,15,57019
VSWS,N,20260805,BUILDPRO,EQ,Shankara Buildpro,1337.8000,1365.1000,1295.0000,1347.8000,190155,13526,253235931
VSWS,N,20260805,BULKCORP,SM,Bulkcorp Internation,60.9000,62.0500,60.9000,61.7000,4800,4,296280
VSWS,N,20260805,BUTTERFLY,EQ,Butterfly Gandhimath,664.4500,670.4500,658.1000,667.6000,41299,2647,27447428
VSWS,N,20260805,BVCL,EQ,Barak Valley Cements,42.5000,43.0000,41.5200,41.8400,18623,149,783770
VSWS,N,20260805,BYKE,BE,Byke Hospitality,35.5300,35.5300,34.0800,34.2900,24320,34,839761
VSWS,N,20260805,C2C,SM,C2C Advanced Systems,266.8500,271.6000,263.0000,265.3000,94500,435,25227675
VSWS,N,20260805,CADSYS,ST,Cadsys (India),56.0000,56.0000,53.4500,53.4500,3000,3,161625
VSWS,N,20260805,CALSOFT,BE,California Software,22.0000,22.3000,21.2300,21.5700,24949,126,542029
VSWS,N,20260805,CAMLINFINE,EQ,Camlin Fine Sciences,130.5900,131.9000,128.0000,129.4200,382849,5318,49825516
VSWS,N,20260805,CAMPUS,EQ,Campus Activewear,224.3900,227.9200,222.8000,226.5400,674218,13021,151709310
VSWS,N,20260805,CAMS,EQ,Computer Age Mgmt Se,807.8000,821.9000,807.4000,811.8500,1396845,39791,1138250763
VSWS,N,20260805,CANARYS,SM,Canarys Automations,23.6000,25.0500,23.3500,23.5000,384000,82,9297000
VSWS,N,20260805,CANBK,EQ,Canara Bank,129.0000,130.1000,128.1100,128.9100,19170625,78046,2474483599
VSWS,N,20260805,CANFINHOME,EQ,Canfin Homes,816.0000,820.6500,803.3000,811.5000,302767,13607,245971520
VSWS,N,20260805,CANHLIFE,EQ,Canara HSBC Life Ins,149.1100,150.9400,147.6100,149.9300,529217,7769,78977586
VSWS,N,20260805,CANTABIL,EQ,Cantabil Retail Indi,249.3000,253.5000,241.2000,245.8100,557596,5556,138915143
VSWS,N,20260805,CAPACITE,EQ,Capacit'e Infraproje,215.0000,224.9900,215.0000,221.8300,1297146,17196,286968226
VSWS,N,20260805,CAPILLARY,EQ,Capillary Techno Ind,540.0000,597.4000,537.0000,576.3500,7845843,162236,4519722389
VSWS,N,20260805,CAPITALSFB,EQ,Capital Small Financ,295.4000,298.7000,292.0000,296.3500,39211,1226,11559243
VSWS,N,20260805,CAPLIPOINT,EQ,Caplin Point Lab,2570.0000,2579.0000,2532.1000,2541.8000,43064,10174,110067607
VSWS,N,20260805,CAPTRUST,EQ,Capital Trust,20.9000,21.0200,19.0200,19.0300,361181,1063,7303316
VSWS,N,20260805,CARBORUNIV,EQ,Carborundum Univer,1084.5000,1092.0000,1066.8000,1081.7000,83038,11173,89707024
VSWS,N,20260805,CARERATING,EQ,CARE Ratings,1749.9000,1777.0000,1738.7000,1749.1000,47570,6640,83645846
VSWS,N,20260805,CARRARO,EQ,Carraro India,540.0000,545.5000,531.2500,535.9500,159973,7478,86499454
VSWS,N,20260805,CARTRADE,EQ,CarTrade Tech,2805.4000,2868.0000,2788.0000,2842.2000,358592,29325,1017282477
VSWS,N,20260805,CARYSIL,EQ,Carysil,1171.1000,1207.6000,1169.5000,1191.1000,49444,4277,58733066
VSWS,N,20260805,CASHIETF,EQ,ICICI Pru BSE Liq R,1073.8900,1073.9100,1073.8900,1073.9000,261196,152,280497322
VSWS,N,20260805,CASTROLIND,EQ,Castrol India,190.8900,194.9800,190.0000,191.5400,14623756,101140,2818704901
VSWS,N,20260805,CCAVENUE,EQ,AvenuesAI,17.1000,17.5700,17.1000,17.2600,17719837,15313,307874219
VSWS,N,20260805,CCCL,EQ,Consolidated Const C,15.5100,15.9900,15.5100,15.6900,154296,636,2423268
VSWS,N,20260805,CCHHL,EQ,Country Club Hospita,12.8200,13.2100,12.6100,12.9300,8618,87,111394
VSWS,N,20260805,CCL,EQ,CCL Products India,1133.1000,1151.8000,1119.5000,1138.9000,200405,24870,227608024
VSWS,N,20260805,CDSL,EQ,Central Depository S,1350.0000,1352.0000,1323.1000,1326.5000,1063938,32013,1420255856
VSWS,N,20260805,CEATLTD,EQ,Ceat,3637.1000,3790.0000,3622.6000,3703.5000,274871,30310,1022665075
VSWS,N,20260805,CEDAAR,ST,Cedaar Textile,16.3500,16.8500,16.3000,16.8500,3000,3,49500
VSWS,N,20260805,CEIGALL,EQ,Ceigall India,340.4000,344.0000,337.2000,341.7000,98477,3871,33579169
VSWS,N,20260805,CEINSYS,EQ,Ceinsys Tech,878.0000,885.9500,849.0000,858.0500,60920,4696,52832806
VSWS,N,20260805,CELEBRITY,EQ,Celebrity Fashions,7.3800,7.3800,7.1200,7.2300,15254,67,109912
VSWS,N,20260805,CELLECOR,ST,Cellecor Gadgets,32.3000,32.9000,31.6000,31.8000,78000,25,2505600
VSWS,N,20260805,CELLO,EQ,Cello World,352.0500,408.8000,351.3500,398.9500,33275833,334321,12987256380
VSWS,N,20260805,CELLPOINT,SM,Cell Point (India),18.7500,18.8000,18.0000,18.0000,4800,3,89220
VSWS,N,20260805,CEMNTGROWW,EQ,Groww Nifty Cements,15.6800,15.8400,15.4400,15.6100,134268,399,2097002
VSWS,N,20260805,CEMPRO,EQ,Cemindia Projects,1315.0000,1338.0000,1285.3000,1298.2000,308475,17166,404564941
VSWS,N,20260805,CENTENKA,EQ,Century Enka,624.0000,629.0500,609.9000,612.9500,60487,3426,37393085
VSWS,N,20260805,CENTEXT,EQ,Century Extrusions,23.6100,23.6100,21.8000,23.1200,1709867,4605,39359742
VSWS,N,20260805,CENTRALBK,EQ,Central Bank of Indi,31.4000,31.7300,31.2500,31.2900,5101445,12861,160345445
VSWS,N,20260805,CENTRUM,EQ,Centrum Capital,23.9300,24.2800,23.7000,24.0700,246561,596,5903722
VSWS,N,20260805,CENTUM,EQ,Centum Electronics,3698.7000,3843.9000,3672.6000,3789.5000,41727,9023,158326355
VSWS,N,20260805,CENTURYPLY,EQ,Century Plyboards (I,773.6500,774.7000,756.2000,768.6000,79549,10476,60866622
VSWS,N,20260805,CERA,EQ,CERA Sanitaryware,6370.0000,6371.0000,6270.0000,6294.5000,3037,983,19144945
VSWS,N,20260805,CEREBRAINT,BZ,Cerebra Integrated,2.9500,3.0700,2.9000,2.9100,89389,147,260871
VSWS,N,20260805,CESC,EQ,C E S C,165.5000,166.4500,163.0500,163.5200,622390,15355,102128703
VSWS,N,20260805,CEWATER,EQ,Concord Enviro Syste,281.0000,285.0000,276.0000,278.1000,47582,2460,13332112
VSWS,N,20260805,CGCL,EQ,Capri Global Capital,230.6000,240.0000,229.8300,238.3000,4266130,33923,1004914726
VSWS,N,20260805,CGPOWER,EQ,CG Power & Indl Solu,888.0000,891.9500,877.9000,889.5000,2386264,40258,2107551308
VSWS,N,20260805,CGRAPHICS,SM,Creative Graph Solut,146.9000,146.9000,144.0500,145.0000,16000,19,2318720
VSWS,N,20260805,CHALET,EQ,Chalet Hotels,828.1500,844.5500,820.1000,839.6500,143694,11608,119809313
VSWS,N,20260805,CHAMBLFERT,EQ,Chambal Fertilisers,457.0000,466.0000,454.0000,458.6500,799698,15628,368155689
VSWS,N,20260805,CHAMUNDA,SM,Chamunda Electrical,42.8000,43.0000,42.8000,43.0000,6000,2,257400
VSWS,N,20260805,CHANDAN,SM,Chandan Healthcare,252.0000,256.5000,248.0000,248.2500,11200,14,2811400
VSWS,N,20260805,CHAVDA,SM,Chavda Infra,130.0500,138.0000,130.0000,134.3000,103000,90,13817450
VSWS,N,20260805,CHEMBOND,BE,Chembond Material Te,171.8200,180.4000,170.1000,177.8300,3382,63,597232
VSWS,N,20260805,CHEMBONDCH,BE,Chembond Chemicals,229.1100,229.7900,224.5000,228.5100,4649,98,1054920
VSWS,N,20260805,CHEMCON,BE,Chemcon Speciality C,202.9500,202.9500,192.0000,197.1400,79530,823,15859799
VSWS,N,20260805,CHEMFAB,BE,Chemfab Alkalis,371.0000,379.4000,367.5500,377.6000,1667,38,615361
VSWS,N,20260805,CHEMICAL,EQ,Kotak Nifty Chemical,30.6100,30.9900,30.0100,30.3600,443247,1143,13541419
VSWS,N,20260805,CHEMPLASTS,EQ,Chemplast Sanmar,195.9900,203.0000,194.0000,195.2600,457754,7041,90893770
VSWS,N,20260805,CHENNPETRO,EQ,Chennai Petroleum,1346.8000,1351.0000,1295.0000,1303.9000,1819630,49091,2392367348
VSWS,N,20260805,CHEVIOT,EQ,Cheviot Company,1100.0000,1280.0000,1100.0000,1221.6000,104641,6844,128449487
VSWS,N,20260805,CHOICEGOLD,EQ,Choice Gold ETF,140.6200,143.8200,140.1600,143.1100,5266,132,749502
VSWS,N,20260805,CHOICEIN,EQ,Choice International,825.9500,833.9500,822.0000,824.3500,460451,9450,381000152
VSWS,N,20260805,CHOLAFIN,EQ,Cholamandalam Invest,1888.0000,1906.8000,1867.0000,1880.0000,880996,45361,1657755687
VSWS,N,20260805,CHOLAHLDNG,EQ,Cholamandalam Financ,1565.0000,1609.9000,1551.7000,1603.7000,197308,21706,312177552
VSWS,N,20260805,CIEINDIA,EQ,CIE Automotive India,415.0000,420.4500,411.0000,415.0500,413280,11189,171738116
VSWS,N,20260805,CIFL,EQ,Capital India Financ,20.7900,21.6300,20.7900,21.2300,128230,664,2731820
VSWS,N,20260805,CINELINE,EQ,Cineline India,89.5100,91.9000,87.9200,90.7000,32156,616,2893425
VSWS,N,20260805,CINEVISTA,EQ,Cinevista,15.2500,15.2500,14.3000,14.9000,10599,90,156704
VSWS,N,20260805,CIPLA,EQ,Cipla,1460.0000,1463.0000,1443.5000,1458.8000,973585,49276,1416061422
VSWS,N,20260805,CKKRETAIL,SM,C K K Retail Mart,145.2000,145.2000,145.2000,145.2000,800,1,116160
VSWS,N,20260805,CLASSICEIL,ST,Classic Electrodes (,60.0000,60.0000,59.9000,59.9000,4800,3,287680
VSWS,N,20260805,CLAYCRAFT,SM,Clay Craft India,181.0000,185.3000,179.0500,180.7000,50400,73,9187530
VSWS,N,20260805,CLCIND,BE,CLC Industries,58.5900,58.5900,58.5900,58.5900,1659,22,97201
VSWS,N,20260805,CLEAN,EQ,Clean Science & Tech,777.5000,778.7000,746.5500,768.9500,678794,61914,517182864
VSWS,N,20260805,CLEANMAX,EQ,Clean Max Enviro Ene,1338.8000,1402.3000,1323.0000,1380.8000,350317,25799,481145758
VSWS,N,20260805,CLEDUCATE,BE,CL Educate,56.6900,59.4900,55.0000,58.7800,27813,210,1571518
VSWS,N,20260805,CLSEL,EQ,Chaman Lal Setia,291.9000,299.1000,291.8500,294.2000,139006,3121,41077416
VSWS,N,20260805,CLSL,SM,Crop Life Science,67.0000,69.9000,67.0000,68.0000,42000,21,2866300
VSWS,N,20260805,CMLL,EQ,Caliber Mining And L,568.1500,568.3500,547.2500,559.9500,973121,18144,542976923
VSWS,N,20260805,CMNL,SM,Chaman Metallics,100.0000,100.0000,96.0500,97.2000,9000,12,877350
VSWS,N,20260805,CMPDI,EQ,Central Mine Plannin,249.3000,250.1000,242.7000,243.4200,660178,11567,161935381
VSWS,N,20260805,CMRGREEN,EQ,CMR Green Technologi,231.9000,232.0700,225.1000,226.8800,468277,8461,107089190
VSWS,N,20260805,CMRSL,SM,Cyber Media Research,62.0000,62.8500,61.5000,62.8500,4000,4,247480
VSWS,N,20260805,CMSINFO,EQ,CMS Info Systems,280.0000,280.1500,272.0000,273.9000,404479,11194,111678627
VSWS,N,20260805,CNL,EQ,Creative Newtech,1064.0000,1145.0000,1050.7000,1131.6500,287758,20014,316259498
VSWS,N,20260805,COALINDIA,EQ,Coal India,417.6000,417.6000,411.7000,415.5000,5429514,131842,2242599699
VSWS,N,20260805,COASTCORP,EQ,Coastal Corporation,49.3000,49.3000,46.8900,47.5700,142015,1356,6784972
VSWS,N,20260805,COCHINSHIP,EQ,Cochin Shipyard,1436.1000,1451.8000,1415.6000,1425.0000,476060,19353,679597558
VSWS,N,20260805,COCKERILL,EQ,John Cockerill India,9044.0000,9044.0000,8870.5000,8897.0000,2413,751,21568230
VSWS,N,20260805,COFFEEDAY,BE,Coffee Day Enterpris,34.7000,35.0000,33.5000,34.1200,1178784,2222,40471010
VSWS,N,20260805,COFORGE,EQ,Coforge,1745.1000,1788.0000,1745.1000,1777.0000,2308375,68805,4084228613
VSWS,N,20260805,COHANCE,EQ,Cohance Lifesciences,427.4000,431.9000,422.5000,429.4500,365514,13358,156735360
VSWS,N,20260805,COLPAL,EQ,Colgate,2026.9000,2040.0000,2016.6000,2040.0000,237174,24810,480809507
VSWS,N,20260805,COMFINTE,EQ,Comfort Intech,6.4000,6.6000,6.2500,6.2700,147153,430,931019
VSWS,N,20260805,COMMITTED,ST,Committed Cargo Care,338.5500,350.0000,338.5500,350.0000,204800,42,71647560
VSWS,N,20260805,COMMOIETF,EQ,ICICI Pru Nfty Commo,101.5200,101.9800,101.1000,101.7200,81907,1047,8313418
VSWS,N,20260805,COMPINFO,BZ,Compuage Infocom,1.0900,1.1500,1.0700,1.1500,7653,20,8506
VSWS,N,20260805,COMPUSOFT,EQ,Compucom Software,13.2500,13.5000,13.0000,13.1400,36290,148,475303
VSWS,N,20260805,COMSYN,EQ,Commercial Syn Bags,211.0500,212.6600,209.0000,209.7200,560257,3508,117657213
VSWS,N,20260805,CONCOR,EQ,Container Corp,519.9500,528.6000,516.3500,516.3500,1688051,58889,878684074
VSWS,N,20260805,CONCORDBIO,EQ,Concord Biotech,1439.0000,1439.0000,1373.0000,1385.0000,99717,10988,139670959
VSWS,N,20260805,CONFIPET,EQ,Confidence Petroleum,83.3000,84.6600,81.0000,81.8000,1874656,10655,155186830
VSWS,N,20260805,CONNPLEX,SM,Connplex Cinemas,202.5000,205.0000,202.0000,202.0000,7200,8,1462960
VSWS,N,20260805,CONS,EQ,Kotak Nifty India Co,12.6000,12.6000,12.3200,12.5100,41046,139,515850
VSWS,N,20260805,CONSOFINVT,BE,Consolidated Finvest,307.9000,315.0000,298.0000,312.0500,32648,227,10127925
VSWS,N,20260805,CONSUMAXIS,EQ,Axis NIFTY India Con,125.8300,126.3400,125.1100,125.7400,618,32,77693
VSWS,N,20260805,CONSUMBEES,EQ,Nippon INft (I) Cons,133.5700,136.5600,133.5700,135.8600,189644,1040,25790302
VSWS,N,20260805,CONSUMER,EQ,Mirae A Nfty I New A,12.2100,12.3200,12.2100,12.2400,158858,289,1949513
VSWS,N,20260805,CONSUMIETF,EQ,ICICI Pru NIC ETF,126.6400,126.9400,124.5500,126.1700,21425,215,2709496
VSWS,N,20260805,CONTROLPR,EQ,Control Print,575.0000,577.9000,570.0000,571.0000,13356,2982,7650667
VSWS,N,20260805,COOLCAPS,ST,Cool Caps Industries,21.6000,22.0000,21.3000,21.7500,25000,16,539688
VSWS,N,20260805,CORALFINAC,EQ,Coral India Finance,32.8300,35.0000,32.8300,33.4600,170842,926,5766765
VSWS,N,20260805,CORDELIA,EQ,Waterways Leisure To,825.9000,837.0000,816.5500,831.0500,130316,5878,108040626
VSWS,N,20260805,CORDSCABLE,BE,Cords Cable Industri,227.0000,229.7000,215.1000,223.2900,25240,335,5606320
VSWS,N,20260805,COROMANDEL,EQ,Coromandel Internati,2129.4000,2129.4000,2048.2000,2086.4000,81339,15759,170631831
VSWS,N,20260805,CORONA,EQ,Corona Remedies,2170.0000,2180.9000,2089.0000,2096.7000,50961,7857,107598706
VSWS,N,20260805,COSMOFIRST,EQ,Cosmo First,930.0000,943.0000,911.0000,915.8000,76965,4970,71543916
VSWS,N,20260805,COUNCODOS,EQ,Country Condo's,5.9000,6.0800,5.8000,5.9300,51983,234,307983
VSWS,N,20260805,CPCAP,BE,CP Capital,114.5000,115.2500,111.1000,114.1800,22755,125,2604999
VSWS,N,20260805,CPEDU,EQ,Career Point Edutech,218.9900,219.0000,207.0000,211.6200,28581,830,6062629
VSWS,N,20260805,CPL,EQ,Captain Polyplast,71.2100,73.1000,71.2100,72.8800,89476,821,6469074
VSWS,N,20260805,CPPLUS,EQ,Aditya Infotech,3539.8000,3579.0000,3525.0000,3554.7000,124541,14420,442009555
VSWS,N,20260805,CPS,SM,C P S Shapers,1090.0000,1090.0000,1090.0000,1090.0000,150,1,163500
VSWS,N,20260805,CPSEETF,EQ,CPSE ETF*,95.9900,95.9900,94.2000,94.7400,677252,9458,64092838
VSWS,N,20260805,CRAFTSMAN,EQ,Craftsman Automation,10300.0000,10448.5000,10260.5000,10408.5000,31714,7738,329383405
VSWS,N,20260805,CRAMC,EQ,Canara Robeco Asset,266.6000,269.0000,263.6000,265.3000,256612,9668,68203782
VSWS,N,20260805,CRAYONS,SM,Crayons Advertising,29.1000,29.1000,27.0000,27.0000,11000,3,301200
VSWS,N,20260805,CREATIVEYE,EQ,Creative Eye,6.2700,6.3400,6.0100,6.1400,6216,69,38223
VSWS,N,20260805,CREDITACC,EQ,CreditAccess Grameen,1575.0000,1575.0000,1507.5000,1527.6000,381615,27656,584542060
VSWS,N,20260805,CREST,EQ,Crest Ventures,388.7500,388.7500,377.5000,380.8000,858,112,327921
VSWS,N,20260805,CRISIL,EQ,CRISIL,4356.3000,4500.0000,4325.1000,4475.6000,85535,15132,377942177
VSWS,N,20260805,CRIZAC,EQ,Crizac,192.0500,192.7900,181.7100,183.2100,628981,12680,116971165
VSWS,N,20260805,CROMPTON,EQ,Crompton Greaves Con,264.4500,270.2000,264.4500,266.1000,1531707,18435,410327816
VSWS,N,20260805,CROWN,EQ,Crown Lifters,115.7000,115.7000,112.0000,115.4200,9282,167,1060837
VSWS,N,20260805,CSBBANK,EQ,CSB Bank,333.0000,333.0000,325.0000,326.5500,222007,6349,72940577
VSWS,N,20260805,CSLFINANCE,EQ,CSL Finance,219.6900,220.7000,217.0800,217.9900,8182,196,1789375
VSWS,N,20260805,CSM,EQ,CSM Technologies,101.9900,102.0000,100.0900,100.9400,134754,1852,13600658
VSWS,N,20260805,CSSL,SM,Clear Secured Servic,98.0000,106.0000,96.0000,104.0000,58000,55,6010150
VSWS,N,20260805,CTE,EQ,Cambridge Tech Enter,38.2500,40.9800,37.8300,37.9300,32231,297,1254800
VSWS,N,20260805,CUB,EQ,City Union Bank,201.4900,205.6800,201.4900,204.5600,3142532,46537,638688046
VSWS,N,20260805,CUBEXTUB,EQ,Cubex Tubings,79.8700,79.9000,77.0000,78.1200,44846,616,3510932
VSWS,N,20260805,CUDML,ST,Cash Ur Drive Market,137.0000,137.0000,137.0000,137.0000,1000,1,137000
VSWS,N,20260805,CUMMINSIND,EQ,Cummins India,5568.5000,5593.5000,5345.0000,5440.0000,594556,66603,3240106351
VSWS,N,20260805,CUPID,EQ,Cupid,240.0000,254.0000,240.0000,252.1100,48743248,202825,12102711002
VSWS,N,20260805,CURAA,EQ,Cura Technologies,77.7000,77.7000,71.9900,72.0000,484,31,35724
VSWS,N,20260805,CURRENT,SM,Current Infraproject,102.4500,102.4500,102.4500,102.4500,1600,1,163920
VSWS,N,20260805,CYBERMEDIA,BE,Cyber Media (India),15.7000,16.0000,15.6900,15.9300,16645,30,261650
VSWS,N,20260805,CYBERTECH,BE,Cyber Tech Systems,139.9900,141.9500,137.0000,138.3200,13122,224,1819860
VSWS,N,20260805,CYIENT,EQ,Cyient,875.0000,875.0000,862.8000,864.5500,169072,13853,146757601
VSWS,N,20260805,CYIENTDLM,EQ,Cyient DLM,668.5500,687.9000,660.0500,664.8500,333710,16724,223976260
VSWS,N,20260805,DABUR,EQ,Dabur India,412.0000,414.0500,406.9000,414.0000,3045910,37720,1252292074
VSWS,N,20260805,DAICHI,BE,Dai Ichi Karkaria,318.8000,318.8000,310.0500,318.8000,2496,26,795337
VSWS,N,20260805,DALBHARAT,EQ,Dalmia Bharat,1839.0000,1850.0000,1811.4000,1838.1000,97491,6664,179122048
VSWS,N,20260805,DALMIASUG,EQ,Dalmia Bharat Sugar,419.0000,419.0000,390.0000,393.3000,622975,12987,250506531
VSWS,N,20260805,DAMCAPITAL,EQ,DAM Capital Advisors,155.7000,155.7000,152.8000,153.4100,156512,2958,24075011
VSWS,N,20260805,DAMODARIND,BE,Damodar Industries,28.0500,28.0500,28.0500,28.0500,843,8,23646
VSWS,N,20260805,DANGEE,EQ,Dangee Dums,3.0900,3.1000,2.9700,2.9900,58491,102,177063
VSWS,N,20260805,DANISH,SM,Danish Power,807.5000,834.0000,807.0500,826.7500,14850,77,12231885
VSWS,N,20260805,DATAMATICS,EQ,Datamatics Global Se,849.9000,887.5500,845.0000,877.1500,295610,11461,257570507
VSWS,N,20260805,DATAPATTNS,EQ,Data Patterns (I),4560.0000,4560.0000,4420.0000,4446.6000,520422,37893,2330235235
VSWS,N,20260805,DAVANGERE,EQ,Davangere Sugar Co,3.1000,3.1400,3.0800,3.1200,2882949,1684,8960383
VSWS,N,20260805,DBCORP,EQ,D B Corp,209.5000,212.7000,207.8500,210.1900,164383,3545,34746524
VSWS,N,20260805,DBEIL,BE,Deepak Builders & En,7.4900,7.5200,7.0500,7.2700,228591,386,1648784
VSWS,N,20260805,DBL,EQ,Dilip Buildcon,470.0000,474.7000,456.4000,458.4500,355302,12204,164505354
VSWS,N,20260805,DBOL,EQ,Dhampur Bio Organics,111.8000,114.8700,110.1100,112.2700,216302,2407,24306595
VSWS,N,20260805,DBREALTY,BE,Valor Estate,113.1000,113.9900,110.2000,112.0400,436565,1320,48907031
VSWS,N,20260805,DBSTOCKBRO,BE,DB (Intl) Stock Brok,33.1000,33.9900,32.0100,33.4900,21933,58,725375
VSWS,N,20260805,DCAL,EQ,Dishman Carbogen Amc,187.7000,200.0000,187.7000,195.4300,506628,8572,98699033
VSWS,N,20260805,DCBBANK,EQ,DCB Bank,191.5000,193.9600,188.2000,189.1200,857059,10600,163535293
VSWS,N,20260805,DCG,SM,DCG Cables & Wires,55.6000,56.0000,55.0000,55.9000,20400,17,1136640
VSWS,N,20260805,DCI,EQ,DC Infotech & Commun,341.0000,367.0000,341.0000,350.2000,111759,3818,39609154
VSWS,N,20260805,DCM,BE,D C M,83.2000,83.4000,80.0000,82.5800,4974,59,407195
VSWS,N,20260805,DCMFINSERV,EQ,DCM Financial Serv,5.7800,5.7800,5.2700,5.3600,16458,74,90763
VSWS,N,20260805,DCMNVL,BE,DCM Nouvelle,153.7000,157.1700,151.0000,156.7600,16279,128,2540916
VSWS,N,20260805,DCMSHRIRAM,EQ,DCM Shriram,1045.0000,1045.0000,1006.5000,1010.0000,77560,6790,79085880
VSWS,N,20260805,DCMSIL,BE,DCM Shriram Internat,77.4000,82.0600,77.4000,81.8300,72730,379,5832834
VSWS,N,20260805,DCMSRIND,EQ,DCM Shriram Ind,44.6000,44.7000,43.2000,43.7000,178387,1846,7844647
VSWS,N,20260805,DCW,EQ,D C W,46.9800,47.1500,46.3200,46.5600,485324,2317,22662210
VSWS,N,20260805,DCXINDIA,EQ,DCX Systems,180.9900,183.2500,179.1100,180.1700,238565,4231,43134825
VSWS,N,20260805,DDEVPLSTIK,EQ,Ddev Plastiks Indust,283.1000,290.0000,283.1000,288.4000,101386,2477,29060134
VSWS,N,20260805,DECCANCE,EQ,Deccan Cements,577.3500,582.5500,568.6000,571.2000,27405,746,15736371
VSWS,N,20260805,DECNGOLD,EQ,Deccan Gold Mines,201.9900,202.7000,196.5000,199.0300,758306,7762,151473748
VSWS,N,20260805,DEEDEV,BE,Dee Development Engi,624.9000,676.0000,624.9000,665.9000,374668,3459,239393926
VSWS,N,20260805,DEEPAKFERT,EQ,Deepak Fertilizers,1608.5000,1638.6000,1585.0000,1594.4000,359591,17122,577666397
VSWS,N,20260805,DEEPAKNTR,EQ,Deepak Nitrite,1845.0000,1851.0000,1712.2000,1736.7000,3771929,168197,6690121018
VSWS,N,20260805,DEEPINDS,EQ,Deep Industries,653.3500,654.1000,639.0000,643.6000,538428,15198,347187385
VSWS,N,20260805,DEFENCE,EQ,Mirae Asset BSE (I),80.2400,80.7900,78.7800,78.9900,164705,601,13022210
VSWS,N,20260805,DELAPLEX,SM,Delaplex,94.0000,95.0000,88.0000,88.5000,31200,45,2802300
VSWS,N,20260805,DELHIVERY,EQ,Delhivery,475.1500,476.7500,466.8500,470.2500,2880682,35595,1355628412
VSWS,N,20260805,DELPHIFX,BE,Delphi World Money,6.9500,6.9500,6.7000,6.8900,69990,133,477084
VSWS,N,20260805,DELTACORP,EQ,Delta Corp,64.3900,64.5400,63.3900,63.5200,453914,2998,28980403
VSWS,N,20260805,DELTAMAGNT,EQ,Delta Manufacturing,59.4900,59.4900,56.7700,57.1500,3576,65,207704
VSWS,N,20260805,DELTIC,SM,Delta Autocorp,35.2000,36.0000,34.0500,35.1500,33000,21,1156850
VSWS,N,20260805,DEN,EQ,Den Networks,27.4900,27.7400,27.3000,27.4400,208004,977,5716853
VSWS,N,20260805,DENEERS,SM,De Neers Tools,181.0000,186.8500,174.0000,176.3500,30000,49,5338350
VSWS,N,20260805,DENORA,EQ,De Nora India,887.7000,897.9500,880.0500,885.2500,2359,221,2099521
VSWS,N,20260805,DENTA,EQ,Denta Water and Infr,362.8500,366.8500,344.8000,350.4500,321630,9727,113686392
VSWS,N,20260805,DENTALKART,SM,Vasa Denticity,380.0000,390.0000,379.4500,388.0000,5250,19,2013488
VSWS,N,20260805,DEVIT,EQ,Dev Information Tech,27.1500,27.9900,27.0000,27.1300,21414,295,583933
VSWS,N,20260805,DEVX,EQ,Dev Accelerator,33.9900,34.2000,33.8000,33.9400,58039,998,1977330
VSWS,N,20260805,DEVYANI,EQ,Devyani Internationa,119.7500,126.0000,119.1100,125.0900,9729426,57078,1203551893
VSWS,N,20260805,DGCONTENT,EQ,Digicontent,23.2400,26.1000,23.2400,26.0100,148652,279,3826906
VSWS,N,20260805,DHAMPURSUG,EQ,Dhampur Sugar,151.5000,154.4300,147.7600,149.3000,326829,5889,49179540
VSWS,N,20260805,DHANBANK,EQ,Dhanlaxmi Bank,32.5000,32.9900,32.2600,32.7000,670942,1753,21842669
VSWS,N,20260805,DHANLAXMI,SM,Dhanlaxmi Crop Scien,26.0500,26.0500,26.0500,26.0500,2000,1,52100
VSWS,N,20260805,DHANUKA,EQ,Dhanuka Agritech,1019.0000,1019.0000,1001.4000,1005.5000,20380,1789,20505471
VSWS,N,20260805,DHARAN,BZ,Dharan Infra-Epc,0.1600,0.1700,0.1500,0.1500,17077462,1838,2782235
VSWS,N,20260805,DHARARAIL,ST,Dhara Rail Projects,137.0000,143.0000,137.0000,143.0000,11000,10,1549100
VSWS,N,20260805,DHARIWAL,SM,Dhariwalcorp,20.1500,20.1500,20.1500,20.1500,108000,30,2176200
VSWS,N,20260805,DHARMAJ,EQ,Dharmaj Crop Guard,267.4000,274.2000,267.4000,270.2500,17547,1038,4762138
VSWS,N,20260805,DHRUV,BE,Dhruv Consultancy Se,25.6100,25.6100,24.9000,25.4000,2786,39,69955
VSWS,N,20260805,DHTL,SM,Docmode Health Techn,32.2500,32.2500,32.2500,32.2500,1600,2,51600
VSWS,N,20260805,DHUNINV,EQ,Dhunseri Investments,884.9500,907.7000,865.0000,890.2500,785,90,700763
VSWS,N,20260805,DIACABS,BE,Diamond Power Infra,311.1000,332.2000,309.0000,332.2000,2013032,14623,654977783
VSWS,N,20260805,DIAMINESQ,EQ,Diamines & Chemicals,240.0000,287.6000,239.0000,262.7900,237401,6527,64408893
VSWS,N,20260805,DIAMONDYD,EQ,Prataap Snacks,1177.0000,1192.8000,1151.6000,1174.2000,270599,2691,316658552
VSWS,N,20260805,DICIND,EQ,DIC India,503.1500,514.9500,503.1500,514.9500,231,10,117838
VSWS,N,20260805,DIFFNKG,EQ,Diffusion Engineers,430.9000,430.9500,420.9000,424.2000,81924,2369,34846900
VSWS,N,20260805,DIGIDRIVE,EQ,Digidrive Distributo,17.7100,18.5000,17.7100,17.8400,57574,181,1050784
VSWS,N,20260805,DIGIKORE,SM,Digikore Studios,40.6000,44.7000,40.1500,41.8000,46400,81,1933260
VSWS,N,20260805,DIGISPICE,BE,DiGiSPICE Technologi,17.0900,17.2800,16.7000,16.9800,143833,276,2452926
VSWS,N,20260805,DIGITIDE,EQ,Digitide Solutions,105.4000,105.4000,97.2800,99.1600,395260,3770,39878478
VSWS,N,20260805,DIGJAMLMTD,EQ,Digjam,48.0000,49.8000,47.6000,48.6500,4495,57,217029
VSWS,N,20260805,DIRL,SM,Dhanuka Infra Realty,10.8500,10.8500,10.8500,10.8500,6000,1,65100
VSWS,N,20260805,DISAQ,EQ,Disa India,12470.0000,12470.0000,12143.0000,12199.0000,334,255,4086538
VSWS,N,20260805,DISHTV,BE,Dish TV India,2.8300,2.8500,2.8000,2.8100,665767,688,1883510
VSWS,N,20260805,DIVGIITTS,EQ,Divgi Torqtransfer S,962.0000,1008.0000,962.0000,1002.2000,53346,4139,52778505
VSWS,N,20260805,DIVIDEND,EQ,Mirae Asset B 500 Dv,36.6700,36.7700,36.5100,36.6700,6849,55,250680
VSWS,N,20260805,DIVINEHIRA,ST,Divine Hira Jeweller,107.5000,108.5000,107.0000,108.0000,8400,7,904200
VSWS,N,20260805,DIVISLAB,EQ,Divi's Laboratories,8389.5000,8441.0000,8333.0000,8388.0000,316801,38762,2656792113
VSWS,N,20260805,DIVOPPBEES,EQ,Nippon INft DivOpp50,79.5900,80.2300,79.0000,79.6700,89149,735,7094563
VSWS,N,20260805,DIVYADHAN,ST,Divyadhan Recycling,54.7500,54.7500,54.7500,54.7500,4000,2,219000
VSWS,N,20260805,DIXON,EQ,Dixon Technologies (,14055.0000,14395.0000,14023.0000,14310.0000,445064,55545,6352989987
VSWS,N,20260805,DJML,EQ,DJ Mediaprint & Logi,112.9800,116.0000,100.2500,105.0500,1734711,18431,186595439
VSWS,N,20260805,DKEGL,SM,D K Enterprises Glob,66.0500,66.0500,66.0500,66.0500,1500,1,99075
VSWS,N,20260805,DLF,EQ,DLF,651.1500,665.8000,649.0000,649.1000,4904292,108202,3236554715
VSWS,N,20260805,DLINKINDIA,EQ,D-Link (India),442.0000,448.0000,441.0000,447.0000,67957,2726,30263580
VSWS,N,20260805,DMART,EQ,Avenue Supermarts,4018.0000,4018.5000,3946.0000,3946.0000,347773,23965,1385927488
VSWS,N,20260805,DMCC,EQ,DMCC Speciality Chem,284.5000,289.0000,276.9500,284.5000,88257,1732,25125750
VSWS,N,20260805,DNAMEDIA,EQ,Diligent Media Corpo,2.8600,2.9900,2.7600,2.7900,204365,202,578584
VSWS,N,20260805,DODLA,EQ,Dodla Dairy,1039.3000,1048.3000,1035.6000,1044.6000,13843,4524,14435267
VSWS,N,20260805,DOLATALGO,EQ,Dolat Algotech,68.1000,69.7200,67.0000,67.6500,115819,1742,7938178
VSWS,N,20260805,DOLLAR,EQ,Dollar Industries,275.2000,276.3000,270.0000,272.4500,125220,2253,34243492
VSWS,N,20260805,DOLLEX,SM,Dollex Agrotech,30.2500,30.5500,30.0000,30.5000,196000,22,5951000
VSWS,N,20260805,DOLPHIN,EQ,Dolphin Offshore Ent,407.9000,411.4000,394.6000,402.2000,11760,520,4775729
VSWS,N,20260805,DOMS,EQ,DOMS Industries,2263.6000,2284.2000,2226.0000,2250.5000,54190,6242,121679337
VSWS,N,20260805,DONEAR,EQ,Donear Industries,84.1300,85.5500,84.1300,84.9900,6086,142,516743
VSWS,N,20260805,DPABHUSHAN,EQ,D P Abhushan,1497.0000,1512.9000,1464.3000,1495.2000,37145,3344,55405655
VSWS,N,20260805,DPEL,SM,Divine Power Energy,550.5500,550.5500,542.0000,542.5000,26500,52,14483200
VSWS,N,20260805,DPSCLTD,BE,India Power Corp,7.6300,7.6300,7.4000,7.4200,57028,326,425069
VSWS,N,20260805,DPWIRES,BE,D P Wires,171.0000,171.0000,165.5100,166.3500,6438,175,1076920
VSWS,N,20260805,DRAGARWQ,EQ,Dr Agrawal's Eye Hos,5171.0000,5248.0000,5010.5000,5197.0000,2161,435,11104205
VSWS,N,20260805,DRCSYSTEMS,EQ,DRC Systems India,13.6900,13.6900,13.3200,13.3400,19737,175,263912
VSWS,N,20260805,DREAMFOLKS,EQ,Dreamfolks Services,71.7000,71.8900,69.0100,69.1600,58317,1313,4098138
VSWS,N,20260805,DREDGECORP,EQ,Dredging Corp,1105.7000,1140.8000,1075.2000,1122.8000,287988,17448,321131848
VSWS,N,20260805,DRONE,SM,Drone Destination,41.4000,41.4000,39.5500,40.0500,20000,36,803525
VSWS,N,20260805,DRREDDY,EQ,Dr Reddy's Lab,1171.8000,1178.4000,1157.7000,1176.0000,1883679,70836,2208773067
VSWS,N,20260805,DRSDILIP,SM,DRS Dilip Roadlines,109.9000,109.9000,109.9000,109.9000,800,1,87920
VSWS,N,20260805,DSFCL,BE,DCM Shriram Fine Che,26.3000,26.3000,25.5500,26.0000,62805,66,1608747
VSWS,N,20260805,DSKULKARNI,BE,DS Kulkarni Develop,9.9500,9.9500,9.9500,9.9500,46,2,458
VSWS,N,20260805,DSSL,EQ,Dynacons Systems,1230.0000,1246.9000,1230.0000,1243.3000,8395,968,10426673
VSWS,N,20260805,DTIL,EQ,Dhunseri Tea & Indus,132.7500,134.7000,131.5000,133.5000,5808,150,773047
VSWS,N,20260805,DUCON,EQ,Ducon Infratechnolog,2.9700,3.0100,2.9300,2.9700,79874,253,237538
VSWS,N,20260805,DUGLOBAL,SM,Dudigital Global,26.5500,28.7500,26.5500,28.7500,5000,2,138250
VSWS,N,20260805,DURLAX,SM,Durlax Top Surface,55.1500,55.1500,55.1000,55.1000,10000,5,551100
VSWS,N,20260805,DVL,EQ,Dhunseri Ventures,249.6000,269.0000,249.0000,264.0000,42464,1290,11045142
VSWS,N,20260805,DWARKESH,EQ,Dwarikesh Sugar Indu,41.6000,42.1300,40.0700,40.3100,955040,4617,39211450
VSWS,N,20260805,DYCL,EQ,Dynamic Cables,405.7000,414.9500,402.0500,405.6000,433844,11955,176889084
VSWS,N,20260805,DYNAMATECH,EQ,Dynamatic Tech,10750.0000,11040.0000,10750.0000,10993.0000,13788,4311,150678616
VSWS,N,20260805,DYNAMIC,ST,Dynamic Services & S,141.0000,143.9500,137.5500,138.9500,11000,17,1528275
VSWS,N,20260805,DYNPRO,EQ,Dynemic Products,260.0000,269.7500,258.0000,261.5000,4697,188,1244305
VSWS,N,20260805,E2E,EQ,E2E Networks,574.0000,598.6500,562.5000,598.6500,2619172,41286,1545594399
VSWS,N,20260805,E2ERAIL,ST,E To E Transportatio,279.0000,282.9500,271.7000,278.7000,16800,21,4663840
VSWS,N,20260805,EASEMYTRIP,EQ,Easy Trip Planners,6.6100,6.6400,6.5400,6.5600,19692415,7888,129481648
VSWS,N,20260805,EASTSILK,BE,Eastern Silk Indus,62.9000,63.0100,59.1000,61.2700,2293,31,143067
VSWS,N,20260805,EBANK10,EQ,Edelweiss BSE Top 10,17.0100,17.1000,16.9500,16.9500,19678,26,334516
VSWS,N,20260805,EBANKNIFTY,EQ,Edelweiss Nfty Bank,58.0000,58.6900,58.0000,58.6000,1142,17,66876
VSWS,N,20260805,EBBETF0430,EQ,BHARAT Bond ETF 2030,1605.1700,1620.1700,1605.1700,1616.6100,17914,632,28927989
VSWS,N,20260805,EBBETF0431,EQ,BHARAT Bond ETF - Ap,1444.0000,1448.6100,1439.5000,1442.3300,8616,140,12428868
VSWS,N,20260805,EBBETF0433,EQ,BHARAT Bond ETF-Apri,1318.6000,1318.6000,1312.1000,1317.5400,2283,117,3004718
VSWS,N,20260805,EBGNG,EQ,GNG Electronics,502.6000,533.8500,483.0500,527.4000,2350482,37393,1176587069
VSWS,N,20260805,ECAPINSURE,EQ,Edelweiss BSE Cap M,24.1000,24.1600,23.5100,23.7400,92756,586,2206566
VSWS,N,20260805,ECLERX,EQ,eClerx Services,1924.9000,1939.5000,1895.0000,1917.8000,99708,9603,190891751
VSWS,N,20260805,ECOLINE,ST,Ecoline Exim,191.0000,193.0000,187.5000,192.1500,15000,12,2868600
VSWS,N,20260805,ECOSMOBLTY,BE,Ecos (I) Mobility &,135.5000,135.9000,132.0000,133.2100,29338,293,3924588
VSWS,N,20260805,EDELWEISS,EQ,Edelweiss Financial,118.5000,121.4500,115.2500,117.7800,3796250,24016,453567784
VSWS,N,20260805,EEPL,SM,Eppeltone Engineers,102.0000,102.0500,99.0000,99.8500,24000,24,2413750
VSWS,N,20260805,EFACTOR,SM,E Factor Experiences,179.6500,186.7500,178.0000,186.0000,8400,19,1536660
VSWS,N,20260805,EFCIL,EQ,EFC (I),194.4500,194.4500,187.5600,190.0000,756935,4581,143927422
VSWS,N,20260805,EFFWA,ST,Effwa Infra & Resear,375.0000,380.0000,374.2500,378.7500,12800,29,4843280
VSWS,N,20260805,EFORCE,SM,Electro Force (India,21.2000,21.9000,21.0000,21.0000,8400,7,178500
VSWS,N,20260805,EGOLD,EQ,Edelweiss Gold ETF,142.1500,145.0500,141.9000,144.4000,320056,255,46212195
VSWS,N,20260805,EICHERMOT,EQ,Eicher Motors,7960.0000,8019.0000,7905.5000,7986.5000,424429,42547,3385439686
VSWS,N,20260805,EIDPARRY,EQ,EID Parry,807.5000,827.7000,792.0000,823.1500,685743,28339,557423870
VSWS,N,20260805,EIEL,EQ,Enviro Infra Enginee,226.1000,228.3900,216.8400,218.0600,1566079,14110,345226607
VSWS,N,20260805,EIFFL,BE,Euro India Fresh Foo,269.9500,269.9500,269.9500,269.9500,9899,70,2672235
VSWS,N,20260805,EIHAHOTELS,EQ,EIH Associated Hotel,316.8000,316.8000,305.0500,309.4000,35240,1864,10916021
VSWS,N,20260805,EIHOTEL,EQ,E I H,327.1000,330.7000,326.8500,328.0000,59456,3202,19529058
VSWS,N,20260805,EIMCOELECO,EQ,Eimco Elecon,1879.8000,1898.4000,1800.0000,1814.3000,27333,3008,50140776
VSWS,N,20260805,EKC,EQ,Everest Kanto Cylind,109.2000,110.8600,108.4000,109.5300,83280,1553,9131378
VSWS,N,20260805,ELANTAS,EQ,Elantas Beck India,11299.0000,11847.5000,10728.0000,11847.5000,40039,9867,457886861
VSWS,N,20260805,ELCIDIN,EQ,Elcid Investments,112300.0000,113100.0000,109005.0000,112860.0000,25,25,2796215
VSWS,N,20260805,ELDEHSG,EQ,Eldeco Housing,794.9000,794.9000,773.7000,774.6000,129,12,100006
VSWS,N,20260805,ELECON,EQ,Elecon Engineering,433.2000,442.5000,431.4500,435.3000,420022,18637,183754936
VSWS,N,20260805,ELECTCAST,EQ,Electrosteel Casting,72.0000,74.1500,71.0200,71.9900,1338949,8565,97437656
VSWS,N,20260805,ELECTHERM,EQ,Electrotherm (India),975.0000,1064.8000,961.4000,1007.8000,91552,4038,95169141
VSWS,N,20260805,ELGIEQUIP,EQ,Elgi Equipments,595.0000,599.7000,580.0000,584.1000,337840,33925,198985471
VSWS,N,20260805,ELGIRUBCO,EQ,Elgi Rubber Company,59.0600,63.9500,59.0600,62.7000,209634,1827,13128588
VSWS,N,20260805,ELGNZ,SM,Eleganz Interiors,105.8000,105.9000,101.0000,101.0000,4000,4,413700
VSWS,N,20260805,ELIN,EQ,Elin Electronics,103.9400,103.9400,101.0500,101.7600,91840,1182,9372685
VSWS,N,20260805,ELIQUID,EQ,Edelweiss Nifty 1d R,1042.3000,1042.3200,1042.3000,1042.3000,32319,21,33686330
VSWS,N,20260805,ELITECON,EQ,Elitecon Internation,19.2000,20.5300,17.8500,19.0000,8106349,20762,153889220
VSWS,N,20260805,ELLEN,EQ,Ellenbarrie Industri,285.0000,285.6500,278.3000,280.9500,240160,4799,67620160
VSWS,N,20260805,ELM250,EQ,Edelweiss Nifty Larg,16.8800,17.0300,16.6000,16.7200,39988,228,673474
VSWS,N,20260805,ELMDIV,EQ,Edelweiss BSE LM,37.1500,37.1500,36.8000,37.0400,3904391,187,143955005
VSWS,N,20260805,ELPROINTL,EQ,Elpro International,178.2900,179.1900,178.0000,178.5800,156248,414,27891523
VSWS,N,20260805,EMAMILTD,EQ,Emami,397.5500,405.2500,395.4000,402.3500,1202074,39504,482183177
VSWS,N,20260805,EMAMIPAP,BE,Emami Paper Mills,112.0100,116.0000,107.4700,111.8800,36626,370,4117810
VSWS,N,20260805,EMAMIREAL,BE,Emami Realty,78.0000,79.5000,77.0000,79.0100,6586,38,522197
VSWS,N,20260805,EMAPARTNER,SM,EMA Partners India,79.0000,82.8500,77.5000,82.8500,18000,16,1427200
VSWS,N,20260805,EMBDL,EQ,Embassy Developments,61.4900,61.8000,60.7900,61.1100,1309837,5927,80085990
VSWS,N,20260805,EMCURE,EQ,Emcure Pharmaceutica,1985.0000,2009.2000,1950.0000,1959.0000,178885,17429,352624383
VSWS,N,20260805,EMETAL,EQ,Edelweiss Nifty Meta,13.1200,13.2800,13.0600,13.1600,24279,39,319467
VSWS,N,20260805,EMIL,EQ,Electronics Mart (I),136.0000,149.2500,136.0000,147.5600,16769783,117197,2414014995
VSWS,N,20260805,EMKAY,EQ,Emkay Global & Fin,250.0000,256.3900,247.5000,249.7900,17422,988,4367324
VSWS,N,20260805,EMKAYTOOLS,SM,Emkay Taps & Cutting,94.8000,94.8000,90.2000,91.0000,750,5,69120
VSWS,N,20260805,EMMBI,BE,Emmbi Industries,85.0000,87.4900,85.0000,86.9900,7614,51,658485
VSWS,N,20260805,EMMIL,SM,Energy Mission Machi,121.0000,125.8000,120.0000,125.6000,9250,22,1134638
VSWS,N,20260805,EMMVEE,EQ,Emmvee Photovoltaic,324.7500,329.0000,320.1000,324.6000,962893,24841,314020634
VSWS,N,20260805,EMPOWER,BE,Empower India,2.7000,2.7200,2.6800,2.6800,4969735,3051,13411078
VSWS,N,20260805,EMSLIMITED,EQ,EMS,410.0000,419.0000,405.0000,406.8000,158402,5065,64919053
VSWS,N,20260805,EMUDHRA,EQ,eMudhra,516.5500,525.0000,506.3500,523.1500,312836,14992,161590023
VSWS,N,20260805,EMULTIMQ,EQ,Edelweiss Nfty500 MM,41.7500,41.7500,41.3600,41.5900,25116,188,1043991
VSWS,N,20260805,ENCOMPAS,SM,Encompass Design Ind,256.0000,257.7500,253.3000,254.0500,2400,6,613400
VSWS,N,20260805,ENDURANCE,EQ,Endurance Technologi,2860.0000,2904.1000,2846.0000,2893.4000,155124,19631,447287546
VSWS,N,20260805,ENERGY,EQ,Mirae Asset Nifty En,39.3500,39.3500,38.8400,38.9100,174788,980,6813925
VSWS,N,20260805,ENERGYDEV,EQ,Energy Development,17.2900,17.2900,16.6500,16.6900,22937,255,384013
VSWS,N,20260805,ENEXT50,EQ,Edelweiss Nifty Next,74.0000,74.8000,73.9500,74.4000,409,12,30316
VSWS,N,20260805,ENFUSE,SM,Enfuse Solutions,170.0000,170.0000,160.0000,165.0000,10800,15,1765140
VSWS,N,20260805,ENGINERSIN,EQ,Engineers India,226.4500,241.9000,226.4500,240.2700,8574870,77958,2028883214
VSWS,N,20260805,ENIFTY,EQ,Edelweiss Nifty 50 E,23.6600,24.9300,23.6600,24.7900,4285,61,106170
VSWS,N,20260805,ENIL,EQ,Entertainment Networ,108.1000,110.9500,108.0400,109.2600,15561,320,1701664
VSWS,N,20260805,ENRIN,EQ,Siemens Energy India,3340.0000,3365.0000,3250.1000,3289.8000,378956,34437,1250690908
VSWS,N,20260805,ENSER,SM,Enser Communications,15.8000,15.9000,15.4000,15.6500,60000,12,934250
VSWS,N,20260805,ENTERO,EQ,Entero Healthcare So,1249.7000,1279.2000,1235.0000,1258.8000,191815,16137,241335438
VSWS,N,20260805,ENVIRO,SM,Envirotech Systems,76.0000,77.7500,75.8000,77.7000,16000,16,1231750
VSWS,N,20260805,EPACK,EQ,EPACK Durable,232.3200,233.1000,229.0000,229.5700,300500,3553,69398370
VSWS,N,20260805,EPACKPEB,EQ,Epack Prefab Technol,262.0000,266.8000,254.8000,255.7500,1103124,12307,287633269
VSWS,N,20260805,EPIGRAL,EQ,Epigral,1111.0000,1133.0000,1094.0000,1119.2000,79330,5728,88571673
VSWS,N,20260805,EPL,EQ,EPL,227.7100,230.5900,226.3500,229.8700,247584,9478,56520982
VSWS,N,20260805,EPWINDIA,ST,EPW India,226.0000,246.7500,223.2500,246.7500,30000,24,7033080
VSWS,N,20260805,EQUAL200,EQ,Mirae Asset BSE 200,14.0900,14.1400,14.0600,14.0900,94334,34,1329237
VSWS,N,20260805,EQUAL50,EQ,Mirae Asset Nifty50,341.1800,342.1300,340.2700,340.6500,9906,45,3382017
VSWS,N,20260805,EQUAL50ADD,EQ,DSP Nifty 50 Equal W,353.3700,353.3700,351.6000,352.8300,24521,261,8639291
VSWS,N,20260805,EQUIPPP,BE,Equippp Social Impac,22.9000,23.9800,22.9000,23.9200,16513,42,386149
VSWS,N,20260805,EQUITASBNK,EQ,Equitas Small Financ,76.7800,77.0900,75.5000,75.7600,1633622,11908,124206680
VSWS,N,20260805,ERIS,EQ,Eris Lifesciences,1383.0000,1386.0000,1365.0000,1375.1000,48727,4067,66959809
VSWS,N,20260805,ESABINDIA,EQ,Esab India,5669.0000,5712.0000,5605.0000,5654.0000,2501,1108,14131505
VSWS,N,20260805,ESAFSFB,EQ,ESAF Small Finance B,42.0100,44.2500,41.5100,41.7200,5029074,14430,215098183
VSWS,N,20260805,ESCONET,SM,Esconet Technologies,129.1000,132.0000,127.8000,130.7000,7200,18,934920
VSWS,N,20260805,ESCORTS,EQ,Escorts Kubota,3115.0000,3127.8000,3085.0000,3089.2000,129193,9708,400419703
VSWS,N,20260805,ESENSEX,EQ,Edelweiss BSE Sensex,79.9000,79.9000,78.7000,78.8300,1057,15,83685
VSWS,N,20260805,ESFL,SM,Essen Speciality Fil,114.3000,115.0000,111.5000,112.3500,14400,37,1632384
VSWS,N,20260805,ESG,EQ,Mirae Asst Nifty 100,42.4700,42.6000,42.2700,42.3900,10797,82,457916
VSWS,N,20260805,ESILVER,EQ,Edelweiss Silver ETF,218.1000,223.2700,218.1000,222.5200,43913,997,9735067
VSWS,N,20260805,ESPRIT,SM,Esprit Stones,66.0000,66.0000,65.5000,65.5000,3200,2,210400
VSWS,N,20260805,ESSARSHPNG,EQ,Essar Shipping,20.2000,20.8400,20.0000,20.1000,120686,602,2443518
VSWS,N,20260805,ESSENTIA,BE,Integra Essentia,1.2600,1.2600,1.2600,1.2600,346159,212,436160
VSWS,N,20260805,ESTER,EQ,Ester Industries,88.0000,88.7500,87.1000,88.2000,46459,1055,4088713
VSWS,N,20260805,ETERNAL,EQ,Eternal,313.9000,314.6500,309.5000,310.3500,12296275,86570,3837210855
VSWS,N,20260805,ETHOSLTD,EQ,Ethos,2890.0000,2890.0000,2800.1000,2834.4000,93152,15282,264652756
VSWS,N,20260805,ETL,SM,Emkay Tools,1000.0000,1000.0000,970.0000,970.0000,450,3,441008
VSWS,N,20260805,ETML,SM,Emerald Tyre Manufac,81.9000,81.9000,81.8500,81.8500,2400,2,196500
VSWS,N,20260805,EUREKAFORB,EQ,Eureka Forbes,465.9000,482.2000,463.0000,472.9000,208048,8246,98768607
VSWS,N,20260805,EUROBOND,EQ,Euro Panel Products,165.9000,166.7800,160.9600,161.9800,8517,268,1380325
VSWS,N,20260805,EUROPRATIK,EQ,Euro Pratik Sales,320.0000,320.0000,310.1000,311.9500,192018,4855,60592339
VSWS,N,20260805,EUROTEXIND,BE,Eurotex Industries,12.9400,12.9400,12.8600,12.8600,1030,3,13326
VSWS,N,20260805,EVEREADY,EQ,Eveready Industries,364.0000,364.0000,353.0500,360.0500,191197,5846,68821527
VSWS,N,20260805,EVERESTIND,BE,Everest Industries,466.2500,480.0000,460.2000,469.9500,8127,145,3824702
VSWS,N,20260805,EVIETF,EQ,Icici Pru Nfty Ev &,33.4000,36.0000,33.4000,33.9800,236665,842,8002220
VSWS,N,20260805,EVINDIA,EQ,Mirae A Nifty EV & N,33.7000,33.8500,33.4000,33.6800,454441,2339,15327384
VSWS,N,20260805,EXCELINDUS,EQ,Excel Industries,1049.0000,1052.6000,1026.8500,1041.6000,4015,598,4177117
VSWS,N,20260805,EXCELSOFT,EQ,Excelsoft Technologi,82.5000,84.4500,82.0000,83.9500,392418,4087,32684457
VSWS,N,20260805,EXICOM,EQ,Exicom Tele-systems,166.0000,169.8700,164.1800,166.5400,865812,8848,144504109
VSWS,N,20260805,EXIDEIND,EQ,Exide Industries,460.0000,478.7500,458.9000,467.0000,8582256,115723,4044319838
VSWS,N,20260805,EXIMROUTES,SM,Exim Routes,119.0000,119.0000,114.0000,114.0000,4000,5,465600
VSWS,N,20260805,EXPLEOSOL,EQ,Expleo Solutions,818.4500,820.0000,808.8000,811.7000,10392,790,8437339
VSWS,N,20260805,EXXARO,EQ,Exxaro Tiles,6.2100,6.2300,6.1200,6.1700,89306,385,551324
VSWS,N,20260805,FABTECH,EQ,Fabtech Technologies,152.7700,154.0000,150.3600,151.8800,80578,1454,12244490
VSWS,N,20260805,FACT,EQ,Fert & Chem Travan,845.8000,851.4000,838.4500,840.6000,43645,4216,36845032
VSWS,N,20260805,FAIRCHEMOR,BE,Fairchem Organics,780.8500,780.8500,780.8500,780.8500,12100,68,9448285
VSWS,N,20260805,FALCONTECH,SM,Falcon Technoproject,11.9000,12.7500,11.5000,12.3000,25200,15,300180
VSWS,N,20260805,FAZE3Q,EQ,Faze Three,541.0000,555.0000,541.0000,550.9500,11177,459,6137660
VSWS,N,20260805,FCL,EQ,Fineotex Chemical,38.5500,39.1800,38.3500,38.6500,3383214,7950,130901701
VSWS,N,20260805,FCSSOFT,EQ,FCS Software Solutio,1.4900,1.5000,1.4800,1.4800,770556,796,1144255
VSWS,N,20260805,FDC,EQ,F D C,403.2000,422.4500,381.1000,387.5500,2325803,46180,931987949
VSWS,N,20260805,FEDDERSHOL,EQ,Fedders Holding,42.0000,42.8000,40.9800,42.2800,247297,1824,10288349
VSWS,N,20260805,FEDERALBNK,EQ,Federal Bank,361.9500,361.9500,354.2000,356.4500,5018889,59324,1789569115
VSWS,N,20260805,FEDFINA,EQ,Fedbank Financial Se,150.2800,151.0000,148.6500,149.3100,608478,8298,91265396
VSWS,N,20260805,FEL,BZ,Future Enterprises,0.3700,0.3800,0.3600,0.3700,141053,135,52396
VSWS,N,20260805,FELDVR,BZ,Future Enter Type B,2.4500,2.4500,2.3900,2.4500,555,9,1332
VSWS,N,20260805,FELIX,SM,Felix Industries,181.7500,185.2000,180.3000,181.7000,29000,48,5289025
VSWS,N,20260805,FERMENTA,EQ,Fermenta Biotech,549.3500,564.8000,529.0000,551.1000,272602,14100,150545120
VSWS,N,20260805,FIBERWEB,EQ,Fiberweb (India),30.4900,30.4900,28.9000,29.7300,12251,132,362923
VSWS,N,20260805,FIDEL,SM,Fidel Softech,136.0000,139.8000,131.0000,136.5000,26000,26,3505700
VSWS,N,20260805,FIEMIND,EQ,Fiem Industries,2349.4000,2510.0000,2336.4000,2498.0000,384453,34135,952319523
VSWS,N,20260805,FILATEX,EQ,Filatex India,78.5200,82.4500,78.0100,81.3600,8291793,34983,671427651
VSWS,N,20260805,FILATFASH,BE,Filatex Fashions,0.1900,0.1900,0.1800,0.1800,10702772,1702,1989373
VSWS,N,20260805,FINBUD,SM,Finbud Financial Ser,144.0000,144.0000,138.0000,138.8000,43000,37,6055700
VSWS,N,20260805,FINCABLES,EQ,Finolex Cables,995.5000,1012.9000,994.0000,1003.3500,270952,25012,272111641
VSWS,N,20260805,FINEORG,EQ,Fine Organic Industr,4965.5000,5014.7000,4858.0000,4940.4000,13663,3517,68068288
VSWS,N,20260805,FINIETF,EQ,ICICI Pru Nif Fin Se,33.6900,34.3600,33.6800,33.8700,477338,1269,16187269
VSWS,N,20260805,FINKURVE,EQ,Finkurve Financial,63.8000,63.8000,58.8400,59.0500,28879,680,1725931
VSWS,N,20260805,FINOPB,EQ,Fino Payments Bank,161.9000,164.5200,161.0000,161.4700,340374,4147,55344225
VSWS,N,20260805,FINPIPE,EQ,Finolex Industries,165.8000,168.0000,165.4400,167.1500,477901,10161,79688538
VSWS,N,20260805,FIRSTCRY,EQ,Brainbees Solutions,215.5000,217.9500,213.4200,215.3100,632890,10561,136265763
VSWS,N,20260805,FISCHER,EQ,Fischer Medical Vent,38.0000,38.2200,37.5000,37.6700,1729720,2226,65350301
VSWS,N,20260805,FIVESTAR,EQ,Five-Star Business F,547.3000,550.5000,541.6000,547.7000,322666,13849,176395908
VSWS,N,20260805,FLAIR,EQ,Flair Writing Indust,250.1000,253.3000,249.2000,252.1000,249698,2171,62515163
VSWS,N,20260805,FLEXIADD,EQ,DSP Nifty500 Flexica,10.3500,10.3800,10.3200,10.3600,149876,414,1550818
VSWS,N,20260805,FLEXITUFF,BE,Flexituff Ventur Int,3.9900,3.9900,3.8000,3.8200,67723,150,262220
VSWS,N,20260805,FLFL,BZ,Future Lifestyle Fas,1.2300,1.2600,1.2000,1.2200,23687,57,28801
VSWS,N,20260805,FLUOROCHEM,EQ,Gujarat Fluorochemic,4606.7000,4649.0000,4480.0000,4498.1000,102970,16221,469175983
VSWS,N,20260805,FLYSBS,SM,FlySBS Aviation,449.3000,454.6000,436.6000,444.8000,51600,191,22924410
VSWS,N,20260805,FMCGADD,EQ,DSP Nifty FMCG ETF,49.5100,49.7100,48.5000,49.1300,6419,238,317617
VSWS,N,20260805,FMCGIETF,EQ,ICICI Pru Nifty FMCG,53.3500,53.5800,52.9300,53.1500,1036553,3361,55015183
VSWS,N,20260805,FMGOETZE,EQ,Federal-Mogul Goetze,477.6000,501.0500,465.6000,486.7500,99063,3480,48099027
VSWS,N,20260805,FMNL,BE,Future Market Networ,9.4200,9.6900,9.1600,9.5000,22195,65,206269
VSWS,N,20260805,FOCE,SM,Foce India,540.0000,540.0000,540.0000,540.0000,10080,2,5443200
VSWS,N,20260805,FOCUS,BE,Focus Lighting & Fix,69.0000,70.9800,66.8000,67.0100,71816,442,4861194
VSWS,N,20260805,FONEBOX,SM,Fonebox Retail,88.1000,89.0000,86.0000,89.0000,4000,4,352100
VSWS,N,20260805,FOODSIN,EQ,Foods & Inns,54.9800,55.0900,53.2000,53.4400,65300,669,3531358
VSWS,N,20260805,FORCAS,ST,Forcas Studio,194.3500,194.3500,184.1000,184.1000,11200,7,2111120
VSWS,N,20260805,FORCEMOT,EQ,Force Motors,18490.0000,18840.0000,18449.0000,18538.0000,87146,21256,1624182034
VSWS,N,20260805,FORGEAUTO,SM,Forge Auto Internati,105.4000,105.4000,105.4000,105.4000,8400,4,885360
VSWS,N,20260805,FORTIS,EQ,Fortis Healthcare,935.7000,935.7000,915.0500,925.0000,1897685,64423,1753621234
VSWS,N,20260805,FOSECOIND,EQ,Foseco India,5251.0000,5374.5000,5215.5000,5346.5000,4295,865,22686576
VSWS,N,20260805,FRACTAL,EQ,Fractal Analytics,802.0000,810.5000,788.0000,798.1500,356628,17915,285464910
VSWS,N,20260805,FRESHARA,ST,Freshara Agro Export,379.0000,388.7500,363.0000,366.2500,22200,35,8203800
VSWS,N,20260805,FROG,ST,Frog Innovations,208.9500,208.9500,208.9500,208.9500,5600,11,1170120
VSWS,N,20260805,FRONTSP,EQ,Frontier Springs,1352.1000,1433.0000,1352.1000,1405.4000,24717,3062,34357957
VSWS,N,20260805,FSL,EQ,Firstsource Solution,332.0000,341.9000,328.0000,339.4500,3534168,53124,1184009592
VSWS,N,20260805,FUSION,EQ,Fusion Finance,208.6000,211.0000,202.0000,209.7200,667327,9149,138496147
VSWS,N,20260805,FWSTC,SM,Flywings Simulator T,195.0000,195.0000,195.0000,195.0000,1200,2,234000
VSWS,N,20260805,GABRIEL,EQ,Gabriel India,1540.0000,1600.0000,1537.2000,1587.7000,779056,41994,1232343123
VSWS,N,20260805,GAEL,EQ,Gujarat Amb Exports,176.0000,179.7900,171.1000,174.8300,1247058,20765,220912964
VSWS,N,20260805,GAIL,EQ,Gail (India),176.0000,177.2500,173.2500,176.9600,13429251,136555,2347487213
VSWS,N,20260805,GALAPREC,EQ,Gala Precision Engin,1108.1000,1147.0000,1107.2000,1124.5000,22985,3098,25955322
VSWS,N,20260805,GALAXYSURF,EQ,Galaxy Surfactants,1975.1000,2015.0000,1975.1000,2005.8000,3815,926,7601842
VSWS,N,20260805,GALLANTT,EQ,Gallantt Ispat,628.7000,641.6500,617.1000,624.0500,68044,3662,42712282
VSWS,N,20260805,GANDHAR,EQ,Gandhar Oil Refinery,239.0000,239.9800,230.0000,231.4100,1401577,13759,329770416
VSWS,N,20260805,GANDHITUBE,EQ,Gandhi Special Tubes,900.5500,905.5000,888.1000,896.9500,12135,746,10875895
VSWS,N,20260805,GANECOS,EQ,Ganesha Ecosphere,1126.8000,1165.0000,1076.9000,1094.9000,201026,13355,225193627
VSWS,N,20260805,GANESHBE,BE,Ganesh Benzoplast,123.0000,125.0000,119.0000,120.9800,286755,1061,35147882
VSWS,N,20260805,GANESHCP,EQ,Ganesh Consumer Prod,178.6900,178.6900,171.0100,172.0900,120476,3855,20951794
VSWS,N,20260805,GANESHHOU,EQ,Ganesh Housing,778.5000,799.0000,770.0500,778.7500,24814,1702,19502914
VSWS,N,20260805,GANESHIN,ST,Ganesh Infraworld,113.0000,114.3000,103.5000,114.3000,499200,330,55728800
VSWS,N,20260805,GANGABATH,SM,Ganga Bath Fittings,22.6500,22.7000,22.0500,22.5500,18000,6,404700
VSWS,N,20260805,GANGAFORGE,BE,Ganga Forging,1.8700,1.9500,1.8700,1.9400,13483414,6385,26276969
VSWS,N,20260805,GANGESSECU,EQ,Ganges Securities,119.9000,122.3900,116.1000,120.8700,3285,80,395403
VSWS,N,20260805,GARFIBRES,EQ,Garware Technical,781.7000,810.0000,761.4000,797.3500,176068,12569,139831271
VSWS,N,20260805,GARUDA,EQ,Garuda Const & Engin,173.8000,181.6200,173.8000,178.3600,491663,8202,87670899
VSWS,N,20260805,GATECH,EQ,GACM Technologies,0.6200,0.6400,0.6200,0.6200,6652874,1570,4124890
VSWS,N,20260805,GATECHDVR,BE,GACM Techno Type B,0.5100,0.5300,0.4900,0.4900,577786,204,290205
VSWS,N,20260805,GATEWAY,EQ,Gateway Distriparks,60.2900,60.6000,55.8000,55.9100,5134083,21586,294891344
VSWS,N,20260805,GAUDIUMIVF,BE,Gaudium IVF And Wome,129.4200,131.0000,129.4200,131.0000,286243,889,37201597
VSWS,N,20260805,GAYAHWS,EQ,Gayatri Highways,1.9900,2.0500,1.8300,1.9400,433982,473,844927
VSWS,N,20260805,GAYAPROJ,BE,Gayatri Projects,19.5000,19.8000,18.8200,19.0000,290546,1780,5587804
VSWS,N,20260805,GCHOTELS,ST,Grand Continent Hote,104.9500,109.0000,102.0000,108.6500,42600,55,4485360
VSWS,N,20260805,GCSL,EQ,Gretex Corporate Ser,512.5500,529.2500,510.3500,523.0500,721185,6578,375712442
VSWS,N,20260805,GEECEE,BE,GeeCee Ventures,355.0000,364.4500,355.0000,359.5500,1809,43,653905
VSWS,N,20260805,GEEKAYWIRE,EQ,Geekay Wires,22.5600,23.2100,22.1200,22.3000,93368,1009,2107529
VSWS,N,20260805,GEMAROMA,EQ,Gem Aromatics,191.0200,191.0200,183.7000,184.6300,71041,1401,13197272
VSWS,N,20260805,GENCON,EQ,Generic Eng Con & Pr,39.8400,40.2000,39.2000,39.4900,232160,806,9242618
VSWS,N,20260805,GENESYS,EQ,Genesys Intl,316.6500,335.0000,316.5000,328.7000,867119,14222,282194938
VSWS,N,20260805,GENSOL,BZ,Gensol Engineering,17.9200,18.7900,17.9000,18.0200,137578,1114,2506743
VSWS,N,20260805,GENUSPAPER,EQ,Genus Paper & Boards,12.6900,12.8500,12.3600,12.6500,77055,242,972100
VSWS,N,20260805,GENUSPOWER,EQ,Genus Power Infrastr,317.3500,318.9000,308.6500,309.5500,917615,12019,286643173
VSWS,N,20260805,GENXAI,SM,GenXAI Analytics,82.8000,83.5000,81.2000,81.3000,24000,20,1980660
VSWS,N,20260805,GEOJITFSL,EQ,Geojit Financial Ser,78.9800,79.6300,76.2500,76.9500,224604,4117,17403471
VSWS,N,20260805,GESHIP,EQ,GE Shipping,1450.0000,1459.9000,1398.3000,1404.7000,1008274,43916,1429758265
VSWS,N,20260805,GFLLIMITED,EQ,GFL,49.0000,50.5000,48.7100,49.8100,82587,1396,4087002
VSWS,N,20260805,GGBL,SM,Ganesh Green Bharat,255.1000,259.6000,251.6500,255.0500,29400,85,7491045
VSWS,N,20260805,GHCL,EQ,GHCL,445.5000,446.0000,437.1000,438.1500,235652,4856,103737040
VSWS,N,20260805,GHCLTEXTIL,EQ,GHCL Textiles,115.8000,115.8400,112.5500,114.9600,736064,7686,84357282
VSWS,N,20260805,GICHSGFIN,EQ,GIC Housing Finance,149.7600,150.5000,148.5000,149.8300,57558,1154,8611199
VSWS,N,20260805,GICL,EQ,Globe International,18.1000,19.1700,18.0200,19.0000,363243,523,6865175
VSWS,N,20260805,GICRE,EQ,General Insurance Co,364.0000,364.5000,358.5000,359.6500,646201,11016,233391424
VSWS,N,20260805,GILLANDERS,EQ,Gillanders Arbuthnot,90.0100,92.4100,89.0100,90.7600,1570,40,142545
VSWS,N,20260805,GILLETTE,EQ,Gillette India,7720.0000,7776.0000,7638.0000,7688.0000,18810,5950,144743491
VSWS,N,20260805,GILT10BETA,EQ,UTI Nifty 10 Y Bench,26.6500,26.9900,26.3400,26.6700,277,17,7415
VSWS,N,20260805,GILT5YBEES,EQ,Nippon INft 5Y GSec,66.1400,66.5000,66.0500,66.3300,323671,848,21452615
VSWS,N,20260805,GINNIFILA,BE,Ginni Filaments,46.6500,46.6500,44.1000,46.2000,19484,103,884337
VSWS,N,20260805,GIPCL,EQ,Gujarat Ind Power,162.0100,163.9900,159.5000,160.7900,406030,4261,65449800
VSWS,N,20260805,GIRIRAJ,SM,Giriraj Civil Develo,60.0000,61.0000,57.4500,57.7500,15250,42,888888
VSWS,N,20260805,GJL,ST,Grover Jewells,172.4000,172.4000,172.4000,172.4000,800,1,137920
VSWS,N,20260805,GKENERGY,EQ,GK Energy,130.8000,132.8600,130.8000,131.7300,232047,2556,30538298
VSWS,N,20260805,GKSL,EQ,Gujarat Kidney And S,131.0000,135.4900,130.1200,134.5700,419102,6524,56200875
VSWS,N,20260805,GKWLIMITED,EQ,G K W,1679.8000,1696.9000,1646.0000,1646.8000,126,19,209512
VSWS,N,20260805,GLAND,EQ,Gland Pharma,2587.5000,2595.7000,2531.1000,2545.1000,299935,36112,765900567
VSWS,N,20260805,GLAXO,EQ,Glaxosmithkline Phar,2648.0000,2650.2000,2515.0000,2569.7000,51205,7645,132904084
VSWS,N,20260805,GLENMARK,EQ,Glenmark Pharma,2223.0000,2263.3000,2202.2000,2259.0000,388492,27167,867163688
VSWS,N,20260805,GLFL,BE,Gujarat Lease Fin,5.8500,5.8500,5.5700,5.6400,6544,29,36559
VSWS,N,20260805,GLOBAL,EQ,Global Education,102.5000,104.5000,102.5000,104.0100,19356,240,2005223
VSWS,N,20260805,GLOBALE,BE,Globale Tessile,11.0000,11.0000,10.6200,10.6600,3613,15,39011
VSWS,N,20260805,GLOBALVECT,EQ,Global Vectra Helico,167.6000,167.6000,162.0000,162.5800,4860,301,794090
VSWS,N,20260805,GLOBE,EQ,Globe Enterprises (I,2.0500,2.1100,2.0400,2.0500,382393,239,795333
VSWS,N,20260805,GLOBECIVIL,EQ,Globe Civil Projects,40.7000,40.8000,38.5000,39.2100,71983,891,2837824
VSWS,N,20260805,GLOBUSSPR,EQ,Globus Spirits,891.0000,911.9500,887.9000,891.5500,78125,3129,70302809
VSWS,N,20260805,GLOSTERLTD,EQ,Gloster,677.8000,691.4500,665.1000,674.9500,5818,449,3960197
VSWS,N,20260805,GLOTTIS,BE,Glottis,67.0000,67.6000,67.0000,67.0900,26920,235,1807164
VSWS,N,20260805,GMBREW,EQ,GM Breweries,900.8000,911.4500,900.8000,908.2000,16887,1367,15315195
VSWS,N,20260805,GMDCLTD,EQ,Gujarat Mineral Deve,558.0000,583.3500,558.0000,579.9000,2369220,42195,1358683783
VSWS,N,20260805,GML,SM,Galaxy Medicare,16.2000,16.2500,16.1000,16.2500,12000,6,194500
VSWS,N,20260805,GMMPFAUDLR,EQ,GMM Pfaudler,856.6500,867.2000,845.0000,857.1000,97107,5146,83414716
VSWS,N,20260805,GMRAIRPORT,EQ,GMR Airports,107.3600,107.8900,105.8900,107.0000,8452825,35934,900825191
VSWS,N,20260805,GMRP&UI,EQ,GMR Power & Urban In,97.7900,98.0000,95.2500,95.6700,696431,8105,67223180
VSWS,N,20260805,GNA,EQ,GNA Axles,518.6000,553.9500,518.6000,529.7000,1101156,29640,589081994
VSWS,N,20260805,GNFC,EQ,G N F C,524.8000,539.7000,523.1500,538.3000,773442,23128,413095980
VSWS,N,20260805,GNRL,EQ,Gujarat Natural Reso,95.0900,95.0900,93.5000,94.0700,31300,500,2951549
VSWS,N,20260805,GOACARBON,EQ,Goa Carbon,383.8500,392.0000,380.0000,384.3500,14016,922,5404331
VSWS,N,20260805,GOCLCORP,EQ,GOCL Corporation,411.6500,416.0000,409.0000,412.3500,40516,1448,16728741
VSWS,N,20260805,GOCOLORS,EQ,Go Fashion (India),322.4000,348.9000,321.2500,324.3500,995084,19342,334530798
VSWS,N,20260805,GODAVARIB,EQ,Godavari Biorefineri,261.7500,268.9500,261.7500,267.4000,108981,1980,29022734
VSWS,N,20260805,GODFRYPHLP,EQ,Godfrey Phillips,2336.9000,2359.0000,2288.0000,2325.0000,559710,31027,1299340752
VSWS,N,20260805,GODIGIT,EQ,Go Digit General Ins,281.6000,290.9000,275.6000,280.4000,8263565,110486,2323561240
VSWS,N,20260805,GODREJAGRO,EQ,Godrej Agrovet,566.0000,568.0000,560.6000,566.4500,80487,4980,45469729
VSWS,N,20260805,GODREJCP,EQ,Godrej Consumer Prod,1070.0000,1077.5000,1060.0000,1069.0000,1283218,59768,1371643024
VSWS,N,20260805,GODREJIND,EQ,Godrej Industries,1320.0000,1349.9000,1305.1000,1320.4000,191232,14236,253246539
VSWS,N,20260805,GODREJPROP,EQ,Godrej Properties,2055.7000,2143.9000,2055.7000,2099.0000,1901625,75172,4026396113
VSWS,N,20260805,GOKEX,EQ,Gokaldas Exports,802.0000,819.7000,802.0000,805.7000,226618,9753,183605319
VSWS,N,20260805,GOKUL,EQ,Gokul Refoils & Sol,40.0000,40.0000,39.1200,39.4600,129009,547,5115263
VSWS,N,20260805,GOKULAGRO,EQ,Gokul Agro Resources,233.2000,237.0000,227.0000,227.5300,708539,10298,163717149
VSWS,N,20260805,GOLD1,EQ,Kotak - Gold ETF,118.2800,120.8800,118.0100,120.5700,1829571,7041,220412632
VSWS,N,20260805,GOLD360,EQ,360 One Gold ETF,139.7000,141.4500,138.3000,140.7500,22587,259,3167120
VSWS,N,20260805,GOLDADD,EQ,DSP Gold ETF,139.0700,140.8500,138.7100,140.4300,1749679,13390,245766707
VSWS,N,20260805,GOLDAXIS,EQ,Axis MF Axis GoldETF,118.9500,120.9600,118.9500,120.6500,2154800,4439,259460097
VSWS,N,20260805,GOLDBEES,EQ,Nippon India ETF Gol,118.0600,119.7500,118.0600,119.3900,27179534,87831,3239081400
VSWS,N,20260805,GOLDBETA,EQ,UTI - Gold ETF,119.9500,121.8000,119.9000,121.5000,437500,2249,53031237
VSWS,N,20260805,GOLDBND,EQ,Bandhan Gold ETF,142.2500,147.5000,142.2500,144.5900,16838,253,2428421
VSWS,N,20260805,GOLDCASE,EQ,Zerodha Gold ETF,22.4100,22.7700,22.3900,22.7100,26635583,35560,602434966
VSWS,N,20260805,GOLDENTOBC,BZ,Golden Tobacco,26.0500,26.0500,24.0000,24.9200,1330,23,33164
VSWS,N,20260805,GOLDETF,EQ,Mirae Asset Gold ETF,139.0900,140.6500,138.9200,140.4000,781106,10946,109501661
VSWS,N,20260805,GOLDIAM,EQ,Goldiam Internation,364.5000,365.9500,360.1000,362.1500,287739,5306,104433622
VSWS,N,20260805,GOLDIETF,EQ,ICICI Pru Gold,122.1200,124.0600,122.1200,123.8800,3667256,24967,452997294
VSWS,N,20260805,GOLDSTAR,SM,Goldstar Power,6.7500,6.7500,6.7500,6.7500,11250,1,75938
VSWS,N,20260805,GOLDTECH,BE,Aion-Tech Solutions,54.5000,55.0000,53.1000,54.7100,17091,150,923372
VSWS,N,20260805,GOODLUCK,EQ,Goodluck India,1505.1000,1529.0000,1482.2000,1497.6000,96186,5997,144508805
VSWS,N,20260805,GOODYEAR,EQ,Goodyear India,844.0000,844.0000,809.2000,826.8500,39355,2314,32426660
VSWS,N,20260805,GOPAL,EQ,Gopal Snacks,277.0000,279.0000,273.0000,274.5500,138689,5025,38276801
VSWS,N,20260805,GOYALALUM,EQ,Goyal Aluminiums,6.4900,6.5900,6.4500,6.5200,46157,305,301628
VSWS,N,20260805,GOYALSALT,SM,Goyal Salt,115.0000,116.0000,112.0000,113.0000,4800,8,549000
VSWS,N,20260805,GPECO,ST,GP Eco Solutions Ind,413.0000,422.6500,413.0000,417.8000,10000,33,4177180
VSWS,N,20260805,GPIL,EQ,Godawari Power & Isp,245.1500,248.4000,244.5300,246.3300,959407,16920,236724270
VSWS,N,20260805,GPPL,EQ,Gujarat Pipavav Port,151.8000,153.9500,151.2600,151.6800,1350129,13828,206065182
VSWS,N,20260805,GPTHEALTH,EQ,GPT Healthcare,164.5900,165.0000,161.1100,164.7000,131578,3180,21524572
VSWS,N,20260805,GPTINFRA,EQ,GPT Infraprojects,113.3900,118.0000,112.6400,117.2500,208284,3012,24023682
VSWS,N,20260805,GRADIENTE,BE,Gradiente Infotainme,2.7000,2.7000,2.6000,2.6500,191930,159,505871
VSWS,N,20260805,GRANDOAK,EQ,Grand Oak Canyons Di,39.2100,40.3000,37.1000,39.8500,5387,79,214306
VSWS,N,20260805,GRANULES,EQ,Granules India,827.8000,847.0000,822.0000,845.1000,539648,18303,452742938
VSWS,N,20260805,GRAPHISAD,SM,Graphisads,30.0000,30.9000,28.5000,28.7500,32400,20,953340
VSWS,N,20260805,GRAPHITE,EQ,Graphite India,715.0000,744.8000,704.8000,709.1500,5506338,128872,4004469943
VSWS,N,20260805,GRASIM,EQ,Grasim Industries,3150.0000,3228.7000,3135.8000,3224.0000,692531,43226,2218113018
VSWS,N,20260805,GRAUWEIL,EQ,Grauer & Weil,72.0000,73.0700,68.4300,68.7800,968947,6262,68617293
VSWS,N,20260805,GRAVISSHO,EQ,Graviss Hospitality,29.4000,31.8900,29.4000,30.8200,567,14,17868
VSWS,N,20260805,GRAVITA,EQ,Gravita India,1670.3000,1704.9000,1664.0000,1688.8000,274140,18194,462597648
VSWS,N,20260805,GRCL,ST,Gayatri Rubbers & Ch,550.0000,550.0000,527.2500,538.7000,2750,10,1464600
VSWS,N,20260805,GREAVESCOT,EQ,Greaves Cotton,202.0000,207.2400,194.5000,195.9200,6445468,53879,1296217058
VSWS,N,20260805,GREENCHEF,SM,Greenchef Appliances,53.6000,53.6000,53.0000,53.0000,5600,7,297800
VSWS,N,20260805,GREENLAM,EQ,Greenlam Industries,249.1000,272.4500,249.1000,266.7000,733143,16114,195363845
VSWS,N,20260805,GREENLEAF,ST,Greenleaf Envirotech,109.0000,112.3500,109.0000,112.3500,17000,15,1903450
VSWS,N,20260805,GREENPANEL,EQ,Greenpanel Industrie,200.0100,204.9300,197.2000,199.3900,128487,4465,25937932
VSWS,N,20260805,GREENPLY,EQ,Greenply Industries,288.0000,299.0000,288.0000,293.3000,607879,3944,179030244
VSWS,N,20260805,GREENPOWER,EQ,Orient Green Power C,10.0500,10.1300,9.9800,10.0000,1443397,2671,14496361
VSWS,N,20260805,GRETEX,SM,Gretex Industries,262.0000,278.0000,262.0000,276.6500,58500,8,15769500
VSWS,N,20260805,GRINDWELL,EQ,Grindwell Norton,2094.5000,2131.3000,2081.0000,2100.7000,36932,9120,77677880
VSWS,N,20260805,GRINFRA,EQ,G R Infraprojects,905.8000,915.2000,894.0500,897.5000,10240,1733,9254903
VSWS,N,20260805,GRMOVER,EQ,GRM Overseas,91.7900,93.4800,90.0100,90.8900,1078820,11483,98789328
VSWS,N,20260805,GROBTEA,EQ,Grob Tea Company,903.5000,914.0000,878.4000,898.8000,103,27,92487
VSWS,N,20260805,GROWW,EQ,Billionbrains Garage,192.4500,194.3900,191.5000,191.8400,12868750,69220,2479026174
VSWS,N,20260805,GROWWCAPM,EQ,Groww Nifty Capital,11.2400,11.2400,11.0500,11.0900,493312,1153,5472193
VSWS,N,20260805,GROWWCHEM,EQ,Groww Nifty Chemical,30.2400,30.7700,30.2400,30.4800,68427,294,2081814
VSWS,N,20260805,GROWWDEFNC,EQ,Groww Nifty India De,93.7700,96.1500,93.2900,94.3900,216496,2546,20387412
VSWS,N,20260805,GROWWEV,EQ,Groww Nfty EV & New,33.1100,34.5900,33.1100,33.9000,612829,2861,20627537
VSWS,N,20260805,GROWWGOLD,EQ,Groww Gold ETF,14.0300,14.1700,13.9700,14.1100,3074995,4239,43319437
VSWS,N,20260805,GROWWHOSPI,EQ,Groww BSE Hospitals,54.0300,62.0000,53.4200,54.3000,641032,1194,34736814
VSWS,N,20260805,GROWWLIQID,EQ,Groww Nifty 1D Rate,110.1900,110.2100,110.1900,110.2000,189774,210,20913962
VSWS,N,20260805,GROWWLOVOL,EQ,Groww Nifty 500 Low,10.6600,10.9400,10.6300,10.6800,6910,90,73911
VSWS,N,20260805,GROWWMC150,EQ,Groww Nifty Midcap 1,234.0000,236.3200,233.9200,235.5200,2019,31,474515
VSWS,N,20260805,GROWWMETAL,EQ,Groww Nifty Metal ET,12.4000,12.6400,12.2500,12.5900,1132605,1984,14155434
VSWS,N,20260805,GROWWMOM50,EQ,Groww Nifty 500 Mome,11.0400,11.0400,10.7100,10.8600,147815,404,1605493
VSWS,N,20260805,GROWWN200,EQ,Groww Nifty 200 ETF,11.5900,11.6200,11.5100,11.5500,24215,221,280254
VSWS,N,20260805,GROWWNET,EQ,Groww Nifty India In,10.1300,10.4200,10.1300,10.2600,281746,1634,2897796
VSWS,N,20260805,GROWWNIFTY,EQ,Groww Nifty 50 ETF,10.1400,10.1400,9.8900,9.9500,672623,7170,6688654
VSWS,N,20260805,GROWWNXT50,EQ,Groww Nifty Next 50,76.3500,76.3500,74.1000,74.9700,22501,223,1685576
VSWS,N,20260805,GROWWPOWER,EQ,Groww BSE Power ETF,11.7000,11.7400,11.5400,11.6000,3576715,3571,41528687
VSWS,N,20260805,GROWWPSE,EQ,Groww Nifty PSE ETF,100.3100,100.4800,99.4900,99.9100,3728,43,372166
VSWS,N,20260805,GROWWPSUBK,EQ,Groww Nifty PSU Bank,85.1300,85.9500,85.1000,85.5800,4113,69,351325
VSWS,N,20260805,GROWWRAIL,EQ,Groww Nfty I Railway,29.5400,29.8800,29.3000,29.4800,635608,3222,18715582
VSWS,N,20260805,GROWWRLTY,EQ,Groww Nifty Real ETF,10.0500,10.2800,9.9500,10.1000,175684,425,1788400
VSWS,N,20260805,GROWWSC250,EQ,Groww Nifty Smallcap,10.6400,10.6500,10.5500,10.5900,158721,473,1681334
VSWS,N,20260805,GROWWSLVR,EQ,Groww Silver ETF,21.6600,21.9400,21.5800,21.8900,2588527,2488,56472943
VSWS,N,20260805,GRPLTD,EQ,GRP,1981.0000,2004.9000,1935.1000,1977.3000,1977,533,3898366
VSWS,N,20260805,GRSE,EQ,Garden Reach Shipbui,2559.1000,2568.0000,2500.0000,2507.3000,519110,36154,1313487081
VSWS,N,20260805,GRWRHITECH,EQ,Garware Hi-Tech Film,7390.0000,7427.5000,7303.5000,7409.5000,39681,6998,292641957
VSWS,N,20260805,GSEC10IETF,EQ,ICICIPru Nfty10 Benc,264.5000,265.4400,263.0300,263.0300,801,9,211180
VSWS,N,20260805,GSEC10YEAR,EQ,Mirae Ass Nfty 8-13,30.4800,30.5900,30.4800,30.5900,37,6,1132
VSWS,N,20260805,GSEC5IETF,EQ,ICICI Prud 5 Yr Benc,66.4000,66.5000,65.8600,66.1400,54812,53,3632096
VSWS,N,20260805,GSFC,EQ,G S F C,161.0500,162.5200,161.0200,162.2300,345846,5134,55988724
VSWS,N,20260805,GSLSU,EQ,Global Surfaces,28.7100,28.9000,28.0100,28.6500,32655,418,931120
VSWS,N,20260805,GSMFOILS,SM,GSM Foils,139.6500,139.6500,139.6500,139.6500,67500,68,9426375
VSWS,N,20260805,GSPCROP,EQ,GSP Crop Science,596.6500,598.9000,585.0000,593.3000,348526,5519,207126949
VSWS,N,20260805,GSS,EQ,GSS Infotech,14.2400,14.5200,13.8500,14.0200,35146,172,497626
VSWS,N,20260805,GSTL,SM,Globesecure Technolo,16.2000,16.3500,15.2500,16.3500,12000,12,192600
VSWS,N,20260805,GTECJAINX,BE,G-Tec Jainx Educatio,29.1400,29.1400,27.7500,29.0000,3503,18,100985
VSWS,N,20260805,GTL,EQ,G T L,7.3400,7.5400,7.3400,7.4500,111522,462,834430
VSWS,N,20260805,GTLINFRA,EQ,GTL Infrastructure,1.2900,1.3200,1.2700,1.2700,47858429,12247,61688932
VSWS,N,20260805,GTPL,EQ,GTPL Hathway,61.4100,62.5000,59.8100,59.9100,63141,482,3828854
VSWS,N,20260805,GUFICBIO,EQ,Gufic Biosciences,400.0000,401.0000,392.0000,394.3500,36755,1549,14547245
VSWS,N,20260805,GUJALKALI,EQ,Gujarat Alkalies,687.0000,689.4000,675.3000,677.3500,35094,2572,23847739
VSWS,N,20260805,GUJAPOLLO,EQ,Gujarat Apollo Ind,363.7000,369.6500,363.7000,367.1000,4116,252,1508569
VSWS,N,20260805,GUJENERGY,EQ,Gujarat Energy,278.8500,278.9000,270.2000,272.5500,650243,41729,177426819
VSWS,N,20260805,GUJRAFFIA,EQ,Gujarat Raffia,40.8000,40.8000,39.0000,39.9400,1028,36,41036
VSWS,N,20260805,GUJTHEM,EQ,Gujarat Themis,359.0000,359.0000,352.0000,355.9500,30331,949,10769462
VSWS,N,20260805,GULFOILLUB,EQ,Gulf Oil Lubricants,1169.9000,1203.4000,1160.3000,1179.6000,155211,11819,183185351
VSWS,N,20260805,GULFPETRO,BE,GP Petroleums,53.5000,55.0000,52.0000,52.0800,247035,942,13155141
VSWS,N,20260805,GULPOLY,EQ,Gulshan Polyols,199.9000,209.9000,198.4000,208.9100,1194680,12237,243183193
VSWS,N,20260805,GVKPIL,BE,GVK Power & Infra,2.4300,2.4600,2.4000,2.4200,404275,593,979607
VSWS,N,20260805,GVPIL,EQ,GE Power India,755.1000,756.1000,740.0000,742.5000,101271,6267,75561256
VSWS,N,20260805,GVPTECH,EQ,GVP Infotech,7.0800,7.1000,6.9900,7.0300,24282,141,170724
VSWS,N,20260805,GVT&D,EQ,GE Vernova T&D India,4380.0000,4410.0000,4313.9000,4410.0000,626067,70582,2737685903
VSWS,N,20260805,GYFTR,EQ,Gyftr,163.5700,163.9000,157.0000,161.3100,39291,547,6293921
VSWS,N,20260805,HAL,EQ,Hindustan Aeronautic,4641.0000,4673.4000,4603.3000,4645.0000,655940,63392,3038960935
VSWS,N,20260805,HALDER,EQ,Halder Venture,273.0000,273.0000,250.7300,256.5600,30334,243,7683797
VSWS,N,20260805,HALDYNGL,BE,Haldyn Glass,139.1900,139.1900,127.5000,137.5000,254268,1011,34980116
VSWS,N,20260805,HALEOSLABS,EQ,Haleos Labs,1550.4000,1599.4000,1400.0000,1427.7000,2483,344,3636244
VSWS,N,20260805,HAPPSTMNDS,EQ,Happiest Minds Techn,390.6000,419.8000,389.0000,400.8000,6064285,104789,2481749265
VSWS,N,20260805,HAPPY,SM,Happy Steels,59.0000,60.9500,57.0000,58.5500,70000,35,4108900
VSWS,N,20260805,HAPPYFORGE,EQ,Happy Forgings,1737.9000,1829.0000,1705.0000,1817.0000,363673,29967,645931488
VSWS,N,20260805,HARDWYN,EQ,Hardwyn India,11.3300,11.3300,11.2000,11.2400,1527893,1464,17196563
VSWS,N,20260805,HARIOMPIPE,EQ,Hariom Pipe Industri,408.9500,408.9500,401.7500,405.5500,109650,3196,44447212
VSWS,N,20260805,HARRMALAYA,EQ,Harrisons Malayalam,221.5000,224.9000,216.2500,223.1200,12858,484,2833040
VSWS,N,20260805,HARSHA,EQ,Harsha Engg Internat,414.6500,422.0000,408.3000,419.7500,130880,5465,54603055
VSWS,N,20260805,HATHWAY,EQ,Hathway Cable & Data,10.9400,11.0000,10.8700,10.9000,857052,1728,9357559
VSWS,N,20260805,HATSUN,EQ,Hatsun Agro Products,891.9000,922.0000,890.0000,910.6000,49608,3720,45151687
VSWS,N,20260805,HAVELLS,EQ,Havells India,1295.8000,1296.9000,1282.0000,1290.0000,1565263,28206,2014797713
VSWS,N,20260805,HAVISHA,EQ,Sri Havisha Hospital,1.3800,1.4900,1.3000,1.4500,370654,301,521147
VSWS,N,20260805,HAWKINCOOK,EQ,Hawkins Cooker,8587.5000,8600.0000,8500.0000,8526.5000,472,281,4040250
VSWS,N,20260805,HBESD,EQ,HB Estate Developers,75.0000,78.0000,75.0000,78.0000,235,14,18304
VSWS,N,20260805,HBLENGINE,EQ,HBL Engineering,735.0000,745.0000,730.0000,736.5000,682249,21330,502265122
VSWS,N,20260805,HBSL,EQ,HB Stockholdings,56.5000,60.8500,56.5000,59.0800,23999,385,1418840
VSWS,N,20260805,HCC,EQ,Hindustan Construct,22.0400,22.2600,21.7600,21.9100,11932538,14290,262746990
VSWS,N,20260805,HCG,EQ,HealthCare Global En,672.2500,676.5000,662.0000,669.5000,74427,7263,50020148
VSWS,N,20260805,HCL-INSYS,EQ,HCL Infosystems,12.0000,12.0000,11.3300,11.5900,287732,1030,3368968
VSWS,N,20260805,HCLTECH,EQ,HCL Technologies,1370.0000,1375.0000,1337.1000,1350.0000,3215211,82427,4340916098
VSWS,N,20260805,HDBFS,EQ,HDB Financial Servic,686.0000,686.4000,674.0000,675.2500,249520,14646,169798135
VSWS,N,20260805,HDFCAMC,EQ,HDFC Asset Managemen,2562.0000,2581.5000,2540.9000,2562.0000,582394,30527,1489566762
VSWS,N,20260805,HDFCBANK,EQ,HDFC Bank,733.8000,741.9500,732.6000,735.0000,60050538,453005,44210001665
VSWS,N,20260805,HDFCBSE500,EQ,HDFC BSE 500 ETF,38.2400,38.2900,38.0100,38.2100,878063,323,33520644
VSWS,N,20260805,HDFCGOLD,EQ,HDFC Gold ETF,122.7400,123.6800,122.0200,123.4400,3583049,11364,441615713
VSWS,N,20260805,HDFCGROWTH,EQ,HDFC Nifty Growth Se,122.5200,123.6900,122.5200,122.9400,35659,265,4389547
VSWS,N,20260805,HDFCLIFE,EQ,HDFC Life Insurance,538.0000,546.6000,536.3500,545.0000,8073174,127873,4380771512
VSWS,N,20260805,HDFCLIQUID,EQ,HDFC Nifty 1D Rate L,1072.5400,1072.5400,1072.3300,1072.3500,15524,56,16647053
VSWS,N,20260805,HDFCLOWVOL,EQ,HDFC Nifty 100 Low V,20.7900,21.3100,20.7900,21.2200,16995,81,360692
VSWS,N,20260805,HDFCMID150,EQ,HDFC NIFTY Midcap 15,23.8000,23.8800,23.6500,23.7100,391362,1511,9277824
VSWS,N,20260805,HDFCMOMENT,EQ,HDFC Nifty 200 Momen,31.2300,31.5300,31.0900,31.2200,112093,531,3498194
VSWS,N,20260805,HDFCNEXT50,EQ,HDFC Nifty Next 50 E,75.9000,76.5900,74.6400,75.3900,897188,1054,68176339
VSWS,N,20260805,HDFCNIF100,EQ,HDFC Nifty 100 ETF,26.4400,26.6900,26.1700,26.3600,37294,275,989293
VSWS,N,20260805,HDFCNIFBAN,EQ,HDFC Nifty Banking E,59.2500,60.1000,59.2200,59.6800,111688,521,6651927
VSWS,N,20260805,HDFCNIFIT,EQ,HDFC Nifty IT ETF,33.4700,33.7600,33.0000,33.2200,164947,297,5535138
VSWS,N,20260805,HDFCNIFTY,EQ,HDFC Nifty 50 ETF,276.7800,278.0000,272.5000,276.0900,128887,1606,35665164
VSWS,N,20260805,HDFCNIMEG,EQ,HDFC Nifty Metal ETF,133.7700,134.8500,130.0100,132.6700,48940,585,6418106
VSWS,N,20260805,HDFCPSUBK,EQ,HDFC Nifty PSU Bank,84.7700,87.0000,84.6300,86.3100,241921,513,20913207
VSWS,N,20260805,HDFCPVTBAN,EQ,HDFC Nifty Pvt Bank,28.3600,28.4200,28.1100,28.2500,189276,490,5351146
VSWS,N,20260805,HDFCQUAL,EQ,HDFC Nifty 100 Quali,59.7500,59.9600,59.6400,59.6800,23695,139,1414158
VSWS,N,20260805,HDFCSENSEX,EQ,HDFC BSE Sensex ETF,89.9000,89.9000,88.7400,89.1300,34460,585,3071688
VSWS,N,20260805,HDFCSILVER,EQ,HDFC Silver ETF,210.6100,214.1900,210.0300,213.5200,4791685,18220,1020426792
VSWS,N,20260805,HDFCSML250,EQ,HDFC NIFTY Smallcap,184.1500,185.2500,184.0000,185.1000,2401906,10938,443994907
VSWS,N,20260805,HDFCVALUE,EQ,HDFC Nfty50 Value 20,128.1400,128.8000,127.0500,127.5500,12487,94,1594745
VSWS,N,20260805,HDIL,BZ,Housing Dev & Infra,1.6700,1.6800,1.5700,1.6100,657739,386,1052792
VSWS,N,20260805,HEADSUP,EQ,Heads UP Ventures,7.2400,7.2400,6.6700,7.0400,24377,121,171416
VSWS,N,20260805,HEALTHADD,EQ,DSP Nifty Healthcare,16.9000,16.9000,16.5300,16.6000,50086,127,835040
VSWS,N,20260805,HEALTHAXIS,EQ,Axis NIFTY Healthcar,173.1600,173.1600,168.9300,169.5500,43189,119,7309646
VSWS,N,20260805,HEALTHCARE,EQ,Mirae Ass Nfty 500 H,21.6200,21.7000,21.4900,21.6700,40035,199,865635
VSWS,N,20260805,HEALTHIETF,EQ,ICICI Pru Nifty Heal,171.5400,172.6400,168.1300,170.7800,116267,1866,19863284
VSWS,N,20260805,HEALTHX,EQ,Health X Platform,321.1500,321.1500,305.0000,306.2000,2763,172,853398
VSWS,N,20260805,HEALTHY,EQ,Aditya Birla SLNH ET,17.2100,17.3800,17.0500,17.2000,271313,1179,4656929
VSWS,N,20260805,HECPROJECT,EQ,HEC Infra Projects,136.8000,136.8900,131.4000,131.8000,14266,328,1907371
VSWS,N,20260805,HEG,EQ,H E G,678.8500,698.0000,674.1000,686.2000,3175922,54289,2192361150
VSWS,N,20260805,HEIDELBERG,EQ,Heidelberg Cement,156.0000,157.5900,156.0000,156.4900,40303,1324,6316643
VSWS,N,20260805,HEMIPROP,EQ,Hemisphere Propertie,139.5000,141.1800,138.0000,138.2200,378574,2741,52824574
VSWS,N,20260805,HERANBA,EQ,Heranba Industries,182.0700,185.8000,178.2600,179.1800,27091,824,4891570
VSWS,N,20260805,HERITGFOOD,EQ,Heritage Foods,335.6000,341.7500,335.6000,337.9000,298357,5701,101172357
VSWS,N,20260805,HEROMOTOCO,EQ,Hero MotoCorp,5578.0000,5705.0000,5555.0000,5690.0000,893125,63548,5053782718
VSWS,N,20260805,HESTERBIO,EQ,Hester Biosciences,2479.1000,2479.9000,2425.0000,2433.3000,5018,1016,12275912
VSWS,N,20260805,HEXAGON,BE,Hexagon Nutrition,67.7500,67.7500,65.0000,66.5600,182340,758,12145853
VSWS,N,20260805,HEXATRADEX,EQ,Hexa Tradex,161.9800,161.9800,159.2000,160.2200,1923,49,308560
VSWS,N,20260805,HEXT,EQ,Hexaware Technologie,565.0000,577.0000,548.8000,570.6000,454746,14426,254313438
VSWS,N,20260805,HFCL,EQ,HFCL,205.8000,212.9100,205.0300,212.2300,37479685,95860,7923879732
VSWS,N,20260805,HGINFRA,EQ,H G Infra Engineerin,547.5500,551.5000,541.0000,542.9000,31195,2260,17023845
VSWS,N,20260805,HGM,EQ,HandsOn Global Manag,49.6200,50.8000,48.7800,49.6400,2595,35,130269
VSWS,N,20260805,HGS,EQ,Hinduja Global Solu,424.0000,425.9500,419.5000,423.5000,18701,918,7923801
VSWS,N,20260805,HIGREEN,SM,Hi-Green Carbon,136.5000,138.9000,136.0000,138.5000,23200,29,3193520
VSWS,N,20260805,HIKAL,EQ,Hikal,229.0000,234.1500,228.7600,232.5800,350112,6290,81294070
VSWS,N,20260805,HILINFRA,EQ,Highway Infrastructu,46.0000,46.8900,45.0000,45.4500,48393,480,2209289
VSWS,N,20260805,HILTON,BE,Hilton Metal Forging,21.1500,21.3300,20.7500,20.8900,55132,159,1159085
VSWS,N,20260805,HIMATSEIDE,EQ,Himatsingka Seide,81.4800,81.9500,79.6200,79.8900,517951,3313,41967369
VSWS,N,20260805,HINDALCO,EQ,Hindalco Industries,1028.5000,1040.0000,1011.3000,1040.0000,5041671,106447,5167130451
VSWS,N,20260805,HINDCOMPOS,EQ,Hindustan Composites,430.9000,431.9500,418.0000,424.8500,3691,370,1569276
VSWS,N,20260805,HINDCON,EQ,Hindcon Chemicals,22.9000,23.2200,22.5100,22.9700,9723,103,222856
VSWS,N,20260805,HINDCOPPER,EQ,Hindustan Copper,496.2000,539.6000,495.1000,533.8000,22701332,253196,11786045530
VSWS,N,20260805,HINDOILEXP,EQ,Hindustan Oil Expl,161.2000,161.9800,157.8000,158.4100,230446,2554,36707260
VSWS,N,20260805,HINDPETRO,EQ,Hindustan Petroleum,398.4500,401.0500,393.5000,394.9500,6047719,52612,2400651676
VSWS,N,20260805,HINDUNILVR,EQ,Hindustan Unilever,2085.3000,2097.8000,2074.2000,2085.3000,1150148,61511,2394047464
VSWS,N,20260805,HINDWAREAP,EQ,Hindware Home Innova,219.0000,225.0000,217.0000,218.1700,57805,1645,12703399
VSWS,N,20260805,HINDZINC,EQ,Hindustan Zinc,570.0000,598.5000,568.0000,596.9500,13488635,152845,7890117827
VSWS,N,20260805,HIRECT,EQ,Hirect,1325.9000,1360.0000,1310.1000,1330.4000,117393,7114,156521498
VSWS,N,20260805,HISARMETAL,EQ,Hisar Metal Indus,148.7500,153.6300,145.5600,147.3800,4284,85,632271
VSWS,N,20260805,HITECH,EQ,Hi-Tech Pipes,86.5000,86.7900,85.0100,85.3400,315502,3323,27070160
VSWS,N,20260805,HITECHCORP,BE,Hitech Corporation,320.0000,322.0000,319.3000,320.2000,10405,93,3336061
VSWS,N,20260805,HITECHGEAR,BE,Hi Tech Gears,568.0000,593.5000,560.0500,568.9500,5567,94,3194328
VSWS,N,20260805,HLEGLAS,EQ,HLE Glascoat,428.1500,432.3500,422.0000,428.4000,152589,6439,65286973
VSWS,N,20260805,HLVLTD,EQ,HLV,7.0200,7.3000,7.0200,7.2200,194222,663,1401952
VSWS,N,20260805,HMAAGRO,EQ,HMA Agro Industries,20.8000,21.5900,20.5000,20.6700,1183613,2071,24870591
VSWS,N,20260805,HMT,BZ,H M T,60.0400,62.0000,60.0000,61.4800,13602,115,829958
VSWS,N,20260805,HMVL,EQ,Hindustan Media Vent,104.0000,107.8000,100.5100,104.0500,275093,3171,28459587
VSWS,N,20260805,HNDFDS,EQ,Hindustan Foods,570.0500,578.8000,548.8500,576.9500,327480,23439,186081278
VSWS,N,20260805,HNGSNGBEES,EQ,Nippon India ETF Hng,489.2200,496.1000,487.0000,489.4100,90517,3664,44468910
VSWS,N,20260805,HOACFOODS,ST,Hoac Foods India,710.0000,729.9500,710.0000,725.0000,2250,5,1623694
VSWS,N,20260805,HOLMARC,SM,Holmarc Opto-Mechatr,106.0000,106.0000,105.0000,105.1500,5250,7,552975
VSWS,N,20260805,HOMEFIRST,EQ,Home First Finance C,1175.2000,1192.0000,1172.9000,1186.9000,139493,12091,164731331
VSWS,N,20260805,HONASA,EQ,Honasa Consumer,460.0000,463.9500,455.9500,459.6500,545034,19031,250596756
VSWS,N,20260805,HONAUT,EQ,Honeywell Automation,38190.0000,38600.0000,37990.0000,38375.0000,4804,2675,184231165
VSWS,N,20260805,HONDAPOWER,EQ,Honda India Power,2132.8000,2132.8000,2083.1000,2099.6000,3353,497,7075239
VSWS,N,20260805,HPAL,EQ,HP Adhesives,34.6900,34.9000,33.6500,34.0200,39891,576,1370746
VSWS,N,20260805,HPIL,EQ,Hindprakash Industri,127.0000,131.0000,127.0000,129.6100,38048,68,4909949
VSWS,N,20260805,HPL,EQ,HPL Electric & Power,338.5000,353.0000,336.4000,347.9500,207828,5308,71419671
VSWS,N,20260805,HPTL,SM,HP Telecom India,311.6000,311.6000,311.6000,311.6000,1200,2,373920
VSWS,N,20260805,HRHNEXT,SM,HRH Next Services,27.0000,27.0000,27.0000,27.0000,3000,2,81000
VSWS,N,20260805,HSBCGOLD,EQ,HSBC Gold ETF,124.3300,126.2900,124.0000,125.9700,13104,65,1643373
VSWS,N,20260805,HSCL,EQ,Himadri Speciality C,754.9000,767.0000,746.3500,748.9500,2130026,31410,1606320378
VSWS,N,20260805,HTMEDIA,EQ,HT Media,27.0100,31.3000,27.0100,28.6600,4510678,9444,132592871
VSWS,N,20260805,HUBTOWN,EQ,Hubtown,189.5000,190.9900,179.7200,181.4700,1110632,7618,203419034
VSWS,N,20260805,HUDCO,EQ,Housing & Urban Dev,204.0000,204.6800,201.3100,202.8400,2167517,26020,440140823
VSWS,N,20260805,HUHTAMAKI,EQ,Huhtamaki India,286.8000,294.1500,278.1000,284.1000,228129,6485,65709614
VSWS,N,20260805,HVAX,SM,HVAX Technologies,620.0000,620.0000,620.0000,620.0000,150,1,93000
VSWS,N,20260805,HYBRIDETF,EQ,Mirae Ass Nft 200 Mo,10.2900,10.2900,10.1100,10.1200,63919,44,647027
VSWS,N,20260805,HYBRIDFIN,BE,Hybrid Financial Ser,18.1100,18.5800,17.5300,18.0000,5400,27,96893
VSWS,N,20260805,HYUNDAI,EQ,Hyundai Motor India,2213.0000,2226.6000,2192.8000,2218.5000,391896,28432,865733424
VSWS,N,20260805,IBLFL,SM,IBL Finance,61.0000,61.0000,61.0000,61.0000,6000,3,366000
VSWS,N,20260805,IBULLSLTD,BE,Indiabulls,28.0800,29.0500,27.8000,29.0500,6980998,4022,201666056
VSWS,N,20260805,ICDSLTD,EQ,I C D S,45.0000,45.0000,42.7000,43.5200,260,19,11266
VSWS,N,20260805,ICELCO,SM,IC Electricals Compa,147.8000,154.7000,147.8000,152.7000,63600,53,9652740
VSWS,N,20260805,ICEMAKE,EQ,Ice Make Refrigerati,825.0000,826.4500,815.7000,817.8500,10654,760,8740703
VSWS,N,20260805,ICICIAMC,EQ,ICICI Pru Asset Mgt,3098.8000,3100.0000,3056.6000,3081.8000,219168,23657,674894196
VSWS,N,20260805,ICICIB22,EQ,ICICI PMF BHARAT 22,118.3200,118.3200,117.1200,117.3400,251304,2976,29516535
VSWS,N,20260805,ICICIBANK,EQ,ICICI Bank,1454.6000,1454.6000,1431.2000,1450.1000,11723296,169434,16910829557
VSWS,N,20260805,ICICIGI,EQ,ICICI Lombard Gen In,1729.3000,1771.0000,1662.6000,1684.0000,3035804,144222,5154460373
VSWS,N,20260805,ICICIPRULI,EQ,ICICI Pru Life Insur,515.0000,516.8000,505.3500,516.5500,1130125,24887,580720602
VSWS,N,20260805,ICIL,EQ,Indo Count Ind,421.9000,427.3500,412.7500,418.6500,431878,13173,181589839
VSWS,N,20260805,ICRA,EQ,ICRA,5135.0000,5197.0000,5107.7000,5121.9000,47170,6344,243494572
VSWS,N,20260805,IDBI,EQ,IDBI Bank,84.8400,85.2500,84.1000,84.3200,2660894,12973,225193907
VSWS,N,20260805,IDEA,EQ,Vodafone Idea,12.9100,13.0400,12.7700,12.8000,204366752,250586,2636547896
VSWS,N,20260805,IDEAFORGE,BE,Ideaforge Technology,884.9500,885.0000,865.0000,872.4000,106215,4375,92596073
VSWS,N,20260805,IDEALTECHO,SM,Ideal Technoplast In,162.0000,180.0000,157.0000,180.0000,18500,12,3036775
VSWS,N,20260805,IDENTICAL,SM,Identical Brains Stu,18.4000,18.4000,18.4000,18.4000,2000,1,36800
VSWS,N,20260805,IDFCFIRSTB,EQ,IDFC First Bank,86.0000,86.2500,84.7200,85.3000,15014901,40918,1282282987
VSWS,N,20260805,IDFNIFTYET,EQ,Bandhan Nifty 50 ETF,271.9400,272.8900,270.4900,272.2600,1988,37,540778
VSWS,N,20260805,IEML,SM,Indian Emulsifiers,42.9500,42.9500,39.9000,40.4500,36500,49,1496950
VSWS,N,20260805,IEX,EQ,Indian Energy Exchan,130.2900,130.9500,129.0800,129.5900,3050031,26243,396231389
VSWS,N,20260805,IFBAGRO,BE,IFB Agro Industries,989.5000,995.0000,965.1000,978.3500,3447,183,3395980
VSWS,N,20260805,IFBIND,EQ,IFB Industries,1390.0000,1468.0000,1378.6000,1443.0000,283896,21952,407153260
VSWS,N,20260805,IFCI,EQ,I F C I,76.4500,76.9800,75.4000,75.6400,7885321,24010,600036905
VSWS,N,20260805,IFGLEXPOR,EQ,IFGL Refractories,219.9000,227.6000,213.0000,219.6200,121340,3283,26760212
VSWS,N,20260805,IGARASHI,EQ,Igarashi Motors Indi,462.5000,469.8000,459.0000,461.0500,36422,2003,16860167
VSWS,N,20260805,IGCL,EQ,Indogulf Cropscience,76.7600,76.7600,74.5000,75.0600,90966,935,6852766
VSWS,N,20260805,IGIL,EQ,International Gemolo,359.0000,368.6000,358.0000,363.8500,616032,21107,224980797
VSWS,N,20260805,IGL,EQ,Indraprastha Gas,155.9800,155.9800,153.6000,154.0800,630464,22158,97241598
VSWS,N,20260805,IGPL,EQ,IG Petrochemicals,509.0000,521.9500,499.0000,514.4500,125170,3983,64033016
VSWS,N,20260805,IIFL,EQ,IIFL Finance,610.6000,616.5500,608.2000,610.2000,911506,24106,557953896
VSWS,N,20260805,IIFLCAPS,EQ,IIFL Capital Service,334.5000,337.9000,334.5000,335.3500,150852,6843,50641760
VSWS,N,20260805,IITL,EQ,Industrial Inv Trust,143.6000,147.2900,138.0000,142.5800,136790,1560,19247440
VSWS,N,20260805,IKIO,EQ,IKIO Technologies,199.9500,208.0000,199.8000,205.2600,210644,3344,43245076
VSWS,N,20260805,IKS,EQ,Inventurus Knowledge,1872.0000,1890.0000,1850.5000,1877.7000,82155,11809,153468065
VSWS,N,20260805,IL&FSENGG,BZ,IL&FS Eng & Const Co,36.5000,36.5000,34.0100,35.0000,20417,75,713205
VSWS,N,20260805,IL&FSTRANS,BZ,IL & FS Transportati,2.1500,2.1500,2.0500,2.1300,34705,63,73328
VSWS,N,20260805,IMAGICAA,EQ,Imagicaaworld Entert,48.7000,50.1000,48.3200,49.6100,856491,3913,42228110
VSWS,N,20260805,IMFA,EQ,Indian Metals & Ferr,1487.7000,1517.6000,1466.0000,1489.9000,567983,30768,847742887
VSWS,N,20260805,IMPAL,EQ,India Motor Parts &,1115.3000,1121.9000,1107.9000,1115.3000,847,130,944579
VSWS,N,20260805,IMPEXFERRO,BZ,Impex Ferro Tech,2.8800,2.8800,2.8800,2.8800,18598,10,53562
VSWS,N,20260805,INA,EQ,Insolation Energy,116.0300,116.8700,112.4000,113.3400,315643,3891,36008167
VSWS,N,20260805,INCREDIBLE,EQ,Incredible Indus,32.4200,34.5000,32.3000,33.0200,27528,120,924588
VSWS,N,20260805,INDBANK,EQ,Indbank Merchant,32.6000,32.7400,32.3000,32.4000,14878,282,483587
VSWS,N,20260805,INDGN,EQ,Indegene,559.9000,562.6000,532.4500,540.3000,745330,34796,408876774
VSWS,N,20260805,INDHOTEL,EQ,Indian Hotels,752.0000,752.9000,733.9500,741.0500,2562899,47752,1899494440
VSWS,N,20260805,INDIACEM,EQ,India Cements,391.8000,395.6500,388.8000,392.8000,94830,6594,37232691
VSWS,N,20260805,INDIAGLYCO,EQ,India Glycols,1180.8000,1180.8000,1145.0000,1155.3000,112034,8089,129293007
VSWS,N,20260805,INDIAMART,EQ,IndiaMART InterMESH,1795.6000,1796.0000,1760.0000,1775.7000,90440,17460,160659164
VSWS,N,20260805,INDIANB,EQ,Indian Bank,851.9000,864.5000,845.2000,854.0000,1605357,71084,1371836600
VSWS,N,20260805,INDIANCARD,EQ,Indian Card Clothing,226.0000,226.0000,221.5000,222.0000,580,36,129031
VSWS,N,20260805,INDIANHUME,EQ,Indian Hume Pipe,401.1000,403.0000,387.0000,390.3000,46995,2146,18622866
VSWS,N,20260805,INDIASHLTR,EQ,India Shelter Financ,741.7000,748.1000,725.0000,732.7500,72466,8431,53301257
VSWS,N,20260805,INDIGO,EQ,InterGlobe Aviation,5460.0000,5508.0000,5367.0000,5400.0000,1052626,69805,5707810617
VSWS,N,20260805,INDIGOPNTS,EQ,Indigo Paints,1100.8000,1114.3000,1070.5000,1090.8000,40049,7309,44014714
VSWS,N,20260805,INDIQUBE,EQ,Indiqube Spaces,172.8800,174.8000,169.5200,173.7000,15612,528,2693416
VSWS,N,20260805,INDNIPPON,EQ,India Nippon Elect,1199.4000,1199.4000,1115.5000,1136.6000,68715,6225,78416569
VSWS,N,20260805,INDOAMIN,BE,Indo Amines,127.6000,130.5000,125.0000,128.8400,58261,398,7474891
VSWS,N,20260805,INDOBORAX,EQ,Indo Borax & Chem,405.0500,418.0000,399.5000,412.2500,122198,5353,49866227
VSWS,N,20260805,INDOCO,EQ,Indoco Remedies,226.9000,226.9000,222.0000,222.7200,44970,1707,10047956
VSWS,N,20260805,INDOFARM,EQ,Indo Farm Equipment,159.6000,165.0000,159.1000,162.7400,250044,5126,40660380
VSWS,N,20260805,INDOMIM,EQ,INDO-MIM,770.0000,827.4000,761.0500,801.9500,6332626,148649,5051357605
VSWS,N,20260805,INDORAMA,EQ,Indo Rama Synthetics,64.4700,65.4100,62.1000,62.8400,305295,3231,19503102
VSWS,N,20260805,INDOSTAR,EQ,Indostar Capital Fin,240.0000,240.4500,232.1000,233.7000,180375,2330,42646000
VSWS,N,20260805,INDOTECH,BE,Indo Tech Transforme,3556.0000,3625.0000,3501.0000,3607.2000,20590,1136,73664793
VSWS,N,20260805,INDOTHAI,EQ,Indo Thai Securities,122.9400,122.9400,122.9400,122.9400,97492,1068,11985666
VSWS,N,20260805,INDOUS,EQ,Indo Us Bio-Tech,84.0100,84.0100,80.7200,81.5000,27921,283,2282407
VSWS,N,20260805,INDOWIND,BE,Indowind Energy,9.2200,9.2200,9.0700,9.1000,128542,357,1174161
VSWS,N,20260805,INDPRUD,EQ,Industrial & Prudent,6640.0000,6645.0000,6010.0000,6346.0000,195,74,1253329
VSWS,N,20260805,INDRAMEDCO,EQ,Indraprastha Medical,373.2000,373.8000,367.0500,368.3000,108881,3012,40257575
VSWS,N,20260805,INDSWFTLAB,EQ,Ind Swift Lab,231.9000,235.1700,227.9500,230.4200,236244,4672,54594838
VSWS,N,20260805,INDTERRAIN,EQ,Indian Terrain Fashi,32.5000,33.1800,31.8100,31.8400,39909,361,1286119
VSWS,N,20260805,INDUSINDBK,EQ,IndusInd Bank,1025.0000,1038.0000,1013.1000,1019.0000,1367377,35535,1401138751
VSWS,N,20260805,INDUSTOWER,EQ,Indus Towers,392.4000,393.0500,385.8000,385.8500,3522936,48725,1368433655
VSWS,N,20260805,INFINIUM,SM,Infinium Pharmachem,210.5000,210.5000,203.2500,205.0000,3500,7,719450
VSWS,N,20260805,INFLUX,SM,Influx Healthtech,290.0000,305.0000,285.0000,297.6500,12000,20,3514260
VSWS,N,20260805,INFOBEAN,EQ,InfoBeans Technologi,175.5300,175.8800,168.4200,169.6200,206054,3257,35400796
VSWS,N,20260805,INFOLLION,SM,Infollion Research S,155.1500,160.9000,155.1500,157.7000,12800,21,2038160
VSWS,N,20260805,INFOMEDIA,EQ,Infomedia Press,5.3700,5.5600,5.3000,5.4300,9483,40,50901
VSWS,N,20260805,INFRA,EQ,Mirae A Nifty Ind In,12.3200,12.3400,12.2300,12.2300,13383,126,164405
VSWS,N,20260805,INFRABEES,EQ,Nippon INft InfraBee,981.5000,987.8100,971.3200,974.1500,5036,466,4917882
VSWS,N,20260805,INFRAIETF,EQ,ICICI Prud Nifty Inf,97.4900,97.7500,96.8100,97.1300,124482,1485,12099960
VSWS,N,20260805,INFY,EQ,Infosys,1174.7000,1177.5000,1162.3000,1174.0000,9964155,132200,11638259746
VSWS,N,20260805,INGERRAND,EQ,Ingersoll Rand (I),4401.4000,4439.9000,4265.1000,4304.7000,15263,2553,66518569
VSWS,N,20260805,INM,SM,Interiors & More,175.0000,175.0000,171.0000,171.0000,2400,4,412830
VSWS,N,20260805,INNOMET,ST,Innomet Advanced Mat,183.0000,183.2500,183.0000,183.1500,24000,32,4393740
VSWS,N,20260805,INNOVACAP,EQ,Innova Captab,951.9500,959.4500,925.2000,945.0000,22902,2334,21475863
VSWS,N,20260805,INNOVANA,EQ,Innovana Thinklabs,315.0500,334.0000,315.0500,331.0500,2913,81,952686
VSWS,N,20260805,INNOVISION,EQ,Innovision,286.7500,288.0000,285.2000,285.8000,7259,347,2076417
VSWS,N,20260805,INOXGREEN,BE,Inox Green Energy Se,175.0000,179.5000,170.9000,178.2800,401446,1803,70670887
VSWS,N,20260805,INOXINDIA,EQ,INOX India,1920.9000,1973.3000,1920.9000,1937.5000,191903,22641,373583454
VSWS,N,20260805,INOXWIND,EQ,Inox Wind,79.5500,80.3600,78.1100,78.8600,6755805,27464,534438229
VSWS,N,20260805,INSECTICID,EQ,Insecticides (India),659.9000,659.9000,642.7500,649.0000,12435,1078,8065410
VSWS,N,20260805,INSPIRISYS,BE,Inspirisys Solutions,97.4800,99.7800,97.4800,98.7300,3026,35,296395
VSWS,N,20260805,INSUREIETF,EQ,ICICI Pru BSE Insura,16.2800,16.2800,15.7000,15.7300,34855,132,549177
VSWS,N,20260805,INTELLECT,EQ,Intellect Design Are,760.0000,760.0000,742.0000,746.2000,270731,11986,203233459
VSWS,N,20260805,INTENTECH,EQ,Intense Technologies,81.6400,88.9900,81.6400,85.2300,54228,1041,4620341
VSWS,N,20260805,INTERARCH,EQ,Interarch Building S,1844.8000,1920.0000,1836.5000,1846.0000,73915,7682,138736517
VSWS,N,20260805,INTERNET,EQ,Mirae Asset Nifty In,13.8900,14.0000,13.8700,13.8900,156456,164,2176418
VSWS,N,20260805,INTLCONV,EQ,International Convey,76.0500,76.3500,74.9500,75.6700,33231,760,2514709
VSWS,N,20260805,INVENTURE,EQ,Inventure Grow & Sec,0.9200,0.9300,0.9100,0.9100,1150075,332,1060368
VSWS,N,20260805,INVICTA,SM,Invicta Diagnostic,74.2500,80.0000,73.7500,78.0000,206400,11,15276800
VSWS,N,20260805,INVPRECQ,BE,Invest & Precision,1154.8000,1154.8000,1101.0000,1130.8000,3646,136,4168431
VSWS,N,20260805,IOB,EQ,Indian Overseas Bank,34.4900,34.7400,34.0600,34.2000,2322568,12870,79824446
VSWS,N,20260805,IOC,EQ,Indian Oil Corp,143.8900,144.6000,142.9400,144.0000,8582513,43001,1233423367
VSWS,N,20260805,IOLCP,EQ,IOL Chemical & Pharm,155.0000,164.5700,154.5000,163.4100,3839940,31835,617923497
VSWS,N,20260805,IONEXCHANG,EQ,Ion Exchange,425.9500,429.9000,414.0000,415.7000,257801,10546,108153805
VSWS,N,20260805,IPCALAB,EQ,Ipca Lab,1702.6000,1778.0000,1682.5000,1765.0000,290079,26168,503056512
VSWS,N,20260805,IPHL,SM,Indian Phosphate,68.1000,76.9000,68.1000,72.8500,58800,34,4245480
VSWS,N,20260805,IPL,EQ,India Pesticides,145.0700,147.5400,145.0700,145.4000,157630,2602,22994062
VSWS,N,20260805,IRB,EQ,IRB Infra Developers,20.1300,20.2200,20.0600,20.0900,4952094,13046,99616271
VSWS,N,20260805,IRCON,EQ,IRCON International,132.3000,133.8200,131.0000,131.3600,1178901,11377,155661075
VSWS,N,20260805,IRCTC,EQ,Indian Railway Cater,510.6000,512.7000,507.2500,510.2500,703351,22726,358504985
VSWS,N,20260805,IREDA,EQ,Indian Ren Energy De,121.3500,121.3500,119.1000,120.7000,8964128,40104,1078596604
VSWS,N,20260805,IRFC,EQ,Indian Railway Fin C,89.8100,90.5800,88.5000,88.9000,7065708,38318,631526350
VSWS,N,20260805,IRIS,EQ,IRIS RegTech Solutio,256.1000,270.0000,255.0000,266.9600,32408,1715,8492608
VSWS,N,20260805,IRISDOREME,EQ,Iris Clothings,53.5000,54.0000,53.0200,53.4800,488388,2316,26095729
VSWS,N,20260805,IRMENERGY,EQ,IRM Energy,276.7000,279.0500,273.9500,277.0500,86848,2329,24041642
VSWS,N,20260805,ISFT,EQ,Intrasoft Technologi,79.0100,81.4500,77.3000,79.8900,23427,178,1864893
VSWS,N,20260805,ISGEC,EQ,ISGEC Heavy Engineer,836.5000,840.0000,828.0000,830.9500,20841,1666,17373675
VSWS,N,20260805,ISHAN,SM,Ishan International,0.5000,0.5000,0.5000,0.5000,96000,2,48000
VSWS,N,20260805,ISHANCH,EQ,Ishan Dyes And Chemi,52.0000,53.4900,49.0000,50.9700,99545,504,5091894
VSWS,N,20260805,IT,EQ,Kotak Nifty IT ETF,35.0500,35.0900,34.2800,34.6100,414229,915,14441523
VSWS,N,20260805,ITADD,EQ,DSP Nifty IT ETF,33.4300,33.4900,33.0000,33.1500,30949,99,1027301
VSWS,N,20260805,ITAXIS,EQ,Axis NIFTY IT ETF,350.0000,350.9800,344.0000,346.6800,5828,109,2016348
VSWS,N,20260805,ITBEES,EQ,Nippon India ETF Nif,34.7000,35.1200,34.5000,34.7200,9976133,13416,348038003
VSWS,N,20260805,ITBETA,EQ,UTI Nifty IT ETF,330.8500,333.0100,329.7800,329.9700,1426,14,472370
VSWS,N,20260805,ITC,EQ,I T C,288.2500,288.5000,285.0000,286.9500,11771241,334123,3368224048
VSWS,N,20260805,ITCHOTELS,EQ,ITC Hotels,166.7000,170.5000,165.4500,168.9300,3159037,35432,532513843
VSWS,N,20260805,ITDC,EQ,India Tourism Deve,705.9500,722.0000,703.2500,705.3500,121742,7050,86540847
VSWS,N,20260805,ITETF,EQ,Mirae Asset Nifty IT,33.4800,33.4900,33.1100,33.2100,455931,833,15185570
VSWS,N,20260805,ITI,EQ,I T I,283.9000,286.0000,280.1500,281.6000,177029,4831,50101286
VSWS,N,20260805,ITIETF,EQ,ICICI Pru Nifty IT,34.7500,35.2400,34.7400,34.8200,802976,1294,28056765
VSWS,N,20260805,IVALUE,EQ,Ivalue Infosolutions,277.9000,280.0000,272.3500,275.2000,302237,4517,83561620
VSWS,N,20260805,IVC,EQ,IL & FS Investment M,8.4800,8.6100,7.9600,8.0000,1035508,1664,8502117
VSWS,N,20260805,IVP,BE,I V P,158.0000,162.0000,156.2000,158.6600,5990,76,956314
VSWS,N,20260805,IVZINGOLD,EQ,Invesco India Gold,125.7500,125.9500,123.8500,125.6000,16895,151,2117087
VSWS,N,20260805,IVZINNIFTY,EQ,Invesco India Nifty,286.7000,286.7000,280.5100,284.2400,2923,84,822075
VSWS,N,20260805,IWARE,ST,Iware Supplychain Se,475.0000,475.0000,452.0000,460.0000,19800,30,9159930
VSWS,N,20260805,IWP,EQ,Indian Wood Products,32.9000,33.8900,32.9000,33.6200,3604,39,121332
VSWS,N,20260805,IXIGO,EQ,Le Travenues Techno,197.0500,206.3900,196.2500,204.7600,655788,20880,133397643
VSWS,N,20260805,IZMO,EQ,IZMO,1014.0000,1046.2500,972.8000,1031.8000,160348,9013,162484881
VSWS,N,20260805,J&KBANK,EQ,Jammu & Kashmir Bank,158.3100,158.8700,155.3400,156.4600,3149970,24180,495573239
VSWS,N,20260805,JAGRAN,EQ,Jagran Prakashan,63.9000,63.9000,62.7000,62.8500,197201,2082,12419125
VSWS,N,20260805,JAGSNPHARM,EQ,Jagsonpal Pharma,235.0100,243.8900,235.0100,239.6200,128750,2421,30948051
VSWS,N,20260805,JAIBALAJI,BE,Jai Balaji Industrie,64.5000,64.9000,62.0200,62.2600,465977,869,29499105
VSWS,N,20260805,JAICORPLTD,EQ,Jai Corp,103.9900,105.3000,103.4900,104.3300,226072,2475,23579590
VSWS,N,20260805,JAINIK,SM,Jainik Power Cables,192.0000,192.0000,186.5500,190.7500,8400,7,1596360
VSWS,N,20260805,JAINREC,EQ,Jain Resource Recycl,324.9500,327.1500,321.3000,322.5500,1546617,23939,499782487
VSWS,N,20260805,JAIPURKURT,EQ,Nandani Creation,26.6100,28.4600,26.6100,27.3000,75483,225,2078593
VSWS,N,20260805,JALAN,ST,Jalan Transolutions,1.7000,1.7000,1.6000,1.6500,12000,4,19800
VSWS,N,20260805,JAMNAAUTO,EQ,Jamna Auto Ind,143.3100,144.6200,141.8700,143.2700,2169567,23550,310909816
VSWS,N,20260805,JARO,EQ,Jaro Inst of Tech Mg,460.1500,462.3500,450.3000,453.8500,65357,1533,29771801
VSWS,N,20260805,JASH,EQ,Jash Engineering,501.5000,503.0000,491.0000,494.2500,50236,3985,25026909
VSWS,N,20260805,JAYAGROGN,EQ,Jayant Agro Organics,224.5000,229.7000,222.0100,224.2000,8355,369,1874141
VSWS,N,20260805,JAYBARMARU,EQ,Jay Bharat Maruti,154.3600,154.3600,154.3600,154.3600,89964,842,13886843
VSWS,N,20260805,JAYBEE,SM,Jay Bee Laminations,89.5000,90.4000,86.0500,86.7000,15500,25,1373375
VSWS,N,20260805,JAYESH,SM,Jayesh Logistics,147.8000,147.8000,140.0000,140.8000,9000,9,1281150
VSWS,N,20260805,JAYKAY,EQ,Jaykay Enterprises,162.4000,163.0000,155.2500,156.9100,188287,3216,29956449
VSWS,N,20260805,JAYNECOIND,EQ,Jayaswals Neco Ind,88.4000,92.5000,87.5500,91.7700,9066693,39995,822648250
VSWS,N,20260805,JAYSREETEA,EQ,Jay Shree Tea & Ind,89.0100,91.8000,88.5000,89.2900,46259,838,4135188
VSWS,N,20260805,JBMA,EQ,JBM Auto,664.0000,666.6500,656.5500,663.0500,207640,9186,137361872
VSWS,N,20260805,JETFREIGHT,EQ,Jet Freight Logistic,22.6800,23.0000,22.0400,22.6000,139211,637,3139215
VSWS,N,20260805,JEYYAM,ST,Jeyyam Global Foods,23.1000,23.8000,22.7500,23.8000,190000,34,4433000
VSWS,N,20260805,JFLLIFE,SM,JFL Life Sciences,14.2000,14.4500,13.5500,13.7500,72000,12,1011600
VSWS,N,20260805,JGCHEM,EQ,J G Chemicals,505.1000,553.5000,505.1000,548.2500,1818044,43071,980292041
VSWS,N,20260805,JHS,EQ,JHS Svendgaard Labor,7.6900,7.9000,7.6000,7.7600,50416,143,389483
VSWS,N,20260805,JINDALPHOT,EQ,Jindal Photo,1077.0000,1096.2000,1060.0000,1068.6000,2799,384,3001079
VSWS,N,20260805,JINDALPOLY,EQ,Jindal Poly Films,632.0000,632.0000,621.9000,626.4500,12348,1081,7736534
VSWS,N,20260805,JINDALSAW,EQ,Jindal Saw,266.1000,268.3000,263.2000,265.6000,1173121,37521,311752800
VSWS,N,20260805,JINDALSTEL,EQ,Jindal Steel,1124.0000,1126.8000,1113.4000,1113.4000,622339,20952,696823109
VSWS,N,20260805,JINDRILL,EQ,Jindal Drilling,614.3000,626.0000,609.6500,620.3500,212867,7605,131883226
VSWS,N,20260805,JINDWORLD,EQ,Jindal Worldwide,40.0000,40.0100,38.5200,39.1500,5949666,13061,233986841
VSWS,N,20260805,JIOFIN,EQ,Jio Financial Servic,266.6500,268.2000,260.7000,261.9500,19828927,98114,5243150729
VSWS,N,20260805,JISLDVREQS,EQ,Jain Irrigation DVR,22.9700,23.1700,22.5300,22.6400,7370,65,168260
VSWS,N,20260805,JISLJALEQS,EQ,Jain Irrigation,31.2300,31.4100,31.1000,31.2500,1104453,3039,34515367
VSWS,N,20260805,JITFINFRA,EQ,JITF Infralogistics,346.8000,354.0000,340.2500,346.8500,25318,1212,8783994
VSWS,N,20260805,JIWANRAM,SM,Jiwanram Sheoduttrai,4.9000,5.0000,4.9000,5.0000,30000,5,147900
VSWS,N,20260805,JKCEMENT,EQ,JK Cement,5539.5000,5556.5000,5443.0000,5484.5000,49694,15013,272865874
VSWS,N,20260805,JKIL,EQ,J Kumar Infraproject,494.9000,496.9500,487.0000,490.1000,63714,1929,31310595
VSWS,N,20260805,JKIPL,BE,Jinkushal Industries,98.1800,102.5000,96.2600,100.9900,10596,150,1062158
VSWS,N,20260805,JKLAKSHMI,EQ,JK Lakshmi Cement,571.0000,575.8500,569.6500,571.2500,59050,4474,33835941
VSWS,N,20260805,JKPAPER,EQ,JK Paper,383.8500,387.9500,383.1000,385.2500,202752,5428,78116532
VSWS,N,20260805,JKTYRE,EQ,JK Tyre & Industries,415.0000,422.0000,413.3500,415.2000,1338368,26640,559074171
VSWS,N,20260805,JLHL,EQ,Jupiter Life Line Ho,321.5500,326.0000,315.4000,323.9500,208974,7523,67162878
VSWS,N,20260805,JMA,EQ,Jullundur Motor Agen,90.9900,90.9900,88.6100,89.4700,4368,89,392477
VSWS,N,20260805,JMFINANCIL,EQ,J M Financial,125.0000,131.6500,124.7300,126.1200,13626484,80644,1753108655
VSWS,N,20260805,JNKINDIA,EQ,JNK India,429.5000,429.9500,415.8000,418.8000,230016,5896,97141506
VSWS,N,20260805,JOCIL,BE,Jocil,144.2000,152.6000,144.2000,147.0000,6055,52,904519
VSWS,N,20260805,JPOLYINVST,EQ,Jindal Poly Invest,1065.0000,1075.0000,1039.5000,1044.1000,3378,413,3548142
VSWS,N,20260805,JPPOWER,EQ,Jaiprakash Power Ven,18.9700,19.2800,18.2500,18.3200,78195615,46767,1465599872
VSWS,N,20260805,JSFB,EQ,Jana Small Fin Bank,581.9000,581.9000,570.0000,572.5500,239088,9800,137445165
VSWS,N,20260805,JSL,EQ,Jindal Stainless,739.5000,753.0000,729.4000,744.5000,1102716,32576,819370218
VSWS,N,20260805,JSLL,EQ,Jeena Sikho Lifecare,576.9500,590.0000,575.0000,579.2500,345655,11473,200995083
VSWS,N,20260805,JSWCEMENT,EQ,JSW Cement,132.5000,133.1900,131.3000,132.0400,765513,11667,101133822
VSWS,N,20260805,JSWDULUX,EQ,JSW Dulux,3034.0000,3097.1000,2990.0000,3022.1000,16282,4789,49327625
VSWS,N,20260805,JSWENERGY,EQ,JSW Energy,570.5000,572.0000,559.9500,566.0000,1348918,28016,760742886
VSWS,N,20260805,JSWHL,EQ,JSW Holdings,12350.0000,12453.0000,12169.0000,12327.0000,4128,1472,50890529
VSWS,N,20260805,JSWINFRA,EQ,JSW Infrastructure,331.0000,336.3000,329.2500,334.4000,1644489,21810,548622599
VSWS,N,20260805,JSWSTEEL,EQ,JSW Steel,1304.5000,1331.0000,1284.7000,1330.0000,2186609,62037,2861516701
VSWS,N,20260805,JTEKTINDIA,EQ,JTEKT India,141.5900,142.3100,140.1200,140.8200,90242,1684,12714153
VSWS,N,20260805,JTLIND,EQ,JTL Industries,79.3900,80.4500,76.2700,78.1300,11220643,51086,884079180
VSWS,N,20260805,JUBLCPL,EQ,Jubilant Agri And Co,1895.0000,1910.0000,1843.5000,1893.8000,5832,760,10988664
VSWS,N,20260805,JUBLFOOD,EQ,Jubilant FoodWorks,470.8000,495.3000,467.7000,485.0000,12392227,140089,6022258228
VSWS,N,20260805,JUBLINGREA,EQ,Jubilant Ingrevia,755.0000,757.3500,740.5000,746.1000,124078,8434,92830242
VSWS,N,20260805,JUBLPHARMA,EQ,Jubilant Pharmova,938.4500,939.0000,910.6000,924.7000,71119,5768,66257228
VSWS,N,20260805,JUNIORBEES,EQ,Nippon INft N50 JrBe,818.0400,818.0400,788.0000,805.7400,376109,10802,303253415
VSWS,N,20260805,JUNIPER,EQ,Juniper Hotels,198.9000,202.8000,197.0800,199.9000,168186,2654,33634660
VSWS,N,20260805,JUSTDIAL,EQ,Just Dial,709.9000,709.9000,679.7000,683.0000,342065,9477,236962735
VSWS,N,20260805,JWL,EQ,Jupiter Wagons,264.0500,266.2000,256.1000,258.8500,912426,16967,238398903
VSWS,N,20260805,JYOTHYLAB,EQ,Jyothy Labs,202.0900,205.3500,201.1900,204.1700,641067,18478,130255085
VSWS,N,20260805,JYOTICNC,EQ,Jyoti CNC Automation,860.0000,872.0000,854.9000,859.7500,809396,23978,698282392
VSWS,N,20260805,JYOTIGLOBL,SM,Jyoti Global Plast,35.9000,35.9000,35.9000,35.9000,4000,2,143600
VSWS,N,20260805,JYOTISTRUC,EQ,Jyoti Structures,12.3000,12.4500,11.8600,12.1200,22246594,39323,270970029
VSWS,N,20260805,K2INFRA,ST,K2 Infragen,54.5000,54.5000,53.5000,54.4500,5400,6,293010
VSWS,N,20260805,KABRAEXTRU,EQ,Kabra Extrusion Tech,415.0000,460.5000,415.0000,454.4000,1022255,23818,451908025
VSWS,N,20260805,KAJARIACER,EQ,Kajaria Ceramics,1215.3000,1215.3000,1183.0000,1185.9000,176118,12918,209926636
VSWS,N,20260805,KAKATCEM,BE,Kakatiya Cem & Sugar,118.0000,120.9900,116.5000,119.7500,600,36,71388
VSWS,N,20260805,KALAMANDIR,EQ,Sai Silks (Kalamandi,88.9900,90.0000,87.5000,88.7900,556040,4428,49236143
VSWS,N,20260805,KALANA,SM,Kalana Ispat,18.5000,18.5000,18.5000,18.5000,4000,2,74000
VSWS,N,20260805,KALPATARU,EQ,Kalpataru,289.9000,289.9000,282.4000,286.8500,63236,1737,18070513
VSWS,N,20260805,KALYANIFRG,EQ,Kalyani Forge,609.0500,620.0000,602.6500,614.7000,2065,149,1264176
VSWS,N,20260805,KALYANKJIL,EQ,Kalyan Jewellers Ind,579.7000,593.9500,562.7000,569.5000,26488790,248079,15252247972
VSWS,N,20260805,KAMAHOLD,EQ,Kama Holdings,2529.1000,2543.7000,2502.5000,2509.2000,819,200,2060172
VSWS,N,20260805,KAMATHOTEL,EQ,Kamat Hotels (India),172.9000,174.1000,170.7100,172.7600,12957,650,2236605
VSWS,N,20260805,KAMDHENU,BE,Kamdhenu,34.0100,34.9900,34.0100,34.6100,312864,583,10848016
VSWS,N,20260805,KAMOPAINTS,EQ,Kamdhenu Ventures,4.6000,4.6300,4.5200,4.5900,228465,446,1047554
VSWS,N,20260805,KANANIIND,EQ,Kanani Industries,1.5100,1.5400,1.5000,1.5200,64805,279,98223
VSWS,N,20260805,KANCHI,BE,Kanchi Karpooram,364.9500,364.9500,358.0000,361.9000,522,31,187761
VSWS,N,20260805,KANDARP,SM,Kandarp Digi Smart B,97.0000,98.1000,97.0000,98.0000,5000,5,489250
VSWS,N,20260805,KANORICHEM,BE,Kanoria Chemicals,145.2800,149.5500,142.0000,149.5200,23320,216,3438404
VSWS,N,20260805,KANPRPLA,EQ,Kanpur Plastipacks,212.4000,215.0500,209.2300,209.5700,10967,363,2325615
VSWS,N,20260805,KANSAINER,EQ,Kansai Nerolac Paint,202.9900,212.3000,198.7700,210.3800,1566089,25269,325440834
VSWS,N,20260805,KAPSTON,EQ,Kapston Services,538.0000,538.0000,522.5500,532.8500,41225,1973,21901240
VSWS,N,20260805,KARMAENG,EQ,Karma Energy,39.4000,39.8000,37.8200,38.7100,5912,117,229860
VSWS,N,20260805,KARNIKA,SM,Karnika Industries,115.0000,118.0000,107.6000,116.7000,92000,75,10450650
VSWS,N,20260805,KARURVYSYA,EQ,Karur Vysya Bank,341.8500,346.2500,336.6500,337.6500,1582416,32122,540120156
VSWS,N,20260805,KATARIA,SM,Kataria Industries,100.9500,100.9500,97.0000,97.7500,13800,23,1346880
VSWS,N,20260805,KAUSHALYA,BE,Kaushalya Infra Deve,914.0000,923.9500,900.0000,923.9000,99,12,90809
VSWS,N,20260805,KAVDEFENCE,EQ,Kavveri Defence & Wi,57.3800,58.0000,56.0000,57.3300,76616,779,4390226
VSWS,N,20260805,KAYA,EQ,Kaya,263.2000,276.9500,263.2000,273.7500,31164,1152,8443089
VSWS,N,20260805,KAYNES,EQ,Kaynes Technology I,3894.7000,3963.2000,3868.3000,3898.0000,1477859,82857,5795264102
VSWS,N,20260805,KAYTEX,SM,Kaytex Fabrics,59.0000,59.0000,57.5000,57.5000,8800,11,511400
VSWS,N,20260805,KCEIL,SM,Kay Cee Energy & Inf,86.8500,87.2000,85.6000,86.1000,9500,15,818900
VSWS,N,20260805,KCK,SM,Kck Industries,18.3000,18.5500,17.3500,17.4000,405000,97,7171750
VSWS,N,20260805,KCP,EQ,K C P,156.0000,156.0000,154.0000,154.8600,99895,1448,15474209
VSWS,N,20260805,KCPSUGIND,EQ,KCP Sugar & Ind Corp,32.1000,32.6000,30.4000,31.4700,472489,1521,14783235
VSWS,N,20260805,KDDL,EQ,KDDL,3750.0000,4155.5000,3652.9000,3704.4000,492163,59156,1953463255
VSWS,N,20260805,KDL,SM,Kore Digital,107.0000,108.0000,105.0000,107.4500,9600,43,1022400
VSWS,N,20260805,KEC,EQ,KEC International,477.1000,485.5000,474.0500,475.5500,746351,21346,357675588
VSWS,N,20260805,KECL,EQ,Kirloskar Electric,136.8000,150.2100,136.8000,150.2100,1082552,5959,160554875
VSWS,N,20260805,KEEPLEARN,EQ,DSJ Keep Learning,1.9200,1.9800,1.8700,1.9600,34389,50,67185
VSWS,N,20260805,KEI,EQ,KEI Industries,5484.1000,5599.0000,5441.8000,5577.0000,1049613,71788,5790063043
VSWS,N,20260805,KEL,SM,Visdem Technosys,80.4000,82.0000,80.4000,81.5500,7200,6,586800
VSWS,N,20260805,KELLTONTEC,EQ,Kellton Tech Solu,14.3400,14.3900,14.1400,14.1700,1032656,2366,14703039
VSWS,N,20260805,KEN,SM,Ken Enterprises,36.5000,39.3500,36.0000,38.5000,42000,24,1560900
VSWS,N,20260805,KENNAMET,EQ,Kennametal India,3029.0000,3086.0000,3011.1000,3058.6000,13839,1889,42276207
VSWS,N,20260805,KERNEX,EQ,Kernex Microsystems,2427.4000,2567.0000,2427.4000,2549.2000,299258,19131,749286700
VSWS,N,20260805,KESORAMIND,BE,Kesoram Industries,13.2600,13.2600,13.2600,13.2600,406910,243,5395627
VSWS,N,20260805,KEYFINSERV,EQ,Keynote Financial Se,255.0500,264.9000,251.0500,258.3500,1571,53,402896
VSWS,N,20260805,KFINTECH,EQ,KFin Technologies,954.9500,958.7500,942.0500,948.7500,416602,13143,396042309
VSWS,N,20260805,KHADIM,BE,Khadim India,96.2000,99.0000,96.0000,96.7800,20005,192,1932383
VSWS,N,20260805,KHAICHEM,EQ,Khaitan Chemicals,49.5000,54.4000,49.5000,52.6800,488628,3638,25799787
VSWS,N,20260805,KHAITANLTD,EQ,Khaitan (India),141.0500,159.9000,141.0000,155.3000,39253,770,5992847
VSWS,N,20260805,KHANDSE,EQ,Khandwala Securities,17.8700,17.8700,17.0000,17.4000,1071,31,18637
VSWS,N,20260805,KICL,EQ,Kalyani Investment C,5477.5000,5600.0000,5455.0000,5522.0000,1552,404,8603744
VSWS,N,20260805,KILITCH,BE,Kilitch Drugs,190.0000,191.9900,189.0000,191.3800,23223,178,4437893
VSWS,N,20260805,KIMS,EQ,Krishna Institute of,795.9000,815.0000,783.1500,802.1500,656235,17206,526109506
VSWS,N,20260805,KINGFA,EQ,Kingfa Science & Tec,5185.5000,5200.0000,5149.0000,5163.5000,1676,817,8666931
VSWS,N,20260805,KIOCL,EQ,KIOCL,392.0000,396.3000,389.0000,391.9500,115253,5559,45191080
VSWS,N,20260805,KIRANVYPAR,EQ,Kiran Vyapar,198.0000,203.6000,194.0000,203.6000,1358,34,273609
VSWS,N,20260805,KIRIINDUS,EQ,Kiri Industries,421.7000,424.0000,415.4000,419.2000,86278,2553,36179465
VSWS,N,20260805,KIRLFER,EQ,Kirloskar Ferrous,465.8000,476.5000,438.3000,461.2500,844943,25038,383758310
VSWS,N,20260805,KIRLOSBROS,EQ,Kirloskar Brothers,1889.9000,1993.0000,1888.1000,1984.9000,225442,23415,441798327
VSWS,N,20260805,KIRLOSENG,EQ,Kirloskar Oil Engine,2298.0000,2300.5000,2222.0000,2241.4000,299321,28596,675542358
VSWS,N,20260805,KIRLOSIND,EQ,Kirloskar Industries,3985.0000,4034.0000,3784.1000,3803.8000,15704,3252,60517619
VSWS,N,20260805,KIRLPNU,EQ,Kirloskar Pneumatic,1460.0000,1467.7000,1421.2000,1458.0000,232733,29171,336104902
VSWS,N,20260805,KISSHT,EQ,OnEMI Technology Sol,308.7000,310.4000,301.2500,307.8000,1476873,28986,452366743
VSWS,N,20260805,KITEX,EQ,Kitex Garments,146.4800,147.8000,144.7000,145.1500,329291,3615,48060447
VSWS,N,20260805,KKCL,EQ,Kewal Kiran Clothing,545.0000,568.0500,535.5500,546.5000,335766,7928,186223198
VSWS,N,20260805,KKJEWELS,SM,Kabra Jewels,102.6000,102.9500,100.0000,102.4500,9000,9,916700
VSWS,N,20260805,KLBRENG-B,EQ,Kilburn Engineering,425.4500,425.4500,390.0000,397.8500,359063,11379,143739817
VSWS,N,20260805,KLL,SM,Kaushalya Logistics,22.6000,23.7500,22.2500,22.7000,96800,97,2222080
VSWS,N,20260805,KMEW,EQ,Knowledge Marine & E,2548.9000,2599.0000,2516.5000,2542.2000,50581,7438,129486444
VSWS,N,20260805,KMSUGAR,EQ,K M Sugar Mills,29.5000,29.5000,28.4700,28.5800,193430,847,5591061
VSWS,N,20260805,KNACK,EQ,Knack Packaging,198.9500,215.0000,198.2000,213.3500,3964188,39606,828423824
VSWS,N,20260805,KNAGRI,EQ,KN Agri Resources,209.0000,210.5900,207.0000,207.9400,5283,111,1106153
VSWS,N,20260805,KNRCON,EQ,KNR Constructions,128.2000,136.6300,128.2000,132.9600,4128143,30330,552115797
VSWS,N,20260805,KODYTECH,SM,Kody Technolab,1385.0000,1415.0000,1383.0500,1393.2000,5000,45,6980130
VSWS,N,20260805,KOHINOOR,EQ,Kohinoor Foods,23.5000,23.8000,22.9000,23.0400,49914,2353,1157791
VSWS,N,20260805,KOKUYOCMLN,EQ,Kokuyo Camlin,86.9000,89.0000,86.4200,88.2800,44665,588,3914691
VSWS,N,20260805,KOLTEPATIL,EQ,Kolte-Patil Develope,400.6000,405.6000,388.5500,392.6000,104976,3047,41800180
VSWS,N,20260805,KONSTELEC,ST,Konstelec Engineers,62.0000,66.0000,60.3000,65.2500,53000,28,3380850
VSWS,N,20260805,KOPRAN,BE,Kopran,189.0000,197.5000,179.6100,195.9000,208176,1154,40109804
VSWS,N,20260805,KORE,SM,Jay Jalaram Technolo,174.3000,179.3000,173.3000,177.5000,1750,5,306675
VSWS,N,20260805,KOTAKBANK,EQ,Kotak Mahindra Bank,397.0000,400.0000,393.8500,400.0000,11842327,116647,4696684804
VSWS,N,20260805,KOTARISUG,EQ,Kothari Sugars,26.7000,26.7000,25.8200,25.9500,22836,235,594847
VSWS,N,20260805,KOTHARIPET,EQ,Kothari Petrochem,146.3800,149.0000,143.4000,144.1200,119782,1923,17510984
VSWS,N,20260805,KOTHARIPRO,EQ,Kothari Products,69.0000,69.5000,67.2500,68.2600,2507,67,170587
VSWS,N,20260805,KOTIC,EQ,Kothari Industrial,159.9800,159.9800,152.0000,154.0600,17236,584,2660926
VSWS,N,20260805,KOTYARK,BE,Kotyark Industries,38.4600,38.4600,38.4600,38.4600,107385,265,4130027
VSWS,N,20260805,KOVAI,EQ,Kovai Medical,5874.0000,5964.5000,5817.0000,5927.0000,2775,936,16379874
VSWS,N,20260805,KPEL,EQ,K P Energy,325.4000,325.4000,309.5000,310.6500,253076,6535,79479475
VSWS,N,20260805,KPIGREEN,EQ,KPI Green Energy,385.4000,388.2500,375.8000,377.0000,530278,14664,201240974
VSWS,N,20260805,KPIL,EQ,Kalpataru Projects I,1280.0000,1289.8000,1277.4000,1283.0000,41880,8561,53711404
VSWS,N,20260805,KPITTECH,EQ,KPIT Technologies,630.0000,630.5000,621.6000,623.0000,1547858,27663,969998963
VSWS,N,20260805,KPL,EQ,Kwality Pharmaceutic,2624.9000,2624.9000,2551.2000,2559.1000,9783,2005,25158126
VSWS,N,20260805,KPRMILL,EQ,K P R Mill,1060.0000,1094.4000,1058.2000,1078.5000,308514,25641,333495163
VSWS,N,20260805,KRBL,EQ,K R B L,370.9000,379.8000,370.1500,374.9000,298636,7442,112302099
VSWS,N,20260805,KREBSBIO,EQ,Krebs Biochemicals &,55.1000,55.5000,54.1000,54.1200,1919,33,104710
VSWS,N,20260805,KRIDHANINF,BE,Kridhan Infra,2.3000,2.3700,2.2200,2.3400,115604,120,263660
VSWS,N,20260805,KRISHANA,EQ,Krishana Phoschem,182.8000,182.8000,178.1500,178.7400,323539,6254,58251404
VSWS,N,20260805,KRISHCA,SM,Krishca Strapping So,161.5000,163.7000,159.0000,163.7000,9500,15,1533925
VSWS,N,20260805,KRISHIVAL,EQ,Krishival Foods,391.1000,392.5000,387.0000,387.7500,2269,195,881211
VSWS,N,20260805,KRISHNADEF,EQ,Krishna Defence & Al,1208.0000,1225.9000,1132.0000,1140.1000,233674,14998,269353977
VSWS,N,20260805,KRITI,BE,Kriti Industries (I),71.0000,72.3600,69.1100,69.7300,16608,88,1177847
VSWS,N,20260805,KRITIKA,EQ,Kritika Wires,6.1000,6.1000,5.4600,5.7800,273134,715,1589834
VSWS,N,20260805,KRITINUT,EQ,Kriti Nutrients,82.8000,89.1500,82.8000,89.1500,65290,303,5760374
VSWS,N,20260805,KRMAYURVED,ST,KRM Ayurveda,292.0000,304.0000,292.0000,297.3000,22000,17,6612000
VSWS,N,20260805,KRN,BE,KRN Heat Exchanger &,1218.7000,1219.9000,1190.0000,1213.7000,37283,3256,44978630
VSWS,N,20260805,KRONOX,EQ,Kronox Lab Sciences,162.0000,164.8500,159.0400,161.7300,121532,2765,19690430
VSWS,N,20260805,KROSS,EQ,Kross,207.5000,209.6000,203.7800,204.9400,231329,6048,47858925
VSWS,N,20260805,KRSNAA,EQ,Krsnaa Diagnostics,563.8000,566.9500,557.3500,561.4500,62743,3318,35302861
VSWS,N,20260805,KRYSTAL,EQ,Krystal Integrated S,605.9500,608.0000,600.0000,600.1000,21303,529,12792624
VSWS,N,20260805,KSB,EQ,KSB,848.4000,868.0000,787.2000,791.9000,794706,41139,650827119
VSWS,N,20260805,KSCL,EQ,Kaveri Seed Company,794.7000,798.0000,773.4500,781.5000,138621,7936,108800485
VSWS,N,20260805,KSHINTL,EQ,KSH International,910.0000,924.0500,891.1000,903.6500,153095,10264,138934207
VSWS,N,20260805,KSHITIJPOL,BE,Kshitij Polyline,3.0000,3.0000,2.8500,2.9000,819850,1143,2380321
VSWS,N,20260805,KSL,EQ,Kalyani Steels,871.6000,889.8000,871.6000,882.4500,17367,1371,15329808
VSWS,N,20260805,KSOLVES,EQ,Ksolves India,283.9500,285.0000,279.0000,279.7500,51543,1294,14473378
VSWS,N,20260805,KSR,EQ,KSR Footwear,28.8900,29.9300,28.6000,29.4800,4684,56,137958
VSWS,N,20260805,KTKBANK,EQ,Karnataka Bank,295.7000,300.5500,292.4000,299.6500,2923154,28951,869772109
VSWS,N,20260805,KUANTUM,EQ,Kuantum Papers,79.6700,81.2900,79.1000,80.0500,89619,1045,7183825
VSWS,N,20260805,KUSUMGAR,EQ,Kusumgar,628.0000,648.0000,622.1500,639.9000,1073730,25117,684763993
VSWS,N,20260805,KWIL,EQ,Kwality Wall's (Indi,32.9400,33.1900,32.2200,32.5300,4982746,12754,162378377
VSWS,N,20260805,LAGNAM,EQ,Lagnam Spintex,88.0000,88.5000,85.9900,86.4300,15150,142,1315026
VSWS,N,20260805,LAHOTIOV,EQ,Lahoti Overseas,42.0000,42.0000,41.0000,41.9700,1884,24,77884
VSWS,N,20260805,LAKPRE,BZ,Lakshmi Precision,5.0500,5.0500,5.0500,5.0500,30,3,152
VSWS,N,20260805,LAKSHYA,SM,Lakshya Powertech,89.0000,93.0000,89.0000,92.4500,5600,7,516560
VSWS,N,20260805,LAL,EQ,Lorenzini Apparels,8.6800,8.6800,8.3100,8.4500,15721,195,132843
VSWS,N,20260805,LALPATHLAB,EQ,Dr Lal PathLabs,1899.9000,1915.0000,1863.0000,1887.1000,318039,47801,600947413
VSWS,N,20260805,LAMBODHARA,EQ,Lambodhara Textile,115.0000,116.1200,113.1000,115.7000,5708,107,657685
VSWS,N,20260805,LAMOSAIC,ST,Lamosaic India,51.3000,52.9000,51.3000,52.9000,7800,9,406350
VSWS,N,20260805,LANCORHOL,EQ,Lancor Holdings,27.4500,27.4500,26.2000,26.3000,49442,378,1307853
VSWS,N,20260805,LANDMARK,EQ,Landmark Cars,542.8500,564.0000,540.1000,547.0500,280598,11487,155645225
VSWS,N,20260805,LANDSMILL,EQ,Landsmill Green,0.8000,0.8400,0.8000,0.8100,2347943,927,1934323
VSWS,N,20260805,LAOPALA,EQ,La Opala RG,192.0000,210.0000,191.0100,196.1000,8551629,83088,1735357727
VSWS,N,20260805,LASA,EQ,Lasa Supergenerics,7.0400,7.8000,7.0400,7.6600,77289,221,577638
VSWS,N,20260805,LASERPOWER,EQ,Laser Power & Infra,291.9500,302.0000,289.0000,290.2000,2454989,24903,723434060
VSWS,N,20260805,LATENTVIEW,EQ,Latent View Analytic,299.8500,301.0000,293.5000,295.0000,457211,9007,135326903
VSWS,N,20260805,LATTEYS,BE,Latteys Industries,19.6600,20.2200,19.6600,19.7800,34442,130,689747
VSWS,N,20260805,LAURUSLABS,EQ,Laurus Labs,1854.0000,1856.6000,1834.5000,1835.0000,2090998,43682,3858420605
VSWS,N,20260805,LAXMICOT,EQ,Laxmi Cotspin,14.2600,15.4300,14.0000,14.1600,13753,87,197016
VSWS,N,20260805,LAXMIDENTL,EQ,Laxmi Dental,220.6000,221.6900,217.1000,219.6000,44283,1192,9729528
VSWS,N,20260805,LAXMIINDIA,BE,Laxmi India Finance,137.0000,138.0000,129.6000,132.7600,111437,667,14775218
VSWS,N,20260805,LCCINFOTEC,EQ,LCC Infotech,4.1900,4.2900,3.9900,4.0500,399689,255,1613792
VSWS,N,20260805,LCL,EQ,Lohia Corp,519.2000,537.2500,511.1500,513.9000,1009572,19363,525961637
VSWS,N,20260805,LEMERITE,EQ,Le Merite Exports,23.3500,23.6800,22.2200,23.3800,531706,754,12291555
VSWS,N,20260805,LEMONTREE,EQ,Lemon Tree Hotels,114.0000,115.6800,112.5000,112.6800,2982763,34593,339012232
VSWS,N,20260805,LENSKART,EQ,Lenskart Solutions,570.0000,575.0000,565.2500,572.6500,2302092,49814,1316524558
VSWS,N,20260805,LEXUS,EQ,Lexus Granito (India,14.8700,14.8800,14.3000,14.5500,15862,84,230290
VSWS,N,20260805,LFIC,EQ,Lakshmi Fin & Ind Co,142.0000,142.0100,142.0000,142.0100,72,6,10224
VSWS,N,20260805,LGBBROSLTD,EQ,LG Balakrishnan,1525.0000,1543.1000,1505.5000,1514.7000,30886,3994,46958718
VSWS,N,20260805,LGEINDIA,EQ,LG Electronics India,1543.7000,1582.4000,1534.1000,1578.6000,340379,19552,533785691
VSWS,N,20260805,LGHL,EQ,Laxmi Goldorna House,204.0000,208.8100,200.5000,201.9800,19480,310,3950285
VSWS,N,20260805,LIBAS,EQ,Libas Consumer Prod,10.1000,10.5000,9.2800,9.7500,77409,355,752643
VSWS,N,20260805,LIBERTSHOE,EQ,Liberty Shoes,261.4500,270.0000,261.3500,268.2000,35347,1604,9447784
VSWS,N,20260805,LICHSGFIN,EQ,LIC Housing Finance,514.6000,516.8500,510.0500,512.0500,1022787,22877,524733104
VSWS,N,20260805,LICI,EQ,Life Insurance Corp,386.0000,397.3500,385.9000,393.0000,46620081,179717,18275653279
VSWS,N,20260805,LICMFGOLD,EQ,LIC MF Gold ETF,129.4500,134.6500,128.9500,129.9500,200017,1185,26068863
VSWS,N,20260805,LICNETFGSC,EQ,LIC Nomura MF GS ETF,29.5800,29.5900,29.4500,29.5000,12455,96,367672
VSWS,N,20260805,LICNETFN50,EQ,LIC Nomura MF ETF Ni,276.0000,276.0000,274.5100,275.9400,3329,25,916646
VSWS,N,20260805,LICNETFSEN,EQ,LIC Nomura - Sensex,890.6600,891.7400,890.6600,891.7400,4,3,3565
VSWS,N,20260805,LICNFNHGP,EQ,LIC MF Nifty 100,282.8700,283.2000,280.3600,282.1300,47,13,13258
VSWS,N,20260805,LICNMID100,EQ,LIC MF Nifty Midcap,64.2300,66.4000,63.6500,64.2000,290851,153,18674909
VSWS,N,20260805,LIKHITHA,EQ,Likhitha Infrastruct,224.0000,233.9900,220.0200,220.8000,26155,802,5822850
VSWS,N,20260805,LINC,EQ,Linc,102.9200,104.9000,100.5000,100.9700,23993,690,2449569
VSWS,N,20260805,LINCOLN,EQ,Lincoln Pharm,599.0000,618.5000,588.1500,610.8500,56777,3078,34470053
VSWS,N,20260805,LINDEINDIA,EQ,Linde India,7213.0000,7225.5000,7071.5000,7088.0000,15357,4072,109200921
VSWS,N,20260805,LIQGRWBEES,EQ,Nippon India Nifty 1,1050.3800,1050.4000,1050.3800,1050.3900,39214,214,41189873
VSWS,N,20260805,LIQUID,EQ,Mirae Asset Nfty 1 D,1000.0000,1000.0000,999.9900,999.9900,225228,205,225227706
VSWS,N,20260805,LIQUID1,EQ,Kotak Nifty 1D Rate,1116.7200,1116.7400,1116.7200,1116.7300,969689,1013,1082879962
VSWS,N,20260805,LIQUIDADD,EQ,DSP BSE Liquid Rate,1138.8500,1138.8700,1138.8500,1138.8600,476460,744,542619110
VSWS,N,20260805,LIQUIDBEES,EQ,Nippon INft 1D RLBeE,1002.9800,1002.9800,999.9900,1000.0000,4078946,4776,4078941381
VSWS,N,20260805,LIQUIDBETA,EQ,UTI Nifty 1D Rate Li,1002.9100,1002.9100,1002.9100,1002.9100,209,2,209608
VSWS,N,20260805,LIQUIDBETF,EQ,Bajaj F Nfty 1D RL,1093.1200,1093.2600,1093.1200,1093.2500,289428,120,316418268
VSWS,N,20260805,LIQUIDCASE,EQ,Zerodha Nifty 1D Rat,115.3300,115.3300,115.3100,115.3200,16461611,14105,1898344953
VSWS,N,20260805,LIQUIDETF,EQ,DSP Nifty 1D Rate Li,1000.0000,1000.0100,999.9900,1000.0000,111208,200,111207881
VSWS,N,20260805,LIQUIDIETF,EQ,ICICI Pru BSE L Rate,1000.0000,1000.0100,999.9900,999.9900,414252,233,414251773
VSWS,N,20260805,LIQUIDPLUS,EQ,Mirae A Nfty 1D R L,1097.4800,1097.5000,1097.4800,1097.4900,638041,290,700244063
VSWS,N,20260805,LIQUIDSBI,EQ,SBI Nifty 1D Rate ET,999.9900,1000.0100,999.9900,999.9900,2907,29,2907021
VSWS,N,20260805,LIQUIDSHRI,EQ,Shriram Nifty 1D Rat,1115.9700,1115.9800,1115.9600,1115.9600,918,18,1024457
VSWS,N,20260805,LLOYDS,ST,Lloyds Luxuries,67.5000,67.5500,67.5000,67.5500,6000,6,405050
VSWS,N,20260805,LLOYDSENGG,EQ,Lloyds Engineering W,93.1600,93.7500,90.1600,93.2800,14857412,43855,1373583862
VSWS,N,20260805,LLOYDSENT,EQ,Lloyds Enterprises,81.6900,82.6500,79.8400,81.4400,2531470,11337,205705191
VSWS,N,20260805,LLOYDSME,EQ,Lloyds Metals & Ener,2062.0000,2094.0000,2055.2000,2087.1000,356372,20234,739168556
VSWS,N,20260805,LMW,EQ,LMW,16062.0000,16400.0000,16062.0000,16372.0000,1592,734,25978820
VSWS,N,20260805,LODHA,EQ,Lodha Developers,1249.9000,1264.2000,1240.3000,1250.0000,1531623,37053,1920722808
VSWS,N,20260805,LOKESHMACH,BE,Lokesh Machines,331.5000,338.1000,331.5000,338.1000,19337,136,6530237
VSWS,N,20260805,LORDSCHLO,EQ,Lords Chloro Alkali,146.0800,149.9800,142.0000,142.6400,10733,488,1551736
VSWS,N,20260805,LOTUSDEV,EQ,Sri Lotus Developers,195.7500,197.8500,191.6900,193.0300,3488592,9146,676267752
VSWS,N,20260805,LOTUSEYE,EQ,Lotus Eye Hosp & Ins,117.8500,118.2000,116.0500,117.8300,9005,247,1054951
VSWS,N,20260805,LOVABLE,EQ,Lovable Lingerie,74.5000,74.5000,72.8100,73.6200,4985,130,367120
VSWS,N,20260805,LOWVOL,EQ,Mirae Asset Nft100 L,213.0000,213.7200,212.3300,213.0200,484,12,102983
VSWS,N,20260805,LOWVOL1,EQ,Kotak Nifty 100 Low,21.8500,22.3000,21.7500,21.9700,108026,198,2358731
VSWS,N,20260805,LOWVOLIETF,EQ,ICICIPru Nfty100LowV,22.9800,22.9800,22.7800,22.8300,1451280,1048,33177077
VSWS,N,20260805,LOYALTEX,EQ,Loyal Textiles,227.9900,227.9900,210.0000,210.0000,1237,17,265869
VSWS,N,20260805,LPDC,EQ,Landmark Property De,6.6800,6.6800,6.1700,6.3700,23674,114,150888
VSWS,N,20260805,LT,EQ,Larsen & Toubro,4025.0000,4074.0000,4024.8000,4057.0000,1910224,98367,7747874548
VSWS,N,20260805,LTF,EQ,L&T Finance,323.0000,326.7500,318.3000,318.4000,5834701,39023,1872693560
VSWS,N,20260805,LTFOODS,EQ,LT Foods,417.0000,424.0000,415.3000,417.1500,351962,14324,147800689
VSWS,N,20260805,LTGILTBEES,EQ,Nippon INft 8-13 YGS,29.9300,30.0600,29.9300,30.0100,2023972,637,60737400
VSWS,N,20260805,LTGILTCASE,EQ,Zerodha Nfty 8-13 Yr,30.7500,30.7500,30.4400,30.5800,151087,213,4622253
VSWS,N,20260805,LTM,EQ,LTM,4589.0000,4602.2000,4503.5000,4506.0000,156961,19513,713135416
VSWS,N,20260805,LTTS,EQ,L&T Technology Servi,3520.9000,3593.3000,3498.1000,3575.3000,98283,17563,348975072
VSWS,N,20260805,LUMAXIND,EQ,Lumax Industries,5755.0000,5894.5000,5750.0000,5798.0000,28322,5986,164552409
VSWS,N,20260805,LUMAXTECH,EQ,Lumax Auto Technolog,1638.4000,1706.8000,1627.7000,1697.9000,301915,20280,507925519
VSWS,N,20260805,LUPIN,EQ,Lupin,2410.0000,2410.0000,2357.5000,2388.0000,1494574,76958,3558254013
VSWS,N,20260805,LUXIND,EQ,Lux Industries,1272.0000,1294.8000,1272.0000,1287.2000,15812,1528,20311254
VSWS,N,20260805,LXCHEM,EQ,Laxmi Organic Indust,185.2000,189.1400,181.2200,181.5700,1531727,16312,283612346
VSWS,N,20260805,LYKALABS,BE,Lyka Labs,66.6600,69.9900,66.6600,69.9900,38739,192,2694249
VSWS,N,20260805,M&M,EQ,Mahindra & Mahindra,3470.0000,3485.8000,3435.0000,3455.4000,1970549,120733,6825697551
VSWS,N,20260805,M&MFIN,EQ,Mahindra & Mah Fin S,398.6000,401.6500,395.1000,398.4000,2383486,35280,948548238
VSWS,N,20260805,MAANALU,EQ,Maan Aluminium,128.8700,130.0000,126.1100,127.2500,38072,922,4885573
VSWS,N,20260805,MACOBSTECH,SM,Macobs Technologies,208.7000,214.0500,208.7000,209.1000,3200,4,672440
VSWS,N,20260805,MACPOWER,EQ,Macpower CNC Machine,1530.3000,1558.0000,1515.0000,1534.9000,34594,3774,53096994
VSWS,N,20260805,MADHAV,EQ,Madhav Granite,34.4200,36.2800,34.4200,35.7600,5563,124,196356
VSWS,N,20260805,MADHAVIPL,EQ,Madhav Infra Project,7.9000,8.2200,7.9000,7.9800,73693,269,588977
VSWS,N,20260805,MADHUCON,BE,Madhucon Projects,5.1500,5.2900,5.1500,5.1600,26037,63,135765
VSWS,N,20260805,MADHUSUDAN,ST,Madhusudan Masala,230.2000,235.0000,229.0500,231.0500,14000,14,3247650
VSWS,N,20260805,MADRASFERT,EQ,Madras Fertilizers,67.5000,67.6000,66.7500,66.8600,29209,468,1958933
VSWS,N,20260805,MAFANG,EQ,Mirae Asset NYSE FAN,198.9600,198.9600,198.9600,198.9600,139209,612,27697023
VSWS,N,20260805,MAFATIND,EQ,Mafatlal Industries,133.0300,135.3500,132.5300,134.3300,14561,363,1949039
VSWS,N,20260805,MAGADSUGAR,EQ,Magadh Sugar & Energ,538.7500,549.4500,505.0000,512.2500,54074,3501,28425354
VSWS,N,20260805,MAGNUM,EQ,Magnum Ventures,19.9400,19.9400,18.3600,19.4200,77030,271,1473087
VSWS,N,20260805,MAHABANK,EQ,Bank of Maharashtra,79.0200,80.1000,78.4000,79.2000,9813088,40937,776601277
VSWS,N,20260805,MAHAPEXLTD,EQ,Maha Rashtra Apex,46.0000,48.0000,45.0000,46.9000,4650,79,216028
VSWS,N,20260805,MAHASTEEL,EQ,Mahamaya Steel Ind,1080.0000,1094.9000,1060.4000,1076.9000,16334,930,17606461
VSWS,N,20260805,MAHEPC,EQ,Mahindra EPC Irrigat,108.3000,110.0900,106.8100,107.6100,49071,1129,5324904
VSWS,N,20260805,MAHESHWARI,BE,Maheshwari Logistics,74.9800,74.9800,73.0000,73.0000,13043,44,952370
VSWS,N,20260805,MAHICKRA,SM,Mahickra Chemicals,260.0000,260.0000,258.0000,258.0000,6750,5,1752000
VSWS,N,20260805,MAHKTECH,EQ,Mirae Asset HS TECH,23.8900,23.8900,23.8900,23.8900,394802,509,9431820
VSWS,N,20260805,MAHLIFE,EQ,Mahindra Lifespace,400.9500,400.9500,380.0500,382.8500,352224,9386,136418558
VSWS,N,20260805,MAHLOG,EQ,Mahindra Logistics,420.4500,422.0000,408.1000,413.5000,135899,4446,56473154
VSWS,N,20260805,MAHSCOOTER,EQ,Maharashtra Scooters,13997.0000,14040.0000,13800.0000,13834.0000,4462,2032,62163853
VSWS,N,20260805,MAHSEAMLES,EQ,Maharashtra Seamless,582.0000,589.0000,580.0000,582.6000,76222,4420,44514344
VSWS,N,20260805,MAITHANALL,EQ,Maithan Alloys,967.0000,978.9500,963.3000,968.5500,31672,2045,30701503
VSWS,N,20260805,MAITREYA,SM,Maitreya Medicare,122.0000,122.0000,122.0000,122.0000,1200,2,146400
VSWS,N,20260805,MAJESAUT,EQ,Majestic Auto,490.0000,500.0000,477.0000,487.9000,42906,2033,20862723
VSWS,N,20260805,MAKEINDIA,EQ,Mirae Asset Nifty (I,167.0100,168.8600,167.0100,168.5700,37694,434,6349945
VSWS,N,20260805,MAKS,SM,Maks Energy Solution,18.3000,18.3000,17.1000,17.2000,10500,5,183375
VSWS,N,20260805,MAL,SM,Mangalam Alloys,32.9000,33.0000,31.5000,31.5000,8000,5,256880
VSWS,N,20260805,MALLCOM,EQ,Mallcom (India),997.3000,1019.9000,987.4000,1012.6500,2214,189,2218814
VSWS,N,20260805,MALUPAPER,EQ,Malu Paper Mills,33.9800,34.4800,32.5000,33.3000,8512,133,286117
VSWS,N,20260805,MAMATA,EQ,Mamata Machinery,419.1000,427.0000,411.9500,425.1500,238907,8374,101168172
VSWS,N,20260805,MANAKALUCO,EQ,Manaksia Aluminium C,35.1000,36.0000,34.7500,35.6100,56096,818,1989124
VSWS,N,20260805,MANAKCOAT,EQ,Manaksia Coated Meta,119.9400,120.3200,117.1100,117.9200,111213,1487,13167421
VSWS,N,20260805,MANAKSIA,EQ,Manaksia,57.5000,57.5000,56.1000,56.8600,13516,274,762586
VSWS,N,20260805,MANAKSTEEL,EQ,Manaksia Steels,79.2500,82.4900,77.4200,81.3400,152715,1163,12332334
VSWS,N,20260805,MANALIPETC,EQ,Manali Petrochemical,67.7000,67.7000,65.1500,65.6600,242844,2021,16029067
VSWS,N,20260805,MANAPPURAM,EQ,Manappuram Finance,362.2000,369.7000,359.9000,363.6000,11441426,59137,4162439072
VSWS,N,20260805,MANBA,EQ,Manba Finance,134.8700,135.5000,133.0000,133.6600,58851,584,7924680
VSWS,N,20260805,MANCREDIT,EQ,Mangal Credit & Fin,243.6000,248.4000,240.0000,245.1000,163522,2702,40070711
VSWS,N,20260805,MANDEEP,SM,Mandeep Auto Industr,19.0000,19.0000,19.0000,19.0000,2000,1,38000
VSWS,N,20260805,MANGALAM,EQ,Mangalam Drugs & Org,27.2500,27.4800,26.4500,27.0600,25548,190,692420
VSWS,N,20260805,MANGLMCEM,EQ,Mangalam Cement,950.4500,960.0000,932.0500,949.0000,16411,1062,15492462
VSWS,N,20260805,MANILAM,SM,Manilam Industries I,49.0000,49.0000,49.0000,49.0000,2000,1,98000
VSWS,N,20260805,MANINDS,EQ,Man Industries (I),547.3000,551.8500,531.0000,533.1500,206935,6977,111426717
VSWS,N,20260805,MANINFRA,EQ,Man Infraconstructio,113.3000,115.0000,111.3200,113.4700,2340787,14781,265540950
VSWS,N,20260805,MANIPALHOS,EQ,Manipal Health Enter,652.0000,675.8000,635.0000,666.9500,47007715,609142,30784660005
VSWS,N,20260805,MANKIND,EQ,Mankind Pharma,2461.0000,2461.9000,2435.0000,2435.6000,157619,12049,385869868
VSWS,N,20260805,MANOMAY,EQ,Manomay Tex India,215.0000,218.5000,208.8800,214.0600,232659,4116,49799903
VSWS,N,20260805,MANORAMA,EQ,Manorama Industries,1621.9000,1633.6000,1600.0000,1607.9000,66429,7630,107345029
VSWS,N,20260805,MANORG,BE,Mangalam Organics,479.5000,479.5000,461.0000,461.6000,17104,163,7940645
VSWS,N,20260805,MANUFGBEES,EQ,Nippon India Nifty I,166.4600,166.9200,165.9000,166.3000,2497,78,415561
VSWS,N,20260805,MANUGRAPH,BE,Manugraph India,15.7500,15.9800,15.3100,15.8900,23339,61,369547
VSWS,N,20260805,MANYAVAR,EQ,Vedant Fashions,497.9000,513.0000,481.0000,504.3500,16405389,244667,8182552488
VSWS,N,20260805,MAPMYINDIA,EQ,C E Info Systems,1082.8000,1096.2000,1041.1000,1046.4000,1318176,63886,1407132046
VSWS,N,20260805,MARALOVER,BE,Maral Overseas,52.5500,55.9500,52.5500,54.9900,18678,99,1014226
VSWS,N,20260805,MARATHON,EQ,Marathon Nextgen Rea,392.5000,396.0000,385.1000,387.2000,34950,1090,13577532
VSWS,N,20260805,MARCO,SM,Marco Cables & Condu,31.0500,31.0500,29.6500,31.0000,7500,5,230625
VSWS,N,20260805,MARICO,EQ,Marico,878.6000,879.0000,846.8500,852.0000,3931248,75659,3364958689
VSWS,N,20260805,MARINE,EQ,Marine Electricals (,304.0000,308.0000,297.9500,305.5000,1503289,20026,456603613
VSWS,N,20260805,MARKOLINES,EQ,Markolines Pavement,177.0000,180.9500,176.5500,177.2300,49333,761,8781112
VSWS,N,20260805,MARKSANS,EQ,Marksans Pharma,271.0000,271.8000,265.0000,270.6500,878439,18179,236220613
VSWS,N,20260805,MARSONS,EQ,Marsons,108.9500,113.4900,107.2500,107.9000,1530835,6700,167230691
VSWS,N,20260805,MARUTI,EQ,Maruti Suzuki India,14240.0000,14249.0000,14089.0000,14190.0000,312540,48446,4422679020
VSWS,N,20260805,MASFIN,EQ,MAS Financial Servic,310.0000,313.8500,306.0500,307.2000,119191,4666,36828162
VSWS,N,20260805,MASKINVEST,BE,Mask Investments,150.0000,152.9500,142.5500,149.5000,240,11,35643
VSWS,N,20260805,MASON,SM,Mason Infratech,120.0000,120.0000,118.2000,118.4000,7500,15,893400
VSWS,N,20260805,MASPTOP50,EQ,Mirae Asset S&P 500,79.2300,79.2300,79.2300,79.2300,191382,161,15163196
VSWS,N,20260805,MASTEK,EQ,Mastek,1842.6000,1866.4000,1816.7000,1827.9000,44088,6209,80777155
VSWS,N,20260805,MASTER,SM,Master Components,495.0000,495.0000,485.0000,485.0000,1500,3,732525
VSWS,N,20260805,MASTERTR,EQ,Master Trust,84.0300,85.1700,81.5500,81.9100,250545,1474,20744516
VSWS,N,20260805,MATRIMONY,EQ,Matrimony.com,429.0000,433.1000,426.1000,427.5500,5284,252,2273684
VSWS,N,20260805,MAWANASUG,BE,Mawana Sugars,121.1100,121.1100,117.0100,117.6600,272149,848,32681311
VSWS,N,20260805,MAXESTATES,EQ,Max Estates,392.6000,404.4000,392.6000,395.4500,56036,4508,22336470
VSWS,N,20260805,MAXHEALTH,EQ,Max Healthcare Insti,1080.0000,1087.0000,1066.4000,1080.0000,1171384,39218,1258187853
VSWS,N,20260805,MAXIND,EQ,Max India,172.5000,175.0000,170.1000,171.2200,41421,1354,7114474
VSWS,N,20260805,MAXPOSURE,SM,Maxposure,33.5500,33.5500,33.5000,33.5000,4000,4,134050
VSWS,N,20260805,MAXVOLT,ST,Maxvolt Energy Indus,353.0000,355.0000,340.3500,345.0000,19200,42,6617500
VSWS,N,20260805,MAYURUNIQ,EQ,Mayur Uniquoters,776.0000,799.0000,763.0000,768.9500,150465,9354,117218623
VSWS,N,20260805,MAZDA,BE,Mazda,228.9500,229.0000,225.0000,227.2300,4978,130,1128937
VSWS,N,20260805,MAZDOCK,EQ,Mazagon Dock Shipbui,2400.2000,2424.0000,2368.3000,2380.5000,469368,22939,1124401317
VSWS,N,20260805,MBAPL,EQ,Madhya Bharat Agro P,158.6200,160.5400,155.5000,156.9300,840922,8591,132453963
VSWS,N,20260805,MBEL,EQ,M & B Engineering,296.0000,299.2000,285.2000,287.9000,180366,6439,52419795
VSWS,N,20260805,MBLINFRA,BE,MBL Infrastructure,25.1500,25.7900,25.1500,25.3000,6688,47,170470
VSWS,N,20260805,MCCHRLS-B,EQ,Mac Charles,700.0000,700.0000,669.5000,674.7500,343,44,232491
VSWS,N,20260805,MCL,EQ,M Tek Copper,57.8000,57.8000,55.0000,55.3200,45676,1274,2543507
VSWS,N,20260805,MCLEODRUSS,BE,Mcleod Russel India,51.0100,51.2000,48.4300,49.1600,317497,830,15599433
VSWS,N,20260805,MCLOUD,EQ,Magellanic Cloud,28.7500,29.4500,28.5000,28.7900,2302990,4032,66641180
VSWS,N,20260805,MCON,SM,Mcon Rasayan India,42.0000,42.3000,41.8000,41.8000,18000,11,757200
VSWS,N,20260805,MCX,EQ,Multi Commodity Exch,2678.0000,2678.0000,2565.5000,2598.6000,5561921,364013,14456286616
VSWS,N,20260805,MDL,ST,Marvel Decor,61.2000,61.2000,58.1500,61.0000,3000,3,180350
VSWS,N,20260805,MEDANTA,EQ,Global Health,1434.9000,1449.5000,1405.1000,1410.3000,222083,19649,313988287
VSWS,N,20260805,MEDIASSIST,EQ,Medi Assist Healthca,357.7000,375.7000,357.2000,362.3500,133286,6834,48862429
VSWS,N,20260805,MEDICAMEQ,EQ,Medicamen Biotech,252.0000,253.7800,241.0000,243.1100,12849,549,3150111
VSWS,N,20260805,MEDICO,EQ,Medico Remedies,49.0000,49.2400,47.1200,48.5300,671646,1483,32570870
VSWS,N,20260805,MEDIORG,SM,Medicamen Organics,28.4000,28.4000,28.4000,28.4000,2000,1,56800
VSWS,N,20260805,MEDISTEP,SM,Medistep Healthcare,19.1500,20.0000,19.1500,20.0000,6000,2,117450
VSWS,N,20260805,MEDPLUS,EQ,Medplus Health Servi,690.0000,706.0000,682.1000,690.3000,191295,7656,133239444
VSWS,N,20260805,MEESHO,EQ,Meesho,193.0000,193.4900,188.6300,189.7500,5788626,41872,1106447243
VSWS,N,20260805,MEGASTAR,EQ,Megastar Foods,331.9500,333.0000,325.0000,330.3500,4736,307,1562445
VSWS,N,20260805,MEGATHERM,SM,Megatherm Induction,208.7500,209.0000,206.0000,207.0000,10000,25,2071600
VSWS,N,20260805,MEIL,EQ,Mangal Electrical In,286.9500,289.0000,270.9000,280.0500,31139,1434,8816288
VSWS,N,20260805,MENNPIS,EQ,Menon Pistons,73.7000,79.1000,70.0000,74.1700,469695,5043,34784479
VSWS,N,20260805,MENONBE,BE,Menon Bearings,234.0000,241.0000,223.0000,232.8600,84128,1820,19643815
VSWS,N,20260805,MEP,BZ,MEP Infra Developers,0.5500,0.5500,0.5500,0.5500,1811,11,996
VSWS,N,20260805,MERCANTILE,EQ,Mercantile Ventures,24.1600,25.9000,24.1600,25.2600,5790,47,148163
VSWS,N,20260805,MERCURYEV,EQ,Mercury Ev-Tech,36.9500,36.9500,34.5500,35.3000,276122,1170,9714871
VSWS,N,20260805,METAL,EQ,Mirae Asset Nifty Me,13.1200,13.3900,13.1200,13.3700,3703730,4483,49208386
VSWS,N,20260805,METALIC,ST,Metalic Technoforge,106.0000,111.1500,106.0000,111.1500,83200,47,9157840
VSWS,N,20260805,METALIETF,EQ,ICICI Pru Nifty Meta,13.1000,13.4000,13.1000,13.3200,14062948,11136,185884989
VSWS,N,20260805,METROBRAND,EQ,Metro Brands,1000.0000,1024.8000,982.0000,1001.0000,165122,15339,165650326
VSWS,N,20260805,METROGLOBL,EQ,Metroglobal,137.0000,137.0000,129.0000,130.0200,528,54,69532
VSWS,N,20260805,METROPOLIS,EQ,Metropolis Healthcar,590.0000,592.0000,571.3000,576.7500,236725,13103,137312164
VSWS,N,20260805,MFML,EQ,Mahalaxmi Fabric Mil,19.6200,19.6200,19.0600,19.1000,953,41,18386
VSWS,N,20260805,MFSL,EQ,Max Financial Servic,1522.2000,1536.2000,1502.9000,1523.0000,646093,26390,985207087
VSWS,N,20260805,MGEL,BE,Mangalam Global Ente,15.8700,15.8700,15.1500,15.5100,59039,176,912295
VSWS,N,20260805,MGL,EQ,Mahanagar Gas,1114.1000,1126.8000,1111.5000,1115.1000,105453,11930,117991187
VSWS,N,20260805,MGSL,SM,Matrix Geo Solutions,75.0000,78.3000,75.0000,78.0000,9600,8,744540
VSWS,N,20260805,MHLXMIRU,EQ,Mahalaxmi Rubtech,156.9900,163.4900,156.6000,161.3800,29934,619,4812611
VSWS,N,20260805,MHRIL,EQ,Mahindra Holidays &,227.9000,236.7300,227.0000,233.2400,284189,5447,66238768
VSWS,N,20260805,MICEL,BE,MIC Electronics,37.5000,37.9900,36.9000,37.0500,227056,1626,8451364
VSWS,N,20260805,MICROPRO,SM,Micropro Software So,18.2000,18.2000,18.1500,18.1500,3200,2,58160
VSWS,N,20260805,MID150,EQ,Kotak Nif Mcap 150,24.1100,24.1100,23.6500,23.7300,90425,156,2152960
VSWS,N,20260805,MID150BEES,EQ,Nippon India ETF Nif,245.0000,245.0000,241.7100,242.1000,1955718,6470,473614791
VSWS,N,20260805,MID150CASE,EQ,Zerodha Nifty Midcap,11.9600,11.9600,11.6100,11.7700,1335926,3693,15736415
VSWS,N,20260805,MIDCAP,EQ,Kotak Nfty Mcap 50 E,18.7500,18.7500,18.5800,18.6400,367998,815,6864793
VSWS,N,20260805,MIDCAPADD,EQ,Dsp Nifty Midcap 150,23.4700,23.5200,23.0700,23.2600,33357,46,782203
VSWS,N,20260805,MIDCAPBETA,EQ,UTI Nifty MIDCAP 150,236.9600,237.0000,236.0000,236.7700,3465,44,819598
VSWS,N,20260805,MIDCAPETF,EQ,Mirae Asset Nifty MC,24.5700,24.5700,23.3000,23.8100,7908431,5720,188924416
VSWS,N,20260805,MIDCAPIETF,EQ,ICICI Pru Nifty Midc,24.2100,24.4200,24.1900,24.2400,710984,2168,17243696
VSWS,N,20260805,MIDHANI,EQ,Mishra Dhatu Nigam,417.0500,418.5000,413.3000,416.1500,389062,11113,161857444
VSWS,N,20260805,MIDQ50ADD,EQ,DSP Nifty Midc150 Ql,25.5200,25.7000,25.5100,25.6300,67593,320,1730007
VSWS,N,20260805,MIDSELIETF,EQ,ICICI Pru BSE MCap S,19.9000,19.9000,19.7100,19.8100,282442,637,5596631
VSWS,N,20260805,MIDSMALL,EQ,M A Nfty MidSCap400,51.6400,51.9900,51.6400,51.7800,303219,727,15713957
VSWS,N,20260805,MIDWESTLTD,EQ,Midwest,1216.8000,1222.0000,1201.0000,1204.7000,7564,799,9154236
VSWS,N,20260805,MIEL,SM,Manglam Infra & Engi,12.5000,12.5000,12.5000,12.5000,2000,1,25000
VSWS,N,20260805,MINDACORP,EQ,Minda Corporation,729.4500,735.0000,720.0000,723.0000,257264,13717,187132566
VSWS,N,20260805,MINDTECK,EQ,Mindteck (India),193.0700,197.9700,190.5000,191.7100,56257,1655,10918285
VSWS,N,20260805,MIRZAINT,EQ,Mirza International,34.5000,34.5000,33.5400,33.8400,119558,1556,4068492
VSWS,N,20260805,MITCON,BE,MITCON Consultancy &,78.0000,78.5000,77.9000,78.4500,6117,43,478055
VSWS,N,20260805,MITTAL,EQ,Mittal Life Style,0.9200,0.9200,0.9000,0.9100,188067,254,171021
VSWS,N,20260805,MKPL,EQ,M K Proteins,4.2000,4.2500,4.1400,4.2100,99831,377,417996
VSWS,N,20260805,MMEL,ST,Moving Media Enterta,29.9500,30.0000,29.9500,30.0000,4000,2,119900
VSWS,N,20260805,MMFL,EQ,M M Forgings,552.8500,576.0000,552.8500,570.5500,124762,5731,70368681
VSWS,N,20260805,MMP,EQ,MMP Industries,305.0000,334.6500,300.5500,329.3500,382602,10705,123098405
VSWS,N,20260805,MMTC,EQ,M M T C,64.0000,64.6400,63.6300,63.7800,1102599,6905,70610405
VSWS,N,20260805,MMWL,BE,Media Matrix,14.4400,14.5100,13.7500,14.5100,62030,68,897022
VSWS,N,20260805,MNC,EQ,Kotak Nifty MNC ETF,34.3800,34.6800,34.3800,34.5500,80276,413,2774927
VSWS,N,20260805,MOALPHA50,EQ,MOswal Nifty Alpha 5,55.2300,55.3800,55.0300,55.2500,6977,56,384756
VSWS,N,20260805,MOBANK10,EQ,Motilal Oswal BSE To,17.0600,18.1000,16.7600,17.2400,35986,97,618058
VSWS,N,20260805,MOBIKWIK,EQ,One Mobikwik Systems,207.0000,207.4000,202.5100,203.3300,1128979,12390,231205588
VSWS,N,20260805,MOBILISE,ST,Mobilise App Lab,112.0000,112.0000,111.0000,111.0000,3200,2,356800
VSWS,N,20260805,MOCAPITAL,EQ,Motilal Oswa Nifty C,53.6200,53.6200,52.6600,52.7800,931782,3893,49249368
VSWS,N,20260805,MODEFENCE,EQ,M Oswal Nifty I Defe,103.2900,104.1000,102.7000,102.9700,959815,6069,99318438
VSWS,N,20260805,MODINATUR,BE,Modi Naturals,400.0000,404.9000,387.0500,399.4000,1036,33,414258
VSWS,N,20260805,MODIRUBBER,EQ,Modi Rubber,125.8000,125.8000,121.6100,123.5500,540,40,66912
VSWS,N,20260805,MODIS,EQ,Modis Navnirman,396.6500,423.0000,396.6500,410.6500,86140,1513,35210384
VSWS,N,20260805,MODISONLTD,BE,Modison,283.9500,290.0000,281.0000,282.9000,21323,465,6074431
VSWS,N,20260805,MODTHREAD,EQ,Modern Thread,51.8900,51.8900,47.0300,50.6400,1654,20,83703
VSWS,N,20260805,MOENERGY,EQ,MOswal Nifty Energy,39.3400,39.3400,38.7300,38.7700,233137,748,9057433
VSWS,N,20260805,MOGOLD,EQ,MOswal Gold ETF,141.1500,143.4500,141.1500,142.7000,96591,490,13740650
VSWS,N,20260805,MOGSEC,EQ,M Oswal Nifty 5 Yr B,65.7500,66.6000,65.1200,65.3900,11120,136,732747
VSWS,N,20260805,MOHEALTH,EQ,M Oswal BSE Health,51.8000,52.0000,51.1000,51.5700,70605,639,3640920
VSWS,N,20260805,MOHITIND,EQ,Mohit Industries,28.8500,29.7900,26.1000,26.7200,910651,5513,25726300
VSWS,N,20260805,MOIL,EQ,MOIL,283.0000,283.8000,280.4000,282.7000,618608,13418,174542983
VSWS,N,20260805,MOINFRA,EQ,Motilal Oswal BSE In,62.4700,62.4700,60.5500,60.9500,2440,79,148849
VSWS,N,20260805,MOIPO,EQ,MOswal BSE Select IP,47.9600,48.0900,47.8900,48.0600,1056,32,50684
VSWS,N,20260805,MOKSH,EQ,Moksh Ornaments,10.3900,10.6400,10.1800,10.5700,40007,175,417304
VSWS,N,20260805,MOL,EQ,Meghmani Organics,54.4900,54.7800,53.2000,53.3900,762224,3481,40927836
VSWS,N,20260805,MOLDTECH,EQ,Mold Tek Techno,154.0000,169.0000,153.0100,166.4000,641554,10647,105236569
VSWS,N,20260805,MOLDTKPAC,EQ,Mold-Tek Packaging,696.9500,696.9500,679.9500,685.5500,73970,4150,50901910
VSWS,N,20260805,MOLOWVOL,EQ,M Oswal BSE Low Vol,38.2500,38.2500,37.4100,37.6800,74396,73,2788900
VSWS,N,20260805,MOM100,EQ,M Oswal Nifty Midcap,67.7000,68.8300,67.6800,68.5200,198497,2202,13617760
VSWS,N,20260805,MOM30IETF,EQ,ICICI Pru Nifty 200,31.4000,31.6400,31.3800,31.4800,857226,1703,26979844
VSWS,N,20260805,MOM50,EQ,Motilal Oswal Nfty,257.7700,258.5800,256.3400,257.2300,2299,124,592143
VSWS,N,20260805,MOMENTUM,EQ,AB SL Nfty 200 Momen,31.3600,31.4100,31.1900,31.2700,24941,160,780428
VSWS,N,20260805,MOMENTUM30,EQ,Kotak Nifty 200 Mome,30.9300,31.1000,30.8300,30.9700,66054,116,2046772
VSWS,N,20260805,MOMENTUM50,EQ,M Oswal Nifty 500 M,55.0000,55.0000,53.4500,53.7200,370977,1269,19904071
VSWS,N,20260805,MOMGF,EQ,M Oswal Nifty India,163.0000,167.0000,163.0000,165.4900,3567,48,589032
VSWS,N,20260805,MOMIDMTM,EQ,MOswal Nifty Midcap1,64.6700,64.6700,63.9000,64.1700,49113,230,3164733
VSWS,N,20260805,MOMMIDCAP,EQ,M Asset BSE Mcap 150,12.8800,12.9000,12.8300,12.8600,826668,361,10632090
VSWS,N,20260805,MOMNC,EQ,MOswal Nifty MNC ETF,33.4800,33.6500,33.4000,33.4000,4218,12,141496
VSWS,N,20260805,MOMOMENTUM,EQ,MO Nifty 200 Momentu,62.6900,62.9700,62.1100,62.4000,42906,444,2685603
VSWS,N,20260805,MON100,EQ,Motilal Oswal NASDAQ,321.8200,321.8200,321.8200,321.8200,172348,920,55465033
VSWS,N,20260805,MON50EQUAL,EQ,M Oswal Nfty 50 Equa,34.3000,34.3500,33.6900,34.1900,111940,81,3807032
VSWS,N,20260805,MONARCH,EQ,Monarch Networth Cap,399.0000,401.8500,387.0000,390.5500,138071,3693,54336144
VSWS,N,20260805,MONEXT50,EQ,M Oswal Nfty Next 50,74.2700,74.8000,74.0400,74.3700,1023,53,76161
VSWS,N,20260805,MONEYBOXX,EQ,Moneyboxx Finance,61.3000,61.9800,61.0500,61.8200,3221,17,197433
VSWS,N,20260805,MONIFTY100,EQ,MOswal Nifty 100 ETF,25.9000,25.9600,25.7000,25.7800,74276,73,1922208
VSWS,N,20260805,MONIFTY500,EQ,Motilal Oswal Nifty,24.1600,24.3500,24.1600,24.2300,385480,1254,9359733
VSWS,N,20260805,MONOLITH,SM,Monolithisch India,898.0000,904.9500,860.0500,898.1500,42500,157,37849238
VSWS,N,20260805,MONOPHARMA,SM,Mono Pharmacare,8.7000,8.7500,8.6500,8.6500,34000,16,294700
VSWS,N,20260805,MONQ50,EQ,Motilal Oswal NasQ50,142.5200,142.5200,142.5200,142.5200,13126,129,1870718
VSWS,N,20260805,MONTECARLO,EQ,Monte Carlo Fashions,539.2000,549.9000,495.1500,500.9500,503418,20026,257357333
VSWS,N,20260805,MOPSE,EQ,MOswal NIFTY PSE ETF,101.1700,101.6500,100.4000,100.9800,1886,25,190465
VSWS,N,20260805,MOQUALITY,EQ,Motilal Oswal BSE Qu,204.9300,206.2700,204.8000,204.8000,1046,26,215418
VSWS,N,20260805,MOREALTY,EQ,MO Nifty Realty ETF,89.7700,91.5600,89.6900,90.4600,645464,2038,58690632
VSWS,N,20260805,MOREPENLAB,EQ,Morepen Laboratories,73.2400,78.2500,73.0000,76.9500,119149669,269290,9023478663
VSWS,N,20260805,MOS,ST,Mos Utility,10.2000,10.7000,9.7000,10.0000,460000,77,4682000
VSWS,N,20260805,MOSCHIP,EQ,Moschip Technologies,209.7000,211.9500,207.3000,208.5700,1199492,11904,251904130
VSWS,N,20260805,MOSERVICE,EQ,MOswal Nifty Service,31.8000,31.8900,31.6200,31.6700,9311,31,295779
VSWS,N,20260805,MOSILVER,EQ,MOswal Silver ETF,218.4000,221.7900,217.6200,220.5600,81928,1291,17986848
VSWS,N,20260805,MOSMALL250,EQ,MO Nfty Scap 250 ETF,18.3300,18.5700,18.2300,18.4200,4733790,2553,87330695
VSWS,N,20260805,MOTHERSON,EQ,Samvardhana Motherso,152.0000,156.3900,150.9000,154.3500,20566813,158428,3171548830
VSWS,N,20260805,MOTILALOFS,EQ,Motilal Oswal Financ,870.0000,881.6000,863.6000,880.0000,686845,21398,600084070
VSWS,N,20260805,MOTISONS,EQ,Motisons Jewellers,14.2200,14.3600,13.6200,13.8800,20525998,9947,289956555
VSWS,N,20260805,MOTOGENFIN,BE,Motor & General Fin,26.3500,26.4200,25.6700,25.9900,3457,44,89728
VSWS,N,20260805,MOTOUR,EQ,MOswal Nifty India T,81.1700,81.3600,80.7300,81.1500,38814,208,3146565
VSWS,N,20260805,MOVALUE,EQ,M Oswal BSE Enhanced,115.8700,116.2000,113.6000,115.3600,81310,724,9403512
VSWS,N,20260805,MPEL,ST,Manas Polymers And E,36.7000,36.7000,36.7000,36.7000,1600,1,58720
VSWS,N,20260805,MPHASIS,EQ,Mphasis,2403.8000,2484.0000,2390.7000,2460.0000,858129,45475,2105525043
VSWS,N,20260805,MPSLTD,EQ,MPS,2739.0000,2890.0000,2716.3000,2873.7000,74819,9097,211501083
VSWS,N,20260805,MRF,EQ,M R F,133700.0000,135180.0000,133545.0000,134405.0000,4723,2832,634853835
VSWS,N,20260805,MRPL,EQ,M R P L,170.9000,174.0500,169.5500,170.9700,3567427,23358,612927723
VSWS,N,20260805,MSCI360,EQ,360 One MSCI India E,10.3100,10.3500,10.2300,10.2300,2840,14,29229
VSWS,N,20260805,MSCIADD,EQ,DSP MSCI India ETF,30.2700,30.2700,30.0400,30.1800,1467,26,44146
VSWS,N,20260805,MSCIINDIA,EQ,Kotak MSCI India ETF,30.4700,30.6000,30.2500,30.2800,25584,83,779244
VSWS,N,20260805,MSPL,EQ,MSP Steel & Power,34.4000,35.8900,34.2200,35.8900,1758898,4852,62074543
VSWS,N,20260805,MSTCLTD,EQ,MSTC,599.9500,613.9000,599.9500,601.9000,111014,4405,67265994
VSWS,N,20260805,MSUMI,EQ,Motherson Sumi Wirin,39.8800,42.2200,39.8800,40.9700,29152671,85692,1207871163
VSWS,N,20260805,MTARTECH,BE,MTAR Technologies,6628.0000,6628.0000,6628.0000,6628.0000,236644,4714,1568476432
VSWS,N,20260805,MTEDUCARE,BE,MT Educare,2.0300,2.0300,1.9100,1.9800,9413,42,18452
VSWS,N,20260805,MTNL,EQ,M T N L,27.8600,28.3200,27.6000,27.7000,517071,2861,14415466
VSWS,N,20260805,MUFIN,EQ,Mufin Green Finance,133.0000,136.3800,132.5000,134.4500,1726927,7552,232758954
VSWS,N,20260805,MUFTI,EQ,Credo Brands Marketi,82.2600,84.0900,80.0500,81.6900,85999,1233,7074577
VSWS,N,20260805,MUKANDLTD,EQ,Mukand,143.0000,144.4900,141.5600,142.1700,90657,1445,12937350
VSWS,N,20260805,MUKKA,EQ,Mukka Proteins,23.0200,23.1400,22.8200,22.9800,147212,908,3380020
VSWS,N,20260805,MUKTAARTS,BE,Mukta Arts,54.2500,56.9600,52.8000,56.9400,2592,30,146172
VSWS,N,20260805,MULTICAP,EQ,Mirae A N500 Mcap 50,17.0000,17.0400,16.9300,16.9600,197079,576,3347628
VSWS,N,20260805,MUNISH,ST,Munish Forge,80.3000,80.3000,80.3000,80.3000,6000,5,481800
VSWS,N,20260805,MUNJALAU,EQ,Munjal Auto Ind,104.8300,105.8500,104.0000,104.4000,260272,2730,27313110
VSWS,N,20260805,MUNJALSHOW,EQ,Munjal Showa,140.5000,140.6000,137.0000,137.1700,94408,1487,13023872
VSWS,N,20260805,MURUDCERA,EQ,Murudeshwar Ceramics,31.3000,31.4000,29.9000,31.1000,50083,306,1530040
VSWS,N,20260805,MUTHOOTCAP,EQ,Muthoot Capital Serv,239.0000,265.6400,234.3100,261.1900,117313,3013,30085565
VSWS,N,20260805,MUTHOOTFIN,EQ,Muthoot Finance,2894.9000,2954.9000,2889.7000,2892.0000,1221306,51341,3561957127
VSWS,N,20260805,MUTHOOTMF,EQ,Muthoot Microfin,229.4900,233.8700,226.2000,230.1600,767436,14113,176377204
VSWS,N,20260805,MVGJL,EQ,Manoj Vaibhav Gems N,169.7300,172.3800,166.0500,169.1100,28432,1070,4794121
VSWS,N,20260805,MVKAGRO,SM,M V K Agro Food Prod,268.2000,268.2000,268.2000,268.2000,9900,15,2655180
VSWS,N,20260805,MWL,EQ,Mangalam Worldwide,41.9000,43.7000,40.9600,42.8500,2708110,8063,115874627
VSWS,N,20260805,MYMUDRA,SM,My Mudra Fincorp,80.0000,80.0000,80.0000,80.0000,9600,6,768000
VSWS,N,20260805,NACLIND,EQ,NACL Industries,182.4000,184.5000,179.0500,180.8300,567941,8665,103220735
VSWS,N,20260805,NAGREEKCAP,EQ,Nagreeka Capital & I,23.0000,23.9400,22.8200,22.8400,2399,52,55346
VSWS,N,20260805,NAGREEKEXP,EQ,Nagreeka Exports,22.0500,23.2000,22.0500,22.6600,3789,101,85468
VSWS,N,20260805,NAHARCAP,EQ,Nahar Capital and Fi,267.9900,268.0000,260.0000,264.5800,20266,81,5386439
VSWS,N,20260805,NAHARINDUS,EQ,Nahar Industrial,121.8900,123.4700,115.1500,118.0500,28003,571,3327569
VSWS,N,20260805,NAHARPOLY,EQ,Nahar Poly Films,279.0000,281.0000,272.0000,273.8000,44968,887,12474521
VSWS,N,20260805,NAHARSPING,EQ,Nahar Spinning,325.1000,332.5000,318.2000,328.9500,115800,1780,37697002
VSWS,N,20260805,NAM-INDIA,EQ,Nippon Life (I) Asse,1207.0000,1215.0000,1188.0000,1215.0000,2213614,51297,2673528207
VSWS,N,20260805,NAMAN,SM,Naman Industries Pro,43.1500,43.7500,43.1500,43.7500,1600,2,69520
VSWS,N,20260805,NAMOEWASTE,ST,Namo eWaste Manageme,274.1000,277.0500,270.0500,277.0500,20000,20,5472360
VSWS,N,20260805,NARMADA,EQ,Narmada Agrobase,16.0200,16.5800,14.9000,15.0100,4922534,8997,76745241
VSWS,N,20260805,NATCAPSUQ,EQ,Natural Capsules,150.2000,153.5000,144.1000,148.1400,52986,568,7853299
VSWS,N,20260805,NATCOPHARM,EQ,Natco Pharma,923.3000,925.5000,912.1000,917.5500,240030,18125,220813817
VSWS,N,20260805,NATHBIOGEN,EQ,Nath Bio-Genes (Indi,167.0000,167.2500,164.0400,164.7500,17803,272,2947455
VSWS,N,20260805,NATIONALUM,EQ,National Aluminium,381.0000,383.9000,375.1500,381.0000,8940938,82433,3388698250
VSWS,N,20260805,NATIONSTD,EQ,National Standard I,212.5600,220.4000,212.5600,212.5600,86123,646,18315905
VSWS,N,20260805,NAUKRI,EQ,Info Edge (India),1265.9000,1277.9000,1230.5000,1242.0000,1282107,51264,1600590805
VSWS,N,20260805,NAVA,EQ,Nava,580.0000,584.0000,572.7500,582.0000,143509,11032,83075431
VSWS,N,20260805,NAVINFLUOR,EQ,Navin Fluorine Int,7690.0000,7729.0000,7551.0000,7609.5000,136897,22907,1044551573
VSWS,N,20260805,NAVKARCORP,EQ,Navkar Corporation,103.3800,104.2400,101.7000,102.1200,260116,2011,26707577
VSWS,N,20260805,NAVKARURB,BE,Navkar Urbanstructur,1.0300,1.0500,1.0000,1.0100,776341,321,789493
VSWS,N,20260805,NAVNETEDUL,EQ,Navneet Education,128.6700,132.5000,125.8100,127.3600,800786,7888,102453267
VSWS,N,20260805,NAZARA,EQ,Nazara Technologies,349.7500,354.0500,342.3500,348.8000,2944336,26458,1030199342
VSWS,N,20260805,NBCC,EQ,NBCC (India),95.3100,96.3000,95.2000,96.0000,5779578,28955,554267289
VSWS,N,20260805,NBIFIN,EQ,NBI Industrial Fin,2202.6000,2249.0000,2120.2000,2131.4000,847,260,1836799
VSWS,N,20260805,NCC,EQ,NCC,143.5000,145.4500,143.1200,143.5700,869174,10434,125287122
VSWS,N,20260805,NCLIND,EQ,NCL Industries,178.6600,178.6600,173.4300,173.8500,23635,2651,4120742
VSWS,N,20260805,NDGL,EQ,Naga Dhunseri Group,2737.0000,2825.0000,2720.0000,2756.6000,86,30,237912
VSWS,N,20260805,NDL,EQ,Nandan Denim,2.4000,2.4000,2.3600,2.3700,482241,686,1146042
VSWS,N,20260805,NDLVENTURE,EQ,NDL Ventures,126.1000,128.7700,125.1300,127.3100,6937,173,886544
VSWS,N,20260805,NDRAUTO,EQ,NDR Auto Components,828.5000,832.0000,815.0500,826.1000,10748,1008,8879400
VSWS,N,20260805,NDTV,EQ,New Delhi Television,76.6600,77.5900,76.6600,77.1700,86139,825,6644216
VSWS,N,20260805,NEAGI,EQ,Neelamalai Agro,3165.0000,3165.0000,3165.0000,3165.0000,1,1,3165
VSWS,N,20260805,NECCLTD,BE,North Eastern Carry,15.9000,15.9800,15.1000,15.2500,26879,133,412633
VSWS,N,20260805,NECLIFE,BE,Nectar Lifesciences,10.5300,10.7500,10.3000,10.6100,73504,298,777057
VSWS,N,20260805,NELCAST,EQ,Nelcast,124.0000,128.0000,123.6700,125.9400,165525,3157,20874867
VSWS,N,20260805,NELCO,EQ,Nelco,987.5000,1008.4000,975.0000,995.1000,293565,9538,290754957
VSWS,N,20260805,NEOCHEM,ST,Neochem Bio Solution,90.0000,90.7500,88.2500,90.7500,8400,6,757500
VSWS,N,20260805,NEOGEN,EQ,Neogen Chemicals,2104.0000,2113.0000,2008.5000,2012.8000,100355,18867,204906589
VSWS,N,20260805,NEPHROCARE,ST,Nephro Care India,65.5500,68.8000,65.0000,68.8000,16800,32,1141240
VSWS,N,20260805,NEPHROPLUS,EQ,Nephrocare Health Se,724.8500,724.8500,693.0500,709.9000,134134,10453,94927601
VSWS,N,20260805,NEPTUNE,SM,Neptune Petrochemica,184.0000,190.0000,184.0000,184.9500,3500,7,652425
VSWS,N,20260805,NESCO,EQ,Nesco,1064.9000,1064.9000,1040.0000,1049.4000,26726,2457,28040865
VSWS,N,20260805,NESTLEIND,EQ,Nestle,1510.0000,1524.6000,1488.1000,1520.0000,2747079,71388,4149914752
VSWS,N,20260805,NETF,EQ,Tata Nifty 50 ETF,265.5500,268.7500,264.0200,266.1400,1985,130,529889
VSWS,N,20260805,NETWEB,EQ,Netweb Technologies,4820.7000,4933.0000,4725.0000,4893.8000,1924204,137018,9341926271
VSWS,N,20260805,NETWORK18,EQ,Network 18 Media,30.1300,30.3000,29.4000,29.6000,2252114,9493,67256626
VSWS,N,20260805,NEULANDLAB,EQ,Neuland Laboratories,19500.0000,20099.0000,19431.0000,19956.0000,60067,18382,1192046566
VSWS,N,20260805,NEWGEN,EQ,Newgen Software Tech,562.8000,575.2500,553.7500,556.5500,918544,26058,518468603
VSWS,N,20260805,NEWJAISA,ST,Newjaisa Technologie,14.5000,15.6500,14.5000,15.6500,36000,19,556650
VSWS,N,20260805,NEXT30ADD,EQ,DSP BSE Sensex Next,43.8000,44.9700,43.6400,43.9500,12045,80,528660
VSWS,N,20260805,NEXT50,EQ,Mirae Ass Nif Next50,769.0300,773.4000,766.0300,767.3800,28184,766,21687025
VSWS,N,20260805,NEXT50ADD,EQ,DSP Nifty Next 50 ET,74.8500,75.2600,74.6500,74.8400,2937,21,219828
VSWS,N,20260805,NEXT50BETA,EQ,UTI Nifty Next 50 ET,80.0200,80.7800,79.0300,79.7600,315454,893,25334994
VSWS,N,20260805,NEXT50ETF,EQ,Kotak Nifty Next 50,75.8000,78.0000,74.7800,76.7900,86358,109,6618926
VSWS,N,20260805,NEXT50IETF,EQ,ICICIPru Nifty N ETF,80.3800,80.3800,77.5600,78.2100,1526652,5425,119888590
VSWS,N,20260805,NEXTMEDIA,EQ,Next Mediaworks,3.9900,4.0300,3.8900,3.9000,4451,52,17635
VSWS,N,20260805,NFL,EQ,National Fertiliser,72.0200,72.9000,72.0200,72.3000,535376,2802,38782306
VSWS,N,20260805,NFPSAMPOOR,SM,NFP Sampoorna Foods,23.2000,23.5000,23.2000,23.4500,10000,5,233900
VSWS,N,20260805,NGIL,BE,Nakoda Group of Indu,40.0000,40.0000,38.9000,39.8700,5337,33,211700
VSWS,N,20260805,NGLFINE,EQ,NGL Fine Chem,3332.5000,3448.0000,3275.0000,3428.2000,6830,1623,23077578
VSWS,N,20260805,NH,EQ,Narayana Hrudayalaya,1919.4000,1930.8000,1900.0000,1903.1000,267772,20825,511571380
VSWS,N,20260805,NHPC,EQ,NHPC,81.8600,82.8000,77.8100,78.6000,26354576,73528,2110828295
VSWS,N,20260805,NIACL,EQ,New India Assurance,177.0000,189.3700,175.6100,183.7600,33239653,216265,6143689249
VSWS,N,20260805,NIBE,EQ,Nibe,1407.9000,1424.9000,1384.1000,1397.2000,53086,4101,74509146
VSWS,N,20260805,NIBL,EQ,NRB Industrial Beari,35.9900,36.8900,34.5000,36.4000,41332,1043,1480392
VSWS,N,20260805,NIDAN,SM,Nidan Lab & Health,12.6500,13.3500,12.6500,13.3500,2000,2,26000
VSWS,N,20260805,NIF100BEES,EQ,Nippon India ETF Ni,273.3900,275.0000,271.7700,273.3300,87693,828,23949952
VSWS,N,20260805,NIF100IETF,EQ,ICICI Pru Nifty 100,28.6500,28.9200,28.5000,28.6000,157104,871,4506769
VSWS,N,20260805,NIFTY1,EQ,Kotak Nifty 50 ETF,272.1400,274.0000,271.0100,272.4400,72779,1470,19862639
VSWS,N,20260805,NIFTY100EW,EQ,Kotak Nifty 100 Equa,35.8500,36.0800,35.7500,35.9100,39366,193,1415541
VSWS,N,20260805,NIFTYADD,EQ,DSP Nifty 50 ETF,258.6100,260.1100,257.2700,258.7000,10315,235,2664541
VSWS,N,20260805,NIFTYAXIS,EQ,Axis NIFTY 50 ETF,274.9500,274.9500,271.2100,271.9100,34757,285,9482317
VSWS,N,20260805,NIFTYBEES,EQ,Nippon INft 50 BeES,284.3700,284.3700,278.8000,279.9600,5092585,49378,1426711688
VSWS,N,20260805,NIFTYBETA,EQ,UTI Nifty 50 ETF,271.0000,273.5000,268.8700,271.1900,104237,792,28377616
VSWS,N,20260805,NIFTYBETF,EQ,Bajaj Finserv Nifty,253.0000,254.1000,251.9400,252.2200,2882,108,729600
VSWS,N,20260805,NIFTYCASE,EQ,Zerodha Nifty 50 ETF,10.0300,10.0300,9.8300,9.8500,448220,1259,4428274
VSWS,N,20260805,NIFTYETF,EQ,Mirae Asset Nifty 50,267.3200,268.7500,266.9100,267.3900,551616,1147,147553194
VSWS,N,20260805,NIFTYIETF,EQ,ICICI Pru Nifty 50,279.9500,279.9500,277.8000,278.4700,770671,8521,214951748
VSWS,N,20260805,NIFTYQLITY,EQ,AB SL Nifty 200 Q 30,21.6500,21.8900,21.6100,21.8000,18845,176,410919
VSWS,N,20260805,NIITLTD,EQ,N I I T,96.2400,100.4500,96.2400,98.6000,899814,5851,89290694
VSWS,N,20260805,NIITMTS,EQ,NIIT Learning System,250.1900,251.4700,246.0000,247.6000,114764,4264,28529256
VSWS,N,20260805,NIKITA,SM,Nikita Greentech Rec,76.3000,76.3000,74.0000,74.0000,7200,6,538440
VSWS,N,20260805,NILAINFRA,EQ,Nila Infrastructures,7.5500,7.7200,7.5000,7.5100,111873,345,843163
VSWS,N,20260805,NILASPACES,EQ,Nila Spaces,12.6800,12.6800,12.2500,12.2700,202765,573,2522711
VSWS,N,20260805,NILE,EQ,Nile,1676.1000,1694.2000,1621.1000,1630.1000,14650,2148,24177105
VSWS,N,20260805,NILKAMAL,EQ,Nilkamal,1742.9000,1818.5000,1705.0000,1801.3000,98515,8402,175108192
VSWS,N,20260805,NIMBSPROJ,BE,Nimbus Projects,182.0000,189.0000,180.0000,189.0000,1020,17,184682
VSWS,N,20260805,NINSYS,BE,NINtec Systems,724.5000,730.0000,702.0000,721.2500,5550,250,3958712
VSWS,N,20260805,NIPPOBATRY,EQ,Indo National,339.7500,339.7500,322.1500,327.0500,4874,259,1618993
VSWS,N,20260805,NIRAJ,BE,Niraj Cement Structu,28.6300,29.5000,28.6300,29.1800,55933,68,1636170
VSWS,N,20260805,NIRAJISPAT,EQ,Niraj Ispat Industri,216.0000,216.0000,216.0000,216.0000,2,1,432
VSWS,N,20260805,NIRLON,EQ,Nirlon,620.7500,625.0000,620.0000,621.5000,2264,164,1405369
VSWS,N,20260805,NIRMAN,SM,Nirman Agri Gentics,36.1000,37.0000,33.3000,33.3000,330600,450,11136780
VSWS,N,20260805,NITCO,EQ,Nitco,107.2000,107.9900,102.9000,103.3100,393342,4819,41145462
VSWS,N,20260805,NITINSPIN,EQ,Nitin Spinners,573.0000,580.0000,566.8000,578.5500,77363,2898,44407906
VSWS,N,20260805,NITIRAJ,EQ,Nitiraj Engineers,217.9800,217.9800,208.1700,211.7000,2774,73,588718
VSWS,N,20260805,NITTAGELA,EQ,Nitta Gelatin India,1638.0000,1696.0000,1626.6000,1674.3000,6588,995,11034406
VSWS,N,20260805,NIVABUPA,EQ,Niva Bupa Health Ins,87.8000,88.0000,86.2600,87.5400,860037,9033,74949823
VSWS,N,20260805,NKIND,EQ,NK Industries,63.0000,63.0000,60.0000,60.2900,89,11,5402
VSWS,N,20260805,NLCINDIA,EQ,NLC India,303.9000,307.2500,300.7000,303.3000,2060118,50329,624758542
VSWS,N,20260805,NMDC,EQ,N M D C,85.0000,85.8000,84.4200,85.8000,20532109,58330,1745829251
VSWS,N,20260805,NMSTEEL,SM,Newmalayalam Steel,23.0000,24.0500,23.0000,24.0500,6400,4,148960
VSWS,N,20260805,NOCIL,EQ,NOCIL,172.7100,174.7000,171.5400,172.9900,558156,6513,96590026
VSWS,N,20260805,NOIDATOLL,BE,Noida Toll Bridge Co,4.5400,4.5400,4.3200,4.4300,50812,171,223062
VSWS,N,20260805,NORBTEAEXP,EQ,Norben Tea & Exports,65.4000,68.4900,65.4000,66.6900,3343,33,222624
VSWS,N,20260805,NORTHARC,EQ,Northern Arc Capital,285.0500,287.9000,282.0000,285.1500,461473,7474,131353874
VSWS,N,20260805,NOVAAGRI,BE,Nova Agritech,23.4400,23.4500,22.8000,23.0900,28512,163,661478
VSWS,N,20260805,NOVARTIND,EQ,Novartis India,1622.1000,1649.0000,1605.7000,1634.9000,7765,1038,12630901
VSWS,N,20260805,NPBET,EQ,Tata Nifty Pvt Bank,289.4200,289.7200,286.0000,286.4700,30,17,8629
VSWS,N,20260805,NPST,EQ,Network People Serv,1535.0000,1560.0000,1505.6000,1539.6000,58315,2036,90007074
VSWS,N,20260805,NRAIL,EQ,NR Agarwal Ind,483.5000,492.0000,473.0000,487.7500,8677,625,4179336
VSWS,N,20260805,NRBBEARING,EQ,NRB Bearings,430.5000,464.8000,430.5000,457.7000,1540608,29392,696433599
VSWS,N,20260805,NRL,BE,Nupur Recyclers,113.1000,113.1000,112.5000,113.1000,60758,228,6871151
VSWS,N,20260805,NRVANDANA,ST,N R Vandana Tex Indu,69.0000,69.0000,68.0000,69.0000,12000,4,824700
VSWS,N,20260805,NSIL,EQ,Nalwa Sons Invest,5601.0000,5739.0000,5601.0000,5715.0000,2161,396,12265500
VSWS,N,20260805,NSLNISP,EQ,NMDC Steel,44.0500,44.9000,43.6300,44.7700,4059360,14833,179928166
VSWS,N,20260805,NTPC,EQ,N T P C,343.4500,349.9000,342.7500,349.9000,18554536,81927,6444250781
VSWS,N,20260805,NTPCGREEN,EQ,NTPC Green Energy,91.1500,91.3500,90.3300,90.6600,3291337,18622,299004694
VSWS,N,20260805,NUCLEUS,EQ,Nucleus Software Exp,700.3000,702.7000,686.5500,689.8500,19463,1389,13524258
VSWS,N,20260805,NURECA,EQ,Nureca,329.0000,348.0000,327.0000,343.9500,31057,1647,10518881
VSWS,N,20260805,NUVAMA,EQ,Nuvama Wealth Manage,1702.0000,1720.7000,1651.1000,1676.1000,437228,32028,733043073
VSWS,N,20260805,NUVOCO,EQ,Nuvoco Vistas Corpor,350.6500,352.3500,344.6500,346.1000,237405,7274,82368534
VSWS,N,20260805,NV20,EQ,Kotak Nifty 50 Value,14.2200,14.3100,14.1600,14.2800,76431,203,1087636
VSWS,N,20260805,NV20BEES,EQ,Nippon INft 50 V20,143.1400,143.1500,141.5200,142.2400,11528,177,1635417
VSWS,N,20260805,NV20IETF,EQ,ICICI Pru Nifty50 Va,13.8600,13.9900,13.7500,13.8500,999276,1630,13848294
VSWS,N,20260805,NYKAA,EQ,FSN E-Commerce Ventu,348.0000,348.0000,327.7000,335.3500,33993425,227913,11409882903
VSWS,N,20260805,OAL,EQ,Oriental Aromatics,380.7500,384.4500,372.2000,376.1500,26171,780,9906960
VSWS,N,20260805,OBCL,EQ,OBCL,53.9500,54.1900,52.5400,53.5000,4471,79,239337
VSWS,N,20260805,OBEROIRLTY,EQ,Oberoi Realty,1781.1000,1826.4000,1781.1000,1806.5000,383615,23395,695599975
VSWS,N,20260805,OBSCP,SM,OBSC Perfection,692.0500,703.0000,686.1000,691.7500,73200,165,50902420
VSWS,N,20260805,OCCLLTD,BE,OCCL,171.3600,175.4200,171.3600,171.3600,121115,301,20755990
VSWS,N,20260805,ODIGMA,BE,Odigma Consultancy S,22.4600,23.2500,22.4600,22.9800,10181,278,234391
VSWS,N,20260805,OFSS,EQ,Oracle Fin & Serv So,11650.0000,11810.0000,11528.0000,11759.0000,238725,34415,2794790141
VSWS,N,20260805,OIL,EQ,Oil India,446.0000,447.5000,435.4500,444.0000,3930916,35230,1735137068
VSWS,N,20260805,OILCOUNTUB,BE,Oil Country Tubular,58.9800,60.8800,57.6500,60.8400,105744,272,6380358
VSWS,N,20260805,OILIETF,EQ,ICICI Pru Nifty Oil,11.3500,11.5000,11.1000,11.2700,3958076,2494,45143123
VSWS,N,20260805,OLAELEC,EQ,Ola Electric Mobilit,38.7200,42.6000,38.7200,41.4400,268151122,341008,11132679429
VSWS,N,20260805,OLECTRA,EQ,Olectra Greentech,1354.0000,1407.0000,1350.0000,1399.4000,568198,27280,785088944
VSWS,N,20260805,OLIL,ST,Oneclick Logistics I,421.0000,421.0000,406.0000,408.5000,4800,12,1964520
VSWS,N,20260805,OMAXAUTO,BE,Omax Autos,180.0000,190.4400,177.0000,190.4400,55683,494,10334022
VSWS,N,20260805,OMAXE,EQ,Omaxe,88.5000,88.5000,85.3000,85.7400,236554,2582,20385513
VSWS,N,20260805,OMFREIGHT,BE,Om Freight Forwarder,88.8900,90.0000,86.4000,87.6700,4220,103,373035
VSWS,N,20260805,OMFURN,ST,Omfurn India,64.0000,65.4500,63.2000,65.3000,9600,8,621300
VSWS,N,20260805,OMINFRAL,EQ,Om Infra,89.6000,91.0700,89.0000,89.3600,60591,1351,5439431
VSWS,N,20260805,OMNI,EQ,Omnitech Engineering,614.0000,732.6000,593.0000,732.6000,10208794,236271,7005694510
VSWS,N,20260805,OMPOWER,EQ,Om Power Transmissio,174.4900,174.4900,168.0000,169.0400,30712,777,5221692
VSWS,N,20260805,ONDOOR,SM,On Door Concepts,254.1500,254.1500,242.0500,247.5000,23400,43,5847240
VSWS,N,20260805,ONELIFECAP,BE,Onelife Capital Advi,35.5200,35.5200,33.7500,34.1500,63349,139,2197088
VSWS,N,20260805,ONEPOINT,EQ,One Point One Soluti,57.3900,57.9000,56.1100,57.1900,445741,4002,25394192
VSWS,N,20260805,ONESOURCE,EQ,Onesource Spec Pharm,1538.2000,1564.1000,1519.7000,1553.7000,147709,12845,227979026
VSWS,N,20260805,ONGC,EQ,Oil & Natural Gas,245.0000,245.0000,239.1100,240.2000,19409088,132446,4669867640
VSWS,N,20260805,ONIDA,BE,Onida Electronics,38.9000,38.9000,37.0000,37.5200,511752,727,19279478
VSWS,N,20260805,ONMOBILE,BE,OnMobile Global,70.7900,73.3900,69.9000,73.3900,296691,1307,21563077
VSWS,N,20260805,ONWARDTEC,EQ,Onward Technologies,291.4000,291.4000,279.0000,281.5500,49380,1506,14066406
VSWS,N,20260805,ONYX,ST,Onyx Biotec,49.6500,49.6500,46.1000,48.4000,92000,38,4456100
VSWS,N,20260805,OPTIEMUS,EQ,Optiemus Infracom,628.8000,632.0000,580.0000,590.4500,725644,32794,436983530
VSWS,N,20260805,OPTIVALUE,ST,Optivalue Tek Consul,157.0000,159.0000,151.0000,154.5500,105600,52,16317120
VSWS,N,20260805,ORBTEXP,BE,Orbit Exports,245.0000,250.0000,244.0000,249.9300,46717,216,11610198
VSWS,N,20260805,ORCHASP,EQ,Orchasp,1.6100,1.6400,1.5900,1.6100,120025,178,192924
VSWS,N,20260805,ORCHPHARMA,EQ,Orchid Pharma,1017.8000,1035.0000,982.1000,990.3500,79427,7866,80159263
VSWS,N,20260805,ORIANA,SM,Oriana Power,1475.0000,1484.6000,1422.3500,1430.6500,24150,281,35068305
VSWS,N,20260805,ORICONENT,EQ,Oricon Enterprises,53.1000,54.5600,53.1000,53.7300,9664,366,521620
VSWS,N,20260805,ORIENTALTL,EQ,Oriental Trimex,5.1900,5.2500,5.1200,5.1400,48678,229,251072
VSWS,N,20260805,ORIENTBELL,EQ,Orient Bell,313.2500,318.6500,313.2500,314.9000,5382,159,1705625
VSWS,N,20260805,ORIENTCEM,EQ,Orient Cement,137.6700,142.3200,137.6700,140.3600,372811,3514,52586332
VSWS,N,20260805,ORIENTCER,EQ,Orient Ceratech,41.4000,41.8500,40.5100,41.2300,39242,522,1620508
VSWS,N,20260805,ORIENTELEC,EQ,Orient Electric,177.0000,181.4900,176.7000,179.8200,219472,4773,39445085
VSWS,N,20260805,ORIENTHOT,EQ,Oriental Hotels,133.5800,135.0000,129.7300,131.3000,256050,3437,33757950
VSWS,N,20260805,ORIENTLTD,BE,Orient Press,76.5000,78.4800,76.1000,78.0000,1435,22,111159
VSWS,N,20260805,ORIENTPPR,EQ,Orient Paper & Inds,19.1000,19.4500,18.8000,18.8800,216294,756,4100387
VSWS,N,20260805,ORIENTTECH,EQ,Orient Technologies,260.7500,263.3500,258.8000,260.7000,148236,3565,38633808
VSWS,N,20260805,ORISSAMINE,EQ,Orissa Minerals Deve,4350.0000,4500.0000,4300.0000,4411.7000,25771,5085,113673865
VSWS,N,20260805,ORKLAINDIA,EQ,Orkla India,587.0000,589.1500,566.0000,571.0500,263636,19364,152208471
VSWS,N,20260805,ORTEL,BZ,Ortel Communications,2.0300,2.0400,1.8600,2.0300,15121,50,29835
VSWS,N,20260805,ORTINGLOBE,BE,Ortin Global,15.2100,15.7400,15.0300,15.1500,23505,28,359037
VSWS,N,20260805,OSELDEVICE,SM,Osel Devices,410.4000,419.0000,405.0000,417.5000,7400,30,3069390
VSWS,N,20260805,OSIAHYPER,BE,Osia Hyper Retail,2.9700,3.0000,2.8000,2.8100,1371797,920,3912918
VSWS,N,20260805,OSWALAGRO,EQ,Oswal Agro Mills,38.9500,41.9000,38.8000,41.0600,110599,424,4414141
VSWS,N,20260805,OSWALGREEN,EQ,Oswal Green Tech,21.5500,22.2000,21.5500,22.0000,92724,602,2031062
VSWS,N,20260805,OSWALPUMPS,EQ,Oswal Pumps,329.0000,335.7000,322.5000,326.2500,731463,11793,239579376
VSWS,N,20260805,OSWALSEEDS,EQ,ShreeOswal Seeds & C,10.4700,10.7100,10.4600,10.5800,28116,116,297662
VSWS,N,20260805,OWAIS,ST,Owais Met & Min Proc,95.0000,95.1000,91.1500,92.8500,23800,136,2216790
VSWS,N,20260805,PACEDIGITK,EQ,Pace Digitek,200.4000,206.5000,195.0000,200.8200,1608426,17490,325582207
VSWS,N,20260805,PAGEIND,EQ,Page Industries,40240.0000,40355.0000,39820.0000,40355.0000,7689,4265,307573330
VSWS,N,20260805,PAISALO,EQ,Paisalo Digital,71.6400,74.9900,68.2500,69.1400,30906694,73716,2233596745
VSWS,N,20260805,PAKKA,EQ,PAKKA,72.0000,73.0000,71.2000,72.8400,38836,1266,2796861
VSWS,N,20260805,PALASHSECU,EQ,Palash Securities,87.0000,89.8000,86.3000,88.5500,1177,28,104668
VSWS,N,20260805,PALREDTEC,BE,Palred Technologies,48.0000,48.9000,47.0000,47.5000,1601,15,75948
VSWS,N,20260805,PANACEABIO,EQ,Panacea Biotec,425.0000,434.7500,414.0000,418.8500,319476,9042,136119089
VSWS,N,20260805,PANACHE,BE,Panache Digilife,450.0000,450.0000,430.0000,440.0000,10602,103,4667221
VSWS,N,20260805,PANAMAPET,EQ,Panama Petrochem,458.4500,464.0000,450.1000,455.2000,90184,2947,41474802
VSWS,N,20260805,PANSARI,EQ,Pansari Developers,332.0000,333.9000,327.1000,333.2000,1205,57,398643
VSWS,N,20260805,PAR,EQ,Par Drugs & Chemical,99.0000,101.8500,97.1000,98.8900,5568,122,554473
VSWS,N,20260805,PARACABLES,EQ,Paramount Commu,65.3700,66.1900,64.0200,64.3600,873844,5104,56665331
VSWS,N,20260805,PARADEEP,EQ,Paradeep Phosphates,146.0400,148.0000,143.7000,146.7100,4521372,30348,659043053
VSWS,N,20260805,PARAGMILK,EQ,Parag Milk Foods,235.0000,235.6200,225.2500,227.5400,652654,9609,149885506
VSWS,N,20260805,PARAGON,SM,Paragon Fine & Speci,49.5000,49.5000,48.5500,48.5500,6000,5,294120
VSWS,N,20260805,PARAS,EQ,Paras Defence & Spac,1307.1000,1321.0000,1285.2000,1295.3000,593478,23376,771994528
VSWS,N,20260805,PARASPETRO,EQ,Paras Petrofils,2.5100,2.6300,2.5100,2.6200,680265,492,1775523
VSWS,N,20260805,PARIN,SM,Parin Enterprises,705.0000,725.0000,696.0000,718.6500,11500,27,8126988
VSWS,N,20260805,PARKHOSPS,EQ,Park Medi World,283.9500,289.9500,282.0500,284.8500,547871,12251,156597344
VSWS,N,20260805,PARKHOTELS,EQ,Apeejay Surrendra Pk,124.1000,125.5000,121.1000,122.0800,85510,2842,10534500
VSWS,N,20260805,PARSVNATH,BE,Parsvnath Developers,1.7100,1.7100,1.7100,1.7100,62916,115,107586
VSWS,N,20260805,PARTH,SM,Parth Elect & Engine,535.0000,535.0000,511.5000,528.0000,8400,21,4418560
VSWS,N,20260805,PASHUPATI,EQ,Pashupati Cotspin,85.5000,85.9000,84.2200,84.6300,113036,1636,9618768
VSWS,N,20260805,PASUPTAC,BE,Pasupati Acrylon,61.7000,62.6000,61.1000,61.7900,91627,257,5683009
VSWS,N,20260805,PATANJALI,EQ,Patanjali Foods,360.9000,360.9000,351.9500,357.0000,2193791,20207,780153787
VSWS,N,20260805,PATELENG,EQ,Patel Engineering,28.5300,29.2100,28.4800,28.7700,3446234,8303,99457081
VSWS,N,20260805,PATELRMART,EQ,Patel Retail,227.5000,227.5000,223.0100,224.5300,29717,1076,6685069
VSWS,N,20260805,PATILAUTOM,ST,Patil Automation,192.0000,192.0000,190.0000,191.2000,52200,35,9959850
VSWS,N,20260805,PATINTLOG,BE,Patel Integrated Log,14.2700,14.6000,14.1500,14.5500,55969,176,808534
VSWS,N,20260805,PAUSHAKLTD,EQ,Paushak,735.0000,739.4000,701.7500,712.5500,112258,5511,81077484
VSWS,N,20260805,PAVNAIND,EQ,Pavna Industries,18.0000,18.0000,17.2200,17.4200,68906,324,1212338
VSWS,N,20260805,PAYTM,EQ,One 97 Communication,1416.0000,1443.0000,1407.3000,1429.0000,3009527,74071,4296885190
VSWS,N,20260805,PCBL,EQ,PCBL Chemical,326.0000,332.0000,321.1000,329.4500,1563492,21993,513027242
VSWS,N,20260805,PCCL,SM,Petro Carbon & Chemi,295.0000,306.0000,295.0000,302.1000,17600,38,5287880
VSWS,N,20260805,PCJEWELLER,EQ,PC Jeweller,9.8700,10.0200,9.6800,9.8000,187586629,56187,1854705761
VSWS,N,20260805,PDMJEPAPER,EQ,Pudumjee Paper Produ,96.7100,97.9800,95.0500,95.7200,82414,1682,7906704
VSWS,N,20260805,PDSL,EQ,PDS,354.4000,364.0000,351.4000,357.8000,67400,2916,24178051
VSWS,N,20260805,PEARLPOLY,BE,Pearl Polymers,17.5000,17.5000,16.0200,16.6700,18912,54,308209
VSWS,N,20260805,PELATRO,SM,Pelatro,318.6500,319.0000,305.5000,305.7500,6000,19,1865790
VSWS,N,20260805,PENIND,EQ,Pennar Industries,166.0700,168.9500,164.2000,165.7000,277283,3403,46333546
VSWS,N,20260805,PENINLAND,BE,Peninsula Land,16.1200,16.1200,15.9200,16.1200,99440,80,1595794
VSWS,N,20260805,PERFECT,SZ,Perfect Infraenginee,2.6500,2.7500,2.6500,2.7500,42000,6,114900
VSWS,N,20260805,PERSISTENT,EQ,Persistent Systems,5539.0000,5579.0000,5493.0000,5520.0000,367409,26408,2033136315
VSWS,N,20260805,PETRONET,EQ,Petronet LNG,285.0000,285.0000,280.4000,280.8000,717887,28473,202244725
VSWS,N,20260805,PFC,EQ,Power Finance Corpor,422.1000,424.0000,414.4000,418.0000,5129023,38957,2141820892
VSWS,N,20260805,PFIZER,EQ,Pfizer,4899.7000,4925.0000,4825.0000,4908.0000,18332,4724,89449900
VSWS,N,20260805,PFOCUS,EQ,Prime Focus,304.0000,308.4000,298.0000,299.7000,341332,10254,103501239
VSWS,N,20260805,PFS,EQ,PTC India Financial,28.1600,29.8800,28.1600,28.9100,1794504,8853,52458041
VSWS,N,20260805,PGEL,EQ,PG Electroplast,617.5500,632.5000,602.6000,603.0000,3473699,44018,2139371388
VSWS,N,20260805,PGHH,EQ,Procter & Gamble,8668.5000,8699.0000,8430.0000,8484.5000,18087,4860,154405927
VSWS,N,20260805,PGHL,EQ,Procter & Gamble Hea,6500.0000,6500.0000,6405.5000,6464.5000,8537,2454,55144012
VSWS,N,20260805,PGIL,EQ,Pearl Global Industr,2130.0000,2145.9000,2080.0000,2104.5000,100126,12248,211434605
VSWS,N,20260805,PHANTOMFX,SM,Phantom Digital Effe,168.0000,168.0000,164.0000,164.1500,15300,27,2555085
VSWS,N,20260805,PHARMABEES,EQ,Nippon Ind NftPh ETF,27.2600,27.5600,27.1500,27.3300,4045724,9360,110330981
VSWS,N,20260805,PHOENIXLTD,EQ,Phoenix Mills,1940.0000,1969.0000,1927.1000,1930.5000,304301,23808,593532444
VSWS,N,20260805,PHOGLOBAL,SM,Phoenix Overseas,16.1000,16.1000,16.0000,16.0000,8000,4,128600
VSWS,N,20260805,PICCADIL,EQ,Piccadily Agro Ind,792.1000,793.2500,757.0000,764.2000,211298,11719,162854462
VSWS,N,20260805,PIDILITIND,EQ,Pidilite Industries,1638.0000,1665.0000,1613.9000,1665.0000,1984248,57748,3258240972
VSWS,N,20260805,PIGL,EQ,Power & Instrumentat,112.5800,112.5800,107.8400,108.5300,47599,792,5199166
VSWS,N,20260805,PIIND,EQ,PI Industries,2792.3000,2825.6000,2781.6000,2810.0000,235586,27299,660861400
VSWS,N,20260805,PILANIINVS,EQ,Pilani Invest & Ind,4379.1000,4379.9000,4305.0000,4338.5000,1092,205,4751030
VSWS,N,20260805,PILITA,BE,PIL Italica Lifestyl,8.6000,8.8000,8.4500,8.5600,34566,93,299100
VSWS,N,20260805,PINELABS,EQ,Pine Labs,151.7000,151.7900,146.7100,147.8200,10656864,42408,1588043319
VSWS,N,20260805,PIONEEREMB,EQ,Pioneer Embroideries,23.8100,24.9900,23.8100,24.2600,5117,56,124469
VSWS,N,20260805,PIONRINV,BE,Pioneer Invest Corp,86.0000,88.0000,86.0000,87.0600,854,23,73927
VSWS,N,20260805,PIRAMALFIN,EQ,Piramal Finance,2041.0000,2158.4000,2041.0000,2136.6000,336432,24978,708787128
VSWS,N,20260805,PITTIENG,EQ,Pitti Engineering,954.4000,954.4000,941.4000,950.0500,22237,1506,21098480
VSWS,N,20260805,PIXTRANS,EQ,Pix Transmissions,1710.0000,1729.9000,1686.0000,1722.6000,11839,1682,20303653
VSWS,N,20260805,PKTEA,EQ,Peria Karamalai Tea,680.0500,709.8000,680.0000,709.7500,33,10,22512
VSWS,N,20260805,PLASTIBLEN,EQ,Plastiblends India,190.5000,191.0900,189.0000,190.0100,21067,784,4000375
VSWS,N,20260805,PLATIND,EQ,Platinum Industries,231.0000,232.0300,226.4000,227.4600,37602,1543,8588350
VSWS,N,20260805,PLAZACABLE,BE,Plaza Wires,46.2100,48.0000,46.2100,47.6200,32797,277,1550344
VSWS,N,20260805,PML,EQ,Paul Merchants,511.9500,511.9500,502.0500,511.5500,93,16,47443
VSWS,N,20260805,PNB,EQ,Punjab National Bank,114.1600,115.2000,113.3000,113.5500,10371553,48424,1184820842
VSWS,N,20260805,PNBGILTS,EQ,PNB Gilts,82.8100,85.5400,82.8100,83.7500,345840,3277,29157941
VSWS,N,20260805,PNBHOUSING,EQ,PNB Housing Finance,1070.2000,1154.0000,1070.2000,1121.6000,5097089,110641,5765633299
VSWS,N,20260805,PNC,EQ,Pritish Nandy Commun,19.7000,19.9900,19.5100,19.6600,7047,46,138396
VSWS,N,20260805,PNCINFRA,EQ,PNC Infratech,251.0500,261.0000,250.9900,254.5500,994765,23459,256084082
VSWS,N,20260805,PNGJL,EQ,P N Gadgil Jewellers,655.0000,665.0500,654.4500,658.7500,365392,9796,241308525
VSWS,N,20260805,PNGSREVA,EQ,PNGS Reva Diamond Je,522.2000,534.6000,496.3500,510.9500,802102,22140,412635440
VSWS,N,20260805,POCL,EQ,Pondy Oxides & Chem,520.6500,527.4000,495.6000,512.5000,1817722,44640,924801193
VSWS,N,20260805,PODDARMENT,EQ,Poddar Pigments,251.8000,255.8000,248.0000,249.6500,7869,146,1978948
VSWS,N,20260805,POKARNA,EQ,Pokarna,928.3000,982.0000,928.3000,965.5000,73376,5471,70503625
VSWS,N,20260805,POLICYBZR,EQ,PB Fintech,1618.0000,1639.9000,1603.0000,1620.0000,695452,37660,1129285586
VSWS,N,20260805,POLYCAB,EQ,Polycab India,9200.0000,9305.0000,9179.0000,9200.0000,208166,28628,1923511002
VSWS,N,20260805,POLYMED,EQ,Poly Medicure,1725.1000,1746.0000,1705.0000,1708.5000,42472,4895,73076228
VSWS,N,20260805,POLYPLEX,EQ,Polyplex Corp,1123.0000,1123.2000,1103.2000,1118.8000,35984,2316,40206992
VSWS,N,20260805,POLYSIL,SM,Polysil Irrigation S,83.1000,83.1000,83.0500,83.0500,14000,17,1162800
VSWS,N,20260805,PONNIERODE,EQ,Ponni Sugars (Erode),325.0000,331.6000,322.2500,323.2000,7628,388,2480523
VSWS,N,20260805,POONAWALLA,EQ,Poonawalla Fincorp,474.0000,487.5000,471.4500,480.7500,2455900,34113,1180230085
VSWS,N,20260805,POSITRON,SM,Positron Energy,172.0000,179.2500,172.0000,173.5000,9600,25,1705020
VSWS,N,20260805,POWERGRID,EQ,Power Grid Corp of I,284.0000,285.2000,281.2500,281.7500,7544704,70327,2132914955
VSWS,N,20260805,POWERICA,EQ,Powerica,524.2000,547.3500,523.0500,547.3500,268913,10273,146307246
VSWS,N,20260805,POWERINDIA,EQ,Hitachi Energy India,32380.0000,32555.0000,32150.0000,32400.0000,56303,18548,1821775490
VSWS,N,20260805,POWERMECH,EQ,Power Mech Projects,2640.0000,2650.0000,2560.0000,2573.1000,69063,8859,179762090
VSWS,N,20260805,PPAP,BE,PPAP Automotive,282.9000,297.0000,281.0000,297.0000,25107,396,7371869
VSWS,N,20260805,PPL,BE,Prakash Pipes,261.5500,265.0000,255.0500,257.0500,20157,411,5227832
VSWS,N,20260805,PPLPHARMA,EQ,Piramal Pharma,202.4900,208.0000,200.3600,206.7800,9351752,53608,1922541214
VSWS,N,20260805,PPSL,SM,Picturepost Studios,2.7000,2.7000,2.7000,2.7000,81000,18,218700
VSWS,N,20260805,PRABHA,EQ,Prabha Energy,157.8800,157.8800,154.5200,156.6900,20137,253,3143783
VSWS,N,20260805,PRADPME,BE,Pradeep Metals,517.9000,517.9000,508.0500,515.4500,1320,33,681097
VSWS,N,20260805,PRAENG,EQ,Prajay Engineers,20.1000,21.5500,20.1000,20.5000,53674,246,1109583
VSWS,N,20260805,PRAJIND,EQ,Praj Industries,320.0000,321.5000,316.1500,317.7500,499092,13018,158814616
VSWS,N,20260805,PRAKASH,EQ,Prakash Industries,125.8000,127.2300,125.5100,126.2900,179299,1814,22647194
VSWS,N,20260805,PRAKASHSTL,EQ,Prakash Steelage,3.9800,4.1200,3.9800,4.0300,90228,269,364037
VSWS,N,20260805,PRAMARA,SM,Pramara Promotions,122.5000,122.5000,118.3000,118.6500,29000,42,3462800
VSWS,N,20260805,PRANIK,SM,Pranik Logistics,42.0000,42.0000,42.0000,42.0000,3200,2,134400
VSWS,N,20260805,PRATHAM,SM,Pratham EPC Projects,118.0000,122.0000,116.5000,122.0000,9600,10,1136380
VSWS,N,20260805,PRAVEG,EQ,Praveg,295.8000,295.8000,278.8000,281.5500,70207,1729,20022760
VSWS,N,20260805,PRAXIS,EQ,Praxis Home Retail,6.4600,6.9700,6.3100,6.6500,79838,178,534638
VSWS,N,20260805,PRECAM,EQ,Precision Camshafts,144.1500,147.5000,143.3600,145.2000,186499,3700,27120479
VSWS,N,20260805,PRECISION,ST,Precision Metaliks,7.9000,7.9000,7.9000,7.9000,6000,3,47400
VSWS,N,20260805,PRECOT,EQ,Precot,815.1000,843.5000,814.1000,826.8500,6983,345,5793292
VSWS,N,20260805,PRECWIRE,EQ,Precision Wires (I),384.9000,414.9500,378.7500,409.5000,1197877,31389,477814094
VSWS,N,20260805,PREMCO,EQ,Premco Global,384.0000,385.9500,380.6000,384.0500,395,43,151743
VSWS,N,20260805,PREMEXPLN,EQ,Premier Explosives,662.4500,665.0000,659.0500,660.8500,82957,3035,54844906
VSWS,N,20260805,PREMIER,BE,Premier,2.8600,2.8600,2.7300,2.8500,2005,22,5696
VSWS,N,20260805,PREMIERENE,EQ,Premier Energies,1041.9000,1045.9000,1031.0000,1044.0000,454099,15542,471011648
VSWS,N,20260805,PREMIERPOL,EQ,Premier Polyfilm,73.0000,73.2500,71.5600,72.7400,99431,1362,7200747
VSWS,N,20260805,PRESSTONIC,SM,Presstonic Engineeri,27.9000,29.7000,27.7000,29.7000,108000,91,3146480
VSWS,N,20260805,PRESTIGE,EQ,Prestige Estates Pro,1610.0000,1641.9000,1591.4000,1593.0000,383642,16613,620186953
VSWS,N,20260805,PRICOLLTD,EQ,Pricol,771.9000,782.5000,762.7000,766.7000,859326,42268,661550962
VSWS,N,20260805,PRIMECAB,ST,Prime Cable Industri,189.9500,189.9500,185.1000,185.2000,6400,4,1200320
VSWS,N,20260805,PRIMESECU,EQ,Prime Securities,286.0000,297.0000,281.4000,291.3500,63976,936,18715631
VSWS,N,20260805,PRIMO,EQ,Primo Chemicals,24.0000,24.4300,23.8000,24.1300,126352,435,3035870
VSWS,N,20260805,PRINCEPIPE,EQ,Prince Pipes & Fitti,277.2000,285.2000,270.1000,274.6500,661719,12741,184551869
VSWS,N,20260805,PRITI,BE,Priti International,37.7900,37.7900,36.5000,37.0900,3087,67,114733
VSWS,N,20260805,PRITIKA,SM,Pritika Eng Compo,58.0000,64.0000,58.0000,63.9500,18000,5,1075900
VSWS,N,20260805,PRITIKAUTO,BE,Pritika Auto Industr,17.2000,18.7100,17.2000,18.7100,243793,496,4477681
VSWS,N,20260805,PRIVISCL,EQ,Privi Speciality Che,3670.0000,3731.0000,3626.5000,3648.0000,89864,12626,331958971
VSWS,N,20260805,PRIZOR,ST,Prizor Viztech,910.0000,910.0000,865.5000,872.5500,28800,66,25310380
VSWS,N,20260805,PRLIND,SM,Premier Roadlines,44.6500,45.0000,43.8000,44.5000,88000,49,3912800
VSWS,N,20260805,PROFX,SM,Pro FX Tech,74.7000,74.8000,74.2500,74.8000,12800,6,956400
VSWS,N,20260805,PROLIFE,SM,Prolife Industries,74.9500,74.9500,74.9500,74.9500,500,1,37475
VSWS,N,20260805,PROPEQUITY,SM,P E Analytics,204.0000,204.0000,204.0000,204.0000,600,1,122400
VSWS,N,20260805,PROPSHOP,ST,Propshop Events And,59.9500,59.9500,56.1000,59.0000,204000,47,11954600
VSWS,N,20260805,PROSTARM,EQ,Prostarm Info System,133.0100,136.5700,132.6900,133.5900,143730,1782,19269514
VSWS,N,20260805,PROTEAN,EQ,Protean eGov Technol,584.1000,588.4500,569.5500,571.9000,1140263,30632,659601635
VSWS,N,20260805,PROV,SM,Proventus Agrocom,1700.0000,1701.0000,1700.0000,1701.0000,160,2,272080
VSWS,N,20260805,PROZONER,EQ,Prozone Realty,43.4900,44.0000,41.7900,42.3100,115633,687,4910036
VSWS,N,20260805,PRSMJOHNSN,EQ,Prism Johnson,109.0000,113.6900,108.5100,112.6900,338762,6648,37932693
VSWS,N,20260805,PRUDENT,EQ,Prudent Corporate Ad,3296.0000,3389.0000,3255.0000,3335.6000,21285,6143,71063838
VSWS,N,20260805,PRUDMOULI,BE,Prudential Sugar,13.6300,13.6300,13.0000,13.3900,2898,27,39184
VSWS,N,20260805,PSB,EQ,Punjab & Sind Bank,23.9700,24.1500,23.7500,23.8000,907930,3187,21726229
VSWS,N,20260805,PSFL,SM,Paramount Speciality,31.0000,31.0000,31.0000,31.0000,16000,8,496000
VSWS,N,20260805,PSPPROJECT,EQ,PSP Projects,944.7000,954.2500,935.0000,944.7500,57817,3396,54707601
VSWS,N,20260805,PSRAJ,ST,P S Raj Steels,78.3000,80.9500,77.9000,80.9500,17500,7,1377625
VSWS,N,20260805,PSUBANK,EQ,Kotak Nty PSU Bk ETF,85.5700,86.0000,84.8000,85.2900,174750,607,14941583
VSWS,N,20260805,PSUBANKADD,EQ,DSP Nifty PSU Bank,86.2000,86.8800,84.5000,85.7400,197776,415,17043338
VSWS,N,20260805,PSUBNKBEES,EQ,Nippon INft PSU BBeE,94.6500,96.0000,94.6500,95.4000,4602225,6173,439739885
VSWS,N,20260805,PSUBNKIETF,EQ,ICICI Prud Nifty PSU,85.9600,87.1100,85.6000,86.2900,1028330,1302,89324909
VSWS,N,20260805,PTC,EQ,PTC India,190.0000,199.8000,188.3500,198.3600,17703096,127576,3442718599
VSWS,N,20260805,PTCIL,EQ,PTC Industries,18099.0000,18199.0000,18012.0000,18092.0000,4607,1817,83342503
VSWS,N,20260805,PTL,EQ,PTL Enterprises,40.1300,40.6200,39.9600,40.0600,31735,872,1279084
VSWS,N,20260805,PUNJABCHEM,EQ,Punjab Chemicals & C,1117.9000,1117.9000,1095.0000,1100.1000,8707,1287,9634049
VSWS,N,20260805,PURPLEUTED,ST,Purple United Sales,308.6500,325.3000,305.0000,325.3000,28000,89,8884875
VSWS,N,20260805,PURVA,EQ,Puravankara,209.0500,212.3600,209.0000,210.1600,99988,1738,21087949
VSWS,N,20260805,PURVFLEXI,SM,Purv Flexipack,42.5000,45.5000,42.5000,45.5000,1600,2,70400
VSWS,N,20260805,PUSHPA,SM,Pushpa Jewellers,110.5000,117.0000,110.4500,113.8000,32000,29,3639800
VSWS,N,20260805,PVP,EQ,PVP Ventures,27.8000,28.2400,27.5700,27.7100,347880,943,9709974
VSWS,N,20260805,PVRINOX,EQ,PVR Inox,1184.0000,1187.9000,1156.1000,1161.9000,323803,22830,380000491
VSWS,N,20260805,PVSL,EQ,Popular Vehicles & S,111.9800,111.9800,108.4100,108.9900,34899,390,3826966
VSWS,N,20260805,PVTBANIETF,EQ,ICICI Pru Nifty Pvt,28.0000,28.1800,27.9300,28.0300,2080801,1331,58356174
VSWS,N,20260805,PVTBANK,EQ,Kotak Nifty Private,27.8800,27.9200,27.7000,27.7500,4390,25,121953
VSWS,N,20260805,PVTBANKADD,EQ,DSP Nifty Pvt Bank E,28.2400,28.3000,28.0800,28.1500,102484,216,2890190
VSWS,N,20260805,PVTBKGROWW,EQ,Groww Nifty Pvt Bank,27.7900,28.0400,27.6800,27.7600,20138,115,561235
VSWS,N,20260805,PWL,EQ,Physicswallah,127.0100,129.1300,125.1200,127.8100,4112542,28836,522029277
VSWS,N,20260805,PYRAMID,EQ,Pyramid Technoplast,183.6000,186.1400,181.9000,182.2200,30101,795,5506539
VSWS,N,20260805,QGOLDHALF,EQ,Quantum Gold ETF,118.7300,119.9200,118.5200,119.5400,41053,847,4899914
VSWS,N,20260805,QLINE,SM,Q-line Biotech,547.6500,553.4500,531.2500,541.9000,45600,96,24629780
VSWS,N,20260805,QMSMEDI,EQ,QMS Medical Allied S,116.4500,116.4500,111.0000,111.8200,14558,796,1646044
VSWS,N,20260805,QNIFTY,EQ,Quantum Nifty 50 ETF,271.4000,271.6000,270.0000,270.5000,606,59,164085
VSWS,N,20260805,QPOWER,BE,Quality Power Electr,1138.8000,1150.0000,1105.0000,1126.2000,81858,3055,92859219
VSWS,N,20260805,QUADFUTURE,EQ,Quadrant Future Tek,355.6000,363.0000,348.0000,357.9000,180901,5938,64341638
VSWS,N,20260805,QUADPRO,SM,Quadpro ITeS,2.4000,2.4000,2.4000,2.4000,12000,1,28800
VSWS,N,20260805,QUAL30IETF,EQ,ICICI Pru Nfty 200 Q,21.8000,21.8000,21.2300,21.5800,119675,221,2583671
VSWS,N,20260805,QUALITY30,EQ,Kotak Nifty200 Quali,21.1700,21.2700,21.1700,21.2000,12283,22,261175
VSWS,N,20260805,QUESS,EQ,Quess Corp,324.0000,327.8500,308.4500,314.5000,425991,12817,135942476
VSWS,N,20260805,QUESTLAB,SM,Quest Laboratories,89.5000,93.4500,89.5000,93.4000,12000,10,1110780
VSWS,N,20260805,QUICKHEAL,BE,Quick Heal Technolog,159.5000,159.5000,152.0000,154.7000,40351,592,6303006
VSWS,N,20260805,QUINT,EQ,Quint Digital,40.4900,40.4900,38.6100,39.8900,70,6,2728
VSWS,N,20260805,RACE,EQ,Race Eco Chain,113.9000,113.9000,104.0100,105.2200,18900,292,2031112
VSWS,N,20260805,RACLGEAR,EQ,RACL Geartech,1348.2000,1403.6000,1348.2000,1393.1000,35307,2908,48967834
VSWS,N,20260805,RADAAN,EQ,Radaan Mediaworks (I,3.1600,3.2400,3.0400,3.0900,56065,135,175812
VSWS,N,20260805,RADHIKAJWE,EQ,Radhika Jeweltech,69.4800,70.5000,68.7400,70.3000,413669,3239,28841113
VSWS,N,20260805,RADIANTCMS,EQ,Radiant Cash Mgnt Se,37.0000,39.2500,37.0000,39.0200,178379,1617,6877149
VSWS,N,20260805,RADICO,EQ,Radico Khaitan,4472.0000,4590.3000,4452.7000,4550.0000,642588,56577,2910814904
VSWS,N,20260805,RADIOCITY,EQ,Music Broadcast,6.8500,7.0200,6.6600,6.9000,70377,233,484027
VSWS,N,20260805,RADIOWALLA,ST,Radiowalla Network,27.6000,27.6000,27.6000,27.6000,1600,1,44160
VSWS,N,20260805,RAILTEL,EQ,RailTel Corporation,291.2000,294.7000,289.0000,289.6000,328238,9950,95600618
VSWS,N,20260805,RAIN,EQ,Rain Industries,240.0000,244.7700,229.5200,242.6800,8671154,58804,2068424387
VSWS,N,20260805,RAINBOW,EQ,Rainbow Children's M,1575.0000,1610.0000,1561.5000,1598.6000,259225,27003,414379261
VSWS,N,20260805,RAJESHEXPO,BZ,Rajesh Exports,83.5200,86.0000,83.5200,85.3100,311977,1113,26520153
VSWS,N,20260805,RAJINDLTD,SM,Rajputana Industries,71.2000,73.4000,71.2000,73.4000,4500,3,323700
VSWS,N,20260805,RAJMET,EQ,Rajnandini Metal,3.3100,3.3600,3.2400,3.3000,208407,637,687636
VSWS,N,20260805,RAJOOENG,BE,Rajoo Engineers,51.9000,51.9000,51.0000,51.0900,118974,667,6101653
VSWS,N,20260805,RAJPALAYAM,EQ,Rajapalayam Mills,839.0000,844.5000,827.0000,833.7000,331,36,275570
VSWS,N,20260805,RAJPUTANA,SM,Rajputana Biodiesel,203.0000,204.8000,200.0000,200.0000,4000,6,810225
VSWS,N,20260805,RAJRATAN,EQ,Rajratan Global Wire,544.8000,563.9500,533.1000,536.7000,346682,13129,190987390
VSWS,N,20260805,RAJRILTD,BE,Raj Rayon Industries,21.8100,21.8100,21.3900,21.8100,14715,104,320656
VSWS,N,20260805,RAJSREESUG,EQ,Rajshree Sugars,30.9100,31.7900,30.1500,30.8400,27175,322,840926
VSWS,N,20260805,RAJTV,EQ,Raj Television Netwo,10.1900,10.5800,9.9300,10.1500,146885,533,1507547
VSWS,N,20260805,RALLIS,EQ,Rallis India,218.6000,219.4900,216.0000,216.3600,637982,22472,138412448
VSWS,N,20260805,RAMANEWS,EQ,Shree Rama Newsprint,33.5300,34.4800,32.7000,33.4500,212385,470,7144037
VSWS,N,20260805,RAMAPHO,EQ,Rama Phosphates,125.6000,127.5000,123.5000,124.4700,63736,1100,7999789
VSWS,N,20260805,RAMASTEEL,BE,Rama Steel Tubes,4.6500,4.6500,4.6400,4.6500,1981230,1639,9211536
VSWS,N,20260805,RAMBHAJO,EQ,Advit Jewels,186.8000,187.5700,182.4200,184.5000,126256,2168,23287152
VSWS,N,20260805,RAMCOCEM,EQ,Ramco Cements,953.2500,953.2500,905.4000,922.1500,128913,15054,119963532
VSWS,N,20260805,RAMCOIND,EQ,Ramco Industries,330.8500,334.8500,327.9500,330.6500,79260,2445,26276199
VSWS,N,20260805,RAMCOSYS,EQ,Ramco Systems,608.0000,621.7000,600.7500,621.7000,324003,6976,199391256
VSWS,N,20260805,RAMKY,EQ,Ramky Infrastructure,394.6000,394.6000,388.3500,393.5000,17456,806,6844489
VSWS,N,20260805,RAMRAT,EQ,Ram Ratna Wires,429.3000,449.0000,428.5000,436.8500,261980,6898,115169739
VSWS,N,20260805,RANASUG,EQ,Rana Sugars,13.1000,13.4500,12.8500,12.9100,242292,708,3166779
VSWS,N,20260805,RANEHOLDIN,EQ,Rane Holdings,1866.0000,1894.2000,1823.0000,1841.0000,54114,4871,100862754
VSWS,N,20260805,RAPPID,SM,Rappid Valves (India,325.6000,325.6000,320.0000,320.0000,5400,9,1737390
VSWS,N,20260805,RATEGAIN,EQ,RateGain Travel Tech,980.7000,983.6000,967.2000,978.4000,234101,13532,228857269
VSWS,N,20260805,RATNAMANI,EQ,Ratnamani Metals,2374.3000,2424.0000,2350.0000,2381.5000,30058,8340,71966483
VSWS,N,20260805,RATNAVEER,EQ,Ratnaveer Precision,209.0500,216.5000,201.3000,203.2500,9981966,51014,2096973677
VSWS,N,20260805,RAYMOND,EQ,Raymond,607.5000,638.4500,604.0500,629.4000,925208,25321,580628059
VSWS,N,20260805,RAYMONDLSL,EQ,Raymond Lifestyle,756.0000,769.0000,746.4000,753.4000,196091,7314,148714085
VSWS,N,20260805,RAYMONDREL,EQ,Raymond Realty,681.6000,695.0000,675.0000,692.5500,359777,9919,246655473
VSWS,N,20260805,RBA,EQ,Restaurant Brands As,88.5900,93.3000,86.0000,87.7400,126896989,344776,11371654162
VSWS,N,20260805,RBLBANK,EQ,RBL Bank,382.6000,392.7000,379.8500,389.8000,7256562,71595,2806949110
VSWS,N,20260805,RBMINFRA,SM,RBM Infracon,274.8000,274.8000,264.2000,266.5500,10800,49,2893050
VSWS,N,20260805,RBS,SM,Ramdevbaba Solvent,90.0000,91.0000,89.0000,90.1000,64000,16,5769760
VSWS,N,20260805,RBZJEWEL,EQ,RBZ Jewellers,152.0000,152.0600,148.1500,149.7600,56385,1598,8462385
VSWS,N,20260805,RCDL,SM,Rajgor Castor Deriva,32.1000,32.8000,31.0500,32.8000,522000,21,17077500
VSWS,N,20260805,RCF,EQ,R C F,128.0000,128.7000,127.1200,127.7100,526514,7825,67271120
VSWS,N,20260805,RCOM,BE,Reliance Communicati,0.8300,0.8400,0.8300,0.8300,1713334,1442,1429859
VSWS,N,20260805,READYMIX,SM,Readymix Const Machi,115.8000,115.8000,111.0000,114.6000,10000,10,1136150
VSWS,N,20260805,RECLTD,EQ,REC,369.4500,372.3000,363.6000,366.0000,3267609,32409,1197414786
VSWS,N,20260805,REDINGTON,EQ,Redington,350.0000,360.5500,343.3500,347.8500,11152761,106067,3916792582
VSWS,N,20260805,REDTAPE,EQ,Redtape,130.4900,135.7000,130.4800,134.2400,403897,5155,54091902
VSWS,N,20260805,REFEX,EQ,Refex Industries,307.9500,311.4000,299.0000,301.0000,421684,6842,128062385
VSWS,N,20260805,REFRACTORY,SM,Refractory Shapes,26.5000,26.5000,25.7500,25.7500,4000,4,104250
VSWS,N,20260805,REGAAL,BE,Regaal Resources,87.1500,91.9000,86.0000,86.6200,128982,638,11419552
VSWS,N,20260805,REGENCERAM,EQ,Regency Ceramics,33.5000,33.5000,31.4600,32.0300,967,62,31436
VSWS,N,20260805,RELAXO,EQ,Relaxo Footwears,411.8000,421.2500,408.0000,416.1500,411336,12000,171334469
VSWS,N,20260805,RELCHEMQ,EQ,Reliance Chemotex,129.8000,129.8000,124.0000,127.5900,926,62,118103
VSWS,N,20260805,RELIABLE,EQ,Reliable Data Servic,145.9000,146.8000,142.0000,144.1000,13602,203,1944655
VSWS,N,20260805,RELIANCE,EQ,Reliance Industries,1293.0000,1299.0000,1270.1000,1280.0000,24820782,355243,31791472335
VSWS,N,20260805,RELIGARE,EQ,Religare Enterprises,260.0500,262.0000,256.8500,257.2000,244913,4587,63523742
VSWS,N,20260805,RELINFRA,BE,Reliance Infrastruct,69.4900,69.4900,69.4900,69.4900,45401,297,3154915
VSWS,N,20260805,RELTD,EQ,Ravindra Energy,169.0000,175.4100,169.0000,171.6700,396073,5308,68119608
VSWS,N,20260805,REMSONSIND,EQ,Remsons Industries,81.7500,86.4900,81.7500,85.7200,132457,1984,11186444
VSWS,N,20260805,REMUS,SM,Remus Pharmaceutical,794.0000,794.0000,763.0000,769.0000,4700,35,3649935
VSWS,N,20260805,RENUKA,EQ,Shree Renuka Sugars,22.6800,23.0400,22.2000,22.3300,7156235,10027,162052800
VSWS,N,20260805,REPCOHOME,EQ,Repco Home Finance,384.5500,388.5500,381.9000,385.9500,75163,2184,28946666
VSWS,N,20260805,REPL,BE,Rudrabhishek Enterpr,65.0000,65.2400,64.0100,64.8900,991,26,63737
VSWS,N,20260805,REPRO,EQ,Repro India,397.0000,399.9000,370.4500,374.7500,57347,1483,21579016
VSWS,N,20260805,RESPONIND,EQ,Responsive Industrie,176.4900,177.7900,172.1500,173.1200,56790,1320,9941162
VSWS,N,20260805,RETAIL,EQ,JHS Svendgaard Retai,17.3300,17.9800,16.9400,17.5000,1244,50,21874
VSWS,N,20260805,RGL,EQ,Renaissance Global,118.7700,125.5000,116.6100,124.9500,839662,7420,103255923
VSWS,N,20260805,RHETAN,EQ,Rhetan TMT,32.2800,33.2400,32.2500,32.2900,14432284,12184,468856460
VSWS,N,20260805,RHFL,BZ,Reliance Home Financ,1.8800,1.9500,1.8400,1.9100,903009,971,1718228
VSWS,N,20260805,RHIM,EQ,RHI Magnesita India,411.5000,414.2000,407.7000,409.0000,230802,5784,94800960
VSWS,N,20260805,RHL,EQ,Robust Hotels,175.5400,176.3900,173.0000,173.0000,3817,52,661213
VSWS,N,20260805,RICHA,ST,Richa Info Systems,84.6000,93.0000,84.6000,93.0000,227000,36,20785300
VSWS,N,20260805,RICOAUTO,EQ,RICO Auto Industries,145.0000,157.9900,144.3200,155.8100,8747098,61619,1339717213
VSWS,N,20260805,RIIL,EQ,Reliance Indl Infra,751.5000,753.9500,746.6000,750.1500,32608,1581,24459874
VSWS,N,20260805,RILINFRA,SM,Rachana Infrastructu,38.2000,38.9000,37.6500,38.0500,10600,46,404465
VSWS,N,20260805,RIR,EQ,RIR Power Electronic,159.2600,160.9900,156.0500,159.6000,101793,1954,16148257
VSWS,N,20260805,RISHABH,EQ,Rishabh Instruments,661.0000,666.9000,636.7000,647.1500,108478,5257,70910144
VSWS,N,20260805,RITCO,EQ,Ritco Logistics,314.4500,314.4500,308.0500,312.1000,80873,2231,25144593
VSWS,N,20260805,RITES,EQ,RITES,218.0000,229.0000,215.4100,227.3500,2932543,37672,656539530
VSWS,N,20260805,RKDL,EQ,Ravi Kumar Distiller,19.2800,19.2800,19.1000,19.1700,6486,49,124360
VSWS,N,20260805,RKEC,EQ,RKEC Projects,27.0000,27.1900,26.5000,26.7500,9830,78,264666
VSWS,N,20260805,RKFORGE,EQ,Ramkrishna Forgings,698.8000,710.0000,691.3000,706.4500,1800207,36862,1262400106
VSWS,N,20260805,RKSWAMY,EQ,R K Swamy,102.0000,103.3000,101.4000,101.5000,15813,320,1609688
VSWS,N,20260805,RMC,EQ,RMC Switchgears,334.8000,348.0000,325.2000,337.4000,190985,7444,64582321
VSWS,N,20260805,RMDRIP,BE,R M Drip & Sprinkler,17.8200,18.3400,17.8200,18.0100,191964,549,3461356
VSWS,N,20260805,RML,EQ,Rane (Madras),1176.0000,1250.0000,1100.0000,1114.6000,595463,52699,703916448
VSWS,N,20260805,RNBDENIMS,EQ,R&B Denims,9.1800,9.1800,8.9300,9.0800,238668,845,2157453
VSWS,N,20260805,RNFI,SM,RNFI Services,287.0000,289.9000,275.0000,275.3000,59400,64,16718820
VSWS,N,20260805,RNPL,SM,Renol Polychem,85.7500,85.7500,82.0000,84.0000,50400,22,4232520
VSWS,N,20260805,ROHLTD,EQ,Royal Orchid Hotels,316.7000,316.8000,311.0000,312.7500,7652,584,2403920
VSWS,N,20260805,ROLEXRINGS,EQ,Rolex Rings,142.9000,153.5000,141.1000,144.8200,24029558,155398,3555863337
VSWS,N,20260805,ROLLT,BE,Rollatainers,2.8300,2.8300,2.8300,2.8300,202923,70,574272
VSWS,N,20260805,ROML,EQ,Raj Oil Mills,44.9100,44.9100,44.2100,44.5500,1020,38,45466
VSWS,N,20260805,ROSSARI,EQ,Rossari Biotech,515.6000,539.9500,513.5000,524.9000,291125,10642,154147738
VSWS,N,20260805,ROSSELLIND,EQ,Rossell India,59.0000,59.4300,57.2500,57.6600,20525,351,1188750
VSWS,N,20260805,ROSSTECH,EQ,Rossell Techsys,1080.2000,1099.9500,1055.0000,1064.6500,269490,18108,292230836
VSWS,N,20260805,ROTO,EQ,Roto Pumps,66.8900,67.2000,65.9000,66.0100,386191,2355,25611737
VSWS,N,20260805,ROUTE,EQ,Route Mobile,536.0500,539.8000,529.5500,532.3000,272633,8145,145279891
VSWS,N,20260805,ROXHITECH,SM,Rox Hi-Tech,46.0000,48.7500,45.1000,47.5000,33600,21,1577520
VSWS,N,20260805,RPEL,EQ,Raghav Productivity,1260.1000,1282.8000,1240.0000,1248.6000,42000,3443,52830923
VSWS,N,20260805,RPGLIFE,EQ,RPG Life Sciences,2778.3000,2778.3000,2662.5000,2707.8000,12606,2646,34092738
VSWS,N,20260805,RPOWER,EQ,Reliance Power,24.1500,24.6000,24.0100,24.1700,16682120,26066,404697803
VSWS,N,20260805,RPPINFRA,EQ,RPP Infra Projects,60.9900,60.9900,59.0500,59.4800,21706,472,1296696
VSWS,N,20260805,RPPL,EQ,Rajshree PolyPack,23.0100,24.9000,23.0100,23.6000,642396,1350,15427341
VSWS,N,20260805,RPSGVENT,EQ,RPSG Ventures,965.0000,969.8500,949.0500,960.4500,18514,1769,17761194
VSWS,N,20260805,RPTECH,EQ,Rashi Peripherals,967.7000,967.7000,894.0000,902.8500,2510671,76739,2316029927
VSWS,N,20260805,RRIL,EQ,RRIL,17.5500,18.6300,17.5500,18.4600,41657,212,763926
VSWS,N,20260805,RRKABEL,EQ,R R Kabel,2654.3000,2815.0000,2648.5000,2793.0000,1214785,89320,3347512474
VSWS,N,20260805,RSDFIN,EQ,RSD Finance,147.0000,160.4600,147.0000,160.4600,39691,669,6230527
VSWS,N,20260805,RSL,EQ,Rajputana Stainless,144.9500,155.3000,142.4400,150.4500,895636,11951,134815671
VSWS,N,20260805,RSSOFTWARE,BE,RS Software (India),31.0000,31.2000,29.4700,29.8800,58264,177,1738532
VSWS,N,20260805,RSWM,BE,RSWM,234.9000,238.0000,223.5000,224.6200,140203,757,31984044
VSWS,N,20260805,RSYSTEMS,EQ,R Systems Internatio,283.4000,283.4000,248.4000,255.3500,1271974,23191,331811493
VSWS,N,20260805,RTL,SM,Rama Telecom,82.9000,83.3000,82.9000,83.3000,46000,20,3821800
VSWS,N,20260805,RTNINDIA,EQ,RattanIndia Enterpri,33.0900,33.7700,31.9000,32.5500,2718600,10172,89428569
VSWS,N,20260805,RTNPOWER,EQ,RattanIndia Power,8.7300,8.9400,8.7100,8.7600,12590360,9955,110690267
VSWS,N,20260805,RUBFILA,EQ,Rubfila Internationa,71.5700,72.7800,70.5000,72.5200,11077,128,798235
VSWS,N,20260805,RUBICON,EQ,Rubicon Research,1530.0000,1584.9000,1522.9000,1574.6000,132721,10788,206103663
VSWS,N,20260805,RUBYMILLS,BE,Ruby Mills,357.0000,365.0000,339.0000,349.0500,15171,335,5297986
VSWS,N,20260805,RUCHINFRA,EQ,Ruchi Infrastructure,5.9000,5.9200,5.8100,5.8900,26421,135,155111
VSWS,N,20260805,RUCHIRA,EQ,Ruchira Papers,108.9200,111.0100,108.8200,110.4100,37556,494,4141963
VSWS,N,20260805,RUDRA,EQ,Rudra Global Infra P,18.0000,18.3900,18.0000,18.1800,15539,132,282513
VSWS,N,20260805,RULKA,SM,Rulka Electricals,111.1000,112.1000,109.1000,109.1000,3900,9,432960
VSWS,N,20260805,RUPA,EQ,Rupa & Company,163.0000,165.0000,160.8000,161.6700,82032,3791,13349940
VSWS,N,20260805,RUSHIL,EQ,Rushil Decor,18.7700,18.8400,17.1700,17.8200,1122246,2354,20175859
VSWS,N,20260805,RUSTOMJEE,EQ,Keystone Realtors,422.8000,428.0000,385.0000,388.3000,1381859,27969,553978701
VSWS,N,20260805,RVHL,EQ,Ravinder Heights,45.0000,46.4000,44.6100,45.7400,1732,42,79240
VSWS,N,20260805,RVNL,EQ,Rail Vikas Nigam,232.7000,234.4300,228.1600,229.0000,2739599,26339,632227501
VSWS,N,20260805,RVTH,EQ,Revathi Equipment In,712.5000,733.8000,704.1000,724.4000,244,27,176322
VSWS,N,20260805,S&SPOWER,EQ,S&S Power Switchgear,335.2500,338.4000,310.0000,322.2500,2452,97,798735
VSWS,N,20260805,SAAKSHI,ST,Saakshi Medtech & Pa,292.7500,299.9000,290.0000,294.9500,12600,17,3688950
VSWS,N,20260805,SAATVIKGL,EQ,Saatvik Green Energy,424.0000,431.3500,420.0000,422.6500,48955,2382,20741068
VSWS,N,20260805,SABAR,SM,Sabar Flex India,6.8000,6.8500,6.6000,6.8000,40000,8,270500
VSWS,N,20260805,SACHEEROME,SM,Sacheerome,418.0000,421.0000,412.0000,415.0500,12300,36,5119110
VSWS,N,20260805,SADBHAV,EQ,Sadbhav Engineering,8.6100,8.9900,8.6100,8.9900,399143,428,3571613
VSWS,N,20260805,SADBHIN,BE,Sadbhav Infrastructu,2.5000,2.6100,2.4500,2.5900,248295,167,638813
VSWS,N,20260805,SADHAV,SM,Sadhav Shipping,119.5000,119.5000,117.0500,117.0500,2400,4,284730
VSWS,N,20260805,SADHNANIQ,BE,Sadhana Nitrochem,3.0200,3.0400,2.8000,2.8400,3707007,1685,10929983
VSWS,N,20260805,SAFARI,EQ,Safari Industries,1515.1000,1535.0000,1480.0000,1500.0000,71346,9227,107692016
VSWS,N,20260805,SAFEENTP,SM,Safe Enterprises Ret,250.5000,251.0000,245.3500,249.7500,27000,51,6732075
VSWS,N,20260805,SAGARDEEP,EQ,Sagardeep Alloys,24.9900,25.3900,24.4000,25.2000,11893,57,296510
VSWS,N,20260805,SAGCEM,EQ,Sagar Cements,172.9900,175.9500,172.1000,172.9000,19876,761,3443408
VSWS,N,20260805,SAGILITY,EQ,Sagility,44.3000,44.5900,43.6400,43.8700,15196750,32330,669616837
VSWS,N,20260805,SAHAJSOLAR,SM,Sahaj Solar,112.1500,115.9500,110.0000,110.5000,19200,41,2154500
VSWS,N,20260805,SAHANA,SM,Sahana System,811.0000,815.0000,800.7000,809.6500,12900,74,10437353
VSWS,N,20260805,SAHASRA,ST,Sahasra Electronic S,318.0500,328.0000,310.0000,312.4500,21200,51,6735300
VSWS,N,20260805,SAHLIBHFI,EQ,Shalibhadra Finance,78.2200,80.4500,78.0500,79.8400,2796,55,224099
VSWS,N,20260805,SAHYADRI,EQ,Sahyadri Industries,328.2500,332.0000,315.1000,316.8000,7410,472,2385206
VSWS,N,20260805,SAIFL,SM,Sameera Agro & Infra,5.0500,5.0500,5.0000,5.0500,72000,15,361600
VSWS,N,20260805,SAIL,EQ,S A I L,174.9500,175.8000,171.5200,175.5000,20251266,66709,3522140615
VSWS,N,20260805,SAILIFE,EQ,Sai Life Sciences,1374.0000,1398.0000,1355.4000,1394.3000,344889,17736,476255406
VSWS,N,20260805,SAIPARENT,EQ,Sai Parenteral's,533.7500,543.4000,510.9000,516.1000,212582,8128,111040388
VSWS,N,20260805,SAJHOTELS,ST,Saj Hotels,40.4000,40.4500,40.4000,40.4500,10000,5,404400
VSWS,N,20260805,SAKAR,EQ,Sakar Healthcare,919.6000,924.4000,880.0000,890.7000,115271,10651,102879887
VSWS,N,20260805,SAKHTISUG,EQ,Sakthi Sugars,17.5200,18.0000,17.4700,17.6800,73509,430,1298873
VSWS,N,20260805,SAKSOFT,EQ,Saksoft,177.8400,179.9200,175.3200,177.2000,451833,6730,80122312
VSWS,N,20260805,SAKUMA,EQ,Sakuma Exports,1.6300,1.6500,1.6100,1.6200,675832,642,1108354
VSWS,N,20260805,SALASAR,EQ,Salasar Techno Engin,5.9200,6.0200,5.9000,5.9200,2240494,2325,13362080
VSWS,N,20260805,SALONA,EQ,Salona Cotspin,248.0000,254.7800,248.0000,248.3000,120,13,29803
VSWS,N,20260805,SALSTEEL,EQ,S A L Steel,57.0000,59.7900,57.0000,59.7900,186647,1263,10973469
VSWS,N,20260805,SALZERELEC,EQ,Salzer Electronics,612.3000,632.6000,602.0000,606.8000,85113,4200,52695212
VSWS,N,20260805,SAMAY,ST,Samay Project Servic,43.6000,43.6000,43.6000,43.6000,4000,1,174400
VSWS,N,20260805,SAMBHAAV,EQ,Sambhaav Media,6.4200,6.8000,6.4200,6.6800,35173,127,234410
VSWS,N,20260805,SAMBHV,EQ,Sambhv Steel Tubes,126.0000,126.3300,119.9000,121.1600,2287221,14905,278960247
VSWS,N,20260805,SAMHI,EQ,Samhi Hotels,170.6500,176.7700,163.2500,173.6600,3002054,39921,508476717
VSWS,N,20260805,SAMMAANCAP,EQ,Sammaan Capital,161.5000,162.1900,160.5000,161.5300,2888459,13078,466194542
VSWS,N,20260805,SAMPANN,EQ,Sampann Utpadan Indi,27.9000,27.9000,26.5100,27.4300,21875,172,597517
VSWS,N,20260805,SANATHAN,EQ,Sanathan Textiles,481.7500,487.4000,475.0000,476.7500,149426,1998,72273180
VSWS,N,20260805,SANDESH,EQ,Sandesh,1005.0000,1048.0000,985.8000,989.8000,1815,272,1831140
VSWS,N,20260805,SANDHAR,EQ,Sandhar Technologies,645.0000,662.9500,645.0000,654.7500,247407,8422,162432860
VSWS,N,20260805,SANDUMA,EQ,Sandur Manganese,212.9500,215.1000,210.1000,214.1500,672466,9127,142936917
VSWS,N,20260805,SANGAMIND,EQ,Sangam India,615.7000,618.5000,608.6500,612.5500,18841,1051,11567309
VSWS,N,20260805,SANGANI,SM,Sangani Hospitals,43.0000,43.0000,43.0000,43.0000,1500,1,64500
VSWS,N,20260805,SANGHVIMOV,EQ,Sanghvi Movers,444.7500,478.0000,440.0500,474.2000,996315,20952,462348387
VSWS,N,20260805,SANGINITA,BE,Sanginita Chemicals,61.5300,61.5300,61.5300,61.5300,15238,47,937594
VSWS,N,20260805,SANOFI,EQ,Sanofi India,3411.2000,3418.6000,3318.3000,3328.4000,32497,7319,108556482
VSWS,N,20260805,SANOFICONR,EQ,Sanofi Consumer Heal,4611.2000,4611.2000,4520.0000,4551.4000,1575,666,7162400
VSWS,N,20260805,SANSERA,EQ,Sansera Engineering,3544.7000,3776.0000,3544.0000,3742.8000,440849,44196,1624053723
VSWS,N,20260805,SANSTAR,EQ,Sanstar,116.7500,117.8800,112.8100,114.4000,216861,2516,24929492
VSWS,N,20260805,SANWARIA,BZ,Sanwaria Consumer,0.2200,0.2200,0.2000,0.2000,1342217,183,277039
VSWS,N,20260805,SAPPHIRE,EQ,Sapphire Foods India,192.3000,205.1000,190.3400,202.5200,10606626,68543,2135622661
VSWS,N,20260805,SAPPL,EQ,Shree Ajit Pulp and,290.0000,290.0000,285.0500,285.1000,618,6,178652
VSWS,N,20260805,SARDAEN,EQ,Sarda Energy & Mine,511.8000,513.8000,495.1000,499.7000,436905,13739,219123243
VSWS,N,20260805,SAREGAMA,EQ,Saregama India,547.5000,574.5000,538.5500,557.2500,2472015,68439,1386966020
VSWS,N,20260805,SARLAPOLY,EQ,Sarla Performance,101.0000,103.4000,98.3000,102.3600,52614,884,5364670
VSWS,N,20260805,SAROJA,SM,Saroja Pharma Indust,29.2500,29.2500,29.2500,29.2500,1600,1,46800
VSWS,N,20260805,SARTELE,SM,Sar Televenture,122.0000,122.0000,118.1000,118.4500,68500,104,8152550
VSWS,N,20260805,SARVESHWAR,EQ,Sarveshwar Foods,3.4100,3.4500,3.4100,3.4200,808903,1224,2775103
VSWS,N,20260805,SASKEN,EQ,Sasken Technologies,2096.5000,2096.5000,1950.0000,1972.2000,77690,7483,156665224
VSWS,N,20260805,SATECH,SM,S A Tech Software In,34.6000,34.6000,34.6000,34.6000,1000,1,34600
VSWS,N,20260805,SATIA,EQ,Satia Industries,63.0000,63.7700,62.5000,63.3100,82245,904,5179972
VSWS,N,20260805,SATIN,EQ,Satin Creditcare Net,235.9000,238.9900,230.0100,230.9100,306103,5084,71460983
VSWS,N,20260805,SATIPOLY,ST,Sati Poly Plast,44.8000,44.8000,44.8000,44.8000,500,1,22400
VSWS,N,20260805,SATKARTAR,SM,Sat Kartar Life,124.9500,130.0000,116.2500,124.1000,165600,116,20046840
VSWS,N,20260805,SATTVAENGG,SM,Sattva Engin Constru,85.0000,85.9000,84.1000,84.1000,6400,4,544800
VSWS,N,20260805,SAURASHCEM,EQ,Saurashtra Cement,65.5000,72.4600,65.5000,68.7100,7115498,50109,497711602
VSWS,N,20260805,SAVY,SM,Savy Infra And Logis,120.0000,129.2500,119.8500,127.4000,85200,56,10748340
VSWS,N,20260805,SAWALIYA,SM,Sawaliya Food Produc,292.0000,292.0000,286.0000,289.2500,76200,42,22047900
VSWS,N,20260805,SAYAJIHOTL,EQ,Sayaji Hotels,312.0000,312.0000,312.0000,312.0000,1,1,312
VSWS,N,20260805,SBC,EQ,SBC Exports,41.7000,41.7700,40.8700,41.3000,6568574,4424,271811112
VSWS,N,20260805,SBCL,EQ,Shivalik Bimetal,782.0000,785.0000,762.5500,772.4500,197724,15398,152901261
VSWS,N,20260805,SBFC,EQ,SBFC Finance,92.4400,94.6000,91.9000,93.5900,884960,14627,83011323
VSWS,N,20260805,SBGLP,EQ,Suratwwala Business,25.0200,26.2900,24.6300,25.2400,14002,85,351131
VSWS,N,20260805,SBIBPB,EQ,SBI BSE PSU Bank ETF,49.3700,49.7900,49.2100,49.3900,2469230,515,122386586
VSWS,N,20260805,SBICARD,EQ,SBI Cards And Paymen,661.7500,670.8000,658.6000,665.7000,840398,24725,557856146
VSWS,N,20260805,SBIETFCON,EQ,SBI MF - SBI ETF Con,125.0500,126.6300,125.0500,126.1600,6329,118,798530
VSWS,N,20260805,SBIETFIT,EQ,SBI ETF IT,351.0000,351.0000,342.6500,345.1400,4913,201,1710665
VSWS,N,20260805,SBIETFPB,EQ,SBI ETF Private Bank,285.5600,285.5600,281.6200,283.6200,3857,121,1091137
VSWS,N,20260805,SBIETFQLTY,EQ,SBI ETF Quality,227.0200,228.7500,222.3000,224.0300,44051,87,9893654
VSWS,N,20260805,SBIFUNDS,EQ,SBI Funds Management,574.0000,575.2500,571.1000,573.9500,1791008,40687,1027201098
VSWS,N,20260805,SBILIFE,EQ,SBI Life Ins Co,1910.0000,1910.0000,1868.1000,1879.9000,625147,41130,1177451963
VSWS,N,20260805,SBILIQETF,EQ,SBI NIFTY 1DR LiqETF,1050.4700,1050.4700,1050.4500,1050.4500,72538,42,76197964
VSWS,N,20260805,SBIMIDMOM,EQ,SBI Nifty Midcap 150,64.2000,64.2000,63.4400,63.5600,19645,152,1249298
VSWS,N,20260805,SBIN,EQ,State Bank of India,1043.0000,1055.0000,1040.3000,1055.0000,8707119,148072,9144162668
VSWS,N,20260805,SBINEQWETF,EQ,SBI Nifty50 Equal We,34.0000,34.4300,34.0000,34.2700,53122,225,1818101
VSWS,N,20260805,SBINMID150,EQ,SBI Nfty Midcap 150,23.9100,23.9100,23.3200,23.4400,23405,125,549630
VSWS,N,20260805,SBISILVER,EQ,SBI Silver ETF,216.3700,219.2200,215.6800,218.6400,2073548,11213,452097804
VSWS,N,20260805,SBISMLETF,EQ,Sbi Nifty SMLCAP 250,18.3600,18.3800,18.2800,18.3300,58380,141,1069232
VSWS,N,20260805,SBIVALETF,EQ,SBI Nifty200 Valu 30,15.1400,15.1600,15.0800,15.1000,56039,58,846676
VSWS,N,20260805,SCANSTL,BE,Scan Steels,63.1000,65.5400,62.5000,65.5400,213837,355,13803851
VSWS,N,20260805,SCHAEFFLER,EQ,Schaeffler India,4074.8000,4143.0000,4046.1000,4089.5000,47657,8305,195929781
VSWS,N,20260805,SCHAND,EQ,S Chand & Company,145.0000,145.4300,141.0000,142.4800,44233,1567,6314270
VSWS,N,20260805,SCHNEIDER,EQ,Schneider Electric I,1346.0000,1369.5000,1335.0000,1352.5000,120483,12650,163571995
VSWS,N,20260805,SCI,EQ,Shipping Corporation,302.3500,304.8500,297.5500,300.7000,2382016,28009,717292296
VSWS,N,20260805,SCILAL,EQ,Ship Corp Land & Ast,42.5000,42.5000,41.0000,41.1600,219278,1546,9111617
VSWS,N,20260805,SCML,SM,Sharp Chucks and Mac,84.9000,84.9000,82.0500,84.2000,10000,9,840500
VSWS,N,20260805,SCODATUBES,EQ,Scoda Tubes,152.5000,152.5000,144.0200,145.7900,282974,2929,41539829
VSWS,N,20260805,SCPL,EQ,Sheetal Cool Product,630.0000,662.0500,622.0500,644.7500,94907,3535,61867344
VSWS,N,20260805,SDBL,EQ,Som Disti & Brewe,71.3300,74.2900,71.3300,73.3900,1233468,8389,90054996
VSWS,N,20260805,SDREAMS,SM,S D Retail,85.7000,87.5000,85.5000,87.5000,12000,10,1037300
VSWS,N,20260805,SEAMECLTD,EQ,SEAMEC,1483.1000,1543.2000,1483.1000,1509.7000,61447,4931,93233317
VSWS,N,20260805,SECMARK,EQ,SecMark Consultancy,127.8000,127.8000,123.0000,123.3600,9867,51,1217527
VSWS,N,20260805,SECURKLOUD,EQ,Securekloud Technolo,18.2000,18.5000,18.0500,18.4200,18471,80,338771
VSWS,N,20260805,SEDEMAC,EQ,Sedemac Mechatronics,2800.0000,2878.0000,2766.4000,2846.4000,119035,16352,338019400
VSWS,N,20260805,SEIL,EQ,Shanti Educational I,204.0100,207.4100,202.0000,202.3800,165453,1451,33653896
VSWS,N,20260805,SEJALLTD,BE,Sejal Glass,734.9500,738.9000,717.0000,720.1500,5537,170,4005461
VSWS,N,20260805,SEL,SM,Sungarner Energies,254.5000,255.0000,245.0000,245.0000,2400,7,601800
VSWS,N,20260805,SELECTIPO,EQ,Mirae Asset BSE Sele,47.9200,48.0800,47.8300,48.0200,79099,109,3796502
VSWS,N,20260805,SELMC,EQ,SEL Manufacturing Co,28.0000,28.0000,27.0000,27.4900,8882,102,245216
VSWS,N,20260805,SEMAC,BE,Semac Construction,311.7000,315.0000,311.7000,315.0000,77,7,24008
VSWS,N,20260805,SENCO,EQ,Senco Gold,387.8500,401.8500,384.6000,399.0500,1552723,37500,616137521
VSWS,N,20260805,SENORES,EQ,Senores Pharmaceutic,1371.5000,1374.0000,1306.1000,1323.3000,432344,22415,574726395
VSWS,N,20260805,SENSEXADD,EQ,DSP BSE Sensex ETF,81.1700,81.4800,80.6700,81.1500,915,28,74173
VSWS,N,20260805,SENSEXAXIS,EQ,Axis BSE Sensex ETF,83.0000,83.0000,79.7300,80.2800,3189,111,259524
VSWS,N,20260805,SENSEXBETA,EQ,UTI BSE SEN ETF,867.6200,876.9800,867.0000,868.3000,4059,200,3542719
VSWS,N,20260805,SENSEXETF,EQ,Mirae Asset S&P BSE,81.2900,81.4700,80.8800,80.9900,17433,233,1415018
VSWS,N,20260805,SENSEXIETF,EQ,ICICI Pru BSE Sensex,907.0000,908.7200,899.5800,901.8500,12710,536,11485889
VSWS,N,20260805,SEPC,EQ,SEPC Ltd,5.9700,6.4700,5.9600,6.3200,51919740,73254,324548985
VSWS,N,20260805,SERVICE,SM,Service Care,61.0500,61.2000,61.0000,61.0000,20000,10,1222000
VSWS,N,20260805,SERVOTECH,EQ,Servotech Renewable,87.9800,87.9800,86.0100,86.2700,455578,4565,39561522
VSWS,N,20260805,SESHAPAPER,EQ,Seshasayee Paper,230.8000,232.8000,228.4200,230.7700,44844,1229,10323768
VSWS,N,20260805,SETCO,BE,Setco Automotive,17.6900,17.9500,17.6900,17.7500,31988,68,572420
VSWS,N,20260805,SETF10GILT,EQ,SBI ETF 10 Year Gilt,264.9600,265.9800,264.3300,265.5400,8210,30,2175185
VSWS,N,20260805,SETFGOLD,EQ,SBI ETF Gold,121.5500,123.5000,121.5100,123.3400,4662113,12312,573915740
VSWS,N,20260805,SETFNIF50,EQ,SBI ETF Nifty 50,263.8200,266.2600,263.0000,264.0700,959200,7115,253565532
VSWS,N,20260805,SETFNIFBK,EQ,SBI ETF Nifty Bank,594.6000,596.2000,587.8700,591.1100,27760,826,16453292
VSWS,N,20260805,SETFNN50,EQ,SBI ETF Nifty Next50,796.3100,802.9500,785.0000,791.2000,31517,1318,25113921
VSWS,N,20260805,SETL,EQ,Standard Engineering,271.3000,281.6000,270.3000,278.0000,369101,5918,102025135
VSWS,N,20260805,SETUINFRA,BZ,Setubandhan Infrastr,0.4000,0.4300,0.4000,0.4000,17399,11,6960
VSWS,N,20260805,SEYAIND,BE,Seya Industries,12.4600,12.6900,12.3200,12.5600,2148,25,26738
VSWS,N,20260805,SFL,EQ,Sheela Foam,787.0000,830.0000,763.0000,771.6500,1092667,55359,867542419
VSWS,N,20260805,SFML,SM,Supreme Facility Man,24.1500,24.1500,22.0000,22.0500,36800,17,817040
VSWS,N,20260805,SGFIN,EQ,SG Finserve,712.9000,727.4500,686.5000,694.2500,376560,14209,264230146
VSWS,N,20260805,SGIL,EQ,Synergy Green Indust,604.0500,604.0500,596.6500,600.6500,2684,103,1612361
VSWS,N,20260805,SGL,EQ,STL Global,9.9000,9.9000,9.7300,9.7700,2735,24,26867
VSWS,N,20260805,SGMART,EQ,SG Mart,720.1000,725.1000,705.8500,709.5000,329583,13821,236154882
VSWS,N,20260805,SHADOWFAX,EQ,Shadowfax Technologi,249.6800,253.2500,242.1600,243.5100,5016858,63370,1243850718
VSWS,N,20260805,SHAH,EQ,Shah Metacorp,4.0500,4.1300,3.8500,3.9200,7715821,7638,30910575
VSWS,N,20260805,SHAHALLOYS,EQ,Shah Alloys,65.5000,71.1900,65.5000,70.2600,13184,115,924667
VSWS,N,20260805,SHAILY,EQ,Shaily Engineering P,3075.9000,3195.0000,3075.9000,3176.2000,245017,22978,771601988
VSWS,N,20260805,SHAKTIPUMP,EQ,Shakti Pumps (India),522.0000,524.5000,517.5000,518.7000,281651,10107,146442835
VSWS,N,20260805,SHALBY,EQ,Shalby,165.9100,168.9900,161.5000,162.2700,120518,2124,19686282
VSWS,N,20260805,SHALPAINTS,EQ,Shalimar Paints,82.5000,87.0000,81.1100,86.1900,2484740,16293,210733440
VSWS,N,20260805,SHANKARA,EQ,Shankara Building Pr,145.6000,145.6000,142.0000,142.7000,526116,2353,75211608
VSWS,N,20260805,SHANTHALA,SM,Shanthala FMCG Produ,17.2500,18.9000,17.2500,18.8000,16800,9,312660
VSWS,N,20260805,SHANTI,EQ,Shanti Overseas (I),7.1500,7.1500,6.7600,6.8800,3406,33,23595
VSWS,N,20260805,SHANTIGEAR,EQ,Shanthi Gears,410.0000,419.9500,409.5000,418.5500,14330,919,5952234
VSWS,N,20260805,SHANTIGOLD,EQ,Shanti Gold Internat,220.9900,220.9900,216.1100,216.9500,259929,3475,56764032
VSWS,N,20260805,SHARDACROP,EQ,Sharda Cropchem,848.0000,848.6000,820.1000,822.9000,232322,14917,192487594
VSWS,N,20260805,SHARDAMOTR,EQ,Sharda Motor Industr,897.0000,907.5000,890.2000,901.3500,44405,3889,40073267
VSWS,N,20260805,SHARDUL,BE,Shardul Securities,45.6600,47.8800,43.3800,43.5600,35476,162,1566625
VSWS,N,20260805,SHAREINDIA,EQ,Share India Securiti,178.0000,179.7000,175.2900,177.0700,665999,5522,117739395
VSWS,N,20260805,SHARIABEES,EQ,Nippon INft50 Sha Be,475.9600,478.9700,473.8600,475.1400,6379,450,3031954
VSWS,N,20260805,SHBAJRG,EQ,Shri Bajrang Allianc,188.0000,191.5000,183.0000,183.5800,1165,59,216294
VSWS,N,20260805,SHEETAL,SM,Sheetal Universal,318.3000,341.0000,318.3000,336.3500,7000,11,2281475
VSWS,N,20260805,SHEKHAWATI,EQ,Shekhawati Industrie,14.0000,14.6500,13.9100,13.9400,20141,78,283917
VSWS,N,20260805,SHEMAROO,BE,Shemaroo Entertainme,114.0000,118.8800,114.0000,118.3500,8878,69,1038956
VSWS,N,20260805,SHERA,ST,Shera Energy,165.0000,169.4000,165.0000,166.0000,20000,20,3351350
VSWS,N,20260805,SHETHJI,ST,Shreeji Global FMCG,157.5000,162.9000,154.1000,161.3000,50000,24,7871050
VSWS,N,20260805,SHIGAN,SM,Shigan Quantum Techn,62.6000,63.9500,62.6000,63.9000,10500,7,669225
VSWS,N,20260805,SHILCTECH,EQ,Shilchar Technologie,4665.0000,4700.0000,4460.0000,4480.4000,37194,9739,169312227
VSWS,N,20260805,SHILPAMED,EQ,Shilpa Medicare,650.0000,753.8500,636.8500,721.7500,16598958,330779,11857504536
VSWS,N,20260805,SHINDL,EQ,Sharat Industries,159.5100,160.9800,159.0000,159.9000,77474,342,12384541
VSWS,N,20260805,SHIVALIK,BE,Shivalik Rasayan,251.8000,254.0000,242.4000,252.2100,49286,230,12307066
VSWS,N,20260805,SHIVAMAUTO,BE,Shivam Autotech,18.3300,18.3400,18.0000,18.0000,13281,42,241452
VSWS,N,20260805,SHIVAMILLS,BE,Shiva Mills,60.0500,62.7000,60.0000,62.3600,2254,20,138364
VSWS,N,20260805,SHIVASHRIT,SM,Shivashrit Foods,129.5000,129.5000,128.0000,128.8500,46000,13,5928400
VSWS,N,20260805,SHIVATEX,EQ,Shiva Texyarn,163.1400,168.0000,160.0000,167.0900,3483,40,563761
VSWS,N,20260805,SHIVAUM,EQ,Shiv Aum Steels,422.0000,436.9500,422.0000,424.7500,2267,138,970853
VSWS,N,20260805,SHK,EQ,S H Kelkar & Company,165.8000,168.7400,164.9700,166.8600,382548,5704,63833533
VSWS,N,20260805,SHKSIL,SM,Shri Hare-krishna Sp,42.0000,42.0000,42.0000,42.0000,2000,1,84000
VSWS,N,20260805,SHOPERSTOP,EQ,Shoppers Stop,408.0000,416.0000,401.3500,406.0500,40491,2131,16650091
VSWS,N,20260805,SHRADHA,EQ,Shradha Realty,33.8200,34.4900,33.8000,34.3700,23680,176,810094
VSWS,N,20260805,SHREDIGCEM,EQ,Shree Digvijay Cem,72.5500,73.1600,72.1000,72.2300,30868,590,2238807
VSWS,N,20260805,SHREECEM,EQ,Shree Cements,27010.0000,27550.0000,26730.0000,26900.0000,19392,10177,526479575
VSWS,N,20260805,SHREEDHAR,SM,Shreedhar Spinners,123.0000,128.0000,100.0000,101.6000,270000,114,29279200
VSWS,N,20260805,SHREEJISPG,EQ,Shreeji Shipping Glo,664.7000,667.1500,660.1000,661.7500,408225,3908,270866265
VSWS,N,20260805,SHREEKARNI,SM,Shree Karni Fabcom,406.0000,406.0000,403.0500,405.9500,1200,7,486750
VSWS,N,20260805,SHREEOSFM,SM,Shree OSFM E-Mobilit,57.0000,57.0000,57.0000,57.0000,2000,2,114000
VSWS,N,20260805,SHREEPUSHK,EQ,Shree Pushkar Chemic,426.0000,426.0000,411.0000,416.4500,22758,1358,9450551
VSWS,N,20260805,SHREERAMA,EQ,Shree Rama Multi-Tec,39.0000,39.5000,38.0500,38.3500,58366,599,2245261
VSWS,N,20260805,SHRENIK,BZ,Shrenik,0.3400,0.3500,0.3400,0.3400,285139,157,98387
VSWS,N,20260805,SHREYANIND,EQ,Shreyans Industries,140.8500,143.4300,140.8500,142.5600,2651,75,377969
VSWS,N,20260805,SHRIAHIMSA,ST,Shri Ahimsa Naturals,390.0000,399.0000,386.5000,390.0000,12600,20,4926360
VSWS,N,20260805,SHRIKANHA,SM,Shri Kanha Stainless,21.5000,21.5000,21.5000,21.5000,1600,1,34400
VSWS,N,20260805,SHRIKRISH,EQ,Shri Krishna Devcon,44.9000,44.9000,41.0000,42.2900,1267,46,55582
VSWS,N,20260805,SHRINGARMS,EQ,Shringar House Of Ma,233.5000,236.3700,230.0000,231.4800,812722,5557,189763280
VSWS,N,20260805,SHRIPISTON,EQ,SPR Auto Technologie,4288.0000,4532.8000,4212.1000,4440.8000,134172,20066,595786887
VSWS,N,20260805,SHRIRAMFIN,EQ,Shriram Finance,1097.7000,1122.4000,1092.7000,1122.4000,6684889,91796,7388046228
VSWS,N,20260805,SHRIRAMPPS,EQ,Shriram Properties,84.7500,86.1600,84.7500,85.1500,235204,2340,20103482
VSWS,N,20260805,SHUBHSHREE,SM,Shubhshree Biofuels,380.0000,380.0000,350.0500,354.9500,3000,10,1071180
VSWS,N,20260805,SHYAMCENT,BE,Shyam Century Ferrou,5.4900,5.5600,5.1400,5.4100,89845,146,483190
VSWS,N,20260805,SHYAMDHANI,ST,Shyam Dhani Industri,59.5000,59.5000,58.0000,59.2500,20000,10,1183000
VSWS,N,20260805,SHYAMMETL,EQ,Shyam Metalics & Ene,1028.8000,1031.0000,1020.3000,1029.6000,518701,9836,532100188
VSWS,N,20260805,SHYAMTEL,BE,Shyam Telecom,15.6600,16.1900,15.6300,15.8000,4012,49,62827
VSWS,N,20260805,SICAGEN,EQ,Sicagen India,49.2100,52.5000,49.1200,51.5100,10154,91,519214
VSWS,N,20260805,SICALLOG,BE,Sical Logistics,97.0000,105.0000,96.5000,99.7700,124767,464,12177956
VSWS,N,20260805,SIDDHICOTS,SM,Siddhi Cotspin,27.4500,28.5500,26.9500,28.5500,19200,11,520800
VSWS,N,20260805,SIDDHIKA,SM,Siddhika Coatings,208.0000,215.3500,208.0000,215.3500,6500,10,1385350
VSWS,N,20260805,SIEMENS,EQ,Siemens,4035.0000,4069.9000,3955.0000,3980.0000,355546,28113,1423895958
VSWS,N,20260805,SIGACHI,BE,Sigachi Industries,26.0000,26.2500,25.5000,25.6600,547339,1341,14177782
VSWS,N,20260805,SIGIND,EQ,Signet Industries,58.5700,62.1500,57.8000,61.4000,160438,1262,9692283
VSWS,N,20260805,SIGMA,EQ,Sigma Solve,47.7000,48.0000,46.1200,47.4500,239575,1949,11355068
VSWS,N,20260805,SIGMAADV,BE,Sigma Advanced Syste,685.7000,721.0000,656.8000,704.5000,392220,5989,274465539
VSWS,N,20260805,SIGNATURE,EQ,Signatureglobal (Ind,827.9000,833.0000,811.0500,813.7000,198824,5044,163954950
VSWS,N,20260805,SIGNORIA,ST,Signoria Creation,160.0000,162.6000,160.0000,162.6000,17000,17,2755700
VSWS,N,20260805,SIGNPOST,EQ,Signpost India,272.8000,280.0000,266.6000,269.9000,155790,5245,42541430
VSWS,N,20260805,SIKA,EQ,Sika Interplant Sys,1110.0000,1129.5000,1102.1000,1105.5000,18309,1674,20282088
VSWS,N,20260805,SIKKO,EQ,Sikko Industries,5.4000,5.4500,5.3200,5.3800,995025,639,5358121
VSWS,N,20260805,SIL,EQ,Standard Industries,17.1500,17.1500,16.8000,16.9700,14212,169,240863
VSWS,N,20260805,SILGO,EQ,Silgo Retail,70.9900,71.5800,68.3000,68.9700,129300,838,9026575
VSWS,N,20260805,SILINV,EQ,SIL Investments,424.5500,429.8000,420.1000,428.3500,1265,71,539610
VSWS,N,20260805,SILKFLEX,ST,Silkflex Polymers (I,209.9000,209.9000,200.0000,200.0000,12000,12,2454450
VSWS,N,20260805,SILKY,SM,Silky Overseas,79.9500,79.9500,71.5000,73.0000,172800,14,12495960
VSWS,N,20260805,SILLYMONKS,EQ,Silly Monks Entertai,15.8900,17.2000,15.1600,16.3100,88577,424,1460764
VSWS,N,20260805,SILVER,EQ,Aditya Birla SunLife,219.0200,223.2200,219.0200,222.6700,1269488,10292,281244067
VSWS,N,20260805,SILVER1,EQ,Kotak Silver ETF,21.3100,21.7200,21.3100,21.6700,8800330,4864,189784639
VSWS,N,20260805,SILVER360,EQ,360 One Silver ETF,213.3900,219.6900,213.3900,218.8600,22755,490,4964240
VSWS,N,20260805,SILVERADD,EQ,DSP Silver ETF,212.9500,215.5700,212.1200,214.8800,467750,3741,100278343
VSWS,N,20260805,SILVERAG,EQ,Mirae Asset Silver E,213.0000,217.9000,213.0000,217.3400,289322,2569,62625183
VSWS,N,20260805,SILVERAXIS,EQ,Axis Silver ETF,218.4900,222.4500,218.4900,221.8000,428037,2650,94641383
VSWS,N,20260805,SILVERBEES,EQ,Nippon India Silver,210.1300,214.0800,210.0600,213.3900,41478791,89580,8821757206
VSWS,N,20260805,SILVERBETA,EQ,UTI Silver ETF,210.0100,216.0400,210.0100,215.4700,377411,4183,80940492
VSWS,N,20260805,SILVERBND,EQ,Bandhan Silver ETF,220.5800,224.3300,220.5800,224.0100,10935,176,2439857
VSWS,N,20260805,SILVERCASE,EQ,Zerodha Silver ETF,22.9600,22.9600,22.2600,22.6000,14559569,8204,327444657
VSWS,N,20260805,SILVERIETF,EQ,ICICI Prudential Sil,219.5000,226.5500,218.6600,222.6000,4727891,21838,1047869733
VSWS,N,20260805,SILVERTUC,EQ,Silver Touch Technol,195.5000,195.5100,188.5100,191.8600,481752,6512,92100388
VSWS,N,20260805,SIMBHALS,BZ,Simbhaoli Sugars,7.2200,7.2200,6.8000,7.0000,15046,126,104306
VSWS,N,20260805,SIMCA,SM,Simca Advertising,226.8000,232.5000,220.6500,229.8500,34800,50,7929690
VSWS,N,20260805,SIMPLEXINF,EQ,Simplex Infrastructu,233.1600,234.6200,231.0300,232.1600,10330,475,2405639
VSWS,N,20260805,SINCLAIR,EQ,Sinclairs Hotels,74.5400,75.4900,73.0500,74.7700,22966,453,1704529
VSWS,N,20260805,SINDHUTRAD,EQ,Sindhu Trade Links,24.4400,25.0000,23.0000,24.6400,993012,2108,24139931
VSWS,N,20260805,SINGERIND,EQ,Singer India,65.9900,68.1200,64.8100,65.8800,45982,915,3067090
VSWS,N,20260805,SINTERCOM,EQ,Sintercom India,84.0000,85.0000,82.1000,82.8500,64740,142,5391993
VSWS,N,20260805,SIRCA,EQ,Sirca Paints India,438.8500,447.4000,436.3000,443.3500,424454,5459,187973230
VSWS,N,20260805,SIS,EQ,SIS,430.0500,434.0000,425.4500,430.5500,91748,4842,39545802
VSWS,N,20260805,SITINET,BZ,Siti Networks,0.3100,0.3200,0.3100,0.3100,256610,182,80749
VSWS,N,20260805,SIYSIL,EQ,Siyaram Silk Mills,625.0000,636.9000,625.0000,628.0000,55413,2551,35002126
VSWS,N,20260805,SJLOGISTIC,SM,S J Logistics (India,325.8000,332.0000,320.0000,322.4500,34250,100,11128638
VSWS,N,20260805,SJS,EQ,SJS Enterprises,2429.8000,2543.1000,2425.1000,2510.3000,262138,25015,656926349
VSWS,N,20260805,SJVN,EQ,SJVN,69.6200,69.8800,68.5500,69.1100,1577078,12519,108991146
VSWS,N,20260805,SKFINDIA,EQ,SKF India,1494.0000,1544.0000,1494.0000,1509.9000,81562,5387,123740718
VSWS,N,20260805,SKFINDUS,EQ,SKF India (Industria,2767.1000,2802.0000,2692.2000,2728.9000,40641,7530,110900341
VSWS,N,20260805,SKIPPER,EQ,Skipper,549.0000,554.0000,541.0000,548.5000,406318,13768,222474287
VSWS,N,20260805,SKMEGGPROD,EQ,SKM Egg Products,241.8900,243.6800,229.5000,230.7400,745417,12262,174555942
VSWS,N,20260805,SKP,SM,SKP Bearing Industri,162.0500,162.6000,162.0000,162.6000,1500,3,243325
VSWS,N,20260805,SKYGOLD,EQ,Sky Gold & Diamonds,684.5500,691.9500,675.0500,678.6000,550331,15734,376092295
VSWS,N,20260805,SLONE,ST,Slone Infosystems,137.0000,137.0000,137.0000,137.0000,800,1,109600
VSWS,N,20260805,SMALL250,EQ,Mirae Asset Nifty Sm,18.6300,18.6300,18.3100,18.4000,607918,1172,11184334
VSWS,N,20260805,SMALLADD,EQ,Dsp Nifty Smallcap 2,18.2900,18.4700,18.2900,18.4600,37184,287,684715
VSWS,N,20260805,SMALLCAP,EQ,Mirae A N Scap 250 M,47.6400,48.1900,47.5700,48.0900,2530180,3784,121595665
VSWS,N,20260805,SMALLGROWW,EQ,Groww Nfty Scap 250,47.8300,48.5000,47.8300,48.3800,12269,87,590239
VSWS,N,20260805,SMALLIETF,EQ,ICICI Pru Nifty Scap,18.2400,18.4100,18.2400,18.3200,52237,120,958445
VSWS,N,20260805,SMARTEN,ST,Smarten Power System,52.0000,53.8500,51.5000,53.0000,33600,14,1775640
VSWS,N,20260805,SMARTLINK,BE,Smartlink Holdings,231.9800,231.9800,223.0000,230.5900,15628,189,3595931
VSWS,N,20260805,SMARTWORKS,EQ,Smartworks Coworking,475.4500,481.6000,468.0000,472.0000,37493,3951,17801763
VSWS,N,20260805,SMCGLOBAL,EQ,SMC Global Securitie,79.4600,81.8000,78.0000,79.8000,1232169,2999,97960792
VSWS,N,20260805,SML100CASE,EQ,Zerodha Nifty Smallc,11.1700,11.3900,9.0100,11.2200,2442090,1741,27321412
VSWS,N,20260805,SMLMAH,EQ,SML Mahindra,5410.0000,5967.5000,5410.0000,5917.5000,517639,45665,3030899679
VSWS,N,20260805,SMLT,EQ,Sarthak Metals,70.7800,71.4900,68.5200,70.0400,5310,199,372803
VSWS,N,20260805,SMSPHARMA,EQ,SMS Pharmaceuticals,367.0000,368.9000,360.5000,364.5500,141953,3273,51552442
VSWS,N,20260805,SNEHAA,SM,Snehaa Organics,46.9500,46.9500,45.0000,45.0000,9000,8,410300
VSWS,N,20260805,SNOWMAN,EQ,Snowman Logistics,40.7000,43.4000,38.8800,40.5700,3124951,17941,130406421
VSWS,N,20260805,SNXT30BEES,EQ,Nippon India BSE Sen,43.4700,44.1500,43.4000,43.6100,33319,88,1458961
VSWS,N,20260805,SNXT50BETA,EQ,UTI BSE Sen N 50,96.0000,96.9200,95.9500,96.2200,3249,99,313995
VSWS,N,20260805,SOBHA,EQ,Sobha,1366.4000,1390.0000,1350.0000,1361.0000,95666,8939,131535330
VSWS,N,20260805,SOCL,SM,Sundrex Oil Company,27.0000,27.0000,26.5000,26.5000,4800,3,128800
VSWS,N,20260805,SOFTTECH,BE,Softtech Engineers,425.0000,435.0000,416.0000,417.0500,1623,24,689935
VSWS,N,20260805,SOLARA,EQ,Solara Active Pharma,523.9500,523.9500,511.2000,514.6500,83612,2785,43014861
VSWS,N,20260805,SOLARINDS,EQ,Solar Industries,18800.0000,18910.0000,17816.0000,18400.0000,68056,17063,1264285497
VSWS,N,20260805,SOLARWORLD,EQ,Solarworld Energy So,171.2000,172.9000,167.0000,167.6600,500722,8524,84846204
VSWS,N,20260805,SOLEX,EQ,Solex Energy,941.5500,941.5500,920.0500,923.7500,11842,1181,10976020
VSWS,N,20260805,SOMANYCERA,EQ,Somany Ceramics,511.8000,512.0000,494.0000,500.3000,55179,4226,27581288
VSWS,N,20260805,SOMATEX,EQ,Soma Textiles,95.9000,98.1800,95.9000,97.1400,2962,109,287377
VSWS,N,20260805,SOMICONVEY,EQ,Somi Conveyor Beltin,92.3000,96.4800,92.3000,93.8800,13667,658,1290180
VSWS,N,20260805,SONACOMS,EQ,Sona BLW Precision F,790.0000,822.9000,785.0500,814.6000,3622373,65090,2937772053
VSWS,N,20260805,SONAL,EQ,Sonal Mercantile,88.0100,88.0100,87.9900,88.0000,113,11,9945
VSWS,N,20260805,SONAMAC,SM,Sona Machinery,36.1500,36.1500,36.0000,36.0000,4000,4,144150
VSWS,N,20260805,SONAMLTD,EQ,Sonam,55.2400,55.4900,54.2400,54.5700,8143,293,445921
VSWS,N,20260805,SONATSOFTW,EQ,Sonata Software,351.0000,359.5000,335.1000,337.5000,1907178,31950,660313042
VSWS,N,20260805,SONUINFRA,ST,Sonu Infratech,40.0000,42.0000,38.0000,42.0000,25500,14,995625
VSWS,N,20260805,SOTL,EQ,Savita Oil Technolog,652.0000,685.9000,640.0000,679.0000,862125,27244,579723976
VSWS,N,20260805,SOUTHBANK,EQ,South Indian Bank,47.1800,47.4000,46.8000,46.9200,4470613,19446,210468652
VSWS,N,20260805,SOUTHWEST,EQ,South West Pinnacle,236.0000,238.0600,233.0000,234.6800,97673,2921,22929741
VSWS,N,20260805,SPAL,EQ,S P Apparels,1041.0000,1059.8000,1022.9500,1052.2000,102305,9514,107298942
VSWS,N,20260805,SPANDANA,EQ,Spandana Sphoorty Fi,258.4000,262.0000,256.1500,260.5000,148193,3587,38410324
VSWS,N,20260805,SPARC,EQ,Sun Pharma Adv Resr,209.9500,220.8700,206.5000,218.3500,2190736,24754,469892042
VSWS,N,20260805,SPCENET,EQ,Spacenet Enterprises,3.5000,3.5300,3.4700,3.4900,235917,390,826329
VSWS,N,20260805,SPCL,SM,Shivalic Power Contr,64.9000,67.0500,64.9000,66.9000,15000,23,996330
VSWS,N,20260805,SPCON,SM,Srinibas Pradhan Con,131.8500,139.6500,128.0000,139.6500,8400,7,1116720
VSWS,N,20260805,SPECIALITY,EQ,Speciality Restauran,142.5500,144.6900,134.1600,142.0300,316963,3130,44015266
VSWS,N,20260805,SPECTRUM,EQ,Spectrum Electrical,2552.1000,2570.7000,2500.0000,2514.2000,11380,1988,28881056
VSWS,N,20260805,SPECTSTM,SM,Spectrum Talent Mana,60.1500,65.8500,60.1500,65.8500,38400,26,2382360
VSWS,N,20260805,SPENCERS,EQ,Spencer's Retail,33.1500,33.1500,32.0500,32.8400,47909,781,1559982
VSWS,N,20260805,SPIC,EQ,Southern Petrochem,68.1200,68.6800,67.3900,68.2900,205022,2150,13959010
VSWS,N,20260805,SPLIL,EQ,SPL Industries,31.3900,31.9900,30.5000,31.6000,10922,74,343296
VSWS,N,20260805,SPLPETRO,EQ,Supreme Petrochem,721.0000,722.1500,703.9500,706.0000,63184,4104,44912457
VSWS,N,20260805,SPMLINFRA,EQ,SPML Infra,195.4600,198.3300,194.2000,196.5900,118670,2208,23299907
VSWS,N,20260805,SPORTKING,EQ,Sportking India,220.7700,221.7500,206.8500,210.2400,936556,13453,197095125
VSWS,N,20260805,SPUNWEB,SM,Spunweb Nonwoven,100.0500,100.5000,100.0500,100.5000,2400,2,240660
VSWS,N,20260805,SRD,EQ,Shankar Lal Rampal D,39.9900,39.9900,37.9000,38.1600,34759,260,1336512
VSWS,N,20260805,SREEL,EQ,Sreeleathers,213.0000,218.8900,213.0000,214.7800,4877,284,1047613
VSWS,N,20260805,SRF,EQ,S R F,2646.3000,2649.0000,2618.0000,2639.7000,241199,21720,634394764
VSWS,N,20260805,SRGHFL,EQ,SRG Housing Finance,292.1500,299.8000,285.1000,290.0000,10386,209,3032156
VSWS,N,20260805,SRHHYPOLTD,EQ,Sree Rayalaseema Hi-,489.8000,495.2000,485.6000,488.1500,3157,281,1545988
VSWS,N,20260805,SRIVASAVI,ST,Srivasavi Adhesive T,83.8500,85.6000,83.8500,84.0500,4000,4,337400
VSWS,N,20260805,SRM,EQ,SRM Contractors,517.8000,517.8000,508.0000,510.5500,73020,1804,37485482
VSWS,N,20260805,SRTL,EQ,Shree Ram Twistex,40.8900,40.8900,40.1000,40.3300,16991,299,685774
VSWS,N,20260805,SSDL,EQ,Saraswati Saree Depo,53.6500,55.0400,53.6500,54.3800,11706,779,636341
VSWS,N,20260805,SSEGL,SM,Sathlokhar Synergys,358.0000,358.0000,348.0500,355.6000,15600,62,5525620
VSWS,N,20260805,SSFL,ST,Srivari Spices & Foo,252.4500,259.5000,246.0000,253.0500,13000,18,3299875
VSWS,N,20260805,SSWL,EQ,Steel Strips Wheels,317.8500,322.0000,314.5500,319.9500,716663,10671,229025527
VSWS,N,20260805,STALLION,EQ,Stallion India Fluor,271.2000,274.1000,263.3000,267.9500,1776246,19905,476270791
VSWS,N,20260805,STANLEY,EQ,Stanley Lifestyles,157.3300,157.6600,154.0000,154.3800,45181,1828,6997310
VSWS,N,20260805,STAR,EQ,Strides Pharma Scien,994.5000,994.5000,963.0000,970.4000,374889,21299,365570097
VSWS,N,20260805,STARCEMENT,EQ,Star Cement,203.5000,204.9000,203.5000,204.5500,83402,1440,17039729
VSWS,N,20260805,STARHEALTH,EQ,Star Health & Allied,587.7000,597.3500,583.1000,588.1000,453915,35862,267429273
VSWS,N,20260805,STARPAPER,EQ,Star Paper Mills,151.1700,152.5800,150.0000,150.8100,11099,151,1675449
VSWS,N,20260805,STARTECK,EQ,Starteck Finance,263.7500,263.7500,254.0000,256.3500,3696,75,964102
VSWS,N,20260805,STCINDIA,EQ,State Trading Corp,120.3000,121.0000,119.1200,119.5700,25106,509,3011971
VSWS,N,20260805,STEELCAS,EQ,Steelcast,345.2000,345.5000,328.1000,337.0000,140868,7325,47649523
VSWS,N,20260805,STEELCITY,EQ,Steel City Securitie,86.5200,87.8000,83.1500,84.4400,61380,641,5241907
VSWS,N,20260805,STEELXIND,EQ,Steel Exchange India,11.2600,11.6600,11.2500,11.5200,1795898,2634,20598640
VSWS,N,20260805,STEL,EQ,STEL Holdings,563.4500,566.9500,555.3000,559.0500,508,101,286520
VSWS,N,20260805,STERTOOLS,BE,Sterling Tools,252.9000,264.0000,249.0000,251.9000,121875,1058,31566788
VSWS,N,20260805,STLNETWORK,BE,STL Networks,24.4000,24.5700,24.0300,24.1400,386003,849,9375281
VSWS,N,20260805,STLTECH,BE,Sterlite Technologie,618.6000,634.6500,610.0000,634.6500,1534737,11386,970092080
VSWS,N,20260805,STOVEKRAFT,EQ,Stove Kraft,763.5000,786.0000,750.5500,756.0000,220402,8742,169572615
VSWS,N,20260805,STRIDERS,SM,Striders Impex,62.7000,64.9500,62.0000,62.0000,27200,9,1714400
VSWS,N,20260805,STUDDS,EQ,Studds Accessories,451.9500,451.9500,438.5000,439.5000,51459,1964,22711401
VSWS,N,20260805,STUDIOLSD,SM,Studio LSD,8.1000,8.9500,8.1000,8.6500,122000,48,1014200
VSWS,N,20260805,STYL,EQ,Seshaasai Technologi,360.5500,368.9500,358.8000,363.8000,70827,2628,25744100
VSWS,N,20260805,STYLAMIND,EQ,Stylam Industries,3545.4000,3551.9000,3430.0000,3465.9000,27805,6699,97452322
VSWS,N,20260805,STYLEBAAZA,BE,Baazar Style Retail,277.3000,291.1500,277.3000,291.1000,358034,1744,103855614
VSWS,N,20260805,STYRENIX,EQ,Styrenix Performance,2521.6000,2540.0000,2472.0000,2478.3000,118600,9558,297228384
VSWS,N,20260805,SUBAHOTELS,SM,Suba Hotels,107.1500,123.5000,107.1500,119.0000,124800,89,14657700
VSWS,N,20260805,SUBEXLTD,BE,Subex,14.0800,14.1600,13.5000,13.7700,4872623,4545,68325619
VSWS,N,20260805,SUBROS,EQ,Subros,835.0000,844.1500,822.8000,829.5000,73290,4403,61255041
VSWS,N,20260805,SUDARCOLOR,EQ,Sudarshan Colorants,378.0000,390.0000,375.0000,381.4000,18588,1511,7106335
VSWS,N,20260805,SUDARSCHEM,EQ,Sudarshan Chemicals,1052.0000,1090.5000,1052.0000,1084.5000,271539,13742,291846861
VSWS,N,20260805,SUDEEPPHRM,EQ,Sudeep Pharma,818.4000,958.9500,801.4000,958.9500,1667917,61765,1494154519
VSWS,N,20260805,SUKHJITS,EQ,Sukhjit Starch & Che,165.3100,166.9900,162.3100,163.6900,7117,219,1172012
VSWS,N,20260805,SULA,EQ,Sula Vineyards,164.2000,174.5000,163.5700,170.7600,1357599,15263,231121576
VSWS,N,20260805,SUMEETINDS,EQ,Sumeet Industries,19.1300,19.1300,19.1300,19.1300,133592,376,2555615
VSWS,N,20260805,SUMICHEM,EQ,Sumitomo Chemical I,518.0000,518.0000,505.5500,507.5500,207102,8291,106065283
VSWS,N,20260805,SUMIT,EQ,Sumit Woods,56.3000,57.5000,55.9600,56.5900,58528,588,3313729
VSWS,N,20260805,SUMMITSEC,EQ,Summit Securities,1559.8000,1581.1000,1515.1000,1531.1000,10109,946,15474916
VSWS,N,20260805,SUNCLAY,EQ,Sundaram Clayton,1254.5000,1300.0000,1254.1000,1272.0000,4605,726,5865201
VSWS,N,20260805,SUNDARAM,EQ,Sundaram Multi Pap,1.2500,1.2700,1.2400,1.2500,474560,231,597190
VSWS,N,20260805,SUNDARMFIN,EQ,Sundaram Finance,4818.9000,4835.0000,4600.0000,4736.0000,42017,8852,199736424
VSWS,N,20260805,SUNDRMBRAK,BE,Sundaram Brake Linin,775.0000,794.5000,775.0000,778.0000,560,42,436542
VSWS,N,20260805,SUNDRMFAST,EQ,Sundaram Fasteners,1039.0000,1048.9000,1014.4000,1030.4500,540321,29803,554567855
VSWS,N,20260805,SUNDROP,EQ,Sundrop Brands,666.8000,670.0000,661.4500,665.5000,9673,430,6426969
VSWS,N,20260805,SUNFLAG,EQ,Sunflag Iron & Steel,370.5000,377.4500,364.9000,375.3000,380764,7231,141275474
VSWS,N,20260805,SUNLITE,SM,Sunlite Recycling In,494.0000,507.0000,488.0000,490.9000,22500,71,11120265
VSWS,N,20260805,SUNPHARMA,EQ,Sun Pharmaceutical,1967.8000,1968.2000,1934.0000,1940.0000,2152829,108744,4179279125
VSWS,N,20260805,SUNREST,SM,Sunrest Lifescience,35.0500,40.0000,35.0500,40.0000,6400,4,245680
VSWS,N,20260805,SUNTECH,ST,Suntech Infra Soluti,33.5000,34.2000,33.5000,34.2000,8000,4,271760
VSWS,N,20260805,SUNTECK,EQ,Sunteck Realty,305.8500,306.7000,300.5500,302.4500,177205,4387,53714570
VSWS,N,20260805,SUNTV,EQ,Sun TV Network,505.7500,508.4500,491.6500,493.3500,278151,19611,138658484
VSWS,N,20260805,SUPERHOUSE,EQ,Superhouse,160.5600,162.2300,155.8200,157.1400,2084,138,330711
VSWS,N,20260805,SUPERSPIN,BE,Super Spinning Mills,6.3600,6.3600,6.3600,6.3600,17175,31,109233
VSWS,N,20260805,SUPRAJIT,EQ,Suprajit Engineering,506.7000,525.0000,502.8000,524.1000,191033,9678,99034757
VSWS,N,20260805,SUPREME,EQ,Supreme Holdings & H,46.8300,46.8300,45.2000,45.9100,22193,275,1014398
VSWS,N,20260805,SUPREMEENG,BZ,Supreme Engineering,2.2100,2.2100,2.2100,2.2100,97125,79,214646
VSWS,N,20260805,SUPREMEIND,EQ,Supreme Industries,3512.9000,3524.0000,3460.5000,3460.6000,137058,16025,477232495
VSWS,N,20260805,SUPREMEINF,EQ,Supreme Infrastructu,92.0000,99.4600,89.7400,94.3900,1364000,13514,130318333
VSWS,N,20260805,SUPREMEPWR,SM,Supreme Power Equipm,210.0000,212.0000,208.2000,209.2500,28500,54,5977475
VSWS,N,20260805,SUPRIYA,EQ,Supriya Lifescience,891.9500,923.9000,876.4500,913.6000,279750,12726,251332682
VSWS,N,20260805,SURAJEST,EQ,Suraj Estate Develop,202.1500,207.0000,201.1100,205.3600,128008,1121,26215935
VSWS,N,20260805,SURAJLTD,EQ,Suraj,220.0000,220.0000,215.4500,217.2600,126,17,27343
VSWS,N,20260805,SURAKSHA,EQ,Suraksha Diagnostic,254.8000,259.9000,251.0000,252.3000,21712,1160,5498693
VSWS,N,20260805,SURANASOL,EQ,Surana Solar,25.9500,26.4800,25.8600,26.2200,40179,421,1050162
VSWS,N,20260805,SURANAT&P,EQ,Surana Tele & Power,18.1100,18.3900,17.9000,18.0100,62510,402,1132225
VSWS,N,20260805,SURANI,SM,Surani Steel Tubes,99.0000,99.0000,97.0000,97.0000,1400,2,137000
VSWS,N,20260805,SURYALA,EQ,Suryalata Spinning,410.0000,415.0000,405.2500,406.7000,320,22,130968
VSWS,N,20260805,SURYALAXMI,EQ,Suryalakshmi Cotton,60.8000,61.7000,56.5500,59.3200,13420,138,797791
VSWS,N,20260805,SURYAROSNI,EQ,Surya Roshni,239.9900,251.0000,239.9900,246.6800,1918006,35200,473331663
VSWS,N,20260805,SURYODAY,EQ,Suryoday Small Fin,164.0500,164.9000,161.8100,162.6800,755461,8202,123105690
VSWS,N,20260805,SUTLEJTEX,BE,Sutlej Textiles and,39.3900,39.6000,38.0000,38.9800,35692,184,1375718
VSWS,N,20260805,SUVEN,EQ,Suven Life Sciences,311.4500,329.9500,308.1500,326.5500,917830,19671,294151747
VSWS,N,20260805,SUVIDHAA,EQ,Suvidhaa Infoserve,2.6200,2.6200,2.4800,2.5200,93357,204,239754
VSWS,N,20260805,SUYOG,EQ,Suyog Telematics,852.5500,866.4500,835.0000,839.5000,27057,1336,23023822
VSWS,N,20260805,SUZLON,EQ,Suzlon Energy,48.5000,48.8400,47.9000,48.1500,39589104,73084,1913130890
VSWS,N,20260805,SVLL,BE,Shree Vasu Logistics,766.0000,766.0000,736.1000,764.1000,1728,20,1304688
VSWS,N,20260805,SVPGLOB,BE,SVP Global Textiles,3.9500,3.9500,3.7800,3.8800,2846,34,10951
VSWS,N,20260805,SWANCORP,EQ,Swan Corp,315.0000,316.6500,309.6000,310.6000,704335,7841,219829713
VSWS,N,20260805,SWANDEF,BE,Swan Defence And Hea,2485.0000,2580.0000,2485.0000,2551.5000,26179,1114,66714143
VSWS,N,20260805,SWARAJ,SM,Swaraj Suiting,359.2500,366.9000,358.0500,365.1500,162000,153,58667975
VSWS,N,20260805,SWARAJENG,EQ,Swaraj Engines,3609.3000,3623.4000,3582.8000,3608.9000,6618,1525,23813270
VSWS,N,20260805,SWASTIK,ST,Swastik Pipe,19.9500,19.9500,19.9500,19.9500,14400,6,287280
VSWS,N,20260805,SWELECTES,EQ,Swelect Energy Syste,620.7500,647.9000,620.1500,632.0500,17013,893,10708623
VSWS,N,20260805,SWIGGY,EQ,Swiggy,293.0000,293.4500,286.6000,289.9000,9072593,49917,2636201114
VSWS,N,20260805,SWSOLAR,EQ,Sterling & Wilson Re,207.1000,211.0300,207.1000,209.4000,726379,8664,152108069
VSWS,N,20260805,SYLVANPLY,SM,Sylvan Plyboard (I),50.9000,50.9000,49.4000,49.8000,12000,4,605600
VSWS,N,20260805,SYMPHONY,EQ,Symphony,680.0000,680.0000,640.0000,644.7500,307163,15063,201437345
VSWS,N,20260805,SYNCOMF,EQ,Syncom Formulations,13.3300,13.5500,13.3000,13.3300,1188403,3044,15907990
VSWS,N,20260805,SYNGENE,EQ,Syngene Internationa,412.0000,413.9000,406.2000,406.9500,541762,22348,221997211
VSWS,N,20260805,SYRMA,EQ,Syrma SGS Technology,1429.6000,1453.0000,1419.0000,1434.1000,1243415,43990,1790310069
VSWS,N,20260805,SYSTANGO,SM,Systango Technologie,215.3000,217.8500,214.0000,215.0000,14400,30,3108180
VSWS,N,20260805,SYSTMTXC,BE,Systematix Corporate,61.4900,61.4900,59.0000,59.7500,14012,116,837744
VSWS,N,20260805,TAALTECH,EQ,TAAL Tech,3987.0000,4035.0000,3954.3000,3998.8000,4600,388,18403141
VSWS,N,20260805,TAC,SM,TAC Infosec,511.0000,523.0000,510.0500,521.3500,36400,151,18914490
VSWS,N,20260805,TAINWALCHM,EQ,Tainwala Chemical,210.0000,225.0000,205.0000,220.5800,13458,334,2929222
VSWS,N,20260805,TAJGVK,EQ,Taj GVK Hotels & Res,371.5000,374.0000,363.6000,364.7000,88940,3183,32826550
VSWS,N,20260805,TAKE,EQ,Take,22.9600,22.9700,21.9100,22.2100,1262982,1299,28110138
VSWS,N,20260805,TALBROAUTO,EQ,Talbros Automotive,416.0000,442.0000,416.0000,438.3000,529904,17188,229760666
VSWS,N,20260805,TAMBOLIIN,BE,Tamboli Industries,214.0000,216.0000,208.0000,208.4200,31530,62,6596353
VSWS,N,20260805,TANKUP,ST,Tankup Engineers,1175.0000,1190.0000,1175.0000,1182.5000,500,2,591250
VSWS,N,20260805,TANLA,EQ,Tanla Platforms,616.9500,628.0000,610.2500,614.0000,926391,24193,574594505
VSWS,N,20260805,TARACHAND,EQ,Tara Chand Infralogi,60.0000,60.0000,58.0500,58.7700,97451,2193,5769353
VSWS,N,20260805,TARAPUR,EQ,Tarapur Transformers,14.2500,14.7900,14.2500,14.2500,94735,360,1352278
VSWS,N,20260805,TARC,EQ,TARC,133.5000,136.8900,133.3000,136.0700,334007,3062,45228588
VSWS,N,20260805,TARIL,EQ,Transformers & Recti,297.0000,299.0000,294.0000,294.7000,701186,11832,207505577
VSWS,N,20260805,TARMAT,EQ,Tarmat,50.3900,51.2900,48.4000,49.6600,15615,109,776423
VSWS,N,20260805,TARSONS,EQ,Tarsons Products,329.9500,333.4500,325.3500,328.0500,100508,3490,33024901
VSWS,N,20260805,TASTYBITE,EQ,Tasty Bite Eatables,9550.0000,9550.0000,9252.0000,9293.5000,1016,414,9526187
VSWS,N,20260805,TATACAP,EQ,Tata Capital,362.0000,375.2000,360.2500,371.9000,3016159,50017,1116500542
VSWS,N,20260805,TATACHEM,EQ,Tata Chemicals,671.4500,674.6000,664.0000,666.1500,275629,10620,184414722
VSWS,N,20260805,TATACOMM,EQ,Tata Communications,1783.1000,1783.1000,1725.0000,1747.8000,474605,41090,828714164
VSWS,N,20260805,TATACONSUM,EQ,Tata Consumer Produc,1086.3000,1096.3000,1082.9000,1096.3000,1294174,59200,1407966630
VSWS,N,20260805,TATAELXSI,EQ,Tata Elxsi,3757.6000,3788.7000,3738.0000,3749.8000,156904,16967,589864033
VSWS,N,20260805,TATAGOLD,EQ,Tata Gold ETF,13.8500,14.0800,13.8500,14.0300,51475427,64402,720897714
VSWS,N,20260805,TATAINVEST,EQ,Tata Investment Corp,687.0000,687.0000,669.0000,670.5000,211313,10752,142680878
VSWS,N,20260805,TATAPOWER,EQ,Tata Power,381.9000,383.2500,378.6500,383.0000,1675427,28952,638215583
VSWS,N,20260805,TATASTEEL,EQ,Tata Steel,192.2500,192.9900,189.8400,192.9900,22780522,134964,4360683024
VSWS,N,20260805,TATATECH,EQ,Tata Technologies,765.0000,765.9000,750.0000,754.0000,334827,16291,253449428
VSWS,N,20260805,TATSILV,EQ,Tata Silver ETF,21.3000,21.7600,21.3000,21.6800,70755302,54548,1528844736
VSWS,N,20260805,TATVA,EQ,Tatva Chintan Pharma,1766.0000,1820.0000,1710.1000,1720.8000,86649,8353,152385254
VSWS,N,20260805,TAURIAN,SM,Taurian MPS,411.0000,419.9500,397.1000,406.6000,40800,49,16627760
VSWS,N,20260805,TBI,SM,TBI Corn,63.0000,64.0000,62.1500,62.1500,10800,12,685020
VSWS,N,20260805,TBOTEK,EQ,TBO Tek,1599.0000,1685.0000,1594.0000,1667.5000,782603,32965,1292733155
VSWS,N,20260805,TBZ,EQ,Tribhovandas Bhimji,276.0000,278.7500,266.5500,272.1000,1116952,17628,303791186
VSWS,N,20260805,TCC,EQ,TCC Concept,295.2500,300.8500,284.9000,285.7000,34117,1162,9899127
VSWS,N,20260805,TCI,EQ,Transport Corp,921.3500,932.4000,910.0000,928.0000,29895,4546,27560686
VSWS,N,20260805,TCIEXP,EQ,TCI Express,557.3500,590.0000,557.1000,575.1500,135752,7164,78746547
VSWS,N,20260805,TCIFINANCE,BE,TCI Finance,15.7000,15.7000,15.0000,15.1900,16635,83,253318
VSWS,N,20260805,TCL,SM,Thaai Casting,122.0000,128.0000,118.0000,119.4500,21600,27,2621560
VSWS,N,20260805,TCPLPACK,EQ,TCPL Packaging,3214.2000,3245.8000,3155.0000,3164.5000,2679,453,8551414
VSWS,N,20260805,TCS,EQ,Tata Consultancy Ser,2460.0000,2460.9000,2408.0000,2413.0000,3014409,115103,7309109003
VSWS,N,20260805,TDPOWERSYS,EQ,TD Power Systems,1142.0000,1207.0000,1131.2000,1201.9000,1950548,75404,2300806642
VSWS,N,20260805,TEAMGTY,EQ,Team India Guaranty,220.1800,225.9900,220.0000,225.2000,341,17,75391
VSWS,N,20260805,TEAMLEASE,EQ,TeamLease Services,1260.1000,1265.3000,1244.1000,1251.6000,35160,5816,44106500
VSWS,N,20260805,TEAMTECH,ST,Teamtech Formwork So,118.0000,120.0000,116.0000,120.0000,8000,4,940000
VSWS,N,20260805,TECH,EQ,Aditya Birla SLN IT,34.1200,34.6700,34.0100,34.1000,40746,183,1402538
VSWS,N,20260805,TECHD,ST,TechD Cybersecurity,604.4000,604.4000,576.6000,592.9500,11700,37,6907185
VSWS,N,20260805,TECHERA,SM,TechEra Engineering,157.9500,165.8000,157.9500,165.8000,229600,172,37838560
VSWS,N,20260805,TECHLABS,ST,Trident Techlabs,121.2500,124.0000,118.0500,122.7000,11750,51,1417094
VSWS,N,20260805,TECHM,EQ,Tech Mahindra,1663.0000,1664.8000,1639.0000,1650.0000,2127405,96398,3516982212
VSWS,N,20260805,TECHNOE,EQ,Techno Elect & Eng,988.0000,1019.6500,985.1000,1004.6000,167494,12668,167906402
VSWS,N,20260805,TECHNVISN,EQ,TechVision Ventures,4349.9000,4848.6000,4219.5000,4825.7000,1494,300,6879535
VSWS,N,20260805,TECILCHEM,EQ,TECIL Chem & Hydro,10.8000,10.8000,9.7800,9.8500,32820,170,333029
VSWS,N,20260805,TEGA,EQ,Tega Industries,1594.0000,1594.0000,1564.1000,1580.6000,70487,8921,111051366
VSWS,N,20260805,TEJA,SM,Teja Engineering Ind,660.0000,660.0000,645.0000,659.8000,27000,35,17766630
VSWS,N,20260805,TEJASCARGO,SM,Tejas Cargo India,343.0000,349.1000,343.0000,349.1000,1600,4,556120
VSWS,N,20260805,TEJASNET,EQ,Tejas Networks,536.4000,543.3000,525.0000,527.6000,1155321,25241,616625586
VSWS,N,20260805,TEMBO,EQ,Tembo Global Industr,59.7000,68.8500,58.9500,65.9000,17112668,42378,1139358725
VSWS,N,20260805,TENNIND,EQ,Tenneco Clean Air In,554.4000,584.9000,547.8000,580.7000,2220367,78607,1269749198
VSWS,N,20260805,TERASOFT,EQ,Tera Software,420.0000,428.9500,406.8500,428.9500,30006,751,12612032
VSWS,N,20260805,TEXINFRA,EQ,Texmaco Infra & Hold,114.0000,114.8900,108.0000,112.9400,310666,2801,34495611
VSWS,N,20260805,TEXMOPIPES,EQ,Texmo Pipes and Prod,43.4400,43.4400,42.6000,42.9500,16169,160,697526
VSWS,N,20260805,TEXRAIL,EQ,Texmaco Rail & Engin,109.8400,110.3700,106.9500,107.4500,1705797,10783,184206332
VSWS,N,20260805,TFCILTD,EQ,Tourism Finance Corp,110.4000,111.7000,109.6400,110.7700,14106926,20037,1564326773
VSWS,N,20260805,TFL,EQ,Transwarranty Financ,11.5700,11.5700,11.3100,11.4800,2420,27,27678
VSWS,N,20260805,TGBHOTELS,EQ,TGB Banquets & Hotel,9.1500,9.9600,9.1500,9.5100,35420,149,338125
VSWS,N,20260805,TGL,ST,Teerth Gopicon,19.7000,19.8000,18.0500,19.5000,18400,61,349520
VSWS,N,20260805,THACKER,BE,Thacker & Company,1096.8000,1097.0000,1096.8000,1096.8000,10,6,10968
VSWS,N,20260805,THAKDEV,EQ,Thakkars Developers,140.0000,140.0000,135.0000,135.0000,84,19,11373
VSWS,N,20260805,THANGAMAYL,EQ,Thangamayil Jeweller,4800.0000,4953.0000,4611.0000,4953.0000,555434,52454,2680428126
VSWS,N,20260805,THEINVEST,EQ,Investment Trust Of,101.8300,104.0000,100.2200,101.7900,22037,217,2256301
VSWS,N,20260805,THEJO,EQ,Thejo Engineering,2084.1000,2180.0000,2080.0000,2100.2000,8039,1252,17134867
VSWS,N,20260805,THELEELA,EQ,Leela Palaces Hotels,502.1000,507.0000,497.0500,502.2500,834987,21649,419663352
VSWS,N,20260805,THEMISMED,EQ,Themis Medicare,114.9900,117.0000,112.7500,116.0600,72875,1357,8418062
VSWS,N,20260805,THERMAX,EQ,Thermax,4010.1000,4106.9000,4010.1000,4064.9000,286536,35351,1167271232
VSWS,N,20260805,THESL,ST,Thinking Hats Ent So,19.9500,19.9500,19.9500,19.9500,3000,1,59850
VSWS,N,20260805,THOMASCOOK,EQ,Thomas Cook,106.0100,107.8900,102.2500,104.5200,771944,6021,81757806
VSWS,N,20260805,THOMASCOTT,EQ,Thomas Scott (India),307.9000,312.6000,300.1000,302.4000,18328,745,5552227
VSWS,N,20260805,THYROCARE,EQ,Thyrocare Technologi,608.8000,612.7000,598.6500,600.0000,589343,15059,357082106
VSWS,N,20260805,TI,EQ,Tilaknagar Ind,492.1000,511.1000,490.0000,500.9500,1873766,38415,939411254
VSWS,N,20260805,TICL,BE,Twamev Construction,9.8800,9.8800,9.4000,9.7700,69392,107,673566
VSWS,N,20260805,TIGERLOGS,BE,Tiger Logistics (I),27.1000,27.4000,25.9000,25.9900,201931,692,5368887
VSWS,N,20260805,TIIL,EQ,Technocraft Industri,2645.0000,2711.8000,2610.0000,2628.2000,10603,1871,28327858
VSWS,N,20260805,TIINDIA,EQ,Tube Investments of,2772.0000,2830.9000,2755.1000,2787.9000,341881,37725,953438783
VSWS,N,20260805,TIJARIA,EQ,Tijaria Polypipes,4.9800,4.9800,4.7900,4.7900,220855,211,1078256
VSWS,N,20260805,TIL,EQ,T I L,261.0000,266.8000,254.3500,260.0000,618173,9175,162461812
VSWS,N,20260805,TIMESCAN,SM,Timescan Logistics (,41.1000,41.1000,41.1000,41.1000,2000,1,82200
VSWS,N,20260805,TIMETECHNO,EQ,Time Technoplast,208.9000,210.6000,203.0100,207.2600,2750660,34778,570504953
VSWS,N,20260805,TIMEX,EQ,Timex Group India,559.8000,564.8000,547.8500,553.3500,180446,11660,100228958
VSWS,N,20260805,TIMKEN,EQ,Timken India,3202.6000,3333.3000,3120.0000,3309.4000,105147,16476,343506895
VSWS,N,20260805,TINNARUBR,EQ,Tinna Rubber & Infra,1140.9000,1168.0000,1104.0000,1127.8000,81071,7500,92692016
VSWS,N,20260805,TIPSFILMS,EQ,Tips Films,379.0000,399.0000,374.1000,380.3500,16831,647,6411646
VSWS,N,20260805,TIPSMUSIC,EQ,Tips Music,675.0000,694.4500,660.0500,672.5000,569575,28321,385676134
VSWS,N,20260805,TIRUMALCHM,EQ,Thirumalai Chemicals,181.4900,181.4900,168.1500,170.0200,1598713,19426,275887706
VSWS,N,20260805,TIRUPATI,SM,Shree Tirupati Balaj,340.9500,340.9500,340.9500,340.9500,125,1,42619
VSWS,N,20260805,TIRUPATIFL,BE,Tirupati Forge,72.8500,73.2100,70.0000,70.5000,308690,1121,21931788
VSWS,N,20260805,TITAGARH,EQ,Titagarh Rail System,853.2500,860.0000,850.0000,852.9500,244599,15453,208988122
VSWS,N,20260805,TITAN,EQ,Titan Company,4910.2000,4920.6000,4882.3000,4912.4000,546332,45586,2680906334
VSWS,N,20260805,TMB,EQ,Tamilnad Mercantile,861.5500,865.9500,853.0500,854.6500,149674,11700,128475118
VSWS,N,20260805,TMCV,EQ,Tata Motors,452.0000,462.5000,442.0000,450.2000,10891331,131984,4971199805
VSWS,N,20260805,TMPV,EQ,Tata Motors Passenge,349.0000,353.2000,346.4000,349.8000,7110154,72068,2488691336
VSWS,N,20260805,TNIDETF,EQ,Tata Nifty India Dig,90.7200,90.7600,89.0500,89.7200,65406,588,5892055
VSWS,N,20260805,TNPETRO,EQ,Tamilnadu Petropro,96.5800,98.5800,96.0000,97.9300,94869,2179,9254122
VSWS,N,20260805,TNPL,EQ,Tamil Nadu Newsprint,154.9300,156.0000,153.0500,153.4900,79666,2206,12295444
VSWS,N,20260805,TNTELE,EQ,Tamilnadu Telecomm,8.9700,9.1500,8.8900,8.9000,23461,76,210027
VSWS,N,20260805,TOKYOPLAST,BE,Tokyo Plast Inter,79.8000,79.9900,78.1000,79.3800,642,13,51031
VSWS,N,20260805,TOLINS,EQ,Tolins Tyres,103.8000,105.1900,103.2000,103.5500,42922,666,4468097
VSWS,N,20260805,TOP100CASE,EQ,Zerodha Nifty 100 ET,10.9500,10.9500,10.6500,10.8000,516474,1143,5579763
VSWS,N,20260805,TOP10ADD,EQ,DSP Nifty Top 10 Equ,90.3700,90.3700,89.1000,89.4500,368865,635,32958243
VSWS,N,20260805,TOP15IETF,EQ,ICICI Prudential Nif,10.1300,10.1900,10.1000,10.1100,153179,223,1556032
VSWS,N,20260805,TOP20,EQ,Mirae Asset Nifty To,9.1400,9.1600,9.0900,9.1200,93080,126,849460
VSWS,N,20260805,TORNTPHARM,EQ,Torrent Pharma,5068.5000,5068.5000,4946.5000,5000.0000,509606,33418,2542574676
VSWS,N,20260805,TORNTPOWER,EQ,Torrent Power,1346.7000,1355.2000,1315.0000,1323.5000,278738,23155,370976097
VSWS,N,20260805,TOTAL,EQ,Total Transport Syst,64.7800,65.3100,60.6000,62.9200,136585,1035,8561080
VSWS,N,20260805,TOUCHWOOD,EQ,Touchwood Entertainm,66.9900,67.4300,61.8000,65.8900,5788,153,377448
VSWS,N,20260805,TPHQ,EQ,Teamo Productions HQ,0.4200,0.4300,0.4100,0.4200,1307551,304,547301
VSWS,N,20260805,TPLPLASTEH,EQ,TPL Plastech,81.0000,81.2400,78.0000,78.2500,142963,1832,11357734
VSWS,N,20260805,TRACXN,EQ,Tracxn Technologies,30.7500,31.5000,30.2200,30.6200,128705,902,3966870
VSWS,N,20260805,TRANSPEK,EQ,Transpek Industry,1371.3000,1400.0000,1343.0000,1359.4000,6743,684,9201889
VSWS,N,20260805,TRANSRAILL,EQ,Transrail Lighting,500.0000,504.5000,498.0500,499.4500,225852,7914,113095977
VSWS,N,20260805,TRANSTEEL,SM,Transteel Seating Te,112.4500,119.3000,112.4500,114.5000,215000,121,24774450
VSWS,N,20260805,TRANSWORLD,BE,Transworld Shipping,161.0000,161.0000,154.0000,157.6800,6337,110,991505
VSWS,N,20260805,TRAVELFOOD,EQ,Travel Food Services,1367.3000,1377.0000,1321.2000,1348.0000,23630,3641,32143549
VSWS,N,20260805,TREEHOUSE,EQ,Tree House Education,6.4100,6.4100,6.2200,6.3400,8328,57,52643
VSWS,N,20260805,TREJHARA,EQ,Trejhara Solutions,142.4900,150.7900,142.4900,150.7900,212599,991,31777491
VSWS,N,20260805,TREL,EQ,Transindia Real Est,24.4800,24.6800,23.9300,24.0900,97994,733,2374920
VSWS,N,20260805,TRENT,EQ,Trent,3107.3000,3140.3000,3080.1000,3129.0000,785852,44588,2445446924
VSWS,N,20260805,TRF,EQ,T R F,228.4400,230.6100,227.5100,229.3800,12925,499,2965955
VSWS,N,20260805,TRIDENT,EQ,Trident,25.0500,25.1700,24.8500,24.9100,3288861,11252,82246648
VSWS,N,20260805,TRIGYN,EQ,Trigyn Technologies,54.9800,55.3000,53.5000,54.7000,55049,1717,2986369
VSWS,N,20260805,TRITURBINE,EQ,Triveni Turbine,624.8000,630.7000,619.2000,623.4500,336215,18949,210188073
VSWS,N,20260805,TRIVENI,EQ,Triveni Engineering,255.0000,255.0000,233.5900,235.3000,1469564,11956,357301112
VSWS,N,20260805,TROM,ST,Trom Industries,64.0000,65.9000,60.2500,60.2500,1800,3,114090
VSWS,N,20260805,TRU,EQ,TruCap Finance,4.8300,4.8300,4.5500,4.6400,95882,328,446736
VSWS,N,20260805,TRUALT,EQ,TruAlt Bioenergy,438.0000,468.0500,428.3500,461.5500,735504,17302,336410515
VSWS,N,20260805,TRUST,SM,Trust Fintech,29.7000,31.0000,28.0000,29.0000,9600,15,282060
VSWS,N,20260805,TSC,SM,TSC India,56.3000,57.1000,51.1000,51.1000,176000,45,9917400
VSWS,N,20260805,TSFINV,EQ,TSF Investments,471.5000,471.5000,444.6000,454.1000,106164,6508,48233976
VSWS,N,20260805,TTKHLTCARE,EQ,TTK Healthcare,1044.0000,1051.2000,1030.2000,1045.9000,7739,891,8050167
VSWS,N,20260805,TTKPRESTIG,EQ,TTK Prestige,630.1000,637.2000,617.1500,628.2500,209287,10186,131229604
VSWS,N,20260805,TTL,EQ,T T,6.3800,6.5000,6.2000,6.2700,59365,149,374977
VSWS,N,20260805,TTML,EQ,Tata Teleservices M,39.9300,40.2000,39.7900,39.8500,876701,4678,35038682
VSWS,N,20260805,TUNWAL,SM,Tunwal E-Motors,26.0500,26.2000,26.0000,26.1000,28000,14,731300
VSWS,N,20260805,TURTLEMINT,EQ,Turtlemint Fintech S,115.0000,117.4900,114.4000,115.1100,178728,3113,20723751
VSWS,N,20260805,TVSELECT,EQ,TVS Electronics,500.4500,513.0000,494.7000,503.8500,72481,3150,36555678
VSWS,N,20260805,TVSHLTD,EQ,TVS Holdings,14842.0000,15064.0000,14750.0000,14769.0000,7798,2871,115841955
VSWS,N,20260805,TVSMOTOR,EQ,TVS Motor Company,4398.0000,4455.2000,4365.0000,4455.2000,1392666,72295,6167462004
VSWS,N,20260805,TVSSCS,EQ,TVS Supply Chain Sol,137.0000,137.0000,135.0000,135.5200,224593,3954,30530227
VSWS,N,20260805,TVSSRICHAK,EQ,TVS Srichakra,4000.0000,4088.0000,3947.0000,3982.9000,4731,1324,18923679
VSWS,N,20260805,TVTODAY,EQ,TV Today Network,118.2000,118.4600,115.5100,116.6000,20415,524,2392795
VSWS,N,20260805,TVVISION,BE,TV Vision,4.4500,4.4900,4.2300,4.4300,6192,36,27127
VSWS,N,20260805,TWCGOLDETF,EQ,Wealth Company Gold,141.2000,144.2400,141.2000,144.0900,10511,306,1513968
VSWS,N,20260805,UBL,EQ,United Breweries,1439.0000,1445.9000,1380.3000,1412.6000,131535,11425,186726689
VSWS,N,20260805,UCAL,EQ,Ucal,115.4200,119.9000,115.0000,116.4700,7405,190,864761
VSWS,N,20260805,UCL,ST,Ushanti Colour Chem,217.2000,217.2000,217.2000,217.2000,2000,1,434400
VSWS,N,20260805,UCOBANK,EQ,Uco Bank,26.5000,26.7700,26.4100,26.4900,3883691,10867,103175962
VSWS,N,20260805,UDS,EQ,Updater Services,205.5100,212.3900,203.8400,209.4300,503781,9072,105413829
VSWS,N,20260805,UEL,EQ,Ujaas Energy,220.0000,223.2000,217.0000,223.2000,37659,610,8371943
VSWS,N,20260805,UFBL,EQ,United Foodbrands,771.8500,771.8500,771.8500,771.8500,130015,489,100352078
VSWS,N,20260805,UFLEX,EQ,Uflex,477.5000,479.6500,472.0000,475.9500,45465,1460,21613146
VSWS,N,20260805,UFO,EQ,UFO Moviez India,68.5000,69.7900,67.3500,69.4000,41353,1257,2839393
VSWS,N,20260805,UGARSUGAR,EQ,Ugar Sugar Works,45.0400,45.2000,43.0500,43.2800,194343,1423,8566625
VSWS,N,20260805,UGROCAP,EQ,Ugro Capital,97.8000,98.0000,93.6200,95.7700,566115,6026,54051160
VSWS,N,20260805,UHTL,ST,United Heat Transfer,98.8000,101.5000,98.6500,98.6500,74000,37,7329500
VSWS,N,20260805,UJJIVANSFB,EQ,Ujjivan Small Financ,70.2900,71.0000,68.7200,69.5900,11303955,37418,789446620
VSWS,N,20260805,ULTRACEMCO,EQ,UltraTech Cement,12049.0000,12239.0000,11970.0000,12190.0000,215254,34095,2611157023
VSWS,N,20260805,ULTRAMAR,EQ,Ultramarine & Pig,397.0000,397.0000,383.0500,392.2500,22032,1184,8611545
VSWS,N,20260805,UMA,SM,Uma Converter,14.5500,14.7000,14.5500,14.7000,8000,2,117000
VSWS,N,20260805,UMAEXPORTS,BE,Uma Exports,20.5900,20.7400,20.3500,20.7000,8271,49,170287
VSWS,N,20260805,UMESLTD,EQ,Usha Martin Educatio,5.4600,5.6600,5.4200,5.4400,11917,30,65244
VSWS,N,20260805,UMIYA-MRO,EQ,Umiya Buildcon,94.8000,94.9500,90.5200,91.3800,11699,180,1083270
VSWS,N,20260805,UNICHEMLAB,EQ,Unichem Laboratories,505.8000,512.0000,495.0000,497.4000,55642,2139,27885284
VSWS,N,20260805,UNIDT,BE,United Drilling Tool,238.9900,241.5000,234.0000,236.7700,15362,197,3688260
VSWS,N,20260805,UNIECOM,EQ,Unicommerce ESolutio,86.9500,86.9500,84.5000,85.1800,159272,1825,13621157
VSWS,N,20260805,UNIENTER,EQ,Uniphos Enterprises,98.0000,98.0000,95.8000,96.9300,6343,180,614329
VSWS,N,20260805,UNIHEALTH,SM,Unihealth Hospitals,800.0000,800.0000,770.4000,779.3500,18000,30,14204100
VSWS,N,20260805,UNIINFO,BE,Uniinfo Telecom Serv,12.4700,12.4700,12.4700,12.4700,75,2,935
VSWS,N,20260805,UNILEX,SM,Unilex Colours & Che,27.3000,32.0000,27.1000,31.9000,38400,23,1138640
VSWS,N,20260805,UNIMECH,EQ,Unimech Aerospace &,1344.6000,1369.0000,1305.0000,1344.7000,421987,23865,565049925
VSWS,N,20260805,UNIONBANK,EQ,Union Bank of India,175.0000,178.2000,174.2200,175.8000,12655212,62195,2228085084
VSWS,N,20260805,UNIONGOLD,EQ,Union Gold ETF,140.5000,142.0000,140.5000,141.7000,2592,44,366447
VSWS,N,20260805,UNIPARTS,EQ,Uniparts India,769.0000,812.0000,736.0000,801.6500,1466681,49305,1150658356
VSWS,N,20260805,UNITDSPR,EQ,United Spirits,1528.0000,1540.0000,1520.0000,1520.0000,443864,21142,679202361
VSWS,N,20260805,UNITECH,EQ,Unitech,4.2700,4.2900,4.1200,4.1500,4860952,3995,20372354
VSWS,N,20260805,UNITEDPOLY,BE,United Polyfab Gujar,28.6500,30.0000,28.5100,29.3300,32737,147,944541
VSWS,N,20260805,UNITEDTEA,EQ,United Nilgiri Tea,479.5000,489.6000,468.3000,481.1500,2356,169,1115131
VSWS,N,20260805,UNIVASTU,BE,Univastu India,149.0000,149.9900,137.4500,146.9300,215933,1356,31589695
VSWS,N,20260805,UNIVCABLES,EQ,Universal Cables,1427.9000,1446.9000,1401.0000,1427.6000,111768,6255,159531992
VSWS,N,20260805,UNIVPHOTO,BE,Universus Photo Imag,469.0000,480.0000,468.0000,480.0000,1068,28,508428
VSWS,N,20260805,UNOMINDA,EQ,UNO Minda,1229.2000,1273.9000,1229.2000,1250.0000,2052962,70006,2574733648
VSWS,N,20260805,UPL,EQ,UPL,581.0000,583.9000,576.4000,577.2500,3366460,52001,1950717681
VSWS,N,20260805,URAVIDEF,BE,Uravi Defence & Tech,116.5000,117.3000,112.0000,112.3000,3830,135,439270
VSWS,N,20260805,URBAN,SM,Urban Enviro Waste M,139.0000,147.5000,135.5000,144.5000,77600,60,10919960
VSWS,N,20260805,URBANCO,EQ,Urban Company,142.0000,148.7900,141.6500,142.5500,10299381,62336,1496500730
VSWS,N,20260805,URJA,EQ,Urja Global,9.9400,10.2500,9.9400,9.9900,822528,2481,8265423
VSWS,N,20260805,USASEEDS,SM,Upsurge Seeds of Agr,84.7000,84.8000,84.7000,84.8000,856,2,72546
VSWS,N,20260805,USHAFIN,SM,Usha Financial Servi,35.8000,38.0000,35.3500,37.7500,59200,25,2195840
VSWS,N,20260805,USHAMART,EQ,Usha Martin,510.0000,522.6000,506.8500,520.2500,924792,24526,477141667
VSWS,N,20260805,USK,EQ,Udayshivakumar Infra,21.8100,23.1700,21.8100,22.9600,17065,122,387884
VSWS,N,20260805,UTIAMC,EQ,UTI Asset Management,917.0000,917.0000,885.6000,901.6500,381101,7084,345617134
VSWS,N,20260805,UTKAL,SM,Utkal Speciality Ind,41.8500,41.9000,41.8500,41.9000,24000,9,1005500
VSWS,N,20260805,UTKARSHBNK,EQ,Utkarsh Small Financ,14.5600,14.6700,14.3900,14.4600,3770967,10199,54627064
VSWS,N,20260805,UTLSOLAR,EQ,Fujiyama Power Syste,395.0000,396.9500,389.0000,390.8500,164607,8549,64801601
VSWS,N,20260805,UTSSAV,ST,Utssav CZ Gold Jewel,510.1000,522.0000,509.0000,510.0000,25200,25,12896400
VSWS,N,20260805,UTTAMSUGAR,EQ,Uttam Sugar Mills,253.0000,260.0000,248.1500,250.4400,125437,3587,31820381
VSWS,N,20260805,UWCSL,SM,Ultra Wiring Connect,95.0000,95.0000,95.0000,95.0000,1000,1,95000
VSWS,N,20260805,UYFINCORP,EQ,U Y Fincorp,19.3600,19.8000,19.1500,19.2500,684088,2699,13235917
VSWS,N,20260805,V2RETAIL,EQ,V2 Retail,218.2500,219.4000,215.5000,217.5700,888423,19140,192909738
VSWS,N,20260805,VADILALIND,EQ,Vadilal Industries,7290.0000,7373.0000,7149.0000,7162.0000,10026,2600,72634743
VSWS,N,20260805,VAIBHAVGBL,EQ,Vaibhav Global,272.9500,272.9500,244.1000,250.1500,2201262,33296,556887704
VSWS,N,20260805,VAISHALI,EQ,Vaishali Pharma,8.0000,8.3800,7.7000,7.9400,229783,368,1835177
VSWS,N,20260805,VAKRANGEE,EQ,Vakrangee,6.1000,6.1500,5.9900,6.0800,811587,1627,4915471
VSWS,N,20260805,VAL30IETF,EQ,ICICI Pru Nfty200 Va,15.5700,15.6300,15.5000,15.5600,196711,656,3065063
VSWS,N,20260805,VALIANTLAB,BE,Valiant Laboratories,62.1800,62.3000,60.6100,61.2300,4740,48,292824
VSWS,N,20260805,VALIANTORG,BE,Valiant Organics,293.0000,295.0000,280.0500,286.5500,8189,194,2368126
VSWS,N,20260805,VALUE,EQ,Mirae Asst Nifty 50,16.4700,16.4900,16.4000,16.4300,20133,63,331534
VSWS,N,20260805,VALUE360,SM,Value 360 Communicat,76.8000,76.8000,74.5000,74.5000,6000,4,451560
VSWS,N,20260805,VALUEAXIS,EQ,Axis Nifty500 Value,33.5400,33.5700,33.3000,33.4000,112721,328,3766495
VSWS,N,20260805,VAML,EQ,Vedanta Aluminium Me,463.5500,470.7500,458.1000,467.9500,9615356,78446,4470543787
VSWS,N,20260805,VARDHACRLC,BE,Vardhman Acrylics,44.5000,46.5000,44.5000,45.7400,63436,271,2925949
VSWS,N,20260805,VARDMNPOLY,EQ,Vardhman Polytex,6.1400,6.1400,6.0000,6.0200,229386,244,1400473
VSWS,N,20260805,VARROC,EQ,Varroc Engineering,680.0000,734.4000,676.0500,717.6000,1320916,53793,953845802
VSWS,N,20260805,VASCONEQ,BE,Vascon Engineers,34.0000,34.0500,33.2500,33.7800,184763,576,6218762
VSWS,N,20260805,VASWANI,EQ,Vaswani Industries,52.2000,54.2000,51.5000,52.7600,44467,511,2353809
VSWS,N,20260805,VBL,EQ,Varun Beverages,442.3500,445.2000,436.8500,437.0000,2044640,33255,901193673
VSWS,N,20260805,VCL,EQ,Vaxtex Cotfab,1.2200,1.2200,1.2200,1.2200,191383,40,233487
VSWS,N,20260805,VEDL,EQ,Vedanta,270.0000,277.2000,267.6000,277.0000,17363666,102704,4717735388
VSWS,N,20260805,VEDPOWER,EQ,Vedanta Power,36.1000,36.8000,35.2000,35.4700,24311532,60233,869338892
VSWS,N,20260805,VEEDOL,EQ,Veedol Corporation,1441.5000,1454.4000,1430.0000,1442.9000,10096,1531,14566491
VSWS,N,20260805,VEEKAYEM,SM,Veekayem Fashion & A,128.5500,129.0000,128.5000,128.5000,2000,4,257525
VSWS,N,20260805,VELJAN,BE,Veljan Denison,1639.9000,1665.0000,1615.0000,1642.1000,676,56,1112108
VSWS,N,20260805,VENKEYS,EQ,Venky's (India),1609.0000,1618.0000,1563.0000,1581.9000,35071,3067,55844043
VSWS,N,20260805,VENTIVE,EQ,Ventive Hospitality,626.7000,626.7000,609.7000,621.3000,43924,2627,27051891
VSWS,N,20260805,VENUSPIPES,EQ,Venus Pipes & Tubes,1633.0000,1658.0000,1625.0000,1629.0000,41499,3915,68085546
VSWS,N,20260805,VENUSREM,BE,Venus Remedies,1568.0000,1574.8000,1486.2000,1524.3000,35002,1530,53917746
VSWS,N,20260805,VERANDA,EQ,Veranda Learning Sol,258.0000,260.8000,252.3000,257.6000,205485,4187,52576656
VSWS,N,20260805,VERTOZ,BE,Vertoz,36.8000,36.8500,35.5200,35.9200,23500,210,846465
VSWS,N,20260805,VESUVIUS,EQ,Vesuvius India,458.5000,459.7000,448.6500,450.2000,71200,3390,32228901
VSWS,N,20260805,VETO,BE,Veto Switchgears And,123.0000,126.0000,120.1000,124.2700,16609,235,2067165
VSWS,N,20260805,VGINFOTECH,SM,Virtual Galaxy Infot,157.5000,157.5000,154.5000,155.6500,19000,19,2955800
VSWS,N,20260805,VGL,EQ,Varvee Global,63.1000,63.9300,60.8400,62.4300,32195,728,1995752
VSWS,N,20260805,VGUARD,EQ,V-Guard Industries,314.0000,319.3000,306.0500,310.2500,1236810,18197,387793729
VSWS,N,20260805,VHL,EQ,Vardhman Holdings,3362.1000,3490.0000,3362.1000,3432.4000,542,156,1866618
VSWS,N,20260805,VHLTD,BE,Viceroy Hotels,134.9600,134.9600,123.0300,125.8500,45056,234,5615473
VSWS,N,20260805,VICTORYEV,ST,Victory Electric Veh,16.5500,17.4000,16.3000,16.5500,30000,10,505950
VSWS,N,20260805,VIDHIING,EQ,Vidhi Specialty Food,330.8500,335.0000,318.0000,321.4500,21824,1403,7055451
VSWS,N,20260805,VIDYAWIRES,EQ,Vidya Wires,92.5000,93.2500,91.0700,92.4600,459529,4281,42438737
VSWS,N,20260805,VIESL,SM,Vision Infra Equip S,314.9500,319.5000,309.0000,311.0000,20800,25,6509720
VSWS,N,20260805,VIGOR,ST,Vigor Plast India,94.5000,94.5000,93.1000,93.1000,4800,3,450560
VSWS,N,20260805,VIJAYA,EQ,Vijaya Dignostic Cen,1385.1000,1395.9000,1367.1000,1389.6000,78928,9281,109384427
VSWS,N,20260805,VIJAYPD,SM,Vijaypd Ceutical,62.4500,63.0000,62.4500,63.0000,12000,6,753200
VSWS,N,20260805,VIJIFIN,BE,Viji Finance,10.8200,10.8200,10.8200,10.8200,82842,48,896350
VSWS,N,20260805,VIKASECO,EQ,Vikas EcoTech,1.1200,1.1300,1.1000,1.1100,1897423,886,2119034
VSWS,N,20260805,VIKASLIFE,EQ,Vikas Lifecare,1.2700,1.2900,1.2600,1.2600,3361254,8815,4280747
VSWS,N,20260805,VIKRAMSOLR,EQ,Vikram Solar,181.8500,182.7500,179.5000,180.6100,1389668,14939,251313305
VSWS,N,20260805,VIKRAN,EQ,Vikran Engineering,72.5900,73.5000,72.4300,72.8800,891593,3900,65017977
VSWS,N,20260805,VILAS,SM,Vilas Transcore,360.4000,373.8500,358.2500,372.1500,19750,70,7259525
VSWS,N,20260805,VILINBIO,SM,Vilin Bio Med,41.0000,44.9500,40.9500,44.9500,24000,6,999000
VSWS,N,20260805,VIMTALABS,EQ,Vimta Laboratories,640.0000,675.0000,630.7500,656.8000,673095,22885,443453849
VSWS,N,20260805,VINATIORGA,EQ,Vinati Organics,1326.1000,1331.0000,1315.0000,1327.7000,40295,6650,53427365
VSWS,N,20260805,VINCOFE,EQ,Vintage Coffee & Bev,153.2500,156.5000,152.6900,155.3400,1465347,9675,227762756
VSWS,N,20260805,VINDHYATEL,EQ,Vindhya Telelinks,2450.0000,2450.0000,2330.0000,2357.5000,66884,6862,158101598
VSWS,N,20260805,VINEETLAB,BE,Vineet Laboratories,39.7000,39.7000,38.3300,39.0000,59841,139,2330646
VSWS,N,20260805,VINNY,EQ,Vinny Overseas,1.0700,1.0800,1.0500,1.0600,268272,133,286516
VSWS,N,20260805,VINSYS,ST,Vinsys IT Services I,565.0000,570.0000,565.0000,565.2500,18000,31,10175000
VSWS,N,20260805,VINYAS,SM,Vinyas Innovative Te,1240.0000,1250.0000,1212.0000,1244.7500,3800,34,4710210
VSWS,N,20260805,VINYLINDIA,EQ,Vinyl Chemicals,249.2400,249.2400,242.1000,243.3500,8248,338,2027623
VSWS,N,20260805,VIPCLOTHNG,BE,VIP Clothing,21.9900,21.9900,21.1500,21.2800,18895,110,403616
VSWS,N,20260805,VIPIND,EQ,VIP Industries,302.1000,312.4000,302.1000,309.8000,156035,3548,48035686
VSWS,N,20260805,VIPULLTD,BE,Vipul,11.1900,11.7400,11.0000,11.7400,105423,270,1215082
VSWS,N,20260805,VIRINCHI,EQ,Virinchi,15.5100,15.9000,15.5100,15.7200,55368,172,870163
VSWS,N,20260805,VISACHROME,BE,VISA Chrome,38.0000,38.0000,37.1000,37.9300,10489,44,397655
VSWS,N,20260805,VISAKAIND,EQ,Visaka Industries,87.1000,88.0100,85.8000,86.9400,190958,2220,16566592
VSWS,N,20260805,VISHNU,EQ,Vishnu Chemicals,600.0000,601.6000,584.1000,588.8000,69669,3568,41268674
VSWS,N,20260805,VISHNUINFR,SM,Vishnusurya Pro & In,160.0000,160.0000,160.0000,160.0000,500,1,80000
VSWS,N,20260805,VISHWARAJ,EQ,Vishwaraj Sugar Indu,5.5900,5.6900,5.4200,5.4700,156734,354,865738
VSWS,N,20260805,VISL,EQ,Vedanta Iron And Ste,36.1000,37.0300,34.7000,36.5300,65591869,96709,2371897622
VSWS,N,20260805,VITAL,BE,Vital Chemtech,49.3500,49.3500,48.4000,49.3500,1383,7,67890
VSWS,N,20260805,VIVIANA,BE,Viviana Power Tech,708.0000,737.7500,699.0000,728.8000,46384,864,33357047
VSWS,N,20260805,VIVIDEL,ST,Vivid Electromech,1250.0000,1313.4000,1250.0000,1313.4000,29280,103,37888968
VSWS,N,20260805,VIVIDHA,EQ,Visagar Polytex,0.5300,0.5400,0.5200,0.5400,244244,155,129880
VSWS,N,20260805,VIVIMEDLAB,BE,Vivimed Labs,5.1100,5.2500,4.9600,5.1800,50075,108,256992
VSWS,N,20260805,VIVO,SM,Vivo Collaboration S,103.5000,103.5000,103.5000,103.5000,3200,2,331200
VSWS,N,20260805,VIYASH,EQ,Viyash Scientific,268.0000,274.9000,268.0000,273.8000,2650237,31114,721807217
VSWS,N,20260805,VLEGOV,BE,VL E-Governance & IT,10.7600,10.7600,10.6000,10.7600,88671,112,946773
VSWS,N,20260805,VLINFRA,SM,V L Infraprojects,29.9000,29.9000,28.5500,29.0500,7500,5,218775
VSWS,N,20260805,VLSFINANCE,EQ,VLS Finance,255.0000,270.0000,253.0500,264.0500,17428,738,4571386
VSWS,N,20260805,VMARCIND,SM,V Marc India,264.5000,303.9000,262.0500,296.6500,774000,483,220098450
VSWS,N,20260805,VMART,EQ,V-Mart Retail,785.0000,811.5500,775.5000,807.0500,235276,10069,188147081
VSWS,N,20260805,VMM,EQ,Vishal Mega Mart,111.5000,111.8900,108.8100,111.0000,5678192,32373,625800158
VSWS,N,20260805,VMOBILE,SM,Vinit Mobile,71.1000,71.5000,70.6000,70.6000,16000,20,1132160
VSWS,N,20260805,VMSTMT,BE,VMS TMT,44.0700,45.3000,44.0700,44.7500,23723,168,1061158
VSWS,N,20260805,VOEPL,EQ,Virtuoso Optoelectro,493.0000,510.0000,485.6000,498.1000,87284,4023,43697093
VSWS,N,20260805,VOGL,EQ,Vedanta Oil And Gas,38.0000,38.2400,36.6300,37.1000,72930802,93576,2728444406
VSWS,N,20260805,VOLERCAR,SM,Voler Car,214.0000,225.0000,214.0000,217.0500,5600,7,1219040
VSWS,N,20260805,VOLTAMP,EQ,Voltamp Transformers,9946.5000,10148.0000,9857.0000,10050.0000,52229,18676,524763459
VSWS,N,20260805,VOLTAS,EQ,Voltas,1329.0000,1329.9000,1297.2000,1300.5000,469461,29972,615842796
VSWS,N,20260805,VPRPL,BE,Vishnu Prakash R Pun,28.6000,29.4000,28.1000,29.1600,239287,762,6904895
VSWS,N,20260805,VRAJ,EQ,Vraj Iron & Steel,122.5000,125.5200,121.7000,124.1800,43225,952,5320186
VSWS,N,20260805,VRLLOG,EQ,VRL Logistics,284.7500,291.9500,275.5500,279.0000,1171888,17682,332580307
VSWS,N,20260805,VSSL,EQ,Vardhman Special Ste,304.8000,335.0000,303.1000,329.3500,759558,11857,246423856
VSWS,N,20260805,VSTIND,EQ,VST Industries,221.2500,222.9900,221.0400,221.4100,128108,2847,28443990
VSWS,N,20260805,VSTL,EQ,Vibhor Steel Tubes,112.0300,112.7900,110.1300,110.7700,5178,149,574819
VSWS,N,20260805,VSTTILLERS,EQ,VST Tillers Tractors,4462.4000,4515.0000,4446.6000,4482.8000,6610,1664,29625054
VSWS,N,20260805,VTL,EQ,Vardhman Textiles,602.0000,613.5000,594.0000,598.0000,253440,15321,153455708
VSWS,N,20260805,WAAREEENER,EQ,Waaree Energies,2686.0000,2700.0000,2672.7000,2697.0000,447229,25915,1202272509
VSWS,N,20260805,WAAREEINDO,EQ,Indosolar,315.0500,329.0000,308.0000,329.0000,162364,3108,52354761
VSWS,N,20260805,WAAREERTL,EQ,Waaree Renewable,913.0000,919.5000,905.0000,906.0500,121666,6560,110656846
VSWS,N,20260805,WABAG,EQ,VA Tech Wabag,1965.9000,2008.0000,1961.1000,2002.8000,290819,21472,578697631
VSWS,N,20260805,WAKEFIT,EQ,Wakefit Innovations,128.7200,133.3500,127.0200,130.8500,1176391,11333,153703983
VSWS,N,20260805,WALCHANNAG,EQ,Walchandnagar Ind,236.5000,236.9800,231.6600,233.3700,276823,3810,64893481
VSWS,N,20260805,WANBURY,EQ,Wanbury,279.6000,283.0000,266.9500,278.8000,488860,12262,134065033
VSWS,N,20260805,WCIL,EQ,Western Carriers (In,91.7800,92.3900,90.1200,90.6600,43132,794,3928053
VSWS,N,20260805,WEALTH,EQ,Wealth First Portfol,934.5500,943.0000,927.2500,937.1000,1065,117,995244
VSWS,N,20260805,WEBELSOLAR,EQ,Websol Energy Sys,96.8000,97.0900,95.2000,95.4400,842621,6554,80671311
VSWS,N,20260805,WEIZMANIND,EQ,Weizmann,77.3000,78.9000,77.0500,77.1100,456,8,35423
VSWS,N,20260805,WEL,EQ,Wonder Electricals,115.0000,120.0000,115.0000,118.9600,91465,722,10835424
VSWS,N,20260805,WELCORP,EQ,Welspun Corp,1738.8000,1799.0000,1738.7000,1788.1000,1351428,52114,2405524777
VSWS,N,20260805,WELENT,EQ,Welspun Enterprises,575.0000,598.2000,570.1000,584.1000,937160,21806,546304750
VSWS,N,20260805,WELINV,BE,Welspun Inv & Comm,1900.0000,1900.0000,1822.1000,1854.2000,55,8,101470
VSWS,N,20260805,WELSPLSOL,EQ,Welspun Specialty So,50.5700,51.1800,50.1500,50.6800,159347,1022,8064690
VSWS,N,20260805,WELSPUNLIV,EQ,Welspun Living,160.7000,164.1000,160.0000,160.7800,923719,14233,149661149
VSWS,N,20260805,WENDT,EQ,Wendt,8102.0000,8171.0000,8025.0000,8052.0000,3515,990,28444748
VSWS,N,20260805,WESTLIFE,EQ,Westlife Foodworld,543.9500,597.0000,538.5500,587.0000,862105,36308,499332192
VSWS,N,20260805,WEWIN,BE,WE WIN Ltd,46.4900,46.4900,43.5000,43.8200,3633,47,160405
VSWS,N,20260805,WEWORK,EQ,WeWork India Managem,738.9000,759.2500,732.3500,747.7000,267859,16008,201021796
VSWS,N,20260805,WHEELS,EQ,Wheels (I),1412.0000,1452.0000,1409.2000,1429.6000,86507,7649,123952422
VSWS,N,20260805,WHIRLPOOL,EQ,Whirlpool of India,824.0500,841.0000,781.1500,808.3000,1200348,54764,965776352
VSWS,N,20260805,WHITEFORCE,SM,Happy Square Out Ser,36.1000,39.0000,36.1000,39.0000,57600,2,2241760
VSWS,N,20260805,WILLAMAGOR,EQ,Williamson Magor,25.9000,25.9000,25.2500,25.4700,1041,10,26379
VSWS,N,20260805,WINDLAS,EQ,Windlas Biotech,862.2500,874.5500,851.1000,856.8500,33048,2046,28439218
VSWS,N,20260805,WINDMACHIN,EQ,Windsor Machines,283.3500,284.9500,277.0000,279.8000,25729,886,7208495
VSWS,N,20260805,WINSOL,SM,Winsol Engineers,119.0000,119.0000,114.0000,116.5000,3200,7,369580
VSWS,N,20260805,WIPL,EQ,Western India Plywoo,171.5000,171.5000,168.5200,170.0000,614,22,104682
VSWS,N,20260805,WIPRO,EQ,Wipro,187.0000,188.5400,186.0700,186.9900,8829250,66846,1651182952
VSWS,N,20260805,WOCKPHARMA,EQ,Wockhardt,2032.0000,2054.0000,1980.3000,2006.1000,863920,31419,1740846647
VSWS,N,20260805,WOL3D,ST,Wol 3D India,140.2500,141.1000,140.2000,141.0000,9000,5,1263600
VSWS,N,20260805,WOMANCART,SM,Womancart,103.9000,103.9000,98.7500,99.7000,8400,20,850540
VSWS,N,20260805,WONDERLA,EQ,Wonderla Holidays,522.0000,522.0000,501.8500,503.0500,227287,12111,115464492
VSWS,N,20260805,WORTHPERI,EQ,Worth Peripherals,154.9700,156.0000,147.3500,150.1800,28499,454,4362967
VSWS,N,20260805,WPIL,EQ,W P I L,451.8000,451.8000,434.0000,436.5500,43510,2538,19132077
VSWS,N,20260805,WSI,EQ,WS Industries,61.0000,61.0000,60.0600,60.4500,22683,602,1372753
VSWS,N,20260805,WSTCSTPAPR,EQ,West Coast Paper,575.0000,592.0000,572.0500,590.4000,276354,16715,161602601
VSWS,N,20260805,WTICAB,SM,Wise Travel India,117.9500,117.9500,114.1000,115.0000,20500,24,2363325
VSWS,N,20260805,XCHANGING,EQ,XChanging Solutions,68.4000,69.2900,68.0100,68.1500,78123,941,5359084
VSWS,N,20260805,XELPMOC,EQ,Xelpmoc Design and T,81.9400,84.2000,81.0600,83.2800,8116,153,669019
VSWS,N,20260805,XPROINDIA,EQ,Xpro India,1188.0000,1200.0000,1100.0000,1111.8000,336768,17376,386443941
VSWS,N,20260805,XTGLOBAL,EQ,XTGlobal Infotech,33.5000,34.0000,32.4600,33.7700,85201,1274,2848815
VSWS,N,20260805,XTRANET,BE,Xtranet Technologies,129.1000,130.0000,127.0000,128.0100,260227,2126,33481247
VSWS,N,20260805,YAAP,SM,Yaap Digital,152.9000,152.9000,147.1500,149.3500,8000,8,1194950
VSWS,N,20260805,YASHO,EQ,Yasho Industries,4359.9000,4359.9000,4070.0000,4157.5000,164654,24017,686804339
VSWS,N,20260805,YATHARTH,EQ,Yatharth Hosp & Trau,846.5000,863.3000,840.5000,858.3500,216163,8707,184787447
VSWS,N,20260805,YATRA,EQ,Yatra Online,107.7000,111.4400,107.0500,110.5200,1447075,8222,158980981
VSWS,N,20260805,YCCL,SM,Yasons Chemex Care,9.9500,9.9500,9.9500,9.9500,6000,2,59700
VSWS,N,20260805,YESBANK,EQ,Yes Bank,23.0000,23.1500,22.8200,22.9700,69932112,79687,1606267421
VSWS,N,20260805,YUDIZ,SM,Yudiz Solutions,29.1000,29.1000,29.0000,29.0000,3200,4,92960
VSWS,N,20260805,YUKEN,EQ,Yuken India,714.9000,765.9000,708.1000,749.4000,47095,799,34242396
VSWS,N,20260805,ZAGGLE,EQ,Zaggle Prepaid Ocean,204.7500,211.3500,204.0000,209.2400,784048,9195,162653154
VSWS,N,20260805,ZEEL,EQ,Zee Entertainment,100.3800,101.5000,94.0900,94.5500,33657854,106386,3269248228
VSWS,N,20260805,ZEELEARN,BE,Zee Learn,8.1900,8.1900,7.9200,8.0100,155860,339,1252604
VSWS,N,20260805,ZEEMEDIA,EQ,Zee Media Corp,7.1600,7.2200,6.9200,6.9500,2634358,3163,18464807
VSWS,N,20260805,ZENITHDRUG,SM,Zenith Drugs,47.5000,47.5000,45.0000,45.0000,34400,29,1560280
VSWS,N,20260805,ZENITHEXPO,EQ,Zenith Exports,197.0100,199.4000,193.3500,194.2800,796,33,154832
VSWS,N,20260805,ZENITHSTL,EQ,Zenith Steel Pipes,5.4800,5.7200,5.4800,5.6400,38869,143,219815
VSWS,N,20260805,ZENSARTECH,EQ,Zensar Technologies,513.1000,515.9500,497.6000,500.3500,1207594,24169,609643971
VSWS,N,20260805,ZENTEC,EQ,Zen Technologies,1697.9000,1699.6000,1669.0000,1674.7000,174016,11138,292835985
VSWS,N,20260805,ZFCVINDIA,EQ,ZF Comm Vehicle Cont,2594.0000,2607.7000,2555.6000,2589.9000,127564,17533,330083301
VSWS,N,20260805,ZFSTEERING,EQ,ZF Steering Gear,667.1500,678.8000,660.1000,671.4000,3142,248,2103279
VSWS,N,20260805,ZIMLAB,BE,Zim Laboratories,108.7000,114.4800,107.0000,114.4600,26802,158,2985525
VSWS,N,20260805,ZODIAC,EQ,Zodiac Energy,252.0000,262.8500,243.3500,255.2000,16928,1007,4349114
VSWS,N,20260805,ZODIACLOTH,EQ,Zodiac Clothing Co,78.0000,78.0000,76.9200,77.5400,1445,35,112279
VSWS,N,20260805,ZOTA,EQ,Zota Health Care,1288.0000,1288.2000,1248.0000,1251.6000,30557,2258,38737473
VSWS,N,20260805,ZSARACOM,EQ,Saraswati Commercial,12048.0000,12320.0000,11413.0000,11932.0000,63,30,747373
VSWS,N,20260805,ZTECH,SM,Z-Tech (India),530.0000,535.0000,515.0000,516.6500,15600,48,8130195
VSWS,N,20260805,ZUARI,EQ,Zuari Agro Chemicals,232.6200,234.2900,226.8000,227.4500,143103,3228,32745452
VSWS,N,20260805,ZUARIIND,EQ,Zuari Industries,263.6500,265.0000,258.2500,260.7000,11327,359,2976312
VSWS,N,20260805,ZYDUSLIFE,EQ,Zydus Lifesciences,1130.0000,1130.0000,1103.8000,1121.1000,1051304,31561,1170674176
VSWS,N,20260805,ZYDUSWELL,EQ,Zydus Wellness,559.3500,563.0000,525.1000,530.4000,836105,24796,451939131
