VSWS,B,20260617,BIX045,IX,BSE 100 ESG INDEX,407.9500,408.5200,406.3800,408.3000,,,
VSWS,B,20260617,BIX056,IX,BSE 100 LARGECAP TMC INDEX,9058.2200,9071.9500,9020.7500,9066.6400,,,
VSWS,B,20260617,BIX074,IX,BSE 1000,10773.5400,10799.4600,10739.1300,10794.0900,,,
VSWS,B,20260617,BIX046,IX,BSE 150 MIDCAP INDEX,16578.5600,16647.3000,16529.9200,16639.6800,,,
VSWS,B,20260617,BIX063,IX,BSE 200 EQUAL WEIGHT,13441.9200,13493.8100,13391.8400,13488.2900,,,
VSWS,B,20260617,BIX048,IX,BSE 250 LARGEMIDCAP INDEX,10686.6600,10708.5700,10646.2400,10703.3400,,,
VSWS,B,20260617,BIX047,IX,BSE 250 SMALLCAP INDEX,6950.1000,6969.4400,6942.3000,6964.8800,,,
VSWS,B,20260617,BIX049,IX,BSE 400 MIDSMALLCAP INDEX,12386.6400,12431.7000,12360.8300,12425.8200,,,
VSWS,B,20260617,BIX078,IX,BSE 500 DIVIDEND LEADERS 50,3535.2500,3539.9800,3525.9100,3538.4400,,,
VSWS,B,20260617,BIX077,IX,BSE 500 MOMENTUM 50,44400.3700,44701.3000,44241.4400,44670.5300,,,
VSWS,B,20260617,BIX075,IX,BSE 500 QUALITY 50,22252.3000,22470.6400,22221.1400,22459.1900,,,
VSWS,B,20260617,BIX009,IX,BSE AUTO INDEX,59561.5700,59561.5700,58601.5900,58970.2800,,,
VSWS,B,20260617,BIX010,IX,BSE BANKEX,64783.0900,64980.2900,64468.3500,64905.6000,,,
VSWS,B,20260617,BIX032,IX,BSE BASIC MATERIALS,8534.9600,8571.0700,8489.1700,8562.8400,,,
VSWS,B,20260617,BIX044,IX,BSE BHARAT 22 INDEX,9200.4000,9220.8300,9152.1400,9213.6200,,,
VSWS,B,20260617,BIX011,IX,BSE CAPITAL GOODS INDEX,80489.3300,82465.8900,80340.0000,82328.5900,,,
VSWS,B,20260617,BIX065,IX,BSE CAPITAL MARKETS & INSURANCE,2392.8700,2413.5800,2384.9900,2411.5700,,,
VSWS,B,20260617,BIX033,IX,BSE CONSUMER DISCRETIONARY GOOD,9489.1300,9530.6500,9452.0400,9494.9700,,,
VSWS,B,20260617,BIX012,IX,BSE CONSUMER DURABLES INDEX,60312.2400,61177.4000,60294.1800,60988.4200,,,
VSWS,B,20260617,BIX055,IX,BSE DIVERSIFIED FINANCIALS REVENUE GROWTH INDEX,1637.8100,1639.4500,1632.4300,1638.1300,,,
VSWS,B,20260617,BIX054,IX,BSE DIVIDEND STABILITY INDEX,1038.1800,1039.2700,1034.9100,1038.7000,,,
VSWS,B,20260617,BIX034,IX,BSE ENERGY,11608.7500,11615.4700,11545.3400,11584.9800,,,
VSWS,B,20260617,BIX053,IX,BSE ENHANCED VALUE INDEX,1058.0200,1060.6100,1051.2000,1054.0100,,,
VSWS,B,20260617,BIX035,IX,BSE FINANCE,12452.6500,12472.8800,12404.5500,12454.3200,,,
VSWS,B,20260617,BIX013,IX,BSE FMCG INDEX,18437.1700,18488.3900,18340.8700,18384.5300,,,
VSWS,B,20260617,BIX067,IX,BSE FOCUSED IT,34922.2200,35132.7500,34753.4500,34857.9400,,,
VSWS,B,20260617,BIX068,IX,BSE FOCUSED MIDCAP,25088.0200,25249.7800,25020.8700,25227.2500,,,
VSWS,B,20260617,BIX014,IX,BSE HEALTHCARE INDEX,47200.0000,47255.3100,46912.5500,47053.3300,,,
VSWS,B,20260617,BIX080,IX,BSE HOSPITALS,5161.6400,5173.4900,5121.5600,5142.6600,,,
VSWS,B,20260617,BIX076,IX,BSE INDIA 150,18507.8800,18539.6300,18436.4800,18530.2000,,,
VSWS,B,20260617,BIX079,IX,BSE INDIA DEFENCE,7649.2600,7921.0200,7635.7900,7894.2400,,,
VSWS,B,20260617,BIX028,IX,BSE INDIA INFRASTRUCTURE INDEX,608.9000,609.0400,604.3700,608.6200,,,
VSWS,B,20260617,BIX030,IX,BSE INDIA MANUFACTURING INDEX,1082.7700,1083.0100,1077.1300,1082.4700,,,
VSWS,B,20260617,BIX073,IX,BSE INDIA SECTOR LEADERS,14560.5900,14609.4100,14517.7400,14602.6100,,,
VSWS,B,20260617,BIX036,IX,BSE INDUSTRIALS,16516.0800,16772.4800,16493.3200,16757.0700,,,
VSWS,B,20260617,BIX064,IX,BSE INTERNET ECONOMY,2974.2000,3001.5500,2966.6600,2995.1800,,,
VSWS,B,20260617,BIX023,IX,BSE IPO INDEX,17102.3000,17174.6100,17090.1700,17102.0700,,,
VSWS,B,20260617,BIX015,IX,BSE IT INDEX,28106.7700,28317.8400,28029.8700,28137.0300,,,
VSWS,B,20260617,BIX051,IX,BSE LOW VOLATILITY INDEX,1763.6700,1767.2300,1759.1300,1765.7800,,,
VSWS,B,20260617,BIX016,IX,BSE METAL INDEX,41463.6800,41960.2900,41188.1400,41908.3800,,,
VSWS,B,20260617,BIX038,IX,BSE MIDCAP SELECT INDEX,17886.3500,18022.0300,17840.6700,18006.5300,,,
VSWS,B,20260617,BIX050,IX,BSE MOMENTUM INDEX,2136.3700,2154.1400,2127.8200,2152.4000,,,
VSWS,B,20260617,BIX017,IX,BSE OIL & GAS INDEX,26929.0300,26959.2300,26718.3600,26787.5800,,,
VSWS,B,20260617,BIX062,IX,BSE POWER & ENERGY,4050.0000,4051.2500,4026.2900,4039.6600,,,
VSWS,B,20260617,BIX022,IX,BSE POWER INDEX,8031.1600,8104.9600,7985.4700,8098.8500,,,
VSWS,B,20260617,BIX069,IX,BSE PREMIUM CONSUMPTION,5141.1800,5170.1800,5111.7900,5140.6200,,,
VSWS,B,20260617,BIX057,IX,BSE PRIVATE BANKS INDEX,20130.1800,20168.3700,20022.4500,20080.3200,,,
VSWS,B,20260617,BIX072,IX,BSE PSU BANK,4853.7200,4928.7000,4818.0600,4921.3200,,,
VSWS,B,20260617,BIX008,IX,BSE PSU INDEX,20989.6300,21204.3400,20910.7700,21181.8100,,,
VSWS,B,20260617,BIX052,IX,BSE QUALITY INDEX,1893.4400,1917.3100,1893.3200,1915.6700,,,
VSWS,B,20260617,BIX021,IX,BSE REALTY INDEX,6406.5800,6413.8500,6325.6700,6359.7900,,,
VSWS,B,20260617,BIX066,IX,BSE SELECT BUSINESS GROUPS,4462.3300,4468.8000,4434.5100,4465.1700,,,
VSWS,B,20260617,BIX071,IX,BSE SELECT IPO,4411.4200,4439.4600,4403.3500,4435.5600,,,
VSWS,B,20260617,BIX042,IX,BSE SENSEX 50,25190.0800,25228.8800,25089.0200,25209.2800,,,
VSWS,B,20260617,BIX070,IX,BSE SENSEX EQUAL WEIGHT,78479.7500,78783.4900,78261.3000,78750.8700,,,
VSWS,B,20260617,BIX059,IX,BSE SENSEX NEXT 30,41509.4800,41545.2200,41338.3000,41517.8500,,,
VSWS,B,20260617,BIX043,IX,BSE SENSEX NEXT 50,86520.9300,86641.9500,86168.8800,86593.1300,,,
VSWS,B,20260617,BIX060,IX,BSE SENSEX SIXTY,32606.5300,32654.6600,32478.1100,32632.9000,,,
VSWS,B,20260617,BIX061,IX,BSE SENSEX SIXTY 65:35,33679.8000,33722.7600,33549.2700,33703.5000,,,
VSWS,B,20260617,BIX058,IX,BSE SERVICES,1612.0300,1612.8900,1602.7000,1610.6100,,,
VSWS,B,20260617,BIX039,IX,BSE SMALLCAP SELECT INDEX,8609.3200,8624.1200,8582.4500,8595.9800,,,
VSWS,B,20260617,BIX027,IX,BSE SME IPO INDEX,95968.4400,96269.1500,95475.9900,95744.1900,,,
VSWS,B,20260617,BIX007,IX,BSE TECk INDEX,14943.6600,15034.7400,14907.3300,15019.5000,,,
VSWS,B,20260617,BIX040,IX,BSE TELECOM,3618.9200,3649.4500,3603.5000,3643.5900,,,
VSWS,B,20260617,BIX041,IX,BSE UTILITIES,5913.9600,5916.3700,5863.5000,5896.1000,,,
VSWS,B,20260617,BIX003,IX,BSE-100 INDEX,25620.9100,25655.2200,25519.7000,25640.8000,,,
VSWS,B,20260617,BIX004,IX,BSE-200 INDEX,11233.9600,11256.7500,11190.4100,11251.0200,,,
VSWS,B,20260617,BIX006,IX,BSE-500 INDEX,36067.6300,36143.3400,35941.1600,36125.8200,,,
VSWS,B,20260617,BIX029,IX,BSE CPSE,3931.3700,3972.3000,3915.8400,3966.3000,,,
VSWS,B,20260617,BIX001,IX,BSE SENSEX,77080.0900,77218.9900,76768.4900,77155.6200,,,
VSWS,B,20260617,500002,,ABB India,  7078.3500,  7190.0500,  6981.8000,  7175.9500,      15979,       2395,           113985523
VSWS,B,20260617,500003,,Aegis Logistics,   981.0000,  1016.5500,   981.0000,  1007.4500,     161835,       5367,           161947795
VSWS,B,20260617,500008,,Amara Raja Energy &,   839.0000,   863.0000,   839.0000,   855.3500,      91538,       4336,            78296587
VSWS,B,20260617,500009,,Ambalal Sarabhai,    32.8900,    32.8900,    32.0000,    32.5700,      14466,        163,              468204
VSWS,B,20260617,500012,,Andhra Petrochem,    49.3500,    49.3500,    46.5000,    47.4000,      91846,        548,             4371225
VSWS,B,20260617,500013,,Ansal Prop & Infrast,     4.0700,     4.0700,     4.0700,     4.0700,        240,          2,                 976
VSWS,B,20260617,500014,,Utique Enterprises,     4.0700,     4.1400,     4.0100,     4.1200,      11344,         73,               46712
VSWS,B,20260617,500016,,Aruna Hotels,     8.2000,     8.2000,     7.7600,     7.8300,       1016,         27,                8049
VSWS,B,20260617,500020,,Bombay Dyeing,   134.0000,   136.0000,   132.4500,   133.8500,      81505,        729,            10891287
VSWS,B,20260617,500023,,Asian Hotels (North),   300.0500,   308.0500,   300.0000,   302.6500,        760,         59,              230966
VSWS,B,20260617,500027,,Atul,  6579.7000,  6642.2000,  6440.0000,  6453.6000,       1251,        418,             8186629
VSWS,B,20260617,500028,,ATV Projects,    29.7000,    29.7000,    28.1000,    28.2500,      27279,        122,              783097
VSWS,B,20260617,500031,,Bajaj Electricals,   323.0500,   329.7500,   322.5500,   327.0500,      18343,        464,             5993850
VSWS,B,20260617,500032,,Bajaj Hindusthan Su,    19.9400,    19.9400,    19.3500,    19.4000,     577851,       1541,            11279442
VSWS,B,20260617,500033,,Force Motors, 18589.7000, 18882.2000, 18471.0000, 18687.4500,       5276,       1166,            98462887
VSWS,B,20260617,500034,,Bajaj Finance,   956.7000,   961.8500,   951.5500,   958.1000,     163890,       5530,           156847704
VSWS,B,20260617,500038,,Balrampur Chini Mill,   562.9000,   562.9000,   543.4500,   546.4500,      16930,        686,             9285206
VSWS,B,20260617,500039,,Banco Products,   676.1500,   682.8000,   669.8000,   671.2500,      10176,        339,             6880108
VSWS,B,20260617,500040,,Aditya Birla Real Es,  1314.5000,  1314.5000,  1277.1000,  1290.9000,      24196,        671,            31290557
VSWS,B,20260617,500041,,Bannari Amman Sugar,  3600.0000,  3620.0000,  3600.0000,  3620.0000,          3,          3,               10839
VSWS,B,20260617,500042,,BASF India,  3449.5500,  3527.2000,  3443.0000,  3496.4000,       1040,        220,             3643218
VSWS,B,20260617,500043,,Bata India,   679.1000,   684.0000,   675.6500,   678.2500,       8170,        605,             5545425
VSWS,B,20260617,500048,,BEML,  1794.6500,  1811.7500,  1776.6000,  1809.1000,      10057,        772,            18075275
VSWS,B,20260617,500049,,Bharat Electronics,   407.3500,   422.4500,   406.2000,   419.8000,    4323057,       8861,          1790761984
VSWS,B,20260617,500051,,Bhagawati Gas,     7.5200,     7.5200,     7.5200,     7.5200,       7778,         16,               58490
VSWS,B,20260617,500052,,Bhansali Engg Poly,    98.5000,   103.3400,    97.9900,   101.5200,     139448,       1334,            14183938
VSWS,B,20260617,500058,,Bihar Sponge Iron,    12.9900,    13.4900,    12.6100,    12.9300,      24414,        110,              316662
VSWS,B,20260617,500059,,BIL Vyapar,     4.0600,     4.1800,     3.8200,     4.1800,      11157,         17,               43434
VSWS,B,20260617,500060,,Birla Cable,   207.0000,   210.0000,   202.0000,   208.2500,       9507,        166,             1959359
VSWS,B,20260617,500067,,Blue Star,  1623.2500,  1709.0000,  1623.2500,  1695.5000,     116293,       6558,           196455916
VSWS,B,20260617,500068,,Disa India, 11779.9000, 11925.0000, 11710.1000, 11770.2500,         60,         37,              709683
VSWS,B,20260617,500069,,Quest Capital Market,   284.9500,   284.9500,   272.3500,   279.1000,        877,         38,              242783
VSWS,B,20260617,500074,,B P L,    54.5900,    57.4900,    54.1200,    56.0800,      15124,        286,              845613
VSWS,B,20260617,500078,,Oriental Aromatics,   344.0500,   346.5500,   335.9000,   339.3000,        265,         30,               89590
VSWS,B,20260617,500083,,Century Extrusions,    20.1800,    20.6200,    20.0300,    20.2100,       7167,         61,              145545
VSWS,B,20260617,500084,,C E S C,   172.9500,   172.9500,   169.5500,   169.9500,      69931,       1943,            11890816
VSWS,B,20260617,500085,,Chambal Fertilisers,   494.1000,   494.1500,   482.0000,   485.1500,      70972,       1916,            34453281
VSWS,B,20260617,500086,,Exide Industries,   392.3000,   392.3000,   386.5500,   388.3500,    1100387,       1787,           429031500
VSWS,B,20260617,500087,,Cipla,  1378.3500,  1381.3000,  1341.7500,  1350.7500,      28744,       2339,            38855412
VSWS,B,20260617,500089,,DIC India,   512.0000,   512.0000,   512.0000,   512.0000,          2,          2,                1024
VSWS,B,20260617,500092,,CRISIL,  4042.4000,  4112.0000,  4023.4000,  4089.7500,       3265,        686,            13335556
VSWS,B,20260617,500093,,CG Power & Indl Solu,   943.8000,   965.3000,   938.7500,   963.7500,     235300,       8973,           224303992
VSWS,B,20260617,500096,,Dabur India,   430.3000,   436.0000,   428.0000,   428.6500,      45991,       1692,            19843405
VSWS,B,20260617,500097,,Dalmia Bharat Sugar,   338.8000,   340.6500,   336.3500,   339.5500,       1298,         82,              438566
VSWS,B,20260617,500101,,Arvind,   497.1000,   500.0000,   480.7500,   497.5500,      44672,       1261,            21836677
VSWS,B,20260617,500103,,Bharat Heavy Elect,   384.1500,   394.0000,   382.0000,   392.1500,     594072,       3770,           229198973
VSWS,B,20260617,500104,,Hindustan Petroleum,   405.5000,   410.4500,   401.2000,   402.5000,     424282,       4608,           171424118
VSWS,B,20260617,500106,,I F C I,    89.2900,    95.7500,    89.0000,    90.0700,   13932126,      37730,          1280913146
VSWS,B,20260617,500108,,M T N L,    31.4900,    33.2500,    31.2600,    32.1600,     336115,       1319,            10869281
VSWS,B,20260617,500109,,M R P L,   166.9500,   168.8500,   160.2500,   161.2000,     408365,       2746,            66814756
VSWS,B,20260617,500110,,Chennai Petroleum,  1197.3500,  1205.6500,  1160.2000,  1166.2500,      39863,       2076,            47050102
VSWS,B,20260617,500112,,State Bank of India,  1015.6000,  1027.9000,  1013.6000,  1026.0000,     739274,      13425,           755343363
VSWS,B,20260617,500113,,S A I L,   181.1500,   182.7500,   177.6500,   179.7000,    1096558,       6071,           198043554
VSWS,B,20260617,500114,,Titan Company,  4339.0000,  4394.0000,  4329.0000,  4381.6500,      20633,       2784,            90006311
VSWS,B,20260617,500116,,IDBI Bank,    77.2200,    92.4400,    77.2200,    90.4700,    8279853,      42787,           720086224
VSWS,B,20260617,500117,,D C W,    48.7400,    49.9000,    48.2700,    49.7100,     118226,        639,             5830918
VSWS,B,20260617,500119,,Dhampur Sugar,   144.0500,   144.0500,   139.3000,   140.4500,      20323,        698,             2862137
VSWS,B,20260617,500120,,Diamines & Chemicals,   244.0000,   244.0000,   243.3000,   243.3000,         83,          4,               20232
VSWS,B,20260617,500123,,Elantas Beck India,  9972.4000, 10461.9500,  9972.4000, 10263.8000,        245,         96,             2481995
VSWS,B,20260617,500124,,Dr Reddy's Lab,  1277.0500,  1278.0000,  1261.7000,  1269.0000,      26449,       2616,            33547240
VSWS,B,20260617,500125,,EID Parry,   745.7000,   745.7000,   724.0000,   732.7500,      18386,       1041,            13472934
VSWS,B,20260617,500126,,Procter & Gamble Hea,  6205.0000,  6262.9500,  6200.0000,  6241.1000,        115,         55,              716320
VSWS,B,20260617,500128,,Electrosteel Casting,    77.0000,    79.7900,    77.0000,    78.8700,     156667,        821,            12341124
VSWS,B,20260617,500133,,Esab India,  5700.0000,  5747.6500,  5690.0000,  5731.5500,        144,         39,              822520
VSWS,B,20260617,500135,,EPL,   230.9000,   237.6000,   229.4000,   232.9500,      62848,       1057,            14754255
VSWS,B,20260617,500136,,Ester Industries,    93.0000,    93.0000,    90.1500,    91.4900,       1590,         44,              146027
VSWS,B,20260617,500142,,F G P,    11.0500,    11.8600,    11.0000,    11.1500,      14782,         78,              167689
VSWS,B,20260617,500143,,P H Capital,   954.9000,   962.5000,   944.0000,   951.7000,      10293,         88,             9807941
VSWS,B,20260617,500144,,Finolex Cables,  1061.6000,  1130.0000,  1056.2500,  1119.3000,      39312,       1969,            43101188
VSWS,B,20260617,500147,,John Cockerill India,  9386.4500,  9480.0000,  9160.0000,  9254.7000,       1992,        599,            18493253
VSWS,B,20260617,500148,,Uflex,   469.0000,   469.0000,   418.7000,   421.4000,       4630,        192,             1952709
VSWS,B,20260617,500150,,Foseco India,  5224.5500,  5312.0500,  5213.3000,  5274.9000,        176,         76,              926564
VSWS,B,20260617,500151,,Golden Tobacco,    25.5200,    26.3900,    25.3100,    26.1500,        303,         14,                7860
VSWS,B,20260617,500153,,Ganesh Benzoplast,   104.0400,   105.4900,   100.0000,   101.9400,      26098,        344,             2682478
VSWS,B,20260617,500159,,Metroglobal,   142.9500,   142.9500,   128.0500,   128.1500,        410,         12,               53077
VSWS,B,20260617,500160,,G T L,     8.0600,     8.3000,     8.0600,     8.2000,      59882,        258,              489610
VSWS,B,20260617,500163,,Godfrey Phillips,  2244.6500,  2256.5000,  2237.7000,  2248.9500,       7775,        681,            17472695
VSWS,B,20260617,500164,,Godrej Industries,  1051.2000,  1070.0000,  1044.5500,  1052.8500,       8175,        467,             8621883
VSWS,B,20260617,500165,,Kansai Nerolac Paint,   216.3000,   219.0000,   210.3000,   211.1000,      35323,        933,             7571778
VSWS,B,20260617,500166,,Goodricke Group,   181.0000,   181.9000,   178.0000,   178.3500,       2253,         37,              404418
VSWS,B,20260617,500168,,Goodyear India,   759.8000,   759.8000,   744.0000,   751.7500,       1179,        214,              886895
VSWS,B,20260617,500170,,GTN Industries,    22.9500,    24.0000,    22.9500,    23.5500,        646,          5,               15295
VSWS,B,20260617,500171,,GHCL,   456.9500,   459.6000,   450.0000,   457.2500,      36923,        777,            16810643
VSWS,B,20260617,500173,,GFL,    47.9600,    48.2000,    46.9300,    47.6700,       2593,        123,              123443
VSWS,B,20260617,500174,,Gujarat Lease Fin,     7.3400,     7.3400,     6.8000,     7.2400,       5193,         17,               35839
VSWS,B,20260617,500179,,HCL Infosystems,    12.4500,    12.6900,    12.3500,    12.4400,      52825,        301,              659549
VSWS,B,20260617,500180,,HDFC Bank,   789.7000,   794.2500,   783.1000,   786.8000,    3005080,      25962,          2364559690
VSWS,B,20260617,500182,,Hero MotoCorp,  5032.1000,  5042.3000,  4972.3000,  5015.7000,      10667,       2869,            53422740
VSWS,B,20260617,500183,,HFCL,   190.5000,   193.4500,   185.1000,   190.2000,    1633074,      13078,           309226381
VSWS,B,20260617,500184,,Himadri Speciality C,   688.7500,   712.7500,   684.6000,   700.9000,     683969,      11207,           479160833
VSWS,B,20260617,500185,,Hindustan Construct,    25.6800,    27.0100,    25.5100,    26.8500,    4584514,       6811,           120925293
VSWS,B,20260617,500186,,Hindustan Oil Expl,   160.0500,   165.9500,   157.1500,   158.2500,      62157,        692,             9961262
VSWS,B,20260617,500187,,AGI Greenpac,   719.9500,   736.0000,   708.0000,   726.3500,      33010,       1748,            23808973
VSWS,B,20260617,500188,,Hindustan Zinc,   564.3000,   573.8000,   560.8500,   572.5000,     251769,       6156,           143253774
VSWS,B,20260617,500189,,NDL Ventures,   131.0000,   131.0000,   128.1000,   128.2000,        773,         14,               99231
VSWS,B,20260617,500191,,H M T,    57.6300,    59.3200,    57.6300,    59.3200,      17738,         74,             1050058
VSWS,B,20260617,500192,,Prag Bosimi,     1.7600,     1.8700,     1.7400,     1.8600,      19250,         39,               35597
VSWS,B,20260617,500193,,HLV,     7.7500,     8.3500,     7.7500,     8.0000,      19157,        108,              153381
VSWS,B,20260617,500199,,IG Petrochemicals,   443.8500,   447.0000,   443.2000,   446.7000,        502,         34,              223496
VSWS,B,20260617,500201,,India Glycols,   961.2000,   985.0000,   960.5000,   964.8500,       2712,        226,             2620625
VSWS,B,20260617,500202,,India Lease Develop,     9.6900,     9.6900,     9.2100,     9.2100,        235,          8,                2167
VSWS,B,20260617,500206,,Margo Finance,    63.9900,    65.8000,    63.2000,    63.7900,        331,          9,               21129
VSWS,B,20260617,500207,,Indo Rama Synthetics,    45.6800,    46.3200,    44.1100,    45.1800,      34714,        150,             1580777
VSWS,B,20260617,500209,,Infosys,  1154.2000,  1162.6000,  1148.7000,  1158.1000,     268806,       7853,           311139746
VSWS,B,20260617,500210,,Ingersoll Rand (I),  4442.8000,  4520.0000,  4442.8000,  4497.8500,        973,        350,             4362998
VSWS,B,20260617,500213,,International Travel,   306.4500,   315.6500,   302.3500,   305.9000,       2333,         85,              716067
VSWS,B,20260617,500214,,Ion Exchange,   370.5500,   393.8500,   368.9000,   376.5500,     135672,       3853,            52048881
VSWS,B,20260617,500215,,Sundrop Brands,   662.0500,   665.4000,   660.0000,   665.4000,        106,         14,               70506
VSWS,B,20260617,500219,,Jain Irrigation,    32.5000,    32.9400,    32.2800,    32.6300,     109479,        536,             3561136
VSWS,B,20260617,500220,,Jasch Industries,   238.0000,   239.0000,   225.1000,   237.2500,      23271,        188,             5459765
VSWS,B,20260617,500227,,Jindal Poly Films,   718.0000,   726.8500,   682.6500,   688.7500,       3498,        253,             2453415
VSWS,B,20260617,500228,,JSW Steel,  1276.4500,  1289.2500,  1269.1500,  1287.1000,      32485,       2101,            41621293
VSWS,B,20260617,500233,,Kajaria Ceramics,  1154.4500,  1161.5000,  1136.2000,  1154.3500,      13072,        983,            15058786
VSWS,B,20260617,500234,,Kakatiya Cem & Sugar,   121.5000,   121.5000,   121.5000,   121.5000,        291,          5,               35356
VSWS,B,20260617,500235,,Kalyani Steels,   820.7500,   820.7500,   807.3000,   811.8500,        504,         56,              408782
VSWS,B,20260617,500238,,Whirlpool of India,   790.7000,   798.0000,   782.0500,   787.8000,     162052,        815,           128463705
VSWS,B,20260617,500239,,KG Denim,    15.9400,    16.7000,    15.2100,    15.2700,      12750,         61,              198081
VSWS,B,20260617,500240,,Kinetic Engineering,   219.4500,   223.0000,   219.2000,   222.1000,       5034,         67,             1114880
VSWS,B,20260617,500241,,Kirloskar Brothers,  1837.5000,  1858.9500,  1797.4000,  1847.1500,      17536,       1723,            32308776
VSWS,B,20260617,500243,,Kirloskar Industries,  3299.0000,  3722.8000,  3299.0000,  3637.3500,      11056,       2073,            40019827
VSWS,B,20260617,500245,,Kirloskar Ferrous,   432.3500,   449.7000,   432.3500,   444.0500,      19882,       1025,             8780458
VSWS,B,20260617,500246,,Envair Electrodyne,    98.0000,    98.0000,    97.4500,    97.4500,       2608,         10,              255528
VSWS,B,20260617,500247,,Kotak Mahindra Bank,   407.9000,   408.6500,   402.5000,   404.5000,     188111,       3597,            76178412
VSWS,B,20260617,500248,,Krishna Filament Ind,     5.9800,     6.3100,     5.9800,     6.3100,        407,          8,                2564
VSWS,B,20260617,500249,,KSB,   869.7500,   874.4000,   860.0000,   870.1000,       7830,        429,             6784819
VSWS,B,20260617,500250,,LG Balakrishnan,  1560.0000,  1570.7000,  1506.8500,  1535.3000,       1487,        262,             2272181
VSWS,B,20260617,500251,,Trent,  2909.7000,  3112.9500,  2904.4500,  3101.6500,     268006,      17591,           814298588
VSWS,B,20260617,500252,,LMW, 15823.0000, 16740.1000, 15785.0000, 16369.5500,        319,        174,             5217456
VSWS,B,20260617,500253,,LIC Housing Finance,   554.4000,   555.9000,   547.0000,   550.8500,      30312,       1988,            16717940
VSWS,B,20260617,500257,,Lupin,  2276.9500,  2283.6000,  2253.9000,  2266.8000,      44751,       2606,           101428891
VSWS,B,20260617,500259,,Lyka Labs,    69.4900,    71.7400,    69.4900,    70.8900,       1333,         39,               95064
VSWS,B,20260617,500260,,Ramco Cements,   886.0000,   908.6500,   878.0000,   893.4500,     116371,        637,           103588053
VSWS,B,20260617,500262,,Hybrid Financial Ser,    16.7000,    19.6800,    16.7000,    18.7200,       9220,        154,              168514
VSWS,B,20260617,500264,,Mafatlal Industries,   130.0000,   130.9500,   127.8500,   128.7500,      13446,        467,             1738512
VSWS,B,20260617,500265,,Maharashtra Seamless,   626.7000,   630.8500,   610.0000,   615.1500,       4481,        370,             2786249
VSWS,B,20260617,500266,,Maharashtra Scooters, 12488.0500, 12670.0000, 12488.0500, 12555.3500,        630,        169,             7937512
VSWS,B,20260617,500267,,Majestic Auto,   339.9500,   345.0000,   336.4500,   341.3000,        384,         34,              130232
VSWS,B,20260617,500268,,Manali Petrochemical,    67.7500,    68.3000,    66.1400,    66.5700,      29216,        281,             1963366
VSWS,B,20260617,500270,,Baroda Rayon Corp,   134.5000,   134.5000,   126.7500,   130.4500,        230,         27,               29731
VSWS,B,20260617,500271,,Max Financial Servic,  1612.3500,  1640.0000,  1604.7000,  1634.0500,       3706,        483,             6004564
VSWS,B,20260617,500277,,Mid India Industries,     6.5000,     6.5000,     6.1300,     6.1900,        409,          9,                2561
VSWS,B,20260617,500279,,Onida Electronics,    38.1000,    38.5000,    37.0000,    37.7500,      23432,         99,              881439
VSWS,B,20260617,500280,,Century Enka,   502.0000,   515.4500,   497.8500,   504.9000,       3725,        229,             1873513
VSWS,B,20260617,500282,,Modern Thread,    43.2500,    46.8000,    43.2500,    43.2500,         28,          7,                1246
VSWS,B,20260617,500284,,Lords Chloro Alkali,   135.0000,   135.0000,   133.4500,   133.4500,         10,          3,                1343
VSWS,B,20260617,500285,,Spicejet,    12.9600,    13.1400,    12.6400,    12.7700,    5956624,       5659,            76982011
VSWS,B,20260617,500288,,Morepen Laboratories,    52.5800,    52.8200,    51.2300,    51.5200,     392212,       1072,            20384861
VSWS,B,20260617,500290,,M R F,129199.9500,129651.4000,128250.0000,129303.9000,        299,        239,            38561240
VSWS,B,20260617,500292,,Heidelberg Cement,   152.2500,   152.3000,   150.0000,   150.1500,      11666,        220,             1756897
VSWS,B,20260617,500294,,NCC,   153.4000,   156.3500,   153.1500,   154.3500,     283239,       7340,            43839007
VSWS,B,20260617,500295,,Vedanta,   299.9500,   308.0000,   297.3000,   306.4000,    1829336,      18750,           555181605
VSWS,B,20260617,500296,,Nahar Spinning,   245.3000,   251.8000,   244.9000,   250.9500,       2492,         35,              620576
VSWS,B,20260617,500298,,Naperol Investments,   637.9500,   688.0000,   621.4500,   662.3500,       2209,        203,             1445236
VSWS,B,20260617,500300,,Grasim Industries,  3176.1500,  3176.1500,  3116.4000,  3150.3000,       7879,       1493,            24742376
VSWS,B,20260617,500304,,N I I T,   106.9900,   110.0900,   101.1900,   103.2800,     372206,       3397,            39407344
VSWS,B,20260617,500306,,Jaykay Enterprises,   172.8500,   180.5500,   172.0000,   178.9000,      24665,        541,             4365786
VSWS,B,20260617,500307,,Nirlon,   620.0000,   622.9000,   604.3000,   614.7000,        931,        120,              575125
VSWS,B,20260617,500312,,Oil & Natural Gas,   247.9000,   247.9000,   244.2000,   245.1500,     550677,       9431,           135244551
VSWS,B,20260617,500313,,Oil Country Tubular,    55.2000,    56.9800,    55.2000,    56.3100,       2720,         17,              150874
VSWS,B,20260617,500314,,Oriental Hotels,   118.4400,   120.3300,   113.0000,   113.1500,      16601,        300,             1933124
VSWS,B,20260617,500317,,Oswal Agro Mills,    45.0900,    46.5500,    44.0000,    45.1900,        827,         16,               37258
VSWS,B,20260617,500319,,Indian Sucrose,    75.6600,    79.1000,    75.0000,    78.7700,       4078,         65,              314288
VSWS,B,20260617,500322,,Panyam Cements,   105.8000,   105.8000,    96.1000,   101.0000,        204,          8,               21475
VSWS,B,20260617,500325,,Reliance Industries,  1334.8000,  1334.8000,  1317.6500,  1332.5500,     508502,      18109,           675784638
VSWS,B,20260617,500327,,PIL Italica Lifestyl,     8.1400,     8.2100,     8.0500,     8.0600,       2893,         19,               23322
VSWS,B,20260617,500330,,Raymond,   594.4000,   596.8000,   584.1000,   590.3500,      16834,        483,             9939789
VSWS,B,20260617,500331,,Pidilite Industries,  1589.9500,  1589.9500,  1568.8000,  1578.0000,      15364,       1209,            24220987
VSWS,B,20260617,500333,,Pix Transmissions,  1612.0000,  1615.0000,  1590.0500,  1603.7000,       1124,        122,             1802096
VSWS,B,20260617,500335,,Birla Corporation,   999.0000,   999.0000,   980.0000,   984.8500,       2073,        187,             2052261
VSWS,B,20260617,500336,,Surya Roshni,   262.5500,   266.5000,   260.4500,   261.2500,      33477,        561,             8824878
VSWS,B,20260617,500337,,Prime Securities,   289.1500,   296.7000,   289.1500,   292.6500,       1885,        359,              549079
VSWS,B,20260617,500338,,Prism Johnson,   120.9000,   123.6000,   120.9000,   122.6500,      42624,        877,             5237473
VSWS,B,20260617,500339,,Rain Industries,   195.5000,   198.3000,   190.9000,   196.9500,     230633,       2503,            45039863
VSWS,B,20260617,500342,,Prudential Sugar,    15.6000,    15.6000,    15.0000,    15.0200,        131,          6,                2027
VSWS,B,20260617,500343,,AMJ Land Holdings,    40.0000,    40.0000,    37.6200,    39.1300,       2098,         61,               82162
VSWS,B,20260617,500346,,Punjab Communication,    48.9900,    49.4800,    47.6000,    48.0700,       5736,         80,              275690
VSWS,B,20260617,500350,,RSWM,   205.9500,   205.9500,   186.8000,   193.0000,       9877,        518,             1916456
VSWS,B,20260617,500354,,Rajshree Sugars,    34.5000,    34.5400,    33.5900,    33.7500,       4220,         19,              142496
VSWS,B,20260617,500355,,Rallis India,   230.0500,   230.3500,   225.5000,   228.4000,      29692,        635,             6783944
VSWS,B,20260617,500356,,Shree Rama Newsprint,    30.2000,    30.2000,    28.9700,    30.0000,       4678,         26,              138486
VSWS,B,20260617,500357,,Rama Paper Mills,    14.6500,    14.7000,    13.8100,    13.8100,       1980,         16,               27559
VSWS,B,20260617,500360,,Rapicut Carbides,   185.1000,   196.9500,   181.5500,   191.0500,       5392,        167,             1024928
VSWS,B,20260617,500365,,Welspun Specialty So,    55.3300,    59.9800,    55.3300,    59.9800,    1797436,       4508,           105995978
VSWS,B,20260617,500367,,Rubfila Internationa,    72.5400,    74.4000,    72.5100,    72.6800,        385,         30,               28172
VSWS,B,20260617,500368,,Patanjali Foods,   427.4000,   427.4500,   416.4000,   419.0000,     175914,      35803,            73876159
VSWS,B,20260617,500370,,Salora International,    28.6700,    29.0500,    27.5800,    28.4000,       2797,         35,               79800
VSWS,B,20260617,500371,,Samtel India,    57.6700,    57.6700,    57.6700,    57.6700,       3765,         11,              217127
VSWS,B,20260617,500378,,Jindal Saw,   248.8000,   259.2000,   244.6500,   258.1500,     139681,       2634,            35361585
VSWS,B,20260617,500380,,JK Lakshmi Cement,   601.0500,   608.8000,   597.6500,   599.8500,      14634,        716,             8790715
VSWS,B,20260617,500387,,Shree Cements, 24795.0000, 25450.0000, 24795.0000, 25005.8500,      14568,        414,           368422780
VSWS,B,20260617,500388,,Shree Krishna Paper,   122.0000,   124.0500,   122.0000,   122.0000,       3001,          3,              366124
VSWS,B,20260617,500400,,Tata Power,   402.2500,   403.1500,   399.6000,   401.1500,     239661,       3989,            96105286
VSWS,B,20260617,500402,,SPML Infra,   189.2500,   191.4000,   187.6500,   190.5000,       9730,        253,             1846252
VSWS,B,20260617,500403,,Sundaram Fasteners,   856.5500,   861.2500,   836.4000,   857.0500,       6415,       1142,             5448656
VSWS,B,20260617,500404,,Sunflag Iron & Steel,   366.0500,   368.8500,   358.4000,   365.1500,      10579,        336,             3849076
VSWS,B,20260617,500405,,Supreme Petrochem,   717.5000,   720.2000,   698.4000,   713.9500,       8801,        277,             6263119
VSWS,B,20260617,500407,,Swaraj Engines,  3845.0500,  3892.6500,  3841.6000,  3857.4000,        587,        155,             2266431
VSWS,B,20260617,500408,,Tata Elxsi,  4139.4500,  4151.5000,  4025.0000,  4093.5000,      12234,       1840,            50128988
VSWS,B,20260617,500410,,A C C,  1350.1000,  1354.7500,  1343.3000,  1351.8000,       8509,        810,            11478765
VSWS,B,20260617,500411,,Thermax,  4715.0000,  4797.9500,  4711.0000,  4767.7500,       4643,        556,            22056609
VSWS,B,20260617,500412,,Thirumalai Chemicals,   179.3500,   179.3500,   174.4500,   175.0500,       6324,        227,             1110995
VSWS,B,20260617,500413,,Thomas Cook,   110.3900,   113.5000,   108.1800,   111.2000,     159006,       1017,            17769221
VSWS,B,20260617,500414,,Timex Group India,   489.4500,   499.9500,   480.2500,   484.1000,      54002,       1701,            26391793
VSWS,B,20260617,500418,,Tokyo Plast Inter,    83.8800,    87.2400,    81.2600,    87.2400,         29,          6,                2383
VSWS,B,20260617,500420,,Torrent Pharma,  4489.3500,  4490.0500,  4415.8000,  4448.4000,      19765,       1275,            87963072
VSWS,B,20260617,500421,,TPI India,    14.0400,    14.2900,    13.8000,    14.0400,       9588,         45,              134904
VSWS,B,20260617,500422,,Transchem,   298.7500,   298.7500,   280.0000,   292.7500,       2657,         41,              758371
VSWS,B,20260617,500425,,Ambuja Cements,   426.3000,   428.1000,   422.8000,   426.6000,      95017,       2562,            40407358
VSWS,B,20260617,500426,,UTL Industries,     1.7500,     1.8500,     1.7200,     1.7600,      32574,         87,               57456
VSWS,B,20260617,500429,,Uniphos Enterprises,   102.9000,   111.9000,   102.9000,   110.9000,         30,          6,                3247
VSWS,B,20260617,500440,,Hindalco Industries,   983.1500,  1011.9500,   971.7000,  1007.9500,     691086,      10115,           687058322
VSWS,B,20260617,500444,,West Coast Paper,   514.2000,   521.0000,   513.5500,   514.4500,       5090,        177,             2631805
VSWS,B,20260617,500449,,Hindustan Organic,    38.9800,    39.0500,    37.3600,    38.8300,      57125,        169,             2214166
VSWS,B,20260617,500450,,MPIL Corporation,   618.8000,   618.8000,   594.7000,   594.7000,        102,          3,               60683
VSWS,B,20260617,500456,,Pasupati Acrylon,    67.5000,    67.8000,    64.9100,    66.5200,       7701,         68,              511366
VSWS,B,20260617,500458,,Team24 Consumer Prod,    29.6700,    29.6700,    28.2000,    29.0000,        630,         10,               18271
VSWS,B,20260617,500459,,Procter & Gamble,  9119.9500,  9130.0000,  8972.0000,  8999.3000,        938,        348,             8460686
VSWS,B,20260617,500460,,Mukand,   135.5500,   136.3500,   133.8000,   134.8000,       5954,        176,              802808
VSWS,B,20260617,500463,,Black Box,  1021.3500,  1039.0000,  1005.0000,  1018.1500,      19222,        792,            19666573
VSWS,B,20260617,500464,,Ucal,   102.0000,   102.5000,   101.4500,   102.0000,        696,          9,               70993
VSWS,B,20260617,500467,,Harrisons Malayalam,   211.5000,   213.5000,   207.2000,   208.4000,        145,         12,               30446
VSWS,B,20260617,500469,,Federal Bank,   320.3000,   323.6500,   319.3500,   322.5000,     206373,       4170,            66254033
VSWS,B,20260617,500470,,Tata Steel,   196.1500,   199.4500,   195.6000,   199.0000,     954363,      11565,           188846222
VSWS,B,20260617,500472,,SKF India,  1638.5000,  1650.4500,  1623.0000,  1630.2500,        984,        163,             1609568
VSWS,B,20260617,500477,,Ashok Leyland,   159.5500,   160.2000,   158.1000,   159.5000,    1128446,       8645,           179759593
VSWS,B,20260617,500480,,Cummins India,  5769.6500,  5850.0000,  5728.8000,  5826.2000,      46696,       2007,           271481654
VSWS,B,20260617,500483,,Tata Communications,  1934.8000,  1965.5500,  1895.1000,  1900.7000,      16639,       1318,            32051241
VSWS,B,20260617,500488,,Abbott India, 25999.9500, 26302.6000, 25940.0000, 25950.8500,        368,        210,             9591798
VSWS,B,20260617,500490,,Bajaj Holdings & Inv, 10460.0000, 10595.0000, 10411.8000, 10491.7500,        771,        258,             8088222
VSWS,B,20260617,500493,,Bharat Forge,  2025.0000,  2038.0000,  2001.6000,  2034.3000,      30791,       2546,            62213180
VSWS,B,20260617,500495,,Escorts Kubota,  2833.2500,  2874.6500,  2823.0000,  2830.5000,       5158,        622,            14626319
VSWS,B,20260617,500500,,Hindustan Motors,    17.5800,    17.5800,    16.8100,    17.0500,     196110,        705,             3357008
VSWS,B,20260617,500510,,Larsen & Toubro,  4198.0000,  4214.0000,  4171.5500,  4206.9500,      51155,       5233,           214696462
VSWS,B,20260617,500520,,Mahindra & Mahindra,  3167.5000,  3167.5000,  3091.0000,  3133.1500,     131025,      12120,           410064490
VSWS,B,20260617,500530,,Bosch, 39299.9500, 39478.0000, 38867.5500, 39199.8500,        917,        424,            35932727
VSWS,B,20260617,500540,,Premier,     2.9500,     3.0200,     2.8100,     2.8100,       5831,          6,               17574
VSWS,B,20260617,500547,,Bharat Petroleum,   316.4000,   319.5000,   315.3500,   317.9500,     571013,       7118,           181442302
VSWS,B,20260617,500550,,Siemens,  3660.0000,  3735.7500,  3625.2000,  3724.0500,      18762,       2783,            69151434
VSWS,B,20260617,500570,,Tata Motors Passenge,   397.0500,   397.0500,   355.0000,   361.0500,    3280898,      52329,          1203743069
VSWS,B,20260617,500575,,Voltas,  1326.9500,  1381.0000,  1326.6000,  1351.0000,      76100,       3440,           103987824
VSWS,B,20260617,500620,,GE Shipping,  1415.1500,  1432.6000,  1397.9000,  1404.9500,      14051,        896,            19773169
VSWS,B,20260617,500645,,Deepak Fertilizers,  1540.1000,  1558.0000,  1536.0000,  1549.9500,      22431,       1384,            34706675
VSWS,B,20260617,500650,,Excel Industries,   922.5000,   939.9500,   922.5000,   929.0500,        144,         20,              134567
VSWS,B,20260617,500655,,Garware Hi-Tech Film,  6299.2500,  6540.0000,  6299.2500,  6492.9500,       6326,        973,            40942021
VSWS,B,20260617,500660,,Glaxosmithkline Phar,  2209.9500,  2210.0000,  2170.0000,  2198.8500,       8187,        672,            17900013
VSWS,B,20260617,500670,,G N F C,   539.7000,   562.7500,   538.0000,   558.8000,     116653,       3222,            64900648
VSWS,B,20260617,500672,,Novartis India,  1321.4000,  1376.6500,  1321.4000,  1362.0000,        865,         92,             1163051
VSWS,B,20260617,500674,,Sanofi India,  3328.8000,  3343.8500,  3292.0000,  3303.8500,       2517,        488,             8336649
VSWS,B,20260617,500680,,Pfizer,  4517.4500,  4533.9500,  4485.3500,  4500.9500,        981,        258,             4423652
VSWS,B,20260617,500690,,G S F C,   167.5500,   168.7500,   165.7500,   166.1000,      64008,        828,            10698402
VSWS,B,20260617,500696,,Hindustan Unilever,  2201.1500,  2224.9500,  2183.0000,  2197.9500,     255140,       5826,           566146697
VSWS,B,20260617,500710,,JSW Dulux,  3250.7500,  3310.9500,  3207.5500,  3229.9000,       2182,        449,             7079811
VSWS,B,20260617,500730,,NOCIL,   161.3500,   164.0000,   160.6500,   161.3000,      11065,        340,             1793913
VSWS,B,20260617,500770,,Tata Chemicals,   731.9500,   740.0000,   727.1500,   728.5000,      53924,       1551,            39473577
VSWS,B,20260617,500777,,Tamilnadu Petropro,    91.3500,    91.3900,    90.0100,    90.8100,       1430,         36,              129614
VSWS,B,20260617,500780,,Zuari Industries,   274.8000,   274.8000,   261.7500,   267.3500,      12934,        340,             3468353
VSWS,B,20260617,500790,,Nestle,  1390.3500,  1415.9000,  1388.0000,  1407.1500,      34384,       1772,            48366062
VSWS,B,20260617,500800,,Tata Consumer Produc,  1136.6500,  1136.6500,  1117.6500,  1123.6000,      41051,       1599,            46164266
VSWS,B,20260617,500820,,Asian Paints,  2750.8000,  2765.5500,  2732.5000,  2737.0000,      24218,       3016,            66487087
VSWS,B,20260617,500825,,Britannia Industries,  5210.7000,  5250.0000,  5192.5500,  5232.5000,       7985,        931,            41645626
VSWS,B,20260617,500830,,Colgate,  2091.9000,  2091.9000,  2028.0000,  2034.0500,      22226,       2838,            45522526
VSWS,B,20260617,500840,,E I H,   305.9000,   317.0000,   305.9000,   313.7500,      28405,        562,             8888666
VSWS,B,20260617,500850,,Indian Hotels,   701.6500,   701.6500,   692.0000,   698.7500,     301991,       1393,           209987682
VSWS,B,20260617,500870,,Castrol India,   184.9500,   186.1000,   184.0500,   184.5000,      85903,       1598,            15896141
VSWS,B,20260617,500875,,I T C,   291.7500,   292.2500,   290.0000,   290.7500,     703139,      14795,           204535820
VSWS,B,20260617,500877,,Apollo Tyres,   422.6000,   443.6500,   422.0000,   429.0000,     749253,      28529,           326369695
VSWS,B,20260617,500878,,Ceat,  3465.5000,  3500.0000,  3438.9500,  3485.3000,       7783,       1150,            27012530
VSWS,B,20260617,500890,,Modi Rubber,   128.9500,   128.9500,   128.9500,   128.9500,          2,          2,                 257
VSWS,B,20260617,500940,,Finolex Industries,   170.8000,   174.9500,   169.4500,   173.3000,    4221530,       4201,           716999803
VSWS,B,20260617,501148,,Dalal Street Inv,   400.0000,   408.0000,   400.0000,   408.0000,         29,         10,               11803
VSWS,B,20260617,501150,,Centrum Capital,    21.7500,    23.0000,    21.7500,    22.1000,      10710,         63,              238586
VSWS,B,20260617,501151,,Kartik Investments,  7619.8000,  7657.8500,  7619.8000,  7619.8000,          8,          3,               61186
VSWS,B,20260617,501242,,TCI Finance,    25.0000,    25.0000,    25.0000,    25.0000,       2997,         58,               74925
VSWS,B,20260617,501270,,Antariksh Industries,     5.4800,     5.4800,     5.4800,     5.4800,          2,          1,                  10
VSWS,B,20260617,501295,,Industrial Inv Trust,   134.0500,   140.0000,   134.0500,   137.9500,       8389,        115,             1167737
VSWS,B,20260617,501298,,Industrial & Prudent,  6464.5500,  6508.1500,  6464.5500,  6508.1500,          2,          2,               12972
VSWS,B,20260617,501301,,Tata Investment Corp,   675.9500,   677.1500,   671.1000,   675.0500,      15138,        555,            10201920
VSWS,B,20260617,501311,,Jaybharat Credit,    16.3200,    16.3200,    16.3200,    16.3200,        230,          4,                3753
VSWS,B,20260617,501314,,Prismx Global Ventur,     0.6200,     0.6400,     0.6100,     0.6100,     210124,        134,              129392
VSWS,B,20260617,501343,,Motor & General Fin,    29.5000,    30.2400,    29.3500,    29.3500,      13919,         15,              416015
VSWS,B,20260617,501351,,Rapid Investments,    79.5000,    79.5000,    79.5000,    79.5000,          8,          1,                 636
VSWS,B,20260617,501370,,Walchand People,   136.9500,   137.0000,   136.9500,   137.0000,          4,          3,                 547
VSWS,B,20260617,501386,,E & E Enterprises,    22.2200,    22.2200,    22.2200,    22.2200,      15000,         15,              333300
VSWS,B,20260617,501391,,WH Brady & Co,   556.5500,   557.3000,   536.7000,   555.9500,        259,         32,              141374
VSWS,B,20260617,501421,,TechVision Ventures,  5349.0000,  5495.0000,  5040.0000,  5113.5000,        116,         58,              609853
VSWS,B,20260617,501423,,Shaily Engineering P,  2928.3000,  2957.8000,  2858.4000,  2889.3500,       7600,        600,            21975170
VSWS,B,20260617,501425,,Bombay Burmah,  1535.0000,  1535.0000,  1514.5000,  1523.9500,       3524,        338,             5364209
VSWS,B,20260617,501430,,Bombay Cycle,  1552.1000,  1638.9500,  1552.1000,  1559.2000,        164,         17,              255093
VSWS,B,20260617,501455,,Greaves Cotton,   191.8500,   195.0000,   189.4500,   191.7000,      63178,        639,            12183422
VSWS,B,20260617,501477,,Muller & Phipps,   206.0000,   208.0000,   200.0000,   208.0000,         52,          8,               10443
VSWS,B,20260617,501622,,Amalgamated Elect,    97.5000,    97.9200,    97.5000,    97.9200,       1390,          4,              135688
VSWS,B,20260617,501700,,India Nivesh,     7.2100,     7.3500,     6.7600,     7.2100,      20710,         48,              147782
VSWS,B,20260617,501831,,Coastal Corporation,    52.1900,    52.4300,    50.2500,    51.3900,       9383,        149,              483541
VSWS,B,20260617,501833,,Chowgule Steamships,    21.1100,    22.4000,    21.1100,    21.9900,      11946,         57,              262599
VSWS,B,20260617,501848,,Garware Offshore,    50.8400,    55.7700,    49.0000,    55.7700,      35906,        195,             1946992
VSWS,B,20260617,501945,,Dhenu Buildcon Infra,    10.2100,    10.6100,    10.2100,    10.4700,      18006,        132,              186897
VSWS,B,20260617,502015,,ASI Industries,    25.5000,    25.5000,    24.7100,    25.0600,       9836,         58,              246537
VSWS,B,20260617,502090,,Sagar Cements,   178.6500,   178.6500,   173.5000,   174.6000,       2160,         96,              378110
VSWS,B,20260617,502137,,Deccan Cements,   579.5000,   579.5000,   571.3000,   573.6500,        287,         13,              164261
VSWS,B,20260617,502157,,Mangalam Cement,   851.5000,   860.1500,   842.3500,   844.3500,        223,         21,              189121
VSWS,B,20260617,502168,,NCL Industries,   198.1500,   199.9000,   194.9500,   195.9500,      17956,        413,             3542160
VSWS,B,20260617,502175,,Saurashtra Cement,    58.0100,    59.2000,    58.0100,    59.0000,       3335,         80,              196506
VSWS,B,20260617,502180,,Shree Digvijay Cem,    76.0000,    76.0000,    73.6900,    75.3400,       9506,        235,              712963
VSWS,B,20260617,502219,,Borosil Renewables,   566.6000,   595.2000,   561.4000,   594.1500,      79108,       2036,            46115167
VSWS,B,20260617,502250,,Lerthai Finance,   466.1500,   466.1500,   421.8000,   466.0000,        258,         24,              109718
VSWS,B,20260617,502281,,Triveni Glass,     6.7500,     6.7500,     6.7000,     6.7000,       3354,         12,               22604
VSWS,B,20260617,502294,,Nilachal Refractorie,    42.5000,    42.9500,    41.0000,    42.0200,        240,         10,                9909
VSWS,B,20260617,502330,,Andhra Paper,    63.0000,    64.1200,    62.5200,    63.5000,       5963,        303,              377512
VSWS,B,20260617,502355,,Balkrishna Ind,  2249.5500,  2266.0000,  2222.0000,  2254.9000,      19445,       1263,            43764514
VSWS,B,20260617,502420,,Orient Paper & Inds,    18.2700,    18.2700,    17.5000,    17.8200,      27706,         93,              495353
VSWS,B,20260617,502445,,Citadel Realty & Dev,    38.4000,    38.4000,    35.5000,    37.0000,       2478,         23,               91763
VSWS,B,20260617,502448,,Rollatainers,     2.9800,     3.0900,     2.9100,     3.0900,     119531,        122,              363330
VSWS,B,20260617,502450,,Seshasayee Paper,   222.0000,   227.0500,   220.0000,   222.7500,       5762,        372,             1290892
VSWS,B,20260617,502587,,Nath Industries,    49.4300,    51.9800,    42.0000,    46.7000,      29923,        214,             1351608
VSWS,B,20260617,502820,,D C M,    95.3000,    95.3000,    95.3000,    95.3000,         33,          2,                3144
VSWS,B,20260617,502865,,Forbes & Company,   324.8500,   324.8500,   315.5000,   318.2000,       3641,         52,             1160912
VSWS,B,20260617,502873,,HP Cotton,   103.7500,   103.7500,   103.2500,   103.3000,        102,          7,               10533
VSWS,B,20260617,502893,,United Interactive,    74.4500,    74.4500,    73.7400,    73.7400,          3,          3,                 221
VSWS,B,20260617,502901,,Jamshri Realty,    75.0000,    79.5000,    75.0000,    78.3300,        394,         40,               30770
VSWS,B,20260617,502937,,Kesoram Industries,    12.5000,    12.6900,    12.0100,    12.5200,     402422,        394,             4967447
VSWS,B,20260617,502958,,Lakshmi Mills,  7598.0000,  7598.0000,  7400.0500,  7504.2500,        118,         26,              891734
VSWS,B,20260617,502986,,Vardhman Textiles,   639.6500,   639.6500,   612.5500,   625.4500,      15026,        492,             9332497
VSWS,B,20260617,503031,,Peninsula Land,    15.8400,    16.2700,    15.6100,    16.2300,       6819,         26,              107593
VSWS,B,20260617,503092,,Pasupati Spinning,    28.7800,    28.7800,    28.7800,    28.7800,         11,          1,                 316
VSWS,B,20260617,503100,,Phoenix Mills,  1889.3500,  1905.0000,  1864.8000,  1871.6500,      10664,       1264,            20118446
VSWS,B,20260617,503101,,Marathon Nextgen Rea,   409.0000,   417.0000,   407.5000,   413.0500,        898,         55,              372618
VSWS,B,20260617,503127,,Raja Bahadur Interna,  5504.3500,  5505.0000,  5504.3500,  5505.0000,         56,          9,              308244
VSWS,B,20260617,503162,,Reliance Chemotex,   140.4000,   140.4000,   134.0000,   137.8000,       3072,         75,              423084
VSWS,B,20260617,503169,,Ruby Mills,   311.0000,   320.9000,   311.0000,   319.9500,       7141,         45,             2277112
VSWS,B,20260617,503229,,Simplex Realty,   130.9500,   137.4500,   124.5500,   131.2000,        188,         13,               24007
VSWS,B,20260617,503310,,Swan Corp,   316.0000,   321.9500,   314.7000,   315.5500,      62658,        956,            19917248
VSWS,B,20260617,503349,,Victoria Mills,  5251.0000,  5337.5000,  5251.0000,  5337.5000,          2,          2,               10588
VSWS,B,20260617,503624,,Svaraj Trading,     8.2800,     8.2800,     8.0500,     8.0600,        610,          5,                4951
VSWS,B,20260617,503626,,Manglam Global Corpo,    15.4600,    15.4600,    15.4600,    15.4600,          5,          1,                  77
VSWS,B,20260617,503635,,Shree Salasar Inv,   237.5000,   239.8000,   229.0000,   234.1500,        254,         12,               60199
VSWS,B,20260617,503639,,Apollo Ingredients,    74.6500,    74.6500,    74.6500,    74.6500,       4195,         13,              313156
VSWS,B,20260617,503641,,Zodiac Ventures,     1.7600,     1.8100,     1.7600,     1.8000,      66566,        113,              118561
VSWS,B,20260617,503657,,Veer Energy & Infra,    12.4300,    12.7700,    12.2400,    12.3100,      10984,         61,              136254
VSWS,B,20260617,503663,,Tilak Ventures,     1.1800,     1.1800,     1.1500,     1.1600,     536365,        375,              622844
VSWS,B,20260617,503675,,Wagend Infra Venture,     1.1200,     1.2500,     1.1200,     1.1700,     105450,         23,              123860
VSWS,B,20260617,503681,,Elcid Investments,118499.8000,118500.0000,118400.0000,118400.0000,          5,          5,              592399
VSWS,B,20260617,503685,,Mediaone Global Ent,    15.5500,    15.6000,    14.7000,    15.3500,        518,          8,                7626
VSWS,B,20260617,503722,,Banswara Syntex,   133.5000,   135.7000,   129.0000,   130.5500,        382,         17,               51154
VSWS,B,20260617,503776,,Modipon,    51.7000,    56.9000,    51.6000,    51.6000,        176,          7,                9089
VSWS,B,20260617,503804,,Shri Dinesh Mills,   311.5000,   315.0000,   310.0500,   310.0500,       1110,         24,              349077
VSWS,B,20260617,503806,,S R F,  2742.8000,  2756.9500,  2653.0000,  2704.6000,      11537,       1660,            31018184
VSWS,B,20260617,503811,,Siyaram Silk Mills,   629.3000,   634.3000,   608.3500,   614.8500,       4975,        304,             3087152
VSWS,B,20260617,503816,,Swadeshi Polytex,    36.3100,    36.7900,    35.2100,    36.5400,       5827,         47,              210839
VSWS,B,20260617,503863,,Shree Manufacturing,    10.6400,    10.6400,    10.1100,    10.6300,        538,          8,                5693
VSWS,B,20260617,503960,,Bharat Bijlee,  2801.7500,  2825.0000,  2771.4000,  2815.9500,        999,        160,             2796488
VSWS,B,20260617,504000,,Elpro International,   169.8500,   169.8500,   169.0000,   169.0000,       3739,         45,              632531
VSWS,B,20260617,504028,,Gee,    95.0100,    97.6900,    92.6500,    93.7000,     121626,        214,            11494003
VSWS,B,20260617,504036,,Hind Rectifiers,  1155.8000,  1205.0000,  1144.0500,  1189.9500,      21667,       1724,            25621929
VSWS,B,20260617,504058,,Indo National,   378.0000,   378.0000,   357.8500,   370.0000,       1363,         67,              507202
VSWS,B,20260617,504067,,Zensar Technologies,   467.1000,   473.8500,   460.0000,   461.9000,      75904,       2374,            35479903
VSWS,B,20260617,504076,,Jyoti,    64.0000,    64.5000,    62.4100,    63.2900,      25135,        120,             1603525
VSWS,B,20260617,504084,,Kaycee Industries,   917.8000,   923.5000,   868.0000,   888.1000,       1028,        164,              918511
VSWS,B,20260617,504092,,Indokem,   537.8500,   537.8500,   507.7500,   514.8500,       2677,        124,             1373975
VSWS,B,20260617,504093,,Panasonic Energy (I),   284.5000,   292.7000,   284.5000,   288.8500,       1391,         62,              399377
VSWS,B,20260617,504112,,Nelco,   725.2000,   750.0000,   720.0000,   743.0000,      16884,        908,            12446358
VSWS,B,20260617,504132,,Permanent Magnets,   844.0000,   868.4000,   839.8000,   842.9500,       1127,         97,              957990
VSWS,B,20260617,504176,,High Energy Batt,   524.0000,   526.9500,   518.6000,   522.6500,       5639,        213,             2951677
VSWS,B,20260617,504180,,Standard Batteries,    50.0000,    50.3000,    49.7500,    49.9000,        868,         34,               43306
VSWS,B,20260617,504212,,Universal Cables,  1195.0000,  1249.8500,  1192.1000,  1239.2500,      14087,        829,            17199679
VSWS,B,20260617,504220,,WS Industries,    68.4400,    69.0000,    66.2800,    67.3800,       2218,         77,              149821
VSWS,B,20260617,504240,,Delton Cables,   414.9500,   440.0000,   412.2500,   437.8500,      15067,        361,             6454941
VSWS,B,20260617,504258,,Lakshmi Electr Contr,   769.0000,   780.0000,   761.0000,   773.1000,        384,         28,              298046
VSWS,B,20260617,504273,,Modulex Construction,    16.2000,    16.2000,    15.2100,    15.8900,      18459,         34,              291540
VSWS,B,20260617,504286,,Delta Manufacturing,    60.0000,    62.8900,    59.9000,    62.8900,        619,         68,               37883
VSWS,B,20260617,504340,,Longspur Internation,     7.5400,     7.9100,     7.5400,     7.9000,      25596,         18,              202463
VSWS,B,20260617,504341,,Ravindra Energy,   143.5500,   147.0000,   143.0000,   144.9000,      43054,        826,             6245200
VSWS,B,20260617,504351,,Empower India,     1.8400,     1.9000,     1.8400,     1.9000,    4998023,        488,             9340843
VSWS,B,20260617,504369,,Grandma Trading,     0.4100,     0.4100,     0.3900,     0.3900,     111127,         32,               43340
VSWS,B,20260617,504375,,IDream Film Infra,   416.4500,   416.4500,   416.4500,   416.4500,        250,          5,              104112
VSWS,B,20260617,504378,,Nyssa Corporation,     2.3600,     2.6000,     2.3600,     2.5300,      32645,         79,               83282
VSWS,B,20260617,504380,,Flomic Global Logist,    54.8900,    54.8900,    52.5000,    52.5600,        341,         20,               18176
VSWS,B,20260617,504392,,Krishna Ventures,    38.6200,    38.6200,    38.6200,    38.6200,      12361,         27,              477381
VSWS,B,20260617,504605,,Uni Abex Alloy Prod,  4234.6000,  4300.0000,  4010.0000,  4297.0000,       1120,        135,             4761184
VSWS,B,20260617,504614,,Sarda Energy & Mine,   525.0500,   528.5000,   520.3500,   522.8500,      20611,        549,            10794135
VSWS,B,20260617,504646,,Bhagwati Autocast,   498.0000,   507.9500,   492.9500,   497.8500,        887,         74,              440115
VSWS,B,20260617,504648,,Bombay Wire Ropes,    47.2600,    49.0000,    46.7600,    48.9900,        513,          7,               25063
VSWS,B,20260617,504731,,Azad India Mobility,   102.9000,   103.0000,   100.0000,   102.0000,       6589,         73,              668246
VSWS,B,20260617,504741,,Indian Hume Pipe,   310.9000,   315.0000,   310.9000,   312.3500,       2328,        112,              727457
VSWS,B,20260617,504746,,RRP Electronics (I),   907.9500,   907.9500,   851.0500,   861.5500,       1164,         72,             1022925
VSWS,B,20260617,504786,,Invest & Precision,   641.9500,   649.7000,   634.0000,   643.2500,       1260,        121,              809425
VSWS,B,20260617,504810,,Informed Technologie,    77.6100,    78.4400,    77.6100,    78.4400,        920,          8,               71761
VSWS,B,20260617,504840,,Kaira Can,  1522.5000,  1529.6000,  1501.0000,  1503.7000,         49,          8,               74491
VSWS,B,20260617,504879,,Orient Ceratech,    38.4300,    39.0000,    38.0000,    38.1800,      10968,         61,              423123
VSWS,B,20260617,504882,,National Standard I,  1200.0500,  1200.0500,  1200.0500,  1200.0500,          1,          1,                1200
VSWS,B,20260617,504903,,Rathi Steel & Power,    19.6400,    19.6400,    18.5000,    19.1900,      34328,        155,              655369
VSWS,B,20260617,504908,,Duncan Engineering,   357.9000,   357.9000,   334.9500,   340.0000,       2415,         78,              821552
VSWS,B,20260617,504918,,Sandur Manganese,   215.0500,   220.0000,   214.7500,   215.5500,      46375,        765,            10083168
VSWS,B,20260617,504959,,Stovec Industries,  1620.0000,  1668.5000,  1600.0000,  1653.0000,        400,         52,              656909
VSWS,B,20260617,504973,,Cholamandalam Financ,  1551.5500,  1602.0000,  1551.5500,  1582.0000,      10555,        684,            16719155
VSWS,B,20260617,504988,,Welcast Steels,   690.1000,   705.0000,   690.1000,   691.7500,         53,          8,               36714
VSWS,B,20260617,505010,,Automotive Axles,  1777.0000,  1805.7500,  1768.3000,  1795.0000,        478,         81,              854717
VSWS,B,20260617,505029,,Atlas Cycle Haryana,   104.1000,   104.1000,    99.0100,   100.2200,        164,         18,               16296
VSWS,B,20260617,505036,,Automobile Corpn,  2114.9500,  2137.7000,  2049.9500,  2065.7500,       1971,        353,             4110126
VSWS,B,20260617,505075,,Setco Automotive,    18.2500,    18.2500,    18.2500,    18.2500,      53688,         89,              979806
VSWS,B,20260617,505160,,Talbros Automotive,   363.0000,   363.2500,   356.4500,   358.8500,       6137,        199,             2209695
VSWS,B,20260617,505163,,ZF Steering Gear,   694.0000,   712.9500,   690.0000,   695.0000,        853,        141,              597803
VSWS,B,20260617,505192,,SML Mahindra,  3964.8000,  4006.3500,  3935.7000,  3968.3000,       7212,        596,            28515157
VSWS,B,20260617,505196,,T I L,   182.5500,   211.9500,   180.7000,   205.9000,      25847,        579,             5185734
VSWS,B,20260617,505200,,Eicher Motors,  7623.8500,  7623.8500,  7458.0000,  7512.8000,      10618,       1971,            79839330
VSWS,B,20260617,505212,,Jainex Aamcol,   115.0000,   125.5000,   115.0000,   125.5000,        141,         13,               17296
VSWS,B,20260617,505216,,Alfred Herbert,  2860.0000,  2874.3000,  2752.0000,  2799.5500,         44,         10,              124863
VSWS,B,20260617,505232,,Veljan Denison,  1212.0000,  1212.0000,  1151.2000,  1190.1500,        363,         49,              424379
VSWS,B,20260617,505242,,Dynamatic Tech, 10503.3500, 10750.0000, 10503.3500, 10697.2500,        565,        190,             6016027
VSWS,B,20260617,505250,,G G Dandekar Propert,    65.0000,    69.9800,    64.0000,    68.7000,        251,          4,               16307
VSWS,B,20260617,505255,,GMM Pfaudler,   791.0000,   807.0000,   790.5500,   793.4500,       6923,        388,             5511249
VSWS,B,20260617,505283,,Kirloskar Pneumatic,  1642.9500,  1868.3000,  1642.9500,  1831.8000,      74085,       5186,           131030365
VSWS,B,20260617,505285,,Tulive Developers,  1200.0000,  1200.0000,  1200.0000,  1200.0000,          5,          1,                6000
VSWS,B,20260617,505299,,KPT Industries,   443.7500,   443.7500,   421.0000,   426.6500,       8307,        306,             3539638
VSWS,B,20260617,505302,,Lakshmi Eng & Wareho,  2350.0500,  2350.3000,  2350.0500,  2350.3000,         18,          2,               42302
VSWS,B,20260617,505324,,Manugraph India,    15.8000,    15.8000,    15.4000,    15.4000,        266,         12,                4161
VSWS,B,20260617,505336,,Harshil Agrotech,     0.3300,     0.3400,     0.3300,     0.3400,    2411454,        584,              806979
VSWS,B,20260617,505343,,Monotype India,     0.3900,     0.4000,     0.3800,     0.3900,    1055277,        533,              410390
VSWS,B,20260617,505355,,Nesco,  1116.1000,  1123.2000,  1108.9000,  1115.9000,       1813,        170,             2026565
VSWS,B,20260617,505358,,Integra Engineering,   224.0000,   229.7000,   221.0000,   221.5500,       7614,         99,             1698997
VSWS,B,20260617,505368,,Semac Construction,   325.1000,   340.0000,   325.1000,   325.2500,        101,          2,               32850
VSWS,B,20260617,505400,,Texmaco Infra & Hold,   102.4100,   102.6100,   100.7600,   101.4500,       2673,         77,              270981
VSWS,B,20260617,505412,,Wendt,  7819.3000,  7978.0000,  7753.2000,  7864.7500,        783,        283,             6163333
VSWS,B,20260617,505502,,PS IT Infrastructure,     1.2500,     1.2600,     1.2500,     1.2600,      11808,         15,               14789
VSWS,B,20260617,505504,,GHV Infra Projects,   223.0000,   225.0000,   218.5000,   219.4000,      22622,        215,             5002566
VSWS,B,20260617,505509,,Responsive Industrie,   176.4000,   180.4500,   176.0500,   178.0500,       2348,         92,              418195
VSWS,B,20260617,505515,,Shyamkamal Inv,    13.0700,    13.5000,    11.3100,    12.9300,      52307,        235,              631235
VSWS,B,20260617,505523,,Maharashtra Corporat,     0.3500,     0.3700,     0.3500,     0.3600,     496721,        236,              178874
VSWS,B,20260617,505526,,Dolat Algotech,    76.4400,    78.3000,    75.8300,    77.0800,      19713,        188,             1529252
VSWS,B,20260617,505533,,Westlife Foodworld,   459.8000,   459.8000,   453.0000,   457.8000,        787,        111,              359029
VSWS,B,20260617,505537,,Zee Entertainment,   111.5500,   112.7100,   109.5100,   109.9500,    1172402,       5765,           129836274
VSWS,B,20260617,505590,,SVP Global Textiles,     3.9000,     4.2400,     3.9000,     4.1500,      10928,         32,               44106
VSWS,B,20260617,505650,,Skyline Millars,    16.3800,    16.3800,    15.9700,    16.3000,       7032,         17,              112505
VSWS,B,20260617,505681,,Bimetal Bearings,   645.4000,   647.0000,   636.1500,   636.2000,        203,         21,              131310
VSWS,B,20260617,505685,,Taparia Tools,    30.5200,    30.5200,    30.5200,    30.5200,          1,          1,                  30
VSWS,B,20260617,505688,,Bharat Gears,   134.0000,   134.0000,   126.6000,   127.3500,      26684,        799,             3417473
VSWS,B,20260617,505690,,Brady & Morris Engg,   847.0000,   847.0000,   790.7500,   801.4500,        138,         45,              111834
VSWS,B,20260617,505693,,La Tim Metal & Indus,     9.3100,     9.6500,     9.2000,     9.3300,      21855,         73,              203282
VSWS,B,20260617,505700,,Elecon Engineering,   560.0000,   566.0000,   553.1000,   557.9000,      76853,       1638,            43062273
VSWS,B,20260617,505710,,Grauer & Weil,    76.1800,    78.4000,    76.1800,    76.7300,      46857,        750,             3621904
VSWS,B,20260617,505712,,Him Teknoforge,   203.8500,   207.8500,   203.0000,   203.4500,       5687,         60,             1165419
VSWS,B,20260617,505714,,Gabriel India,  1173.9500,  1173.9500,  1116.4500,  1123.8000,      73306,       1815,            83815987
VSWS,B,20260617,505720,,Hercules Investments,   122.9500,   123.0000,   121.6500,   122.6000,       4511,        111,              552983
VSWS,B,20260617,505725,,Algoquant Fintech,    57.5000,    60.2600,    56.7400,    59.2300,     280403,       1332,            16095930
VSWS,B,20260617,505726,,IFB Industries,  1271.9500,  1316.9500,  1271.5500,  1289.5000,       6599,        349,             8542720
VSWS,B,20260617,505729,,Singer India,    72.0800,    73.5000,    71.4100,    71.5000,       1277,        108,               92267
VSWS,B,20260617,505737,,International Combus,   487.0500,   501.4500,   484.0000,   487.5500,       2248,         77,             1100959
VSWS,B,20260617,505744,,Federal-Mogul Goetze,   439.8000,   445.0000,   439.1000,   444.6000,       2248,         70,              995077
VSWS,B,20260617,505750,,Josts Engineers,   251.8500,   261.0000,   242.2000,   250.0000,       4037,        124,             1026716
VSWS,B,20260617,505790,,Schaeffler India,  4217.7500,  4250.0000,  4133.5500,  4193.8000,       1631,        338,             6841070
VSWS,B,20260617,505800,,Rane Holdings,  1550.0000,  1633.0000,  1540.0000,  1615.5000,       2106,        335,             3341592
VSWS,B,20260617,505827,,SNL Bearings,   373.0000,   374.0000,   371.5000,   372.2000,        466,         20,              173636
VSWS,B,20260617,505840,,Jaipan Industries,    28.4900,    28.5000,    27.3600,    27.4500,       4670,         47,              131617
VSWS,B,20260617,505850,,Mangal Credit & Fin,   222.0000,   226.1000,   213.0000,   213.1500,       5803,        126,             1271575
VSWS,B,20260617,505854,,T R F,   232.0000,   235.9000,   225.9500,   233.0000,       9532,        153,             2216665
VSWS,B,20260617,505872,,W P I L,   451.8500,   469.0000,   451.8500,   460.1500,       8190,        493,             3802102
VSWS,B,20260617,505890,,Kennametal India,  3032.7000,  3093.9500,  2997.2500,  3048.1000,       2818,        598,             8596830
VSWS,B,20260617,505893,,Hindustan Hardy,   805.0000,   815.5000,   800.0000,   812.6000,        148,         20,              119361
VSWS,B,20260617,505978,,Triton Valves,  1036.0500,  1180.0000,  1025.0000,  1148.1500,      16134,        890,            17824989
VSWS,B,20260617,506003,,Sudal Industries,    41.8500,    41.9400,    39.0500,    41.1800,      24589,        115,             1002598
VSWS,B,20260617,506022,,Prakash Industries,   154.9000,   154.9000,   146.8000,   149.0500,      24063,        351,             3581778
VSWS,B,20260617,506074,,Arshiya,     1.0900,     1.0900,     1.0300,     1.0800,      21634,         40,               22647
VSWS,B,20260617,506076,,Grindwell Norton,  2050.0000,  2115.5000,  2046.0000,  2057.9000,       3793,        404,             7874445
VSWS,B,20260617,506079,,Lakshmi Precision,     5.4000,     5.4000,     5.4000,     5.4000,          1,          1,                   5
VSWS,B,20260617,506109,,Genesys Intl,   319.1500,   352.6000,   319.1500,   348.5000,     168755,       1925,            58525070
VSWS,B,20260617,506122,,Kairosoft AI Solutio,    85.2200,    85.2200,    85.2200,    85.2200,       1340,         15,              114194
VSWS,B,20260617,506128,,Parnax Lab,   135.9500,   138.4500,   133.2500,   135.6000,       4668,         47,              635857
VSWS,B,20260617,506134,,Gourmet Gateway Indi,    15.0500,    15.0500,    13.9100,    13.9200,      34095,         64,              476845
VSWS,B,20260617,506146,,Visagar Polytex,     0.5200,     0.5400,     0.5200,     0.5200,      64603,         46,               34144
VSWS,B,20260617,506166,,Apis India,    59.3100,    61.8000,    59.3100,    60.4200,       5372,        108,              323785
VSWS,B,20260617,506180,,Emergent Indl Solu,   410.0000,   410.0000,   405.9000,   405.9000,         18,          7,                7371
VSWS,B,20260617,506184,,Kanani Industries,     1.5600,     1.6300,     1.5600,     1.5700,      48289,        136,               77480
VSWS,B,20260617,506186,,Galaxy Supermarket,    19.4800,    19.5000,    18.4500,    19.4600,      14863,         58,              285926
VSWS,B,20260617,506194,,Arihant Superstructu,   266.5000,   267.5000,   261.4500,   267.0000,       1536,         35,              403198
VSWS,B,20260617,506197,,Bliss GVS Pharma,   456.0000,   477.3000,   453.0000,   474.5500,      92329,       2448,            43173701
VSWS,B,20260617,506222,,Styrenix Performance,  2242.5000,  2242.5000,  2195.7000,  2214.9000,        553,         94,             1224541
VSWS,B,20260617,506235,,Alembic,    89.0000,    91.5900,    88.9700,    90.8700,      27558,        403,             2489790
VSWS,B,20260617,506248,,Amines & Plast,   199.2500,   201.3000,   199.2500,   200.0000,        173,         27,               34607
VSWS,B,20260617,506260,,Anuh Pharma,    79.0000,    81.5000,    79.0000,    79.5700,       3784,        100,              303320
VSWS,B,20260617,506261,,Modison,   291.3500,   305.6000,   287.0000,   305.6000,      10572,        139,             3164825
VSWS,B,20260617,506285,,Bayer Cropscience,  4287.9000,  4287.9000,  4192.7000,  4213.1500,       1255,        374,             5315620
VSWS,B,20260617,506365,,Starsource Multitrad,   108.9500,   109.0000,   105.0000,   109.0000,        103,          5,               10826
VSWS,B,20260617,506390,,Sudarshan Colorants,   356.4000,   365.0000,   356.4000,   361.9000,         96,         10,               34720
VSWS,B,20260617,506395,,Coromandel Internati,  2059.7000,  2060.6500,  1998.0000,  2034.8000,      19793,       2358,            40139694
VSWS,B,20260617,506401,,Deepak Nitrite,  1642.9000,  1659.6500,  1611.0000,  1614.7500,       9686,       1269,            15807833
VSWS,B,20260617,506405,,DMCC Speciality Chem,   265.9500,   265.9500,   251.9500,   253.2000,       2630,        104,              674180
VSWS,B,20260617,506414,,Fermenta Biotech,   328.6000,   340.0000,   318.0000,   321.7000,      20863,       1285,             6846745
VSWS,B,20260617,506480,,GOCL Corporation,   403.8000,   411.0000,   400.7500,   402.9000,       6173,        205,             2506013
VSWS,B,20260617,506520,,Jayshree Chemicals,     6.6200,     6.8000,     6.6000,     6.7000,      10959,         39,               73181
VSWS,B,20260617,506525,,Kanoria Chemicals,   102.0000,   105.8200,   102.0000,   105.8200,       3494,         22,              367591
VSWS,B,20260617,506528,,Keltech Energies,  5379.0000,  5482.9500,  5308.0000,  5468.8000,       1808,        226,             9792124
VSWS,B,20260617,506530,,Kemp & Co,  1057.1500,  1057.1500,  1057.1500,  1057.1500,          1,          1,                1057
VSWS,B,20260617,506532,,Nitta Gelatin India,  1455.2500,  1596.3500,  1444.4000,  1553.0000,       3798,        480,             5831786
VSWS,B,20260617,506543,,MP Agro Industries,    10.2000,    11.3800,     9.6100,    11.0000,       1412,         29,               15016
VSWS,B,20260617,506579,,AG Ventures,   131.4500,   132.0000,   123.5000,   125.3500,       7376,        164,              941545
VSWS,B,20260617,506590,,PCBL Chemical,   306.5000,   315.5000,   305.8000,   309.6000,     135023,       2320,            41878211
VSWS,B,20260617,506597,,Amal,   556.0000,   558.9500,   537.1000,   544.4500,       5369,        213,             2941931
VSWS,B,20260617,506605,,Polychem,  2044.0000,  2044.0000,  1995.0000,  1995.0000,        141,          5,              286734
VSWS,B,20260617,506618,,Punjab Chemicals & C,  1030.0000,  1035.0000,  1010.5000,  1014.4500,        226,         55,              231798
VSWS,B,20260617,506640,,ZR2 Bioenergy,   122.4000,   122.4000,   121.5500,   121.5500,         60,          3,                7301
VSWS,B,20260617,506642,,Sadhana Nitrochem,     2.6400,     2.6400,     2.5100,     2.6400,    6336505,        697,            16670795
VSWS,B,20260617,506655,,Sudarshan Chemicals,   906.3500,   921.0000,   896.7000,   899.8000,       3827,        341,             3480372
VSWS,B,20260617,506680,,TECIL Chem & Hydro,    10.8100,    11.9600,    10.6000,    10.8000,      25584,        134,              290251
VSWS,B,20260617,506685,,Ultramarine & Pig,   383.3000,   383.3000,   369.2500,   369.9000,       3027,        315,             1129573
VSWS,B,20260617,506687,,Transpek Industry,  1000.0000,  1018.8000,   991.6500,   998.5500,        767,        108,              767916
VSWS,B,20260617,506690,,Unichem Laboratories,   449.2500,   466.7500,   437.5000,   450.2000,      19315,       1113,             8734816
VSWS,B,20260617,506734,,Mysore Petro Chem,    97.9100,    98.8600,    94.5000,    96.5100,       1070,         45,              103124
VSWS,B,20260617,506767,,Alkyl Amines,  1794.1000,  1826.7500,  1794.1000,  1817.4500,       2574,        364,             4665580
VSWS,B,20260617,506808,,Tuticorin Alkali Che,    56.0000,    56.0000,    52.6500,    52.9900,       7884,        167,              423886
VSWS,B,20260617,506820,,AstraZeneca Pharma,  8499.8000,  8547.9500,  8460.1500,  8520.6000,        152,         64,             1292155
VSWS,B,20260617,506852,,Primo Chemicals,    24.7500,    24.7500,    23.6000,    23.7100,      18255,        552,              435686
VSWS,B,20260617,506854,,TANFAC Industries,  2149.8500,  2159.4000,  2091.1000,  2144.9500,       9310,        810,            19881906
VSWS,B,20260617,506858,,Gujarat Petrosyn,    56.0600,    56.8900,    56.0600,    56.1300,        220,          8,               12343
VSWS,B,20260617,506863,,Swadeshi Industries,    88.1100,    88.1100,    88.1100,    88.1100,       3765,         19,              331734
VSWS,B,20260617,506879,,Gujarat Themis,   378.0500,   388.7500,   378.0500,   381.3500,       2227,        135,              853579
VSWS,B,20260617,506906,,Saptak Chem & Busine,    46.0600,    48.9500,    44.6500,    45.2000,       1623,         21,               76905
VSWS,B,20260617,506919,,Makers Laboratories,   152.6500,   153.0000,   147.1000,   148.7000,       3101,         48,              466595
VSWS,B,20260617,506943,,JB Chemicals,  2189.0000,  2201.4500,  2183.4500,  2195.9500,        733,        114,             1607629
VSWS,B,20260617,506975,,Rajasthan Petro Syn,     9.3300,     9.3300,     9.3300,     9.3300,        100,          1,                 933
VSWS,B,20260617,506979,,Apt Packaging,    94.7500,    94.7500,    94.7500,    94.7500,        419,          8,               39700
VSWS,B,20260617,506981,,Blue Chip Tex Ind,   123.0000,   123.0000,   123.0000,   123.0000,         10,          2,                1230
VSWS,B,20260617,507155,,Jagatjit Industries,   138.5500,   142.3000,   138.5000,   141.7500,       9133,        141,             1288905
VSWS,B,20260617,507180,,Kesar Enterprises,     6.7800,     6.8700,     6.4900,     6.5100,      12719,         70,               84002
VSWS,B,20260617,507205,,Tilaknagar Ind,   431.1500,   434.7000,   426.6000,   428.4000,      31552,       1023,            13552831
VSWS,B,20260617,507265,,Emerald Leisures,   163.0000,   179.9000,   163.0000,   179.9000,        478,          7,               79589
VSWS,B,20260617,507300,,Ravalgaon Sugar,   978.0000,   988.0000,   966.0500,   966.0500,          7,          4,                6842
VSWS,B,20260617,507315,,Sakthi Sugars,    18.7900,    18.7900,    18.0200,    18.1000,       3169,         39,               57714
VSWS,B,20260617,507410,,Walchandnagar Ind,   266.8000,   284.9000,   264.4500,   280.3500,     280857,       3680,            77951391
VSWS,B,20260617,507438,,IFB Agro Industries,   926.0000,   926.0000,   900.0000,   919.8500,        384,         48,              349242
VSWS,B,20260617,507474,,Kothari Fermen,    41.9000,    41.9500,    39.8200,    39.9300,       3894,         61,              156113
VSWS,B,20260617,507486,,Caprolactam Chemical,    49.0000,    49.0000,    46.5500,    46.5500,        100,          2,                4669
VSWS,B,20260617,507488,,GM Breweries,   910.3000,   920.9500,   910.3000,   918.7000,        924,        128,              846450
VSWS,B,20260617,507490,,Rana Sugars,    12.6600,    12.9600,    12.6600,    12.8700,      10352,         83,              133146
VSWS,B,20260617,507498,,Piccadily Sugar,    37.2700,    37.2700,    35.2600,    36.6800,       2755,         64,              100650
VSWS,B,20260617,507514,,Som Disti & Brewe,    77.5000,    88.3600,    77.2900,    86.3000,     335416,       2493,            28361706
VSWS,B,20260617,507515,,CJ Gelatine,    19.9500,    19.9500,    19.9500,    19.9500,        320,          5,                6384
VSWS,B,20260617,507526,,Associated Alcohols,   808.7500,   837.4000,   808.7500,   826.1500,       1201,        191,              991188
VSWS,B,20260617,507552,,Foods & Inns,    56.5000,    57.4600,    56.5000,    56.7100,       3613,         91,              205310
VSWS,B,20260617,507580,,I V P,   160.5000,   161.4000,   155.7000,   159.1500,       1051,        233,              167856
VSWS,B,20260617,507598,,Kovilpatti Lakshmi R,   102.4000,   105.0000,    99.1000,   104.1000,       2315,         80,              238214
VSWS,B,20260617,507621,,Milkfood,    70.9500,    70.9500,    67.3400,    67.9500,       2800,         56,              190740
VSWS,B,20260617,507645,,Polson, 11021.2500, 11202.0000, 11007.0000, 11202.0000,          4,          4,               44250
VSWS,B,20260617,507685,,Wipro,   184.0000,   185.2000,   183.6000,   184.4500,    1219656,      15108,           225093328
VSWS,B,20260617,507690,,Orient Beverages,   199.0000,   200.0000,   184.1500,   190.4000,       1714,         89,              332336
VSWS,B,20260617,507717,,Dhanuka Agritech,  1060.0500,  1065.0000,  1044.5500,  1054.1500,       2314,        296,             2440865
VSWS,B,20260617,507747,,TTK Healthcare,  1000.0000,  1000.0000,   875.0000,   891.0000,        620,        172,              557140
VSWS,B,20260617,507753,,TGV SRAAC,   108.7000,   108.7000,   106.0000,   106.3500,     109725,        733,            11747278
VSWS,B,20260617,507759,,Lime Chemicals,    16.1500,    16.1500,    15.3500,    15.3500,        152,          4,                2349
VSWS,B,20260617,507779,,Kanpur Plastipacks,   193.3500,   193.3500,   189.9000,   189.9000,        182,         21,               34954
VSWS,B,20260617,507785,,Tainwala Chemical,   201.0500,   202.0000,   201.0000,   202.0000,        325,         16,               65330
VSWS,B,20260617,507789,,Jagsonpal Pharma,   208.5500,   212.7000,   208.1000,   209.6000,       3820,         52,              798447
VSWS,B,20260617,507794,,Khaitan Chemicals,    58.2800,    58.8000,    56.1200,    56.3400,       4825,         32,              275592
VSWS,B,20260617,507813,,National Oxygen,    69.9000,    71.0000,    69.0100,    70.1900,       1400,         32,               97119
VSWS,B,20260617,507815,,Gillette India,  7750.6000,  8007.0000,  7750.6000,  7859.9000,      10364,        573,            82129517
VSWS,B,20260617,507828,,Ansal Housing,     6.8400,     7.0900,     6.7100,     7.0000,      85764,        141,              593159
VSWS,B,20260617,507833,,Computer Point,     3.9700,     4.0900,     3.8600,     4.0400,      23207,         56,               92957
VSWS,B,20260617,507836,,Mac Charles,   699.9500,   699.9500,   699.8000,   699.8000,          7,          3,                4898
VSWS,B,20260617,507852,,Addi Industries,    87.7500,    89.9800,    80.0000,    86.2300,       6064,        121,              506564
VSWS,B,20260617,507864,,Pioneer Invest Corp,    93.3500,    93.3500,    89.5000,    91.6500,       1073,         28,               98009
VSWS,B,20260617,507872,,Ashnoor Textiles,    43.4500,    43.4500,    41.0000,    41.2500,        310,         11,               13367
VSWS,B,20260617,507878,,Unitech,     4.8900,     5.0900,     4.8800,     5.0900,    1421355,        577,             7200689
VSWS,B,20260617,507880,,VIP Industries,   325.3000,   326.9500,   323.2000,   323.9500,       7383,        127,             2401101
VSWS,B,20260617,507910,,Fiberweb (India),    29.2400,    29.7500,    29.1100,    29.5000,       2791,         37,               81964
VSWS,B,20260617,507912,,Gyftr,   183.0000,   184.0000,   171.0500,   181.2500,      15270,        390,             2727034
VSWS,B,20260617,507938,,Manipal Finance Corp,    22.5000,    22.5000,    22.4000,    22.4000,        200,          2,                4490
VSWS,B,20260617,507944,,Bajaj Steel,   368.3000,   375.0000,   368.3000,   374.4000,       4607,        189,             1717940
VSWS,B,20260617,507946,,Kiduja India,    15.8600,    15.8600,    15.8600,    15.8600,        529,          4,                8389
VSWS,B,20260617,507948,,Key Corp,    59.1400,    63.0000,    59.1400,    61.0300,       1022,         39,               62056
VSWS,B,20260617,507960,,Gujarat Hotels,   186.0500,   189.6500,   186.0500,   189.0000,        236,         15,               44066
VSWS,B,20260617,507962,,Fynx Capital,     4.5400,     4.7400,     4.3800,     4.5300,       6136,         30,               27719
VSWS,B,20260617,507966,,Ras Resort & Apart,    55.9800,    55.9800,    50.2600,    54.4100,       1932,         39,              105179
VSWS,B,20260617,507968,,Jolly Plastics,    43.1000,    43.1000,    43.1000,    43.1000,       3015,          6,              129946
VSWS,B,20260617,507970,,Paramount Cosmetics,    34.0200,    34.9900,    31.6100,    31.6100,        175,          5,                5849
VSWS,B,20260617,507981,,Jindal Hotels,    66.8000,    66.8000,    61.4000,    62.9300,       1252,         42,               79111
VSWS,B,20260617,507984,,Desi Farms India,   622.2000,   622.2000,   598.5500,   598.5500,        986,         12,              599271
VSWS,B,20260617,507998,,Simmonds-Marshall,   167.1000,   170.0000,   165.0000,   169.3500,       4124,         67,              691195
VSWS,B,20260617,508136,,B & A,   345.0000,   345.0000,   345.0000,   345.0000,         25,          3,                8625
VSWS,B,20260617,508486,,Hawkins Cooker,  7780.0000,  7828.9500,  7748.3500,  7749.3500,         64,         31,              499030
VSWS,B,20260617,508494,,Warren Tea,    46.6300,    46.6300,    43.5900,    44.7700,       5281,         53,              233951
VSWS,B,20260617,508571,,Cochin Malabar Est,   149.8500,   149.8500,   149.8500,   149.8500,         26,          2,                3896
VSWS,B,20260617,508664,,Best Eastern Hotels,    11.7000,    11.7000,    11.0000,    11.5400,        302,         16,                3448
VSWS,B,20260617,508670,,Neelamalai Agro,  3150.0000,  3150.0000,  3110.0000,  3110.0000,          2,          2,                6260
VSWS,B,20260617,508807,,I S T,   663.0000,   665.0000,   650.0000,   651.5000,       1184,         89,              773186
VSWS,B,20260617,508814,,Cosmo First,   765.0000,   766.3000,   744.0000,   745.8000,       1363,        154,             1032938
VSWS,B,20260617,508867,,New Markets Avenue,    35.0900,    35.0900,    35.0900,    35.0900,          1,          1,                  35
VSWS,B,20260617,508869,,Apollo Hospitals,  8389.7500,  8465.0500,  8379.9500,  8432.1500,       3027,        897,            25500285
VSWS,B,20260617,508875,,Nitin Castings,   570.0000,   590.9000,   560.5000,   560.5500,        730,         25,              409214
VSWS,B,20260617,508905,,Nexome Capital Marke,   100.0500,   105.9000,   100.0500,   104.6000,       2397,         33,              248461
VSWS,B,20260617,508906,,Everest Industries,   357.9000,   379.0500,   341.8000,   371.1500,       2668,        387,              972851
VSWS,B,20260617,508918,,Ironwood Education,    43.0000,    44.5000,    43.0000,    44.3900,      12953,         51,              568238
VSWS,B,20260617,508933,,AYM Syntex,   220.0000,   220.0000,   220.0000,   220.0000,         39,          1,                8580
VSWS,B,20260617,508941,,Panasonic Carbon,   491.0500,   494.9000,   488.0000,   490.5000,       7098,        239,             3496418
VSWS,B,20260617,508954,,Finkurve Financial,    73.4900,    73.5000,    69.8500,    71.5100,       4516,         89,              324823
VSWS,B,20260617,508956,,HB Leasing & Finance,    10.9800,    11.2500,    10.5200,    10.9000,       2646,         21,               28941
VSWS,B,20260617,508961,,Shricon Industries,   209.0000,   209.0000,   198.5500,   198.5500,         27,          4,                5427
VSWS,B,20260617,508969,,Sulabh Enggineers &,     2.5700,     2.8700,     2.5700,     2.7300,      62128,        118,              166947
VSWS,B,20260617,508980,,Frontier Capital,     7.0500,     7.5400,     6.5600,     7.1500,      44105,         51,              318245
VSWS,B,20260617,508989,,Navneet Education,   139.0000,   140.5000,   138.7000,   140.0500,       3718,         91,              520289
VSWS,B,20260617,509009,,Ausom Enterprise,   124.9000,   124.9000,   121.0000,   121.0000,         68,          3,                8413
VSWS,B,20260617,509015,,Thakral Services (I),    15.4300,    15.4300,    14.0800,    14.1300,       3024,         18,               44374
VSWS,B,20260617,509020,,Ruchi Infrastructure,     6.4500,     6.6000,     6.3000,     6.3100,       2140,         24,               13674
VSWS,B,20260617,509024,,Golden Legend Leas,     9.0000,     9.5000,     8.6500,     9.3000,      37162,         52,              339531
VSWS,B,20260617,509026,,VJTF Eduservices,    63.5000,    63.5000,    55.0800,    57.7600,        257,         14,               15023
VSWS,B,20260617,509038,,Voltaire Leasing,    12.0000,    13.0600,    11.8200,    13.0600,       3212,         10,               38050
VSWS,B,20260617,509040,,Netlink Solutions (I,   195.0000,   200.0000,   195.0000,   199.1000,        346,         14,               68384
VSWS,B,20260617,509046,,Triliance Polymers,    44.8800,    44.8800,    43.6100,    44.8800,          7,          3,                 312
VSWS,B,20260617,509048,,Lancor Holdings,    25.8400,    25.8400,    25.2000,    25.2000,       2131,         33,               54064
VSWS,B,20260617,509051,,Indian Infotech,     0.6400,     0.6700,     0.6300,     0.6400,    2950109,        763,             1903228
VSWS,B,20260617,509053,,Banas Finance,     7.0400,     7.0400,     6.9200,     7.0000,       9573,         51,               67065
VSWS,B,20260617,509055,,Visaka Industries,    76.8000,    78.4000,    76.7900,    77.8600,       9823,        164,              760200
VSWS,B,20260617,509069,,Infomedia Press,     5.8100,     6.1000,     5.6000,     5.7100,        894,         16,                5081
VSWS,B,20260617,509073,,Hathway Bhawani Cabl,    10.5700,    12.3600,    10.5700,    12.3500,       2217,         22,               27151
VSWS,B,20260617,509079,,Gufic Biosciences,   374.8000,   374.8000,   364.2000,   366.8500,       3184,        119,             1169027
VSWS,B,20260617,509152,,GRP,  1779.0000,  1918.0000,  1655.1000,  1823.9000,        300,         53,              522677
VSWS,B,20260617,509162,,Indag Rubber,    84.7600,    87.6900,    83.0600,    85.2600,      10366,        182,              879983
VSWS,B,20260617,509196,,MM Rubber Company,    67.0000,    67.0000,    63.5000,    65.8800,       1153,         26,               74790
VSWS,B,20260617,509220,,PTL Enterprises,    40.1000,    41.8700,    40.1000,    41.6200,       7653,         70,              318534
VSWS,B,20260617,509243,,TVS Srichakra,  3994.7000,  4124.0000,  3985.3500,  4009.6000,        422,        114,             1702573
VSWS,B,20260617,509438,,Benares Hotels, 10360.0000, 10749.0000, 10360.0000, 10564.1000,        695,        463,             7361491
VSWS,B,20260617,509449,,Bhagwati Oxygen,    34.0000,    34.0000,    34.0000,    34.0000,        148,          9,                5032
VSWS,B,20260617,509470,,Bombay Oxygen Invest, 19286.2500, 19800.0500, 19286.2500, 19321.0000,         48,         28,              936189
VSWS,B,20260617,509472,,Cravatex,   365.0000,   366.7500,   349.9500,   352.9500,       1003,         47,              358100
VSWS,B,20260617,509480,,Berger Paints India,   516.0500,   518.9500,   510.0000,   511.2500,       8055,        383,             4149847
VSWS,B,20260617,509486,,Caprihans,    79.5000,    79.5000,    77.0000,    78.8600,       2803,         37,              217975
VSWS,B,20260617,509488,,Graphite India,   661.9000,   665.7000,   654.0000,   662.6500,      27075,        724,            17856960
VSWS,B,20260617,509496,,Cemindia Projects,  1172.7000,  1194.0500,  1154.1500,  1183.8000,      32110,       1721,            37676201
VSWS,B,20260617,509525,,Empire Industries,  1031.1000,  1050.0500,  1031.1000,  1032.1500,       1137,         69,             1185824
VSWS,B,20260617,509546,,Graviss Hospitality,    28.7100,    30.5000,    28.7100,    29.9800,        481,         11,               14313
VSWS,B,20260617,509557,,Garware Technical,   679.9000,   698.7000,   679.9000,   695.5000,       1745,        128,             1209316
VSWS,B,20260617,509563,,Garware Marine,    22.0000,    22.4800,    21.0500,    21.1400,      16291,        115,              347597
VSWS,B,20260617,509567,,Goa Carbon,   409.0000,   410.0000,   400.8500,   405.0500,        249,         40,              100783
VSWS,B,20260617,509597,,Hardcastle & Waud,   785.0500,   816.9500,   756.3000,   770.6000,        113,         34,               88218
VSWS,B,20260617,509631,,H E G,   543.9500,   547.5000,   540.8500,   546.1000,      28713,        591,            15623034
VSWS,B,20260617,509635,,Hindustan Composites,   421.0000,   424.9000,   414.1000,   418.3500,        559,         66,              233940
VSWS,B,20260617,509675,,BirlaNu,  1379.2000,  1465.5500,  1370.8000,  1413.7500,        555,        130,              785747
VSWS,B,20260617,509692,,Indian Card Clothing,   215.0000,   221.5000,   215.0000,   216.1000,         60,          3,               13234
VSWS,B,20260617,509709,,International Convey,    82.1500,    82.3000,    81.0000,    81.5800,       2609,        184,              213217
VSWS,B,20260617,509715,,Jay Shree Tea & Ind,    87.7300,    89.9000,    85.7000,    89.6100,       2445,         65,              216761
VSWS,B,20260617,509732,,Kothari Industrial,   171.0000,   171.0000,   165.0000,   165.0000,       1962,        111,              332280
VSWS,B,20260617,509760,,Modern Shares & Stk,    35.1100,    36.9700,    35.1100,    35.2900,       1351,         70,               48798
VSWS,B,20260617,509762,,Mapro Industries,    39.3000,    41.1600,    38.1000,    39.3000,        234,          7,                9364
VSWS,B,20260617,509820,,Huhtamaki India,   172.7500,   179.0000,   171.9500,   177.8000,      13190,        323,             2310560
VSWS,B,20260617,509835,,Premier Synthetics,    15.8000,    16.4700,    15.8000,    16.4700,         11,          2,                 180
VSWS,B,20260617,509845,,RJ Shah & Company,   450.0000,   472.5000,   450.0000,   470.1000,       1350,          7,              631725
VSWS,B,20260617,509874,,Shalimar Paints,    53.0400,    54.1000,    52.0000,    52.1200,       3163,         55,              168023
VSWS,B,20260617,509887,,Sinnar Bidi Udyog,   766.7000,   770.0000,   766.6500,   770.0000,         14,          3,               10746
VSWS,B,20260617,509895,,Hindoostan Mills,   162.0000,   162.0000,   151.0000,   154.9000,        220,         13,               34125
VSWS,B,20260617,509930,,Supreme Industries,  3585.0000,  3585.5000,  3499.6500,  3517.0500,       4820,        748,            16943102
VSWS,B,20260617,509945,,Thacker & Company,  1299.0000,  1299.0000,  1299.0000,  1299.0000,         25,          2,               32475
VSWS,B,20260617,509960,,UP Hotels,  1415.0000,  1415.0000,  1380.0000,  1383.5000,         56,         15,               77962
VSWS,B,20260617,509966,,VST Industries,   260.0000,   260.0000,   258.3500,   259.8000,      12479,        497,             3239876
VSWS,B,20260617,510245,,Swasti Vinayaka Synt,     3.8700,     4.0800,     3.8700,     4.0000,      37856,         78,              150643
VSWS,B,20260617,511000,,MSL Global,    18.8700,    18.8700,    17.3500,    17.8500,       1162,          9,               20774
VSWS,B,20260617,511012,,Yamini Investments,     0.6400,     0.6500,     0.6300,     0.6400,     406161,        329,              260403
VSWS,B,20260617,511016,,Premier Capital Ser,     3.6500,     4.0300,     3.6500,     4.0300,      25467,         32,               95593
VSWS,B,20260617,511018,,Milgrey Finance,    41.0000,    48.0000,    40.0000,    46.3600,     119249,        377,             5284592
VSWS,B,20260617,511034,,Jindal Drilling,   587.2000,   596.3500,   577.4500,   588.7500,      43709,        664,            25507742
VSWS,B,20260617,511066,,Sakthi Finance,    28.5000,    29.2500,    28.0000,    29.0800,       7712,         90,              222361
VSWS,B,20260617,511076,,Aeroflex Enterprises,   107.0000,   116.9400,   106.7700,   115.3100,     129926,       1407,            14679712
VSWS,B,20260617,511092,,JMD Ventures,     5.7000,     5.9800,     5.5600,     5.9800,      36334,         84,              211843
VSWS,B,20260617,511108,,Shiva Texyarn,   151.0000,   151.0000,   151.0000,   151.0000,          7,          7,                1057
VSWS,B,20260617,511110,,VB Desai Fin Service,    16.5000,    16.5000,    16.5000,    16.5000,          1,          1,                  16
VSWS,B,20260617,511116,,Quadrant Televenture,     0.3800,     0.3800,     0.3600,     0.3800,    1229420,        282,              460384
VSWS,B,20260617,511122,,First Custodian Fund,    70.9500,    71.9000,    68.0000,    69.9900,        215,         23,               14675
VSWS,B,20260617,511131,,Kamanwala Hsg Const,    16.4700,    16.6500,    15.0000,    15.5300,      15125,        100,              237601
VSWS,B,20260617,511147,,WSFX Global Pay,    61.0100,    62.9400,    61.0000,    61.2100,        948,         41,               58080
VSWS,B,20260617,511153,,Anjani Foods,    17.5000,    17.7500,    16.7500,    17.2400,       1143,         30,               19363
VSWS,B,20260617,511169,,RKD Agri & Retail,     6.3000,     6.3000,     6.2000,     6.2900,        129,         10,                 800
VSWS,B,20260617,511176,,Parshwanath Corporat,    57.2800,    62.9800,    57.2800,    57.5000,       1234,         19,               70821
VSWS,B,20260617,511187,,Millennium Online So,     1.5800,     1.6500,     1.5800,     1.6500,       1226,          9,                1948
VSWS,B,20260617,511194,,I C D S,    44.9800,    46.0000,    44.9700,    46.0000,       1184,         51,               54356
VSWS,B,20260617,511196,,Canfin Homes,   871.8000,   883.2500,   864.0500,   878.5000,      10189,        561,             8907530
VSWS,B,20260617,511208,,IL & FS Investment M,     8.7500,     8.7500,     8.4500,     8.5100,      20026,        214,              170884
VSWS,B,20260617,511218,,Shriram Finance,  1005.7000,  1015.8000,  1003.0000,  1007.0500,      67140,       2800,            67772074
VSWS,B,20260617,511243,,Cholamandalam Invest,  1687.3500,  1692.1500,  1673.0000,  1679.6500,      22931,       1709,            38587427
VSWS,B,20260617,511246,,Bombay Talkies,     3.7400,     3.7400,     3.4000,     3.6600,       3684,         32,               13722
VSWS,B,20260617,511260,,Iconik Sports And Ev,    42.0000,    44.6000,    41.4200,    41.4900,      12962,         75,              540985
VSWS,B,20260617,511333,,VLS Finance,   237.2000,   241.3000,   237.2000,   239.6500,        117,         14,               28147
VSWS,B,20260617,511355,,India Cements Cap,    16.6000,    17.0100,    15.3000,    16.1200,      27015,         89,              437875
VSWS,B,20260617,511359,,Ad Manum Finance,    61.4000,    61.6600,    58.5500,    60.5500,       1167,         22,               70707
VSWS,B,20260617,511391,,Inter Globe Finance,    68.0000,    68.0000,    61.8000,    61.8300,       1765,         16,              110513
VSWS,B,20260617,511411,,Shristi Infra Dev,    32.5700,    32.5700,    32.5700,    32.5700,          1,          1,                  32
VSWS,B,20260617,511413,,Crest Ventures,   387.3000,   400.3000,   387.0000,   399.0000,        356,         44,              141069
VSWS,B,20260617,511431,,Vakrangee,     6.4000,     6.4800,     6.3200,     6.3900,     266915,        443,             1710114
VSWS,B,20260617,511441,,Gujarat Credit,    24.0000,    25.1500,    24.0000,    25.1500,          2,          2,                  49
VSWS,B,20260617,511447,,Sylph Industries,     0.2700,     0.2800,     0.2700,     0.2800,    5851802,        696,             1625186
VSWS,B,20260617,511451,,Dharani Finance,    12.1000,    12.1000,    11.7800,    11.7800,        660,          6,                7927
VSWS,B,20260617,511463,,Alexander Stamps & C,     9.2600,     9.2600,     8.3600,     8.3600,       2116,         13,               18643
VSWS,B,20260617,511473,,Indbank Merchant,    33.8300,    35.4500,    33.6000,    34.7200,      17661,        323,              614888
VSWS,B,20260617,511493,,Shrydus Industries,     3.1300,     3.1500,     3.0100,     3.1500,       6957,         31,               21757
VSWS,B,20260617,511501,,Bharat Bhushan Finac,    24.8000,    24.8000,    22.8500,    23.7900,       4722,         84,              110796
VSWS,B,20260617,511505,,Capital Trust,    12.8500,    13.2500,    12.8500,    13.2500,       8342,         26,              110198
VSWS,B,20260617,511507,,Ushakiran Finance,    33.7000,    33.7000,    30.6000,    30.6100,         18,          4,                 575
VSWS,B,20260617,511509,,Vivo Biotech,    24.3900,    24.9800,    23.8000,    24.0400,       6273,         53,              152245
VSWS,B,20260617,511523,,Veerhealth Care,    26.8500,    29.2500,    26.5000,    27.7100,     530596,        779,            14811702
VSWS,B,20260617,511525,,Pan India Corporatio,     1.8700,     1.9200,     1.8600,     1.8700,      55160,        134,              103400
VSWS,B,20260617,511533,,Sahara Housingfina C,    41.1200,    42.1100,    40.3000,    42.1100,       1040,         11,               42918
VSWS,B,20260617,511535,,NDA Securities,    34.4900,    34.4900,    30.2200,    31.2200,       6045,         35,              188469
VSWS,B,20260617,511543,,GSB Finance,    30.5000,    33.0000,    30.5000,    32.8300,        786,         26,               24747
VSWS,B,20260617,511549,,Morarka Finance,    65.0700,    65.0700,    63.0000,    64.8300,       1969,        109,              125914
VSWS,B,20260617,511551,,Monarch Networth Cap,   349.2000,   350.1000,   343.5500,   344.4500,       5554,        274,             1932535
VSWS,B,20260617,511557,,Pro Fin Capital Ser,     3.1700,     3.1700,     3.0400,     3.1100,     974620,        359,             2994810
VSWS,B,20260617,511559,,Team India Guaranty,   238.3500,   238.5000,   235.4000,   235.6500,       1203,         61,              284345
VSWS,B,20260617,511571,,Crescentis Capital,   115.0000,   121.0000,   114.0000,   120.0000,       9526,         28,             1147564
VSWS,B,20260617,511577,,Mantra Capital,    15.4000,    17.0000,    15.3500,    17.0000,      62775,         21,             1064221
VSWS,B,20260617,511585,,Befound Movement,     3.6900,     3.6900,     3.6800,     3.6800,         85,          2,                 312
VSWS,B,20260617,511589,,Avonmore Capital,    11.2300,    11.6800,    10.7100,    10.9500,      16439,        179,              182565
VSWS,B,20260617,511593,,Libord Finance,    16.2500,    16.2500,    16.0000,    16.1600,        625,          8,               10023
VSWS,B,20260617,511601,,Yash Management,     9.4300,     9.8800,     9.4000,     9.7900,        225,         12,                2137
VSWS,B,20260617,511605,,Arihant Capital Mkt,    71.3600,    72.3300,    70.2400,    70.4600,       5581,        151,              398572
VSWS,B,20260617,511609,,ISL Consulting,    23.5500,    23.9000,    20.8100,    22.7000,         34,         20,                 752
VSWS,B,20260617,511611,,DCM Financial Serv,     5.5000,     5.5000,     5.5000,     5.5000,        102,          3,                 561
VSWS,B,20260617,511626,,RR Financial Cons,    66.5700,    66.5700,    66.5700,    66.5700,         32,          5,                2130
VSWS,B,20260617,511628,,Fedders Holding,    34.6500,    36.4800,    34.6500,    35.8200,      29189,        191,             1047575
VSWS,B,20260617,511630,,Sambhaav Media,     7.0900,     7.0900,     6.4800,     6.6300,      12203,          8,               82766
VSWS,B,20260617,511636,,DJS Stock & Shares,     2.0900,     2.0900,     1.9400,     2.0200,      50929,         61,              101850
VSWS,B,20260617,511654,,Sugal & Damani Share,    60.0000,    61.9900,    60.0000,    61.2500,       1106,         17,               67361
VSWS,B,20260617,511658,,NettLinx,    16.7300,    16.7400,    16.2600,    16.3600,       1936,         27,               31912
VSWS,B,20260617,511664,,Bgil Films & Techno,     7.2700,     7.2700,     6.9000,     7.0000,      12155,         44,               85361
VSWS,B,20260617,511672,,Scan Steels,    38.5000,    38.9000,    37.0100,    38.4800,       8506,        279,              325692
VSWS,B,20260617,511676,,GIC Housing Finance,   161.0000,   161.8500,   160.0000,   161.3000,       7033,        153,             1133449
VSWS,B,20260617,511692,,Ajcon Global Service,     6.2800,     6.2800,     6.0300,     6.2400,       3792,         35,               23198
VSWS,B,20260617,511696,,Chartered Cap & Inv,   233.0000,   248.9500,   226.0500,   235.9000,        135,         22,               31706
VSWS,B,20260617,511700,,Standard Capital Mkt,     0.4200,     0.4300,     0.4100,     0.4300,    5418614,       1156,             2296363
VSWS,B,20260617,511702,,Yogi,   172.6000,   174.5500,   170.0500,   172.8000,        218,         17,               37383
VSWS,B,20260617,511710,,Cubical Financial,     3.8000,     3.8000,     3.8000,     3.8000,      11351,         22,               43133
VSWS,B,20260617,511712,,Relic Technologies,    68.5500,    68.5500,    68.5500,    68.5500,          8,          1,                 548
VSWS,B,20260617,511716,,Invigorated Business,     6.8800,     6.8800,     6.1000,     6.7400,      13252,         46,               85503
VSWS,B,20260617,511724,,Baid Finserv,    10.2000,    10.2000,    10.0000,    10.0000,        709,         14,                7214
VSWS,B,20260617,511726,,Vipul,     9.4900,     9.5000,     9.0600,     9.1100,       8644,         51,               80317
VSWS,B,20260617,511740,,Ruparel Food Product,   145.0000,   145.0000,   143.0000,   143.0000,        175,          6,               25029
VSWS,B,20260617,511742,,Ugro Capital,   103.9000,   103.9000,    96.4000,    96.9900,       5301,        112,              520918
VSWS,B,20260617,511754,,Shalibhadra Finance,    74.0000,    76.6800,    74.0000,    75.6900,       1747,         36,              132196
VSWS,B,20260617,511756,,Abirami Financial,    34.0000,    34.0000,    32.3000,    32.4800,       1332,         18,               43272
VSWS,B,20260617,511758,,Mansi Finance,    59.3400,    60.2300,    59.3300,    60.2000,         27,          3,                1624
VSWS,B,20260617,511764,,Aastamangalam Financ,    34.5000,    34.5000,    32.5200,    32.5700,       8098,         45,              275069
VSWS,B,20260617,511766,,Muthoot Capital Serv,   202.0000,   202.4000,   198.6500,   199.2500,       1343,         78,              268696
VSWS,B,20260617,511768,,Master Trust,    78.1500,    81.6000,    77.9700,    80.2500,      42207,        217,             3344170
VSWS,B,20260617,512008,,EFC (I),   192.7000,   193.3500,   185.5000,   187.0500,      25903,        372,             4904769
VSWS,B,20260617,512014,,Sobhagya Mercantile,   912.9500,   912.9500,   876.4000,   899.7500,        310,         31,              275309
VSWS,B,20260617,512018,,Tomorrow Tech Global,     8.5800,     8.7500,     8.4100,     8.5000,      48408,         74,              418549
VSWS,B,20260617,512020,,Saraswati Commercial,  9900.0000,  9900.0000,  9900.0000,  9900.0000,          2,          2,               19800
VSWS,B,20260617,512025,,Asgard Alcobev,    34.5400,    36.3900,    34.0000,    35.8200,     256965,        384,             9169673
VSWS,B,20260617,512026,,Vega Jewellers,    61.9500,    61.9500,    61.9500,    61.9500,        164,          4,               10159
VSWS,B,20260617,512038,,TCC Concept,   348.7500,   351.4500,   345.6500,   349.2000,       1596,         62,              556197
VSWS,B,20260617,512047,,Royal India Corporat,     6.3200,     6.4200,     6.0500,     6.1600,     189114,        129,             1165695
VSWS,B,20260617,512048,,DhanSafal Finserve,     2.7500,     2.7900,     2.6000,     2.7400,     261925,        105,              706591
VSWS,B,20260617,512062,,Tandhan Industries,   138.2500,   138.2500,   138.2500,   138.2500,        100,          1,               13825
VSWS,B,20260617,512064,,Vishvprabha Ventures,    37.6500,    37.6500,    37.6500,    37.6500,         95,          1,                3576
VSWS,B,20260617,512065,,Mrugesh Trading,    47.6500,    47.6500,    47.6500,    47.6500,        166,          1,                7909
VSWS,B,20260617,512068,,Deccan Gold Mines,   200.4000,   209.0000,   195.6000,   197.5000,     643848,       6211,           130109053
VSWS,B,20260617,512070,,UPL,   616.6500,   617.4500,   608.2000,   614.2000,    1277472,       1620,           784870297
VSWS,B,20260617,512093,,Cranes Software Int,     3.6300,     3.7200,     3.4800,     3.6200,    2564988,        191,             9398935
VSWS,B,20260617,512097,,Saianand Commercial,     0.2000,     0.2400,     0.2000,     0.2300,     276908,         51,               62022
VSWS,B,20260617,512099,,Eyantra Ventures,   721.0000,   757.0000,   684.9500,   715.3500,         85,          6,               61338
VSWS,B,20260617,512103,,Nidhi Granites,   414.0000,   423.0000,   410.0000,   413.3000,        654,         35,              272257
VSWS,B,20260617,512109,,Aviva Industries,    67.0000,    67.0000,    66.6700,    67.0000,        628,          6,               41970
VSWS,B,20260617,512115,,Rose Merc,    66.1500,    66.1500,    64.8900,    64.8900,        121,          6,                7887
VSWS,B,20260617,512131,,Signet Industries,    49.0000,    49.9800,    48.7000,    48.7000,        289,          8,               14158
VSWS,B,20260617,512149,,Avance Technologies,     0.9900,     1.0000,     0.9800,     0.9800,    6954081,       1868,             6849181
VSWS,B,20260617,512161,,Securekloud Technolo,    19.5200,    19.9000,    18.9300,    18.9900,       9074,         64,              172791
VSWS,B,20260617,512165,,ABans Enterprises,    28.1000,    28.1000,    26.2200,    26.6100,        542,         12,               14628
VSWS,B,20260617,512175,,Vama Industries,     3.8900,     3.8900,     3.7000,     3.7600,      44042,        103,              166020
VSWS,B,20260617,512179,,Sunteck Realty,   313.9500,   319.0000,   308.7000,   315.3500,      22266,        597,             7015173
VSWS,B,20260617,512197,,Silver Oak Commerc,     6.3200,     6.3200,     6.0000,     6.0000,       1417,         11,                8606
VSWS,B,20260617,512217,,Prism Medico & Pharm,    27.9000,    27.9000,    26.6500,    26.8600,      14112,         39,              384848
VSWS,B,20260617,512229,,Veritas (India),   171.9000,   172.1500,   171.9000,   171.9000,       4017,         59,              691462
VSWS,B,20260617,512237,,Jai Corp,   120.5500,   123.1500,   117.8000,   121.2000,      93078,        901,            11288680
VSWS,B,20260617,512247,,Ashirwad Capital,     2.7800,     2.7800,     2.7000,     2.7200,      41986,        166,              114432
VSWS,B,20260617,512257,,Swasti Vinayaka Art,     4.0500,     4.0500,     3.7600,     3.8100,      72115,        123,              276019
VSWS,B,20260617,512267,,Media Matrix,    13.3400,    13.3400,    12.6000,    13.3000,       3223,          9,               42700
VSWS,B,20260617,512277,,Autoriders Intl,   331.2000,   349.0000,   331.2000,   349.0000,        232,         24,               79854
VSWS,B,20260617,512296,,Bhagyanagar India,   348.9000,   358.8500,   348.6500,   358.8500,       6779,        122,             2394718
VSWS,B,20260617,512301,,Chambal Breweries,    22.9500,    23.2900,    22.9500,    23.2900,      25780,         11,              595631
VSWS,B,20260617,512329,,SG Mart,   589.3000,   592.0000,   583.0000,   583.8000,      16242,        606,             9515319
VSWS,B,20260617,512344,,Aravali Secu & Fin,     3.8800,     4.2700,     3.8000,     4.2700,        867,         16,                3635
VSWS,B,20260617,512345,,Lexora Global,   168.1000,   168.1000,   168.1000,   168.1000,          4,          1,                 672
VSWS,B,20260617,512361,,Cupid Breweries & Di,    32.7000,    33.3500,    31.3000,    32.2900,      88879,        457,             2895480
VSWS,B,20260617,512379,,Cressanda Railway So,     2.6100,     2.6400,     2.5900,     2.6200,     276402,        539,              721560
VSWS,B,20260617,512381,,Starteck Finance,   272.0000,   279.0000,   270.0000,   279.0000,       4029,         16,             1112400
VSWS,B,20260617,512393,,Shardul Securities,    28.0000,    31.8500,    28.0000,    31.8500,       2161,          9,               68208
VSWS,B,20260617,512399,,Sera Invest & Financ,    40.8400,    42.5000,    39.3500,    41.4100,      87711,        182,             3617229
VSWS,B,20260617,512415,,Mercury Trade Links,     6.0500,     6.1900,     5.9000,     5.9900,      23058,        110,              138400
VSWS,B,20260617,512425,,Nirav Commercials,   767.1500,   767.1500,   767.1500,   767.1500,         27,          2,               20713
VSWS,B,20260617,512437,,Apollo Finvest,   359.5500,   360.0000,   359.0000,   359.9500,        265,         19,               95390
VSWS,B,20260617,512441,,Enbee Trade,     0.3200,     0.3400,     0.3200,     0.3300,   12740236,       1100,             4171110
VSWS,B,20260617,512443,,Ganon Products,    14.1900,    15.0000,    14.0100,    14.9800,      91643,         45,             1328753
VSWS,B,20260617,512453,,Shri Jagdamba Poly,   585.4500,   594.0000,   555.0000,   575.0000,        894,         60,              520005
VSWS,B,20260617,512455,,Lloyds Metals & Ener,  1757.9000,  1795.0000,  1743.8000,  1753.1000,      25826,       1417,            45667124
VSWS,B,20260617,512463,,Lloyds Enterprises,    71.5600,    76.8100,    71.4000,    75.5600,    1160351,       5357,            86976989
VSWS,B,20260617,512477,,Betex India,   465.0500,   495.0000,   465.0000,   472.1500,        956,         22,              451795
VSWS,B,20260617,512485,,Dhanlaxmi Cotex,    98.8500,   100.0000,    98.8500,    99.0000,        301,          4,               30048
VSWS,B,20260617,512489,,Oasis Securities,    14.2500,    15.4600,    14.1100,    15.2900,     142223,        339,             2145895
VSWS,B,20260617,512493,,Garnet International,    71.4900,    71.4900,    69.5100,    70.0700,       7771,        114,              546230
VSWS,B,20260617,512499,,Shalimar Productions,     0.3500,     0.3500,     0.3500,     0.3500,     420018,        316,              147006
VSWS,B,20260617,512519,,Donear Industries,    90.3200,    91.0000,    89.1800,    89.4900,        465,         32,               41983
VSWS,B,20260617,512527,,Super Sales India,   840.5500,   870.0500,   815.7000,   857.0500,        276,         37,              234234
VSWS,B,20260617,512529,,Viyash Scientific,   244.0000,   250.6500,   243.4500,   244.3500,      90890,       1183,            22523143
VSWS,B,20260617,512531,,State Trading Corp,   124.9000,   150.0500,   124.9000,   145.0000,     154632,       2738,            22089277
VSWS,B,20260617,512559,,Kohinoor Foods,    25.8900,    26.8800,    25.8600,    25.9900,      14048,        307,              366140
VSWS,B,20260617,512565,,Neelkanth,    41.3000,    41.3000,    41.2500,    41.2700,          3,          3,                 123
VSWS,B,20260617,512573,,Avanti Feeds,  1011.2000,  1011.2000,   977.7000,   984.1000,      59488,       3350,            58963399
VSWS,B,20260617,512587,,Zodiac JRD MKJ,    37.8800,    37.9000,    36.0000,    36.1400,      11029,         88,              400755
VSWS,B,20260617,512589,,Sita Enterprises,   136.0000,   150.0000,   136.0000,   149.8500,       2283,         48,              333717
VSWS,B,20260617,512591,,Pulsar International,     0.6000,     0.6000,     0.6000,     0.6000,     689221,        104,              413532
VSWS,B,20260617,512595,,KD Green Industries,    67.0000,    67.3000,    59.9500,    59.9700,     718194,       1918,            44686449
VSWS,B,20260617,512597,,Keynote Financial Se,   301.0000,   301.0000,   253.9000,   254.3000,        692,         43,              190736
VSWS,B,20260617,512599,,Adani Enterprises,  2954.4500,  2973.0500,  2935.0000,  2952.1000,      70616,       4656,           208477521
VSWS,B,20260617,512600,,Astal Laboratories,    82.7900,    84.0000,    81.0000,    81.3800,      36765,        183,             3028781
VSWS,B,20260617,512604,,Haria Exports,     5.8000,     5.8000,     5.8000,     5.8000,         40,          1,                 232
VSWS,B,20260617,512608,,Bhandari Hosiery Exp,     3.1000,     3.1000,     3.0000,     3.0800,      32038,         62,               98028
VSWS,B,20260617,512618,,R L F,     9.9900,     9.9900,     9.7000,     9.7000,       1823,         12,               18046
VSWS,B,20260617,512624,,Regent Enterprises,     5.8200,     5.8500,     5.7400,     5.7800,      48271,         56,              280140
VSWS,B,20260617,512626,,Orbit Exports,   239.6000,   247.8500,   211.2500,   212.7000,      16498,        879,             3804528
VSWS,B,20260617,512634,,Savera Industries,   158.9000,   161.0000,   157.0000,   160.0000,       9721,         45,             1550802
VSWS,B,20260617,513005,,Chrome Silicon,    42.8000,    42.8000,    40.3300,    41.8000,        719,         12,               29397
VSWS,B,20260617,513023,,Nava,   615.3500,   621.8500,   607.7000,   610.4000,      21110,        656,            13025935
VSWS,B,20260617,513043,,Remi Edelstahl Tubul,   196.0000,   196.0000,   181.1500,   182.7000,       1861,         60,              345628
VSWS,B,20260617,513059,,GS Auto Inter,    17.2200,    17.2200,    15.7000,    16.1800,      85032,        275,             1367859
VSWS,B,20260617,513063,,Trans-Freight Cont,    22.4500,    22.4500,    20.3100,    21.6400,        982,         14,               21415
VSWS,B,20260617,513097,,Shivalik Bimetal,   743.0500,   758.9000,   726.9000,   729.0000,      19004,        890,            14066046
VSWS,B,20260617,513108,,Gandhi Special Tubes,   856.1500,   856.1500,   848.0000,   851.1500,        162,         22,              138343
VSWS,B,20260617,513117,,Amforge Ind,     8.1000,     8.1000,     7.3000,     7.4000,      10534,         43,               78977
VSWS,B,20260617,513119,,Onix Solar Energy,   616.4500,   625.0000,   616.4500,   616.4500,      10102,        111,             6229021
VSWS,B,20260617,513121,,Oricon Enterprises,    55.3400,    56.9200,    55.3400,    56.4000,       3895,        152,              219766
VSWS,B,20260617,513149,,Acrow India,   892.5000,   892.5000,   863.0000,   863.0000,         46,          4,               41025
VSWS,B,20260617,513173,,Steel Strips Infra,    19.9000,    19.9000,    19.2000,    19.8900,        575,         14,               11071
VSWS,B,20260617,513228,,Pennar Industries,   164.1500,   164.1500,   159.5000,   160.1500,       9217,        149,             1481489
VSWS,B,20260617,513250,,Jyoti Structures,    12.2500,    12.5300,    12.1600,    12.4600,     335664,        487,             4155498
VSWS,B,20260617,513252,,Jay Ushin,   887.0000,   887.0000,   887.0000,   887.0000,         46,          3,               40802
VSWS,B,20260617,513262,,Steel Strips Wheels,   233.8500,   234.3500,   228.0500,   228.5000,      29633,        483,             6803557
VSWS,B,20260617,513269,,Man Industries (I),   570.0000,   598.0000,   570.0000,   593.1000,      55854,       1534,            32891388
VSWS,B,20260617,513295,,IMEC Services,   156.0000,   159.7000,   152.1000,   153.7000,       1202,         50,              186930
VSWS,B,20260617,513303,,Modern Steels,    13.3100,    13.5000,    13.1100,    13.1100,       2602,         25,               34377
VSWS,B,20260617,513307,,Belding India,  1450.0000,  1450.0000,  1378.0000,  1412.6500,       1033,         85,             1436125
VSWS,B,20260617,513337,,Gujarat Toolroom,     0.5500,     0.5600,     0.5400,     0.5500,    2013494,        928,             1110503
VSWS,B,20260617,513349,,Ajmera Realty & Infr,   134.3500,   139.0500,   134.2500,   136.0500,      99954,       1079,            13650673
VSWS,B,20260617,513353,,Cochin Minerals,   249.2000,   252.0000,   246.0000,   250.0000,       4074,        114,             1018478
VSWS,B,20260617,513361,,India Homes,    22.0600,    22.5900,    22.0600,    22.2000,     412278,        472,             9180799
VSWS,B,20260617,513369,,Krishanveer Forge,   131.5000,   135.0000,   128.0500,   134.5500,       5172,        114,              687638
VSWS,B,20260617,513375,,Carborundum Univer,  1063.0000,  1135.0000,  1063.0000,  1131.5000,      20087,       1482,            22415649
VSWS,B,20260617,513377,,M M T C,    75.8700,    78.3800,    74.0500,    76.1500,    1642354,       8361,           125190984
VSWS,B,20260617,513418,,Smiths & Founders (I,     9.1200,     9.1200,     9.1200,     9.1200,     327543,        105,             2987192
VSWS,B,20260617,513422,,Bloom Industries,    35.0000,    35.0000,    32.8000,    32.8000,          7,          4,                 235
VSWS,B,20260617,513436,,Shah Alloys,    63.1200,    69.0000,    63.1200,    65.9900,        507,          9,               32975
VSWS,B,20260617,513452,,Elango Industries,    13.9900,    14.1000,    13.9900,    14.1000,        314,          4,                4426
VSWS,B,20260617,513456,,Kanishk Steel,    55.9900,    55.9900,    54.5000,    55.5000,       4018,         23,              222780
VSWS,B,20260617,513460,,Mahalaxmi Seamless,     7.8000,     8.1900,     7.8000,     8.1900,        407,          7,                3252
VSWS,B,20260617,513472,,Simplex Casting,   500.0000,   514.8500,   496.5000,   513.0500,      52773,        298,            26894084
VSWS,B,20260617,513488,,Shree Steel Wire,    17.5500,    20.0000,    17.5500,    19.5000,       3745,         58,               71155
VSWS,B,20260617,513496,,Sizemasters Technolo,   387.9500,   387.9500,   375.5500,   375.5500,         57,          6,               21431
VSWS,B,20260617,513498,,Southern Magnesium,    79.0000,    79.9900,    76.0500,    79.9900,        361,         23,               28357
VSWS,B,20260617,513502,,Baroda Extrusions,     8.8900,     9.0700,     8.6700,     8.8200,      50368,        173,              447894
VSWS,B,20260617,513507,,Gujarat Containers,   151.1000,   166.4500,   151.1000,   166.4500,        200,          2,               31755
VSWS,B,20260617,513509,,Kalyani Forge,   603.0000,   606.8500,   590.0000,   590.6500,         91,         22,               54556
VSWS,B,20260617,513511,,Panchmahal Steels,   312.7500,   312.7500,   290.0000,   299.2500,        536,         30,              160714
VSWS,B,20260617,513513,,Aditya Ispat,     9.2000,     9.2000,     9.2000,     9.2000,       2315,          8,               21298
VSWS,B,20260617,513517,,Steelcast,   290.5500,   300.0000,   290.1500,   295.6500,       9716,        174,             2871152
VSWS,B,20260617,513519,,Pitti Engineering,   969.0500,   997.0000,   968.3500,   993.0500,       1881,        242,             1862364
VSWS,B,20260617,513528,,Glittek Granites,    43.0400,    43.0400,    43.0400,    43.0400,       6112,         12,              263060
VSWS,B,20260617,513532,,Pradeep Metals,   505.0000,   544.9500,   505.0000,   513.4500,      16371,       1377,             8703647
VSWS,B,20260617,513536,,Gujarat Natural Reso,    88.3000,    88.6000,    85.3000,    86.0800,      23488,       1239,             2033789
VSWS,B,20260617,513544,,Mardia Samyoung,    48.2900,    49.8000,    47.0000,    48.7300,        740,         27,               35746
VSWS,B,20260617,513548,,Sharda Ispat,   167.9000,   168.5000,   167.9000,   168.4000,        197,          5,               33166
VSWS,B,20260617,513554,,Mahamaya Steel Ind,   807.9500,   807.9500,   782.0000,   797.9000,        360,         23,              286002
VSWS,B,20260617,513566,,Nova Iron & Steel,    11.9700,    12.2800,    11.5100,    11.9100,      17236,         48,              204432
VSWS,B,20260617,513575,,Sterling Powergensys,    36.2100,    36.2100,    34.4100,    34.8000,       4149,         41,              143314
VSWS,B,20260617,513579,,Foundry Fuel,     4.6500,     4.6500,     4.6500,     4.6500,        100,          2,                 465
VSWS,B,20260617,513599,,Hindustan Copper,   512.9000,   522.5500,   508.0000,   515.1500,     456712,       8762,           235541511
VSWS,B,20260617,513642,,Axel Polymers,    42.3500,    43.8500,    40.5800,    43.8000,        508,         14,               21166
VSWS,B,20260617,513683,,NLC India,   313.8500,   317.4500,   308.4000,   310.9000,     170696,       2834,            53376929
VSWS,B,20260617,513693,,KIC Metaliks,    38.9400,    38.9400,    36.5100,    36.5100,       1390,         14,               52343
VSWS,B,20260617,513699,,Solid Stone Company,    24.1000,    26.4900,    24.1000,    25.5000,         66,         14,                1626
VSWS,B,20260617,513709,,Shilp Gravures,   150.1000,   162.0000,   150.0000,   157.7000,       4433,         69,              702446
VSWS,B,20260617,513713,,White Organic Agro,     3.8400,     3.8500,     3.7600,     3.8500,      15557,         47,               58961
VSWS,B,20260617,513721,,MFS Intercorp,    13.0100,    13.0100,    12.9700,    12.9700,        831,          8,               10798
VSWS,B,20260617,513729,,Aro Granite Indu,    25.6500,    25.6500,    24.8400,    24.8400,         21,          5,                 534
VSWS,B,20260617,514010,,Rudra Ecovation,    21.0100,    21.0100,    19.8000,    20.1200,     238739,        305,             4797080
VSWS,B,20260617,514028,,Rajkamal Synthetics,    30.8500,    32.4600,    29.5600,    31.9800,        510,         16,               16041
VSWS,B,20260617,514030,,Deepak Spinners,   117.9000,   117.9000,   114.2000,   115.3000,       2940,         53,              339433
VSWS,B,20260617,514043,,Himatsingka Seide,    79.0500,    80.4400,    77.7500,    78.6000,      53392,        408,             4211838
VSWS,B,20260617,514045,,B S L,   125.2500,   128.8000,   125.2500,   128.8000,         60,          9,                7554
VSWS,B,20260617,514060,,Newtrac Foods & Bev,     4.7000,     4.7000,     4.4000,     4.4300,      19547,         58,               89475
VSWS,B,20260617,514087,,PBM Polytex,    55.5100,    57.7700,    55.5100,    57.7300,        673,         12,               37602
VSWS,B,20260617,514113,,Adinath Textiles,    21.0000,    21.0000,    20.5000,    20.9000,          9,          3,                 188
VSWS,B,20260617,514138,,Suryalata Spinning,   446.0000,   446.0000,   440.0000,   440.8500,         96,          6,               42296
VSWS,B,20260617,514142,,T T,     7.4000,     7.4000,     6.4100,     6.8400,      29949,        107,              201689
VSWS,B,20260617,514162,,Welspun Living,   144.2500,   147.3000,   144.2500,   146.9000,      69229,        528,            10123649
VSWS,B,20260617,514165,,Indian Acrylics,     5.8000,     6.0800,     5.8000,     5.8400,      47475,         82,              280260
VSWS,B,20260617,514167,,Ganesha Ecosphere,   918.9000,   950.2000,   905.0500,   942.7500,       6460,        298,             5990725
VSWS,B,20260617,514171,,Ceeta Industries,    44.0000,    44.5500,    43.0000,    43.6700,         21,         21,                 918
VSWS,B,20260617,514175,,Vardhman Polytex,     7.0300,     7.1000,     6.6500,     6.8300,      20421,        145,              140665
VSWS,B,20260617,514183,,Black Rose Indus,    94.0000,    95.9900,    93.0000,    94.4000,       3025,         95,              285642
VSWS,B,20260617,514197,,S & T Corporation,     4.1800,     4.2400,     4.0000,     4.1200,       3172,         35,               13149
VSWS,B,20260617,514211,,Sumeet Industries,    26.9100,    26.9100,    25.1400,    25.8900,      13136,        132,              339120
VSWS,B,20260617,514223,,Ramgopal Polytex,    16.8900,    16.8900,    16.8100,    16.8900,      14399,         11,              243192
VSWS,B,20260617,514234,,Sangam India,   526.7500,   530.6500,   520.6500,   524.0500,        641,        157,              336628
VSWS,B,20260617,514238,,MKVentures Capital,   954.9500,   973.7000,   943.9500,   964.0500,        524,         42,              504078
VSWS,B,20260617,514240,,Kush Industries,     7.0500,     7.2600,     7.0500,     7.0700,       2154,         17,               15440
VSWS,B,20260617,514248,,Sreechem Resins,    32.0500,    32.0500,    31.5500,    31.5500,        200,          2,                6360
VSWS,B,20260617,514260,,Surbhi Industries,   110.1500,   110.1500,   110.1500,   110.1500,        554,         22,               61023
VSWS,B,20260617,514264,,Seasons Textiles,    18.9400,    18.9400,    18.9000,    18.9000,         48,          4,                 907
VSWS,B,20260617,514266,,Zenith Fibres,    52.9900,    53.0000,    51.1300,    51.2500,       1792,         54,               92450
VSWS,B,20260617,514272,,Bhilwara Spinners,   128.9500,   128.9500,   123.9500,   124.0000,        205,         12,               25424
VSWS,B,20260617,514274,,Varvee Global,    74.3100,    76.7000,    73.0700,    74.3800,      17061,        133,             1271999
VSWS,B,20260617,514280,,Sanrhea Technical,   135.7000,   135.7000,   130.1000,   130.1000,         62,          5,                8406
VSWS,B,20260617,514286,,Ashima,    16.2400,    16.3400,    15.3000,    16.1000,      36572,         86,              571426
VSWS,B,20260617,514300,,Pioneer Embroideries,    25.9700,    25.9700,    24.2200,    24.5200,       1842,         42,               45399
VSWS,B,20260617,514302,,Vippy Spinpro,   189.0000,   189.0000,   180.0000,   180.2000,       1732,         22,              314453
VSWS,B,20260617,514312,,Jaihind Industries,    35.0000,    37.0000,    35.0000,    36.2100,       1073,         25,               38238
VSWS,B,20260617,514316,,Raghuvir Synthetics,   100.0000,   100.8500,    97.0000,    98.1000,       1100,         22,              108338
VSWS,B,20260617,514322,,Kamadgiri Fashion,   118.7500,   118.7500,   118.0000,   118.0000,         29,          3,                3428
VSWS,B,20260617,514324,,Omnitex Industries,   754.0000,   770.0000,   718.0000,   759.1000,        437,         11,              325680
VSWS,B,20260617,514326,,Patspin India,     7.1200,     7.1200,     6.8100,     7.0000,        633,         11,                4447
VSWS,B,20260617,514330,,One Global Service,   711.0000,   730.4000,   711.0000,   730.4000,      35961,        971,            26137528
VSWS,B,20260617,514332,,Neo Infracon,    42.5100,    46.0000,    38.0200,    42.7900,       3542,         51,              145501
VSWS,B,20260617,514336,,CCME Global,   107.9000,   107.9000,   107.5000,   107.9000,        384,         11,               41322
VSWS,B,20260617,514354,,Premier Polyfilm,    59.4500,    59.8900,    57.3000,    59.6900,      17742,         99,             1050098
VSWS,B,20260617,514358,,Everlon Financials,   110.0000,   110.0000,   105.9500,   106.3500,        195,         10,               20756
VSWS,B,20260617,514360,,K&R Rail Engineering,    28.8300,    28.8300,    27.0000,    27.9300,      29959,        492,              832377
VSWS,B,20260617,514378,,Yarn Syndicate,    16.1200,    16.1200,    15.5100,    16.0000,       1884,         12,               30203
VSWS,B,20260617,514386,,Gujarat Cotex,     3.7400,     3.9200,     3.7400,     3.7400,     747544,        460,             2799871
VSWS,B,20260617,514400,,Garware Synthetics,    18.1100,    18.1100,    16.5500,    16.6000,       2266,         16,               40774
VSWS,B,20260617,514402,,Eco Hotels & Resorts,    14.4500,    14.7000,    13.7200,    13.8900,      21077,         74,              297527
VSWS,B,20260617,514412,,Sarup Industries,   117.4000,   117.4000,   117.4000,   117.4000,          1,          1,                 117
VSWS,B,20260617,514414,,Oxford Industries,    19.5200,    20.4500,    18.5500,    18.5500,       3368,         41,               64455
VSWS,B,20260617,514418,,Mangalam Organics,   548.0000,   548.0000,   506.3000,   512.9500,       1783,         59,              943217
VSWS,B,20260617,514428,,Hindustan Adhesives,   301.0000,   305.8500,   290.0000,   297.8500,       2490,        134,              737609
VSWS,B,20260617,514440,,Blue Pearl Agriventu,    11.4700,    11.4700,    10.5400,    10.5600,     180468,        586,             1926968
VSWS,B,20260617,514442,,Sri KPR Industries,    21.2000,    21.4500,    20.4000,    20.5000,       4172,         34,               87064
VSWS,B,20260617,514448,,Jyoti Resins & Adhes,  1001.0000,  1024.0000,   992.6000,  1011.0000,      16661,       1118,            16767583
VSWS,B,20260617,514450,,Mahalaxmi Rubtech,   187.0000,   187.0000,   162.6000,   167.0000,        481,         44,               80492
VSWS,B,20260617,514454,,Southern Latex,    26.2600,    29.7000,    26.2600,    27.4800,        399,         16,               11668
VSWS,B,20260617,514470,,Winsome Textile Ind,    88.0200,    92.5000,    88.0200,    89.3300,       2006,         42,              180316
VSWS,B,20260617,515008,,Modern Insulators,   455.0000,   477.7000,   445.0000,   477.6500,     138799,       1150,            65587100
VSWS,B,20260617,515018,,Regency Ceramics,    41.0100,    41.0100,    38.8100,    38.8100,        210,          7,                8440
VSWS,B,20260617,515030,,Asahi India Glass,   891.9500,   896.1500,   880.3000,   884.4000,       4265,        409,             3790644
VSWS,B,20260617,515037,,Murudeshwar Ceramics,    31.9000,    31.9200,    31.0100,    31.9200,       3404,         18,              106029
VSWS,B,20260617,515043,,Saint-Gobain Sekurit,   125.5500,   127.6500,   124.3500,   124.5500,      35693,        424,             4486924
VSWS,B,20260617,515055,,Anant Raj,   541.9500,   542.0000,   529.0500,   530.8000,     186631,       4298,            99447512
VSWS,B,20260617,515085,,Restile Ceramics,     7.1000,     7.3700,     6.8800,     7.3100,      12161,         60,               86998
VSWS,B,20260617,515093,,Madhav Granite,    37.5900,    38.0000,    37.5900,    37.9900,        212,          3,                8053
VSWS,B,20260617,515147,,Haldyn Glass,   124.9000,   124.9000,   120.0000,   120.8000,       6488,        102,              791125
VSWS,B,20260617,516003,,Duroply Industries,   132.0000,   132.0000,   127.1500,   130.0000,       1630,         19,              210817
VSWS,B,20260617,516016,,Shreyans Industries,   141.9500,   142.0000,   135.0000,   135.9500,        679,         34,               92984
VSWS,B,20260617,516020,,Agio Paper & Industr,     3.7200,     3.7200,     3.7000,     3.7000,       1712,          7,                6367
VSWS,B,20260617,516022,,Star Paper Mills,   134.3500,   141.4500,   134.3500,   138.0000,       1144,         52,              154741
VSWS,B,20260617,516030,,PAKKA,    84.9000,    85.1000,    82.4500,    83.0600,      42839,        644,             3594379
VSWS,B,20260617,516032,,Tahmar Enterprises,     6.0600,     6.2900,     5.8300,     5.8300,     255901,        136,             1500238
VSWS,B,20260617,516038,,KS Smart Technologie,   163.1500,   163.1500,   162.8000,   163.1500,      15009,         79,             2448382
VSWS,B,20260617,516064,,Arrow Greentech,   566.0000,   585.0000,   564.9500,   584.5000,        527,         36,              300581
VSWS,B,20260617,516072,,Vishnu Chemicals,   604.8500,   609.5000,   596.3000,   601.5500,       2374,         90,             1421884
VSWS,B,20260617,516078,,Jumbo Bag,    59.9500,    59.9500,    56.5100,    56.6900,       2878,         50,              166951
VSWS,B,20260617,516082,,NR Agarwal Ind,   440.0000,   450.2500,   440.0000,   441.1500,         13,          7,                5800
VSWS,B,20260617,516092,,3P Land Holdings,    33.0000,    33.0000,    31.5000,    31.6100,        188,         13,                6023
VSWS,B,20260617,516096,,Sangal Papers,   160.0500,   160.0500,   160.0500,   160.0500,          3,          1,                 480
VSWS,B,20260617,516098,,Ventura Textiles,     8.8800,     8.8800,     8.2000,     8.6500,        752,         18,                6382
VSWS,B,20260617,516106,,Shree Karthik Papers,     6.5000,     6.7300,     6.5000,     6.6900,       3284,         18,               21593
VSWS,B,20260617,516108,,South India Paper,    96.0000,    99.5000,    96.0000,    98.8000,      12811,         46,             1252975
VSWS,B,20260617,516110,,Family Care Hospital,     3.1600,     3.3000,     3.1600,     3.2300,      31508,        132,              102529
VSWS,B,20260617,517015,,Vindhya Telelinks,  2199.8500,  2276.1000,  2163.7500,  2205.6500,       3136,        598,             6995749
VSWS,B,20260617,517035,,RIR Power Electronic,   169.0000,   171.3000,   164.1500,   166.7000,     202804,       2095,            33985443
VSWS,B,20260617,517041,,Ador Welding,  1176.2000,  1179.9500,  1168.7500,  1175.1000,        225,         50,              264168
VSWS,B,20260617,517044,,International Data,    28.4200,    29.9200,    28.4200,    29.8800,        171,          6,                4964
VSWS,B,20260617,517059,,Salzer Electronics,   657.0000,   662.0000,   650.2500,   652.4500,       2080,        113,             1367120
VSWS,B,20260617,517063,,Jetking Infotrain,   108.6000,   114.8000,   105.5500,   110.1000,       9490,         79,             1062415
VSWS,B,20260617,517096,,Aplab,   102.0000,   106.4000,   100.0000,   102.8500,       1142,         11,              117540
VSWS,B,20260617,517119,,PCS Technology,    20.8900,    20.8900,    19.3000,    19.7300,       5354,         22,              107075
VSWS,B,20260617,517146,,Usha Martin,   500.3500,   505.7000,   493.6000,   494.9500,       9053,        313,             4521173
VSWS,B,20260617,517166,,SPEL Semiconductor,   156.7500,   156.7500,   153.5000,   154.0000,      32319,        816,             4992858
VSWS,B,20260617,517168,,Subros,   750.0500,   750.0500,   724.0000,   730.5500,       7236,        356,             5345983
VSWS,B,20260617,517170,,Edvenswa Enterprises,    26.1400,    26.2500,    25.5000,    26.2500,       9931,         26,              259317
VSWS,B,20260617,517172,,Pervasive Commoditie,     3.0300,     3.0300,     3.0300,     3.0300,        471,          1,                1427
VSWS,B,20260617,517174,,Honeywell Automation, 36000.1000, 37117.0000, 36000.1000, 36368.3500,        440,        243,            16099095
VSWS,B,20260617,517201,,Switching Technolo,    92.0000,    95.9500,    87.5100,    93.1400,       1808,         18,              164140
VSWS,B,20260617,517206,,Lumax Industries,  5319.8500,  5376.8500,  5300.0000,  5338.9500,        474,        150,             2526223
VSWS,B,20260617,517214,,DiGiSPICE Technologi,    20.0100,    21.3800,    19.5600,    20.3000,       5089,         50,              102103
VSWS,B,20260617,517236,,Calcom Vision,    80.6000,    81.0000,    79.0200,    79.9600,       3631,         39,              290967
VSWS,B,20260617,517238,,Dynavision,   189.0000,   193.7500,   189.0000,   193.7500,         29,          3,                5490
VSWS,B,20260617,517246,,BCC Fuba India,   148.5000,   156.7000,   145.0000,   156.1500,      18771,        163,             2832422
VSWS,B,20260617,517258,,Precision Electronic,   194.8000,   204.5000,   188.2500,   192.8000,      14347,        205,             2845844
VSWS,B,20260617,517264,,Fine Line Circuits,    54.8500,    54.8500,    52.5100,    53.0000,        916,         29,               48700
VSWS,B,20260617,517271,,HBL Engineering,   799.6000,   806.0000,   792.0000,   796.2500,      21368,        857,            17005462
VSWS,B,20260617,517273,,S&S Power Switchgear,   393.3000,   399.9500,   393.3000,   399.9500,        301,          4,              118722
VSWS,B,20260617,517286,,RNIT AI Solutions,    63.3500,    65.9100,    63.3500,    63.6700,      77334,        241,             4950730
VSWS,B,20260617,517288,,Gujarat Poly Electro,    79.9900,    79.9900,    75.0900,    77.1600,      21606,        255,             1662536
VSWS,B,20260617,517300,,Gujarat Ind Power,   164.5000,   165.0000,   163.1500,   164.2000,      14769,        222,             2424715
VSWS,B,20260617,517320,,Magnus Steel & Infra,   102.7500,   102.7500,   102.7500,   102.7500,       6120,         84,              628830
VSWS,B,20260617,517334,,Samvardhana Motherso,   147.8000,   147.8000,   142.7000,   145.2000,    1672981,       9445,           244038257
VSWS,B,20260617,517336,,Modern Malleables,    68.7500,    71.5500,    68.7500,    71.5500,       3400,         12,              234340
VSWS,B,20260617,517344,,Mindteck (India),   211.5000,   215.3500,   210.1500,   211.0500,       5181,        156,             1104356
VSWS,B,20260617,517354,,Havells India,  1193.8500,  1207.4500,  1182.3500,  1196.1000,      23064,       1510,            27619947
VSWS,B,20260617,517356,,ACI Infocom,     1.1800,     1.2000,     1.1500,     1.1600,      73248,        138,               85301
VSWS,B,20260617,517360,,SBEC Systems,    22.9500,    24.1000,    21.9100,    23.0000,       7970,         94,              186617
VSWS,B,20260617,517370,,Incap,    83.7500,    85.8500,    79.5500,    80.0000,       1775,         11,              142017
VSWS,B,20260617,517372,,Gujarat Intrux,   430.0500,   436.7000,   426.0000,   434.1000,       3255,        114,             1409751
VSWS,B,20260617,517380,,Igarashi Motors Indi,   381.0000,   444.5000,   381.0000,   410.9000,     291567,       6520,           125442631
VSWS,B,20260617,517385,,Symphony,   669.9000,   694.0000,   669.9000,   690.2500,       5793,        339,             3974838
VSWS,B,20260617,517393,,Reganto Enterprises,     7.5000,     7.7000,     6.9800,     7.2200,     403868,        607,             2903329
VSWS,B,20260617,517397,,Pan Electronics,    25.8100,    27.0000,    24.2100,    25.7300,       7184,         59,              188936
VSWS,B,20260617,517399,,VXL Instruments,     3.2900,     3.2900,     3.0900,     3.0900,        515,          5,                1596
VSWS,B,20260617,517411,,Shyam Telecom,    19.0500,    19.0500,    17.5500,    18.9400,      18596,         98,              349637
VSWS,B,20260617,517415,,Lee & Nee Softwares,     8.0300,     8.0300,     7.6800,     7.7900,       6011,         55,               46771
VSWS,B,20260617,517417,,Patels Airtemp,   285.1500,   300.0000,   285.1500,   291.2500,       3087,        115,              908685
VSWS,B,20260617,517421,,Butterfly Gandhimath,   629.3000,   673.0000,   627.0000,   662.8500,       4635,        716,             3057253
VSWS,B,20260617,517429,,Athena Global Techno,    63.6100,    63.6100,    63.6100,    63.6100,        505,          5,               32123
VSWS,B,20260617,517431,,Narmada Macplast,    21.2500,    22.0000,    20.7100,    20.8300,      77787,        180,             1637957
VSWS,B,20260617,517437,,Dutron Polymers,   107.7500,   107.7500,   101.0000,   101.9000,       1236,         19,              126159
VSWS,B,20260617,517447,,RS Software (India),    31.6300,    32.2300,    31.5600,    32.2300,       7623,         20,              244764
VSWS,B,20260617,517449,,Magna Electro Cast,  1070.0000,  1100.0000,  1070.0000,  1084.3000,        690,         23,              745110
VSWS,B,20260617,517467,,Marsons,   115.2500,   119.2500,   114.8500,   117.9000,     100778,        769,            11757752
VSWS,B,20260617,517477,,Elnet Technologies,   339.9500,   340.0000,   334.4500,   335.4500,        996,         26,              335632
VSWS,B,20260617,517494,,Accel,    13.8800,    13.8800,    13.3200,    13.5200,      31900,         58,              431671
VSWS,B,20260617,517498,,Websol Energy Sys,   105.8000,   107.0000,   104.5500,   106.3500,     122030,        841,            12906272
VSWS,B,20260617,517500,,Roto Pumps,    64.1000,    65.1500,    64.1000,    64.3800,      35225,        297,             2274809
VSWS,B,20260617,517506,,TTK Prestige,   539.5000,   547.6000,   537.1000,   542.6000,       4094,        194,             2217447
VSWS,B,20260617,517514,,D&H India,   240.0000,   243.9500,   240.0000,   243.9500,       3386,         35,              824921
VSWS,B,20260617,517522,,Rajratan Global Wire,   459.2500,   460.0000,   452.3000,   452.7000,       2431,        144,             1108686
VSWS,B,20260617,517530,,Surana Tele & Power,    19.4000,    19.4000,    18.5000,    18.8400,       9566,        109,              180309
VSWS,B,20260617,517536,,Onward Technologies,   254.0500,   260.3500,   253.9000,   257.4000,       2091,        107,              537315
VSWS,B,20260617,517544,,Centum Electronics,  3658.1500,  3705.0000,  3584.0000,  3611.5000,       2304,        282,             8361953
VSWS,B,20260617,517546,,Alfa Transformers,    45.5600,    45.5600,    45.5600,    45.5600,      25750,         70,             1173170
VSWS,B,20260617,517554,,NHC Foods,     1.2500,     1.2800,     1.1800,     1.2600,    2500444,        819,             3110771
VSWS,B,20260617,517556,,PVP Ventures,    30.4300,    31.3700,    30.1700,    30.6700,      41221,        188,             1259154
VSWS,B,20260617,517562,,Trigyn Technologies,    56.0000,    56.9900,    55.9600,    56.8600,        945,         18,               53164
VSWS,B,20260617,517569,,KEI Industries,  5449.7000,  5669.7500,  5411.5000,  5649.5500,      31947,       3781,           178747104
VSWS,B,20260617,518011,,Keerthi Industries,    39.9900,    40.4900,    39.5000,    40.0000,       1006,         17,               40049
VSWS,B,20260617,518053,,Sri Chakra Cement,    44.9700,    44.9800,    43.0000,    43.9100,        325,         20,               14108
VSWS,B,20260617,518075,,Suraj Products,   237.9500,   237.9500,   225.6000,   229.7000,       5118,         98,             1168114
VSWS,B,20260617,518091,,Anjani Portland,   109.6500,   117.2000,   109.6500,   112.1500,        165,          6,               18279
VSWS,B,20260617,519003,,Modi Naturals,   415.0500,   418.6500,   402.0000,   418.6500,        988,         17,              411993
VSWS,B,20260617,519091,,Tasty Bite Eatables,  8169.0000,  8233.3000,  8150.0000,  8181.1000,         53,         27,              433229
VSWS,B,20260617,519097,,Ritesh International,    57.5300,    58.9900,    57.0000,    57.4700,       7016,         60,              403544
VSWS,B,20260617,519105,,AVT Natural Products,    74.8000,    74.8000,    71.6000,    72.1400,       7043,        168,              512947
VSWS,B,20260617,519126,,Hindustan Foods,   558.8500,   558.8500,   545.5000,   546.8500,       2158,        200,             1187774
VSWS,B,20260617,519136,,Nahar Industrial,   118.0000,   118.1000,   116.7000,   116.8000,        388,         26,               45638
VSWS,B,20260617,519156,,Vadilal Industries,  6220.0000,  6386.4000,  6113.3000,  6175.8000,       3067,        421,            18935173
VSWS,B,20260617,519174,,Ashiana Agro Ind,    11.4200,    11.4200,    11.4200,    11.4200,        101,          2,                1153
VSWS,B,20260617,519183,,ADF Foods,   304.5000,   308.6000,   298.1000,   301.4000,      20061,        618,             6082358
VSWS,B,20260617,519191,,Retro Green Revoluti,     1.4500,     1.5900,     1.4500,     1.5400,      20508,         29,               30920
VSWS,B,20260617,519214,,Williamson Financial,     8.1900,     8.5900,     8.1900,     8.5900,         38,          2,                 315
VSWS,B,20260617,519216,,Ajanta Soya,    21.1500,    21.3800,    20.9400,    21.3200,      30533,        214,              647651
VSWS,B,20260617,519230,,Kisaan Parivar Indus,    16.8800,    16.9100,    15.8000,    16.4100,       3031,         44,               49101
VSWS,B,20260617,519234,,Superior Industrial,    31.2500,    32.2500,    31.2000,    32.2500,        286,          4,                8941
VSWS,B,20260617,519238,,Saptarishi Agro Ind,    28.4300,    30.5000,    27.7600,    28.1900,      16076,         36,              447340
VSWS,B,20260617,519260,,Sanwaria Consumer,     0.4900,     0.4900,     0.4900,     0.4900,       5201,          3,                2548
VSWS,B,20260617,519262,,Prima Agro,    14.4100,    14.9800,    14.0000,    14.0400,       1193,         36,               16866
VSWS,B,20260617,519285,,Tarai Foods,     5.1000,     5.1100,     4.8500,     5.1000,       4236,         17,               21584
VSWS,B,20260617,519287,,Modern Dairies,    34.4500,    35.3900,    34.1100,    34.8600,       8455,         65,              295505
VSWS,B,20260617,519295,,Bambino Agro Ind,   210.8000,   211.0000,   207.0000,   207.0000,         76,          9,               15809
VSWS,B,20260617,519299,,Prime Industries,    46.2500,    46.2500,    44.1900,    45.9900,        307,          4,               13579
VSWS,B,20260617,519307,,Vikas WSP,     0.9900,     0.9900,     0.9600,     0.9700,      40096,         75,               38945
VSWS,B,20260617,519331,,VSF Projects,    36.9900,    36.9900,    33.5500,    35.9900,        385,          9,               13610
VSWS,B,20260617,519353,,Novyra Pharmachem,    11.3400,    11.3400,    11.3400,    11.3400,        200,          1,                2268
VSWS,B,20260617,519359,,Poona Dal & Oil Ind,    65.3400,    65.3400,    63.7000,    63.7500,       1250,         20,               79775
VSWS,B,20260617,519367,,Transglobe Foods,   475.0000,   498.7500,   475.0000,   482.9000,          3,          2,                1448
VSWS,B,20260617,519383,,Anik Industries,    43.0000,    47.2000,    43.0000,    45.0000,       3354,         33,              152952
VSWS,B,20260617,519397,,Sharat Industries,   160.2500,   160.4500,   156.1500,   157.7000,      45679,        151,             7243503
VSWS,B,20260617,519421,,K S E,   191.0000,   191.0000,   188.1000,   189.2000,       2650,        125,              502413
VSWS,B,20260617,519457,,Virat Crane Ind,    35.2800,    37.0000,    34.2400,    34.8400,       2161,         26,               75693
VSWS,B,20260617,519463,,IB Infotech Enter,    50.4300,    50.4300,    50.4300,    50.4300,        726,         16,               36612
VSWS,B,20260617,519471,,Ambar Protein Indust,   175.0000,   180.0000,   174.5000,   175.0500,       3708,         66,              653583
VSWS,B,20260617,519475,,Chordia Food Product,    73.0000,    73.6600,    67.1200,    73.6500,       1067,         14,               76634
VSWS,B,20260617,519477,,CIAN Agro Ind & Infr,  1722.0000,  1778.2000,  1608.9000,  1778.2000,     334703,      15804,           577516425
VSWS,B,20260617,519479,,Omega Ag Seeds,     9.5100,     9.5100,     9.1200,     9.1300,        325,         11,                2974
VSWS,B,20260617,519483,,TAI Industries,    25.3400,    25.3400,    25.3400,    25.3400,        609,          2,               15432
VSWS,B,20260617,519500,,BKV Industries,    10.2000,    10.2000,     9.6300,     9.9800,        162,         12,                1573
VSWS,B,20260617,519506,,NCC Blue Water Prod,    19.1600,    20.5200,    19.1600,    20.5000,        400,          4,                8066
VSWS,B,20260617,519528,,Norben Tea & Exports,    76.3900,    76.4000,    73.6300,    73.6300,        252,         56,               18889
VSWS,B,20260617,519532,,Asian Tea & Exports,     9.4000,     9.4000,     9.2000,     9.2200,      10969,         43,              101538
VSWS,B,20260617,519552,,Heritage Foods,   333.0000,   333.0000,   326.8000,   327.6500,      20428,        536,             6724480
VSWS,B,20260617,519566,,Simran Farms,   152.7000,   154.7000,   148.6000,   150.7500,        272,         16,               40848
VSWS,B,20260617,519574,,Hindustan Agrigen,    45.0000,    45.0000,    44.0000,    44.8500,       4921,         21,              216809
VSWS,B,20260617,519600,,CCL Products India,  1117.0500,  1128.6000,  1105.5000,  1114.1000,      60356,       1230,            67149721
VSWS,B,20260617,519602,,Kellton Tech Solu,    15.9600,    16.1600,    15.7500,    15.8100,     319058,        806,             5070480
VSWS,B,20260617,519604,,Suryo Foods & Ind,    18.5000,    18.5000,    17.0100,    17.8200,       3749,         16,               64970
VSWS,B,20260617,519606,,Integrated Proteins,   149.1500,   149.1500,   149.1000,   149.1000,       4898,         17,              730533
VSWS,B,20260617,519612,,Lake Shore Realty,    62.0300,    64.0000,    62.0200,    63.3100,        540,         15,               33519
VSWS,B,20260617,520008,,RICO Auto Industries,   133.0000,   144.9000,   131.8500,   143.2500,     429167,       3712,            60068549
VSWS,B,20260617,520021,,Omax Autos,   226.2000,   231.0000,   220.0000,   228.5000,       4252,         75,              970555
VSWS,B,20260617,520043,,Munjal Showa,   128.8000,   129.6500,   128.7500,   129.2500,       2008,         49,              259195
VSWS,B,20260617,520051,,Jamna Auto Ind,   129.0000,   131.5500,   128.1500,   130.1000,     244221,       2047,            31789684
VSWS,B,20260617,520056,,TVS Holdings, 13370.0000, 13405.0000, 13285.1500, 13366.0500,        406,        132,             5415392
VSWS,B,20260617,520057,,JTEKT India,   133.1000,   137.6500,   132.4500,   134.6500,       8951,        234,             1213171
VSWS,B,20260617,520059,,Munjal Auto Ind,    98.4000,    99.2900,    96.0500,    96.4900,      27318,        264,             2663773
VSWS,B,20260617,520066,,Jay Bharat Maruti,   167.0500,   170.0000,   162.8000,   164.4000,     123979,       2357,            20572529
VSWS,B,20260617,520073,,RACL Geartech,  1316.8000,  1322.2000,  1285.8000,  1301.9000,       2488,        231,             3253942
VSWS,B,20260617,520075,,Samkrg Pistons,   120.5000,   124.0000,   119.6000,   119.7000,       1048,         34,              125908
VSWS,B,20260617,520086,,Sical Logistics,    93.5800,    93.5800,    93.5800,    93.5800,        190,          6,               17780
VSWS,B,20260617,520111,,Ratnamani Metals,  2620.0000,  2690.5000,  2580.0000,  2596.3000,      52719,        704,           141296944
VSWS,B,20260617,520113,,Vesuvius India,   459.0000,   465.1000,   457.0500,   462.4000,       2764,        188,             1276036
VSWS,B,20260617,520119,,Automotive Stampings,   485.0500,   509.6000,   485.0500,   504.9500,       3710,        403,             1872125
VSWS,B,20260617,520121,,Arcee Industries,    14.7000,    14.7000,    14.7000,    14.7000,       2519,          4,               37029
VSWS,B,20260617,520123,,ABC India,    66.2400,    67.8800,    64.1600,    66.4900,        646,         17,               42700
VSWS,B,20260617,520127,,Balurghat Techno,    13.2500,    14.0700,    13.0000,    13.5000,       2417,         26,               33348
VSWS,B,20260617,520141,,Sibar Auto Parts,     7.6600,     7.7900,     7.2600,     7.4400,       4584,         23,               34497
VSWS,B,20260617,520151,,Transworld Shipping,   192.0000,   192.2000,   184.0000,   184.2000,       4789,        117,              904201
VSWS,B,20260617,520155,,Starlog Enterprises,    37.9400,    38.5000,    37.1200,    37.1600,       2727,         29,              101875
VSWS,B,20260617,521005,,Titan Intech,     0.9900,     1.0000,     0.9700,     0.9700,    3855704,       1244,             3768282
VSWS,B,20260617,521016,,Indo Count Ind,   346.8500,   346.9500,   339.6500,   342.3000,      10651,        341,             3649849
VSWS,B,20260617,521018,,Maral Overseas,    56.2200,    58.4200,    56.2200,    58.4200,       1801,          7,              104958
VSWS,B,20260617,521034,,Soma Textiles,   106.9000,   106.9000,    97.5000,    97.5000,       2730,         74,              278900
VSWS,B,20260617,521036,,Source Industries (I,    19.4300,    19.4300,    19.4300,    19.4300,         10,          1,                 194
VSWS,B,20260617,521054,,Kakatiya Textiles,     8.1500,     8.2000,     8.1500,     8.2000,        109,          3,                 888
VSWS,B,20260617,521062,,Perfect-Octave Media,     3.9500,     4.1700,     3.9500,     4.1400,      20572,         19,               82796
VSWS,B,20260617,521064,,Trident,    25.0000,    25.2900,    24.8600,    24.9400,     745140,       2541,            18633782
VSWS,B,20260617,521070,,Alok Industries,    12.9500,    13.0500,    12.8800,    12.9100,     594090,       1281,             7703663
VSWS,B,20260617,521080,,Pasari Spinning Mill,     7.1700,     7.2800,     6.1200,     6.9900,       6254,         37,               42887
VSWS,B,20260617,521097,,Amarjothi Spinning,   162.5000,   162.5000,   159.0500,   160.0000,       2662,         37,              427267
VSWS,B,20260617,521105,,Olympia Industries,    30.7400,    30.7400,    29.0000,    30.0200,        201,         16,                6045
VSWS,B,20260617,521109,,Nagreeka Exports,    26.5100,    29.5000,    26.5100,    28.3700,      16527,        116,              464094
VSWS,B,20260617,521113,,Suditi Industries,    90.0500,    93.2600,    89.0000,    89.1000,      14359,        102,             1292108
VSWS,B,20260617,521131,,Shree Bhavya Fabrics,    22.0100,    22.6900,    22.0000,    22.3600,        797,         17,               17752
VSWS,B,20260617,521133,,Gem Spinners,     6.0000,     6.4400,     5.9900,     6.4400,        400,          3,                2487
VSWS,B,20260617,521137,,Eureka Industries,    11.7300,    11.7300,    11.7300,    11.7300,      25843,         30,              303138
VSWS,B,20260617,521141,,Aditya Spinners,    15.9300,    15.9300,    15.3600,    15.8600,        102,          3,                1624
VSWS,B,20260617,521149,,Prime Urban Develop,     8.8000,     8.8000,     8.6100,     8.7900,        131,          5,                1151
VSWS,B,20260617,521151,,Dhanlaxmi Fabrics,    52.2000,    53.9900,    49.6300,    50.4800,        336,          5,               17577
VSWS,B,20260617,521163,,Zodiac Clothing Co,    75.4900,    75.4900,    72.5100,    72.5100,        401,          7,               29808
VSWS,B,20260617,521178,,Sri Ramkrishna Mills,    53.9900,    54.9000,    51.3000,    51.8600,       3973,         55,              212022
VSWS,B,20260617,521180,,Super Spinning Mills,     5.1500,     5.3000,     4.8700,     5.0100,      17929,        112,               90649
VSWS,B,20260617,521194,,SIL Investments,   426.0000,   430.0000,   426.0000,   430.0000,        121,          5,               51830
VSWS,B,20260617,521200,,Suryalakshmi Cotton,    55.0000,    61.5000,    55.0000,    61.5000,       1725,         21,              102498
VSWS,B,20260617,521206,,Samtex Fashions,     1.4200,     1.5300,     1.3300,     1.4700,      14514,         33,               21146
VSWS,B,20260617,521216,,Dhanlaxmi Roto Spin,    82.0000,    82.0000,    77.3200,    78.8000,       1934,         49,              154108
VSWS,B,20260617,521220,,Damodar Industries,    31.0000,    31.0000,    29.2500,    29.2500,        510,         17,               15390
VSWS,B,20260617,521222,,Sanblue Corporation,    32.4900,    32.4900,    32.4900,    32.4900,          4,          3,                 129
VSWS,B,20260617,521226,,Uniroyal Industries,    18.5100,    18.5600,    18.5100,    18.5600,       1613,          6,               29921
VSWS,B,20260617,521228,,Tatia Global Venture,     2.4400,     2.4600,     2.3600,     2.3700,      58165,        202,              139736
VSWS,B,20260617,521232,,Sunil Industries,    79.0000,    79.0000,    78.7500,    78.7500,        500,          5,               39400
VSWS,B,20260617,521234,,Sri Nachammai Cotton,    28.5000,    28.5000,    26.3300,    26.8500,        664,         12,               18612
VSWS,B,20260617,521238,,Bharat Global Develo,   104.4000,   104.4000,   101.3500,   102.0000,       7719,        223,              787167
VSWS,B,20260617,521240,,Sambandam Spinning,   106.2500,   114.0500,   106.2500,   113.0000,       2069,         35,              234172
VSWS,B,20260617,521244,,MKP Mobility,   124.7500,   124.7500,   119.1000,   124.0000,         20,          6,                2463
VSWS,B,20260617,521246,,Paras Petrofils,     1.8300,     1.9700,     1.8300,     1.9400,      20141,        102,               38896
VSWS,B,20260617,521248,,Kitex Garments,   155.7000,   157.9000,   153.4500,   155.1500,      71244,        661,            11077376
VSWS,B,20260617,522001,,Cranex,    77.9900,    79.0000,    72.7000,    74.8400,       6248,        113,              471154
VSWS,B,20260617,522004,,Batliboi,    78.7800,    84.3100,    78.7800,    82.5800,       7342,        361,              598548
VSWS,B,20260617,522005,,Austin Engg,   133.9000,   138.9500,   130.5000,   134.7500,       9572,         79,             1280031
VSWS,B,20260617,522014,,United Drilling Tool,   223.0000,   226.9000,   220.0500,   220.1500,       2365,         47,              526677
VSWS,B,20260617,522017,,Fluidomat,   830.8000,   833.0000,   801.2500,   813.0500,       3054,        155,             2493940
VSWS,B,20260617,522027,,EMA India,   715.4000,   744.3000,   715.4000,   743.8500,       7232,         86,             5264420
VSWS,B,20260617,522029,,Windsor Machines,   326.9500,   332.5000,   324.6500,   325.9000,       3254,        132,             1067317
VSWS,B,20260617,522034,,Shanthi Gears,   452.3500,   461.5000,   450.0000,   452.7500,       1900,        226,              865392
VSWS,B,20260617,522064,,Honda India Power,  2199.0500,  2216.4500,  2188.0000,  2196.2000,        235,         54,              518044
VSWS,B,20260617,522073,,Hi Tech Gears,   575.0000,   575.0000,   560.2000,   561.8500,        309,         11,              174612
VSWS,B,20260617,522074,,Elgi Equipments,   602.7500,   613.8500,   598.2500,   600.1000,      16556,        699,             9998021
VSWS,B,20260617,522091,,United Van Der Horst,    37.6400,    39.1600,    37.6400,    39.1600,       3099,         39,              117693
VSWS,B,20260617,522101,,Kilburn Engineering,   493.0500,   506.5000,   492.6500,   497.2000,      16998,        725,             8496880
VSWS,B,20260617,522105,,Birla Precision Tech,    38.5000,    39.0000,    37.5000,    38.1300,       5068,         85,              192918
VSWS,B,20260617,522108,,Yuken India,   700.0000,   700.0000,   684.3000,   692.2000,        345,        115,              239982
VSWS,B,20260617,522113,,Timken India,  3632.6500,  3674.8500,  3581.2500,  3606.3000,       3327,        505,            12072281
VSWS,B,20260617,522122,,Voith Paper Fabrics,  1490.0000,  1514.9000,  1475.0000,  1478.4500,        256,         34,              379470
VSWS,B,20260617,522134,,Artson,   169.7000,   172.8500,   147.0000,   166.6500,      40715,        318,             6407160
VSWS,B,20260617,522152,,Solitaire Machine,    98.0000,    98.0000,    92.0000,    93.1000,       9635,        137,              903717
VSWS,B,20260617,522163,,Diamond Power Infra,   203.5000,   208.0000,   202.4500,   204.6000,     323500,       2760,            66472034
VSWS,B,20260617,522165,,Indsil Hydro Power &,    40.6000,    40.6000,    39.6000,    40.0100,       7986,         76,              320777
VSWS,B,20260617,522183,,ITL Industries,   282.8000,   282.8000,   273.7000,   279.1000,        181,         31,               50287
VSWS,B,20260617,522195,,Frontier Springs,  1484.9500,  1487.8000,  1450.0000,  1463.9000,       8725,        713,            12784791
VSWS,B,20260617,522205,,Praj Industries,   341.7000,   343.5500,   336.2500,   340.1500,      43009,       1117,            14581234
VSWS,B,20260617,522207,,Rasandik Engg,    63.9000,    65.8000,    62.0000,    64.4500,       2193,         23,              140205
VSWS,B,20260617,522209,,Yogi Infra Projects,     7.5500,     7.8500,     7.5500,     7.8500,      11328,         10,               87377
VSWS,B,20260617,522215,,HLE Glascoat,   386.5000,   397.1000,   384.4500,   386.0500,      18561,        387,             7215911
VSWS,B,20260617,522217,,Gujarat Apollo Ind,   367.9500,   385.3500,   362.6500,   385.3500,        291,         41,              108491
VSWS,B,20260617,522229,,Taneja Aerospace,   288.0000,   305.4000,   284.8000,   296.5500,      19746,        362,             5760243
VSWS,B,20260617,522231,,Conart Engineers,    93.3000,    94.9000,    91.1500,    91.9000,       3172,         60,              295135
VSWS,B,20260617,522235,,Minal Industries,     2.6400,     2.6400,     2.5500,     2.5900,      30664,         94,               79248
VSWS,B,20260617,522237,,Shivagrico Implement,    25.5400,    25.5400,    23.5100,    25.4200,        193,         15,                4847
VSWS,B,20260617,522241,,M M Forgings,   470.5000,   475.1500,   467.1000,   470.2500,       5718,        109,             2689235
VSWS,B,20260617,522249,,Mayur Uniquoters,   828.0000,   843.6500,   819.3000,   825.9500,       8887,        498,             7390241
VSWS,B,20260617,522251,,Cenlub Industries,   261.0000,   261.0000,   248.0000,   249.4000,       3526,        112,              889649
VSWS,B,20260617,522257,,Rajoo Engineers,    54.7600,    55.3100,    54.0500,    54.9000,      29086,        341,             1588146
VSWS,B,20260617,522261,,Dolphin Offshore Ent,   391.5000,   393.1000,   385.3000,   390.0500,        674,         83,              262611
VSWS,B,20260617,522267,,Veejay Lakshmi Engg,    37.4900,    37.5000,    34.0000,    34.4400,       1272,         12,               47137
VSWS,B,20260617,522273,,Ahmedabad Steelcraft,   156.8000,   156.8000,   150.0500,   154.9500,        168,          6,               25786
VSWS,B,20260617,522275,,GE Vernova T&D India,  4896.0000,  5174.9500,  4896.0000,  5153.2500,      72181,       7824,           365644587
VSWS,B,20260617,522281,,Ram Ratna Wires,   398.7000,   402.4000,   392.8000,   401.6500,       9358,        302,             3720409
VSWS,B,20260617,522285,,Jayaswals Neco Ind,    89.5500,    93.6500,    89.5500,    91.8000,     217592,        962,            20025718
VSWS,B,20260617,522287,,Kalpataru Projects I,  1388.9500,  1388.9500,  1346.5000,  1368.2500,      25025,       1969,            34212352
VSWS,B,20260617,522289,,NMS Global,    88.9500,    88.9500,    81.7100,    87.4000,        237,         12,               20143
VSWS,B,20260617,522292,,Candour Techtex,    80.3700,    82.9000,    80.3700,    82.1500,      13006,        104,             1068775
VSWS,B,20260617,522294,,T & I Global,   157.1000,   171.5000,   157.1000,   170.0000,       1397,         23,              227968
VSWS,B,20260617,522295,,Control Print,   618.0000,   628.2000,   618.0000,   625.8000,       1080,         75,              675022
VSWS,B,20260617,522650,,Bemco Hydraulics,    87.2000,    88.3000,    86.4200,    87.0900,       1379,         59,              120633
VSWS,B,20260617,523007,,Ansal Buildwell,    92.9000,    92.9000,    88.6900,    88.6900,        257,         17,               23266
VSWS,B,20260617,523011,,Weizmann,    87.0000,    87.0000,    84.7100,    85.1900,        296,         14,               25177
VSWS,B,20260617,523019,,BN Rathi Securities,    17.2500,    17.2500,    16.1600,    16.6400,      33567,        218,              562154
VSWS,B,20260617,523021,,Rishi Techtex,    39.9900,    43.8500,    39.6000,    39.9900,       8572,         42,              357536
VSWS,B,20260617,523023,,Sinclairs Hotels,    77.6800,    77.8800,    75.9200,    76.8100,       4068,        120,              314179
VSWS,B,20260617,523025,,Safari Industries,  1622.3000,  1699.0000,  1622.3000,  1672.3500,      11966,       1281,            19984859
VSWS,B,20260617,523054,,Binayak Tex Proc,  1711.0000,  1711.0000,  1710.0000,  1710.0000,         50,         16,               85501
VSWS,B,20260617,523062,,JJ Finance Corpn,    45.0000,    45.0000,    43.2000,    43.2200,        766,          4,               34352
VSWS,B,20260617,523100,,Cosmo Ferrites,   206.7000,   211.0000,   206.7000,   209.0000,       1779,         13,              372415
VSWS,B,20260617,523105,,Cropster Agro,     5.4400,     5.8500,     5.4400,     5.6100,      66291,        181,              374870
VSWS,B,20260617,523113,,Futuristic Secu,    32.1400,    32.1400,    32.1400,    32.1400,          1,          1,                  32
VSWS,B,20260617,523120,,Thrive Future Habita,    93.7000,    93.7000,    92.0000,    92.5500,       2074,         19,              192234
VSWS,B,20260617,523127,,EIH Associated Hotel,   312.2000,   316.0000,   305.5000,   314.6500,        865,         66,              270105
VSWS,B,20260617,523144,,Medi Caps,    27.3100,    28.0000,    27.2000,    27.5200,       3410,         25,               95337
VSWS,B,20260617,523151,,Otco International,     8.0000,     8.1000,     7.7900,     7.7900,        610,          7,                4811
VSWS,B,20260617,523160,,Foseco Crucible (I),  1201.0000,  1220.0000,  1201.0000,  1211.2500,       3490,         77,             4237950
VSWS,B,20260617,523186,,B&A Packaging India,   175.0000,   179.0000,   166.7000,   172.8500,        784,         59,              133214
VSWS,B,20260617,523207,,Kokuyo Camlin,    86.6000,    87.1200,    85.1000,    85.8800,       3012,        137,              259789
VSWS,B,20260617,523229,,Bharat Seats,   185.9500,   187.3500,   182.8500,   184.4500,       9766,        242,             1802627
VSWS,B,20260617,523232,,Continental Petro,    93.9900,    93.9900,    88.7000,    89.8000,       2099,         31,              189367
VSWS,B,20260617,523242,,NB Footwear,     7.4600,     7.8000,     7.4600,     7.5100,       6500,          2,               48830
VSWS,B,20260617,523248,,Machino Plastics,   260.0000,   262.0000,   252.5500,   254.7000,       1006,         29,              256406
VSWS,B,20260617,523260,,Pearl Polymers,    19.1600,    19.1600,    18.2800,    18.2800,        171,          6,                3274
VSWS,B,20260617,523261,,Venky's (India),  1415.0000,  1428.8500,  1410.3000,  1416.6000,       1052,        123,             1493160
VSWS,B,20260617,523269,,Advani Hotels,    52.6600,    53.0300,    52.4500,    52.4500,        727,         35,               38186
VSWS,B,20260617,523289,,Rama Vision,   139.0000,   140.0000,   134.1500,   137.2500,       1207,         26,              166730
VSWS,B,20260617,523301,,TCPL Packaging,  2770.0000,  2799.9000,  2675.5000,  2764.9500,        340,        171,              934764
VSWS,B,20260617,523309,,Shri Gang Ind & Alli,    65.4800,    67.1000,    65.4800,    67.0200,       7471,         68,              494253
VSWS,B,20260617,523319,,Balmer Lawrie & Co,   183.4000,   183.7000,   180.6000,   182.5000,       5854,        172,             1065095
VSWS,B,20260617,523323,,Kovai Medical,  5800.0000,  5882.4500,  5735.0000,  5844.0000,        418,        167,             2434425
VSWS,B,20260617,523367,,DCM Shriram,  1048.9500,  1058.6500,  1039.5500,  1048.2500,       2449,        280,             2568998
VSWS,B,20260617,523369,,DCM Shriram Ind,    41.5000,    41.5000,    38.0400,    38.2300,       3802,         83,              145945
VSWS,B,20260617,523371,,Mawana Sugars,   112.5000,   112.5000,   107.3500,   109.9600,       4140,         78,              454471
VSWS,B,20260617,523373,,Mini Diamonds,     7.7500,     7.9300,     6.8500,     7.0200,    1152534,       2361,             8366574
VSWS,B,20260617,523384,,Maha Rashtra Apex,    47.7700,    48.3900,    47.2600,    48.2000,       2108,         27,               99686
VSWS,B,20260617,523385,,Nilkamal,  1293.9500,  1302.2500,  1277.8500,  1281.5500,       1371,        161,             1766154
VSWS,B,20260617,523387,,Homre,     2.1700,     2.1700,     2.1700,     2.1700,      29832,         42,               64735
VSWS,B,20260617,523391,,Nahar Poly Films,   250.0000,   250.0000,   250.0000,   250.0000,        100,         21,               25000
VSWS,B,20260617,523395,,3M India, 32400.0000, 33185.0000, 32364.9000, 33000.5000,        476,        221,            15637080
VSWS,B,20260617,523398,,Bosch Home Comfort I,  1350.0000,  1350.0000,  1270.1000,  1278.1500,       5508,        579,             7188430
VSWS,B,20260617,523405,,J M Financial,   124.6000,   128.9500,   124.6000,   126.5000,     414209,       3171,            52733096
VSWS,B,20260617,523411,,ADC India Communicat,  2372.2000,  2372.2000,  2372.2000,  2372.2000,       1136,         73,             2694819
VSWS,B,20260617,523419,,Tamilnadu Telecomm,     8.5200,     9.5900,     8.5200,     9.3100,       2175,         22,               20040
VSWS,B,20260617,523425,,Sunraj Diamond Exp,    13.0000,    13.0000,    12.3500,    12.9700,       3179,          9,               41297
VSWS,B,20260617,523445,,Reliance Indl Infra,   868.9500,   907.9500,   853.1000,   875.2000,      23303,       1729,            20685522
VSWS,B,20260617,523457,,Linde India,  7038.9500,  7050.0000,  6940.0000,  7027.5000,        609,        158,             4258440
VSWS,B,20260617,523465,,Ind Bank Housing,    48.3900,    48.5200,    46.0000,    46.4600,       2115,         31,               98545
VSWS,B,20260617,523467,,Jai Mata Glass,     1.6800,     1.7500,     1.6800,     1.7100,      25950,         59,               44624
VSWS,B,20260617,523475,,Lotus Chocolate,   690.9500,   699.2000,   682.9500,   690.5000,       3514,        272,             2424531
VSWS,B,20260617,523483,,Pacific Industries,   146.0000,   156.0000,   138.0000,   142.3000,       2152,         51,              308286
VSWS,B,20260617,523489,,Chennai Meenakshi,    36.9000,    39.3000,    36.6100,    37.4200,       2392,         44,               90495
VSWS,B,20260617,523537,,APM Industries,    48.7600,    49.9600,    47.6000,    47.6300,       1937,         41,               94643
VSWS,B,20260617,523539,,Precision Wires (I),   430.0000,   430.0000,   418.0000,   428.9000,      16978,        606,             7223288
VSWS,B,20260617,523550,,Krypton Industries,    34.8600,    35.9000,    34.0100,    34.9000,       5044,         43,              175494
VSWS,B,20260617,523558,,Swiss Military Consu,    16.6100,    17.2000,    16.1500,    16.9900,      78989,        364,             1337811
VSWS,B,20260617,523566,,Martin Burn,    43.1000,    45.9300,    43.0000,    44.0000,       2992,         33,              130378
VSWS,B,20260617,523574,,Future Enterprises,     0.4900,     0.4900,     0.4900,     0.4900,       3110,         10,                1523
VSWS,B,20260617,523586,,Indian Toners,   269.7500,   276.5000,   262.1000,   268.4000,      11996,        311,             3246870
VSWS,B,20260617,523594,,Kunststoffe Indus,    22.5000,    23.8400,    22.0200,    22.2900,       4771,         41,              106749
VSWS,B,20260617,523598,,Shipping Corporation,   309.9500,   313.5500,   306.7000,   310.5000,     209232,       2225,            64834782
VSWS,B,20260617,523606,,Sika Interplant Sys,   908.0000,   928.0000,   905.2500,   921.6500,       5416,        649,             4948815
VSWS,B,20260617,523610,,I T I,   306.9500,   314.1500,   303.9500,   306.2000,      77927,       1610,            24064906
VSWS,B,20260617,523618,,Dredging Corp,  1094.0000,  1168.9000,  1094.0000,  1122.1500,      46326,       2400,            52748747
VSWS,B,20260617,523620,,Phaarmasia,    90.2500,    99.7500,    90.2500,    99.7500,        279,         10,               27455
VSWS,B,20260617,523630,,National Fertiliser,    78.4300,    78.9600,    77.1000,    78.0200,     116420,        837,             9094737
VSWS,B,20260617,523638,,IP Rings,   120.0000,   127.9500,   116.5000,   117.3500,       1625,         38,              199215
VSWS,B,20260617,523642,,PI Industries,  2898.5000,  2898.5000,  2821.1000,  2837.6500,     213454,       1814,           606291058
VSWS,B,20260617,523648,,Plastiblends India,   175.1500,   175.1500,   170.7000,   171.2000,     119692,        441,            20945316
VSWS,B,20260617,523650,,Yash Innoventures,    37.0000,    37.9600,    34.1100,    34.1100,      48302,        140,             1669524
VSWS,B,20260617,523652,,Kkalpana Plastick,    26.3200,    26.3200,    26.3200,    26.3200,         38,          1,                1000
VSWS,B,20260617,523660,,Waterbase,    46.4000,    46.4000,    45.3500,    46.1600,      12602,        133,              577565
VSWS,B,20260617,523672,,Flex Foods,    44.4500,    46.7500,    43.2000,    45.0000,      17043,        181,              765011
VSWS,B,20260617,523676,,Golkunda Diamonds,   250.0000,   270.9500,   249.9500,   265.2500,      11790,        210,             3071884
VSWS,B,20260617,523694,,Apcotex Industries,   526.3500,   528.5000,   520.3000,   524.3000,       3553,        194,             1865357
VSWS,B,20260617,523696,,Fortis Malar Hospita,    53.0000,    53.8400,    52.7600,    53.0900,       6240,        136,              332835
VSWS,B,20260617,523704,,Mastek,  1665.0000,  1684.7000,  1632.4500,  1638.4500,       1570,        242,             2599147
VSWS,B,20260617,523708,,Eimco Elecon,  1616.8500,  1640.0000,  1611.9000,  1622.9000,        390,         81,              635799
VSWS,B,20260617,523710,,Sayaji Hotels,   296.0000,   296.0000,   296.0000,   296.0000,         61,          1,               18056
VSWS,B,20260617,523716,,Ashiana Housing,   392.7000,   401.0000,   383.9500,   385.9000,      31341,       1075,            12400171
VSWS,B,20260617,523722,,Svam Software,     5.5400,     5.5400,     5.2600,     5.2600,       1594,         19,                8463
VSWS,B,20260617,523732,,Ecoboard Industries,    56.0000,    57.9900,    53.5900,    54.0900,       5531,         51,              302173
VSWS,B,20260617,523736,,Dhunseri Ventures,   245.2500,   245.2500,   230.5000,   241.3000,        995,         21,              234985
VSWS,B,20260617,523752,,Trans India House Im,     4.9100,     4.9100,     4.6700,     4.7000,     150838,        148,              716714
VSWS,B,20260617,523754,,Mahindra EPC Irrigat,   116.8500,   120.6000,   115.5500,   116.7500,      14804,        365,             1743927
VSWS,B,20260617,523782,,Mitshi India,    15.5000,    15.8800,    14.0000,    15.3900,        857,         11,               12882
VSWS,B,20260617,523792,,Mazda,   227.2000,   234.7000,   227.2000,   234.2500,        468,         23,              108238
VSWS,B,20260617,523796,,Viceroy Hotels,   138.0000,   138.0000,   133.1500,   137.4000,      15446,         45,             2123714
VSWS,B,20260617,523826,,Sovereign Diamonds,    21.5000,    21.9900,    21.1000,    21.8300,        562,         16,               12133
VSWS,B,20260617,523828,,Menon Bearings,   178.0500,   181.6500,   170.1500,   174.9000,      47273,        743,             8306942
VSWS,B,20260617,523832,,Mukat Pipes,    17.2900,    17.2900,    17.2900,    17.2900,        347,          6,                5999
VSWS,B,20260617,523836,,Gujarat Raffia,    40.7700,    42.1000,    40.7000,    42.1000,        131,         38,                5340
VSWS,B,20260617,523838,,Simplex Infrastructu,   279.7500,   286.0000,   272.8000,   284.6000,      10640,        239,             2992491
VSWS,B,20260617,523840,,Innovative Tech Pack,    13.3500,    14.0900,    13.3500,    13.8400,       5571,         35,               77615
VSWS,B,20260617,523842,,Super Tannery,     7.1000,     7.3700,     7.0000,     7.1400,      42856,        152,              305395
VSWS,B,20260617,523844,,Constronics Infra,    42.9900,    47.9800,    42.9900,    44.9100,        292,         22,               13027
VSWS,B,20260617,523850,,Axtel Industries,   450.0000,   451.4500,   435.7000,   438.3500,       9496,        264,             4179783
VSWS,B,20260617,523862,,Grand Oak Canyons Di,    43.6800,    43.6800,    42.5100,    43.6800,       7123,        179,              310897
VSWS,B,20260617,523874,,East India Drums & B,   100.1000,   107.6500,   100.1000,   104.0500,       1141,         31,              118953
VSWS,B,20260617,523888,,Megamont,   150.0000,   150.0000,   149.0000,   150.0000,        316,          6,               47335
VSWS,B,20260617,524000,,Poonawalla Fincorp,   404.3000,   406.8000,   400.5000,   405.3500,      48707,        819,            19639086
VSWS,B,20260617,524019,,Kingfa Science & Tec,  5080.0500,  5181.4500,  5075.0000,  5134.8000,        797,        188,             4090578
VSWS,B,20260617,524037,,Rama Phosphates,   126.2000,   126.2000,   122.5000,   123.5500,       1736,         94,              215517
VSWS,B,20260617,524038,,Venlon Enterprises,     4.3100,     4.9000,     4.3100,     4.9000,       2526,         14,               11771
VSWS,B,20260617,524051,,Polyplex Corp,   931.6000,   934.1000,   918.5000,   924.5000,       2307,        226,             2143621
VSWS,B,20260617,524075,,Albert David,   723.5500,   723.5500,   702.0000,   709.9500,         78,         20,               55662
VSWS,B,20260617,524080,,Haryana Leather Chem,    66.0000,    66.0000,    64.1000,    65.6600,        592,         16,               38681
VSWS,B,20260617,524091,,Carysil,  1170.1000,  1213.0000,  1170.1000,  1189.6000,       5703,        353,             6824977
VSWS,B,20260617,524109,,Kabra Extrusion Tech,   241.0000,   249.7500,   240.0000,   243.4000,      85205,        100,            20544114
VSWS,B,20260617,524129,,Vinyl Chemicals,   250.0000,   252.6000,   249.9000,   251.3000,        854,         84,              213903
VSWS,B,20260617,524136,,Pee Cee Cosma Sope,   297.0000,   302.7500,   290.0000,   297.7000,       2659,        147,              785734
VSWS,B,20260617,524156,,T C M,    47.4800,    48.4500,    46.5000,    46.6700,       9865,         25,              465472
VSWS,B,20260617,524164,,IOL Chemical & Pharm,   126.3500,   127.9500,   123.2500,   124.9000,     116803,        894,            14615102
VSWS,B,20260617,524174,,Kesar Petroproducts,    17.4300,    18.8000,    17.1000,    17.8400,     101604,        344,             1820845
VSWS,B,20260617,524200,,Vinati Organics,  1337.0000,  1349.0500,  1328.0000,  1330.1500,       5871,        533,             7825080
VSWS,B,20260617,524202,,Lactose India,   108.0000,   109.9500,   106.8000,   106.8500,        362,         19,               39216
VSWS,B,20260617,524204,,Teesta Agro Ind,   114.4000,   117.8500,   114.3500,   116.0500,        179,          9,               20815
VSWS,B,20260617,524208,,Aarti Industries,   496.0500,   497.3000,   477.5500,   479.4500,     146406,       4708,            71104933
VSWS,B,20260617,524210,,Pentokey Organy,    39.5000,    39.5000,    36.1500,    36.1500,         67,          9,                2437
VSWS,B,20260617,524212,,Wanbury,   268.5000,   270.3500,   264.6500,   266.0000,       3977,        114,             1064350
VSWS,B,20260617,524218,,Resonance Specialtie,   138.8000,   143.8500,   137.8000,   142.1500,      68061,        533,             9627599
VSWS,B,20260617,524226,,Gujarat Amb Exports,   158.0000,   158.2500,   155.1000,   155.3500,      29179,        546,             4560903
VSWS,B,20260617,524230,,R C F,   133.0000,   136.4500,   130.1500,   135.1000,     303060,       2188,            40605206
VSWS,B,20260617,524238,,Gujarat Inject Keral,   119.0000,   121.9000,   118.0000,   121.9000,      73427,        235,             8904582
VSWS,B,20260617,524280,,Kopran,   181.0000,   185.2500,   177.0000,   182.2000,       7489,        126,             1346728
VSWS,B,20260617,524288,,Aimco Pesticides,    52.8300,    53.7400,    51.2000,    52.1200,       2377,         46,              123676
VSWS,B,20260617,524314,,Gujarat Terce Lab,    34.0000,    34.5000,    33.9000,    33.9600,       1781,         18,               60845
VSWS,B,20260617,524322,,Kabra Drugs,    26.9800,    26.9800,    25.2500,    25.4300,      91404,        437,             2364124
VSWS,B,20260617,524324,,Seya Industries,    12.8900,    13.3700,    12.8800,    13.3300,       3436,         18,               44537
VSWS,B,20260617,524330,,Jayant Agro Organics,   228.0000,   228.0000,   217.8500,   218.7500,        459,         99,              102696
VSWS,B,20260617,524332,,BCL Industries,    38.3500,    38.3500,    37.3300,    37.4200,      55743,        315,             2101121
VSWS,B,20260617,524336,,Shree Hari Chem Expo,   111.5000,   114.8500,   111.5000,   114.8500,       1039,         10,              115856
VSWS,B,20260617,524342,,Indo Borax & Chem,   369.3500,   370.4000,   362.0000,   363.1500,       4991,        235,             1833177
VSWS,B,20260617,524348,,Aarti Drugs,   370.3000,   374.8500,   367.0500,   367.6500,       9457,        497,             3500700
VSWS,B,20260617,524370,,Bodal Chemicals,    66.4400,    66.4500,    64.4000,    64.6600,      10070,        143,              658105
VSWS,B,20260617,524372,,Orchid Pharma,  1029.8500,  1069.9500,  1007.0000,  1034.0000,      18316,       1642,            18943275
VSWS,B,20260617,524394,,Vimta Laboratories,   541.6500,   552.6500,   540.0000,   544.3500,      10976,        337,             5976976
VSWS,B,20260617,524396,,Biofil Chemicals,    35.2700,    37.2000,    35.0300,    35.9300,       7344,         66,              262015
VSWS,B,20260617,524400,,Ishita Drugs,    74.0000,    74.0000,    73.0000,    73.6200,        233,          8,               17165
VSWS,B,20260617,524404,,Marksans Pharma,   247.4000,   255.5000,   246.2500,   254.7500,     155897,       1995,            39238485
VSWS,B,20260617,524408,,Universal Starch,   219.3500,   219.3500,   196.3500,   203.9500,       3107,         46,              626805
VSWS,B,20260617,524412,,Aarey Drugs,    77.0000,    81.5000,    77.0000,    80.2900,       1411,         12,              112756
VSWS,B,20260617,524414,,Norris Medicines,    13.3000,    14.0000,    13.2600,    13.5600,        267,         15,                3610
VSWS,B,20260617,524434,,Asian Petroproducts,     8.9300,     9.8400,     8.9300,     9.1200,      22885,         83,              215010
VSWS,B,20260617,524440,,Camex,    42.1800,    46.6000,    41.0500,    42.4200,      15603,        108,              679202
VSWS,B,20260617,524444,,Evexia Lifecare,     1.7800,     1.7900,     1.6700,     1.7000,   10553081,        989,            18354357
VSWS,B,20260617,524458,,Indo Euro Indchem,    10.5700,    10.7100,    10.1000,    10.4100,       1128,          8,               11749
VSWS,B,20260617,524470,,Syncom Formulations,    14.4000,    14.5300,    14.1400,    14.2100,     243006,        537,             3464855
VSWS,B,20260617,524480,,Riddhi Siddhi Gluco,   810.0000,   832.0000,   805.0000,   808.6500,       1705,         52,             1401266
VSWS,B,20260617,524488,,SVC Industries,     2.2700,     2.3800,     2.2200,     2.3600,      32591,         76,               75355
VSWS,B,20260617,524494,,Ipca Lab,  1545.1000,  1558.6500,  1532.1000,  1538.2500,       6055,        632,             9336566
VSWS,B,20260617,524500,,Kilitch Drugs,   185.4500,   189.1500,   179.4000,   181.0500,      16910,        539,             3104519
VSWS,B,20260617,524502,,Raaj Medisafe India,    73.9900,    73.9900,    73.9900,    73.9900,        100,          1,                7399
VSWS,B,20260617,524506,,Coral Laboratories,   505.5000,   507.0000,   499.0000,   503.7500,       1243,         44,              624186
VSWS,B,20260617,524514,,Tulasee Bio-Ethanol,    47.6000,    47.6000,    47.6000,    47.6000,        100,          1,                4760
VSWS,B,20260617,524516,,Bacil Pharma,    41.2000,    41.2000,    38.4600,    39.1000,     121486,        190,             4765901
VSWS,B,20260617,524518,,Krebs Biochemicals &,    65.0000,    65.0000,    65.0000,    65.0000,         50,          4,                3250
VSWS,B,20260617,524520,,KMC Speciality Hospi,   116.7500,   118.7500,   116.7000,   117.8500,      92627,        948,            10888569
VSWS,B,20260617,524522,,Laffans Petrochem,    29.0000,    29.4900,    28.0000,    28.0200,       1603,         11,               45203
VSWS,B,20260617,524534,,Bhaskar Agrochemical,   135.0000,   135.4000,   131.0000,   135.0000,        135,         12,               17941
VSWS,B,20260617,524542,,Sukhjit Starch & Che,   169.9000,   170.8000,   165.9000,   168.2000,       2281,        106,              387156
VSWS,B,20260617,524548,,Sharma East India Ho,    97.1000,   108.8000,    97.1000,   100.4500,        262,         22,               26102
VSWS,B,20260617,524558,,Neuland Laboratories, 16799.4500, 17066.0000, 16713.9500, 16999.7500,       1208,        320,            20483601
VSWS,B,20260617,524564,,Gayatri BioOrganics,     7.6500,     8.1900,     7.6500,     7.9100,       2975,         52,               23548
VSWS,B,20260617,524572,,Pharmaids Pharma,    29.8500,    32.5000,    29.3500,    32.2800,      25178,        147,              788722
VSWS,B,20260617,524576,,Vivid Global Ind,    21.4700,    21.5800,    21.0200,    21.5600,       1123,          8,               24140
VSWS,B,20260617,524580,,Priya,    23.6100,    23.6100,    23.6100,    23.6100,        101,          2,                2384
VSWS,B,20260617,524582,,Tirupati Starch,   131.8000,   131.8000,   129.4000,   129.4000,        817,          8,              106137
VSWS,B,20260617,524592,,Jaysynth Orgochem,    13.0000,    13.0500,    12.6200,    12.7700,      33390,         74,              432267
VSWS,B,20260617,524594,,Aeonx Digital Techno,   119.5000,   119.5000,   111.6500,   112.0500,       4356,         45,              490449
VSWS,B,20260617,524598,,Aksharchem (India),   214.0000,   215.6000,   214.0000,   215.6000,        191,          8,               41034
VSWS,B,20260617,524602,,Bandaram Pharma Pack,    28.7000,    29.4900,    28.0000,    28.2300,       1188,         21,               33552
VSWS,B,20260617,524606,,Beryl Drugs,    24.6500,    24.6500,    22.3600,    22.9000,        961,         14,               22058
VSWS,B,20260617,524614,,IEL,     5.6900,     5.7400,     5.4900,     5.5100,      32577,        125,              180862
VSWS,B,20260617,524622,,iStreet Network,    49.3600,    49.7900,    46.5000,    48.7400,      29613,        123,             1422612
VSWS,B,20260617,524624,,Gagan Gases,    21.9500,    21.9500,    21.0000,    21.1200,       4305,         34,               92003
VSWS,B,20260617,524628,,Parker Agrochem Exp,    14.9500,    14.9500,    14.2500,    14.5000,        732,          8,               10551
VSWS,B,20260617,524632,,Shukra Pharmaceutica,    30.6600,    31.5000,    30.1600,    31.1800,     265305,       1080,             8182064
VSWS,B,20260617,524634,,Alufluoride,   449.9000,   467.2000,   448.0000,   461.3500,       9203,        326,             4214750
VSWS,B,20260617,524636,,Oxygenta Pharma,    47.5000,    49.9500,    46.3300,    47.5600,       8433,         61,              407671
VSWS,B,20260617,524640,,Archit Organosys,    54.9800,    58.7900,    53.6000,    56.6300,      74667,        386,             4204543
VSWS,B,20260617,524642,,Sikozy Realtors,     1.5100,     1.5800,     1.4400,     1.5800,       5893,         27,                8606
VSWS,B,20260617,524648,,Indo Amines,   131.9500,   133.5000,   130.7000,   131.7000,       4541,        110,              598112
VSWS,B,20260617,524654,,Natural Capsules,   152.1000,   155.0000,   152.1000,   152.1000,        359,         40,               54687
VSWS,B,20260617,524661,,Welcure Drugs & Phar,     0.2800,     0.2900,     0.2700,     0.2800,    3993710,        555,             1111824
VSWS,B,20260617,524663,,Bharat Immuno & Bio,    17.0000,    17.4500,    17.0000,    17.0500,      17766,        117,              304367
VSWS,B,20260617,524667,,Savita Oil Technolog,   606.6000,   619.0000,   605.5000,   612.0000,      21451,        746,            13114883
VSWS,B,20260617,524669,,Hester Biosciences,  2057.3000,  2071.9000,  2042.6500,  2054.1000,        102,         34,              210445
VSWS,B,20260617,524675,,Kabsons Industries,    18.6000,    19.2700,    18.1700,    19.2700,       5101,         24,               96713
VSWS,B,20260617,524687,,Basant Agro Tech,    12.1000,    12.5900,    11.8000,    12.3900,      22031,        160,              270728
VSWS,B,20260617,524703,,Sandu Pharmaceutical,    43.0000,    43.0000,    42.9000,    42.9000,       1005,         18,               43137
VSWS,B,20260617,524709,,NACL Industries,   172.3500,   175.7500,   170.2000,   170.7000,      18501,        321,             3204856
VSWS,B,20260617,524711,,Vista Pharmaceutical,     7.8000,     7.8000,     7.4500,     7.5200,      13903,         35,              107213
VSWS,B,20260617,524715,,Sun Pharmaceutical,  1817.4500,  1822.8500,  1803.1000,  1819.9500,      40876,       2966,            74096340
VSWS,B,20260617,524717,,Titan Bio Tech,   435.0000,   448.4000,   430.0000,   432.4000,      25564,        643,            11123652
VSWS,B,20260617,524731,,Jenburkt Pharma,  1151.3000,  1159.6000,  1145.0000,  1148.9000,       1324,         95,             1525471
VSWS,B,20260617,524735,,Hikal,   188.8500,   191.4000,   188.8500,   190.1000,      14458,        230,             2742860
VSWS,B,20260617,524742,,Caplin Point Lab,  2409.9500,  2409.9500,  2325.0000,  2333.2500,      13064,       1365,            30768800
VSWS,B,20260617,524743,,Fischer Medical Vent,    33.8600,    35.4600,    33.8600,    34.9600,      49337,        272,             1708409
VSWS,B,20260617,524748,,Link Pharma Chem,    27.0000,    28.1500,    26.8000,    26.8100,       1978,         14,               53367
VSWS,B,20260617,524752,,Decipher Labs,     6.1000,     6.2500,     6.1000,     6.2300,       6112,         29,               37878
VSWS,B,20260617,524768,,Emmessar Biotech,    25.7500,    25.7500,    24.6100,    24.6100,        328,          9,                8176
VSWS,B,20260617,524774,,NGL Fine Chem,  2985.5500,  3100.0000,  2888.6500,  2928.4500,       2220,        652,             6661729
VSWS,B,20260617,524790,,Everest Organics,   261.0000,   264.9500,   261.0000,   261.5500,       1826,         37,              479368
VSWS,B,20260617,524804,,Aurobindo Pharma,  1415.4000,  1432.7500,  1404.2000,  1422.1000,      24380,       1699,            34687682
VSWS,B,20260617,524808,,Phyto Chem (India),    23.4400,    24.9000,    23.1300,    23.1800,       5922,         38,              141528
VSWS,B,20260617,524816,,Natco Pharma,   852.0000,   869.0000,   844.0500,   867.1000,      62100,       3728,            53265161
VSWS,B,20260617,524818,,Dynamic Industries,   114.8000,   114.8000,   108.0000,   109.1500,       1742,         21,              188785
VSWS,B,20260617,524820,,Panama Petrochem,   383.8000,   387.2500,   372.0000,   373.4000,       5237,        249,             1975447
VSWS,B,20260617,524824,,Bal Pharma,    88.7500,    91.0300,    87.5500,    87.6100,        776,         77,               69662
VSWS,B,20260617,524828,,BDH Industries,   456.9500,   460.0000,   440.0000,   456.1500,       1627,         70,              732927
VSWS,B,20260617,526001,,Jauss Polymers,    24.4800,    24.4800,    23.7500,    24.4800,        728,         26,               17646
VSWS,B,20260617,526025,,Globus Power Generat,    13.7800,    13.7800,    12.1100,    13.1100,      11136,         87,              145254
VSWS,B,20260617,526027,,Cubex Tubings,    85.1100,    87.5800,    85.1100,    85.3900,       5942,        115,              514793
VSWS,B,20260617,526043,,Polymechplast Mach,    53.8000,    53.8000,    52.2500,    52.2700,        636,         11,               33254
VSWS,B,20260617,526071,,Stellant Securities,   552.5000,   569.0000,   542.0000,   558.9000,       3299,        118,             1810827
VSWS,B,20260617,526073,,Galaxy Bearings,   564.3500,   609.8000,   552.0000,   600.9000,       3294,        122,             1945883
VSWS,B,20260617,526075,,Rekvina Laboratories,    36.7200,    36.7200,    36.7200,    36.7200,         51,          2,                1872
VSWS,B,20260617,526081,,SC Agrotech,    20.0000,    20.6900,    19.7900,    20.3800,       5119,         29,              102542
VSWS,B,20260617,526095,,Ravi Leela Granites,    50.1600,    52.8500,    50.1600,    52.2200,       2414,         22,              124001
VSWS,B,20260617,526113,,Uniroyal Marine Exp,    12.1700,    12.8000,    12.1700,    12.8000,       2366,         10,               28912
VSWS,B,20260617,526115,,Manor Estate & Ind,     9.2400,     9.2400,     8.5000,     8.5000,        229,          5,                1959
VSWS,B,20260617,526117,,Shervani Industrial,   287.4500,   299.9500,   281.0000,   298.2000,        306,         27,               87939
VSWS,B,20260617,526125,,BN Agrochem,   290.0000,   300.0000,   289.0000,   297.8000,        123,         14,               36022
VSWS,B,20260617,526133,,Supertex Industries,     5.9000,     5.9000,     5.5500,     5.6900,        569,          8,                3232
VSWS,B,20260617,526137,,Shetron,    89.7000,    91.7500,    89.7000,    90.7500,        852,         20,               77054
VSWS,B,20260617,526139,,Transgene Biotek,     3.2300,     3.2300,     2.9000,     2.9600,      29193,         73,               86670
VSWS,B,20260617,526143,,MPL Plastics,     5.6000,     6.5900,     5.6000,     6.5900,       3246,         14,               20920
VSWS,B,20260617,526159,,Nikhil Adhesives,    80.8800,    81.9500,    77.6600,    79.5100,      23418,        297,             1870923
VSWS,B,20260617,526161,,Spenta International,   128.9000,   128.9000,   100.9000,   105.0000,        698,         42,               74104
VSWS,B,20260617,526169,,Multibase India,   180.5000,   182.9000,   176.5000,   179.7000,       4175,        157,              747462
VSWS,B,20260617,526173,,Andrew Yule,    24.9200,    28.0000,    24.5000,    27.8000,    1111947,       2260,            30154683
VSWS,B,20260617,526179,,Ludlow Jute & Specia,   320.0500,   330.9500,   320.0500,   329.9000,       1754,         35,              574285
VSWS,B,20260617,526187,,Ashram Online.com,     5.7800,     6.0600,     5.7800,     6.0600,       4513,         10,               26123
VSWS,B,20260617,526193,,Royal Cushion Vinyl,    14.5900,    15.4500,    14.0200,    15.0100,       1338,         29,               20295
VSWS,B,20260617,526211,,Suraj Industries,    59.5000,    59.5000,    57.0500,    59.5000,       9315,         19,              554036
VSWS,B,20260617,526217,,Hitech Corporation,   302.0000,   324.5500,   296.1000,   317.7500,      15091,        117,             4806289
VSWS,B,20260617,526225,,Bloom Dekor,     8.6700,     8.6700,     8.6700,     8.6700,         12,          1,                 104
VSWS,B,20260617,526227,,Filatex India,    53.6400,    53.6400,    52.5800,    53.0400,      52397,        368,             2779140
VSWS,B,20260617,526231,,Standard Surfactants,    46.7100,    49.5000,    46.7000,    47.7200,        649,         17,               30782
VSWS,B,20260617,526237,,Morgan Ventures,    49.8000,    49.8000,    48.6400,    49.8000,       1150,         16,               57266
VSWS,B,20260617,526241,,Amrapali Industries,    40.6100,    40.6100,    40.6100,    40.6100,      19103,         89,              775772
VSWS,B,20260617,526247,,Premier Explosives,   749.8000,   769.4500,   732.2500,   765.4500,     120980,       4295,            91015959
VSWS,B,20260617,526251,,Mid East Portfolio,    32.8000,    32.8000,    32.8000,    32.8000,     106867,         19,             3505237
VSWS,B,20260617,526263,,Mold Tek Techno,   126.1500,   130.2000,   122.5000,   129.8000,       5430,        189,              700646
VSWS,B,20260617,526269,,Crestchem,   144.0000,   149.5000,   137.1000,   149.0000,       2977,         50,              410675
VSWS,B,20260617,526299,,Mphasis,  2327.8500,  2360.0000,  2320.7500,  2339.6500,       7667,       1345,            17947666
VSWS,B,20260617,526315,,Divyashakti,    48.8000,    48.8800,    47.0000,    47.2200,       2302,         50,              110867
VSWS,B,20260617,526325,,Orient Press,    61.0000,    64.5500,    60.7500,    64.1400,        795,        106,               50618
VSWS,B,20260617,526335,,Shreyas Intermediate,     6.2600,     6.6500,     5.7000,     6.5900,       6723,         15,               39984
VSWS,B,20260617,526345,,Panjon,    19.7000,    19.7500,    18.0000,    18.3800,      56580,        239,             1052603
VSWS,B,20260617,526355,,Duro Pack,    58.0100,    58.8700,    58.0100,    58.6000,        276,         10,               16098
VSWS,B,20260617,526365,,Swarnsarita Jewels I,    32.5200,    33.3200,    32.3100,    33.0700,       1565,         19,               51240
VSWS,B,20260617,526367,,Ganesh Housing,   767.9000,   771.0000,   758.0000,   766.1500,        609,         73,              466788
VSWS,B,20260617,526371,,N M D C,    88.7800,    88.8900,    87.5000,    88.0000,     433247,       3070,            38159487
VSWS,B,20260617,526373,,Cindrella Hotels,    48.0000,    48.0000,    48.0000,    48.0000,         25,          5,                1200
VSWS,B,20260617,526381,,Patel Integrated Log,    13.6200,    14.3000,    13.6200,    14.1800,      38151,        252,              537468
VSWS,B,20260617,526397,,Alphageo (I),   217.3500,   218.6500,   212.0000,   216.5000,        144,         17,               31172
VSWS,B,20260617,526407,,Hampton Sky Realty,     9.5200,    10.0000,     8.6000,     9.2200,      35637,        167,              328909
VSWS,B,20260617,526409,,Kkalpana Industries,     7.5500,     7.5500,     6.9500,     7.1500,      18392,        100,              130245
VSWS,B,20260617,526415,,OK Play India,     4.4800,     4.5000,     4.3400,     4.4500,     146212,        244,              648193
VSWS,B,20260617,526423,,Kriti Industries (I),    71.2800,    73.0000,    71.2800,    71.3600,       3588,         22,              256657
VSWS,B,20260617,526433,,ASM Technologies,  3899.9500,  3985.7500,  3755.5500,  3809.2000,      46341,       4707,           178241711
VSWS,B,20260617,526435,,Perfectpac,    70.0000,    74.9400,    70.0000,    73.4800,        790,         22,               57094
VSWS,B,20260617,526439,,Ambitious Plastomac,    10.1000,    10.5000,    10.1000,    10.5000,         45,          3,                 470
VSWS,B,20260617,526441,,Vision Cinemas,     1.2500,     1.3000,     1.2200,     1.2900,     113609,         46,              146446
VSWS,B,20260617,526443,,Artificial Electroni,   105.9000,   106.9500,   101.0500,   102.8000,     107829,        867,            11220242
VSWS,B,20260617,526445,,Indrayani Biotech,    11.0000,    11.1900,    10.9100,    11.0800,       9832,         37,              108229
VSWS,B,20260617,526468,,Euro Leder Fashion,    17.2500,    17.9900,    17.2500,    17.7400,        570,         24,                9876
VSWS,B,20260617,526471,,Winsome Breweries,    23.4000,    23.4000,    22.6700,    22.6700,       3140,         55,               71388
VSWS,B,20260617,526473,,Elegant Floriculture,     5.2900,     5.4200,     5.1600,     5.2700,      16168,         73,               84998
VSWS,B,20260617,526479,,Sky Industries,    88.1100,    91.0000,    88.1100,    90.0000,       2424,         32,              217192
VSWS,B,20260617,526481,,Phoenix Intl,    29.2700,    30.6000,    28.1500,    28.2900,       6686,         44,              199309
VSWS,B,20260617,526488,,Bhudevi Infra Projec,   220.2000,   220.2000,   211.5000,   217.8000,      11934,         37,             2606567
VSWS,B,20260617,526490,,Pratik Panels,     6.7300,     6.9400,     6.5000,     6.8800,      37322,         71,              249740
VSWS,B,20260617,526492,,Rishiroop,    92.7000,    93.9900,    91.0000,    91.0600,        229,         10,               20895
VSWS,B,20260617,526500,,Sterling Green Woods,    20.4800,    20.4800,    18.5400,    18.5400,        744,         16,               15171
VSWS,B,20260617,526506,,Systematix Corporate,    68.0000,    68.0000,    65.5800,    66.1300,       1704,         54,              113368
VSWS,B,20260617,526508,,Shahi Shipping,    13.2600,    13.2600,    12.6800,    12.8900,       1367,         26,               17616
VSWS,B,20260617,526519,,Alpine Housing Dev C,    90.3000,    92.7900,    87.5600,    92.5000,        921,         16,               83153
VSWS,B,20260617,526525,,Worldwide Aluminium,    20.7500,    21.7500,    19.7700,    21.2500,        814,         16,               16860
VSWS,B,20260617,526530,,IIRM Holdings India,   116.2000,   119.2000,   112.0000,   114.1500,      24730,        274,             2856987
VSWS,B,20260617,526532,,Square Four Projects,     8.9200,    10.1800,     8.1300,     8.5700,       7081,         45,               61708
VSWS,B,20260617,526544,,SGL Resources,     2.6600,     2.6800,     2.4700,     2.6600,     172114,        110,              444675
VSWS,B,20260617,526546,,Choksi Laboratories,   121.0000,   126.1500,   114.5000,   125.0000,       5082,         33,              609934
VSWS,B,20260617,526550,,Country Club Hospita,    13.0500,    13.4000,    13.0100,    13.0900,       2687,         39,               35281
VSWS,B,20260617,526554,,Salguti Industries,    33.2500,    33.2500,    31.4000,    31.4000,          6,          2,                 197
VSWS,B,20260617,526570,,Midwest Energy,  3889.0000,  4050.0000,  3750.0000,  3881.0500,       6582,        406,            25421478
VSWS,B,20260617,526582,,TPL Plastech,    67.4000,    67.9200,    66.3200,    66.4300,        844,         34,               56177
VSWS,B,20260617,526588,,Photoquip India,    13.4000,    13.4000,    13.4000,    13.4000,       1000,          2,               13400
VSWS,B,20260617,526596,,Liberty Shoes,   240.8500,   242.7500,   239.4500,   242.2000,        181,         21,               43610
VSWS,B,20260617,526604,,Lippi Systems,   169.0600,   169.0600,   169.0600,   169.0600,       4807,         49,              812671
VSWS,B,20260617,526608,,Electrotherm (India),  1191.2000,  1191.2000,  1090.0000,  1117.4000,       3740,        331,             4222150
VSWS,B,20260617,526612,,Blue Dart Express,  4825.3000,  4922.4500,  4825.3000,  4847.3500,        555,        134,             2703135
VSWS,B,20260617,526614,,Expo Engineering & P,    68.0000,    68.0000,    58.3300,    61.2800,      26161,        162,             1606266
VSWS,B,20260617,526616,,National Plastic Ind,    44.0000,    45.5000,    44.0000,    44.3200,       2578,         42,              115306
VSWS,B,20260617,526622,,MFL India,     0.4000,     0.4100,     0.3900,     0.3900,     785502,        269,              311037
VSWS,B,20260617,526628,,Ajwa Fun World,    33.6000,    33.6000,    33.6000,    33.6000,        200,          1,                6720
VSWS,B,20260617,526638,,Texel Industries,    62.0100,    63.8000,    59.2200,    63.1200,      22658,        213,             1407791
VSWS,B,20260617,526640,,Royale Manor Hotels,    31.0000,    31.9000,    29.6500,    30.7700,       3828,         31,              117215
VSWS,B,20260617,526642,,Mirza International,    29.8600,    31.1500,    29.8600,    31.0700,       5299,         91,              163261
VSWS,B,20260617,526650,,Tourism Finance Corp,    76.0000,    77.6100,    75.2500,    75.5600,     164879,        605,            12557899
VSWS,B,20260617,526654,,Thakkars Developers,   132.2000,   132.2000,   121.0000,   125.5000,          5,          2,                 627
VSWS,B,20260617,526662,,Rajdarshan Ind,    42.1900,    42.1900,    38.0000,    40.9100,        298,         17,               12488
VSWS,B,20260617,526666,,Bhartiya Intl,   707.5000,   785.0000,   688.0000,   692.2000,        658,         54,              472603
VSWS,B,20260617,526668,,Kamat Hotels (India),   171.0000,   172.3500,   168.0000,   168.0500,       1089,        140,              185306
VSWS,B,20260617,526675,,Tirth Plastic,    28.2800,    28.2800,    26.4000,    27.1000,       5694,        180,              151529
VSWS,B,20260617,526677,,DSJ Keep Learning,     1.9800,     2.0900,     1.9800,     2.0300,       2259,         12,                4516
VSWS,B,20260617,526703,,Ecoplast,   441.6500,   460.0000,   437.9000,   450.0500,        904,         40,              401223
VSWS,B,20260617,526705,,Elegant Marbles,   193.0000,   193.0000,   184.1500,   191.7000,        565,         20,              107097
VSWS,B,20260617,526709,,BITS,     7.9500,     8.1800,     7.9000,     8.0700,      70317,        306,              566530
VSWS,B,20260617,526711,,Adarsh Plant Protect,    29.0000,    30.4000,    28.8000,    28.8000,        903,         13,               26954
VSWS,B,20260617,526717,,HCP Plastene Bulkpac,   224.4500,   229.0000,   218.0000,   228.2500,       3108,         67,              705132
VSWS,B,20260617,526721,,Nicco Parks & Resort,    74.8600,    76.8000,    73.1400,    75.9800,        311,         19,               23313
VSWS,B,20260617,526723,,NTC Industries,   150.2500,   158.5000,   149.2500,   154.0000,       7701,         81,             1189136
VSWS,B,20260617,526725,,Sandesh,   955.0500,   972.7500,   950.3500,   972.7500,         31,          6,               29535
VSWS,B,20260617,526727,,Garnet Construction,    76.2100,    77.3800,    74.2500,    74.6300,       6332,         65,              476104
VSWS,B,20260617,526729,,Goldiam Internation,   490.0000,   504.4500,   480.0000,   500.8500,      84741,       1748,            41798211
VSWS,B,20260617,526731,,Bright Brothers,   229.4500,   232.8000,   228.0000,   229.1500,       1947,         65,              445873
VSWS,B,20260617,526739,,Narmada Gelatines,   479.7500,   485.0000,   471.1500,   483.5000,       6917,        210,             3328947
VSWS,B,20260617,526747,,PG Foils,   201.0500,   204.5000,   200.9000,   203.2500,       2246,         57,              455132
VSWS,B,20260617,526751,,Gratex Industries,    25.8300,    25.8300,    25.8000,    25.8000,         25,          3,                 645
VSWS,B,20260617,526755,,Velan Hotels,     6.2500,     6.3600,     6.0100,     6.3500,       8212,         41,               51150
VSWS,B,20260617,526761,,Howard Hotels,    24.0000,    24.0000,    23.9500,    23.9500,        394,          7,                9436
VSWS,B,20260617,526775,,Valiant Commu,  1237.9500,  1255.0000,  1200.0000,  1207.7500,       9119,        566,            11171390
VSWS,B,20260617,526783,,Dr Agrawal's Eye Hos,  5000.0000,  5000.0000,  4910.0000,  4945.9500,        156,         90,              772810
VSWS,B,20260617,526797,,Greenply Industries,   295.8500,   307.2500,   292.2000,   293.3500,      14219,        448,             4283811
VSWS,B,20260617,526807,,SEAMEC,  1565.2500,  1588.2500,  1310.3000,  1321.1500,      20916,       1894,            29406826
VSWS,B,20260617,526817,,Cheviot Company,  1093.0000,  1111.0000,  1093.0000,  1099.3500,        257,         86,              282475
VSWS,B,20260617,526821,,Dai Ichi Karkaria,   290.5000,   312.4500,   289.0000,   306.2500,      12253,        837,             3670092
VSWS,B,20260617,526823,,Rajeswari Infrastruc,     5.2900,     5.2900,     5.2400,     5.2400,         49,          4,                 257
VSWS,B,20260617,526827,,Spice Islands Indust,   479.9000,   479.9000,   451.2000,   468.1000,      10668,        288,             4968721
VSWS,B,20260617,526829,,Confidence Petroleum,    69.6600,    70.1000,    67.1000,    67.5700,     110348,        708,             7537229
VSWS,B,20260617,526839,,Shelter Infra Projec,    18.7200,    20.0000,    18.7200,    20.0000,       1112,         26,               21559
VSWS,B,20260617,526841,,Shakti Press,    20.7100,    21.7400,    20.7100,    21.7200,    3131619,       6763,            67868706
VSWS,B,20260617,526847,,Ashirwad Steels,    22.4000,    23.9400,    22.4000,    23.5900,       1295,         28,               30311
VSWS,B,20260617,526849,,Banaras Beads,   101.0000,   102.8000,   101.0000,   101.2000,          4,          4,                 407
VSWS,B,20260617,526851,,Arex Industries,   105.0000,   105.0000,   105.0000,   105.0000,        100,          2,               10500
VSWS,B,20260617,526853,,Bilcare,    59.4900,    59.4900,    57.1100,    58.0000,       1248,         29,               72283
VSWS,B,20260617,526859,,ISF,     0.8200,     0.8200,     0.7500,     0.7500,      86434,         70,               67640
VSWS,B,20260617,526861,,Rishi Laser,   118.2500,   119.5000,   116.5000,   117.0000,       4402,         47,              518313
VSWS,B,20260617,526865,,Jainco Projects,     4.6100,     4.6100,     4.3700,     4.3700,       1489,         15,                6531
VSWS,B,20260617,526869,,Kumbhat Financial,    22.8000,    22.8000,    22.0000,    22.8000,        498,          6,               11291
VSWS,B,20260617,526871,,Intec Capital,    15.2500,    15.2500,    15.2500,    15.2500,          2,          1,                  30
VSWS,B,20260617,526873,,Rajasthan Securities,    50.2900,    50.3000,    50.1000,    50.1700,       6310,         39,              316876
VSWS,B,20260617,526877,,Siddheswari Garments,    21.7500,    21.7500,    20.6700,    20.6700,        552,        132,               11434
VSWS,B,20260617,526881,,63 Moons Technologie,   675.1000,   682.6500,   662.7000,   667.6500,      10375,        445,             6995378
VSWS,B,20260617,526883,,Shikhar Consultants,    12.0000,    12.6000,    11.4000,    12.6000,       1342,         10,               16267
VSWS,B,20260617,526885,,Sarla Performance,    97.4200,    99.7200,    97.0500,    98.1300,       3848,         87,              378599
VSWS,B,20260617,526887,,Indo Credit Capital,     9.3000,     9.3000,     8.8600,     9.0000,       1062,         13,                9658
VSWS,B,20260617,526891,,Market Creators,    14.4400,    14.4400,    14.3000,    14.3000,        271,          3,                3875
VSWS,B,20260617,526899,,Himalaya Food Intern,     9.6400,     9.6400,     9.1000,     9.2900,      47393,        125,              447989
VSWS,B,20260617,526901,,Sonal Adhesives,    41.9900,    41.9900,    39.0000,    39.5600,       4120,         67,              164409
VSWS,B,20260617,526905,,Padmanabh Industries,     9.2900,     9.2900,     9.2900,     9.2900,        250,         10,                2322
VSWS,B,20260617,526921,,21st Century Mgmt,    32.9700,    34.3100,    32.9700,    34.2300,       7567,         26,              257757
VSWS,B,20260617,526931,,Hariyana Ship Break,    99.9000,    99.9000,    97.8500,    98.0500,       1734,         36,              170944
VSWS,B,20260617,526935,,Kalind,    92.0000,    92.0000,    89.1100,    90.6500,     238919,        440,            21652032
VSWS,B,20260617,526947,,La Opala RG,   183.0000,   184.7500,   180.6000,   181.2000,       6156,        145,             1120138
VSWS,B,20260617,526951,,Stylam Industries,  3249.1000,  3317.0000,  3249.0500,  3289.5000,       3116,        128,            10303911
VSWS,B,20260617,526953,,Venus Remedies,  1895.0000,  1895.0000,  1766.4000,  1766.4000,      11085,        405,            19767579
VSWS,B,20260617,526961,,Last Mile Enterprise,     8.4300,     8.8400,     8.4300,     8.8400,      29215,         70,              257954
VSWS,B,20260617,526965,,Gujarat Craft & Ind,    99.0000,    99.0000,    94.0000,    94.1000,      11352,         77,             1088321
VSWS,B,20260617,526967,,Heera Ispat,     6.9500,     7.0000,     6.9500,     7.0000,       1143,          9,                7955
VSWS,B,20260617,526971,,Dhoot Industrial Fin,   229.0000,   229.9000,   219.0000,   229.1500,       3369,         36,              770919
VSWS,B,20260617,526981,,Shri Bajrang Allianc,   194.5500,   197.7500,   192.0000,   193.8000,       1149,         22,              221143
VSWS,B,20260617,526987,,Urja Global,    10.7000,    10.7000,    10.0800,    10.1400,     845866,       1891,             8659732
VSWS,B,20260617,527001,,Ashapura Minechem,   716.8000,   720.2500,   702.5500,   706.7000,      19003,        607,            13460774
VSWS,B,20260617,527005,,Shree Pacetronix,   138.1500,   144.4500,   135.0500,   138.3000,       2987,         54,              416410
VSWS,B,20260617,530001,,Gujarat Alkalies,   640.0500,   655.9000,   640.0500,   649.1500,       2906,        176,             1882566
VSWS,B,20260617,530005,,India Cements,   394.0500,   394.0500,   385.1000,   385.9500,     506841,        487,           196160725
VSWS,B,20260617,530007,,JK Tyre & Industries,   391.9000,   403.5000,   390.9500,   394.0500,     248378,       4807,            98964549
VSWS,B,20260617,530017,,Standard Industries,    15.8400,    15.8400,    15.5000,    15.7900,        246,          5,                3871
VSWS,B,20260617,530019,,Jubilant Pharmova,   972.8000,   998.1500,   972.8000,   992.5000,      13895,        496,            13730728
VSWS,B,20260617,530023,,Investment Trust Of,    99.9500,   100.0000,    99.0000,   100.0000,        131,          5,               13098
VSWS,B,20260617,530025,,Samyak International,    17.8600,    19.0000,    17.8600,    19.0000,       7652,         30,              144375
VSWS,B,20260617,530027,,Aadi Industries,     9.0500,     9.0500,     8.9000,     8.9000,        233,         14,                2093
VSWS,B,20260617,530037,,Sparkle Gold Rock,    66.5600,    71.0000,    63.0000,    70.9600,       3243,         17,              210658
VSWS,B,20260617,530043,,Acknit Industries,   292.5000,   292.5000,   287.0000,   292.0000,        125,          6,               36485
VSWS,B,20260617,530045,,Titan Securities,    44.6300,    45.3000,    43.2000,    43.7000,      32058,        125,             1420091
VSWS,B,20260617,530053,,Real Eco-Energy,     4.3100,     4.5000,     4.3000,     4.4000,     515070,        142,             2315779
VSWS,B,20260617,530057,,Vivanza Biosciences,     1.8900,     1.8900,     1.8600,     1.8600,      16552,         22,               30963
VSWS,B,20260617,530063,,Yashraj Containeurs,     4.5900,     4.7400,     4.4100,     4.7300,       1462,         18,                6742
VSWS,B,20260617,530065,,Lords Ishwar Hotels,    14.5100,    15.1500,    14.5000,    15.1500,       4043,          7,               58681
VSWS,B,20260617,530067,,CSL Finance,   228.9500,   229.0000,   224.9500,   226.4500,        278,         23,               63272
VSWS,B,20260617,530073,,Sanghvi Movers,   422.5000,   427.5500,   410.3500,   416.6000,      44812,        874,            18693564
VSWS,B,20260617,530075,,Antelopus Selan Ener,   723.2000,   792.0000,   719.1000,   780.2000,      21423,       1343,            16114919
VSWS,B,20260617,530077,,Puretrop Fruits,   154.0500,   157.0000,   154.0000,   154.1500,      12135,         37,             1887315
VSWS,B,20260617,530079,,Faze Three,   541.8000,   566.5000,   539.5500,   566.5000,       6525,        258,             3680303
VSWS,B,20260617,530109,,Anupam Finserv,     1.9900,     2.0200,     1.9800,     2.0000,     125218,        169,              251118
VSWS,B,20260617,530111,,Raj Packaging Ind,    27.6000,    29.0100,    26.5500,    29.0000,       1332,         27,               38592
VSWS,B,20260617,530117,,Privi Speciality Che,  3528.4500,  3528.4500,  3461.2500,  3485.3000,       4151,        628,            14473702
VSWS,B,20260617,530119,,Natraj Proteins,    35.5800,    36.5000,    35.1500,    35.4100,       1511,         18,               53686
VSWS,B,20260617,530125,,Samrat Pharmachem,   201.6000,   202.7500,   198.2000,   198.3000,       2714,         63,              540680
VSWS,B,20260617,530127,,NPR Finance,    21.2500,    21.2500,    20.0000,    20.5000,       1147,         18,               23143
VSWS,B,20260617,530129,,Nile,  1873.9500,  1873.9500,  1765.0500,  1775.6500,       1018,        155,             1833952
VSWS,B,20260617,530133,,Amco India,    62.0000,    64.5000,    61.1000,    62.4200,        497,         16,               31306
VSWS,B,20260617,530135,,Optiemus Infracom,   422.9000,   457.6000,   422.9000,   450.1000,      24600,        464,            10991762
VSWS,B,20260617,530139,,Kreon Fin Services,    68.6500,    68.6500,    65.0000,    66.4300,      13179,         82,              864678
VSWS,B,20260617,530141,,Gyan Deve & Builders,    46.6800,    46.6800,    44.0000,    46.1800,        375,          8,               16577
VSWS,B,20260617,530145,,Kisan Mouldings,    36.0000,    38.5400,    36.0000,    38.0500,     241752,        742,             9064572
VSWS,B,20260617,530163,,Kerala Ayurveda,   182.9000,   187.1500,   176.0000,   184.5000,      29743,        200,             5423430
VSWS,B,20260617,530167,,Moongipa Capital Fin,    16.7500,    17.2500,    16.0000,    16.5000,       4584,         37,               75309
VSWS,B,20260617,530169,,Mohit Paper Mills,    27.6500,    28.4000,    27.6000,    28.0000,        216,          6,                6014
VSWS,B,20260617,530171,,Daulat Securities,    29.7000,    30.0000,    27.2100,    29.5000,        736,         11,               21733
VSWS,B,20260617,530175,,Odyssey Technologies,    41.8900,    41.8900,    39.4200,    40.0100,      17134,        129,              690958
VSWS,B,20260617,530179,,RSC International,    25.9900,    25.9900,    24.9200,    24.9200,          3,          3,                  75
VSWS,B,20260617,530185,,Surat Trade & Mercan,     4.5000,     4.5200,     4.4000,     4.4500,      33028,        201,              146892
VSWS,B,20260617,530187,,Atharv Enterprises,     3.4900,     3.5300,     3.4900,     3.5300,       1264,         13,                4441
VSWS,B,20260617,530197,,Fundviser Capital,   355.9500,   355.9500,   350.5500,   355.0000,        406,          7,              144130
VSWS,B,20260617,530199,,Themis Medicare,   101.6500,   103.5000,   101.0500,   103.4500,       1904,         61,              193932
VSWS,B,20260617,530201,,Kallam Textiles,     2.8200,     2.9800,     2.7900,     2.9400,      18498,         50,               53997
VSWS,B,20260617,530207,,Brawn Biotech,    18.9900,    19.0000,    17.8600,    19.0000,        478,          6,                8719
VSWS,B,20260617,530213,,Fortune Inter,    77.0000,    77.0100,    77.0000,    77.0000,        133,          8,               10241
VSWS,B,20260617,530215,,Kings Infra Ventures,   127.0000,   128.5000,   125.1000,   125.9500,      13241,        223,             1683423
VSWS,B,20260617,530217,,Swojas Foods,     8.4400,     9.2100,     8.2700,     9.1100,     206900,        138,             1843454
VSWS,B,20260617,530233,,Auro Laboratories,   260.0000,   262.0000,   252.4500,   258.5500,       1570,         73,              402680
VSWS,B,20260617,530235,,KJMC Financial Serv,    52.7400,    55.9000,    51.7200,    52.0500,       1383,         45,               73721
VSWS,B,20260617,530239,,Suven Life Sciences,   264.5000,   277.0000,   254.7000,   262.3500,     168815,       2605,            44811167
VSWS,B,20260617,530245,,Aryaman Fin Services,   585.0500,   600.0000,   582.0500,   593.1500,        214,         14,              126724
VSWS,B,20260617,530249,,Bridge Securities,    14.1000,    14.4000,    13.2600,    14.2800,      30236,        123,              425735
VSWS,B,20260617,530251,,Risa International,     0.5100,     0.5400,     0.4900,     0.5100,      72709,         77,               37559
VSWS,B,20260617,530253,,Rajasthan Tube Mfg,    13.9900,    14.2500,    12.7500,    14.0900,     247024,        224,             3467537
VSWS,B,20260617,530255,,Kay Power and Paper,     9.7000,     9.8500,     9.2600,     9.8500,       3924,         16,               38204
VSWS,B,20260617,530259,,Inter State Oil Carr,    42.4700,    44.4000,    42.1000,    43.7500,       9502,         28,              414426
VSWS,B,20260617,530263,,Global Cap Market,     0.4900,     0.5100,     0.4900,     0.5000,     284826,        135,              142114
VSWS,B,20260617,530265,,Sainik Fin & Ind,    39.9500,    39.9500,    36.1600,    39.2900,        637,         16,               24188
VSWS,B,20260617,530267,,Arigato Universe,    47.5000,    52.5000,    47.5000,    48.5000,       2513,         27,              124132
VSWS,B,20260617,530281,,Quantum Digital,    23.0000,    23.0000,    23.0000,    23.0000,         25,          3,                 575
VSWS,B,20260617,530289,,SP Capital Financing,    53.0100,    53.0100,    51.1000,    53.0000,       2471,         28,              127959
VSWS,B,20260617,530299,,Kothari Products,    71.0000,    71.0000,    69.5100,    71.0000,        854,         48,               60491
VSWS,B,20260617,530305,,Piccadily Agro Ind,   585.1500,   585.1500,   576.5000,   579.6000,       8320,        366,             4825183
VSWS,B,20260617,530307,,Chaman Lal Setia,   294.1000,   298.8000,   290.0000,   296.5000,      14786,        302,             4351785
VSWS,B,20260617,530309,,Chandra Prabhu,    14.0000,    14.0000,    12.8600,    13.1400,      45910,         53,              602127
VSWS,B,20260617,530313,,Kimia Biosciences,    33.8800,    33.8800,    31.8000,    31.8000,       7898,         63,              257815
VSWS,B,20260617,530315,,Hindustan Tin Works,   108.5000,   111.5000,   108.1000,   110.6000,       9301,        122,             1021936
VSWS,B,20260617,530317,,Godavari Drugs,   125.0000,   127.0000,   125.0000,   125.9500,       1705,         23,              214514
VSWS,B,20260617,530331,,Premco Global,   379.5000,   384.9500,   371.0000,   371.0000,        218,         27,               83040
VSWS,B,20260617,530341,,Mukesh Babu Fin Ser,   130.9000,   130.9000,   124.5500,   130.0000,        115,          3,               14414
VSWS,B,20260617,530343,,Genus Power Infrastr,   330.9000,   337.0500,   327.0000,   329.3000,      68136,       1284,            22602726
VSWS,B,20260617,530355,,Asian Energy Service,   352.0000,   360.6000,   346.4500,   351.5500,      17648,        461,             6224394
VSWS,B,20260617,530357,,KBS India,     1.3300,     1.3300,     1.2800,     1.2900,      50882,         75,               66623
VSWS,B,20260617,530361,,Prabhhans Industries,    30.0000,    31.0000,    30.0000,    31.0000,       3243,          5,              100479
VSWS,B,20260617,530363,,Ugar Sugar Works,    43.0000,    43.0000,    40.0500,    40.2600,      13549,        163,              545637
VSWS,B,20260617,530365,,Orient Bell,   317.5000,   322.4500,   316.5500,   321.2000,         14,         13,                4473
VSWS,B,20260617,530367,,NRB Bearings,   426.0000,   431.1000,   418.2000,   419.6000,      24722,        489,            10454109
VSWS,B,20260617,530369,,Vamshi Rubber,    41.0100,    41.0100,    39.5000,    40.9900,        667,         10,               27310
VSWS,B,20260617,530377,,Nila Infrastructures,     8.1700,     8.2200,     8.0100,     8.1000,      30092,        188,              243674
VSWS,B,20260617,530393,,DB (Intl) Stock Brok,    32.6500,    32.8700,    30.6000,    31.0300,        275,         20,                8651
VSWS,B,20260617,530401,,Vinyoflex,    51.6200,    54.0000,    51.6200,    52.5100,        941,         23,               49028
VSWS,B,20260617,530405,,Jindal Capital,    32.6500,    33.2500,    32.1200,    32.5900,       3084,         60,              101083
VSWS,B,20260617,530407,,Epic Energy,    31.5000,    37.4000,    31.5000,    35.0100,       6028,         79,              218243
VSWS,B,20260617,530419,,Sumedha Fiscal Serv,    40.5000,    40.5000,    39.0000,    39.7900,       1191,         25,               47453
VSWS,B,20260617,530421,,Kuwer Industries,    11.6500,    11.6500,    11.5300,    11.5300,        997,          3,               11496
VSWS,B,20260617,530427,,Choksi Asia,   144.8500,   148.9500,   143.0000,   148.3500,       2278,         29,              336248
VSWS,B,20260617,530429,,Ashish Polyplast,    29.9900,    29.9900,    28.1000,    28.1000,        598,          7,               16963
VSWS,B,20260617,530433,,Shiva Global Agro In,    41.8700,    41.9000,    41.0000,    41.6400,        355,         11,               14830
VSWS,B,20260617,530439,,Siddha Ventures,     4.5000,     5.3700,     4.5000,     4.9900,      12442,         24,               65898
VSWS,B,20260617,530443,,Kiran Syntex,    13.9700,    13.9700,    13.9700,    13.9700,        191,          2,                2668
VSWS,B,20260617,530445,,Sumeru Industries,     1.6200,     1.6200,     1.5300,     1.5800,      15028,         38,               24138
VSWS,B,20260617,530449,,Rungta Irrigation,    49.2000,    52.4900,    49.2000,    51.7000,       1125,         33,               56939
VSWS,B,20260617,530457,,GTT Data Solutions,    41.7500,    42.9800,    41.5000,    41.8400,      15717,         64,              660845
VSWS,B,20260617,530459,,Valson Industries,    28.5400,    29.7900,    28.5400,    28.6600,       1041,          9,               29742
VSWS,B,20260617,530461,,Saboo Sodium Chloro,    11.7600,    12.1400,    11.7600,    11.9400,       7975,         50,               94883
VSWS,B,20260617,530475,,Tinna Rubber & Infra,   889.9500,   897.7500,   877.1000,   890.4500,       2909,        217,             2571431
VSWS,B,20260617,530477,,Vikram Thermo,   239.4000,   244.8000,   231.0000,   233.6000,     111566,       1435,            26606717
VSWS,B,20260617,530495,,Stratmont Industries,    62.4300,    62.4300,    62.4300,    62.4300,       1009,          5,               62991
VSWS,B,20260617,530499,,AK Capital Services,  1750.0000,  1750.0000,  1702.0000,  1707.0000,        145,         30,              248048
VSWS,B,20260617,530517,,Relaxo Footwears,   352.0000,   367.2000,   349.9000,   365.5500,      26867,        701,             9710064
VSWS,B,20260617,530521,,Virat Industries,   428.0000,   428.0000,   382.0000,   399.0500,       1966,         70,              793979
VSWS,B,20260617,530525,,Rajnish Retail,     2.8500,     2.8700,     2.7500,     2.8100,     101056,        216,              286574
VSWS,B,20260617,530533,,Terai Tea Company,   103.9000,   123.1000,   103.9000,   122.6500,      12676,        296,             1514549
VSWS,B,20260617,530545,,Cosco (India),   207.0000,   217.0000,   206.3000,   215.3000,        576,         31,              122496
VSWS,B,20260617,530549,,Shilpa Medicare,   559.1000,   577.0000,   555.5500,   572.8500,      60146,       1468,            34117820
VSWS,B,20260617,530555,,Paramount Commu,    66.8400,    67.2500,    65.2000,    66.1000,     104133,        546,             6881188
VSWS,B,20260617,530557,,NCL Research & Fin,     0.5000,     0.5100,     0.4900,     0.5000,    4180326,        854,             2077726
VSWS,B,20260617,530577,,Ladderup Finance,    50.6000,    50.6000,    45.7500,    46.3400,       7746,         91,              363405
VSWS,B,20260617,530579,,U Y Fincorp,    14.3100,    14.8500,    14.2500,    14.3600,       6526,         65,               94041
VSWS,B,20260617,530581,,Ekam Leasing & Fin,     6.0700,     6.0700,     6.0700,     6.0700,      15213,         13,               92342
VSWS,B,20260617,530585,,Swastika Investmart,    68.9700,    68.9700,    63.3000,    63.9600,      10928,        135,              706371
VSWS,B,20260617,530589,,Prima Plastics,   136.6500,   140.0000,   134.0000,   135.9500,       3538,         50,              485168
VSWS,B,20260617,530595,,TeleCanor Global,    15.0500,    15.7900,    14.2900,    15.7900,      84180,        219,             1279542
VSWS,B,20260617,530601,,Jagsonpal Services,    48.2500,    48.4000,    48.2500,    48.3900,        700,          6,               33839
VSWS,B,20260617,530615,,Garg Furnace,   112.7000,   116.8500,   111.7000,   113.4500,      15059,        197,             1703712
VSWS,B,20260617,530617,,Sampre Nutritions,     8.9700,     9.3900,     8.9700,     8.9700,     380311,        324,             3412729
VSWS,B,20260617,530621,,Akar Auto Industries,    91.5500,    92.2500,    88.2000,    89.1500,       3948,         50,              356400
VSWS,B,20260617,530627,,Vipul Organics,   268.9500,   268.9500,   255.0000,   256.3500,      10976,        181,             2843965
VSWS,B,20260617,530643,,Eco Recycling,   453.9500,   453.9500,   432.0000,   440.3000,      11355,        488,             4964858
VSWS,B,20260617,530655,,Goodluck India,  1313.9000,  1374.9500,  1306.9000,  1349.4000,       8775,        438,            11768356
VSWS,B,20260617,530663,,Goyal Associates,     0.7500,     0.7500,     0.7500,     0.7500,      34594,         41,               25945
VSWS,B,20260617,530665,,Zenith Health Care,     3.1400,     3.2000,     3.0300,     3.1200,      27689,        143,               86899
VSWS,B,20260617,530675,,York Exports,    56.0000,    59.0000,    55.8600,    55.8600,        103,          7,                5756
VSWS,B,20260617,530677,,Supreme Holdings & H,    47.0000,    49.7000,    45.0000,    45.7900,      69009,        351,             3319569
VSWS,B,20260617,530689,,Lykis,    46.6700,    47.3400,    45.5000,    45.6100,      11827,        107,              544256
VSWS,B,20260617,530695,,Prime Property Dev,    31.0000,    32.0000,    30.5100,    30.5400,       2082,         27,               65410
VSWS,B,20260617,530697,,Zenlabs Ethica,    36.0000,    36.0000,    33.0700,    33.1300,        885,         14,               29574
VSWS,B,20260617,530699,,Raj Rayon Industries,    20.4800,    20.8000,    20.3000,    20.7400,        335,         23,                6955
VSWS,B,20260617,530705,,Anirit Ventures,    59.1000,    59.1000,    59.1000,    59.1000,         35,          3,                2068
VSWS,B,20260617,530709,,Gowra Leasing & Fin,   100.4000,   118.0800,   100.4000,   118.0800,      33721,        196,             3834528
VSWS,B,20260617,530711,,Jagan Lamps,    49.9100,    51.9000,    49.9100,    51.9000,       1797,         27,               91821
VSWS,B,20260617,530723,,Asit C Mehta Fin Ser,   120.7000,   120.7000,   110.3000,   111.6500,        120,          6,               14285
VSWS,B,20260617,530733,,Encode Packaging I,    13.5400,    13.5400,    13.2500,    13.2500,        302,          3,                4059
VSWS,B,20260617,530735,,Super Bakers (India),    33.1800,    33.1800,    33.0000,    33.0000,        599,          4,               19857
VSWS,B,20260617,530741,,Ovobel Foods,   165.0000,   172.4500,   165.0000,   166.3500,       3735,        134,              619930
VSWS,B,20260617,530745,,ACS Technologies,    37.5000,    39.3000,    35.5600,    37.2800,      62562,        321,             2367978
VSWS,B,20260617,530747,,Challani Capital,    19.1000,    20.2900,    18.7000,    19.9400,        142,          6,                2831
VSWS,B,20260617,530755,,Coral Papers & News,     9.4700,     9.4700,     9.4700,     9.4700,        190,          3,                1799
VSWS,B,20260617,530759,,Sterling Tools,   236.7500,   240.5000,   234.8000,   235.3500,       2267,        120,              539372
VSWS,B,20260617,530787,,Inland Printers,    50.3400,    50.3900,    50.3400,    50.3900,      37345,         25,             1880054
VSWS,B,20260617,530789,,Ceejay Finance,   166.9000,   175.2000,   166.0000,   175.2000,       1058,         24,              184733
VSWS,B,20260617,530795,,Suncity Synthetics,     7.4800,     7.4800,     7.4800,     7.4800,        683,          5,                5108
VSWS,B,20260617,530797,,Shree Ganesh Elasto,    17.4200,    17.4200,    17.4200,    17.4200,         28,          1,                 487
VSWS,B,20260617,530803,,Bhageria Industries,   226.8500,   231.9000,   224.3000,   227.3500,      11710,        364,             2666479
VSWS,B,20260617,530805,,Onesource Industries,     6.6400,     6.6400,     6.1100,     6.4600,      18677,         93,              117928
VSWS,B,20260617,530809,,BNR Udyog,    30.0000,    34.9900,    30.0000,    33.3900,        142,         10,                4756
VSWS,B,20260617,530813,,K R B L,   382.7500,   382.7500,   370.0000,   373.1500,      19949,        685,             7460747
VSWS,B,20260617,530821,,S S P D L,    19.8500,    20.0000,    19.1600,    19.1600,      23223,         58,              450649
VSWS,B,20260617,530825,,Daikaffil Chemicals,    48.4400,    48.8900,    45.0100,    48.8900,       5003,         40,              240767
VSWS,B,20260617,530829,,Cil Securities,    36.8500,    38.4000,    36.8500,    37.4900,         73,          8,                2754
VSWS,B,20260617,530839,,Clio Infotech,     8.1100,     8.2000,     7.5600,     8.1800,      11554,         36,               94063
VSWS,B,20260617,530843,,Cupid,   164.9000,   171.1500,   154.9500,   165.5000,    3769065,      18719,           633108752
VSWS,B,20260617,530845,,Sunshield Chemicals,  1281.9000,  1281.9000,  1225.0000,  1235.8000,       4188,        328,             5200013
VSWS,B,20260617,530853,,Hipolin,    74.4000,    74.5000,    74.4000,    74.4000,        819,         10,               60995
VSWS,B,20260617,530855,,GDL Leasing & Fin,    69.0700,    70.4000,    69.0700,    70.4000,        993,         15,               68748
VSWS,B,20260617,530871,,Chembond Material Te,   158.0000,   169.8500,   158.0000,   168.0000,        144,          9,               23798
VSWS,B,20260617,530879,,Capital India Financ,    24.2100,    26.0000,    24.2100,    25.1500,      25910,        221,              650267
VSWS,B,20260617,530881,,Arunjyoti Bio Ventur,     6.0000,     6.0000,     5.5500,     5.8400,     181048,        408,             1053384
VSWS,B,20260617,530883,,Super Crop Safe,    11.0000,    11.1000,    10.7500,    11.0000,      72943,        134,              800226
VSWS,B,20260617,530897,,NG Industries,   119.0000,   119.0000,   119.0000,   119.0000,          1,          1,                 119
VSWS,B,20260617,530899,,Asia Pack,    50.0000,    50.0000,    46.1000,    46.1000,        251,          5,               12543
VSWS,B,20260617,530907,,SI Capital & Fin Ser,    24.5700,    24.5700,    23.2300,    23.2300,         15,          2,                 361
VSWS,B,20260617,530919,,Remsons Industries,    89.2500,    91.8500,    88.8500,    90.1300,       8910,        158,              805306
VSWS,B,20260617,530921,,Integrated Thermo,     7.6400,     7.6400,     7.6400,     7.6400,       2000,          4,               15280
VSWS,B,20260617,530925,,Ramsons Projects,   106.0000,   106.0000,    95.9500,    95.9500,        875,         15,               88317
VSWS,B,20260617,530927,,Haryana Financial,    66.0000,    66.1000,    66.0000,    66.1000,        200,          2,               13210
VSWS,B,20260617,530943,,Aqylon Nexus,    53.0200,    53.2700,    50.3700,    50.6000,     105415,        549,             5423743
VSWS,B,20260617,530951,,Raminfo,    46.2500,    48.0000,    44.5000,    47.2900,       7325,         55,              340440
VSWS,B,20260617,530953,,Sunil Agro Foods,    87.9800,    87.9800,    81.0000,    81.5800,        270,          8,               21898
VSWS,B,20260617,530959,,Diana Tea Company,    26.1500,    26.3500,    25.9100,    25.9700,       1044,         21,               27128
VSWS,B,20260617,530961,,Vikas EcoTech,     1.3100,     1.3100,     1.2700,     1.2900,     240429,        222,              310250
VSWS,B,20260617,530965,,Indian Oil Corp,   147.0000,   147.4500,   145.0000,   145.4500,     564652,       5930,            82584211
VSWS,B,20260617,530973,,Alfa Ica (India),    80.0000,    80.0000,    75.0400,    75.0400,         58,          4,                4357
VSWS,B,20260617,530977,,Shri Keshav Cements,   144.0000,   144.6500,   141.0000,   141.5000,        343,         20,               48722
VSWS,B,20260617,530979,,India Home Loan,    32.9800,    32.9800,    30.0500,    31.0700,       4523,         52,              144902
VSWS,B,20260617,530991,,Roopa Industries,    51.0000,    51.0000,    49.5500,    50.9900,        272,          7,               13856
VSWS,B,20260617,530993,,Sarthak Global,    35.4500,    35.4500,    34.8900,    34.8900,       1001,          2,               34925
VSWS,B,20260617,530997,,Unique Organic,    93.9500,    93.9500,    86.9000,    87.6500,       1332,         36,              119173
VSWS,B,20260617,530999,,Balaji Amines,  2084.5000,  2162.0000,  2084.5000,  2154.4500,      24988,       2064,            53299967
VSWS,B,20260617,531003,,Swarna Securities,    89.0000,    89.0000,    83.1100,    87.4500,        181,          7,               15067
VSWS,B,20260617,531015,,Venmax Drugs Pharma,    22.0000,    22.3000,    19.4000,    20.1000,      13445,         98,              272943
VSWS,B,20260617,531017,,Arihant's Securities,    21.6000,    21.6000,    19.6000,    20.8000,        723,         13,               14806
VSWS,B,20260617,531025,,Visagar Fin Services,     0.3500,     0.3600,     0.3500,     0.3600,     469970,        259,              167086
VSWS,B,20260617,531033,,Regal Entertainment,    16.8900,    16.8900,    16.8900,    16.8900,        204,          3,                3445
VSWS,B,20260617,531035,,Eraaya Lifespaces,    27.1500,    27.4500,    25.8000,    26.2200,     302421,        555,             7965674
VSWS,B,20260617,531039,,Swadha Nature,     6.7000,     6.7000,     6.6900,     6.6900,      10001,          4,               66916
VSWS,B,20260617,531041,,Competent Automobile,   380.9500,   383.6500,   376.0000,   377.1000,        372,         26,              142204
VSWS,B,20260617,531049,,Neelkanth Rockmine,    35.2800,    35.2800,    35.2800,    35.2800,        471,          6,               16616
VSWS,B,20260617,531051,,Vintage Securities,    17.0100,    18.7800,    17.0100,    18.6500,        354,          5,                6112
VSWS,B,20260617,531067,,Contil India,    23.4000,    23.4000,    22.5500,    23.1400,        602,         20,               13622
VSWS,B,20260617,531069,,Vijay Solvex,   644.4500,   646.0000,   625.0000,   625.0000,        771,         44,              490247
VSWS,B,20260617,531080,,Shri Krishna Devcon,    43.0000,    43.0000,    40.0000,    40.0000,         12,          3,                 511
VSWS,B,20260617,531082,,Alankit,     8.5400,     8.6100,     8.4100,     8.5900,      22641,        130,              192892
VSWS,B,20260617,531083,,Nihar Info Global,     6.6300,     6.6300,     6.3600,     6.3900,       1702,         14,               10916
VSWS,B,20260617,531091,,United Credit,    26.5700,    27.9000,    26.5700,    27.9000,          2,          2,                  54
VSWS,B,20260617,531092,,Om Infra,    84.0000,    86.5000,    84.0000,    85.3400,       5614,        200,              479668
VSWS,B,20260617,531099,,Centuple Global,    37.8900,    40.8000,    35.7000,    36.4400,       4617,         40,              173622
VSWS,B,20260617,531109,,Ishan Dyes And Chemi,    61.0000,    61.0000,    58.0100,    58.7600,       1886,        313,              111368
VSWS,B,20260617,531111,,Gothi Plascon (India,    37.0000,    37.0000,    36.2100,    36.9300,       1200,          2,               44321
VSWS,B,20260617,531112,,Balu Forge Industrie,   452.0500,   457.0000,   445.5000,   447.8500,      39508,       1024,            17852839
VSWS,B,20260617,531119,,Ceenik Exports (I),   189.5500,   189.5500,   170.0000,   176.9500,       1379,         59,              247400
VSWS,B,20260617,531120,,Patel Engineering,    28.9700,    31.3100,    28.6000,    30.6800,    2236431,       4572,            67964853
VSWS,B,20260617,531126,,Kati Patang Lifestyl,    16.0000,    16.6800,    15.8500,    16.3500,       4505,         15,               73356
VSWS,B,20260617,531127,,Mena Mani Industries,     6.4500,     6.6100,     6.0000,     6.5100,       2554,         26,               15731
VSWS,B,20260617,531129,,Inani Marbles & Ind,    11.2500,    11.6500,    11.2500,    11.4700,       2969,         31,               33580
VSWS,B,20260617,531137,,Gemstone Investments,     1.5800,     1.6300,     1.5700,     1.5800,      33591,         96,               54154
VSWS,B,20260617,531144,,EL Forge,    17.2300,    18.4500,    17.0300,    18.0900,      34639,         98,              616989
VSWS,B,20260617,531146,,Medicamen Biotech,   227.6000,   227.7000,   220.0000,   224.4500,      11474,        185,             2543319
VSWS,B,20260617,531147,,Alicon Castalloy,   669.2500,   670.0500,   651.4000,   663.2500,        733,         69,              483762
VSWS,B,20260617,531153,,Diligent Industries,     2.1600,     2.2400,     2.0500,     2.1500,     384071,        295,              819697
VSWS,B,20260617,531156,,Alfavision Overseas,     7.8600,     7.8600,     7.6400,     7.8500,      25262,         51,              198270
VSWS,B,20260617,531157,,Organic Coatings,    19.2300,    19.2300,    19.2300,    19.2300,        112,          2,                2153
VSWS,B,20260617,531158,,Catvision,    19.9900,    19.9900,    19.4000,    19.8100,       1291,         39,               25604
VSWS,B,20260617,531161,,ABM Knowledgeware,   210.9000,   216.0000,   205.0000,   211.5000,        554,         18,              115476
VSWS,B,20260617,531162,,Emami,   405.7000,   405.7000,   397.0000,   400.4500,      66929,        315,            26708725
VSWS,B,20260617,531163,,Kemistar Corporation,    50.9900,    50.9900,    47.9900,    48.6900,       1773,         27,               87490
VSWS,B,20260617,531168,,Associated Ceramics,   162.2500,   162.2500,   162.2500,   162.2500,         91,          8,               14764
VSWS,B,20260617,531169,,SKP Securities,   103.9500,   103.9500,   100.0000,   100.5500,        572,         24,               57722
VSWS,B,20260617,531173,,Syschem (India),    43.6000,    45.7900,    43.1100,    45.5000,      39565,        308,             1779239
VSWS,B,20260617,531176,,Mefcom Capital Mkt,    11.6400,    11.7400,    11.4400,    11.4500,       1025,         19,               11774
VSWS,B,20260617,531178,,Hemang Resources,    13.5500,    13.5500,    12.4000,    13.5000,       2750,         13,               36279
VSWS,B,20260617,531179,,Arman Financial Serv,  1706.7000,  1706.7500,  1654.0000,  1660.1000,       1604,        149,             2679829
VSWS,B,20260617,531190,,Eforu Entertainment,    85.7000,    93.9000,    85.2800,    85.8400,       2887,         37,              265984
VSWS,B,20260617,531199,,Glance Finance,   160.0000,   160.0000,   154.8500,   154.8500,        795,          3,              127066
VSWS,B,20260617,531201,,Shilchar Technologie,  4187.0000,  4487.9500,  4187.0000,  4406.2000,       8666,       1406,            37901739
VSWS,B,20260617,531205,,Spright Agro,     0.4900,     0.4900,     0.4900,     0.4900,     749675,        395,              367340
VSWS,B,20260617,531209,,Nucleus Software Exp,   783.0000,   799.0000,   760.2000,   768.0500,       3441,        299,             2693720
VSWS,B,20260617,531210,,Colinz Laboratories,    57.0000,    58.2500,    57.0000,    58.2500,          3,          2,                 173
VSWS,B,20260617,531212,,Nalin Lease Finance,    40.2700,    41.9000,    39.0000,    39.5500,       4727,         42,              185654
VSWS,B,20260617,531213,,Manappuram Finance,   317.9500,   321.8500,   317.2500,   319.2000,     209017,       7399,            66741945
VSWS,B,20260617,531215,,RTS Power Corp,   100.9000,   104.9000,   100.0000,   103.1000,       4309,         73,              441002
VSWS,B,20260617,531216,,Comfort Intech,     6.0000,     6.3000,     6.0000,     6.1900,      92363,        356,              576279
VSWS,B,20260617,531221,,Mayur Floorings,    17.2900,    17.2900,    16.9500,    16.9500,        422,          6,                7261
VSWS,B,20260617,531223,,Anjani Synthetics,    22.5000,    22.8900,    22.2500,    22.5400,       4387,         26,               98792
VSWS,B,20260617,531225,,XTGlobal Infotech,    29.9500,    29.9500,    28.5500,    28.9800,       4533,         66,              131413
VSWS,B,20260617,531227,,Deco Mica,    61.1000,    61.1000,    54.9000,    54.9000,       1003,          7,               58481
VSWS,B,20260617,531228,,Rander Corporation,    10.8600,    10.8600,    10.5000,    10.5000,          4,          2,                  42
VSWS,B,20260617,531233,,Rasi Electrodes,    12.5600,    13.0000,    12.5600,    12.9100,       4037,         39,               52257
VSWS,B,20260617,531234,,Scoobee Day Garments,    70.2100,    77.8500,    70.2100,    73.3000,        245,         18,               17851
VSWS,B,20260617,531235,,Citi Port Fin Serv,    39.5000,    39.5600,    35.8000,    36.8800,         12,          5,                 464
VSWS,B,20260617,531237,,Dhruva Capital Serv,   435.9500,   435.9500,   435.9500,   435.9500,       1000,          2,              435950
VSWS,B,20260617,531241,,Linc,   102.5100,   104.1000,    99.3000,    99.3000,       3125,        117,              320342
VSWS,B,20260617,531246,,Prima Industries,    16.7200,    16.7200,    16.7200,    16.7200,       8174,         20,              136669
VSWS,B,20260617,531253,,India Gelatine,   351.2500,   359.6500,   351.2000,   353.8000,        279,         14,               98644
VSWS,B,20260617,531254,,Optimus Finance,    15.8500,    16.1700,    15.1600,    15.7100,     285565,        496,             4502041
VSWS,B,20260617,531255,,Paragon Finance,    54.0500,    54.0500,    49.6000,    50.6000,       1285,         17,               66188
VSWS,B,20260617,531257,,Vellora Impact,    19.2000,    20.8000,    19.2000,    19.9100,      88187,         34,             1755246
VSWS,B,20260617,531259,,Esha Media Research,    21.8500,    24.0000,    21.8500,    22.4000,       3698,         52,               87471
VSWS,B,20260617,531266,,VST Tillers Tractors,  4596.1500,  4628.2500,  4537.0000,  4545.1500,        333,        103,             1523657
VSWS,B,20260617,531268,,B2B Software Techno,    25.2000,    25.2000,    24.0800,    24.8900,       4171,         76,              102283
VSWS,B,20260617,531273,,Radhe Developers (I),     1.7300,     1.7300,     1.6800,     1.7200,     106922,        111,              180955
VSWS,B,20260617,531274,,Kinetic Trust,    38.8000,    38.8000,    35.1500,    35.1500,       1056,          7,               37315
VSWS,B,20260617,531278,,Elixir Capital,   127.0000,   127.0000,   116.4000,   120.0500,       1915,         56,              231389
VSWS,B,20260617,531279,,Trishakti Industries,   151.1500,   154.6500,   141.1000,   144.0000,      45857,        343,             6724239
VSWS,B,20260617,531280,,Pankaj Polymers,    67.9500,    68.0000,    63.1500,    68.0000,       6225,         28,              400784
VSWS,B,20260617,531281,,Marble City India,    95.5700,    98.8000,    94.0000,    95.3100,     164251,         88,            15829338
VSWS,B,20260617,531287,,National Plastic Tec,   204.0000,   213.7000,   203.2000,   211.4000,       1778,         31,              373267
VSWS,B,20260617,531289,,National Fittings,   165.5500,   165.5500,   157.5500,   160.0000,       3330,         40,              535452
VSWS,B,20260617,531297,,Artefact Projects,    57.2600,    58.2500,    56.1000,    56.2100,       3268,         47,              185345
VSWS,B,20260617,531306,,DHP India,   509.0000,   509.0000,   506.0000,   507.9000,       3125,         11,             1582343
VSWS,B,20260617,531307,,RRIL,    19.5700,    20.7000,    19.5700,    19.7500,      20755,        124,              410837
VSWS,B,20260617,531310,,Available Finance,   161.0000,   161.0000,   150.1000,   153.4500,       5608,        120,              875764
VSWS,B,20260617,531314,,Integra Capital,    14.2500,    14.3200,    14.2500,    14.3200,        800,          6,               11449
VSWS,B,20260617,531319,,Maruti Global Indust,    38.7700,    40.0000,    38.5000,    38.5000,       1886,         22,               73705
VSWS,B,20260617,531322,,Sri Havisha Hospital,     1.2900,     1.3100,     1.2500,     1.2800,      10893,         28,               13921
VSWS,B,20260617,531328,,Kretto Syscon,     0.6600,     0.6800,     0.6500,     0.6700,     677798,        367,              450356
VSWS,B,20260617,531334,,Vikalp Securities,    20.0000,    20.0000,    20.0000,    20.0000,         72,          3,                1440
VSWS,B,20260617,531335,,Zydus Wellness,   510.1000,   510.5500,   503.0000,   506.3000,      11719,        373,             5935897
VSWS,B,20260617,531338,,Milestone Global,    17.2100,    17.2100,    17.2100,    17.2100,         71,          1,                1221
VSWS,B,20260617,531340,,Bervin Inv & Leas,    41.7500,    41.7500,    37.7900,    37.8600,       3011,         24,              114762
VSWS,B,20260617,531341,,Ashtasidhhi Industri,    21.9900,    21.9900,    20.2100,    20.2100,          3,          3,                  62
VSWS,B,20260617,531344,,Container Corp,   466.3000,   468.0500,   462.9000,   466.6500,     515583,       1929,           240260579
VSWS,B,20260617,531346,,Eastern Treads,    27.7000,    27.7000,    25.1500,    27.6700,        769,         20,               20809
VSWS,B,20260617,531349,,Panacea Biotec,   547.9000,   549.0000,   525.2000,   532.0000,      18934,        953,            10133244
VSWS,B,20260617,531357,,Mercury Ev-Tech,    32.0000,    32.0000,    32.0000,    32.0000,      34470,         73,             1103040
VSWS,B,20260617,531358,,Choice International,   715.2500,   717.9000,   701.7000,   708.4000,      48072,        718,            34180318
VSWS,B,20260617,531359,,Shriram Asset Mgmt,   301.0000,   312.0000,   286.0500,   289.8000,       3853,        188,             1127106
VSWS,B,20260617,531364,,Ekansh Concepts,   219.3500,   219.8500,   214.5500,   217.0000,       1143,         24,              248001
VSWS,B,20260617,531370,,Sparc Electrex,     4.8500,     5.3400,     4.8500,     5.3000,      24889,         31,              120969
VSWS,B,20260617,531373,,Byke Hospitality,    37.9600,    37.9600,    35.7000,    35.8800,       5374,        231,              196541
VSWS,B,20260617,531380,,Centenial Surgical,    79.8000,    79.8000,    76.3000,    76.8800,        812,         11,               62804
VSWS,B,20260617,531381,,Arihant Foundations,   878.2500,   883.0000,   869.6000,   882.1500,        217,         32,              190654
VSWS,B,20260617,531387,,Hasti Finance,     5.5800,     5.8800,     5.5800,     5.8800,        261,          3,                1457
VSWS,B,20260617,531390,,Upsurge Invt & Fin,    63.5000,    63.5000,    59.5000,    59.5900,      11595,         46,              698806
VSWS,B,20260617,531395,,Padam Cotton Yarns,     0.9800,     0.9900,     0.9600,     0.9800,     817533,        462,              796478
VSWS,B,20260617,531396,,Pagaria Energy,     7.6000,     7.9500,     7.6000,     7.9500,       1953,          9,               14880
VSWS,B,20260617,531397,,Polycon Intl,    22.0000,    23.5200,    22.0000,    23.5100,        178,          5,                3923
VSWS,B,20260617,531398,,Source Natural Foods,   112.9000,   112.9000,   106.1000,   107.9000,        660,         32,               71974
VSWS,B,20260617,531399,,GG Automotive Gears,   142.9500,   153.0500,   132.1000,   151.5000,      33250,        370,             4952717
VSWS,B,20260617,531400,,Almondz Global Sec,    13.4300,    13.6300,    13.0200,    13.3300,       3921,         55,               51894
VSWS,B,20260617,531402,,LWS Knitwear,    16.7000,    16.7000,    15.8500,    16.4500,       9171,         30,              147412
VSWS,B,20260617,531406,,ANS Industries,    11.6800,    11.7600,    11.6800,    11.7600,        101,          2,                1187
VSWS,B,20260617,531411,,Tuni Textile Mills,     1.1600,     1.1600,     1.1000,     1.1100,     116736,        119,              130429
VSWS,B,20260617,531412,,Radix Industries (I),   184.5000,   184.9500,   184.5000,   184.7500,        105,          4,               19398
VSWS,B,20260617,531416,,Narendra Properties,    37.5600,    37.7400,    35.1000,    37.0000,        224,         13,                8182
VSWS,B,20260617,531417,,Mega Corporation,     3.1000,     3.2100,     3.1000,     3.2100,     188450,        100,              601419
VSWS,B,20260617,531420,,Bokadia Films,     7.4200,     7.4200,     7.4200,     7.4200,        723,         11,                5364
VSWS,B,20260617,531426,,Tamil Nadu Newsprint,   145.1000,   146.1500,   144.2000,   144.2500,       7234,        245,             1048765
VSWS,B,20260617,531431,,Shakti Pumps (India),   553.9500,   557.3000,   545.0500,   546.1000,      51449,       1035,            28349484
VSWS,B,20260617,531432,,Systematix Secu,    12.0100,    12.0100,    12.0100,    12.0100,          2,          1,                  24
VSWS,B,20260617,531433,,Sungold Capital,     2.9000,     2.9900,     2.8500,     2.8500,       4342,         17,               12769
VSWS,B,20260617,531436,,Saffron Industries,    29.7500,    31.4000,    29.0000,    30.1700,       2385,         29,               70622
VSWS,B,20260617,531437,,Prakash Woollen & Sy,    24.9700,    24.9700,    23.7500,    24.0000,       1082,         10,               26127
VSWS,B,20260617,531439,,Aion-Tech Solutions,    43.3900,    44.0600,    43.2200,    43.5500,        401,         19,               17376
VSWS,B,20260617,531441,,Lyons Corporate,    20.2000,    20.2000,    20.0000,    20.0000,        253,          5,                5090
VSWS,B,20260617,531449,,GRM Overseas,    94.5500,    94.9000,    92.0000,    92.8000,      63163,        338,             5882152
VSWS,B,20260617,531453,,Mohit Industries,    23.2500,    23.2900,    23.2500,    23.2500,        100,          4,                2326
VSWS,B,20260617,531454,,Polylink Polymers,    20.0000,    20.4500,    19.5100,    19.9300,       3208,         49,               63752
VSWS,B,20260617,531456,,Minaxi Textiles,     1.5000,     1.5000,     1.4600,     1.4900,       4221,         21,                6238
VSWS,B,20260617,531458,,Boston Commerce,     5.4300,     5.9900,     5.4300,     5.4600,     101329,         46,              551965
VSWS,B,20260617,531460,,Continental Controls,     7.1900,     7.7700,     7.1500,     7.7400,       1560,          5,               11760
VSWS,B,20260617,531463,,Global Infra & Fin,    49.1500,    49.1500,    49.1500,    49.1500,         56,          7,                2752
VSWS,B,20260617,531465,,Nouveau Global Vent,     0.3500,     0.3500,     0.3500,     0.3500,      39209,         45,               13723
VSWS,B,20260617,531471,,Duke Offshore,    20.8600,    20.8600,    20.8600,    20.8600,       1276,         18,               26617
VSWS,B,20260617,531472,,Cybele Industries,    52.5000,    53.6000,    49.1200,    49.6300,      15332,         92,              771642
VSWS,B,20260617,531486,,Filmcity Media,     2.0700,     2.0700,     1.9300,     2.0700,     477317,         70,              988026
VSWS,B,20260617,531489,,CG Vak Software,   186.8000,   186.8000,   177.3000,   179.9000,       1736,         53,              313703
VSWS,B,20260617,531494,,Navkar Urbanstructur,     1.1200,     1.1500,     1.0700,     1.1200,    1034724,        318,             1155924
VSWS,B,20260617,531497,,Madhucon Projects,     6.0100,     6.7400,     6.0100,     6.7200,     183780,        470,             1223750
VSWS,B,20260617,531500,,Rajesh Exports,    88.8000,    89.1000,    86.6000,    89.1000,     148369,       1171,            13183198
VSWS,B,20260617,531502,,Esaar (India),    12.1500,    12.3700,    12.0000,    12.3700,      36354,         67,              449557
VSWS,B,20260617,531503,,Maris Spinners,    28.0400,    31.4200,    27.8000,    28.8000,       3098,         27,               86986
VSWS,B,20260617,531505,,Indergiri Finance,    22.0400,    22.0400,    22.0000,    22.0000,        438,          8,                9641
VSWS,B,20260617,531508,,Eveready Industries,   345.0000,   368.7500,   345.0000,   361.0500,      46328,       1160,            16791542
VSWS,B,20260617,531509,,Step Two Corporation,    23.6300,    23.6300,    22.4500,    23.6200,       1458,         15,               32916
VSWS,B,20260617,531512,,Orient Tradelink,     4.3400,     4.7800,     4.3400,     4.7700,    1510053,        630,             6712599
VSWS,B,20260617,531518,,Vikas Proppant & Gra,     0.2800,     0.3000,     0.2800,     0.2900,     202072,         91,               57550
VSWS,B,20260617,531525,,ACE Software Exports,   120.2500,   120.2500,   115.7000,   119.2500,      20094,        231,             2384600
VSWS,B,20260617,531529,,Softrak Venture Inv,     1.2700,     1.2700,     1.2700,     1.2700,      11632,         17,               14772
VSWS,B,20260617,531531,,Hatsun Agro Products,   907.8000,   919.7500,   907.8000,   915.1000,        167,         24,              152431
VSWS,B,20260617,531533,,Accedere,    75.1200,    78.8200,    72.1500,    78.6000,      13583,        164,             1055440
VSWS,B,20260617,531537,,Mizzen Ventures,   137.4000,   137.5000,   130.7500,   136.0000,       3733,         22,              496608
VSWS,B,20260617,531539,,Rishabh Digha Steel,    32.3800,    33.0000,    31.8500,    33.0000,        983,         12,               31951
VSWS,B,20260617,531540,,Maruti Infra,    11.8800,    12.4700,    11.5100,    12.4700,      40328,        114,              496747
VSWS,B,20260617,531541,,Kobo Biotech,     6.7100,     6.7100,     6.7100,     6.7100,      92840,         35,              622956
VSWS,B,20260617,531543,,Jindal Worldwide,    30.2000,    30.3000,    29.3800,    29.6500,      67862,        414,             2013135
VSWS,B,20260617,531548,,Somany Ceramics,   523.9500,   530.0500,   510.0500,   521.3500,       9938,        487,             5162941
VSWS,B,20260617,531550,,Jhaveri Credits,   165.5000,   170.7000,   164.8000,   166.5500,       2881,         57,              480677
VSWS,B,20260617,531552,,RTCL,    14.9400,    15.2500,    14.7600,    15.2500,        509,         12,                7682
VSWS,B,20260617,531553,,Disha Resources,    21.5000,    21.5000,    20.9000,    21.0000,        654,         12,               13775
VSWS,B,20260617,531556,,Coral India Finance,    31.6700,    32.9300,    31.6700,    32.1000,        814,         14,               26631
VSWS,B,20260617,531557,,Amit Securities,    53.0000,    55.6500,    50.3500,    50.3500,         12,          3,                 636
VSWS,B,20260617,531568,,Tridev InfraEstates,     6.2000,     6.2000,     6.2000,     6.2000,         13,          1,                  80
VSWS,B,20260617,531569,,Sanjivani Paranteral,   148.9500,   148.9500,   139.0000,   143.7500,      13461,        195,             1914168
VSWS,B,20260617,531572,,Ranjit Securities,    63.5000,    63.5000,    63.0100,    63.0100,         60,          4,                3805
VSWS,B,20260617,531578,,KMF Builders & Devel,     6.5000,     6.5000,     6.4600,     6.4600,         24,          2,                 155
VSWS,B,20260617,531582,,Beryl Securities,    32.0900,    32.0900,    29.0500,    29.0500,         13,          2,                 414
VSWS,B,20260617,531583,,Rap Corp,    39.0000,    39.0000,    38.1900,    38.1900,       3430,         19,              131018
VSWS,B,20260617,531585,,Devine Impex,     8.3000,     8.3000,     8.3000,     8.3000,        224,          3,                1859
VSWS,B,20260617,531591,,BAMPSL Securities,    19.9000,    20.5000,    19.4000,    20.3500,      13189,         60,              265738
VSWS,B,20260617,531592,,Genpharmasec,     1.1400,     1.1500,     1.1100,     1.1300,     191079,        211,              215616
VSWS,B,20260617,531594,,Incon Engineers,    16.5100,    16.5100,    16.5000,    16.5000,       3054,          8,               50421
VSWS,B,20260617,531595,,Capri Global Capital,   217.4500,   220.9000,   215.9500,   217.1500,     142371,       1576,            31121665
VSWS,B,20260617,531599,,F D C,   383.4500,   386.5000,   379.1500,   380.7500,       9460,        240,             3621717
VSWS,B,20260617,531600,,Gogia Capital Growth,    51.4100,    51.4100,    51.4000,    51.4000,         25,          2,                1285
VSWS,B,20260617,531608,,Gorani Industries,    47.1500,    47.1500,    45.0000,    46.5000,         97,         10,                4474
VSWS,B,20260617,531613,,Meyer Apparel,     2.6800,     2.6800,     2.6800,     2.6800,      12911,         20,               34601
VSWS,B,20260617,531616,,Starcom Info Techno,    66.1500,    66.1500,    63.0000,    63.0000,         12,          3,                 762
VSWS,B,20260617,531624,,Country Condo's,     4.9600,     4.9600,     4.7900,     4.8300,       1254,         11,                6185
VSWS,B,20260617,531626,,Orosil Smiths India,     6.7400,     6.9000,     6.4400,     6.5900,      64592,        190,              428425
VSWS,B,20260617,531628,,Tejassvi Aaharam,    41.3000,    42.2100,    40.6700,    42.2100,       1203,         11,               50348
VSWS,B,20260617,531633,,Lincoln Pharm,   636.0000,   644.8500,   626.7000,   631.2500,       3498,        290,             2217213
VSWS,B,20260617,531635,,Silver Oak (India),    81.0000,    81.8000,    78.1000,    79.0400,        234,         21,               18864
VSWS,B,20260617,531637,,Praveg,   232.6000,   236.9000,   232.5000,   235.2000,      10712,        350,             2520540
VSWS,B,20260617,531638,,Suraj,   230.0000,   230.0000,   230.0000,   230.0000,          8,          4,                1840
VSWS,B,20260617,531642,,Marico,   810.0500,   812.3500,   796.5000,   805.6000,     196908,       1403,           157902976
VSWS,B,20260617,531644,,Tokyo Finance,    19.1400,    20.7800,    19.0200,    19.6400,       1653,         11,               32472
VSWS,B,20260617,531652,,UVS Hosp & Services,   104.7000,   104.7000,    96.5000,    96.5500,       5079,         30,              491258
VSWS,B,20260617,531658,,Abate As Industries,    10.2000,    10.6900,    10.1000,    10.1400,     120510,        151,             1239598
VSWS,B,20260617,531661,,Hittco Tools,    10.1000,    10.1000,    10.0500,    10.0500,       5251,          5,               53035
VSWS,B,20260617,531663,,Yuvraaj Hygiene Prod,     8.2900,     8.2900,     7.5300,     8.2900,     328405,        145,             2708729
VSWS,B,20260617,531667,,RR Metalmakers India,    54.5500,    54.5500,    54.5500,    54.5500,       1359,         14,               74133
VSWS,B,20260617,531668,,Vision Corporation,     2.5000,     2.5000,     2.5000,     2.5000,       2705,         15,                6762
VSWS,B,20260617,531671,,Karnawati Innovation,     1.3800,     1.4200,     1.3200,     1.4000,      24499,        102,               33551
VSWS,B,20260617,531672,,Inani Securities,    21.9000,    21.9000,    21.9000,    21.9000,        101,          2,                2211
VSWS,B,20260617,531673,,Anka India,    21.0100,    22.8600,    21.0100,    22.8500,       8308,         45,              186465
VSWS,B,20260617,531676,,Emrock Corporation,   278.4000,   282.2000,   265.8000,   277.0000,       1659,         32,              451294
VSWS,B,20260617,531680,,Mayur Leather,    21.5100,    23.3200,    21.0100,    21.9300,      27618,         90,              608568
VSWS,B,20260617,531681,,Amerise Biosciences,     0.7700,     0.7700,     0.7600,     0.7600,     191243,         47,              147041
VSWS,B,20260617,531685,,Frontline Financial,    18.2500,    18.2500,    18.2500,    18.2500,        117,          3,                2135
VSWS,B,20260617,531688,,Prithvi Exchange (I),   115.0000,   115.0000,   107.0000,   108.0000,       1067,         33,              114968
VSWS,B,20260617,531694,,Rainbow Foundations,    40.0000,    41.8900,    39.8300,    40.5000,       7891,         29,              319155
VSWS,B,20260617,531716,,Tricom Fruit Product,     1.9300,     1.9300,     1.8000,     1.8400,       2200,         12,                3988
VSWS,B,20260617,531717,,Vidhi Specialty Food,   288.0000,   288.0000,   282.0000,   284.6000,         92,         27,               26309
VSWS,B,20260617,531719,,Bhagiradha Chemicals,   260.3000,   263.9000,   259.4500,   263.0000,        289,         27,               75750
VSWS,B,20260617,531723,,GACM Technologies,     0.5200,     0.5300,     0.5100,     0.5200,     482901,        149,              251182
VSWS,B,20260617,531726,,Panchsheel Organics,   119.1000,   121.8500,   117.0000,   120.0000,      12748,         77,             1527245
VSWS,B,20260617,531727,,Menon Pistons,    55.5500,    57.4000,    55.0000,    55.4500,      19878,        191,             1107838
VSWS,B,20260617,531737,,Greencrest Fin Ser,     0.5200,     0.5400,     0.5000,     0.5200,     116114,         99,               59781
VSWS,B,20260617,531739,,Gennex Laboratories,    10.7600,    10.9500,    10.4000,    10.4400,     356295,        599,             3785077
VSWS,B,20260617,531744,,Gini Silk Mills,    54.4800,    57.9000,    54.0000,    54.5600,       1252,         25,               68788
VSWS,B,20260617,531746,,Prajay Engineers,    23.0000,    23.0000,    21.1000,    21.5200,       5320,         60,              115834
VSWS,B,20260617,531752,,Biogen Pharma Ind,     0.3300,     0.3400,     0.3200,     0.3300,    4750690,        903,             1563645
VSWS,B,20260617,531758,,GK Consultants,    12.7700,    13.5500,    12.7700,    13.5500,        332,          5,                4241
VSWS,B,20260617,531761,,Apollo Pipes,   519.5000,   519.5000,   492.7000,   497.0000,       6861,        276,             3462067
VSWS,B,20260617,531762,,Unjha Formulations,    19.7000,    19.7000,    17.5500,    17.5500,        555,          5,                9858
VSWS,B,20260617,531768,,Poly Medicure,  1509.7000,  1555.3500,  1509.7000,  1538.1000,       3934,        322,             6053209
VSWS,B,20260617,531769,,PFL Infotech,     3.9500,     4.1400,     3.9500,     4.1200,       4719,         15,               19314
VSWS,B,20260617,531771,,Shraddha Prime Proje,   161.0500,   163.9500,   161.0000,   161.3000,      25357,        114,             4109942
VSWS,B,20260617,531778,,Kachchh Minerals,    38.9900,    39.9900,    36.1000,    39.6300,      12777,        154,              494878
VSWS,B,20260617,531780,,Kaiser Corporation,     6.6100,     6.6900,     6.5300,     6.5800,      23313,         77,              154611
VSWS,B,20260617,531784,,KCL Infra Projects,     1.2500,     1.2700,     1.2300,     1.2600,     182077,        125,              227221
VSWS,B,20260617,531795,,Atul Auto,   468.9500,   472.0000,   462.8000,   467.8500,       6849,        267,             3205378
VSWS,B,20260617,531797,,Scan Projects,   133.7500,   133.7500,   121.1000,   133.0000,        395,          7,               47911
VSWS,B,20260617,531802,,Prerna Infrabuild,    28.7800,    28.7800,    26.3200,    27.0400,      16036,         80,              440957
VSWS,B,20260617,531810,,Metal Coatings (I),    58.6100,    58.6100,    52.9000,    54.5100,        209,         14,               11758
VSWS,B,20260617,531812,,SGN Telecoms,     0.5800,     0.5800,     0.5800,     0.5800,      19300,         15,               11194
VSWS,B,20260617,531814,,Tirupati Sarjan,     8.8600,     8.8800,     8.5600,     8.6500,      12193,         47,              105812
VSWS,B,20260617,531822,,Rodium Realty,   170.0000,   179.3500,   161.0000,   161.6500,       3237,         26,              533222
VSWS,B,20260617,531834,,Natura Hue Chem,    37.9000,    38.0000,    37.3700,    37.3700,      20915,         15,              783795
VSWS,B,20260617,531840,,IEC Education,    25.0000,    25.4000,    24.0000,    25.3000,       1732,         27,               42231
VSWS,B,20260617,531841,,Indus Finance,   117.0000,   119.3000,   117.0000,   119.0000,       1552,         25,              183646
VSWS,B,20260617,531842,,Lahoti Overseas,    45.1500,    48.9900,    45.1300,    45.7700,        791,        165,               36554
VSWS,B,20260617,531845,,Zenith Steel Pipes,     6.0000,     6.0000,     5.7500,     5.9400,       4808,         40,               28351
VSWS,B,20260617,531846,,Trinity League (I),    10.9900,    10.9900,    10.9400,    10.9700,         10,          4,                 109
VSWS,B,20260617,531847,,Asian Star Company,   613.0000,   613.0000,   612.1000,   612.1000,          8,          3,                4897
VSWS,B,20260617,531859,,Oriental Rail Infras,   138.5000,   140.0000,   137.0000,   139.1500,      37509,        361,             5208695
VSWS,B,20260617,531861,,Joindre Capital Ser,    48.2500,    49.5000,    48.0000,    49.3800,        778,         28,               37977
VSWS,B,20260617,531862,,Bharat Agri Fert,    30.3000,    30.6000,    29.1500,    29.4400,      21683,        110,              635760
VSWS,B,20260617,531867,,Unitech Intl,     3.4000,     3.5700,     3.4000,     3.5600,       2423,         17,                8429
VSWS,B,20260617,531869,,Sacheta Metals,     3.8600,     3.8700,     3.8000,     3.8600,      89910,        114,              345906
VSWS,B,20260617,531870,,Popular Estate Manag,    18.3400,    18.3400,    18.2400,    18.2400,         84,          4,                1532
VSWS,B,20260617,531878,,Anjani Finance,    10.5300,    10.5300,    10.5000,    10.5200,         94,          7,                 988
VSWS,B,20260617,531888,,Rexnord Electronics,    84.0000,    87.0000,    82.3200,    86.9000,       3187,         28,              269499
VSWS,B,20260617,531889,,Nurture Well Industr,    31.9900,    33.1000,    29.5100,    30.2900,    3451839,       5675,           107379158
VSWS,B,20260617,531893,,Sawaca Enterprises,     0.3100,     0.3100,     0.2900,     0.3000,    1035252,        321,              313839
VSWS,B,20260617,531900,,CCL International,    23.5000,    24.7900,    23.1800,    23.5000,        760,         23,               18073
VSWS,B,20260617,531909,,Croissance,     1.2000,     1.2000,     1.1400,     1.1700,     142268,         96,              165270
VSWS,B,20260617,531910,,JOJO,   237.9500,   237.9500,   212.0000,   219.8000,      46161,         73,            10146130
VSWS,B,20260617,531911,,Galaxy Agrico Export,    63.0000,    63.7900,    58.5200,    60.0600,     110785,         54,             7012152
VSWS,B,20260617,531918,,Hindustan Appliances,   130.4700,   130.4700,   118.0500,   118.0500,        831,         23,              105415
VSWS,B,20260617,531921,,Agarwal Ind Corp,   577.0000,   577.9000,   551.1500,   552.9000,      12548,        663,             6999348
VSWS,B,20260617,531923,,Dhampure Specialty,   111.4000,   119.9000,   111.4000,   118.0000,       2485,         44,              290913
VSWS,B,20260617,531925,,52 Weeks Entertainme,     1.2800,     1.4000,     1.2100,     1.2400,      10449,         15,               13083
VSWS,B,20260617,531930,,Sarthak Industries,    25.9700,    25.9800,    25.0000,    25.9700,        562,         16,               14335
VSWS,B,20260617,531931,,SAI Capital,   148.4500,   148.4500,   145.0000,   145.3500,       2889,         55,              421713
VSWS,B,20260617,531944,,Lexoraa Industries,    18.5000,    18.9900,    18.1000,    18.1000,        119,          6,                2204
VSWS,B,20260617,531950,,Vertex Securities,     4.0400,     4.1500,     3.9600,     4.1500,      78515,        192,              324771
VSWS,B,20260617,531952,,Riba Textiles,    70.9400,    70.9400,    68.4300,    69.6100,       1807,         44,              126169
VSWS,B,20260617,531959,,Newtime Infrastructu,     1.9400,     1.9700,     1.8800,     1.9000,      58506,        112,              112912
VSWS,B,20260617,531962,,Shree Metalloys,    37.4000,    40.0000,    37.2600,    38.0000,       1593,         36,               60701
VSWS,B,20260617,531968,,IITL Projects,    40.9500,    44.5000,    36.0300,    44.0000,         24,         21,                 987
VSWS,B,20260617,531977,,Chartered Logistics,     6.1300,     6.4800,     6.1300,     6.2200,      46834,        125,              291924
VSWS,B,20260617,531978,,Ambika Cotton Mills,  1630.6000,  1642.5000,  1610.0000,  1621.3000,        541,        112,              880338
VSWS,B,20260617,531979,,Hind Aluminium Ind,   103.5000,   103.5000,   102.0000,   102.9000,       4074,         90,              419932
VSWS,B,20260617,531982,,Spectrum Foods,    12.2400,    12.6500,    11.0000,    11.8100,      70520,        155,              827237
VSWS,B,20260617,531989,,Deccan Polypacks,    36.5000,    36.5000,    35.0000,    35.0000,          2,          2,                  71
VSWS,B,20260617,531991,,Amraworld Agrico,     0.5700,     0.5800,     0.5700,     0.5800,      32924,         39,               18943
VSWS,B,20260617,531996,,Odyssey Corporation,     7.8200,     7.9800,     7.5300,     7.7000,       2332,         18,               18008
VSWS,B,20260617,531997,,Ikoma Technologies,    67.6400,    67.6400,    67.6400,    67.6400,     124828,        115,             8443365
VSWS,B,20260617,532001,,Inducto Steel,    52.2400,    56.8000,    52.2400,    55.9500,        572,         10,               30151
VSWS,B,20260617,532005,,Sam Industries,    45.9900,    45.9900,    44.4000,    44.4000,        113,          4,                5024
VSWS,B,20260617,532011,,Vashu Bhagnani Indus,    70.3800,    70.3800,    70.3800,    70.3800,         12,          1,                 844
VSWS,B,20260617,532015,,Gravity India,    11.7000,    11.7000,    11.2500,    11.2700,      16898,        102,              192806
VSWS,B,20260617,532016,,Espire Hospitality,   182.2000,   194.0000,   180.0000,   181.0000,       2837,         36,              512240
VSWS,B,20260617,532019,,LCC Infotech,     4.4300,     4.4400,     4.3000,     4.3000,       1724,          9,                7459
VSWS,B,20260617,532022,,Filatex Fashions,     0.2100,     0.2200,     0.2100,     0.2200,    1877658,        322,              404261
VSWS,B,20260617,532029,,Sindhu Trade Links,    25.6900,    25.6900,    24.4100,    24.7500,      63738,        210,             1587500
VSWS,B,20260617,532039,,Zenotech Laboratorie,    46.9900,    47.5000,    44.8200,    46.7300,       9103,         67,              420384
VSWS,B,20260617,532041,,Hindustan Bio Scienc,     8.0000,     8.0000,     7.5200,     7.9000,       8517,         47,               66530
VSWS,B,20260617,532042,,Frontline Corp,    32.5000,    35.0000,    32.5000,    35.0000,        322,          6,               10467
VSWS,B,20260617,532051,,Swelect Energy Syste,   647.2500,   647.2500,   623.0000,   625.8000,        614,         82,              387389
VSWS,B,20260617,532053,,Wallfort Fin Ser,    79.4400,    84.9000,    71.2000,    79.5200,      12526,         91,             1001348
VSWS,B,20260617,532054,,KDDL,  2851.4500,  2940.0000,  2814.1500,  2897.4000,        598,        135,             1708794
VSWS,B,20260617,532056,,Trustedge Capital,   137.9000,   137.9000,   130.1000,   136.7500,       3665,         31,              490227
VSWS,B,20260617,532057,,Abhinav Capital Ser,   118.3000,   118.3000,   105.9500,   106.7500,        134,         11,               14353
VSWS,B,20260617,532067,,3B Blackbio DX,  1274.3500,  1274.3500,  1200.0500,  1204.0500,       4306,        715,             5283169
VSWS,B,20260617,532070,,Gujjubhai Industries,   119.6500,   121.2000,   115.0000,   119.4000,      24331,        132,             2888447
VSWS,B,20260617,532078,,Monind,    22.3400,    22.3400,    21.9000,    21.9000,          5,          2,                 109
VSWS,B,20260617,532090,,Atvo Enterprises,    25.0000,    25.0000,    24.5000,    24.5000,      16734,         31,              410779
VSWS,B,20260617,532092,,Epuja Spiritech,     1.2400,     1.3300,     1.2200,     1.3000,     456242,        171,              586361
VSWS,B,20260617,532100,,Indo-City Infotech,    14.9900,    15.0000,    13.0000,    13.4700,       9122,         58,              126690
VSWS,B,20260617,532102,,SBEC Sugar,    80.5900,    80.5900,    80.5900,    80.5900,      81092,        196,             6535204
VSWS,B,20260617,532113,,Brijlaxmi Leas & Fin,    10.5000,    10.5000,     9.3200,     9.5000,      35130,         13,              333746
VSWS,B,20260617,532123,,BSEL Algo,     4.6000,     4.8400,     4.2100,     4.6400,     139990,        252,              638464
VSWS,B,20260617,532124,,Reliable Ventures,    29.6000,    29.9100,    27.5000,    27.5600,      15384,         32,              454832
VSWS,B,20260617,532131,,Triumph Intl Finance,    16.5600,    17.9500,    16.5600,    17.9500,        691,          6,               11485
VSWS,B,20260617,532134,,Bank of Baroda,   277.5500,   282.4500,   274.1000,   281.8500,     336379,       3206,            94257735
VSWS,B,20260617,532140,,Mohite Industries,     2.3300,     2.4800,     2.2700,     2.3400,      49830,        109,              116349
VSWS,B,20260617,532141,,Andhra Cement,    53.0100,    54.5000,    53.0100,    53.3800,       1274,         19,               68435
VSWS,B,20260617,532143,,SKM Egg Products,   243.0000,   248.0000,   238.4000,   244.7500,      57311,        712,            13990360
VSWS,B,20260617,532144,,Welspun Corp,  1362.6000,  1399.6000,  1362.6000,  1392.6500,      37250,       5194,            51691742
VSWS,B,20260617,532145,,H S India,    11.9900,    11.9900,    10.8500,    11.6500,       1020,         28,               11505
VSWS,B,20260617,532149,,Bank of India,   145.8000,   147.7500,   144.8500,   147.2000,     430050,       2964,            63095123
VSWS,B,20260617,532150,,Indraprastha Medical,   387.0500,   387.0500,   377.5000,   380.7000,       9664,        360,             3685664
VSWS,B,20260617,532154,,Johnson Pharmacare,     0.5000,     0.5200,     0.5000,     0.5100,    1067965,        387,              546940
VSWS,B,20260617,532155,,Gail (India),   176.0500,   177.0000,   174.4500,   175.0000,     536886,      10143,            94256334
VSWS,B,20260617,532156,,Vaibhav Global,   246.9000,   250.7000,   243.0000,   248.5500,      25948,        440,             6426292
VSWS,B,20260617,532159,,Trescon,     9.2700,     9.2700,     8.5800,     8.7900,       9009,         46,               79438
VSWS,B,20260617,532160,,Gujarat State Finan,    10.5200,    10.8800,    10.5200,    10.8200,       5539,         34,               59507
VSWS,B,20260617,532162,,JK Paper,   361.2500,   363.1000,   357.4500,   358.5000,       9366,        274,             3368020
VSWS,B,20260617,532163,,Saregama India,   465.9500,   465.9500,   450.7000,   454.0500,      23863,        493,            10949528
VSWS,B,20260617,532167,,Omkar Pharmachem,    21.1000,    21.1000,    19.5000,    19.5000,        525,          8,               10647
VSWS,B,20260617,532172,,Adroit Infotech,     9.4900,     9.5400,     9.1800,     9.4400,       4949,         21,               46446
VSWS,B,20260617,532173,,Cyber Tech Systems,   150.0000,   154.2000,   145.0500,   151.5000,      38421,       1317,             5688696
VSWS,B,20260617,532174,,ICICI Bank,  1340.0000,  1345.6500,  1333.1500,  1336.7500,     546500,      14665,           731010516
VSWS,B,20260617,532175,,Cyient,   860.6000,   883.8500,   855.5500,   876.4000,      75511,       3772,            65445022
VSWS,B,20260617,532178,,Engineers India,   234.0000,   244.7500,   233.5500,   243.4500,     407867,       4664,            98457468
VSWS,B,20260617,532180,,Dhanlaxmi Bank,    32.4100,    33.0700,    31.8000,    32.8600,     374599,       1071,            12236974
VSWS,B,20260617,532181,,Gujarat Mineral Deve,   625.1000,   632.0000,   613.9000,   620.3500,     106670,       2331,            66464896
VSWS,B,20260617,532183,,Gayatri Sugars,     8.8500,     8.8500,     8.3300,     8.5300,      28759,        151,              244489
VSWS,B,20260617,532187,,IndusInd Bank,   926.0000,   938.3500,   920.1500,   933.6000,     629443,       1392,           586473983
VSWS,B,20260617,532189,,India Tourism Deve,   616.6000,   629.9000,   615.4500,   622.0500,      17873,        564,            11122866
VSWS,B,20260617,532209,,Jammu & Kashmir Bank,   162.3000,   163.8000,   160.2500,   162.8500,     173154,       1187,            28086806
VSWS,B,20260617,532210,,City Union Bank,   205.3000,   205.3000,   199.5000,   200.3000,     289290,       1482,            58078628
VSWS,B,20260617,532212,,Archies,    13.8200,    14.8000,    13.8200,    14.7400,       7469,         70,              106803
VSWS,B,20260617,532215,,Axis Bank,  1373.3000,  1373.3000,  1349.2000,  1350.9500,     205195,      10211,           278029802
VSWS,B,20260617,532216,,HB Stockholdings,    55.0000,    55.0000,    53.6100,    53.6100,       1605,          8,               86060
VSWS,B,20260617,532217,,CMX Holdings,    18.8500,    20.9900,    18.0100,    19.7300,       6225,         49,              123519
VSWS,B,20260617,532218,,South Indian Bank,    47.3700,    48.7600,    47.2400,    48.4600,    1640101,       4674,            79031646
VSWS,B,20260617,532219,,Energy Development,    16.5200,    17.5000,    16.5200,    17.0000,       8959,         85,              152320
VSWS,B,20260617,532221,,Sonata Software,   311.9500,   312.3000,   299.5000,   305.5000,     539939,       7945,           164980746
VSWS,B,20260617,532230,,Bengal Tea,   143.6500,   143.6500,   143.6000,   143.6000,         54,          4,                7756
VSWS,B,20260617,532234,,National Aluminium,   367.0000,   372.0000,   360.0000,   369.9000,     688458,      13686,           251903788
VSWS,B,20260617,532240,,India Nippon Elect,   935.0000,   937.1000,   914.7500,   918.5500,       1591,        153,             1470605
VSWS,B,20260617,532256,,Nalwa Sons Invest,  5620.0000,  5652.6500,  5594.7500,  5650.0000,         49,         23,              276119
VSWS,B,20260617,532259,,Apar Industries, 16289.3000, 16470.0000, 15790.4000, 16080.1500,       6236,       2093,           100489384
VSWS,B,20260617,532262,,TCI Industries,  1547.0000,  1547.0000,  1546.9500,  1546.9500,         11,          2,               17016
VSWS,B,20260617,532268,,Accelya Solutions (I,  1144.9500,  1144.9500,  1098.0000,  1127.0000,        770,        195,              865075
VSWS,B,20260617,532271,,Orchasp,     1.9100,     1.9600,     1.5600,     1.7600,     911874,        427,             1542050
VSWS,B,20260617,532275,,Landmarc Leisure,     1.9900,     1.9900,     1.8200,     1.8900,      86839,        123,              162772
VSWS,B,20260617,532281,,HCL Technologies,  1169.8000,  1173.8500,  1159.6000,  1166.4500,     178070,       7241,           207659566
VSWS,B,20260617,532284,,TCFC Finance,    28.5100,    29.4000,    28.0000,    28.0100,        851,         38,               23969
VSWS,B,20260617,532285,,Geojit Financial Ser,    76.5800,    79.4500,    76.5800,    79.0100,      35037,        374,             2764946
VSWS,B,20260617,532286,,Jindal Steel,  1135.5000,  1144.0000,  1123.6500,  1135.2500,      25702,       2148,            29155741
VSWS,B,20260617,532290,,B L B,    15.9100,    16.7300,    15.9100,    16.0200,      16035,        103,              257218
VSWS,B,20260617,532296,,Glenmark Pharma,  2132.4000,  2170.0000,  2109.0000,  2135.3500,      13105,       1612,            28036655
VSWS,B,20260617,532300,,Wockhardt,  1934.3000,  2048.8000,  1913.1000,  2022.7500,     274637,      13408,           549304752
VSWS,B,20260617,532303,,Integrated Hitech,     4.0000,     4.2000,     3.8400,     3.8800,       2958,         19,               11565
VSWS,B,20260617,532305,,Ind Swift Lab,   162.7000,   165.0000,   161.0000,   162.5000,      33940,        383,             5530044
VSWS,B,20260617,532309,,GE Power India,  1060.0500,  1076.1000,  1026.2000,  1054.7500,     100616,       3406,           106618320
VSWS,B,20260617,532310,,Shree Rama Multi-Tec,    43.8000,    44.9300,    42.5000,    44.0500,      19539,        105,              860615
VSWS,B,20260617,532313,,Mahindra Lifespace,   341.8500,   348.0000,   336.7000,   346.2500,       5608,        249,             1926500
VSWS,B,20260617,532315,,Groarc Industries I,     6.4900,     6.4900,     6.3000,     6.3200,       1326,         11,                8378
VSWS,B,20260617,532320,,Vaarad Ventures,    10.5000,    10.7000,     9.7300,     9.9200,       4267,         26,               43373
VSWS,B,20260617,532321,,Zydus Lifesciences,  1058.4000,  1078.1000,  1054.2000,  1061.5000,      71037,       3937,            75725423
VSWS,B,20260617,532323,,Shiva Cement,    18.9000,    19.0000,    18.6600,    18.6800,     103750,        263,             1942284
VSWS,B,20260617,532324,,Cinevista,    15.6700,    15.6700,    15.2300,    15.6100,        535,          7,                8319
VSWS,B,20260617,532326,,Intense Technologies,   103.0000,   104.0000,   101.0000,   101.9400,       6479,        170,              664366
VSWS,B,20260617,532329,,Danlaw Technologies,  1089.0000,  1090.2000,  1059.1000,  1090.2000,       7858,        220,             8564118
VSWS,B,20260617,532331,,Ajanta Pharma,  3127.9000,  3127.9000,  3045.0000,  3083.6000,       1578,        245,             4857898
VSWS,B,20260617,532332,,Cura Technologies,    85.9900,    92.0000,    81.8000,    88.0000,          4,          4,                 347
VSWS,B,20260617,532333,,HB Portfolio,    59.6100,    61.9500,    59.0500,    60.6000,        274,         21,               16508
VSWS,B,20260617,532334,,HB Estate Developers,    74.0500,    83.0000,    74.0500,    81.0000,       1362,          5,              100872
VSWS,B,20260617,532335,,Ambica Agarbathies,    24.8600,    26.2400,    23.6500,    24.6000,        507,          5,               12612
VSWS,B,20260617,532339,,Compucom Software,    13.8900,    13.8900,    13.4500,    13.5800,      13550,         36,              184500
VSWS,B,20260617,532340,,Omni AX's Software,     3.3300,     3.7000,     3.3200,     3.3500,       3680,         21,               12518
VSWS,B,20260617,532341,,IZMO,  1113.2000,  1125.0000,  1028.6500,  1028.6500,      24375,       1457,            26226823
VSWS,B,20260617,532343,,TVS Motor Company,  3439.3500,  3478.5500,  3417.3000,  3446.4000,      20428,       2583,            70538053
VSWS,B,20260617,532344,,Madala Holdings,   194.4000,   194.4000,   192.1000,   192.1000,          2,          2,                 386
VSWS,B,20260617,532348,,Subex,    12.0000,    12.1500,    11.0700,    12.0700,     622260,        718,             7369657
VSWS,B,20260617,532349,,Transport Corp,   932.2000,   939.7000,   926.0000,   927.5500,       1403,        153,             1307713
VSWS,B,20260617,532350,,Padmalaya Telefilms,     4.2900,     4.3200,     4.0000,     4.2600,      22862,         24,               97647
VSWS,B,20260617,532351,,Aksh Optifibre,     6.5500,     7.0000,     6.4000,     7.0000,     263594,        298,             1800828
VSWS,B,20260617,532354,,Virgo Global,     6.7200,     7.0400,     6.7000,     7.0400,    1153229,        141,             8099473
VSWS,B,20260617,532355,,Picturehouse Media,     8.0000,     8.0000,     8.0000,     8.0000,        306,          1,                2448
VSWS,B,20260617,532356,,Triveni Engineering,   406.6000,   407.9500,   398.7000,   405.9000,      20736,        469,             8367183
VSWS,B,20260617,532357,,Mukta Arts,    64.0000,    64.0000,    64.0000,    64.0000,        500,         27,               32000
VSWS,B,20260617,532359,,Hit Kit Global Solut,     2.6300,     2.6400,     2.5300,     2.5500,      78522,        131,              204198
VSWS,B,20260617,532362,,Nagpur Power & Ind,   138.0000,   154.5500,   138.0000,   143.4000,       1464,         35,              207931
VSWS,B,20260617,532365,,Dynacons Systems,  1288.6000,  1353.0000,  1288.6000,  1353.0000,      10250,        752,            13700109
VSWS,B,20260617,532366,,PNB Gilts,    89.2000,    93.5000,    88.8100,    92.1300,     185978,       1150,            17061509
VSWS,B,20260617,532368,,Brightcom Group,    10.5100,    10.5400,    10.2500,    10.3200,     734694,       1093,             7632268
VSWS,B,20260617,532369,,Ramco Industries,   291.8500,   297.7500,   288.7500,   297.2000,       6139,        272,             1797403
VSWS,B,20260617,532370,,Ramco Systems,   580.5000,   591.0000,   562.0500,   571.7000,      31449,       1929,            18207402
VSWS,B,20260617,532371,,Tata Teleservices M,    44.9100,    47.5000,    44.9100,    45.4600,    1048582,       4654,            48372063
VSWS,B,20260617,532372,,Virinchi,    17.8800,    17.8800,    16.9500,    17.2000,      16639,        138,              287116
VSWS,B,20260617,532373,,WEP Solutions Ltd,    24.7100,    25.3400,    24.7100,    24.9900,       4601,         44,              114643
VSWS,B,20260617,532374,,Sterlite Technologie,   612.3000,   635.0500,   605.0000,   615.6000,      68492,       1287,            42148960
VSWS,B,20260617,532375,,Tips Music,   640.3500,   649.9000,   638.2000,   642.1500,      14271,        527,             9201653
VSWS,B,20260617,532376,,Umiya Buildcon,    86.3000,    86.3900,    86.3000,    86.3800,         12,          2,                1036
VSWS,B,20260617,532378,,Universal Arts,     5.2100,     5.2500,     5.0700,     5.2500,       4892,          9,               25527
VSWS,B,20260617,532379,,First Fintec,     8.9800,     9.3300,     8.9800,     9.0400,      20866,         34,              193177
VSWS,B,20260617,532380,,Baba Arts,    15.5000,    16.2600,    14.1500,    14.2800,     162509,        300,             2466079
VSWS,B,20260617,532382,,Balaji Telefilms,    85.2700,    85.3900,    83.9000,    84.8500,       7207,        103,              607304
VSWS,B,20260617,532384,,Tyche Industries,   129.3000,   135.7000,   128.6000,   132.0000,      20430,        105,             2709412
VSWS,B,20260617,532386,,California Software,    21.9900,    23.0800,    21.1100,    23.0800,      33047,        123,              747460
VSWS,B,20260617,532387,,Pritish Nandy Commun,    21.5300,    22.7400,    20.6000,    20.7800,       7283,        199,              152013
VSWS,B,20260617,532388,,Indian Overseas Bank,    34.1400,    36.5000,    33.9000,    35.5700,    2065104,       5151,            73499976
VSWS,B,20260617,532390,,Taj GVK Hotels & Res,   332.1500,   334.0000,   330.6000,   333.0500,       7484,        223,             2485256
VSWS,B,20260617,532392,,Creative Eye,     6.6900,     6.7000,     6.3100,     6.4100,       1206,         17,                7729
VSWS,B,20260617,532395,,Axiscades Technologi,  1837.5000,  1919.3000,  1827.0500,  1919.3000,      10311,        902,            19417632
VSWS,B,20260617,532397,,Konndor Industries,    22.0500,    22.0500,    22.0400,    22.0500,        612,          5,               13493
VSWS,B,20260617,532398,,Usha Martin Educatio,     5.7100,     5.8200,     5.6300,     5.6700,        232,          8,                1321
VSWS,B,20260617,532400,,Birlasoft,   325.4000,   331.7500,   322.0500,   323.7000,      89263,       2651,            29176164
VSWS,B,20260617,532402,,USG Tech Solutions,    13.5300,    13.5300,    13.5300,    13.5300,       3331,          6,               45068
VSWS,B,20260617,532404,,Saven Technologies,    43.5000,    43.9900,    41.6500,    41.7400,      19770,        216,              836581
VSWS,B,20260617,532406,,Avantel,   169.2000,   175.6500,   168.4500,   174.8000,     133566,       1529,            23072743
VSWS,B,20260617,532407,,Moschip Technologies,   218.0500,   221.0500,   214.1000,   214.5000,     166931,       1758,            36173687
VSWS,B,20260617,532408,,Sigma Advanced Syste,   478.8500,   482.0000,   462.0000,   476.4000,      17284,        358,             8223984
VSWS,B,20260617,532410,,Transcorp Internat,    28.0000,    28.0000,    26.2500,    26.5900,       3522,         56,               94637
VSWS,B,20260617,532413,,Cerebra Integrated,     4.0500,     4.1300,     4.0000,     4.0000,       7686,         48,               31045
VSWS,B,20260617,532416,,Next Mediaworks,     3.9100,     4.1500,     3.9000,     4.0100,       2144,         10,                8870
VSWS,B,20260617,532419,,Smartlink Holdings,   165.0500,   165.4000,   165.0500,   165.4000,        115,          4,               19016
VSWS,B,20260617,532424,,Godrej Consumer Prod,  1042.0000,  1042.0000,  1015.5000,  1020.0500,     156375,       1408,           161444752
VSWS,B,20260617,532425,,Genus Prime Infra,    30.5000,    30.5000,    30.0000,    30.0000,        186,          6,                5622
VSWS,B,20260617,532430,,BF Utilities,   630.0000,   649.4500,   622.1500,   637.2500,       9710,        505,             6206698
VSWS,B,20260617,532432,,United Spirits,  1300.1500,  1309.7000,  1286.0500,  1307.4000,      29156,       1860,            37851767
VSWS,B,20260617,532435,,Sanmit Infra,    49.6700,    49.6700,    45.1000,    49.5800,      22345,        414,             1076099
VSWS,B,20260617,532439,,Olectra Greentech,  1275.0000,  1367.0000,  1272.0000,  1353.8000,     126811,       5833,           168312492
VSWS,B,20260617,532440,,MPS,  1818.7000,  1832.7500,  1806.5000,  1820.9000,        263,         82,              477509
VSWS,B,20260617,532443,,CERA Sanitaryware,  6208.1500,  6248.6000,  6133.1000,  6166.8500,        754,        178,             4659042
VSWS,B,20260617,532444,,T.Spiritual World,     1.8300,     1.8700,     1.7900,     1.8700,      24821,         24,               45500
VSWS,B,20260617,532454,,Bharti Airtel,  1853.0000,  1878.2500,  1841.4500,  1875.5000,     972230,      48053,          1809644989
VSWS,B,20260617,532455,,Shalimar Wires Indus,    17.9000,    17.9900,    17.7500,    17.7500,       3435,         20,               61600
VSWS,B,20260617,532456,,Compuage Infocom,     1.3400,     1.3400,     1.3100,     1.3200,       3738,         10,                4959
VSWS,B,20260617,532457,,Gulshan Polyols,   211.5500,   216.6500,   209.6000,   210.7500,      38605,        558,             8242508
VSWS,B,20260617,532460,,Ponni Sugars (Erode),   318.0500,   321.1500,   315.0000,   318.4500,        474,         28,              150856
VSWS,B,20260617,532461,,Punjab National Bank,   108.4500,   109.2000,   107.5000,   108.9000,     681678,       4130,            73979865
VSWS,B,20260617,532466,,Oracle Fin & Serv So,  9581.5500,  9604.6000,  9381.9500,  9436.9500,       6524,       1315,            61606572
VSWS,B,20260617,532467,,Hazoor Multi Project,    24.5500,    25.2600,    24.3000,    24.6100,     432119,        731,            10691722
VSWS,B,20260617,532468,,Kama Holdings,  2702.0000,  2702.0000,  2602.0000,  2605.9000,        461,         72,             1216728
VSWS,B,20260617,532475,,Aptech,   121.9500,   127.4500,   118.1000,   119.6000,      96241,       1920,            11799345
VSWS,B,20260617,532477,,Union Bank of India,   172.0000,   174.1000,   169.5000,   173.5000,     414080,       2643,            71225264
VSWS,B,20260617,532478,,United Breweries,  1338.0000,  1341.9500,  1331.0500,  1336.2000,       5784,        604,             7725598
VSWS,B,20260617,532481,,Noida Toll Bridge Co,     5.1000,     5.1000,     4.7400,     4.9500,      54318,        139,              259908
VSWS,B,20260617,532482,,Granules India,   752.8500,   759.1000,   736.8000,   741.1500,      47798,       1616,            35676760
VSWS,B,20260617,532483,,Canara Bank,   133.3500,   136.2000,   132.1000,   135.2000,    3108066,       5282,           419016101
VSWS,B,20260617,532485,,Balmer Lawrie Invest,    72.1900,    72.1900,    71.4200,    71.9800,      20960,        424,             1505709
VSWS,B,20260617,532486,,Pokarna,   908.0000,   928.0000,   901.0000,   905.4500,       6283,        300,             5752310
VSWS,B,20260617,532488,,Divi's Laboratories,  6766.3500,  6766.3500,  6641.0000,  6660.1000,       8331,        943,            55711692
VSWS,B,20260617,532493,,Astra Microwave Prod,  1484.4500,  1598.0000,  1480.5500,  1578.2500,     127618,       6241,           197931045
VSWS,B,20260617,532497,,Radico Khaitan,  3599.9000,  3621.7500,  3559.1500,  3570.8500,       7240,        946,            25899627
VSWS,B,20260617,532500,,Maruti Suzuki India, 13600.7000, 13741.8500, 13561.7000, 13631.5000,      13342,       4342,           182140747
VSWS,B,20260617,532503,,Rajapalayam Mills,   830.0500,   839.9500,   822.0000,   837.0000,        205,         26,              170008
VSWS,B,20260617,532504,,Navin Fluorine Int,  7459.0500,  7513.5000,  7311.8000,  7345.9500,      10706,       2368,            79448870
VSWS,B,20260617,532505,,Uco Bank,    26.4200,    30.0500,    26.3600,    28.2200,    5298746,       9441,           151716045
VSWS,B,20260617,532507,,BAG Films & Media,     5.1000,     5.2000,     5.0900,     5.1000,       1815,         31,                9260
VSWS,B,20260617,532508,,Jindal Stainless,   710.0500,   732.0000,   708.0500,   727.6000,      22772,       1055,            16472858
VSWS,B,20260617,532509,,Suprajit Engineering,   463.0000,   470.4500,   459.4500,   461.9000,      12470,        470,             5778342
VSWS,B,20260617,532513,,TVS Electronics,   466.5500,   495.0000,   458.0000,   482.3000,       7286,        369,             3486363
VSWS,B,20260617,532514,,Indraprastha Gas,   169.0500,   175.5500,   169.0500,   170.7500,     406498,       5815,            70056551
VSWS,B,20260617,532515,,TV Today Network,   101.2500,   107.7500,   101.2500,   106.2000,       8046,        131,              856691
VSWS,B,20260617,532521,,Palred Technologies,    50.1500,    50.1600,    50.1200,    50.1200,        202,          8,               10131
VSWS,B,20260617,532522,,Petronet LNG,   293.7500,   294.0000,   289.8000,   291.9500,      94581,       2890,            27615720
VSWS,B,20260617,532523,,Biocon,   421.3500,   421.3500,   406.5000,   411.7000,      47693,       1063,            19650811
VSWS,B,20260617,532524,,PTC India,   197.0500,   197.0500,   190.0500,   190.8000,      55597,       1509,            10646823
VSWS,B,20260617,532525,,Bank of Maharashtra,    87.1100,    91.0000,    87.1000,    90.2500,    3048513,       8852,           271189680
VSWS,B,20260617,532527,,Ramkrishna Forgings,   585.3500,   591.4000,   578.8000,   584.3500,      19311,        554,            11284908
VSWS,B,20260617,532528,,Datamatics Global Se,   798.1000,   822.2000,   790.2000,   805.6500,      12682,        656,            10307189
VSWS,B,20260617,532529,,New Delhi Television,    82.2000,    83.5000,    81.1600,    81.6400,      14933,        219,             1224901
VSWS,B,20260617,532531,,Strides Pharma Scien,  1102.0500,  1117.4500,  1101.3000,  1107.1000,       3617,        184,             4013324
VSWS,B,20260617,532538,,UltraTech Cement, 11390.0000, 11420.0000, 11318.9500, 11369.3500,     102136,       2792,          1161627120
VSWS,B,20260617,532539,,UNO Minda,  1104.2000,  1106.0000,  1078.7500,  1087.7500,      29480,       1738,            32189397
VSWS,B,20260617,532540,,Tata Consultancy Ser,  2200.6000,  2230.0000,  2200.6000,  2222.6000,      99644,       5889,           221227113
VSWS,B,20260617,532541,,Coforge,  1499.8000,  1499.8000,  1454.0000,  1465.4000,     263172,       9152,           387858887
VSWS,B,20260617,532543,,GP Petroleums,    40.8000,    40.8000,    39.5300,    40.5000,        883,         14,               35753
VSWS,B,20260617,532548,,Century Plyboards (I,   751.0000,   772.8000,   746.0000,   764.5000,       1424,        138,             1076027
VSWS,B,20260617,532553,,Welspun Enterprises,   552.0000,   556.4500,   547.7000,   548.9500,       7367,        184,             4059231
VSWS,B,20260617,532555,,N T P C,   355.6000,   356.0000,   352.2000,   355.4000,    1836871,       6195,           649426548
VSWS,B,20260617,532604,,S A L Steel,    57.5500,    60.7900,    56.8500,    57.9500,       6101,         69,              355548
VSWS,B,20260617,532605,,JBM Auto,   684.7000,   704.0000,   680.1000,   692.3000,     135007,       3952,            93648428
VSWS,B,20260617,532610,,Dwarikesh Sugar Indu,    45.4700,    45.4700,    43.7000,    43.8100,      43761,        246,             1925951
VSWS,B,20260617,532612,,Indoco Remedies,   234.1000,   239.2500,   228.9500,   231.3500,       8267,        282,             1926800
VSWS,B,20260617,532613,,VIP Clothing,    25.2500,    26.7500,    25.1500,    25.2500,       3285,         35,               85075
VSWS,B,20260617,532616,,XChanging Solutions,    64.1500,    65.4100,    63.3500,    63.8700,       5025,        142,              322348
VSWS,B,20260617,532621,,Morarjee Textiles,     9.8700,     9.8700,     8.9300,     9.8700,      22301,         41,              219726
VSWS,B,20260617,532624,,Jindal Photo,  1100.8000,  1125.7500,  1031.0000,  1114.5500,        495,         99,              543650
VSWS,B,20260617,532626,,Pondy Oxides & Chem,  1324.8500,  1351.8500,  1307.7500,  1333.8000,      13655,        833,            18221208
VSWS,B,20260617,532627,,Jaiprakash Power Ven,    17.7900,    18.4600,    17.6800,    18.1200,   10308133,      11083,           186047684
VSWS,B,20260617,532628,,3i Infotech,    16.5000,    17.7800,    16.5000,    17.4900,      28397,        220,              497987
VSWS,B,20260617,532630,,Gokaldas Exports,   714.0000,   738.8500,   705.0000,   729.1000,     230117,       1009,           163874045
VSWS,B,20260617,532633,,Alldigi Tech,   865.0000,   865.0000,   800.0000,   804.9000,        439,         84,              357048
VSWS,B,20260617,532636,,IIFL Finance,   533.6000,   536.9500,   526.8500,   530.9000,      78027,       2806,            41489590
VSWS,B,20260617,532637,,Mangalam Drugs & Org,    30.1800,    30.5500,    29.5800,    30.2700,       6082,         71,              184003
VSWS,B,20260617,532638,,Shoppers Stop,   370.0000,   375.0000,   357.3000,   359.3000,       4838,        202,             1748142
VSWS,B,20260617,532640,,Cyber Media (India),    16.9500,    17.6900,    16.8000,    17.0000,       1452,         17,               24586
VSWS,B,20260617,532641,,Nandan Denim,     2.6400,     2.6400,     2.5700,     2.5800,     167855,        260,              435931
VSWS,B,20260617,532642,,JSW Holdings, 12700.0000, 12816.9500, 12624.0000, 12738.1500,        131,         68,             1664571
VSWS,B,20260617,532644,,JK Cement,  5312.5500,  5450.0000,  5218.2500,  5433.8000,       3400,        815,            18293793
VSWS,B,20260617,532645,,Beeyu Overseas,     2.6700,     2.7800,     2.5300,     2.7000,       8970,         37,               24177
VSWS,B,20260617,532648,,Yes Bank,    23.9100,    25.4500,    23.9100,    25.1100,   37206462,      57378,           927817852
VSWS,B,20260617,532649,,Nectar Lifesciences,    12.2700,    12.2700,    11.5600,    12.0500,      12218,         36,              146417
VSWS,B,20260617,532650,,MSP Steel & Power,    42.3200,    42.7100,    41.7800,    41.9900,     189449,        896,             7974409
VSWS,B,20260617,532651,,SPL Industries,    37.0000,    37.0000,    30.4600,    30.9300,       4283,         14,              132564
VSWS,B,20260617,532652,,Karnataka Bank,   280.7500,   280.7500,   275.4500,   276.9500,      39677,        674,            11024091
VSWS,B,20260617,532654,,Mcleod Russel India,    67.9200,    67.9200,    67.5000,    67.8000,      91750,         43,             6227162
VSWS,B,20260617,532656,,Facor Alloys,     3.4700,     3.6500,     3.3700,     3.5200,     482294,        667,             1721093
VSWS,B,20260617,532660,,Vivimed Labs,     6.2100,     6.2900,     6.0400,     6.0600,      13282,         45,               80903
VSWS,B,20260617,532661,,Rane (Madras),   985.0500,   987.3500,   968.5500,   978.1500,       3647,        272,             3570131
VSWS,B,20260617,532662,,HT Media,    22.4000,    22.7700,    22.3200,    22.7700,       1634,          9,               36925
VSWS,B,20260617,532663,,Sasken Technologies,  2160.0000,  2411.3500,  2160.0000,  2411.3500,      15935,        716,            38096551
VSWS,B,20260617,532666,,FCS Software Solutio,     1.5600,     1.5600,     1.5600,     1.5600,     113148,        125,              176510
VSWS,B,20260617,532667,,Suzlon Energy,    58.4000,    59.4800,    57.3000,    59.2600,   12840181,      28038,           751035467
VSWS,B,20260617,532668,,Aurionpro Solutions,   868.2000,   884.9000,   866.6000,   876.4000,      14111,       1065,            12375785
VSWS,B,20260617,532670,,Shree Renuka Sugars,    23.8600,    23.8600,    23.1000,    23.1800,     574207,       1093,            13356133
VSWS,B,20260617,532673,,K M Sugar Mills,    26.2700,    27.0100,    26.2700,    26.8800,       7156,         96,              191532
VSWS,B,20260617,532674,,Bannari Amman Spg Mi,    26.4900,    26.4900,    24.7500,    24.8700,       7235,        117,              182824
VSWS,B,20260617,532676,,PBA Infrastructure,     9.8500,    11.5000,     9.8500,    10.9000,      24266,        114,              265348
VSWS,B,20260617,532683,,AIA Engineering,  4543.1000,  4574.0000,  4441.2000,  4509.6500,      20035,        889,            89777261
VSWS,B,20260617,532684,,Everest Kanto Cylind,   112.3000,   112.9000,   110.5500,   111.7500,       7734,        171,              864103
VSWS,B,20260617,532686,,Kernex Microsystems,  2055.7000,  2128.8500,  2051.1500,  2102.5500,      22472,       2138,            46834926
VSWS,B,20260617,532687,,Repro India,   362.0500,   374.5000,   361.2000,   368.3500,       1159,        103,              424867
VSWS,B,20260617,532689,,PVR Inox,   960.2000,   968.0000,   949.5500,   960.6000,      16373,        964,            15701140
VSWS,B,20260617,532694,,Avio Smart Market St,     8.3700,     8.4800,     7.9800,     8.0600,      89715,        415,              729769
VSWS,B,20260617,532695,,Celebrity Fashions,     7.5000,     7.5000,     7.3400,     7.3400,       3780,         26,               27821
VSWS,B,20260617,532698,,Nitin Spinners,   551.0000,   552.2500,   543.7000,   545.1000,       2583,        101,             1415146
VSWS,B,20260617,532699,,Royal Orchid Hotels,   332.0000,   335.3000,   331.8000,   333.8500,       1554,        126,              519063
VSWS,B,20260617,532700,,Entertainment Networ,   110.9000,   111.4000,   108.0500,   109.7000,        730,         28,               80082
VSWS,B,20260617,532701,,Cella Space,    19.2000,    21.1600,    19.2000,    19.5200,      41524,        192,              857217
VSWS,B,20260617,532705,,Jagran Prakashan,    64.9600,    65.7000,    64.5500,    65.4800,      15586,        222,             1014443
VSWS,B,20260617,532707,,Dynemic Products,   231.2500,   234.0500,   228.3000,   228.7500,       2721,        180,              626890
VSWS,B,20260617,532708,,GVK Power & Infra,     2.8200,     2.8200,     2.7700,     2.7900,     323008,        390,              898165
VSWS,B,20260617,532710,,Sadbhav Engineering,     9.2400,     9.3900,     8.8500,     9.1900,      38582,         98,              353073
VSWS,B,20260617,532712,,Reliance Communicati,     0.9700,     0.9700,     0.9400,     0.9600,     177352,        213,              168796
VSWS,B,20260617,532713,,Sakuma Exports,     1.9000,     1.9400,     1.9000,     1.9200,     202960,        199,              390584
VSWS,B,20260617,532714,,KEC International,   531.2500,   531.2500,   517.0000,   518.4500,      76237,       1407,            39767512
VSWS,B,20260617,532716,,Gillanders Arbuthnot,    90.3500,    91.7000,    90.3500,    91.0000,        275,          4,               25002
VSWS,B,20260617,532717,,Indo Tech Transforme,  2688.0000,  2688.0000,  2580.0000,  2593.3000,       2043,        185,             5322768
VSWS,B,20260617,532719,,B L Kashyap & Sons,    55.0000,    55.0000,    53.8000,    53.8700,      11713,        202,              632427
VSWS,B,20260617,532720,,Mahindra & Mah Fin S,   299.9500,   299.9500,   295.3000,   297.3000,      43390,        768,            12877619
VSWS,B,20260617,532721,,VISA Chrome,    40.8800,    42.9000,    40.2200,    42.8700,       1903,         17,               79542
VSWS,B,20260617,532722,,Nitco,    95.6400,    97.0000,    93.8100,    96.1200,      35963,        430,             3433873
VSWS,B,20260617,532723,,MPDL,    33.4400,    33.9900,    32.0000,    32.0000,         25,          8,                 813
VSWS,B,20260617,532725,,Solar Industries, 16900.8000, 17612.5500, 16866.2000, 17471.9000,      12109,       1230,           209706502
VSWS,B,20260617,532726,,Gallantt Ispat,   689.9500,   712.5000,   678.0500,   712.5000,      11027,        400,             7808582
VSWS,B,20260617,532728,,Malu Paper Mills,    32.7500,    32.9500,    32.2500,    32.2900,        257,          8,                8356
VSWS,B,20260617,532729,,Uttam Sugar Mills,   237.1500,   240.5500,   234.1000,   239.3000,       1917,         86,              454084
VSWS,B,20260617,532730,,STL Global,    10.9000,    10.9000,    10.6200,    10.6300,       7166,        107,               76948
VSWS,B,20260617,532732,,Kewal Kiran Clothing,   485.0000,   490.0000,   470.9500,   486.5000,       1366,        126,              656127
VSWS,B,20260617,532733,,Sun TV Network,   519.9500,   525.9500,   517.8000,   519.3500,       9687,        396,             5060983
VSWS,B,20260617,532734,,Godawari Power & Isp,   277.0000,   278.5000,   270.8500,   272.3500,     194194,       2556,            53121140
VSWS,B,20260617,532735,,R Systems Internatio,   267.1500,   277.6000,   265.2000,   267.6500,      29520,        537,             8019380
VSWS,B,20260617,532737,,Emkay Global & Fin,   292.2500,   297.7000,   289.1000,   291.1500,       5123,        197,             1500468
VSWS,B,20260617,532738,,Twamev Construction,    20.3400,    20.6300,    20.2300,    20.3800,      36673,         78,              751497
VSWS,B,20260617,532740,,Lokesh Machines,   271.0000,   277.0000,   266.3000,   273.3000,        710,         26,              193606
VSWS,B,20260617,532741,,Kamdhenu,    31.5000,    31.5000,    30.2500,    30.3400,      71676,        205,             2200772
VSWS,B,20260617,532742,,Paushak,   469.8500,   469.9000,   459.1000,   463.2000,        602,        108,              280419
VSWS,B,20260617,532744,,GTN Textiles,     8.6100,     8.6100,     8.0000,     8.6100,       4271,         15,               35211
VSWS,B,20260617,532748,,Prime Focus,   246.1000,   246.1000,   245.8500,   246.1000,      72623,        304,            17872477
VSWS,B,20260617,532749,,Allcargo Logistics,     9.1500,     9.1600,     8.9900,     9.0400,     204429,        473,             1854347
VSWS,B,20260617,532754,,GMR Airports,   108.1000,   109.5500,   107.1000,   109.2500,     816560,       2283,            88769458
VSWS,B,20260617,532755,,Tech Mahindra,  1458.6500,  1476.9500,  1454.1000,  1462.0000,      73784,       2527,           108074864
VSWS,B,20260617,532756,,CIE Automotive India,   468.1000,   472.0000,   456.3000,   456.9500,      18393,        909,             8500819
VSWS,B,20260617,532757,,Voltamp Transformers, 10013.5000, 10101.5000,  9964.0000, 10074.2000,       1704,        381,            17130712
VSWS,B,20260617,532759,,Atlantaa,    41.0000,    42.0000,    41.0000,    41.2500,       3625,        156,              151066
VSWS,B,20260617,532761,,HandsOn Global Manag,    53.0000,    54.7000,    51.0000,    54.5000,       1582,         30,               82581
VSWS,B,20260617,532762,,Action Construction,   931.5500,   965.8000,   931.5500,   962.1000,      87997,       4041,            84317429
VSWS,B,20260617,532764,,GeeCee Ventures,   321.0000,   344.4500,   318.0000,   335.7500,       2285,        134,              764888
VSWS,B,20260617,532767,,Gayatri Projects,    25.2900,    25.3100,    23.5200,    25.1900,     586944,        583,            14824617
VSWS,B,20260617,532768,,Fiem Industries,  2358.0000,  2365.2500,  2300.0000,  2307.5000,       2708,        372,             6301581
VSWS,B,20260617,532771,,JHS Svendgaard Labor,     8.0200,     8.2700,     7.9000,     8.2400,       8247,        103,               66284
VSWS,B,20260617,532772,,DCB Bank,   187.0000,   187.0000,   183.0000,   185.2500,      52917,        788,             9777109
VSWS,B,20260617,532773,,Global Vectra Helico,   154.5000,   162.8000,   154.5000,   161.9000,        543,         31,               86738
VSWS,B,20260617,532774,,Inspirisys Solutions,   117.5000,   117.5000,   107.5500,   113.1000,        963,         27,              106670
VSWS,B,20260617,532775,,GTL Infrastructure,     1.5300,     1.5500,     1.5000,     1.5300,    6568751,      12933,            10024792
VSWS,B,20260617,532776,,Shivam Autotech,    17.1800,    17.1800,    16.4100,    16.6800,       4302,         26,               72666
VSWS,B,20260617,532777,,Info Edge (India),  1008.7500,  1026.8000,  1003.7000,  1016.3000,     217774,       3136,           221973780
VSWS,B,20260617,532779,,Torrent Power,  1406.7500,  1426.0000,  1395.1000,  1407.2000,     116113,       1248,           162669774
VSWS,B,20260617,532780,,Parsvnath Developers,     3.1300,     3.1300,     3.1300,     3.1300,      36332,         63,              113719
VSWS,B,20260617,532782,,Sutlej Textiles and,    38.5500,    38.9000,    37.1500,    37.8800,       7145,         67,              274054
VSWS,B,20260617,532783,,LT Foods,   383.0500,   384.0000,   378.3000,   382.1000,      38933,       1557,            14835702
VSWS,B,20260617,532784,,Sobha,  1397.5500,  1418.0000,  1392.3000,  1414.4000,       6898,        447,             9701498
VSWS,B,20260617,532785,,Ruchira Papers,   108.8500,   111.0000,   108.0000,   110.7000,       3213,         66,              353543
VSWS,B,20260617,532790,,Tanla Platforms,   529.1500,   541.9000,   526.0000,   528.7500,      17241,        581,             9205655
VSWS,B,20260617,532794,,Zee Media Corp,     8.6200,     8.6200,     8.3300,     8.3900,      52906,        156,              443801
VSWS,B,20260617,532795,,Siti Networks,     0.4900,     0.4900,     0.4900,     0.4900,       4074,          9,                1996
VSWS,B,20260617,532796,,Lumax Auto Technolog,  1618.1000,  1661.0000,  1617.8000,  1651.4000,      14237,       1051,            23400378
VSWS,B,20260617,532797,,Autoline Industries,    79.2000,    81.5000,    77.6200,    80.9300,      25858,         87,             2052144
VSWS,B,20260617,532798,,Network 18 Media,    33.8000,    35.0500,    33.4300,    34.2000,     541811,       2117,            18604078
VSWS,B,20260617,532799,,Hubtown,   204.0500,   205.2000,   195.0000,   196.2000,      14085,        290,             2795050
VSWS,B,20260617,532801,,Cambridge Tech Enter,    31.9900,    32.4000,    31.1800,    31.5200,        436,         26,               13916
VSWS,B,20260617,532804,,Technocraft Industri,  2557.9500,  2557.9500,  2499.5000,  2508.0500,        343,        104,              861226
VSWS,B,20260617,532805,,Redington,   245.5000,   254.8000,   244.2000,   248.8500,     319355,       5810,            79721665
VSWS,B,20260617,532806,,AI Champdany Industr,    38.5000,    38.5000,    37.9000,    38.4000,      14944,         49,              572649
VSWS,B,20260617,532807,,Cineline India,    80.0000,    83.0000,    79.6300,    83.0000,       1228,         59,              100333
VSWS,B,20260617,532808,,Pearl Global Industr,  1665.9500,  1679.9500,  1653.1500,  1662.0000,       1702,        253,             2835470
VSWS,B,20260617,532809,,Firstsource Solution,   244.5500,   246.7500,   242.7000,   243.8000,      73188,       1316,            17895215
VSWS,B,20260617,532810,,Power Finance Corpor,   428.0500,   433.4000,   425.1000,   432.3500,     223549,       4896,            95787308
VSWS,B,20260617,532811,,Ahluwalia Contracts,   842.5500,   843.0000,   830.7500,   840.1500,       2191,        250,             1836309
VSWS,B,20260617,532812,,Transwarranty Financ,    12.5000,    13.8400,    12.5000,    12.8100,       7214,         78,               96125
VSWS,B,20260617,532814,,Indian Bank,   863.9500,   878.5000,   853.7000,   876.3500,      56926,       2018,            49554148
VSWS,B,20260617,532815,,SMS Pharmaceuticals,   377.9000,   381.5500,   372.6500,   376.8000,       7031,        193,             2651137
VSWS,B,20260617,532817,,Oriental Trimex,     6.2300,     6.4800,     6.1700,     6.3200,       5456,         52,               34588
VSWS,B,20260617,532820,,E-Land Apparel,    14.2500,    14.4800,    13.2000,    13.2900,       2743,         38,               37695
VSWS,B,20260617,532822,,Vodafone Idea,    14.5700,    15.0400,    14.4500,    14.9200,   38028513,     273891,           562810850
VSWS,B,20260617,532825,,Jagjanani Textiles,     4.8700,     4.8700,     4.6400,     4.8000,        843,         19,                4076
VSWS,B,20260617,532826,,Raj Television Netwo,    12.5800,    12.6700,    12.1800,    12.4200,       8757,         28,              109472
VSWS,B,20260617,532827,,Page Industries, 39072.0000, 39475.0000, 39030.0000, 39275.3500,        415,        239,            16302059
VSWS,B,20260617,532828,,AMD Industries,    46.3100,    47.0000,    46.1100,    46.5500,       1580,         47,               73904
VSWS,B,20260617,532829,,Lehar Footwears,   248.1500,   265.0000,   247.0000,   253.6000,      26436,        551,             6706176
VSWS,B,20260617,532830,,Astral,  1560.0000,  1574.4000,  1538.6500,  1567.8000,      32282,        945,            50267708
VSWS,B,20260617,532832,,Embassy Developments,    65.7600,    66.2200,    63.6400,    64.1400,     236119,       1639,            15288909
VSWS,B,20260617,532834,,Camlin Fine Sciences,   139.8000,   143.2000,   137.5000,   140.0500,     132054,        999,            18513145
VSWS,B,20260617,532835,,ICRA,  5289.9000,  5289.9000,  5151.1000,  5162.2000,         73,         35,              378258
VSWS,B,20260617,532839,,Dish TV India,     3.1200,     3.2000,     3.0600,     3.1300,     141286,        332,              437514
VSWS,B,20260617,532841,,Sahyadri Industries,   273.5500,   282.0000,   271.6000,   281.3000,       1609,        132,              446387
VSWS,B,20260617,532842,,Sree Rayalaseema Hi-,   502.0000,   522.7500,   481.0000,   486.1000,       1356,        203,              661282
VSWS,B,20260617,532843,,Fortis Healthcare,   976.0500,   976.0500,   943.0000,   949.8500,      24711,       1235,            23508913
VSWS,B,20260617,532845,,TGB Banquets & Hotel,     8.9400,     9.0500,     8.9400,     8.9600,        451,          8,                4043
VSWS,B,20260617,532847,,Hilton Metal Forging,    21.4000,    21.7800,    21.2700,    21.7800,      42979,        138,              933025
VSWS,B,20260617,532848,,Delta Corp,    65.7800,    66.8000,    65.5800,    65.9400,     120269,        817,             7961425
VSWS,B,20260617,532850,,MIC Electronics,    43.0900,    43.5700,    43.0000,    43.1600,      35850,        236,             1549866
VSWS,B,20260617,532851,,Insecticides (India),   714.1000,   718.8500,   708.1000,   712.8500,        434,        137,              309787
VSWS,B,20260617,532853,,Asahi Songwon Colors,   252.7500,   256.2500,   252.7500,   256.0000,        523,         56,              133075
VSWS,B,20260617,532855,,Haryana Capfin,   143.4000,   143.4000,   141.6000,   141.7000,         68,         41,                9646
VSWS,B,20260617,532856,,Time Technoplast,   179.3000,   181.6500,   178.5000,   179.2500,      50326,        811,             9036637
VSWS,B,20260617,532859,,Hinduja Global Solu,   429.8000,   432.1000,   423.2000,   424.7500,       1460,        250,              623387
VSWS,B,20260617,532864,,Nelcast,   139.0500,   139.0500,   137.2500,   138.0500,      11365,        178,             1567084
VSWS,B,20260617,532867,,V2 Retail,   231.6000,   237.4000,   229.0000,   229.7500,      64832,        840,            15115324
VSWS,B,20260617,532868,,DLF,   632.7500,   639.0000,   618.3000,   623.5000,     131693,       3279,            82297924
VSWS,B,20260617,532869,,Tarmat,    50.5100,    52.8300,    50.5000,    52.4600,       4002,         50,              209280
VSWS,B,20260617,532870,,Ankit Metal & Power,     1.5500,     1.5500,     1.4800,     1.5500,      19013,         14,               28503
VSWS,B,20260617,532872,,Sun Pharma Adv Resr,   238.4000,   243.6500,   236.1500,   239.4000,     248453,       3561,            59605234
VSWS,B,20260617,532873,,Housing Dev & Infra,     1.8700,     1.9100,     1.8100,     1.8300,      67918,         97,              125653
VSWS,B,20260617,532875,,Allied Digital Servi,   122.8000,   125.6000,   121.8000,   122.9000,      22055,        701,             2714714
VSWS,B,20260617,532878,,Alpa Laboratories,    66.2000,    71.0000,    66.2000,    69.6600,         22,         10,                1486
VSWS,B,20260617,532880,,Omaxe,    78.7900,    80.0000,    77.0000,    77.2700,      26126,        242,             2033473
VSWS,B,20260617,532884,,Refex Industries,   320.3000,   327.9500,   319.7500,   322.8000,      35043,        560,            11318190
VSWS,B,20260617,532885,,Central Bank of Indi,    32.1100,    34.4700,    31.8400,    33.9000,    3104438,       5689,           103712119
VSWS,B,20260617,532886,,SEL Manufacturing Co,    29.8700,    30.8900,    29.5000,    29.6900,       1668,         23,               50266
VSWS,B,20260617,532888,,Asian Granito India,    57.8500,    60.2200,    57.8500,    59.1900,      37250,        298,             2213033
VSWS,B,20260617,532889,,K P R Mill,  1051.3000,  1065.9000,  1038.0000,  1042.3500,       4562,        552,             4783412
VSWS,B,20260617,532890,,Take Solutions,    30.3000,    30.3000,    29.5000,    29.8900,      28964,       2517,              860641
VSWS,B,20260617,532891,,Puravankara,   214.9500,   221.0000,   214.9500,   217.2000,      12102,        321,             2645204
VSWS,B,20260617,532892,,Motilal Oswal Financ,   944.1000,   959.9000,   940.7000,   943.4500,      52930,       1639,            50405032
VSWS,B,20260617,532893,,VTM,    57.1700,    58.7200,    57.1700,    58.5100,      30148,        149,             1758271
VSWS,B,20260617,532894,,Indowind Energy,     9.0700,     9.5500,     9.0700,     9.2600,      20837,        110,              195464
VSWS,B,20260617,532895,,Nagreeka Capital & I,    27.7000,    30.3900,    27.7000,    28.0900,        141,         11,                3977
VSWS,B,20260617,532896,,Magnum Ventures,    20.6300,    20.6300,    19.4200,    20.6200,       1327,         17,               26564
VSWS,B,20260617,532898,,Power Grid Corp of I,   286.0000,   286.8000,   283.3000,   286.3500,     540612,       6572,           153886484
VSWS,B,20260617,532899,,Kaveri Seed Company,   868.0500,   868.0500,   844.4500,   861.5500,       3527,        246,             3016253
VSWS,B,20260617,532900,,Paisalo Digital,    59.5700,    60.4400,    58.1000,    58.2600,     239932,        962,            14290906
VSWS,B,20260617,532902,,Consolidated Const C,    15.1000,    15.1600,    14.8500,    14.8700,      25199,         95,              376808
VSWS,B,20260617,532904,,Supreme Infrastructu,    87.9000,    87.9000,    75.7600,    77.5200,       4722,         64,              364181
VSWS,B,20260617,532906,,Maan Aluminium,   127.0000,   130.4500,   127.0000,   127.4000,       6140,        196,              787506
VSWS,B,20260617,532907,,IL&FS Eng & Const Co,    29.1400,    30.0000,    29.1400,    29.6000,       6606,         12,              197366
VSWS,B,20260617,532911,,Parle Industries,    12.2500,    12.2500,    12.2500,    12.2500,    1360371,       2650,            16664544
VSWS,B,20260617,532915,,Religare Enterprises,   239.7000,   250.9500,   239.7000,   246.6000,      40149,        701,             9966202
VSWS,B,20260617,532916,,Barak Valley Cements,    41.9100,    44.0000,    41.6800,    42.3700,       6273,         43,              272843
VSWS,B,20260617,532918,,Rathi Bars,    20.3600,    21.0800,    20.3000,    21.0300,       7578,         51,              155385
VSWS,B,20260617,532921,,Adani Ports & Specia,  1836.4500,  1836.4500,  1807.5000,  1828.1000,      69491,       3271,           126497801
VSWS,B,20260617,532922,,Edelweiss Financial,   121.1500,   124.5000,   119.3500,   120.4500,     284819,       2374,            34699329
VSWS,B,20260617,532923,,Renaissance Global,   116.9500,   119.8000,   109.2500,   110.0500,     195835,       1526,            22541451
VSWS,B,20260617,532924,,Kolte-Patil Develope,   377.7500,   377.7500,   370.4000,   373.7500,       1743,         87,              649492
VSWS,B,20260617,532926,,Jyothy Labs,   205.3500,   209.8000,   203.5500,   204.7000,      83332,       2146,            17182233
VSWS,B,20260617,532927,,eClerx Services,  1436.6000,  1470.6500,  1425.9000,  1453.7500,      14153,       1040,            20478654
VSWS,B,20260617,532928,,Transformers & Recti,   326.6500,   333.0000,   323.6000,   325.8500,     299725,       4237,            98350548
VSWS,B,20260617,532929,,Brigade Enterprises,   572.9000,   595.0500,   557.8500,   565.9500,     402106,      10583,           230952225
VSWS,B,20260617,532930,,BGR Energy Systems,   325.5500,   338.0000,   322.0000,   328.9000,       9682,        130,             3175045
VSWS,B,20260617,532932,,Manaksia,    60.5000,    61.0000,    59.5900,    60.8200,       1552,         66,               93865
VSWS,B,20260617,532933,,Porwal Auto Componen,    51.3000,    51.3000,    48.8500,    49.2000,       6124,         70,              303285
VSWS,B,20260617,532934,,PPAP Automotive,   228.0000,   248.0000,   228.0000,   241.1000,       2226,        228,              540415
VSWS,B,20260617,532935,,Aries Agro,   341.7000,   341.9000,   335.0000,   337.0500,       2234,        147,              754506
VSWS,B,20260617,532937,,Kuantum Papers,    76.7000,    76.7600,    75.0000,    75.8100,       3903,        167,              295960
VSWS,B,20260617,532939,,Reliance Power,    27.1800,    27.3300,    26.7000,    26.8600,    2878913,       6204,            77782792
VSWS,B,20260617,532940,,J Kumar Infraproject,   489.5000,   494.0000,   487.4500,   492.6000,        922,         86,              453079
VSWS,B,20260617,532941,,Cords Cable Industri,   217.0000,   222.1000,   214.1500,   217.2500,       2887,         47,              628936
VSWS,B,20260617,532942,,KNR Constructions,   129.8500,   132.9000,   129.4500,   131.6500,     143053,       1214,            18812449
VSWS,B,20260617,532944,,OnMobile Global,    53.0000,    54.0000,    51.6100,    52.7500,      88521,        507,             4658976
VSWS,B,20260617,532945,,SEPC Ltd,     7.1100,     7.4700,     6.9600,     7.2900,    3050101,       1291,            21957647
VSWS,B,20260617,532946,,Bang Overseas,    33.5000,    33.7000,    28.8000,    29.2600,      37469,        390,             1128827
VSWS,B,20260617,532947,,IRB Infra Developers,    21.3100,    21.5700,    21.1500,    21.3500,    1220362,       2228,            26063443
VSWS,B,20260617,532951,,GSS Infotech,    12.4000,    12.9800,    12.4000,    12.9800,       5195,         29,               65861
VSWS,B,20260617,532952,,Nahar Capital and Fi,   254.0000,   254.0000,   252.0500,   252.0500,        286,         72,               72534
VSWS,B,20260617,532953,,V-Guard Industries,   309.5000,   310.2500,   304.6000,   305.5000,      19452,        561,             5972225
VSWS,B,20260617,532955,,REC,   357.9500,   360.0000,   354.4000,   359.0500,     109625,       2339,            39220692
VSWS,B,20260617,532957,,Gokak Textiles,    65.9500,    66.0700,    62.9000,    66.0700,       5407,         81,              352325
VSWS,B,20260617,532966,,Titagarh Rail System,   895.0000,   922.8000,   884.0000,   920.0500,     277876,      11028,           252595070
VSWS,B,20260617,532967,,Kiri Industries,   394.9500,   401.9000,   389.0000,   393.7500,      16508,        304,             6489721
VSWS,B,20260617,532974,,Aditya Birla Money,   136.9000,   145.8500,   136.7000,   144.9500,      19911,        539,             2836762
VSWS,B,20260617,532975,,Telogica,     9.7900,     9.9500,     9.5000,     9.6300,      21155,         63,              204342
VSWS,B,20260617,532976,,Jai Balaji Industrie,    68.0000,    68.4900,    66.2400,    67.1300,       8016,         65,              539379
VSWS,B,20260617,532977,,Bajaj Auto,  9991.6500, 10073.0000,  9931.3000, 10037.4500,      10796,       3172,           107833578
VSWS,B,20260617,532978,,Bajaj Finserv,  1798.4500,  1798.4500,  1752.5000,  1764.7500,      23683,       2024,            41936293
VSWS,B,20260617,532980,,Gokul Refoils & Sol,    41.3400,    43.3000,    41.3400,    42.3900,       8302,        204,              351897
VSWS,B,20260617,532983,,RPG Life Sciences,  2290.0000,  2325.7000,  2290.0000,  2304.6500,        641,        121,             1477242
VSWS,B,20260617,532985,,Kotak S&P BSE Sx ETF,    84.9800,    84.9800,    83.3000,    84.0300,       6720,         92,              565376
VSWS,B,20260617,532986,,Niraj Cement Structu,    30.9700,    30.9700,    30.9700,    30.9700,       1500,          1,               46455
VSWS,B,20260617,532989,,Bafna Pharmaceutical,   145.1000,   157.6000,   145.1000,   157.6000,       5300,         37,              798292
VSWS,B,20260617,532992,,CHL,    29.0200,    29.4900,    28.0100,    28.7800,       1508,         12,               43585
VSWS,B,20260617,532993,,Sejal Glass,   755.8000,   755.8500,   755.8000,   755.8500,        963,         14,              727858
VSWS,B,20260617,532994,,Archidply Industries,    82.3800,    84.0000,    82.3800,    83.9900,        232,         30,               19273
VSWS,B,20260617,532998,,Lotus Eye Hosp & Ins,   139.9500,   141.3500,   133.2500,   136.1000,       4125,         74,              566287
VSWS,B,20260617,533001,,Somi Conveyor Beltin,    98.9000,   100.7000,    98.9000,   100.7000,         20,          3,                2000
VSWS,B,20260617,533007,,LGB Forge,     5.6200,     5.6200,     5.2300,     5.2800,     553277,        616,             2929473
VSWS,B,20260617,533012,,Landmark Property De,     6.2200,     7.1100,     6.2200,     7.0300,       3629,         34,               24980
VSWS,B,20260617,533014,,Sicagen India,    55.0000,    55.0000,    53.7500,    54.5000,       4814,        119,              262326
VSWS,B,20260617,533018,,Simplex Mills Compan,  5415.0000,  5415.0000,  5415.0000,  5415.0000,          1,          1,                5415
VSWS,B,20260617,533022,,20 Microns,   186.0000,   186.6000,   183.6500,   185.3500,      22472,        317,             4164444
VSWS,B,20260617,533023,,ZF Comm Vehicle Cont, 14999.0000, 15275.8000, 14964.9500, 15112.7000,        650,        308,             9827484
VSWS,B,20260617,533029,,Alkali Metals,    88.0000,    88.0000,    84.0000,    84.3500,        427,         16,               36182
VSWS,B,20260617,533033,,ISGEC Heavy Engineer,   924.8000,   931.9500,   903.8000,   921.1500,       3011,        340,             2762772
VSWS,B,20260617,533047,,Indian Metals & Ferr,  1432.3500,  1450.0500,  1422.7000,  1443.8000,       2943,        266,             4243095
VSWS,B,20260617,533048,,Teamo Productions HQ,     0.4800,     0.5000,     0.4800,     0.5000,     112367,        109,               55393
VSWS,B,20260617,533056,,Vedavaag Systems,    20.9900,    21.9900,    20.5700,    21.0200,      59570,        496,             1258930
VSWS,B,20260617,533080,,Mold-Tek Packaging,   695.5000,   707.2500,   687.9500,   695.5500,       5541,        362,             3854662
VSWS,B,20260617,533088,,Mahindra Holidays &,   234.3500,   236.0000,   230.0000,   230.9000,       9642,        311,             2241926
VSWS,B,20260617,533090,,Landsmill Green,     0.8600,     0.8800,     0.8500,     0.8600,     518352,        182,              443141
VSWS,B,20260617,533093,,Raj Oil Mills,    45.1800,    46.5200,    45.0000,    45.1200,        676,         33,               30661
VSWS,B,20260617,533095,,Bengal & Assam Co,  6409.5000,  6499.9000,  6305.0000,  6371.1000,        156,         34,              995685
VSWS,B,20260617,533096,,Adani Power,   222.8500,   222.8500,   219.7000,   220.3500,    1091685,       9483,           240742369
VSWS,B,20260617,533098,,NHPC,    74.9900,    75.1700,    74.1600,    74.4400,     571840,       5351,            42647039
VSWS,B,20260617,533100,,Premier Energy & Inf,     6.8500,     7.3900,     6.7200,     7.3500,      60911,         65,              427105
VSWS,B,20260617,533101,,Suryaamba Spinning,   114.5000,   128.9500,   114.0000,   119.2500,         91,         10,               11183
VSWS,B,20260617,533104,,Globus Spirits,   860.7000,   873.9500,   860.5500,   870.7500,       2790,        207,             2420020
VSWS,B,20260617,533106,,Oil India,   418.8000,   419.0000,   411.5500,   417.0000,     234507,       4112,            97234437
VSWS,B,20260617,533107,,Swan Defence And Hea,  1977.8000,  2065.9500,  1911.0000,  2055.9500,       1198,        131,             2372303
VSWS,B,20260617,533108,,Bhilwara Technical T,    35.0000,    35.9900,    35.0000,    35.9900,       1178,         18,               41370
VSWS,B,20260617,533110,,Shree Precoated Stee,    14.3300,    15.0400,    14.0000,    15.0400,       9312,         14,              139575
VSWS,B,20260617,533121,,Expleo Solutions,   839.8000,   839.8000,   820.9000,   832.4000,        931,        127,              771567
VSWS,B,20260617,533122,,RattanIndia Power,     9.4900,     9.5000,     9.3100,     9.3600,    1793515,       4457,            16841105
VSWS,B,20260617,533137,,Den Networks,    29.5200,    29.6800,    28.8300,    28.9700,      95453,        517,             2790501
VSWS,B,20260617,533138,,Astec Lifesciences,   808.5500,   808.5500,   785.1500,   788.2500,       1592,        139,             1265820
VSWS,B,20260617,533146,,D-Link (India),   510.5500,   514.7000,   507.6000,   510.5000,       5496,        221,             2803509
VSWS,B,20260617,533148,,JSW Energy,   565.0000,   573.1500,   555.8000,   571.8500,      60412,       1921,            34014038
VSWS,B,20260617,533149,,Yunik Managing Advis,     7.3500,     7.3500,     7.3500,     7.3500,        522,          3,                3836
VSWS,B,20260617,533150,,Godrej Properties,  1770.0000,  1793.1500,  1737.7500,  1787.7000,      33972,       1650,            60254225
VSWS,B,20260617,533151,,D B Corp,   206.4000,   207.1500,   204.5000,   204.5500,       2997,        141,              616209
VSWS,B,20260617,533152,,MBL Infrastructure,    26.7500,    27.4000,    26.2000,    26.8200,       4911,         21,              131169
VSWS,B,20260617,533155,,Jubilant FoodWorks,   424.0000,   426.4000,   419.6000,   423.0000,      65777,       1024,            27870795
VSWS,B,20260617,533156,,Vascon Engineers,    36.0100,    37.2000,    35.5100,    36.3900,      51168,        286,             1860598
VSWS,B,20260617,533158,,Thangamayil Jeweller,  5535.0000,  5683.2000,  5474.2000,  5633.1000,       2940,        662,            16388291
VSWS,B,20260617,533160,,Valor Estate,   115.4500,   118.0000,   115.0000,   115.4500,      14676,        118,             1707340
VSWS,B,20260617,533161,,Emmbi Industries,    90.7700,    95.1200,    90.0000,    91.9900,        599,         49,               54769
VSWS,B,20260617,533162,,Hathway Cable & Data,    11.2300,    11.3300,    11.1500,    11.2300,     252512,        406,             2840731
VSWS,B,20260617,533164,,Texmo Pipes and Prod,    46.2000,    46.2000,    45.4000,    45.7500,       1556,         27,               71414
VSWS,B,20260617,533166,,Sundaram Multi Pap,     1.3400,     1.3900,     1.3400,     1.3600,     134513,         88,              184821
VSWS,B,20260617,533167,,Coromandel Engineeri,    63.0000,    63.4800,    61.1000,    63.4800,      19407,         80,             1231027
VSWS,B,20260617,533168,,Rossell India,    60.0000,    60.0000,    54.7000,    57.1300,       2908,         35,              165662
VSWS,B,20260617,533169,,Man Infraconstructio,   114.3000,   114.5500,   105.6000,   106.1500,     237004,       1122,            25846283
VSWS,B,20260617,533170,,Tamboli Industries,   185.0000,   185.0000,   185.0000,   185.0000,        200,          3,               37000
VSWS,B,20260617,533172,,Invesco India Gold,   130.0100,   130.5300,   129.7900,   130.2900,        557,         15,               72409
VSWS,B,20260617,533177,,IL & FS Transportati,     2.4500,     2.6100,     2.3800,     2.6000,       5185,         28,               13245
VSWS,B,20260617,533179,,Persistent Systems,  5050.0000,  5106.1000,  5017.5000,  5043.4500,      19136,       3065,            96632290
VSWS,B,20260617,533181,,Intrasoft Technologi,    84.0200,    84.5100,    84.0000,    84.4800,        552,          9,               46623
VSWS,B,20260617,533192,,KCP Sugar & Ind Corp,    22.6800,    22.7900,    22.0000,    22.2000,      33571,        271,              751640
VSWS,B,20260617,533193,,Kirloskar Electric,   103.1000,   103.1000,   101.8500,   102.6000,       9647,         43,              989278
VSWS,B,20260617,533202,,Satchmo Holdings,     5.0500,     5.0900,     4.9200,     4.9500,      79071,        112,              393351
VSWS,B,20260617,533203,,Tarapur Transformers,    20.7700,    20.9500,    19.9100,    19.9100,       1245,         15,               25415
VSWS,B,20260617,533206,,SJVN,    73.3700,    74.2000,    73.2500,    73.8900,     238579,       1935,            17581216
VSWS,B,20260617,533208,,Emami Paper Mills,    86.5100,    86.6500,    85.1200,    85.7200,       2103,         38,              180468
VSWS,B,20260617,533210,,Kriti Nutrients,    80.2000,    84.3800,    80.2000,    82.1500,        702,         19,               58319
VSWS,B,20260617,533212,,GKB Ophthalmics,    62.0000,    63.7500,    62.0000,    63.6400,        561,         13,               35628
VSWS,B,20260617,533217,,Hindustan Media Vent,    84.2200,    85.0000,    83.8000,    84.8600,        734,         22,               62189
VSWS,B,20260617,533218,,Emami Realty,    95.0400,    95.0400,    92.1000,    94.4000,       3066,         29,              290047
VSWS,B,20260617,533221,,Asian Hotels (West),   345.3000,   345.3000,   345.3000,   345.3000,          7,          2,                2417
VSWS,B,20260617,533227,,Asian Hotels (East),   156.0000,   156.0000,   150.5000,   153.2000,         80,         10,               12369
VSWS,B,20260617,533229,,Bajaj Consumer Care,   597.2500,   606.0000,   595.0500,   602.9500,      33188,       1151,            19964280
VSWS,B,20260617,533230,,HDFC Gold ETF,   125.0600,   128.4800,   125.0600,   127.8300,      75603,       1270,             9655512
VSWS,B,20260617,533239,,Prakash Steelage,     4.2800,     4.6900,     4.2800,     4.4200,      45373,        119,              199387
VSWS,B,20260617,533244,,ICICI Pru Gold,   125.3800,   128.6000,   125.3800,   128.1600,     132718,       2117,            16993727
VSWS,B,20260617,533248,,Gujarat Pipavav Port,   155.6500,   157.5000,   154.3000,   154.6000,     198557,       2844,            30794386
VSWS,B,20260617,533252,,Welspun Inv & Comm,  1743.4500,  1743.4500,  1743.4500,  1743.4500,          1,          1,                1743
VSWS,B,20260617,533257,,Indosolar,   403.0000,   403.0000,   391.9000,   396.1500,       3090,        278,             1220275
VSWS,B,20260617,533259,,Health X Platform,   308.0000,   310.0000,   306.0000,   310.0000,        310,          8,               94867
VSWS,B,20260617,533260,,CP Capital,   101.9500,   102.0000,   100.5500,   100.5500,       1417,         12,              142896
VSWS,B,20260617,533262,,Ramky Infrastructure,   439.5000,   439.5000,   431.5000,   431.6000,       1233,         86,              535386
VSWS,B,20260617,533263,,Orient Green Power C,    11.2800,    11.3900,    11.1600,    11.2000,     205706,        442,             2314219
VSWS,B,20260617,533267,,Cantabil Retail Indi,   220.0000,   220.9500,   218.5000,   220.1000,       2161,         43,              475659
VSWS,B,20260617,533268,,Sea TV Network,     3.2100,     3.2100,     3.2000,     3.2000,        852,          8,                2729
VSWS,B,20260617,533269,,VA Tech Wabag,  1764.6000,  1777.0000,  1739.1000,  1766.9500,      27134,       2204,            47727649
VSWS,B,20260617,533270,,Bedmutha Industries,   107.3500,   112.0000,   107.3500,   110.0000,        162,          7,               17579
VSWS,B,20260617,533271,,Ashoka Buildcon,   133.5000,   133.5000,   130.0500,   130.8000,      80299,        981,            10531062
VSWS,B,20260617,533272,,Jupiter Wagons,   276.2000,   284.5000,   274.5000,   279.3000,      88647,       1467,            24673324
VSWS,B,20260617,533273,,Oberoi Realty,  1684.7000,  1697.0000,  1650.7000,  1694.6500,      15907,       1687,            26613180
VSWS,B,20260617,533274,,Prestige Estates Pro,  1519.5000,  1525.0000,  1491.7000,  1519.5500,      71490,       2670,           107886912
VSWS,B,20260617,533275,,Shah Metacorp,     4.6900,     4.7100,     4.6400,     4.6700,     337315,        204,             1576447
VSWS,B,20260617,533278,,Coal India,   451.0000,   461.4000,   448.5500,   455.5500,     415222,       8055,           188982035
VSWS,B,20260617,533282,,Gravita India,  1682.9000,  1744.3500,  1658.6000,  1670.4500,      21994,       1840,            37530750
VSWS,B,20260617,533284,,RPP Infra Projects,    62.8000,    64.9100,    62.8000,    64.5900,      15734,        242,             1002929
VSWS,B,20260617,533285,,RDB Infra and Power,    23.3900,    24.0000,    22.9900,    23.8700,      78409,        295,             1854306
VSWS,B,20260617,533286,,MOIL,   297.7500,   302.0000,   295.0500,   296.3500,      33561,        714,            10041057
VSWS,B,20260617,533287,,Zee Learn,     7.6900,     7.9800,     7.6000,     7.9800,     111759,        121,              879237
VSWS,B,20260617,533289,,Kesar Terminals & In,    67.0000,    67.4000,    64.5100,    66.9500,       2196,         26,              143515
VSWS,B,20260617,533292,,A2Z Infra Engineerin,    14.5400,    14.5900,    14.1600,    14.2100,       9827,         84,              140865
VSWS,B,20260617,533293,,Kirloskar Oil Engine,  1919.0000,  2014.7500,  1918.4500,  1992.7500,     273469,       4447,           538151741
VSWS,B,20260617,533294,,Ravi Kumar Distiller,    18.4400,    18.4400,    18.2100,    18.4400,        172,          6,                3167
VSWS,B,20260617,533295,,Punjab & Sind Bank,    24.0500,    25.9400,    23.9900,    25.4600,    1390228,       2638,            35118181
VSWS,B,20260617,533296,,Future Market Networ,    10.7600,    10.7600,    10.2600,    10.2600,      12051,         33,              125290
VSWS,B,20260617,533298,,Surana Solar,    26.7000,    27.7000,    26.0000,    27.1000,      13585,        193,              367157
VSWS,B,20260617,533301,,Shekhawati Industrie,    14.4000,    15.0900,    14.0000,    15.0700,       2693,         21,               38617
VSWS,B,20260617,533302,,Kalyani Investment C,  5170.0000,  5228.0000,  5170.0000,  5210.5500,         18,         15,               93710
VSWS,B,20260617,533303,,BF Investment,   451.9500,   455.9000,   448.0500,   452.5000,       1345,        125,              607737
VSWS,B,20260617,533306,,Summit Securities,  1571.0000,  1571.0000,  1539.9500,  1539.9500,         95,         16,              148156
VSWS,B,20260617,533315,,Innovassynth Techno,   121.9100,   121.9100,   121.9100,   121.9100,      13068,         25,             1593119
VSWS,B,20260617,533316,,STEL Holdings,   637.5500,   637.5500,   575.0000,   582.3500,       5736,        769,             3353259
VSWS,B,20260617,533326,,Texmaco Rail & Engin,   109.0000,   110.4500,   107.3500,   109.5000,     164640,        983,            17959520
VSWS,B,20260617,533329,,Indian Terrain Fashi,    33.8000,    33.8000,    32.5700,    32.5800,       1024,         30,               33970
VSWS,B,20260617,533333,,Fineotex Chemical,    43.7900,    45.7000,    43.5500,    44.8300,    2196457,       5440,            98621663
VSWS,B,20260617,533336,,Dhunseri Investments,   870.0000,   891.7500,   838.0000,   843.0000,         29,         15,               24589
VSWS,B,20260617,533339,,Zen Technologies,  1865.3000,  1896.8500,  1834.2000,  1888.5000,     235798,      10829,           440702305
VSWS,B,20260617,533343,,Lovable Lingerie,    72.0100,    75.0000,    72.0100,    74.1500,        700,         40,               51811
VSWS,B,20260617,533344,,PTC India Financial,    31.8000,    31.8000,    31.0600,    31.4100,      35997,        211,             1127745
VSWS,B,20260617,533385,,Motilal Oswal NASDAQ,   338.7400,   338.7400,   333.0000,   333.3300,     104751,       2527,            35202632
VSWS,B,20260617,533398,,Muthoot Finance,  3179.4500,  3200.0000,  3133.9500,  3192.2500,      18299,       2171,            58018054
VSWS,B,20260617,533407,,True Green Bio Energ,   196.9500,   196.9500,   196.9500,   196.9500,      26141,         56,             5148469
VSWS,B,20260617,533408,,Aditya Birla Sun LGG,   130.7000,   131.8800,   130.7000,   131.6700,       2538,        201,              333748
VSWS,B,20260617,533427,,VMS Industries,    23.2500,    23.9000,    22.5200,    22.8100,      20806,        161,              475451
VSWS,B,20260617,533451,,Karma Energy,    42.3000,    42.5400,    41.1600,    42.5400,       1620,         42,               68564
VSWS,B,20260617,533452,,Delphi World Money,     8.9600,     8.9600,     8.5000,     8.5600,      59730,        128,              518073
VSWS,B,20260617,533470,,Rushil Decor,    18.5600,    18.5600,    17.5100,    17.7500,      66737,        204,             1193119
VSWS,B,20260617,533477,,Enkei Wheels (India),   402.0000,   409.0000,   399.9500,   402.0000,        673,         32,              269725
VSWS,B,20260617,533506,,Inventure Grow & Sec,     0.9600,     0.9800,     0.9600,     0.9600,      86579,        107,               83700
VSWS,B,20260617,533519,,L&T Finance,   294.3000,   295.8000,   292.0000,   294.2000,     238997,       3815,            70284482
VSWS,B,20260617,533520,,Indiabulls,    24.2500,    24.4800,    23.5000,    24.0200,     209275,        560,             5037454
VSWS,B,20260617,533540,,Tree House Education,     7.1500,     7.4400,     7.1500,     7.2100,        764,         13,                5558
VSWS,B,20260617,533543,,Brooks Laboratories,    67.2200,    67.4000,    67.2000,    67.2000,       1615,          8,              108612
VSWS,B,20260617,533552,,Rupa & Company,   155.4000,   163.1500,   153.8500,   156.5000,      14176,        303,             2252798
VSWS,B,20260617,533553,,TD Power Systems,  1163.7000,  1239.1000,  1163.7000,  1230.8500,     108332,       5533,           131408579
VSWS,B,20260617,533570,,Axis MF Axis GoldETF,   122.0100,   125.9900,   122.0100,   124.7200,      13549,        917,             1688834
VSWS,B,20260617,533573,,Alembic Pharmaceutic,   747.0000,   753.0000,   742.4000,   745.6000,       3525,        295,             2634556
VSWS,B,20260617,533576,,Vaswani Industries,    55.1000,    60.5500,    55.1000,    59.0500,       6885,        342,              402712
VSWS,B,20260617,533581,,PG Electroplast,   528.2000,   550.8000,   527.5000,   545.6500,     321249,       6542,           174340919
VSWS,B,20260617,533602,,Lesha Industries,     0.8400,     0.8500,     0.8200,     0.8300,      80915,        148,               67207
VSWS,B,20260617,533605,,Setubandhan Infrastr,     0.4400,     0.4600,     0.4400,     0.4600,      18899,         21,                8373
VSWS,B,20260617,533608,,RDB Rasayans,   154.9500,   154.9500,   150.1500,   153.8000,      36678,        138,             5598663
VSWS,B,20260617,533629,,Tijaria Polypipes,     4.5900,     4.5900,     4.3000,     4.3200,       8406,         47,               36286
VSWS,B,20260617,533632,,Onelife Capital Advi,    29.2600,    29.2600,    28.2000,    29.2600,       1335,         15,               39039
VSWS,B,20260617,533638,,Flexituff Ventur Int,     6.8600,     7.1900,     6.8000,     6.9000,       2152,          8,               14768
VSWS,B,20260617,533644,,Ujaas Energy,   140.1500,   141.6000,   139.0000,   140.6500,        313,         23,               43766
VSWS,B,20260617,533655,,Triveni Turbine,   661.6500,   679.0000,   657.0000,   677.3000,      34854,       1048,            23204628
VSWS,B,20260617,533676,,Indo Thai Securities,   239.7000,   244.5500,   234.0500,   240.2000,      41098,        532,             9858775
VSWS,B,20260617,533704,,Essar Shipping,    24.7800,    24.7800,    23.7500,    24.1500,      26124,        190,              631486
VSWS,B,20260617,533719,,LIC MF Gold ETF,   135.0500,   135.3500,   134.2900,   135.2400,       2908,         81,              391718
VSWS,B,20260617,533758,,APL Apollo Tubes,  1832.1000,  1872.0000,  1827.0000,  1854.2500,       9589,       1159,            17759290
VSWS,B,20260617,533761,,GPT Infraprojects,   116.0000,   116.4500,   115.5000,   115.7000,      11058,        198,             1282029
VSWS,B,20260617,533896,,Fervent Synergies,    14.2000,    14.2000,    13.5300,    13.8500,       2452,         51,               34028
VSWS,B,20260617,533941,,Thomas Scott (India),   288.0000,   304.2000,   288.0000,   294.5000,       6879,        320,             2046842
VSWS,B,20260617,533982,,Tera Software,   448.0000,   448.0000,   434.8000,   438.0500,       1492,         96,              657118
VSWS,B,20260617,534060,,PMC Fincorp,     1.9900,     2.0300,     1.9400,     1.9500,     287173,        439,              565361
VSWS,B,20260617,534063,,Futuristic Solutions,    48.0000,    48.0000,    48.0000,    48.0000,          9,          9,                 432
VSWS,B,20260617,534064,,Alliance Integrated,     1.9300,     2.1000,     1.7900,     2.0000,     720161,        411,             1408449
VSWS,B,20260617,534076,,RHI Magnesita India,   378.2000,   383.9500,   375.0000,   376.8000,       6262,        278,             2372670
VSWS,B,20260617,534091,,Multi Commodity Exch,  2899.9500,  2910.0000,  2810.2500,  2856.5500,     274305,      19165,           781228826
VSWS,B,20260617,534139,,Schneider Electric I,  1170.2500,  1275.0000,  1170.2500,  1266.2000,      87466,       4743,           108499756
VSWS,B,20260617,534190,,Olympic Cards,     3.1000,     3.1100,     3.1000,     3.1100,        347,          4,                1077
VSWS,B,20260617,534309,,NBCC (India),   109.2500,   113.2000,   108.9000,   112.8500,    2398839,      10785,           266749375
VSWS,B,20260617,534312,,MT Educare,     1.9300,     1.9300,     1.9300,     1.9300,         32,          1,                  61
VSWS,B,20260617,534328,,Hexa Tradex,   171.7000,   171.7000,   159.9000,   161.9500,        406,         80,               66265
VSWS,B,20260617,534338,,Max Heights Infrastr,    13.5000,    14.6500,    12.8100,    13.3000,       6066,         20,               80169
VSWS,B,20260617,534369,,Tribhovandas Bhimji,   197.5000,   201.0000,   192.9500,   194.2000,      67613,        814,            13317973
VSWS,B,20260617,534392,,Vardhman Special Ste,   283.9500,   292.9000,   281.6000,   288.1000,       6237,        125,             1795875
VSWS,B,20260617,534422,,Looks Health Service,    10.6300,    10.7400,     9.7500,    10.5700,      78578,        164,              809698
VSWS,B,20260617,534425,,Speciality Restauran,   103.6500,   108.5500,   103.6500,   107.7000,        186,         12,               19438
VSWS,B,20260617,534532,,Lypsa Gems & Jewelle,     4.8700,     5.0100,     4.8700,     4.8700,       4769,         32,               23304
VSWS,B,20260617,534535,,String Metaverse,    10.2000,    10.2400,     9.5100,     9.7000,    2094135,       2090,            20546679
VSWS,B,20260617,534597,,RattanIndia Enterpri,    35.7100,    35.9900,    35.1800,    35.3200,     174316,        894,             6183844
VSWS,B,20260617,534598,,Sampann Utpadan Indi,    28.5000,    28.5000,    27.2300,    27.2300,        906,          5,               25088
VSWS,B,20260617,534600,,JTL Industries,    77.5800,    77.5800,    75.5000,    76.0600,      81839,        470,             6246970
VSWS,B,20260617,534612,,Advance Metering Tec,    18.7100,    19.7600,    18.7100,    19.1000,        770,         40,               15024
VSWS,B,20260617,534615,,North Eastern Carry,    16.5100,    17.9400,    16.5100,    17.2300,      10515,         81,              183647
VSWS,B,20260617,534618,,Waaree Renewable,   973.0000,   976.9000,   960.9500,   972.3000,      18750,        744,            18175574
VSWS,B,20260617,534623,,Jupiter Infomedia,    57.0000,    58.0000,    54.7600,    56.0100,       9069,         92,              506863
VSWS,B,20260617,534674,,Ducon Infratechnolog,     3.7000,     3.8300,     3.4900,     3.6200,     117725,         82,              433014
VSWS,B,20260617,534675,,Prozone Realty,    48.6000,    49.1600,    47.5500,    48.4600,      13858,        128,              667068
VSWS,B,20260617,534680,,SRG Housing Finance,   290.0000,   290.0000,   270.0500,   270.0500,         10,          2,                2800
VSWS,B,20260617,534691,,Comfort Commotrade,    13.4000,    14.6300,    13.4000,    13.7000,      40259,         75,              546951
VSWS,B,20260617,534708,,Shanti Guru Industri,    10.0000,    10.0000,    10.0000,    10.0000,       3000,          1,               30000
VSWS,B,20260617,534732,,Caspian Corp Service,    37.5000,    38.9700,    37.2000,    37.9200,       2938,         58,              111697
VSWS,B,20260617,534733,,Aerpace Industries,    29.4000,    32.1000,    28.4000,    31.8900,    1638946,       1866,            50375374
VSWS,B,20260617,534741,,Virtual Global Edu,     0.5200,     0.5300,     0.5100,     0.5300,     647862,        159,              340007
VSWS,B,20260617,534742,,Zuari Agro Chemicals,   236.5000,   243.0000,   230.6500,   237.6500,      50576,       1231,            11969510
VSWS,B,20260617,534748,,Steel Exchange India,    12.4500,    12.6500,    12.2700,    12.5500,     797266,        905,             9950319
VSWS,B,20260617,534755,,Trio Mercantile & Tr,     1.7100,     1.7100,     1.7100,     1.7100,     238977,         53,              408650
VSWS,B,20260617,534796,,CDG Petchem,   220.1000,   238.3000,   220.1000,   227.8000,       1421,         52,              324934
VSWS,B,20260617,534804,,CARE Ratings,  1652.8500,  1655.3500,  1617.7000,  1649.5000,       1036,        166,             1693071
VSWS,B,20260617,534809,,PC Jeweller,     9.0100,     9.0700,     8.9500,     8.9700,    2111594,       2224,            19012584
VSWS,B,20260617,534816,,Indus Towers,   411.6500,   418.0000,   409.0000,   414.1000,     116791,       2669,            48176270
VSWS,B,20260617,534920,,iSera Lifesciences,   110.2900,   110.2900,   110.2900,   110.2900,      56456,          5,             6226532
VSWS,B,20260617,534976,,V-Mart Retail,   734.5000,   770.0500,   730.0500,   761.7000,      12150,        880,             9156156
VSWS,B,20260617,535136,,Nibe,  1629.9500,  1669.0000,  1613.0000,  1624.1500,      10587,        812,            17300717
VSWS,B,20260617,535204,,Mukta Agriculture,     2.6500,     2.6500,     2.6000,     2.6000,       1025,          8,                2704
VSWS,B,20260617,535205,,Mystic Electronics,     3.3000,     3.5000,     3.1100,     3.4800,       9776,         48,               32363
VSWS,B,20260617,535267,,Comfort Fincap,     7.2700,     7.5500,     7.0000,     7.5000,      28057,        140,              206099
VSWS,B,20260617,535276,,SBI ETF SENSEX,   846.4600,   858.5100,   846.4600,   851.7200,      30462,        454,            26082808
VSWS,B,20260617,535322,,Repco Home Finance,   388.8500,   393.4000,   388.0000,   389.8500,       2804,        110,             1094641
VSWS,B,20260617,535387,,Lakhotia Polyesters,    63.3100,    63.3100,    59.4000,    63.0000,          5,          5,                 308
VSWS,B,20260617,535431,,GCM Securities,     0.6500,     0.6800,     0.6500,     0.6800,      91863,         80,               61146
VSWS,B,20260617,535458,,NRB Industrial Beari,    30.6800,    31.8000,    30.6800,    30.8800,         59,         21,                1825
VSWS,B,20260617,535514,,Prime Capital Market,     7.0500,     7.0500,     7.0200,     7.0200,         62,          3,                 437
VSWS,B,20260617,535566,,KIFS Financial Ser,   131.3000,   131.3000,   122.6000,   122.6500,       1273,         29,              157370
VSWS,B,20260617,535601,,Sreeleathers,   204.0000,   204.0000,   200.5000,   202.0000,        274,         13,               55266
VSWS,B,20260617,535602,,Sharda Motor Industr,   821.1000,   823.5000,   808.7000,   813.0000,       4204,        331,             3428649
VSWS,B,20260617,535648,,Just Dial,   542.9000,   553.2000,   541.0000,   550.3500,      12634,        653,             6924397
VSWS,B,20260617,535657,,ObjectOne Informatio,     7.1500,     7.1500,     6.9200,     6.9800,        750,          7,                5254
VSWS,B,20260617,535667,,India Finsec,   189.6500,   205.0000,   188.7000,   202.2000,        822,         15,              164243
VSWS,B,20260617,535693,,Brahmaputra Infrastr,   162.0500,   163.5000,   158.1000,   161.2500,       8961,        130,             1439228
VSWS,B,20260617,535719,,Ampvolts,    28.6100,    28.8000,    28.6100,    28.8000,      15232,         43,              436143
VSWS,B,20260617,535730,,Khoobsurat,     0.5100,     0.5200,     0.5000,     0.5000,    1536875,        312,              774818
VSWS,B,20260617,535754,,Orient Cement,   137.5000,   137.5000,   134.5500,   136.0500,       8708,        186,             1179603
VSWS,B,20260617,535755,,Aditya Birla Fashion,    61.0800,    62.1500,    60.7500,    61.7400,      99095,       1030,             6097886
VSWS,B,20260617,535789,,Sammaan Capital,   180.0000,   181.0000,   175.2000,   176.4000,     279490,       3039,            49458441
VSWS,B,20260617,535910,,Money Masters Leasin,     0.8000,     0.8000,     0.7300,     0.7700,      54097,         77,               40619
VSWS,B,20260617,535916,,Alacrity Securities,    73.9900,    76.0100,    72.5000,    73.0100,      27398,        260,             2016133
VSWS,B,20260617,535917,,GCM Commodity & Deri,     4.5100,     4.5100,     4.5100,     4.5100,       6000,          1,               27060
VSWS,B,20260617,535958,,Integra Essentia,     1.4200,     1.4500,     1.4000,     1.4200,     184508,        214,              261502
VSWS,B,20260617,536073,,Julien Agro Infratec,     1.4600,     1.4800,     1.4300,     1.4600,     107268,        134,              156106
VSWS,B,20260617,536264,,Tiger Logistics (I),    34.1000,    35.2500,    34.1000,    35.0000,       6304,         36,              216607
VSWS,B,20260617,536507,,Future Lifestyle Fas,     1.2900,     1.3400,     1.2900,     1.3000,       5235,         15,                6899
VSWS,B,20260617,536565,,Novelix Pharmaceutic,    89.0100,    91.3800,    80.6100,    83.9900,      21597,        273,             1824985
VSWS,B,20260617,536659,,PVV Infra,     3.8800,     3.8800,     3.7200,     3.8100,    1799373,        559,             6840169
VSWS,B,20260617,536672,,VCU Data Management,     8.5500,     8.6000,     8.0800,     8.4000,      48534,         94,              402341
VSWS,B,20260617,536709,,Ind Renewable Energy,    10.0600,    10.7400,    10.0600,    10.5400,       6545,         46,               67271
VSWS,B,20260617,536773,,Jindal Poly Invest,  1100.9500,  1100.9500,  1078.3500,  1079.7000,        904,         85,              982248
VSWS,B,20260617,536960,,M Oswal Nifty Midcap,    68.3700,    68.3700,    65.4000,    67.0300,      33218,        135,             2220069
VSWS,B,20260617,536974,,Captain Polyplast,    72.4000,    72.4000,    71.0000,    71.3900,      18743,        171,             1345711
VSWS,B,20260617,537007,,ICICI Pru Nifty 50,   271.3000,   271.8500,   269.5000,   271.6300,      45356,        524,            12299198
VSWS,B,20260617,537008,,ICICI Pru Nifty 100,    27.5500,    28.1800,    27.5100,    27.9000,       2914,         40,               81260
VSWS,B,20260617,537069,,Arnold Holdings,    13.4300,    14.2000,    13.0300,    13.8900,       4072,         40,               56237
VSWS,B,20260617,537253,,Sunil Healthcare,    63.5000,    67.0000,    63.2000,    64.6000,       1635,         33,              105633
VSWS,B,20260617,537259,,Suyog Telematics,   751.1000,   810.0000,   746.4000,   794.9000,       2077,        158,             1627235
VSWS,B,20260617,537291,,Nath Bio-Genes (Indi,   167.3000,   168.1500,   166.2000,   167.1000,       1089,         51,              181623
VSWS,B,20260617,537292,,Agri-Tech (India),   119.0000,   119.0000,   115.0000,   115.8500,        125,         23,               14668
VSWS,B,20260617,537326,,Chemtech Industrial,    77.9500,    78.5000,    72.3500,    73.1100,      18451,        117,             1402586
VSWS,B,20260617,537483,,Nippon India ETF Ni,   261.3600,   266.8300,   261.3600,   265.8700,       2646,        210,              702253
VSWS,B,20260617,537536,,Denis Chem Lab,    73.5000,    74.2400,    72.8200,    74.2400,       1766,       1311,              129004
VSWS,B,20260617,537582,,Unishire Urban Infra,     1.2900,     1.3400,     1.2300,     1.3300,      70000,          6,               89000
VSWS,B,20260617,537669,,Laxmipati Eng Works,   299.8500,   310.0000,   299.8500,   304.0000,       7000,         10,             2119800
VSWS,B,20260617,537707,,Laddu Gopal Online S,     0.4600,     0.4600,     0.4600,     0.4600,     402815,        231,              185294
VSWS,B,20260617,537708,,Kotak Nifty 50 ETF,   263.1700,   268.0000,   263.1700,   266.0400,       3681,        114,              978359
VSWS,B,20260617,537709,,Shree Hanuman Sugar,     3.8500,     4.0000,     3.8500,     3.9900,      15716,         36,               62176
VSWS,B,20260617,537750,,Kiran Vyapar,   185.0000,   200.0000,   185.0000,   196.1000,       2081,        110,              402550
VSWS,B,20260617,537766,,B C Power Controls,     1.9600,     2.0400,     1.9400,     1.9900,     189687,        125,              376808
VSWS,B,20260617,537785,,Race Eco Chain,   110.2500,   110.2500,   106.0000,   106.0000,        110,          2,               11702
VSWS,B,20260617,537800,,Mangalam Indl Fin,     0.6200,     0.6500,     0.6200,     0.6500,    4810403,        300,             3090652
VSWS,B,20260617,537820,,Viji Finance,     3.7900,     4.1400,     3.7900,     4.1400,     129656,         75,              534753
VSWS,B,20260617,537839,,HBG Hotels,    94.9000,    96.4000,    94.9000,    95.0000,       1382,          7,              131328
VSWS,B,20260617,537840,,Raunaq International,    28.0500,    28.8000,    28.0500,    28.2000,       1792,         24,               50744
VSWS,B,20260617,537985,,Infronics Systems,    17.2500,    18.2800,    16.6200,    17.7800,        314,         14,                5594
VSWS,B,20260617,538057,,CPSE ETF*,    95.0000,    98.6000,    95.0000,    98.3500,      86117,        954,             8410759
VSWS,B,20260617,538081,,Haria Apparels,     5.3500,     5.9900,     5.3500,     5.8000,        231,          7,                1328
VSWS,B,20260617,538092,,Shri Vasuprada Plant,    94.0000,    98.6900,    90.1200,    92.1600,        400,         19,               37379
VSWS,B,20260617,538119,,R&B Denims,    11.0200,    11.6500,    10.8700,    10.9600,     120823,        636,             1352307
VSWS,B,20260617,538212,,Sharp Investments,     0.3900,     0.4100,     0.3800,     0.3900,     272182,        114,              106093
VSWS,B,20260617,538268,,Wonderla Holidays,   485.8500,   498.4000,   480.3000,   487.0500,       5946,        365,             2903354
VSWS,B,20260617,538273,,Response Informatics,    22.6000,    22.8000,    22.1900,    22.1900,        513,         13,               11560
VSWS,B,20260617,538351,,A F Enterprises,     1.7700,     1.8000,     1.7000,     1.7100,      43067,         83,               75154
VSWS,B,20260617,538365,,Incredible Indus,    35.1000,    35.7000,    33.6000,    34.6500,       2844,         26,               97629
VSWS,B,20260617,538382,,West Leisure Resorts,    90.7500,    90.7500,    85.9500,    85.9500,          7,          3,                 625
VSWS,B,20260617,538395,,Nam Securities,    75.8800,    79.9000,    75.8800,    79.9000,          3,          3,                 232
VSWS,B,20260617,538401,,Maestros Electronics,   139.2000,   139.2000,   135.7500,   137.4500,       1861,         72,              255925
VSWS,B,20260617,538422,,Jackson Investments,     0.4200,     0.4500,     0.4200,     0.4300,     318650,        162,              140054
VSWS,B,20260617,538446,,Moneyboxx Finance,    69.5000,    70.4500,    68.9000,    70.3300,       1754,        162,              122549
VSWS,B,20260617,538451,,Worth Invest & Trad,     3.9500,     4.2400,     3.9500,     4.1700,    2773566,        454,            11708467
VSWS,B,20260617,538464,,Thirani Projects,     4.2000,     4.2000,     3.7500,     4.1000,        657,          9,                2589
VSWS,B,20260617,538465,,Amarnath Securities,    13.9700,    14.9900,    13.9700,    14.4000,       5436,         13,               79501
VSWS,B,20260617,538476,,Capital Trade Links,    15.6700,    16.1200,    15.2000,    15.6000,      53925,         67,              833520
VSWS,B,20260617,538496,,Tarini International,     8.0500,     8.0500,     8.0500,     8.0500,       9000,          3,               72450
VSWS,B,20260617,538521,,Yaan Enterprises,    95.0000,    95.0000,    90.0000,    94.9900,       1209,         29,              114807
VSWS,B,20260617,538539,,Annvrridhhi Ventures,    10.2300,    10.3200,    10.2300,    10.3000,        882,         21,                9071
VSWS,B,20260617,538540,,Raama Finance,    15.3800,    15.3800,    14.7000,    15.1500,      76001,        114,             1141845
VSWS,B,20260617,538546,,Bansal Roofing Produ,   119.6000,   120.6000,   115.5500,   117.2500,      15560,        243,             1835401
VSWS,B,20260617,538556,,Arman Holdings,   112.8000,   112.8000,   107.2500,   109.7500,      10411,         34,             1142288
VSWS,B,20260617,538562,,Skipper,   561.5000,   569.9500,   543.9500,   549.2500,      41433,       1136,            23107645
VSWS,B,20260617,538563,,SMT Engineering,   429.0000,   429.0000,   407.5500,   407.5500,        389,         28,              161565
VSWS,B,20260617,538564,,James Warren Tea,   271.1000,   276.1000,   266.2000,   268.2500,       1769,         72,              475144
VSWS,B,20260617,538565,,Vistar Amar,   200.0000,   203.8000,   192.5500,   198.5000,       9827,        106,             1961915
VSWS,B,20260617,538567,,Gulf Oil Lubricants,   993.0500,  1037.1000,   993.0500,  1034.0500,       6586,        484,             6704732
VSWS,B,20260617,538569,,Triveni Enterprises,     1.1000,     1.1000,     1.0500,     1.0500,      17832,         40,               18828
VSWS,B,20260617,538579,,Zinema Media & Enter,    18.4000,    18.4000,    18.4000,    18.4000,      16000,          1,              294400
VSWS,B,20260617,538596,,Cemantic Infra-Tech,     4.2900,     4.2900,     3.9000,     4.0700,       3989,         43,               16533
VSWS,B,20260617,538597,,TTI Enterprise,     8.2200,     8.6000,     8.2200,     8.2500,        290,         10,                2447
VSWS,B,20260617,538598,,Vishal Fabrics,    20.2700,    20.6900,    19.8000,    20.4900,      45834,        282,              932747
VSWS,B,20260617,538607,,Toyam Sports,     0.7200,     0.7400,     0.7200,     0.7300,     335461,        178,              243237
VSWS,B,20260617,538609,,Gajanan Securities S,    56.7900,    60.5200,    56.0000,    58.9100,       2173,        151,              128390
VSWS,B,20260617,538610,,Unison Metals,     0.8800,     0.9300,     0.8600,     0.8900,     553878,        261,              488473
VSWS,B,20260617,538611,,Real Touch Finance,    44.1400,    48.7600,    44.1400,    48.7400,         87,          5,                3872
VSWS,B,20260617,538634,,Vasundhara Rasayans,   170.7500,   170.9000,   166.0000,   170.7500,        339,         18,               56984
VSWS,B,20260617,538635,,Snowman Logistics,    39.4900,    40.1900,    39.1000,    39.7800,      15989,        190,              637054
VSWS,B,20260617,538646,,QGO Finance,    45.0700,    46.0000,    42.4600,    43.6800,       1524,         37,               67296
VSWS,B,20260617,538647,,Purshottam Investofi,    35.0000,    35.0000,    35.0000,    35.0000,          1,          1,                  35
VSWS,B,20260617,538666,,Sharda Cropchem,   913.3500,   920.8500,   902.2000,   913.8500,       9297,        476,             8476244
VSWS,B,20260617,538668,,Meghna Infracon Infr,   737.0000,   789.0000,   720.1000,   753.9500,      61470,        998,            46637797
VSWS,B,20260617,538674,,City Online Services,     8.0000,     8.4000,     8.0000,     8.1800,       2307,         10,               18480
VSWS,B,20260617,538683,,Nippon I S&P BSE Sen,   880.2000,   882.5000,   876.3600,   881.7100,      11344,        554,             9993974
VSWS,B,20260617,538685,,Shemaroo Entertainme,   122.0000,   132.8500,   122.0000,   129.2000,      13585,        415,             1747918
VSWS,B,20260617,538706,,Ultracab (India),     7.3700,     7.4700,     7.3000,     7.3700,      40007,        175,              294436
VSWS,B,20260617,538707,,Rajasthan Cylinders,    30.3500,    33.0000,    30.0000,    30.1600,         92,          8,                2775
VSWS,B,20260617,538708,,Econo Trade (India),     7.5900,     7.7000,     7.4000,     7.6500,        886,         16,                6612
VSWS,B,20260617,538713,,Atishay,   207.9500,   208.0000,   205.0000,   207.9500,       9161,         71,             1900015
VSWS,B,20260617,538714,,Sangam Finserv,    42.0000,    42.0000,    39.6500,    39.6600,       1369,         18,               55128
VSWS,B,20260617,538715,,Dhabriya Polywood,   363.0500,   394.0000,   358.0000,   384.1000,      18017,        414,             6736263
VSWS,B,20260617,538730,,PDS,   335.7000,   344.1500,   327.6500,   337.0000,      13253,        697,             4446347
VSWS,B,20260617,538732,,Vibrant Global Cap,    48.7000,    50.8000,    47.0400,    50.0000,       3549,         31,              176903
VSWS,B,20260617,538734,,Ceinsys Tech,   951.7000,   971.9500,   939.6500,   945.7000,       8448,        398,             8048845
VSWS,B,20260617,538742,,Panabyte Technologie,    18.0600,    19.6900,    18.0600,    19.6300,      12824,         39,              245179
VSWS,B,20260617,538743,,Mudunuru,     9.4200,     9.8400,     8.9200,     9.8400,      13079,          9,              128609
VSWS,B,20260617,538770,,Crane Infrastructure,    13.4900,    13.4900,    12.4000,    13.2000,        753,         15,               10024
VSWS,B,20260617,538772,,Niyogin Fintech,    46.3900,    47.0000,    45.5000,    46.6100,     101741,        217,             4736206
VSWS,B,20260617,538777,,Asia Capital,    54.2700,    56.4700,    54.2700,    56.4700,       1943,         13,              105606
VSWS,B,20260617,538778,,Kalyan Capitals,     8.3500,     8.7500,     8.1800,     8.5900,      28935,         88,              242986
VSWS,B,20260617,538787,,Goenka Business & Fi,    10.0000,    10.5900,    10.0000,    10.2200,      10111,         60,              106350
VSWS,B,20260617,538788,,Gilada Finance & Inv,    14.8500,    14.9900,    12.9600,    13.8500,      50386,        222,              710587
VSWS,B,20260617,538795,,Shree Ajit Pulp and,   287.7000,   287.7000,   260.0000,   268.0500,        154,         13,               40933
VSWS,B,20260617,538812,,Aanchal Ispat,    82.4900,    82.4900,    82.4900,    82.4900,        461,         12,               38027
VSWS,B,20260617,538817,,Captain Pipes,    10.0000,    10.2100,    10.0000,    10.0800,      68287,        299,              689021
VSWS,B,20260617,538833,,Kaizen Agro Infrabui,     9.8900,     9.9000,     8.3000,     8.8400,      34052,        108,              306084
VSWS,B,20260617,538834,,JMJ Fintech,    10.0700,    10.2400,     9.9000,    10.1200,       6208,         57,               62980
VSWS,B,20260617,538835,,Intellect Design Are,   757.5000,   773.6000,   756.9000,   764.3500,      18733,        736,            14317963
VSWS,B,20260617,538836,,Monte Carlo Fashions,   542.0000,   552.7500,   542.0000,   547.3500,       2719,        157,             1491948
VSWS,B,20260617,538837,,Jeevan Scientific Te,    78.4900,    81.4800,    78.4900,    80.0800,      54648,         97,             4395791
VSWS,B,20260617,538838,,Indo Cotspin,    30.2500,    30.3000,    29.3000,    29.3000,       1034,          9,               30528
VSWS,B,20260617,538857,,Scintilla Commercial,    10.0000,    10.0100,     9.9000,    10.0100,      12841,          8,              127350
VSWS,B,20260617,538860,,Panafic Industrials,     1.0700,     1.0800,     1.0700,     1.0700,     104795,         60,              112581
VSWS,B,20260617,538862,,My Money Securities,    38.1700,    42.0000,    38.1700,    38.6600,        145,         10,                5607
VSWS,B,20260617,538868,,Continental Securiti,    13.8000,    13.9000,    12.7100,    13.1400,      15376,        115,              208470
VSWS,B,20260617,538874,,Nexus Surgical & Med,    19.5300,    21.0000,    19.5300,    20.0000,        235,         13,                4786
VSWS,B,20260617,538881,,Galada Finance,    22.3300,    22.3300,    22.3300,    22.3300,          2,          2,                  44
VSWS,B,20260617,538882,,Emerald Finance,    55.8700,    59.2000,    55.7900,    57.7900,      45602,        224,             2611254
VSWS,B,20260617,538890,,M K Exim (India),    61.9900,    63.8500,    55.3600,    61.9600,      59736,        343,             3597559
VSWS,B,20260617,538891,,Magellanic Cloud,    28.4200,    29.7000,    27.6000,    27.8700,     716504,       1971,            20539593
VSWS,B,20260617,538894,,Octal Credit Capital,    21.7800,    21.7800,    21.7800,    21.7800,         17,          2,                 370
VSWS,B,20260617,538895,,Mihika Industries,    14.6700,    14.6700,    14.6700,    14.6700,          1,          1,                  14
VSWS,B,20260617,538896,,Kanchi Karpooram,   391.3500,   391.3500,   355.7000,   390.0000,       1788,         43,              657486
VSWS,B,20260617,538902,,Dhunseri Tea & Indus,   134.0500,   134.1500,   133.1000,   133.1000,         66,          8,                8825
VSWS,B,20260617,538918,,Vani Commercials,     8.7000,     8.8600,     8.4600,     8.7200,       1486,         19,               12734
VSWS,B,20260617,538920,,Vintage Coffee & Bev,   157.9000,   158.2000,   153.3500,   154.2000,      56126,        850,             8703509
VSWS,B,20260617,538922,,Cosyn,    21.2000,    21.4900,    21.2000,    21.4900,        342,          5,                7256
VSWS,B,20260617,538923,,Sofcom Systems,    22.0700,    23.0000,    21.3900,    22.1400,     349496,        521,             7667983
VSWS,B,20260617,538926,,Naturite Agro Produc,   205.5000,   205.5000,   186.9000,   192.7500,        579,         25,              112800
VSWS,B,20260617,538928,,Karnavati Finance,     1.3900,     1.3900,     1.3500,     1.3700,       8229,         34,               11321
VSWS,B,20260617,538935,,Abhishek Finlease,    55.0000,    57.7500,    52.2500,    57.2500,        132,         15,                7459
VSWS,B,20260617,538942,,Mercantile Ventures,    26.9900,    26.9900,    24.7900,    25.5700,        857,         28,               21519
VSWS,B,20260617,538943,,Sonal Mercantile,    95.7500,   100.0000,    93.0000,   100.0000,         57,          5,                5480
VSWS,B,20260617,538952,,Abhinav Leasing & Fi,     1.2000,     1.2000,     1.1000,     1.1000,      21436,         25,               23589
VSWS,B,20260617,538961,,Genus Paper & Boards,    11.6700,    12.5400,    11.6700,    12.4300,       7162,         51,               88461
VSWS,B,20260617,538962,,Minda Corporation,   657.9000,   660.1000,   640.0000,   643.8000,      47337,       1559,            30758811
VSWS,B,20260617,538965,,Concord Drugs,    77.6500,    82.3000,    77.6500,    77.9300,       4466,         55,              349726
VSWS,B,20260617,538970,,Wardwizard Innovatio,     6.7900,     6.8300,     6.5200,     6.6400,     384781,        953,             2576681
VSWS,B,20260617,538975,,Shree Securities,     0.2100,     0.2200,     0.2000,     0.2100,    3848891,        246,              839600
VSWS,B,20260617,538979,,Greenlam Industries,   260.6000,   260.8000,   255.0000,   257.3000,       6935,        221,             1788723
VSWS,B,20260617,538987,,Talbros Engineering,   708.0000,   708.0000,   680.3500,   690.4000,       1998,         98,             1373719
VSWS,B,20260617,538992,,SAR Auto Products,  2469.6000,  2469.7000,  2400.0000,  2400.0000,         25,          6,               60905
VSWS,B,20260617,538993,,Purohit Construction,    11.1600,    11.1600,    11.1600,    11.1600,          1,          1,                  11
VSWS,B,20260617,539005,,Jayatma Enterprises,    58.5900,    58.5900,    58.5900,    58.5900,          1,          1,                  58
VSWS,B,20260617,539006,,PTC Industries, 17819.9500, 18034.2000, 17719.8000, 17759.0500,       1667,        474,            29776983
VSWS,B,20260617,539011,,Chennai Ferrous Indu,    89.5000,    96.0000,    89.1000,    90.3400,       4323,        153,              397167
VSWS,B,20260617,539012,,Megri Soft,    82.0000,    82.0000,    81.5000,    81.5000,          6,          3,                 490
VSWS,B,20260617,539013,,Gita Renewable Energ,    78.6000,    81.9000,    77.0000,    81.4900,       2646,         42,              213416
VSWS,B,20260617,539014,,Kalpa Commercial,     8.9200,     9.8500,     8.9200,     9.0600,       9107,         40,               85746
VSWS,B,20260617,539015,,Ortel Communications,     1.6800,     1.6800,     1.5500,     1.5500,      13725,         22,               21278
VSWS,B,20260617,539016,,Neil Industries,     6.6100,     6.7700,     6.4000,     6.7000,       7106,         18,               47097
VSWS,B,20260617,539017,,Star Housing Finance,     7.2900,     7.5000,     6.9100,     7.2900,     244482,        194,             1749251
VSWS,B,20260617,539018,,Beekay Steel Industr,   419.8500,   419.8500,   405.0000,   410.5500,        578,         35,              239848
VSWS,B,20260617,539031,,SBI MF - ETF BSE 100,   281.3200,   284.2300,   281.3200,   283.0100,        366,         20,              103499
VSWS,B,20260617,539032,,Fraser & Company,     9.8500,     9.8500,     9.8500,     9.8500,      10210,         22,              100568
VSWS,B,20260617,539040,,Tirupati Innovar,    10.6000,    10.6000,    10.5900,    10.6000,     406935,        558,             4312899
VSWS,B,20260617,539041,,Ganesha Ecoverse,    29.6000,    29.9900,    28.8000,    29.4500,      76250,         49,             2243950
VSWS,B,20260617,539042,,AGI Infra,   371.4500,   373.7000,   364.7000,   369.7000,      63087,        916,            23211439
VSWS,B,20260617,539044,,Manaksia Steels,    67.6000,    67.6000,    67.5000,    67.5100,        617,          8,               41667
VSWS,B,20260617,539045,,Manaksia Aluminium C,    40.8800,    41.0000,    39.4700,    39.7900,      14373,        187,              573773
VSWS,B,20260617,539046,,Manaksia Coated Meta,   112.2000,   113.9500,   111.7000,   112.5000,       5071,         85,              571573
VSWS,B,20260617,539056,,Imagicaaworld Entert,    43.7000,    44.0400,    43.0800,    43.4900,      14455,        119,              631196
VSWS,B,20260617,539083,,Inox Wind,    92.0500,    92.0600,    89.8800,    90.9700,    1162736,       5303,           105490419
VSWS,B,20260617,539090,,Rajputana Inv & Fin,    32.5500,    34.0000,    32.5500,    34.0000,        106,          8,                3600
VSWS,B,20260617,539091,,Consecutive Commodit,     1.0200,     1.0200,     0.9900,     1.0000,     331024,        215,              333045
VSWS,B,20260617,539097,,UR Sugar Industries,     2.6300,     2.7000,     2.5600,     2.6800,      41244,        110,              108433
VSWS,B,20260617,539099,,Athena Constructions,     3.8600,     3.8600,     3.8600,     3.8600,       2500,          1,                9650
VSWS,B,20260617,539110,,Northlink Fiscal & C,    22.1400,    22.1400,    22.1400,    22.1400,          5,          1,                 110
VSWS,B,20260617,539113,,Paul Merchants,   505.5500,   508.2000,   504.9000,   508.0000,        154,         13,               77832
VSWS,B,20260617,539115,,Alan Scott Enterpris,   314.9500,   315.0000,   301.5000,   311.6000,       6809,         71,             2123875
VSWS,B,20260617,539117,,Sujala Trading & Hol,    13.5000,    14.0000,    12.6800,    13.8500,      87358,        488,             1168701
VSWS,B,20260617,539118,,VRL Logistics,   238.6500,   244.0000,   238.6500,   242.7500,       7017,        234,             1699888
VSWS,B,20260617,539120,,Grameva,    78.6800,    78.6800,    78.6800,    78.6800,         25,          2,                1967
VSWS,B,20260617,539121,,Palco Metals,   146.9500,   146.9500,   138.6000,   141.6000,        984,         20,              140050
VSWS,B,20260617,539122,,Bodhtree Consulting,    18.4900,    18.4900,    16.5100,    16.7100,      11623,         25,              207176
VSWS,B,20260617,539123,,V B Industries,     6.7100,     6.9500,     6.0100,     6.5100,      27345,         75,              178190
VSWS,B,20260617,539124,,Sarvottam Finvest,    20.0000,    20.5700,    19.5500,    19.7600,       3137,          7,               61980
VSWS,B,20260617,539126,,MEP Infra Developers,     0.8100,     0.8100,     0.8000,     0.8000,      13605,         26,               10928
VSWS,B,20260617,539132,,Wardwizard Foods & B,    10.1000,    10.1500,     9.6100,     9.8700,     398054,        309,             3902801
VSWS,B,20260617,539141,,UFO Moviez India,    73.8500,    76.0300,    73.8500,    75.7700,       1883,         84,              140961
VSWS,B,20260617,539143,,Panth Infinity,    11.1000,    11.2700,    10.8100,    11.0700,      12633,         92,              138816
VSWS,B,20260617,539148,,Shivalik Rasayan,   230.0000,   230.0000,   221.3000,   222.9000,       3576,         50,              803254
VSWS,B,20260617,539149,,Integrated Cap Ser,     4.5100,     4.5500,     4.2000,     4.3400,       7112,         22,               30118
VSWS,B,20260617,539150,,PNC Infratech,   206.1500,   213.7000,   205.6000,   213.0500,      78148,       1766,            16385088
VSWS,B,20260617,539151,,Arfin India,    95.7700,   100.5900,    95.7000,    98.8300,     155320,       1281,            15358065
VSWS,B,20260617,539167,,Virat Leasing,    52.0000,    52.0000,    51.8000,    51.8000,          6,          2,                 311
VSWS,B,20260617,539176,,Hawa Engineers,    94.0000,    94.0000,    81.9000,    86.8600,        349,         15,               29670
VSWS,B,20260617,539177,,Authum Investment &,   557.9500,   561.0000,   545.2000,   548.7000,      48107,       1081,            26499473
VSWS,B,20260617,539189,,Adhbhut Infrastructu,    14.1500,    14.9900,    14.1500,    14.2100,        485,          4,                6959
VSWS,B,20260617,539190,,Decillion Finance,    39.9200,    39.9200,    39.9200,    39.9200,       5370,         25,              214370
VSWS,B,20260617,539195,,POCL Enterprises,   181.0000,   182.6000,   171.1000,   181.7000,      40933,        375,             7332828
VSWS,B,20260617,539196,,Amba Enterprises,   126.8500,   128.0000,   123.0000,   124.6000,      11736,        152,             1475692
VSWS,B,20260617,539199,,SG Finserve,   620.2000,   625.0000,   579.2000,   580.8500,      17441,        634,            10326164
VSWS,B,20260617,539200,,Noble Polymers,     4.2700,     4.2700,     4.2700,     4.2700,      11001,          3,               46974
VSWS,B,20260617,539201,,Satia Industries,    54.3000,    56.9000,    54.3000,    55.9800,      26155,         95,             1474795
VSWS,B,20260617,539206,,Genomic Valley Biote,    31.0000,    31.0000,    31.0000,    31.0000,       2833,         14,               87823
VSWS,B,20260617,539216,,Garment Mantra Lifes,     1.1500,     1.1700,     1.1200,     1.1600,     744072,        257,              855600
VSWS,B,20260617,539217,,Srestha Finvest,     0.2500,     0.2500,     0.2300,     0.2400,    3562851,        497,              859546
VSWS,B,20260617,539218,,Saumya Consultants,   135.0500,   135.0500,   130.8000,   130.8000,        137,         11,               18193
VSWS,B,20260617,539219,,Mauria Udyog,     9.3800,     9.3900,     8.8300,     9.2800,      27826,        105,              254093
VSWS,B,20260617,539220,,Mishka Exim,    40.0100,    40.0100,    40.0000,    40.0100,        536,          5,               21440
VSWS,B,20260617,539221,,Sportking India,   184.0000,   184.0000,   176.7000,   177.4500,      12667,        216,             2262053
VSWS,B,20260617,539222,,Growington Ventures,     0.7200,     0.7600,     0.7000,     0.7500,    3807864,        680,             2729597
VSWS,B,20260617,539224,,HCKK Ventures,    34.3500,    35.0500,    34.3500,    34.4500,        812,          9,               28169
VSWS,B,20260617,539226,,Rudra Global Infra P,    18.3700,    18.8000,    18.1900,    18.6000,       4693,         23,               87300
VSWS,B,20260617,539227,,Loyal Equipments,   160.5500,   162.9000,   157.5000,   159.4500,       9791,        113,             1568204
VSWS,B,20260617,539228,,Gala Global Products,     1.5000,     1.5000,     1.5000,     1.5000,      27572,         53,               41358
VSWS,B,20260617,539251,,Balkrishna Paper Mil,    18.2800,    18.6500,    17.7200,    18.6500,        437,         12,                7855
VSWS,B,20260617,539252,,Shyam Century Ferrou,     5.0000,     5.1500,     4.8200,     5.0000,      31958,         84,              157058
VSWS,B,20260617,539254,,Adani Energy Solutio,  1491.1000,  1495.9000,  1470.0000,  1489.8000,      96168,       4352,           142631003
VSWS,B,20260617,539255,,Star Delta Transform,   628.2500,   686.0000,   612.1500,   653.1000,      23554,        534,            15476903
VSWS,B,20260617,539267,,Samsrita Labs,    15.2000,    15.2000,    14.5500,    14.8000,        635,         16,                9432
VSWS,B,20260617,539268,,Syngene Internationa,   458.9000,   458.9000,   447.1500,   448.7500,      26128,       1979,            11775195
VSWS,B,20260617,539275,,Mangalam Seeds,   116.6500,   124.4000,   116.6500,   122.9500,       2442,         54,              290219
VSWS,B,20260617,539276,,Kaya,   261.5500,   263.3000,   253.9500,   254.1000,        429,         26,              110818
VSWS,B,20260617,539278,,Symbiox Invest & Tra,     1.8700,     1.8700,     1.7500,     1.7900,      24659,         27,               44547
VSWS,B,20260617,539287,,Ortin Global,    17.0100,    17.0200,    17.0100,    17.0200,       2053,          7,               34939
VSWS,B,20260617,539289,,Aurum Proptech,   196.7500,   205.9500,   196.0000,   201.1500,      20142,        553,             4073864
VSWS,B,20260617,539290,,Oswal Green Tech,    23.9000,    24.5700,    23.9000,    24.3100,      11434,        163,              277935
VSWS,B,20260617,539300,,Sunrakshakk Industri,   327.6000,   333.0000,   325.0000,   330.0000,       4234,        110,             1398612
VSWS,B,20260617,539301,,Arvind Smartspaces,   604.0000,   629.7000,   597.5500,   615.9000,      12470,        716,             7686760
VSWS,B,20260617,539302,,Power Mech Projects,  2785.1000,  2868.8000,  2785.1000,  2844.5000,       7304,        863,            20737513
VSWS,B,20260617,539309,,Rama Steel Tubes,     5.1100,     5.2000,     4.9700,     5.0100,    1515382,       1494,             7675676
VSWS,B,20260617,539310,,Thinkink Picturez,     0.1900,     0.1900,     0.1900,     0.1900,    1630110,        373,              309720
VSWS,B,20260617,539312,,UTI BSE SEN ETF,   848.0200,   851.8200,   848.0200,   849.7600,         63,         12,               53617
VSWS,B,20260617,539313,,UTI Nifty 50 ETF,   267.7000,   268.5500,   264.7600,   265.5700,       1243,         96,              331370
VSWS,B,20260617,539314,,Universal Autofoundr,    52.0000,    53.5000,    50.6000,    51.6300,       6558,        110,              341597
VSWS,B,20260617,539331,,Veto Switchgears And,   143.1500,   144.2000,   137.0000,   137.6000,      20785,        236,             2892415
VSWS,B,20260617,539332,,Navkar Corporation,   107.1000,   108.9400,   104.4100,   105.1800,      37469,        383,             3994477
VSWS,B,20260617,539334,,Shree Pushkar Chemic,   380.3500,   384.0000,   374.7500,   376.6500,       1119,         63,              426469
VSWS,B,20260617,539335,,Callista Industries,   182.0000,   182.0000,   181.9000,   181.9000,        160,          4,               29119
VSWS,B,20260617,539336,,Gujarat Energy,   399.8000,   404.0000,   396.0000,   397.3500,      19367,        746,             7748040
VSWS,B,20260617,539337,,Waaree Technologies,   250.0000,   267.4000,   248.1000,   265.7500,      21525,        100,             5643925
VSWS,B,20260617,539346,,Sadbhav Infrastructu,     3.0000,     3.0000,     2.9000,     2.9200,      26876,         38,               78990
VSWS,B,20260617,539353,,Sal Automotive,   190.0000,   193.9000,   184.0000,   187.2000,        116,         20,               21730
VSWS,B,20260617,539354,,Polyspin Exports,    29.7600,    29.7600,    28.1200,    28.7400,       1667,         49,               48078
VSWS,B,20260617,539359,,Pritika Auto Industr,    14.6500,    17.0000,    14.6500,    16.6300,     147166,        578,             2361971
VSWS,B,20260617,539378,,Soni Medicare,    71.9000,    71.9000,    71.9000,    71.9000,         50,          1,                3595
VSWS,B,20260617,539391,,Acme Resources,    30.0000,    30.9900,    29.0000,    30.8900,       7339,         15,              213593
VSWS,B,20260617,539398,,Vishal Bearings,    59.6400,    63.0000,    59.2100,    59.7700,       3731,         41,              227739
VSWS,B,20260617,539399,,Bella Casa Fashion &,   239.0000,   244.5000,   237.7500,   243.5000,       2084,         38,              498446
VSWS,B,20260617,539400,,Mallcom (India),  1080.0000,  1100.0000,  1066.1500,  1097.9000,       2267,        463,             2455293
VSWS,B,20260617,539402,,Naksh Precious Metal,     4.4500,     4.4500,     4.3000,     4.4000,       6803,         19,               30188
VSWS,B,20260617,539404,,Satin Creditcare Net,   231.0000,   237.7000,   231.0000,   235.7500,      11332,        178,             2666712
VSWS,B,20260617,539405,,Decorous Invest & Tr,    14.1400,    14.1400,    13.6400,    14.0000,        311,          5,                4297
VSWS,B,20260617,539406,,Swagtam Trading & Se,    58.3000,    62.4600,    56.5300,    62.4400,        321,         10,               18263
VSWS,B,20260617,539407,,Generic Eng Con & Pr,    38.3200,    38.5900,    37.7500,    38.1800,       5885,         46,              223534
VSWS,B,20260617,539408,,Kuber Udyog,    22.2400,    22.2500,    22.2400,    22.2500,        705,          5,               15683
VSWS,B,20260617,539428,,Tejnaksh Healthcare,    15.5500,    15.5500,    14.8000,    15.0900,      10948,         48,              167186
VSWS,B,20260617,539435,,Richfield Fin Ser,    27.6500,    27.6500,    24.7500,    24.7500,      18651,         81,              469476
VSWS,B,20260617,539436,,Coffee Day Enterpris,    33.1500,    34.9000,    33.0600,    34.2000,      81280,        435,             2799007
VSWS,B,20260617,539437,,IDFC First Bank,    77.4800,    78.3300,    77.1500,    77.3900,     747514,       5225,            57976050
VSWS,B,20260617,539448,,InterGlobe Aviation,  4889.6500,  4896.3500,  4845.0000,  4878.3000,      32153,       4490,           156584234
VSWS,B,20260617,539449,,IGC Industries Ltd,     2.3700,     2.3700,     2.2600,     2.3200,      30940,         98,               72275
VSWS,B,20260617,539450,,S H Kelkar & Company,   144.3500,   144.9000,   134.5000,   137.5500,     113357,        656,            15757745
VSWS,B,20260617,539455,,Ecofinity Atomix,    48.6000,    50.5900,    48.5300,    49.3200,      13052,         30,              641399
VSWS,B,20260617,539468,,Typhoon Financial Se,    40.7000,    40.7000,    38.0000,    38.0000,          3,          3,                 116
VSWS,B,20260617,539469,,Panorama Studios Int,    46.8100,    47.1000,    45.9900,    46.2000,     124650,        293,             5793827
VSWS,B,20260617,539470,,Shree Ganesh Biotech,     0.5900,     0.6000,     0.5800,     0.5900,     406531,        283,              238873
VSWS,B,20260617,539479,,GTV Engineering,    74.6000,    78.0000,    74.6000,    76.1100,     126802,        336,             9723146
VSWS,B,20260617,539480,,LIC Nomura MF ETF Ni,   268.3000,   269.8300,   267.9600,   267.9700,        382,          7,              102411
VSWS,B,20260617,539487,,LIC Nomura - Sensex,   863.0600,   863.0600,   863.0600,   863.0600,         69,          1,               59551
VSWS,B,20260617,539492,,Garbi Finvest,    10.2900,    10.2900,    10.0200,    10.2500,       1144,         13,               11698
VSWS,B,20260617,539494,,Smart Finsec,     7.9500,     8.6000,     7.9000,     8.0600,       7467,        109,               60794
VSWS,B,20260617,539495,,Rajkot Investment Tr,    46.2100,    46.2100,    41.5500,    43.3300,         12,          6,                 538
VSWS,B,20260617,539506,,Adcon Capital Servic,     0.7700,     0.7700,     0.6400,     0.6600,    2632277,        657,             1854401
VSWS,B,20260617,539515,,Quint Digital,    43.7800,    43.7800,    41.2500,    42.0900,       5935,         33,              249197
VSWS,B,20260617,539516,,HDFC Nifty 50 ETF,   275.2600,   275.2600,   265.8000,   270.6200,       4123,        172,             1113049
VSWS,B,20260617,539517,,HDFC BSE Sensex ETF,    87.0000,    87.3500,    86.7800,    87.1200,        758,         64,               66053
VSWS,B,20260617,539518,,Uday Jewellery Indus,   165.0000,   165.0000,   147.3000,   149.4500,       1725,         57,              260935
VSWS,B,20260617,539519,,Sattva Sukun Lifecar,     0.7600,     0.7600,     0.7500,     0.7500,     368818,        108,              276866
VSWS,B,20260617,539521,,Navigant Corp Adviso,    72.9200,    72.9200,    72.9200,    72.9200,       1250,          1,               91150
VSWS,B,20260617,539522,,Grovy India,    45.0000,    48.5000,    44.4100,    47.9800,      11868,         52,              560559
VSWS,B,20260617,539523,,Alkem Laboratories,  5345.0500,  5365.0000,  5332.6500,  5346.8500,       1083,        244,             5793910
VSWS,B,20260617,539524,,Dr Lal PathLabs,  1655.1000,  1693.9000,  1636.3000,  1650.5000,      25815,       1594,            42920838
VSWS,B,20260617,539526,,Suncare Traders,     0.4600,     0.4600,     0.4400,     0.4500,     666148,        244,              297519
VSWS,B,20260617,539527,,Creative Castings,   550.0000,   554.0000,   550.0000,   553.5000,         12,          5,                6610
VSWS,B,20260617,539528,,Aayush Wellness,    28.9000,    29.6000,    28.5000,    28.7700,     107372,        633,             3105500
VSWS,B,20260617,539533,,Elitecon Internation,    29.9000,    30.3000,    28.8700,    29.0300,     253106,        960,             7418718
VSWS,B,20260617,539542,,Lux Industries,  1315.9000,  1338.0000,  1237.0000,  1242.8000,       5258,        562,             6739706
VSWS,B,20260617,539544,,Abhishek Infraventur,     8.4000,     8.4500,     8.4000,     8.4300,        151,          4,                1273
VSWS,B,20260617,539545,,Apoorva Leasing Fin,    31.7000,    32.9500,    30.5100,    31.0700,       2051,         25,               63175
VSWS,B,20260617,539546,,Agribio Spirits,   301.0000,   301.0000,   292.0500,   293.3000,      13075,         97,             3873370
VSWS,B,20260617,539551,,Narayana Hrudayalaya,  1862.9000,  1873.1000,  1836.0000,  1842.9500,      17019,       1568,            31489858
VSWS,B,20260617,539552,,F Mec Inter Fin Ser,    15.6000,    16.0500,    15.5700,    15.5700,     942859,        340,            14682495
VSWS,B,20260617,539559,,Deep Health AI India,     2.4300,     2.4300,     2.3000,     2.3300,     586234,        737,             1381013
VSWS,B,20260617,539561,,Supha Pharmachem,     0.2500,     0.2700,     0.2500,     0.2700,   24247731,       2631,             6365583
VSWS,B,20260617,539562,,Aarnav Fashions,    24.9600,    25.4000,    24.9600,    25.0300,        807,         11,               20439
VSWS,B,20260617,539593,,Shivansh Finserve,    11.2600,    11.2600,    10.9200,    10.9200,       1425,         10,               15571
VSWS,B,20260617,539594,,Mishtann Foods,     3.9100,     4.0400,     3.9000,     3.9900,    1364813,       1922,             5432378
VSWS,B,20260617,539596,,Delta Indl Resources,    11.6900,    12.2400,    11.6900,    12.2400,       1597,         12,               18674
VSWS,B,20260617,539598,,Credent Global Finan,    30.3500,    30.3500,    28.2800,    28.8100,      14379,        141,              414556
VSWS,B,20260617,539599,,Kotia Enterprises,    26.0000,    26.0000,    26.0000,    26.0000,          1,          1,                  26
VSWS,B,20260617,539607,,Blue Cloud Softech S,    18.6100,    18.8000,    18.3000,    18.6300,     905675,       1651,            16861971
VSWS,B,20260617,539620,,Kanoria Energy & Inf,    16.4300,    17.3000,    16.3400,    16.8400,        482,         22,                8149
VSWS,B,20260617,539621,,BCL Enterprises,     0.5900,     0.6400,     0.5900,     0.6400,     239457,         38,              144279
VSWS,B,20260617,539636,,Precision Camshafts,   150.2000,   151.0000,   148.7000,   149.8000,       6534,        177,              979116
VSWS,B,20260617,539658,,TeamLease Services,  1428.6500,  1438.4000,  1409.4000,  1431.7500,       1642,        155,             2333349
VSWS,B,20260617,539659,,Vikram Kamats Hospit,    42.4200,    42.4200,    39.1300,    40.9500,        956,         14,               39245
VSWS,B,20260617,539660,,Best Agrolife,    16.4000,    16.4000,    15.7000,    15.8700,      41045,        305,              651685
VSWS,B,20260617,539661,,Ace Men Engg Works,    97.5000,    99.4500,    95.0000,    99.4500,         30,         20,                2912
VSWS,B,20260617,539662,,BFL Asset Finvest,     6.5800,     6.6500,     6.5800,     6.6500,       9525,         25,               63231
VSWS,B,20260617,539669,,RGF Capital Markets,     1.8300,     1.8300,     1.8300,     1.8300,      41698,         57,               76307
VSWS,B,20260617,539673,,Radhagobind Commerci,     3.0400,     3.0400,     2.9200,     3.0400,      42036,         10,              122987
VSWS,B,20260617,539678,,Quick Heal Technolog,   172.0000,   175.9000,   171.9500,   173.9500,      12027,        143,             2087404
VSWS,B,20260617,539679,,Kapil Raj Finance,     2.3000,     2.3000,     2.3000,     2.3000,     351693,        168,              808893
VSWS,B,20260617,539682,,Mobavenue AI Tech,   303.0000,   315.0000,   303.0000,   308.4500,     135368,        940,            41604216
VSWS,B,20260617,539686,,K P Energy,   351.4000,   356.6000,   350.4000,   354.9500,      36392,        532,            12855512
VSWS,B,20260617,539692,,Interactive Financia,    13.5000,    13.9200,    13.4500,    13.5000,      15048,         34,              203432
VSWS,B,20260617,539697,,Hiliks Technologies,    56.0700,    58.9500,    53.0000,    54.3500,      24524,        222,             1333411
VSWS,B,20260617,539724,,Hypersoft Technologi,   205.0000,   205.0000,   203.6500,   205.0000,      29408,         56,             6014365
VSWS,B,20260617,539725,,Gokul Agro Resources,   223.9000,   229.5000,   222.0500,   228.3500,      20501,        524,             4610322
VSWS,B,20260617,539730,,Fredun Pharmaceutica,  2540.0000,  2699.0000,  2539.9500,  2610.1500,      15725,       1460,            41247745
VSWS,B,20260617,539742,,Simbhaoli Sugars,     6.8400,     6.9200,     6.6600,     6.8400,       1386,         33,                9444
VSWS,B,20260617,539760,,Relicab Cable Manufa,    36.6000,    38.2500,    35.5800,    37.4200,      13098,        123,              488022
VSWS,B,20260617,539761,,Vantage Knowledge Ac,     1.0200,     1.0300,     0.9800,     1.0200,     253933,        239,              255664
VSWS,B,20260617,539762,,Modern Engineering &,    33.0000,    33.0000,    28.7000,    29.0900,      53359,        226,             1575166
VSWS,B,20260617,539767,,Mega Nirman & Indust,    42.5000,    42.5000,    38.0000,    38.9300,       4143,         36,              159971
VSWS,B,20260617,539770,,Darjeeling Industrie,    35.2800,    35.2800,    31.9200,    34.9500,        106,         15,                3711
VSWS,B,20260617,539773,,Advik Capital,     1.3400,     1.3800,     1.3100,     1.3200,     892866,        406,             1195798
VSWS,B,20260617,539784,,LIC MF Nifty 100,   273.3000,   274.6300,   266.4600,   274.6300,        234,         12,               63715
VSWS,B,20260617,539785,,Pudumjee Paper Produ,    83.6900,    84.0000,    82.4000,    82.9200,       3858,        193,              320452
VSWS,B,20260617,539787,,HealthCare Global En,   623.5500,   639.6500,   623.5500,   625.4000,       5466,        331,             3459850
VSWS,B,20260617,539798,,Umiya Tubes,    41.4000,    41.4000,    38.0000,    39.9200,      15498,         67,              604818
VSWS,B,20260617,539799,,Bharat Wire Ropes,   220.1500,   220.1500,   211.9500,   213.2500,      23346,        512,             5024295
VSWS,B,20260617,539800,,CHD Chemicals,     6.2000,     6.2000,     5.6600,     5.6600,       3398,         16,               19292
VSWS,B,20260617,539807,,AvenuesAI,    14.3300,    14.6300,    14.2000,    14.2900,     944636,       1473,            13621955
VSWS,B,20260617,539814,,LE Lavoir,   156.0000,   164.0000,   148.6500,   157.2500,       1462,         47,              229376
VSWS,B,20260617,539834,,Balgopal Commercial,   169.9500,   170.0000,   162.0000,   162.0500,        796,          9,              132666
VSWS,B,20260617,539835,,Superior Finlease,     1.7000,     1.7800,     1.7000,     1.7800,        518,          7,                 908
VSWS,B,20260617,539837,,Raghav Productivity,  1209.8000,  1215.9500,  1190.2500,  1201.1000,      17984,       1257,            21602515
VSWS,B,20260617,539841,,Lancer Container Lin,    10.3900,    10.4000,    10.0600,    10.2900,     156846,        460,             1610668
VSWS,B,20260617,539843,,NINtec Systems,   720.0000,   720.0000,   685.0000,   698.0000,         67,         12,               46272
VSWS,B,20260617,539854,,Halder Venture,   234.3500,   242.1500,   232.8500,   237.6500,        104,         10,               24807
VSWS,B,20260617,539871,,Thyrocare Technologi,   539.7500,   540.0000,   530.6000,   533.0000,      10384,        375,             5561590
VSWS,B,20260617,539872,,Bajaj Healthcare,   305.7000,   305.7500,   298.0000,   299.4000,       7084,        328,             2130575
VSWS,B,20260617,539875,,RSD Finance,    82.8200,    82.8200,    82.8000,    82.8000,         86,         17,                7121
VSWS,B,20260617,539876,,Crompton Greaves Con,   266.2500,   276.8000,   266.2500,   275.7500,     220123,       4032,            60080646
VSWS,B,20260617,539883,,Pilani Invest & Ind,  4404.0000,  4441.2500,  4387.0000,  4419.7500,         99,         24,              437582
VSWS,B,20260617,539884,,Darshan Orna,     2.3400,     2.4000,     2.3400,     2.3500,      31916,         72,               75774
VSWS,B,20260617,539889,,Parag Milk Foods,   235.6500,   235.6500,   225.0500,   226.4500,      38013,        953,             8685976
VSWS,B,20260617,539894,,Madhav Infra Project,     8.9800,     9.1700,     8.9000,     9.0000,      46249,         82,              418245
VSWS,B,20260617,539895,,Spice Lounge Food Wo,    24.9000,    24.9000,    24.0000,    24.4600,      54180,        181,             1324992
VSWS,B,20260617,539900,,Dalmia Indl Developm,    11.4500,    11.4500,     9.4500,    10.5200,       2157,         20,               22401
VSWS,B,20260617,539921,,Shanti Educational I,   208.8000,   210.0000,   205.1000,   206.2500,     174840,       2156,            36278978
VSWS,B,20260617,539927,,Likhami Consulting,   324.1000,   324.1000,   324.1000,   324.1000,         31,          1,               10047
VSWS,B,20260617,539938,,Medico Intercontinen,    27.3000,    27.3000,    24.5600,    26.8100,        961,         77,               25184
VSWS,B,20260617,539939,,Yash Chemex,    49.9900,    49.9900,    49.5000,    49.9500,       2634,         26,              130769
VSWS,B,20260617,539945,,ICICI Pru Nifty50 Va,    13.9100,    13.9500,    13.8500,    13.9300,       3674,        195,               51081
VSWS,B,20260617,539946,,Bazel International,    20.1000,    21.9800,    19.9000,    19.9600,       3840,         39,               77973
VSWS,B,20260617,539956,,TAAL Tech,  3337.2500,  3399.0000,  3318.3500,  3381.6500,        210,         82,              704242
VSWS,B,20260617,539957,,Mahanagar Gas,  1195.3500,  1229.5500,  1191.0500,  1208.5000,      18814,       1525,            22733793
VSWS,B,20260617,539963,,Zeal Aqua,    11.8400,    11.8400,    11.5100,    11.6300,      79942,        189,              930364
VSWS,B,20260617,539978,,Quess Corp,   250.3000,   251.7500,   246.2500,   249.7000,      35837,        633,             8934415
VSWS,B,20260617,539979,,Digjam,    44.7700,    44.7700,    43.5300,    44.0300,         48,          9,                2103
VSWS,B,20260617,539980,,ICICI Pru BSE MCap S,    18.3100,    18.9500,    18.3100,    18.9000,       8638,         38,              163112
VSWS,B,20260617,539985,,Titaanium Ten Enter,    23.1600,    24.9300,    23.0000,    24.3900,      12000,         12,              284930
VSWS,B,20260617,539986,,Commercial Syn Bags,   161.0000,   173.0000,   152.8000,   168.7000,      10825,        682,             1794217
VSWS,B,20260617,539991,,Confidence Futuristi,    39.1500,    39.3900,    37.0000,    37.7700,      18248,        132,              693580
VSWS,B,20260617,539992,,Lloyds Engineering W,    80.8500,    88.7500,    80.1000,    87.6300,    7416449,      28007,           632140479
VSWS,B,20260617,539997,,Kwality Pharmaceutic,  2468.8000,  2469.0000,  2350.0000,  2360.8000,       8160,       1451,            19377735
VSWS,B,20260617,540005,,LTM,  4049.6500,  4070.0000,  3985.0000,  3992.6000,      13324,       2177,            53503804
VSWS,B,20260617,540006,,East West Freight Ca,     2.5600,     2.7600,     2.5600,     2.7100,      43621,         86,              117372
VSWS,B,20260617,540008,,AB SL BSE Sensex ETF,    76.9600,    77.6500,    76.9600,    77.2500,        247,         16,               19091
VSWS,B,20260617,540023,,Colorchips New Media,    13.8000,    13.8000,    12.5500,    13.0500,       8339,         87,              108706
VSWS,B,20260617,540025,,Advanced Enzyme Tech,   373.5000,   374.5500,   365.9500,   373.9500,       5097,        170,             1882526
VSWS,B,20260617,540026,,Ladam Affordable Hou,     7.1000,     7.1000,     6.7800,     7.0800,        142,          6,                 974
VSWS,B,20260617,540047,,Dilip Buildcon,   434.0000,   440.8000,   430.6500,   431.1500,       6326,        180,             2734356
VSWS,B,20260617,540048,,S P Apparels,   845.0000,   855.8500,   829.1000,   829.6500,       4149,        144,             3486177
VSWS,B,20260617,540061,,Bigbloc Construction,    50.6500,    51.3200,    50.2200,    50.2500,       1242,         40,               62731
VSWS,B,20260617,540065,,RBL Bank,   370.7000,   371.7500,   365.7500,   368.8500,     518504,       8043,           191096508
VSWS,B,20260617,540073,,BLS International Se,   265.7500,   268.0000,   262.6000,   264.7500,      48771,        803,            12935854
VSWS,B,20260617,540078,,Mitsu Chem Plast,   165.0000,   165.5000,   160.0000,   163.9500,      45557,        289,             7469287
VSWS,B,20260617,540079,,Sprayking,     1.1600,     1.1700,     1.1400,     1.1500,     234376,        243,              270265
VSWS,B,20260617,540080,,Dhatre Udyog,     4.7000,     4.9000,     4.7000,     4.8300,      24098,        133,              116492
VSWS,B,20260617,540081,,SAB Events & Gov Now,     8.3200,     8.3200,     7.5600,     7.7300,       2394,         15,               18907
VSWS,B,20260617,540083,,TV Vision,     5.5000,     5.5000,     5.4600,     5.4900,         54,          3,                 296
VSWS,B,20260617,540097,,Gamco,    43.6700,    46.2400,    43.6700,    45.6000,      83997,        172,             3819883
VSWS,B,20260617,540115,,L&T Technology Servi,  3473.0000,  3504.7500,  3440.0000,  3453.2500,       3353,        458,            11636533
VSWS,B,20260617,540124,,GNA Axles,   385.8000,   394.1500,   383.0000,   392.2000,       5945,        229,             2316038
VSWS,B,20260617,540125,,Radhika Jeweltech,    60.0000,    60.0000,    57.1000,    57.4100,      11575,        185,              668539
VSWS,B,20260617,540132,,Sabrimala Ind India,    13.7900,    13.7900,    12.0100,    12.3400,       3380,         19,               42684
VSWS,B,20260617,540133,,ICICI Pru Life Insur,   494.8500,   505.1500,   490.6500,   504.2500,      86386,       1361,            43061113
VSWS,B,20260617,540134,,Ishaan Infrastruc &,    15.8500,    15.8500,    15.8500,    15.8500,         25,          1,                 396
VSWS,B,20260617,540135,,ARC Finance,     0.5500,     0.5600,     0.5500,     0.5600,    1370114,        548,              763298
VSWS,B,20260617,540136,,HPL Electric & Power,   384.8000,   389.2000,   378.5500,   382.8500,      23638,        731,             9074983
VSWS,B,20260617,540143,,Sagarsoft (India),    80.3800,    80.3800,    73.2000,    77.8700,       2652,         62,              203790
VSWS,B,20260617,540145,,Valiant Organics,   285.7500,   315.0000,   285.7500,   311.3000,      35768,       1334,            11066016
VSWS,B,20260617,540147,,Shashijit Infraproje,     2.0600,     2.2500,     2.0600,     2.2200,      32668,         87,               71680
VSWS,B,20260617,540153,,Endurance Technologi,  2616.0500,  2616.0500,  2560.0000,  2585.1500,       4768,        767,            12324088
VSWS,B,20260617,540159,,Purple Agrotech Indu,     6.1700,     6.2100,     6.1700,     6.2100,       4909,          8,               30368
VSWS,B,20260617,540168,,Supra Pacific Financ,    31.8900,    32.5000,    31.5000,    31.9500,      84806,        266,             2697100
VSWS,B,20260617,540173,,PNB Housing Finance,  1032.3500,  1032.3500,  1002.5500,  1003.8500,      22653,       3126,            22931376
VSWS,B,20260617,540174,,Southern Infoconsult,    21.5300,    22.5000,    21.5300,    22.0000,        274,         11,                6007
VSWS,B,20260617,540175,,Regency Fincorp,    34.3300,    36.7500,    33.4500,    36.5500,     192044,        229,             6853462
VSWS,B,20260617,540180,,Varun Beverages,   541.8000,   555.6000,   540.8500,   544.1500,     838021,       6577,           460227166
VSWS,B,20260617,540181,,Salem Erode Investme,    36.0000,    38.9900,    36.0000,    36.6600,       1126,          8,               40992
VSWS,B,20260617,540189,,Unipro Technologies,    19.4000,    20.6000,    19.4000,    20.1000,        128,          7,                2567
VSWS,B,20260617,540190,,Franklin Industries,     0.4000,     0.4000,     0.3900,     0.4000,    1556276,        502,              617852
VSWS,B,20260617,540192,,LKP Securities,    17.5000,    17.5000,    16.9500,    17.2100,      11859,         67,              202191
VSWS,B,20260617,540198,,Osiajee Texfab,   438.3500,   438.4000,   413.2000,   421.3000,      93905,        640,            39643472
VSWS,B,20260617,540199,,Corporate Merchant B,    56.7000,    61.2500,    56.7000,    60.0000,        915,         12,               54839
VSWS,B,20260617,540203,,Sheela Foam,   699.0000,   711.0000,   699.0000,   709.2500,       7315,        286,             5165421
VSWS,B,20260617,540204,,EIKO Lifesciences,    51.9400,    52.5000,    51.0000,    51.4800,       4918,         77,              253660
VSWS,B,20260617,540205,,Aditya Vision,   591.9500,   614.7500,   582.8500,   607.1000,      74762,       4570,            45080540
VSWS,B,20260617,540210,,Heads UP Ventures,     7.1100,     7.8500,     6.8100,     7.5500,      12434,         71,               89591
VSWS,B,20260617,540212,,TCI Express,   534.9500,   542.0000,   534.8000,   539.2500,       2212,        189,             1187344
VSWS,B,20260617,540222,,Laurus Labs,  1389.3000,  1389.3000,  1357.6000,  1368.9500,      32832,       1935,            44914698
VSWS,B,20260617,540243,,New Light Industries,     1.3900,     1.3900,     1.3200,     1.3300,      85559,        128,              116077
VSWS,B,20260617,540252,,Viram Suvarn,    11.0000,    11.0000,    10.6900,    10.9900,     410891,        320,             4501179
VSWS,B,20260617,540254,,Marg Techno Projects,    33.6700,    37.2100,    33.6700,    35.3800,      43510,        142,             1516333
VSWS,B,20260617,540259,,Shangar Decor,     0.2200,     0.2300,     0.2200,     0.2300,    1189685,        183,              272356
VSWS,B,20260617,540266,,Globe Multi Ventures,    21.7900,    22.1400,    21.1100,    21.6200,       9520,        172,              206478
VSWS,B,20260617,540267,,Flora Corporation,     7.4500,     7.4500,     7.4500,     7.4500,       1002,          5,                7464
VSWS,B,20260617,540268,,TruCap Finance,     5.6400,     5.9800,     5.6400,     5.8100,       5909,         22,               34816
VSWS,B,20260617,540293,,Pricol,   584.7500,   586.0000,   568.3000,   569.2500,      24400,        944,            14106231
VSWS,B,20260617,540311,,JITF Infralogistics,   302.3500,   306.6000,   295.5000,   297.0500,       1454,        251,              433330
VSWS,B,20260617,540332,,Tanvi Foods (India),    70.0000,    70.0000,    70.0000,    70.0000,       1000,          1,               70000
VSWS,B,20260617,540358,,RMC Switchgears,   314.7000,   314.7000,   301.5500,   302.3500,       4549,        114,             1392001
VSWS,B,20260617,540359,,Parmax Pharma,    66.6900,    66.6900,    66.6900,    66.6900,       2824,         16,              188332
VSWS,B,20260617,540360,,Leading Lea Fin & In,     1.3200,     1.3200,     1.2800,     1.3000,    1303754,        469,             1689571
VSWS,B,20260617,540361,,Danube Industries,     5.0000,     5.1900,     4.8300,     5.1000,      83085,        138,              422129
VSWS,B,20260617,540366,,Music Broadcast,     6.5600,     6.6600,     6.1000,     6.3600,      10670,         61,               68117
VSWS,B,20260617,540376,,Avenue Supermarts,  4255.6500,  4304.7500,  4196.9000,  4290.1500,     142025,       3385,           602184696
VSWS,B,20260617,540377,,IFL Enterprises,     0.4100,     0.4200,     0.4000,     0.4100,    1301496,        508,              530234
VSWS,B,20260617,540386,,Ontic Finserve,     1.3800,     1.5000,     1.3800,     1.5000,     658012,        217,              967310
VSWS,B,20260617,540393,,Sarthak Metals,    72.0000,    72.9000,    70.6900,    70.7700,       2994,         40,              214838
VSWS,B,20260617,540395,,Chemcrux Enterprises,    90.0100,    91.0000,    90.0100,    90.5500,       3403,         81,              307389
VSWS,B,20260617,540396,,Manomay Tex India,   179.7500,   189.6500,   178.0500,   183.5000,      18331,        331,             3339754
VSWS,B,20260617,540401,,Maximus Internationa,    11.4700,    11.6000,    11.3000,    11.5100,      30191,        123,              346057
VSWS,B,20260617,540403,,CL Educate,    52.7100,    52.7100,    52.7100,    52.7100,        800,          4,               42168
VSWS,B,20260617,540404,,Prime Fresh,   218.1000,   220.6000,   215.4000,   217.4500,       4752,         75,             1032473
VSWS,B,20260617,540405,,Oceanic Foods,    58.0000,    58.0000,    56.0000,    56.3900,       2372,         23,              135746
VSWS,B,20260617,540425,,Shankara Building Pr,   117.1000,   117.1000,   117.0000,   117.1000,      43247,         38,             5064011
VSWS,B,20260617,540455,,Escorp Asset Managem,    99.0000,   105.9500,    99.0000,   102.4000,        440,         12,               44716
VSWS,B,20260617,540467,,Parmeshwari Silk Mil,   216.7000,   216.7000,   216.7000,   216.7000,          5,          1,                1083
VSWS,B,20260617,540481,,Classic Leasing & Fi,    54.0000,    55.4400,    53.8700,    54.8500,       2725,         19,              150353
VSWS,B,20260617,540492,,Starlineps Enterpris,    10.9200,    10.9900,    10.4500,    10.6300,     347010,        336,             3715204
VSWS,B,20260617,540497,,S Chand & Company,   149.3000,   151.9000,   148.2500,   148.7500,        721,         36,              108032
VSWS,B,20260617,540515,,Kanungo Financiers,     9.4400,     9.4400,     9.4400,     9.4400,       7600,          5,               71744
VSWS,B,20260617,540519,,Meera Industries,    53.9000,    53.9000,    49.5000,    51.2000,      11226,         95,              579454
VSWS,B,20260617,540530,,Housing & Urban Dev,   213.6000,   216.8000,   213.0000,   213.6000,     369715,       3922,            79340310
VSWS,B,20260617,540544,,PSP Projects,   917.1000,   923.5000,   905.1000,   909.5500,       2814,        229,             2570032
VSWS,B,20260617,540545,,Guru Krupa Gems & Je,    35.0200,    37.8600,    35.0000,    37.4600,      50367,        106,             1868186
VSWS,B,20260617,540570,,Variman Global Enter,     3.8600,     3.9800,     3.6800,     3.7200,     209322,        159,              786705
VSWS,B,20260617,540575,,Star Cement,   213.4000,   218.3000,   213.4000,   214.7000,      33601,       1353,             7264583
VSWS,B,20260617,540590,,Riddhi Corporate Ser,    62.6100,    62.6100,    59.0000,    59.6700,       3405,         42,              204874
VSWS,B,20260617,540595,,Tejas Networks,   584.0000,   609.4000,   584.0000,   602.0000,     410340,       7686,           245975378
VSWS,B,20260617,540596,,Eris Lifesciences,  1377.4000,  1415.0000,  1377.4000,  1410.2000,       4488,        418,             6296532
VSWS,B,20260617,540597,,Indus Aluminium Recy,    18.0000,    18.9000,    17.1000,    18.0300,       8637,         35,              156979
VSWS,B,20260617,540602,,GTPL Hathway,    66.0200,    67.0300,    64.6500,    64.8700,       5623,        124,              365463
VSWS,B,20260617,540611,,AU Small Finance Ban,  1032.5000,  1032.5000,  1013.4500,  1020.7500,      17225,       1184,            17566041
VSWS,B,20260617,540612,,ICICIPru Nfty100LowV,    21.7700,    21.7800,    21.6600,    21.7500,      11404,        156,              247603
VSWS,B,20260617,540613,,Gautam Exim,    25.9500,    27.8500,    25.9500,    26.9500,      54000,         17,             1449150
VSWS,B,20260617,540615,,7NR Retail,     5.4100,     5.7500,     5.4100,     5.7200,     758403,        165,             4337102
VSWS,B,20260617,540642,,Salasar Techno Engin,     7.2500,     7.2500,     7.0800,     7.1700,     114550,        599,              818490
VSWS,B,20260617,540648,,Palash Securities,    95.2600,    95.2600,    95.2500,    95.2500,          3,          3,                 285
VSWS,B,20260617,540649,,Avadh Sugar & Energy,   460.0000,   460.0000,   450.4500,   458.5500,         88,          8,               40197
VSWS,B,20260617,540650,,Magadh Sugar & Energ,   451.7500,   455.1000,   449.5500,   453.8000,         34,         10,               15392
VSWS,B,20260617,540651,,Jigar Cables,    67.0000,    67.0000,    67.0000,    67.0000,       2000,          1,              134000
VSWS,B,20260617,540654,,Globalspace Technolo,    25.7000,    25.8300,    23.7500,    25.6400,      31216,        107,              789731
VSWS,B,20260617,540669,,UTI Nifty Next 50 ET,    77.4300,    77.7600,    77.3500,    77.7100,       3157,         41,              244898
VSWS,B,20260617,540673,,SIS,   424.9500,   433.0000,   423.6000,   425.5000,       3224,        151,             1385088
VSWS,B,20260617,540678,,Cochin Shipyard,  1434.7500,  1512.0000,  1434.0000,  1501.0500,     257155,      11039,           378616487
VSWS,B,20260617,540679,,Haleos Labs,  1385.7500,  1440.0000,  1370.0000,  1435.1500,         67,         40,               94085
VSWS,B,20260617,540680,,KIOCL,   409.6000,   416.9000,   408.6500,   410.3000,      27492,        907,            11310684
VSWS,B,20260617,540681,,Chothani Foods,     8.1600,     8.1600,     8.1600,     8.1600,       2500,          1,               20400
VSWS,B,20260617,540686,,Smruthi Organics,   115.0000,   122.9000,   114.4000,   118.6500,       4782,         44,              570144
VSWS,B,20260617,540691,,Aditya Birla Capital,   375.0000,   375.7500,   370.5000,   372.4500,     109408,       2217,            40708622
VSWS,B,20260617,540692,,Apex Frozen Foods,   421.0500,   421.8000,   414.8500,   416.6000,       6729,        250,             2807240
VSWS,B,20260617,540693,,Shish Industries,    11.4400,    11.4400,    10.8600,    10.9700,     591675,        759,             6497488
VSWS,B,20260617,540694,,ANG Lifesciences Ind,    28.0500,    31.4900,    28.0500,    31.3500,       2281,         51,               70268
VSWS,B,20260617,540696,,KCD Industries India,     4.2700,     4.2700,     4.0600,     4.1900,      13320,         50,               55441
VSWS,B,20260617,540699,,Dixon Technologies (, 12333.0000, 12889.9500, 12315.0000, 12832.5500,     121349,      20984,          1546676550
VSWS,B,20260617,540700,,Bharat Road Network,    19.0000,    19.1300,    18.6500,    19.0500,       8121,         80,              153472
VSWS,B,20260617,540701,,Dishman Carbogen Amc,   176.0000,   176.3500,   167.5000,   168.1500,      68817,       1756,            11770154
VSWS,B,20260617,540702,,Lasa Supergenerics,     7.4000,     7.7200,     7.2600,     7.4700,       3051,         18,               22719
VSWS,B,20260617,540703,,Pro CLB Global,    27.5000,    29.2000,    27.5000,    29.2000,       1720,         13,               49134
VSWS,B,20260617,540704,,Matrimony.com,   396.1500,   396.6500,   388.0500,   391.0000,        610,        154,              240164
VSWS,B,20260617,540709,,Reliance Home Financ,     2.2600,     2.2700,     2.1400,     2.1800,     259873,        165,              566851
VSWS,B,20260617,540710,,Capacit'e Infraproje,   236.9000,   239.3500,   228.0500,   230.5000,      43051,        662,             9966248
VSWS,B,20260617,540716,,ICICI Lombard Gen In,  1774.0000,  1798.3000,  1774.0000,  1791.4000,     120148,        823,           214300528
VSWS,B,20260617,540717,,Polo Queen Indl & Fi,    15.3000,    16.0000,    15.0000,    15.2300,     102078,        439,             1561458
VSWS,B,20260617,540718,,Aayush Art & Bullion,  1176.2000,  1185.0000,  1176.2000,  1181.4500,     131125,        757,           154935437
VSWS,B,20260617,540719,,SBI Life Ins Co,  1760.9000,  1803.0000,  1755.0000,  1795.3500,      10139,        803,            18064174
VSWS,B,20260617,540724,,Prataap Snacks,  1132.3000,  1137.6000,  1110.7500,  1117.5500,        317,         78,              356242
VSWS,B,20260617,540725,,Share India Securiti,   139.0000,   140.9500,   138.0000,   140.3500,       9525,        197,             1329213
VSWS,B,20260617,540726,,Trident Texofab,    41.0000,    41.4900,    39.1000,    40.8200,       9887,        113,              403901
VSWS,B,20260617,540727,,Poojawestern Metalik,    17.2500,    17.8400,    17.0200,    17.6800,      28754,        136,              504787
VSWS,B,20260617,540728,,Sayaji Industries,   138.9500,   138.9500,   126.4000,   126.4500,      21562,        135,             2737685
VSWS,B,20260617,540730,,Mehai Technology,     1.2900,     1.3000,     1.2600,     1.2800,    1250768,        261,             1606120
VSWS,B,20260617,540735,,IRIS RegTech Solutio,   231.2500,   234.0500,   228.5000,   228.9500,        975,         56,              224765
VSWS,B,20260617,540737,,Shree Ganesh Remedie,   578.9500,   585.0000,   555.0000,   559.7000,       4141,        191,             2354231
VSWS,B,20260617,540738,,Shreeji Translogisti,     8.7800,     8.7800,     8.3000,     8.5300,      21505,        113,              181603
VSWS,B,20260617,540743,,Godrej Agrovet,   573.6500,   585.0000,   572.7500,   574.6500,       5715,        427,             3315141
VSWS,B,20260617,540749,,MAS Financial Servic,   313.4000,   317.5500,   310.9500,   311.8000,       4125,        170,             1296950
VSWS,B,20260617,540750,,Indian Energy Exchan,   123.9500,   125.5000,   123.3500,   124.1500,     206875,       1654,            25763715
VSWS,B,20260617,540755,,General Insurance Co,   350.5000,   356.0500,   346.5000,   353.5000,     595361,       8997,           209240835
VSWS,B,20260617,540756,,Kaarya Facilities &,    25.4900,    25.4900,    25.4900,    25.4900,      18000,          2,              458820
VSWS,B,20260617,540757,,Sheetal Cool Product,   485.0500,   495.6500,   466.0000,   484.0000,       5144,        277,             2468936
VSWS,B,20260617,540762,,Tube Investments of,  3304.1000,  3304.1000,  3218.4000,  3267.6500,      12449,       1033,            40370285
VSWS,B,20260617,540767,,Nippon Life (I) Asse,  1142.7500,  1155.9500,  1136.8000,  1153.1500,     127659,       1689,           146313269
VSWS,B,20260617,540768,,Mahindra Logistics,   348.7500,   350.6000,   343.4500,   345.0000,       5975,        475,             2071588
VSWS,B,20260617,540769,,New India Assurance,   162.1500,   168.5000,   161.2500,   165.0000,     213631,       2536,            35278849
VSWS,B,20260617,540774,,IFGL Refractories,   191.1000,   198.7500,   191.1000,   191.8000,       2854,        146,              550387
VSWS,B,20260617,540775,,Khadim India,   108.8000,   109.0000,   107.0500,   108.5000,       2672,         84,              290325
VSWS,B,20260617,540776,,5paisa Capital,   334.8000,   334.8000,   321.5000,   322.1000,       1049,        103,              340173
VSWS,B,20260617,540777,,HDFC Life Insurance,   575.3500,   582.8000,   573.9000,   581.6000,      88950,       2847,            51602395
VSWS,B,20260617,540786,,Sharika Enterprises,    16.4600,    16.4600,    14.9000,    16.4500,     441644,        506,             7045813
VSWS,B,20260617,540787,,ICICI PMF BHARAT 22,   120.0000,   120.5500,   119.7100,   120.3100,      31706,        450,             3807607
VSWS,B,20260617,540788,,Aspira Pathlab & Dia,   117.0000,   119.7000,   117.0000,   119.7000,       2620,         20,              308489
VSWS,B,20260617,540789,,Diligent Media Corpo,     2.9700,     3.0300,     2.8100,     3.0200,       1277,         24,                3794
VSWS,B,20260617,540795,,Dynamic Cables,   327.6000,   332.0000,   322.8000,   324.6000,      12790,        414,             4171907
VSWS,B,20260617,540797,,Shalby,   171.5000,   173.8500,   169.4000,   172.3000,       9490,        164,             1624020
VSWS,B,20260617,540809,,MRC Agrotech,    36.9900,    37.4000,    36.3000,    37.3600,     167436,        300,             6179388
VSWS,B,20260617,540821,,Crystal Business Sys,     2.3000,     2.3800,     2.3000,     2.3800,      88162,        141,              207969
VSWS,B,20260617,540824,,Astron Paper & Board,     3.9200,     4.1200,     3.9100,     3.9500,        707,         11,                2826
VSWS,B,20260617,540829,,Chandrima Mercantile,     6.1500,     6.4300,     6.0500,     6.2100,      48034,        131,              297178
VSWS,B,20260617,540874,,7Seas Entertainment,    79.1700,    81.2400,    79.0000,    80.9000,      18610,         54,             1500831
VSWS,B,20260617,540879,,Apollo Micro Systems,   436.3500,   444.4000,   433.0000,   438.8000,    1452541,      14570,           636885966
VSWS,B,20260617,540900,,Newgen Software Tech,   480.9500,   515.0000,   478.3000,   487.1000,     510580,      12161,           253944253
VSWS,B,20260617,540901,,Praxis Home Retail,     7.9500,     8.2600,     7.5100,     8.2300,      22971,         55,              189051
VSWS,B,20260617,540902,,Amber Enterprises In,  7849.6000,  7932.2000,  7760.0000,  7865.2000,      14300,       2601,           112491032
VSWS,B,20260617,540914,,SRU Steels,     2.0200,     2.1200,     1.9500,     2.0200,      70054,        121,              138884
VSWS,B,20260617,540923,,Ashoka Metcast,    15.5900,    16.1900,    14.9000,    15.5500,       1510,         28,               22832
VSWS,B,20260617,540935,,Galaxy Surfactants,  1835.9500,  1835.9500,  1771.0000,  1772.8500,        643,        121,             1156569
VSWS,B,20260617,540936,,Gautam Gems,     3.2200,     3.3500,     3.1400,     3.3300,      60732,         70,              197710
VSWS,B,20260617,540937,,Medico Remedies,    42.9500,    43.2000,    42.3600,    42.5200,       5851,         72,              250052
VSWS,B,20260617,540952,,Lorenzini Apparels,     7.3000,     8.0000,     7.2900,     7.6800,      64739,        110,              485642
VSWS,B,20260617,540953,,Kenvi Jewels,     2.2300,     2.3400,     2.2300,     2.2800,      59498,        110,              135065
VSWS,B,20260617,540954,,Indian Wood Products,    34.0000,    34.5000,    33.0400,    33.5200,       8177,         53,              277122
VSWS,B,20260617,540955,,Tasty Dairy Speciali,     4.4800,     4.7000,     4.4700,     4.6500,       6931,         33,               32213
VSWS,B,20260617,540956,,Bhatia Commu & Retai,    25.2600,    26.0000,    25.2600,    25.7800,      92107,        131,             2372026
VSWS,B,20260617,540975,,Aster DM Healthcare,   776.5000,   784.7000,   762.0000,   766.5500,      16417,        864,            12655334
VSWS,B,20260617,540980,,Yamuna Syndicate, 28011.0000, 28011.0000, 28001.0000, 28001.0000,          2,          2,               56012
VSWS,B,20260617,541005,,Kanco Tea & Ind,    54.2000,    60.9900,    53.0000,    55.5900,       2630,         48,              151016
VSWS,B,20260617,541019,,H G Infra Engineerin,   579.7000,   580.4000,   573.6500,   576.5000,       7744,        325,             4472394
VSWS,B,20260617,541083,,Inflame Appliances,   227.0500,   233.9000,   222.0500,   224.0000,      11500,         44,             2607925
VSWS,B,20260617,541096,,Bharat Parenterals,  1300.0000,  1350.0000,  1299.9500,  1320.8500,       2202,         68,             2930869
VSWS,B,20260617,541097,,DSP Nifty 1D Rate Li,  1000.0000,  1000.0100,   999.9900,  1000.0000,      17104,         24,            17103879
VSWS,B,20260617,541143,,Bharat Dynamics,  1240.9500,  1313.0000,  1236.0000,  1310.3000,     109428,       5723,           140513719
VSWS,B,20260617,541144,,Active Clothing Co,   132.1500,   132.2000,   126.7000,   129.5000,       1406,         34,              182740
VSWS,B,20260617,541152,,Goyal Aluminiums,     6.8100,     7.1500,     6.7800,     7.1000,      27689,        149,              194841
VSWS,B,20260617,541153,,Bandhan Bank,   218.3500,   218.3500,   213.2500,   213.8000,     619615,       4804,           133292384
VSWS,B,20260617,541154,,Hindustan Aeronautic,  4270.3500,  4485.0000,  4270.3500,  4460.3500,     133065,      13588,           583765672
VSWS,B,20260617,541161,,Dharan Infra-Epc,     0.1900,     0.1900,     0.1900,     0.1900,     305184,         98,               57984
VSWS,B,20260617,541163,,Sandhar Technologies,   683.0000,   704.5000,   683.0000,   686.3500,       4071,        180,             2812089
VSWS,B,20260617,541167,,Yasho Industries,  2756.5500,  2849.8000,  2750.0000,  2775.7000,       2253,        326,             6350395
VSWS,B,20260617,541195,,Mishra Dhatu Nigam,   441.0000,   451.3000,   438.8000,   448.7000,      82258,       1746,            36690366
VSWS,B,20260617,541206,,OBCL,    60.5000,    61.4000,    55.7100,    59.0000,       1920,         50,              112335
VSWS,B,20260617,541228,,Taylormade Renewable,    93.0000,    93.0000,    85.0000,    90.1100,      20861,        289,             1858699
VSWS,B,20260617,541233,,Lemon Tree Hotels,   110.0000,   111.6000,   108.2500,   108.4000,     331502,       3828,            36394379
VSWS,B,20260617,541269,,Chemfab Alkalis,   384.8000,   385.0000,   384.8000,   385.0000,         30,          3,               11547
VSWS,B,20260617,541276,,Hardwyn India,    24.1100,    25.9000,    23.4400,    24.8200,     349539,        445,             8443416
VSWS,B,20260617,541301,,Orient Electric,   185.5500,   185.5500,   182.1000,   182.6000,       7525,        246,             1378190
VSWS,B,20260617,541302,,Dhruv Consultancy Se,    27.5400,    27.5400,    27.5400,    27.5400,        100,          3,                2754
VSWS,B,20260617,541303,,Akshar Spintex,     0.4500,     0.4600,     0.4500,     0.4600,     147381,         52,               67450
VSWS,B,20260617,541304,,Indo Us Bio-Tech,    90.4500,    94.3000,    88.0000,    90.6500,        768,         21,               68713
VSWS,B,20260617,541313,,ICICI Prud BSE 500 E,    38.6100,    38.9800,    38.6100,    38.8700,       2502,         77,               96929
VSWS,B,20260617,541336,,Indostar Capital Fin,   249.9500,   249.9500,   241.0000,   243.3000,       3639,        135,              886719
VSWS,B,20260617,541337,,Milestone Furniture,    27.8000,    27.8000,    27.8000,    27.8000,       3000,          1,               83400
VSWS,B,20260617,541338,,U H Zaveri,    12.7100,    13.2900,    12.7100,    13.0900,      10840,         31,              141498
VSWS,B,20260617,541347,,Parvati Sweetners &,     6.9700,     7.5900,     6.9600,     7.0000,      25662,        146,              183917
VSWS,B,20260617,541352,,Megastar Foods,   316.9000,   327.9000,   313.9000,   321.7500,       1088,         71,              345873
VSWS,B,20260617,541353,,Innovators Facade Sy,   124.4000,   126.2500,   122.1000,   125.1000,      27200,         28,             3370200
VSWS,B,20260617,541358,,Unifinz Capital Indi,   103.5900,   103.5900,   103.5900,   103.5900,     236071,         30,            24454594
VSWS,B,20260617,541400,,Zim Laboratories,   110.0000,   111.8000,   108.1000,   108.6500,       1367,         25,              150824
VSWS,B,20260617,541402,,Affordable Robotic &,   172.0000,   176.0000,   169.0000,   172.9500,       1759,         26,              302944
VSWS,B,20260617,541403,,Dollar Industries,   252.3500,   258.9500,   251.0000,   256.9500,       5864,        211,             1502922
VSWS,B,20260617,541418,,Nakoda Group of Indu,    36.7500,    38.2500,    36.7500,    37.0600,        975,          3,               36131
VSWS,B,20260617,541444,,Palm Jewels,    15.9500,    16.4900,    15.5200,    15.7300,       3726,         30,               58657
VSWS,B,20260617,541445,,Waa Solar,    54.2500,    54.2500,    52.7000,    52.7000,      10400,         13,              553184
VSWS,B,20260617,541450,,Adani Green Energy,  1485.5500,  1486.0000,  1455.7500,  1466.2500,     151512,       5270,           221999698
VSWS,B,20260617,541503,,Unick Fix-A-Form & P,    46.5100,    46.5100,    46.5100,    46.5100,        210,          2,                9767
VSWS,B,20260617,541540,,Solara Active Pharma,   589.8500,   590.5500,   576.9000,   582.0000,       6570,        304,             3834480
VSWS,B,20260617,541546,,Gayatri Highways,     2.2500,     2.2900,     2.1500,     2.2100,      51920,         99,              116496
VSWS,B,20260617,541556,,RITES,   211.7500,   213.5000,   210.6000,   212.1000,      34948,        607,             7403495
VSWS,B,20260617,541557,,Fine Organic Industr,  5028.5500,  5080.1000,  4959.5000,  4990.4000,        954,        197,             4789980
VSWS,B,20260617,541578,,Varroc Engineering,   625.0000,   625.7000,   611.4500,   619.4500,       8287,        339,             5111892
VSWS,B,20260617,541601,,Rajnish Wellness,     0.4400,     0.4500,     0.4300,     0.4400,    5559645,        690,             2445405
VSWS,B,20260617,541627,,Gujarat Winding Syst,     7.4600,     7.4600,     7.1200,     7.4600,       1759,          6,               13071
VSWS,B,20260617,541634,,Raw Edge Industrial,    21.8500,    21.8500,    20.8500,    20.8900,        509,         10,               11064
VSWS,B,20260617,541702,,Ashnisha Industries,     3.0100,     3.1300,     3.0000,     3.0100,    4144645,        738,            12590745
VSWS,B,20260617,541703,,Raconteur Global Res,    10.9000,    11.2000,    10.3000,    11.2000,      19200,         10,              205024
VSWS,B,20260617,541729,,HDFC Asset Managemen,  2659.1000,  2715.6000,  2655.0000,  2711.5000,      67573,       3953,           181111162
VSWS,B,20260617,541735,,Vivanta Industries,     1.7800,     1.8400,     1.7200,     1.8000,     177045,        338,              314992
VSWS,B,20260617,541741,,Fratelli Vineyards,   105.0000,   111.9000,   104.0000,   110.5800,      93012,        331,            10100324
VSWS,B,20260617,541770,,CreditAccess Grameen,  1407.3000,  1440.5500,  1407.3000,  1432.7500,      12664,       1036,            18147806
VSWS,B,20260617,541771,,Amin Tannery,     1.6900,     1.6900,     1.6000,     1.6800,      29426,         60,               48066
VSWS,B,20260617,541778,,Deep Polymers,    39.4900,    40.4900,    37.0500,    39.5500,       6986,        103,              275425
VSWS,B,20260617,541809,,ICICIPru Nifty N ETF,    75.0200,    76.4900,    75.0200,    76.3300,      42959,        361,             3264764
VSWS,B,20260617,541865,,Add-Shop E-Retail,     7.2500,     7.4800,     6.1800,     7.2900,     120219,        245,              850468
VSWS,B,20260617,541890,,Space Incubatrics Te,     0.2000,     0.2100,     0.1900,     0.2000,    1460184,        163,              296822
VSWS,B,20260617,541929,,Synergy Green Indust,   582.2500,   591.7000,   580.7000,   583.8000,        144,         18,               84603
VSWS,B,20260617,541946,,ICICI Pru BSE L Rate,  1000.0000,  1000.0100,  1000.0000,  1000.0000,      63732,         29,            63732000
VSWS,B,20260617,541956,,IRCON International,   139.6500,   142.2500,   138.9000,   140.7000,     311133,       2018,            43631678
VSWS,B,20260617,541967,,Sky Gold & Diamonds,   534.0000,   544.0000,   521.0000,   524.4500,      36391,       1215,            19350926
VSWS,B,20260617,541972,,SBI - ETF Sensex Nex,   936.1500,   937.9700,   930.2900,   931.1500,        140,         16,              130803
VSWS,B,20260617,541974,,Manorama Industries,  1500.0000,  1538.6000,  1497.0500,  1526.6000,       5781,        421,             8801329
VSWS,B,20260617,541988,,Aavas Financiers,  1392.9000,  1460.0000,  1392.9000,  1452.3000,       9198,        862,            13205847
VSWS,B,20260617,542011,,Garden Reach Shipbui,  2687.7500,  2835.0000,  2675.0000,  2817.3000,     152883,       8566,           421088895
VSWS,B,20260617,542012,,A-1,     9.8200,     9.8200,     9.8100,     9.8200,    7626473,       4482,            74885874
VSWS,B,20260617,542013,,Dolfin Rubbers,   174.9500,   174.9500,   168.1000,   172.8000,         21,          9,                3616
VSWS,B,20260617,542019,,Shubham Polyspin,    44.1400,    44.1400,    44.1400,    44.1400,        948,         10,               41844
VSWS,B,20260617,542020,,AKI India,     4.9500,     4.9600,     4.8500,     4.9500,       3583,         36,               17605
VSWS,B,20260617,542025,,Sun Retail,     0.3400,     0.3400,     0.3200,     0.3200,      96000,          2,               31680
VSWS,B,20260617,542034,,S M Gold,    12.5000,    12.6000,    12.3200,    12.4100,      10122,         55,              126438
VSWS,B,20260617,542046,,Vivid Mercantile,     6.8900,     7.0800,     6.6600,     6.8400,     394750,        251,             2694436
VSWS,B,20260617,542057,,BCPL Railway Infrast,    74.0000,    80.8600,    74.0000,    76.9500,      12681,        292,              992396
VSWS,B,20260617,542066,,Adani Total Gas,   715.0500,   717.5000,   701.0000,   702.8500,     205658,       3847,           145323297
VSWS,B,20260617,542123,,Phosphate Company,   148.9000,   148.9000,   141.0500,   141.0500,        223,         15,               32765
VSWS,B,20260617,542131,,Mirae Asset Nifty 50,   256.8400,   260.9500,   256.8400,   260.5900,       3675,        162,              956053
VSWS,B,20260617,542141,,Techno Elect & Eng,  1094.9500,  1094.9500,  1080.5500,  1085.4500,       9676,        501,            10504068
VSWS,B,20260617,542155,,Diksha Greens,     1.0800,     1.0800,     1.0800,     1.0800,       2000,          1,                2160
VSWS,B,20260617,542176,,Aryan Shares & Stock,    21.0000,    21.0000,    21.0000,    21.0000,          1,          1,                  21
VSWS,B,20260617,542206,,Nivaka Fashions,     0.8600,     0.8600,     0.8500,     0.8600,      56637,         56,               48696
VSWS,B,20260617,542216,,Dalmia Bharat,  1730.4000,  1742.5500,  1700.0500,  1720.7000,       8419,       1000,            14511711
VSWS,B,20260617,542230,,Aditya Birla SLNN50,    75.3900,    75.8800,    75.3900,    75.7900,        275,         12,               20817
VSWS,B,20260617,542231,,Nila Spaces,    13.1300,    13.2000,    12.8600,    12.9800,      34014,        172,              441786
VSWS,B,20260617,542232,,Shankar Lal Rampal D,    39.9900,    39.9900,    38.5100,    39.1000,       2490,         54,               97249
VSWS,B,20260617,542233,,Trejhara Solutions,   144.8500,   148.9000,   141.8500,   145.2500,        934,         75,              136652
VSWS,B,20260617,542248,,Deccan Health Care,    12.9700,    13.1000,    12.5000,    12.6500,       6088,         44,               77850
VSWS,B,20260617,542285,,Axita Cotton,     7.9500,     7.9500,     7.5900,     7.7100,      45488,        320,              350160
VSWS,B,20260617,542323,,KPI Green Energy,   410.4500,   412.1500,   406.8500,   410.0500,      35543,        919,            14554469
VSWS,B,20260617,542333,,RPSG Ventures,   886.8000,   886.8000,   875.2000,   877.3500,        616,         63,              542296
VSWS,B,20260617,542337,,Spencer's Retail,    37.0100,    37.6900,    36.8100,    36.8100,        992,         30,               36928
VSWS,B,20260617,542351,,Gloster,   686.9500,   689.0000,   683.5500,   685.0000,        738,         24,              506581
VSWS,B,20260617,542367,,Xelpmoc Design and T,    91.9500,    91.9500,    86.3500,    86.5000,       2041,        196,              177305
VSWS,B,20260617,542383,,Ritco Logistics,   255.4500,   256.9000,   248.1500,   249.0000,       2972,        106,              747853
VSWS,B,20260617,542399,,Chalet Hotels,   760.1000,   784.1000,   753.0000,   782.0000,     248910,       1873,           190346639
VSWS,B,20260617,542437,,Anmol India,    13.3000,    13.3000,    12.1100,    12.2100,       6715,         78,               82424
VSWS,B,20260617,542446,,Jonjua Overseas,     3.5800,     3.5800,     3.4500,     3.5500,      33747,          7,              119126
VSWS,B,20260617,542459,,Kranti Industries,    64.7500,    68.9000,    60.2500,    65.3000,      25530,        195,             1657621
VSWS,B,20260617,542460,,Anup Engineering,  1988.1500,  2168.0000,  1987.0000,  2134.1000,      28357,       3026,            60475702
VSWS,B,20260617,542484,,Arvind Fashions,   473.3500,   488.0500,   471.5500,   483.6000,      23812,       1002,            11496140
VSWS,B,20260617,542513,,UTI BSE Sen N 50,    92.7400,    94.9000,    91.0000,    93.0000,        374,         16,               34756
VSWS,B,20260617,542524,,Ambassador Intra Hol,    31.7800,    35.0400,    31.7800,    35.0000,       7137,         17,              226850
VSWS,B,20260617,542579,,Ashapuri Gold Orname,     4.1000,     4.2000,     4.0300,     4.0800,     321436,        681,             1315133
VSWS,B,20260617,542580,,Aartech Solonics,    51.3400,    51.3400,    48.0400,    49.1600,      66828,        969,             3307791
VSWS,B,20260617,542597,,MSTC,   700.9500,   719.0000,   676.7500,   687.9500,     285657,       5705,           198765336
VSWS,B,20260617,542627,,Chandni Machines,    69.0000,    72.9800,    69.0000,    70.2400,      32719,         75,             2290645
VSWS,B,20260617,542628,,Northern Spirits,   122.8500,   124.5000,   122.0000,   124.1500,       4021,         78,              495080
VSWS,B,20260617,542649,,Rail Vikas Nigam,   241.6500,   246.3500,   240.1000,   245.2500,     923295,       8596,           224583280
VSWS,B,20260617,542650,,Metropolis Healthcar,   541.8000,   559.5000,   539.3000,   545.7000,      10819,        548,             5930439
VSWS,B,20260617,542651,,KPIT Technologies,   761.6500,   767.0000,   748.3000,   752.0000,      71370,       3517,            54012054
VSWS,B,20260617,542652,,Polycab India,  9622.0000,  9993.6000,  9612.0500,  9927.8500,      17372,       3480,           171477096
VSWS,B,20260617,542654,,V R Films & Studios,    14.5000,    15.4900,    14.5000,    14.8300,       4443,         28,               66349
VSWS,B,20260617,542655,,Vikas Lifecare,     1.5100,     1.5100,     1.4600,     1.4900,     421324,       8106,              625181
VSWS,B,20260617,542665,,Neogen Chemicals,  2099.7500,  2099.7500,  1905.0000,  1933.2500,      12862,       2196,            25169210
VSWS,B,20260617,542666,,GKP Printing & Pack,     6.0900,     6.1800,     6.0900,     6.0900,       7395,         33,               45228
VSWS,B,20260617,542668,,Evans Electric,    68.9500,    68.9500,    64.0000,    66.8400,      17000,         13,             1134020
VSWS,B,20260617,542669,,BMW Industries,    62.9800,    63.9800,    60.8000,    61.7500,     287970,       1504,            17780163
VSWS,B,20260617,542670,,Artemis Elect & Proj,    16.3500,    16.4400,    16.0700,    16.1300,       4056,         35,               65838
VSWS,B,20260617,542679,,Dhanashree Electro,   174.9500,   174.9500,   174.9500,   174.9500,          5,          1,                 874
VSWS,B,20260617,542682,,Harish Textile Engin,    65.0000,    67.9000,    65.0000,    67.8000,        307,          7,               20577
VSWS,B,20260617,542684,,Prakash Pipes,   258.3000,   264.4000,   254.1500,   259.7000,      10311,        361,             2664855
VSWS,B,20260617,542685,,Digicontent,    27.8500,    28.0000,    25.8500,    25.8500,        269,          9,                7049
VSWS,B,20260617,542694,,Parshva Enterprises,   179.0000,   188.0000,   179.0000,   185.2000,        670,          9,              124072
VSWS,B,20260617,542721,,Anand Rayons,    57.3600,    57.3600,    53.3000,    54.4800,     124183,        703,             6998847
VSWS,B,20260617,542725,,SBC Exports,    37.3700,    37.9400,    37.3700,    37.4700,    1452852,       1418,            54536208
VSWS,B,20260617,542726,,IndiaMART InterMESH,  2099.9500,  2103.9500,  2067.5000,  2090.3000,       9122,        942,            19057253
VSWS,B,20260617,542727,,City Pulse Multivent,  2022.0000,  2140.0000,  1900.0000,  2084.7500,       4450,         45,             8899622
VSWS,B,20260617,542729,,DCM Nouvelle,   151.5000,   151.5000,   151.2000,   151.2000,        144,          5,               21804
VSWS,B,20260617,542730,,ICICI Pru Nifty Bank,    57.9100,    58.9900,    57.9000,    58.9000,       8253,        141,              485523
VSWS,B,20260617,542747,,Nippon I S&P BSN50,    91.9100,    91.9100,    90.9900,    91.4000,       3283,         76,              299832
VSWS,B,20260617,542752,,Affle 3i,  1487.3500,  1497.0000,  1462.1500,  1480.1000,      17966,       1414,            26588630
VSWS,B,20260617,542758,,ICICI Pru Nifty Pvt,    28.1200,    28.2200,    28.0300,    28.0600,      66008,        144,             1855417
VSWS,B,20260617,542759,,Spandana Sphoorty Fi,   242.4000,   261.6000,   242.4000,   256.1000,      44967,       1126,            11551393
VSWS,B,20260617,542760,,Sterling & Wilson Re,   215.7000,   221.0000,   212.0500,   217.6500,     174745,       1575,            37665711
VSWS,B,20260617,542770,,Alphalogic Techsys,    49.0000,    49.5000,    46.6600,    47.3400,       4873,         67,              233849
VSWS,B,20260617,542772,,360 ONE WAM,  1150.4500,  1150.4500,  1128.4000,  1135.9000,     125552,       1572,           142481041
VSWS,B,20260617,542773,,IIFL Capital Service,   343.0000,   349.0500,   342.7500,   346.5500,      73539,        855,            25490265
VSWS,B,20260617,542774,,Mufin Green Finance,   126.3000,   129.9500,   124.0000,   128.9000,      72750,        511,             9257061
VSWS,B,20260617,542802,,Galactico Corporate,     1.9900,     2.0500,     1.9900,     2.0500,      93147,        175,              189067
VSWS,B,20260617,542803,,Vaxfab Enterprises,    61.1300,    61.9500,    60.0000,    61.8400,       9214,         43,              563699
VSWS,B,20260617,542812,,Gujarat Flurochemica,  3673.0000,  3694.0500,  3630.6000,  3673.8500,       7215,        586,            26358531
VSWS,B,20260617,542830,,Indian Railway Cater,   526.4500,   526.4500,   519.3000,   520.0000,      64887,       1850,            33765120
VSWS,B,20260617,542850,,Goblin India,     9.0000,     9.0000,     9.0000,     9.0000,       2000,          1,               18000
VSWS,B,20260617,542852,,Vishwaraj Sugar Indu,     5.6300,     5.9200,     5.5400,     5.6800,      26308,        167,              148991
VSWS,B,20260617,542857,,Greenpanel Industrie,   192.0000,   193.8500,   191.1000,   191.9500,       7998,        251,             1537309
VSWS,B,20260617,542862,,Shahlon Silk Industr,    23.0000,    25.0000,    23.0000,    24.1200,      25557,         57,              592254
VSWS,B,20260617,542863,,Aditya Birla SL Nift,    58.0400,    58.9000,    58.0400,    58.7200,       4390,         71,              257790
VSWS,B,20260617,542865,,Anuroop Packaging,    13.8000,    14.4500,    13.7000,    13.7800,       1487,         30,               20527
VSWS,B,20260617,542867,,CSB Bank,   368.2000,   374.4500,   366.0000,   367.3500,      20219,        743,             7452801
VSWS,B,20260617,542904,,Ujjivan Small Financ,    57.3000,    57.4500,    56.6000,    56.7400,     394908,       2017,            22499495
VSWS,B,20260617,542905,,Hindware Home Innova,   254.2500,   255.7500,   246.6500,   250.5500,       7198,        254,             1805331
VSWS,B,20260617,542906,,Easun Capital Market,    48.4500,    50.1000,    48.4500,    50.1000,       1100,          3,               55106
VSWS,B,20260617,542907,,Prince Pipes & Fitti,   263.4000,   291.4500,   263.4000,   282.6000,      28421,       1018,             8118301
VSWS,B,20260617,542909,,BHARAT Bond ETF 2030,  1597.1200,  1598.0400,  1592.9200,  1595.7700,       1072,         40,             1709361
VSWS,B,20260617,542918,,Gian Life Care,     5.3900,     5.3900,     5.0600,     5.1000,       9589,         44,               48644
VSWS,B,20260617,542919,,Artemis Medicare Ser,   258.0500,   264.6500,   258.0500,   263.9000,       3158,        109,              831039
VSWS,B,20260617,542920,,Sumitomo Chemical I,   474.3000,   475.1500,   463.6000,   464.5000,       8119,        281,             3802094
VSWS,B,20260617,542921,,ICICI Pru Nifty Midc,    23.6000,    23.6000,    23.4600,    23.5800,      60093,        368,             1414629
VSWS,B,20260617,542922,,Mirae Ass Nif Next50,   746.7400,   746.7400,   737.8800,   743.0100,       1032,        122,              765322
VSWS,B,20260617,542923,,Tranway21 Technologi,     3.2900,     3.9900,     3.0000,     3.9900,      40000,          4,              142700
VSWS,B,20260617,542938,,Octavius Plantations,    46.0000,    46.0000,    43.7300,    43.7300,          6,          2,                 269
VSWS,B,20260617,543064,,Cohance Lifesciences,   434.4500,   442.0000,   423.7500,   425.8500,      28571,        764,            12349472
VSWS,B,20260617,543066,,SBI Cards And Paymen,   625.0500,   629.0000,   622.9000,   625.6000,      91676,       2556,            57361777
VSWS,B,20260617,543171,,RO Jewels,     1.6300,     1.7000,     1.6300,     1.7000,      97055,         88,              163259
VSWS,B,20260617,543172,,Cospower Engineering,  1750.0000,  1750.0000,  1750.0000,  1750.0000,        125,          1,              218750
VSWS,B,20260617,543187,,Hitachi Energy India, 35199.2000, 36044.9000, 34846.5000, 35955.7500,       8107,       2465,           287395462
VSWS,B,20260617,543193,,DJ Mediaprint & Logi,   108.9000,   111.8000,   105.0000,   111.2000,      94495,        966,            10235956
VSWS,B,20260617,543207,,Natural Biocon (I),     3.6600,     3.8000,     3.5500,     3.6100,      28273,        120,              103616
VSWS,B,20260617,543208,,Regis Industries,     2.2900,     2.3100,     2.2600,     2.3000,     116974,        112,              266646
VSWS,B,20260617,543209,,Billwin Industries,    19.4100,    20.6000,    19.4100,    20.0400,      21000,          7,              420720
VSWS,B,20260617,543210,,Aarti Surfactants,   387.0000,   390.6000,   385.1000,   387.7500,       1226,        168,              475246
VSWS,B,20260617,543211,,Bonlon Industries,    47.4000,    47.4000,    46.2000,    46.2000,       5182,         95,              245002
VSWS,B,20260617,543212,,Borosil,   224.3000,   229.7000,   224.0000,   225.9500,       2516,        111,              567756
VSWS,B,20260617,543213,,Rossari Biotech,   512.4000,   517.6500,   507.9500,   512.5500,       1223,        107,              629406
VSWS,B,20260617,543214,,NDR Auto Components,   850.0000,   885.0000,   842.4500,   857.5500,       3506,        507,             3032093
VSWS,B,20260617,543216,,BHARAT Bond ETF - Ap,  1423.1600,  1423.1600,  1423.1600,  1423.1600,        256,         16,              364328
VSWS,B,20260617,543218,,Suratwwala Business,    26.4900,    26.9200,    25.0100,    26.3800,       3039,        136,               80094
VSWS,B,20260617,543219,,ICICI Pru Nifty Alph,    27.0100,    27.2600,    26.9000,    27.0300,      10395,         93,              281072
VSWS,B,20260617,543220,,Max Healthcare Insti,  1025.0000,  1031.1000,  1017.7500,  1026.1500,      33091,       1392,            33842157
VSWS,B,20260617,543221,,ICICI Pru Nifty IT,    31.7600,    32.1500,    31.7600,    31.9500,       9302,        205,              297481
VSWS,B,20260617,543223,,Max India,   160.0500,   165.0000,   159.4500,   161.6000,       4473,        249,              719670
VSWS,B,20260617,543224,,HDFC Nifty Banking E,    58.7500,    59.1900,    58.0700,    58.9800,       3522,         67,              207646
VSWS,B,20260617,543226,,UTI NIFTY Bank ETF,    58.9500,    59.4100,    58.9500,    59.3300,       3454,         63,              204732
VSWS,B,20260617,543227,,Happiest Minds Techn,   354.8500,   362.9000,   351.8000,   355.7000,      49861,       1181,            17762607
VSWS,B,20260617,543228,,Route Mobile,   549.9500,   551.0000,   537.6000,   539.1000,      10465,        512,             5682894
VSWS,B,20260617,543229,,Samrat Forgings,   224.0000,   226.0000,   224.0000,   224.0000,         16,          5,                3604
VSWS,B,20260617,543230,,Advait Energy Transi,  2469.6000,  2485.7000,  2395.8500,  2410.0500,      17701,       2030,            43106321
VSWS,B,20260617,543231,,Archidply Decor,    70.0000,    70.0000,    69.0500,    69.0700,        380,         23,               26438
VSWS,B,20260617,543232,,Computer Age Mgmt Se,   799.2000,   813.4500,   790.9500,   807.1500,     130146,       3673,           104526809
VSWS,B,20260617,543233,,Chemcon Speciality C,   193.5500,   194.9000,   191.4500,   193.5000,       1759,        126,              339475
VSWS,B,20260617,543234,,SecMark Consultancy,   134.0000,   134.0000,   133.9000,   133.9000,          2,          2,                 267
VSWS,B,20260617,543235,,Angel One,   350.6500,   351.5000,   343.8500,   348.6000,     212269,       2694,            73863755
VSWS,B,20260617,543236,,Atam Valves,    72.5000,    72.9000,    69.0500,    71.6100,       1814,        108,              128297
VSWS,B,20260617,543237,,Mazagon Dock Shipbui,  2484.6500,  2564.5000,  2472.4500,  2551.6000,      80754,       5440,           203333849
VSWS,B,20260617,543238,,UTI Asset Management,   949.9500,   951.8000,   935.5000,   938.9000,       1994,        188,             1878840
VSWS,B,20260617,543239,,G M Polyplast,    73.0000,    73.0000,    73.0000,    73.0000,        700,          1,               51100
VSWS,B,20260617,543240,,Likhitha Infrastruct,   237.5000,   250.0000,   231.0000,   238.3500,       4937,         60,             1181428
VSWS,B,20260617,543241,,Veer Global Infracon,   143.0000,   143.0000,   143.0000,   143.0000,        505,          5,               72215
VSWS,B,20260617,543242,,Hemisphere Propertie,   141.8000,   142.2500,   140.9000,   142.0000,       7618,        182,             1078817
VSWS,B,20260617,543243,,Equitas Small Financ,    79.0600,    79.4800,    77.7100,    78.6700,     171095,       1121,            13460038
VSWS,B,20260617,543244,,Shine Fashions (I),    24.9400,    24.9400,    23.0000,    23.0000,      16000,          4,              385760
VSWS,B,20260617,543245,,Gland Pharma,  2181.0000,  2206.6000,  2166.8000,  2197.1500,      20811,       1713,            45586650
VSWS,B,20260617,543246,,Mirae Asst Nifty 100,    41.1400,    41.1600,    40.9600,    41.0000,         27,          3,                1108
VSWS,B,20260617,543248,,Restaurant Brands As,    68.5900,    69.4300,    68.5900,    69.1000,      44171,        260,             3053722
VSWS,B,20260617,543249,,TARC,   130.0000,   130.5500,   128.0000,   128.6500,      16117,        171,             2077908
VSWS,B,20260617,543250,,M Oswal Nifty 5 Yr B,    64.7500,    64.7500,    64.4600,    64.7500,         62,         62,                4005
VSWS,B,20260617,543251,,Ravinder Heights,    44.8000,    45.4600,    44.5200,    44.5200,       1288,         13,               57703
VSWS,B,20260617,543252,,Fairchem Organics,   605.0500,   614.8500,   590.0500,   598.9500,         82,         58,               49301
VSWS,B,20260617,543253,,Mrs Bectors Food Spe,   184.2500,   186.0500,   183.0500,   185.6000,     747647,        416,           138530985
VSWS,B,20260617,543254,,Antony Waste Handlin,   460.5000,   475.3000,   453.9500,   464.1500,      10233,        683,             4789874
VSWS,B,20260617,543255,,Nippon INft InfraBee,   971.1100,   978.0500,   969.7900,   975.6300,        681,        162,              663106
VSWS,B,20260617,543256,,Rita Finance & Leasi,    15.0000,    17.4900,    14.7300,    16.6300,      69153,         93,             1179472
VSWS,B,20260617,543257,,Indian Railway Fin C,    97.6900,   100.9500,    97.5300,   100.4300,    2271837,      13621,           225964407
VSWS,B,20260617,543258,,Indigo Paints,  1039.7500,  1039.7500,  1011.6500,  1021.9000,       4126,        236,             4241403
VSWS,B,20260617,543259,,Home First Finance C,  1136.7000,  1154.3000,  1130.0500,  1148.0500,     102875,       1185,           116886525
VSWS,B,20260617,543260,,Stove Kraft,   669.2500,   682.0000,   665.5500,   671.3000,       6898,        264,             4648235
VSWS,B,20260617,543262,,MRP Agro,    90.0000,    91.0000,    90.0000,    91.0000,       4000,          2,              362000
VSWS,B,20260617,543263,,SMC Global Securitie,    73.0000,    73.2600,    72.1000,    72.9600,      18059,        149,             1314286
VSWS,B,20260617,543264,,Nureca,   238.2000,   240.2500,   234.2000,   238.7000,       1096,         49,              260607
VSWS,B,20260617,543265,,RailTel Corporation,   322.9000,   328.8000,   322.2500,   323.9000,     142166,       2138,            46227079
VSWS,B,20260617,543266,,Heranba Industries,   190.0000,   191.6500,   187.6500,   188.5000,       1651,        128,              312460
VSWS,B,20260617,543267,,Davangere Sugar Co,     3.7100,     3.7100,     3.6300,     3.6500,     573264,        314,             2093759
VSWS,B,20260617,543268,,DRC Systems India,    14.4300,    14.8500,    14.1200,    14.1900,       3078,         49,               44147
VSWS,B,20260617,543270,,MTAR Technologies,  7749.6500,  8400.0000,  7650.0000,  8320.7000,     703023,      51913,          5718185597
VSWS,B,20260617,543271,,Jubilant Ingrevia,   648.0000,   654.7000,   642.8000,   648.3000,       9569,        652,             6215735
VSWS,B,20260617,543272,,Easy Trip Planners,     8.3000,     8.4200,     8.2500,     8.3000,    1010041,       1382,             8395469
VSWS,B,20260617,543273,,Knowledge Marine & E,  2011.3500,  2118.0000,  2006.6000,  2072.1500,      17140,       1378,            35523241
VSWS,B,20260617,543275,,Anupam Rasayan India,  1250.9500,  1308.3000,  1250.9500,  1292.7000,       8601,        513,            11089841
VSWS,B,20260617,543276,,Craftsman Automation,  9393.3000,  9640.0000,  9334.9000,  9496.3000,       5470,       1451,            51992111
VSWS,B,20260617,543277,,Laxmi Organic Indust,   153.3500,   156.0000,   151.5500,   151.9000,      41573,        703,             6378406
VSWS,B,20260617,543278,,Kalyan Jewellers Ind,   378.6500,   385.9000,   378.1000,   382.9500,     428180,       5269,           163875550
VSWS,B,20260617,543279,,Suryoday Small Fin,   172.7000,   178.0000,   167.5500,   170.3500,      28948,        446,             5003539
VSWS,B,20260617,543280,,Nazara Technologies,   305.3500,   305.8500,   295.5500,   299.6000,      73605,       2505,            22027438
VSWS,B,20260617,543281,,Suvidhaa Infoserve,     2.8800,     2.8800,     2.7300,     2.7300,      15438,         66,               42340
VSWS,B,20260617,543283,,United Foodbrands,   597.6500,   625.0000,   591.2500,   620.2000,      14631,        642,             8949221
VSWS,B,20260617,543284,,EKI Energy Services,    89.5000,    89.5000,    84.9900,    85.7000,      30633,        620,             2646034
VSWS,B,20260617,543285,,Rajeshwari Cans,    18.7300,    18.7300,    18.7300,    18.7300,       2400,          2,               44952
VSWS,B,20260617,543287,,Lodha Developers,   935.8500,   935.8500,   900.6500,   914.4000,     157283,       5050,           143172825
VSWS,B,20260617,543288,,Deep Industries,   495.0000,   496.9500,   488.0000,   492.1500,       4290,        212,             2112807
VSWS,B,20260617,543291,,Mirae Asset NYSE FAN,   196.5700,   196.8400,   194.5500,   196.8400,      17416,        367,             3427263
VSWS,B,20260617,543292,,ICICI Pru Nifty Heal,   156.9600,   159.0100,   156.9600,   157.6500,       1021,         85,              161164
VSWS,B,20260617,543298,,Vineet Laboratories,    35.1800,    35.5000,    34.2500,    35.5000,        634,          9,               22106
VSWS,B,20260617,543299,,Shyam Metalics & Ene,   961.7000,   964.7500,   951.0000,   953.9500,      20826,        619,            19877994
VSWS,B,20260617,543300,,Sona BLW Precision F,   605.0000,   609.5500,   596.8000,   601.6500,     343925,       2529,           206565279
VSWS,B,20260617,543306,,Dodla Dairy,  1098.9000,  1109.9000,  1088.4500,  1105.7500,        303,         61,              334051
VSWS,B,20260617,543308,,Krishna Institute of,   780.3000,   799.0000,   780.3000,   796.3000,      35555,       1962,            28159077
VSWS,B,20260617,543310,,Times Green Energy (,    52.0000,    53.9900,    51.9900,    53.8900,      60000,          9,             3143120
VSWS,B,20260617,543311,,India Pesticides,   162.2000,   164.0000,   161.0000,   161.9000,       8417,        196,             1365438
VSWS,B,20260617,543317,,G R Infraprojects,   876.7000,   892.0000,   874.1500,   882.8000,        739,        102,              653835
VSWS,B,20260617,543318,,Clean Science & Tech,   787.8000,   791.7000,   776.1000,   779.3500,       4928,        415,             3845505
VSWS,B,20260617,543319,,AA Plus Tradelink,     0.9100,     0.9100,     0.9100,     0.9100,     160000,          2,              145600
VSWS,B,20260617,543320,,Eternal,   254.6000,   262.4500,   253.5500,   258.5000,    1488055,      11510,           385407751
VSWS,B,20260617,543321,,Tatva Chintan Pharma,  1187.8500,  1219.0000,  1185.6500,  1191.4500,        889,        116,             1071467
VSWS,B,20260617,543322,,Alivus Life Sciences,  1039.4500,  1059.0000,  1039.4500,  1049.7000,       2532,        180,             2662735
VSWS,B,20260617,543323,,Mirae Asset Nifty Fi,    27.4000,    27.4400,    27.2600,    27.3500,      10249,         44,              280466
VSWS,B,20260617,543324,,Gretex Corporate Ser,   434.0000,   436.6500,   427.1500,   428.9500,       3824,        100,             1646199
VSWS,B,20260617,543325,,Rolex Rings,   141.7500,   142.0000,   139.8000,   140.9000,      32462,        316,             4582394
VSWS,B,20260617,543326,,ICICI Pru Nifty FMCG,    52.5300,    53.7000,    52.5300,    53.0000,      15390,        242,              818177
VSWS,B,20260617,543327,,Exxaro Tiles,     6.7500,     6.9700,     6.6000,     6.7300,      90559,        353,              606531
VSWS,B,20260617,543328,,Krsnaa Diagnostics,   539.8000,   544.4000,   531.9000,   535.0500,       2602,        245,             1401746
VSWS,B,20260617,543329,,Windlas Biotech,   839.7000,   862.9000,   813.2500,   819.5500,       2700,        469,             2230208
VSWS,B,20260617,543330,,Devyani Internationa,   114.1500,   114.1500,   111.9500,   113.2500,     196978,       1284,            22220170
VSWS,B,20260617,543331,,Meghmani Organics,    51.9600,    53.2900,    50.2800,    50.5400,      82122,        454,             4236375
VSWS,B,20260617,543332,,Epigral,  1138.0000,  1152.5000,  1122.2500,  1131.7000,       1887,        191,             2144661
VSWS,B,20260617,543333,,CarTrade Tech,  2399.4500,  2775.0000,  2399.4500,  2610.9500,     686582,      24292,          1817752495
VSWS,B,20260617,543334,,Nuvoco Vistas Corpor,   310.4000,   322.2500,   310.4000,   320.4500,      26147,        500,             8271116
VSWS,B,20260617,543335,,Aptus Value Hsg Fin,   269.9500,   273.5500,   268.4500,   270.3500,      19716,        360,             5337405
VSWS,B,20260617,543336,,Chemplast Sanmar,   205.7500,   237.1500,   205.7500,   225.7500,     407412,       7046,            91901967
VSWS,B,20260617,543341,,Sharpline Broadcast,    11.5800,    11.5800,    10.4600,    10.5700,       4698,         43,               50344
VSWS,B,20260617,543346,,Aashka Hospitals,    75.0000,    81.0000,    72.5000,    80.3000,       7000,          7,              538400
VSWS,B,20260617,543347,,Axis NIFTY IT ETF,   315.3300,   315.3300,   315.3300,   315.3300,          5,          1,                1576
VSWS,B,20260617,543348,,Axis NIFTY Healthcar,   155.6600,   157.6800,   155.6600,   157.6800,         89,          4,               13957
VSWS,B,20260617,543349,,Acutaas Chemicals,  2972.0500,  3058.2500,  2964.2000,  2998.4000,      32871,       2994,            98814845
VSWS,B,20260617,543350,,Vijaya Dignostic Cen,  1304.4500,  1340.3000,  1297.0000,  1299.3000,       7173,        473,             9483503
VSWS,B,20260617,543351,,Naapbooks,   105.7200,   105.7200,    94.0000,   105.7200,     120000,         62,            12512232
VSWS,B,20260617,543358,,Sansera Engineering,  2884.4500,  2929.7000,  2842.8000,  2880.8500,      12451,       1412,            35833860
VSWS,B,20260617,543363,,Prevest Denpro,   395.0000,   402.5000,   390.0000,   401.2500,       7400,         27,             2950790
VSWS,B,20260617,543364,,Markolines Pavement,   172.0000,   173.2000,   163.9000,   165.3000,      32256,        607,             5399915
VSWS,B,20260617,543365,,Mirae Asset S&P 500,    79.4500,    79.4500,    79.0600,    79.4500,       6616,        120,              525552
VSWS,B,20260617,543367,,Paras Defence & Spac,  1090.1500,  1304.0000,  1090.1500,  1286.5500,    1102780,      32714,          1343184025
VSWS,B,20260617,543374,,Aditya Birla SL AMC,  1116.8000,  1129.9500,  1091.4500,  1098.2000,      16697,       1280,            18480518
VSWS,B,20260617,543376,,Samor Reality,    95.9500,    98.0000,    91.0000,    96.0500,       3771,         36,              350370
VSWS,B,20260617,543377,,AFLOAT Enterprises,    12.8000,    14.3500,    12.8000,    14.3000,     870000,         45,            12239200
VSWS,B,20260617,543378,,CWD,   289.3500,   300.1000,   289.3500,   300.0000,      12000,         18,             3590200
VSWS,B,20260617,543383,,ICICI Pru NIC ETF,   118.7300,   119.3600,   118.3900,   118.7800,        824,         81,               97908
VSWS,B,20260617,543384,,FSN E-Commerce Ventu,   273.6500,   282.2000,   273.5000,   281.2500,     455869,       4361,           127489268
VSWS,B,20260617,543386,,Fino Payments Bank,   137.9000,   140.8000,   136.3500,   140.0500,      18807,        305,             2600050
VSWS,B,20260617,543387,,SJS Enterprises,  2231.5500,  2285.7500,  2182.3000,  2197.6000,       6872,        942,            15332972
VSWS,B,20260617,543388,,DSP Nifty 50 Equal W,   338.5500,   339.4500,   337.9100,   337.9100,       1014,          9,              344040
VSWS,B,20260617,543389,,Sigachi Industries,    21.6800,    21.9500,    21.1200,    21.7500,      81418,        294,             1761163
VSWS,B,20260617,543390,,PB Fintech,  1602.6000,  1629.6500,  1587.8000,  1625.8000,      27508,       2510,            44420177
VSWS,B,20260617,543391,,Suyog Gurbax Funi Ro,    91.3000,    91.3000,    91.3000,    91.3000,        750,          1,               68475
VSWS,B,20260617,543396,,One 97 Communication,  1108.2500,  1122.8000,  1107.0000,  1119.5500,      45427,       1778,            50627927
VSWS,B,20260617,543397,,Sapphire Foods India,   182.4500,   183.2000,   178.5000,   182.7000,     103083,        856,            18659937
VSWS,B,20260617,543398,,Latent View Analytic,   305.2500,   310.8000,   302.6500,   303.5000,      34029,        538,            10406358
VSWS,B,20260617,543399,,Tarsons Products,   243.4000,   284.7500,   243.4000,   278.6500,     727711,      12099,           196089223
VSWS,B,20260617,543401,,Go Fashion (India),   376.7000,   386.9500,   361.5000,   367.9000,     121835,       1160,            45654555
VSWS,B,20260617,543410,,DMR Engineering,    32.3000,    32.3000,    32.3000,    32.3000,       1950,          1,               62985
VSWS,B,20260617,543411,,Hi-Tech Pipes,    90.8500,    92.3800,    90.2300,    91.7100,      70032,        430,             6380094
VSWS,B,20260617,543412,,Star Health & Allied,   520.7000,   542.2500,   520.7000,   533.5000,      32959,        769,            17504900
VSWS,B,20260617,543413,,Tega Industries,  1852.9000,  1852.9000,  1810.4500,  1834.6000,       3848,        222,             7044725
VSWS,B,20260617,543414,,Mirae Asset HS TECH,    23.1900,    23.1900,    22.8300,    23.1900,      41469,        313,              959880
VSWS,B,20260617,543415,,Anand Rathi Wealth,  1775.6000,  1791.0000,  1760.0000,  1789.0500,      21314,       1075,            37826288
VSWS,B,20260617,543416,,Zodiac Energy,   284.0000,   288.5500,   280.0500,   287.9500,       4114,         75,             1158581
VSWS,B,20260617,543417,,RateGain Travel Tech,   849.6000,   891.0000,   845.0000,   886.6000,      46284,       1577,            40029607
VSWS,B,20260617,543419,,Shriram Properties,    87.7200,    89.9900,    87.7200,    88.4600,      37912,        307,             3366243
VSWS,B,20260617,543420,,Jet Freight Logistic,    22.7500,    23.5000,    22.4000,    22.8700,      23646,        165,              538428
VSWS,B,20260617,543425,,C E Info Systems,   892.4500,   935.0000,   880.7500,   889.9000,      47982,       2885,            43678993
VSWS,B,20260617,543426,,Metro Brands,  1010.6000,  1030.0000,  1010.6000,  1022.2000,       3293,        575,             3371586
VSWS,B,20260617,543427,,Medplus Health Servi,   868.3000,   868.3000,   856.6500,   863.4000,       3524,        324,             3033695
VSWS,B,20260617,543428,,Data Patterns (I),  4517.0500,  4796.8500,  4478.0000,  4773.7000,      99620,      10173,           464027086
VSWS,B,20260617,543433,,HP Adhesives,    37.8000,    37.8500,    36.1000,    36.2100,       3019,        145,              110904
VSWS,B,20260617,543434,,Supriya Lifescience,   959.8500,   959.8500,   907.9500,   916.5500,      21919,        986,            20407439
VSWS,B,20260617,543437,,Motilal Oswal NasQ50,   144.7000,   144.7000,   144.7000,   144.7000,       2650,         94,              383455
VSWS,B,20260617,543438,,DSP Nifty Midc150 Ql,   250.5900,   250.5900,   250.5900,   250.5900,        101,          2,               25309
VSWS,B,20260617,543440,,DSP Nifty 50 ETF,   252.2800,   253.1000,   251.2900,   252.0100,       2800,        121,              706088
VSWS,B,20260617,543441,,CMS Info Systems,   298.2500,   300.2000,   294.3500,   295.0000,      21134,        514,             6257135
VSWS,B,20260617,543442,,Brand Concepts,   179.9000,   179.9000,   173.0000,   174.0000,       1797,        156,              314786
VSWS,B,20260617,543449,,Wonder Electricals,    93.8000,    94.7100,    93.3800,    94.2500,       3188,         42,              299377
VSWS,B,20260617,543450,,ICICI Pru Nifty Auto,    27.9900,    27.9900,    27.3500,    27.5400,       7746,        316,              213272
VSWS,B,20260617,543452,,ICICI Prudential Sil,   247.4400,   247.4400,   244.1700,   244.9200,     112752,       1938,            27654751
VSWS,B,20260617,543453,,Alkosign,    55.8600,    55.8600,    55.8600,    55.8600,       2250,          2,              125685
VSWS,B,20260617,543454,,Mirae Asset Nifty (I,   161.6500,   162.6800,   161.5000,   162.5200,        482,         53,               78080
VSWS,B,20260617,543458,,AWL Agri Business,   197.8500,   197.9000,   192.8000,   193.5000,     215169,       3130,            41770482
VSWS,B,20260617,543460,,Quality RO Industrie,    61.6100,    61.6100,    61.6100,    61.6100,       2500,          5,              154025
VSWS,B,20260617,543461,,Safa Systems & Techn,    21.1400,    21.1400,    21.0200,    21.0200,      40000,          7,              843650
VSWS,B,20260617,543462,,Dev Information Tech,    31.8000,    31.8000,    27.8200,    27.9800,       5199,        107,              147702
VSWS,B,20260617,543463,,Vedant Fashions,   414.0000,   414.9500,   410.9500,   413.0500,       1482,         84,              611981
VSWS,B,20260617,543464,,Maruti Interior Prod,    66.0000,    66.0000,    63.6400,    65.0000,      14000,         12,              903910
VSWS,B,20260617,543465,,MO Nifty 200 Momentu,    63.0000,    63.1300,    62.5900,    62.8200,      11815,         42,              743261
VSWS,B,20260617,543470,,Softtech Engineers,   411.0500,   411.0500,   404.5500,   404.5500,       1157,          5,              468714
VSWS,B,20260617,543471,,Aditya Birla SunLife,   246.5700,   246.9900,   244.0900,   244.9900,      42585,       1199,            10442259
VSWS,B,20260617,543472,,Aditya Birla SLN IT,    31.1500,    31.6100,    31.1500,    31.3800,        254,         23,                7964
VSWS,B,20260617,543473,,Aditya Birla SLNH ET,    15.8200,    15.9300,    15.7500,    15.8300,      29489,        119,              466533
VSWS,B,20260617,543474,,Aditya Birla SL NF 5,    28.6300,    28.6300,    27.8500,    28.0500,      23137,        436,              648791
VSWS,B,20260617,543480,,ICICI Prud 5 Yr Benc,    65.5300,    65.5300,    65.5300,    65.5300,         26,          1,                1703
VSWS,B,20260617,543481,,Mirae Asset Nifty MC,    22.9000,    23.3700,    22.9000,    23.2600,      72918,        319,             1694713
VSWS,B,20260617,543482,,Eureka Forbes,   462.2500,   468.0000,   455.7500,   464.5000,       6117,        220,             2826231
VSWS,B,20260617,543489,,Gateway Distriparks,    59.4600,    61.0000,    58.1400,    60.1900,      43476,        543,             2580110
VSWS,B,20260617,543490,,GMR Power & Urban In,   106.7000,   108.4000,   104.7500,   104.9500,      69880,        518,             7426436
VSWS,B,20260617,543497,,Bhatia Colour Chem,    55.8000,    55.8000,    53.0100,    54.8700,      22800,         48,             1251964
VSWS,B,20260617,543498,,Motherson Sumi Wirin,    37.6500,    38.0200,    36.9700,    37.1800,    1388445,       6963,            51823483
VSWS,B,20260617,543499,,Achyut Healthcare,     6.6900,     6.9100,     6.4500,     6.9100,     227368,        691,             1548918
VSWS,B,20260617,543500,,Evoq Remedies,     2.5800,     2.6000,     2.4400,     2.5600,      96000,         12,              245680
VSWS,B,20260617,543501,,M Oswal BSE Low Vol,    36.4600,    36.6600,    36.4600,    36.6600,          3,          3,                 109
VSWS,B,20260617,543512,,AVRO India,    10.3000,    10.5500,    10.0800,    10.4300,      79756,        203,              829933
VSWS,B,20260617,543513,,Uma Exports,    24.2000,    25.8100,    24.0000,    24.0000,       5511,         67,              133755
VSWS,B,20260617,543514,,Veranda Learning Sol,   235.0500,   239.4500,   233.4500,   234.9000,      13746,        403,             3262879
VSWS,B,20260617,543515,,Sunrise Efficient Ma,    62.9500,    62.9500,    59.5100,    62.5100,      16125,         37,              999108
VSWS,B,20260617,543516,,Dhyaani Tradeventtur,     4.9000,     4.9900,     4.7900,     4.8700,     263200,         54,             1281644
VSWS,B,20260617,543517,,Hariom Pipe Industri,   420.2000,   427.5500,   412.0000,   414.2000,       8734,        237,             3664745
VSWS,B,20260617,543518,,Eighty Jewellers,    38.1000,    40.9000,    38.1000,    40.9000,      18000,          6,              694200
VSWS,B,20260617,543520,,Global Longlife Hosp,     9.9800,    11.0200,     9.9800,    10.1100,      74000,         47,              777470
VSWS,B,20260617,543521,,Fone4 Communications,     4.6000,     4.6200,     4.5000,     4.5600,      40000,          4,              183400
VSWS,B,20260617,543522,,Nanavati Ventures,   109.0000,   110.1000,   109.0000,   110.1000,      14250,          2,             1561500
VSWS,B,20260617,543523,,Campus Activewear,   235.6500,   235.6500,   231.3000,   232.1000,      10981,        290,             2560621
VSWS,B,20260617,543524,,Rainbow Children's M,  1435.6000,  1449.7500,  1420.0000,  1443.1000,       2957,        402,             4258756
VSWS,B,20260617,543525,,Silver Touch Technol,   190.7000,   203.1500,   190.2500,   195.6000,     155781,       1444,            30640652
VSWS,B,20260617,543526,,Life Insurance Corp,   412.4500,   419.1000,   408.4500,   418.1500,     135662,       2911,            56264948
VSWS,B,20260617,543527,,Prudent Corporate Ad,  3028.1500,  3060.0000,  3002.6000,  3053.8500,      25394,        423,            77079449
VSWS,B,20260617,543528,,Venus Pipes & Tubes,  1450.3000,  1450.3000,  1424.0000,  1430.3000,       1838,        147,             2629169
VSWS,B,20260617,543529,,Delhivery,   451.3000,   453.7500,   449.7000,   451.5500,      15288,        605,             6908164
VSWS,B,20260617,543530,,Paradeep Phosphates,   135.8500,   135.8500,   132.1500,   134.0000,     268411,       1813,            35829058
VSWS,B,20260617,543531,,Tierra Agrotech,    40.8900,    40.8900,    39.3600,    39.8700,        379,         14,               15145
VSWS,B,20260617,543532,,Ethos,  2450.0000,  2450.0500,  2360.0500,  2404.6000,        423,        101,             1017980
VSWS,B,20260617,543533,,eMudhra,   462.2500,   464.3500,   454.7500,   458.4000,       5669,        717,             2596032
VSWS,B,20260617,543534,,Aether Industries,  1179.4500,  1190.0000,  1164.5500,  1177.8500,       8738,        959,            10292285
VSWS,B,20260617,543535,,WE WIN Ltd,    51.2900,    51.6800,    51.2900,    51.2900,         41,          4,                2110
VSWS,B,20260617,543538,,Goel Food Products,    12.9500,    12.9500,    12.9500,    12.9500,       4000,          2,               51800
VSWS,B,20260617,543539,,Modis Navnirman,   348.0500,   349.9000,   346.1000,   346.2000,       4878,        597,             1704145
VSWS,B,20260617,543542,,Kesar India,  1245.0500,  1247.2000,  1237.0000,  1240.2000,      10400,         58,            12930695
VSWS,B,20260617,543543,,B-Right Realestate,   968.0000,   968.0000,   901.0000,   949.0000,        800,          4,              753400
VSWS,B,20260617,543544,,Jayant Infratech,    78.0000,    78.0000,    71.3100,    74.2700,      11250,         14,              851077
VSWS,B,20260617,543545,,Veerkrupa Jewellers,     0.5900,     0.5900,     0.5900,     0.5900,      16700,          1,                9853
VSWS,B,20260617,543546,,Healthy Life Agritec,     7.0400,     7.1500,     7.0300,     7.1100,      18000,          7,              127460
VSWS,B,20260617,543547,,Ddev Plastiks Indust,   256.3500,   256.9000,   251.8000,   254.2000,       7553,        246,             1918417
VSWS,B,20260617,543563,,M Oswal BSE Health,    47.4000,    48.1200,    47.1700,    47.4200,       9892,         87,              469194
VSWS,B,20260617,543568,,ICICI Pru Nifty 200,    31.7200,    31.7400,    31.5000,    31.6600,       6708,        109,              212146
VSWS,B,20260617,543569,,HDFC Nifty 100 ETF,    25.6000,    25.9900,    25.6000,    25.9900,       1366,         41,               35261
VSWS,B,20260617,543570,,HDFC Nifty Next 50 E,    72.7900,    75.0000,    72.6300,    73.9000,      35996,        202,             2646499
VSWS,B,20260617,543571,,ICICI Prud Nifty Inf,    96.8500,    97.5000,    96.5300,    97.1700,       5078,        381,              492712
VSWS,B,20260617,543572,,DSP Silver ETF,   237.4900,   237.8500,   235.7800,   236.6400,       5947,        338,             1406731
VSWS,B,20260617,543573,,Syrma SGS Technology,  1301.1000,  1322.1000,  1283.0500,  1298.1500,      71482,       3241,            93000379
VSWS,B,20260617,543574,,AB SL Nifty 200 Q 30,    21.4000,    21.4000,    20.7500,    21.1300,       7333,         41,              154110
VSWS,B,20260617,543575,,AB SL Nfty 200 Momen,    31.4900,    31.5400,    31.2900,    31.5000,        126,         10,                3966
VSWS,B,20260617,543576,,M Oswal BSE Enhanced,   117.3600,   118.0000,   117.1600,   117.3800,      19707,        188,             2320298
VSWS,B,20260617,543577,,Motilal Oswal BSE Qu,   204.4600,   204.4600,   204.4600,   204.4600,         48,          2,                9814
VSWS,B,20260617,543578,,Olatech Solutions,    89.5000,    93.0000,    83.5100,    90.5800,      54575,         45,             4733937
VSWS,B,20260617,543590,,Rhetan TMT,    30.9000,    30.9000,    28.2000,    28.4100,     455018,        795,            13208118
VSWS,B,20260617,543591,,Dreamfolks Services,    74.6000,    75.5000,    72.0700,    72.2900,      12293,        422,              903335
VSWS,B,20260617,543592,,HDFC Silver ETF,   235.7800,   235.8900,   233.9000,   234.7000,      93239,       1441,            21886533
VSWS,B,20260617,543593,,Dhampur Bio Organics,   114.0000,   114.2500,   113.0000,   113.0000,       3855,         34,              437578
VSWS,B,20260617,543596,,Tamilnad Mercantile,   760.6000,   793.7500,   760.6000,   781.5000,      16000,        726,            12444360
VSWS,B,20260617,543597,,Virtuoso Optoelectro,   389.0000,   397.4500,   385.0000,   386.3000,      24000,         77,             9351687
VSWS,B,20260617,543599,,Ksolves India,   301.9500,   309.5500,   295.9500,   297.7500,       5698,        565,             1716981
VSWS,B,20260617,543600,,Harsha Engg Internat,   436.7000,   443.1000,   434.0000,   437.8500,      15603,        450,             6832508
VSWS,B,20260617,543605,,HDFC Nifty 100 Quali,    57.0100,    57.7800,    56.9200,    57.3900,       4249,         19,              242324
VSWS,B,20260617,543606,,Containe Technologie,    21.7100,    22.5400,    21.5300,    22.2000,       8000,          7,              175130
VSWS,B,20260617,543607,,HDFC Nifty Growth Se,   112.7500,   114.6200,   112.7100,   114.3100,       1464,         45,              166793
VSWS,B,20260617,543608,,HDFC Nfty50 Value 20,   128.0000,   128.6000,   127.7200,   128.6000,        303,          7,               38867
VSWS,B,20260617,543613,,Mafia Trends,     6.0000,     6.3400,     5.8000,     6.1700,      44000,         11,              264560
VSWS,B,20260617,543614,,Tips Films,   347.0000,   354.2000,   347.0000,   354.2000,         87,          7,               30458
VSWS,B,20260617,543615,,Silicon Rental Solut,    70.5000,    70.5000,    66.9900,    67.0000,      13600,         16,              927248
VSWS,B,20260617,543616,,Trident Lifeline,   253.9000,   253.9000,   246.1500,   248.1000,      30600,         51,             7640310
VSWS,B,20260617,543618,,Cargotrans Maritime,   114.0000,   114.9900,   113.9000,   114.9900,       3750,          5,              428692
VSWS,B,20260617,543619,,Concord Control Syst,  2898.8500,  2898.8500,  2750.0000,  2776.3500,       6850,        121,            19259800
VSWS,B,20260617,543620,,Insolation Energy,   118.8500,   119.5500,   116.5000,   116.8500,      89563,        641,            10526462
VSWS,B,20260617,543621,,Cargosol Logistics,    20.0000,    20.5500,    20.0000,    20.5500,      24000,          6,              490960
VSWS,B,20260617,543623,,Vedant Asset,    52.6500,    52.6500,    52.6500,    52.6500,       7500,          5,              394875
VSWS,B,20260617,543626,,Electronics Mart (I),   113.4000,   122.8000,   112.7000,   118.6500,     209366,       2129,            24495113
VSWS,B,20260617,543627,,HDFC Nifty 100 Low V,    20.1900,    20.2800,    20.0400,    20.0400,       6200,         12,              124724
VSWS,B,20260617,543628,,HDFC Nifty 200 Momen,    30.5900,    31.5000,    30.5900,    31.4900,       5777,         43,              180174
VSWS,B,20260617,543635,,Piramal Pharma,   165.0000,   165.3500,   161.8000,   163.4000,     181688,       3780,            29726282
VSWS,B,20260617,543636,,DC Infotech & Commun,   270.0000,   270.0000,   265.0000,   265.0000,        346,         21,               92325
VSWS,B,20260617,543637,,Pace E-Commerce Vent,    16.8000,    16.8000,    16.3600,    16.3600,       6000,          5,               99024
VSWS,B,20260617,543638,,Tracxn Technologies,    32.7500,    32.8000,    31.4100,    31.5700,       8989,        206,              288120
VSWS,B,20260617,543643,,Narmada Agrobase,    36.9900,    37.4400,    36.1500,    36.2500,      14723,        174,              541613
VSWS,B,20260617,543644,,InfoBeans Technologi,   170.4500,   178.9000,   168.3500,   169.9000,      67014,        906,            11596728
VSWS,B,20260617,543645,,Hindprakash Industri,   127.0000,   138.0000,   125.0000,   130.0000,          4,          4,                 520
VSWS,B,20260617,543650,,DCX Systems,   188.4000,   195.9500,   187.5000,   193.7500,      93060,       1181,            17887752
VSWS,B,20260617,543652,,Fusion Finance,   182.0000,   185.2500,   177.2500,   177.7500,      25970,        391,             4680958
VSWS,B,20260617,543653,,Bikaji Foods Interna,   680.6500,   682.9500,   650.1000,   669.9000,      16486,        747,            10906436
VSWS,B,20260617,543654,,Global Health,  1237.6000,  1270.3500,  1237.0000,  1254.6000,       8266,        706,            10368953
VSWS,B,20260617,543657,,Archean Chemical Ind,   530.0000,   542.6000,   526.3500,   529.1500,      10529,        440,             5619313
VSWS,B,20260617,543663,,Five-Star Business F,   466.9000,   492.0000,   466.9000,   485.7500,     197570,       4434,            95603034
VSWS,B,20260617,543664,,Kaynes Technology I,  3199.8500,  3284.0000,  3191.0000,  3248.2000,     121521,      11212,           395218808
VSWS,B,20260617,543665,,HDFC Nifty IT ETF,    30.8200,    31.0000,    30.5700,    30.7100,       1990,         20,               61210
VSWS,B,20260617,543666,,HDFC Nifty Pvt Bank,    28.6400,    28.6400,    28.2700,    28.3900,       1440,         27,               40848
VSWS,B,20260617,543667,,Inox Green Energy Se,   199.5500,   201.3000,   195.5000,   198.2000,      95237,       1244,            18883947
VSWS,B,20260617,543668,,B&B Triplewall Conta,   210.1500,   220.1000,   210.1500,   216.7000,         80,          9,               17279
VSWS,B,20260617,543669,,Keystone Realtors,   403.5500,   412.1000,   402.7000,   407.0500,       4075,        117,             1662661
VSWS,B,20260617,543670,,Vinny Overseas,     1.2400,     1.2400,     1.1400,     1.1600,      76235,         57,               89417
VSWS,B,20260617,543671,,AAA Technologies,   101.5100,   101.5100,    97.2900,    97.8500,       1292,         36,              127741
VSWS,B,20260617,543677,,ICICI Pru Nif Fin Se,    31.4000,    32.2100,    31.4000,    32.1900,      35854,        251,             1150919
VSWS,B,20260617,543678,,Ambo Agritec,    13.5500,    13.5500,    13.5500,    13.5500,       1000,          1,               13550
VSWS,B,20260617,543686,,Sirca Paints India,   418.9500,   421.9000,   413.0000,   413.5000,       9615,        226,             4023635
VSWS,B,20260617,543687,,Dharmaj Crop Guard,   278.7500,   280.5500,   270.0000,   271.9500,       2108,        175,              577780
VSWS,B,20260617,543688,,Sarveshwar Foods,     3.8100,     3.9900,     3.8100,     3.9900,     710375,        469,             2829722
VSWS,B,20260617,543689,,Uniparts India,   674.8500,   675.7500,   663.0000,   669.2000,       5577,        328,             3735603
VSWS,B,20260617,543709,,PNGS Gargi Fashion J,   842.0500,   848.0000,   832.1000,   836.4000,       3000,         20,             2521606
VSWS,B,20260617,543710,,ICICI Pru Nfty Commo,   100.9800,   102.4400,   100.9400,   102.3000,       7438,         81,              754703
VSWS,B,20260617,543711,,Sula Vineyards,   156.3500,   159.3500,   156.3500,   157.1500,      26089,        632,             4112329
VSWS,B,20260617,543712,,Abans Financial Ser,   201.1000,   201.9000,   201.0000,   201.0000,        801,          5,              161002
VSWS,B,20260617,543713,,Droneacharya Aerial,    42.1000,    42.7900,    41.7500,    41.9500,      51000,         47,             2151090
VSWS,B,20260617,543714,,Landmark Cars,   430.2500,   430.2500,   421.6000,   422.7000,       1282,         84,              541934
VSWS,B,20260617,543720,,KFin Technologies,   884.7500,   903.7000,   865.0500,   898.2500,     201028,       5944,           178306761
VSWS,B,20260617,543725,,Elin Electronics,   107.7000,   108.5000,   106.0000,   106.5500,       3276,        204,              350960
VSWS,B,20260617,543732,,Radiant Cash Mgnt Se,    40.8300,    41.5000,    39.5900,    40.3300,      19090,        243,              769396
VSWS,B,20260617,543738,,DSP Nifty Bank ETF,    58.6200,    58.8100,    58.5100,    58.6100,       2628,         15,              154270
VSWS,B,20260617,543745,,SVS Ventures,     5.8600,     5.8600,     5.7700,     5.7700,      18000,          3,              104400
VSWS,B,20260617,543746,,Logica Infoway,   184.0000,   184.5000,   165.0000,   181.9000,      17400,         22,             3084690
VSWS,B,20260617,543747,,Kamdhenu Ventures,     5.5500,     5.5500,     5.2500,     5.2800,      38432,        112,              202997
VSWS,B,20260617,543748,,Aarti Pharmalabs,   640.0000,   655.4500,   640.0000,   649.0500,       3782,        238,             2458819
VSWS,B,20260617,543766,,Ashika Credit Capita,   392.3500,   412.0000,   391.2500,   399.3500,      54500,        692,            21569852
VSWS,B,20260617,543767,,Bodhi Tree Multimedi,     6.7200,     6.7200,     6.4500,     6.4500,       9052,         23,               59297
VSWS,B,20260617,543768,,NMDC Steel,    47.4900,    48.5000,    47.2000,    47.6000,     499278,       1810,            23870758
VSWS,B,20260617,543774,,HDFC BSE 500 ETF,    36.9400,    37.1500,    36.8100,    36.9700,      12017,         69,              445220
VSWS,B,20260617,543775,,HDFC NIFTY Smallcap,   176.7500,   176.7500,   175.0000,   176.3700,      27487,        450,             4839514
VSWS,B,20260617,543776,,HDFC NIFTY Midcap 15,    23.0600,    23.1000,    22.9500,    23.0400,      22065,        112,              507504
VSWS,B,20260617,543781,,Mirae Asset Gold ETF,   146.7000,   146.7000,   144.6600,   145.0300,      38546,       1352,             5596710
VSWS,B,20260617,543782,,Sealmatic India,   363.0000,   372.0000,   362.9500,   370.3500,       7560,         40,             2773233
VSWS,B,20260617,543787,,Macfos,  1174.9000,  1174.9000,  1120.0000,  1139.6500,       4125,         23,             4676471
VSWS,B,20260617,543798,,Patron Exim,     2.4900,     2.4900,     2.2800,     2.2800,     100000,         15,              229560
VSWS,B,20260617,543805,,Resgen,    50.0000,    51.8600,    50.0000,    50.3200,       6750,          9,              342442
VSWS,B,20260617,543806,,ITCONS E-Solutions,   325.0000,   327.5000,   300.0000,   303.6500,      40200,         88,            12409240
VSWS,B,20260617,543811,,Airan,    16.4000,    16.5400,    16.2500,    16.2500,       5281,         40,               86019
VSWS,B,20260617,543812,,Divgi Torqtransfer S,   860.8500,   870.1500,   839.5500,   842.6500,       3643,        381,             3121543
VSWS,B,20260617,543813,,Aditya Birla SL Cris,   999.9900,   999.9900,   999.9900,   999.9900,       1165,          5,             1164988
VSWS,B,20260617,543819,,ICICI Prud Nifty PSU,    87.0000,    88.5400,    86.4800,    88.1800,       7606,        447,              667680
VSWS,B,20260617,543828,,Sudarshan Pharma Ind,    37.5000,    37.8900,    36.2300,    37.8900,      60000,         14,             2213880
VSWS,B,20260617,543829,,Global Surfaces,    52.0000,    52.9300,    50.0000,    51.8200,     183981,        574,             9464554
VSWS,B,20260617,543830,,Labelkraft Technolog,    63.8000,    63.8000,    63.8000,    63.8000,       2000,          1,              127600
VSWS,B,20260617,543831,,Bright Outdoor Media,   375.0000,   375.0000,   374.0000,   375.0000,      14625,         22,             5478712
VSWS,B,20260617,543848,,Dev Labtech Venture,    22.5000,    22.7400,    22.5000,    22.7000,      28000,          7,              633840
VSWS,B,20260617,543853,,Axis S&P BSE Sensex,    79.7500,    79.8600,    78.0300,    79.2400,        164,         25,               13039
VSWS,B,20260617,543858,,Mirae Asset Nft100 L,   202.9900,   202.9900,   202.9900,   202.9900,         30,          1,                6089
VSWS,B,20260617,543861,,Udayshivakumar Infra,    24.0900,    24.7000,    24.0000,    24.0600,       3170,         51,               76456
VSWS,B,20260617,543874,,Maiden Forgings,    76.5000,    80.0000,    76.5000,    80.0000,       6000,          6,              472400
VSWS,B,20260617,543875,,Mirae Ass Nfty 8-13,    30.1000,    30.2200,    29.9500,    29.9500,          9,          3,                 271
VSWS,B,20260617,543895,,Exhicon Events Media,   460.3500,   460.3500,   442.1000,   452.0000,       9750,         31,             4418287
VSWS,B,20260617,543896,,Avalon Technologies,  1732.9000,  1769.0500,  1724.0000,  1741.8500,      11889,       1014,            20656426
VSWS,B,20260617,543897,,Sancode Technologies,   259.0500,   259.0500,   259.0500,   259.0500,       4000,          8,             1036200
VSWS,B,20260617,543898,,BEML Land Assets,   190.0000,   190.0000,   183.7500,   185.6500,        603,         33,              111041
VSWS,B,20260617,543900,,UTI Silver ETF,   237.5100,   238.0500,   236.1400,   236.8600,      18789,        506,             4453456
VSWS,B,20260617,543901,,Robust Hotels,   184.0000,   195.2000,   184.0000,   190.3500,       1078,         16,              209776
VSWS,B,20260617,543902,,Retina Paints,    46.4900,    46.4900,    42.0000,    45.7900,      16000,          8,              726600
VSWS,B,20260617,543903,,DSP Gold ETF,   145.3800,   145.4500,   145.0000,   145.3100,       3158,         69,              458702
VSWS,B,20260617,543904,,Mankind Pharma,  2345.1500,  2380.0000,  2345.1500,  2363.5000,      45794,       1757,           108756877
VSWS,B,20260617,543910,,AVG Logistics,   173.8000,   180.0000,   171.7000,   179.8500,       8842,        333,             1578813
VSWS,B,20260617,543911,,Atal Realtech,    31.6200,    32.0000,    30.9500,    31.2300,     321845,        391,            10108637
VSWS,B,20260617,543912,,Power & Instrumentat,   112.9000,   112.9000,   106.4500,   106.7500,       4965,         76,              539450
VSWS,B,20260617,543914,,Swati Projects,    34.0000,    34.8000,    32.1100,    32.5100,       3042,         62,               99787
VSWS,B,20260617,543915,,Pavna Industries,    17.3100,    17.3900,    17.2500,    17.3400,       1467,         15,               25443
VSWS,B,20260617,543916,,Hemant Surgical Indu,   375.0000,   375.0000,   363.2500,   366.4500,      11600,         24,             4253760
VSWS,B,20260617,543917,,Sigma Solve,    40.9900,    40.9900,    38.5000,    38.8300,      10627,        351,              418747
VSWS,B,20260617,543918,,GHCL Textiles,    94.9000,    97.2000,    93.1000,    94.2500,      20402,        438,             1953271
VSWS,B,20260617,543919,,M K Proteins,     4.9200,     5.1000,     4.9200,     4.9500,      15890,         84,               79773
VSWS,B,20260617,543920,,CFF Fluid Control,   740.0000,   772.0000,   736.2000,   765.8000,      37200,        153,            28037850
VSWS,B,20260617,543921,,Comrade Appliances,    32.0000,    32.0000,    32.0000,    32.0000,       1000,          1,               32000
VSWS,B,20260617,543922,,Mirae Asset Silver E,   239.8000,   239.8000,   238.0000,   238.8300,       3674,        135,              877686
VSWS,B,20260617,543923,,IKIO Technologies,   163.0500,   166.0000,   161.6500,   163.8500,       7096,        155,             1161130
VSWS,B,20260617,543924,,Sonalis Consumer Pro,    50.5000,    51.0000,    50.5000,    51.0000,       4000,          2,              203000
VSWS,B,20260617,543926,,Bizotic Commercial,   725.0000,   763.0000,   720.0000,   750.0500,       5400,         24,             3985610
VSWS,B,20260617,543927,,Asian Warehousing,    36.7400,    36.7400,    36.5600,    36.7000,        522,         10,               19107
VSWS,B,20260617,543928,,Cosmic CRF,  1130.0000,  1158.8000,  1100.0000,  1154.3500,      10000,         86,            11341480
VSWS,B,20260617,543929,,HMA Agro Industries,    23.0000,    23.1000,    22.6700,    22.9000,       9730,        121,              222436
VSWS,B,20260617,543930,,Uravi Defence & Tech,   115.2500,   116.0000,   110.5000,   112.0500,       1120,         85,              126222
VSWS,B,20260617,543931,,Veefin Solutions,   297.2000,   308.0000,   288.5500,   306.5000,      45000,        124,            13283630
VSWS,B,20260617,543932,,Ideaforge Technology,   945.0000,   945.0000,   892.0000,   929.2000,      38038,       1580,            34931576
VSWS,B,20260617,543933,,Cyient DLM,   475.9500,   482.5500,   463.1500,   465.1000,      26252,        846,            12397660
VSWS,B,20260617,543934,,Machhar Industries,   385.0000,   385.0000,   370.9000,   370.9000,          3,          3,                1126
VSWS,B,20260617,543935,,DSP Nifty IT ETF,    30.4300,    30.4300,    30.4300,    30.4300,        250,          7,                7607
VSWS,B,20260617,543936,,Senco Gold,   354.0000,   355.0000,   341.0000,   345.9500,      50044,        962,            17446317
VSWS,B,20260617,543937,,Alphalogic Industrie,   131.5000,   131.5000,   131.5000,   131.5000,       1200,          1,              157800
VSWS,B,20260617,543938,,Acceleratebs India,    95.0000,    95.0000,    95.0000,    95.0000,        640,          1,               60800
VSWS,B,20260617,543939,,Kaka Industries,   179.5000,   179.5000,   174.0000,   177.0000,       9500,         16,             1675100
VSWS,B,20260617,543940,,Jio Financial Servic,   242.0000,   244.6500,   241.2000,   242.9500,    1074083,      11012,           261010346
VSWS,B,20260617,543941,,Ahasolar Technologie,    76.5000,    78.5000,    76.5000,    78.5000,       1600,          2,              123200
VSWS,B,20260617,543942,,Utkarsh Small Financ,    12.6700,    14.3900,    12.6700,    14.0400,     704716,       1131,             9875086
VSWS,B,20260617,543943,,Asarfi Hospital,   228.0000,   231.5000,   228.0000,   229.3000,      15000,         15,             3451200
VSWS,B,20260617,543944,,Mirae Asset Nifty Ba,   582.0000,   584.6900,   582.0000,   584.0800,        464,         14,              270977
VSWS,B,20260617,543945,,Netweb Technologies,  4899.7500,  5042.1000,  4849.8500,  4913.8500,     191140,      14489,           942240786
VSWS,B,20260617,543946,,Mirae Asset Nfty 1 D,  1000.0000,  1000.0100,  1000.0000,  1000.0000,     274246,         65,           274248006
VSWS,B,20260617,543947,,DSP BSE Sensex ETF,    79.0100,    79.3800,    78.9300,    78.9600,        213,         10,               16818
VSWS,B,20260617,543948,,DSP Nifty PSU Bank,    86.6500,    88.1100,    86.6500,    87.8600,       1367,         88,              120125
VSWS,B,20260617,543949,,DSP Nifty Pvt Bank E,    28.3700,    28.3700,    28.2800,    28.2800,          8,          3,                 226
VSWS,B,20260617,543950,,Yatharth Hosp & Trau,   833.1000,   846.0000,   819.5000,   821.4000,      25026,        946,            20922151
VSWS,B,20260617,543952,,NIIT Learning System,   223.0000,   226.3500,   217.5000,   221.9000,     427464,       1750,            94494176
VSWS,B,20260617,543953,,Khazanchi Jewellers,   624.1000,   627.0000,   619.9500,   622.1000,      26250,        102,            16365000
VSWS,B,20260617,543954,,Allcargo Terminals,    24.3300,    24.8000,    24.2600,    24.4700,      11294,        162,              276610
VSWS,B,20260617,543955,,Transindia Real Est,    26.2400,    26.4400,    26.1000,    26.1400,      12170,        101,              318256
VSWS,B,20260617,543956,,ICICI Pru Nfty 200 Q,    20.7500,    21.0400,    20.7500,    20.9300,       2544,         16,               53162
VSWS,B,20260617,543957,,Redtape,   134.1500,   135.3500,   132.5000,   133.1000,      35686,        350,             4765000
VSWS,B,20260617,543958,,VL E-Governance & IT,    14.0900,    14.2500,    13.3900,    13.4500,      43310,        182,              591791
VSWS,B,20260617,543959,,SBFC Finance,    93.1500,    93.2000,    92.0100,    92.1600,      45963,        617,             4256601
VSWS,B,20260617,543960,,Concord Biotech,  1388.8500,  1388.8500,  1336.9000,  1340.6500,      13958,       6056,            18971078
VSWS,B,20260617,543962,,D P Wires,   177.9500,   180.4000,   175.8000,   177.8000,        896,         88,              159896
VSWS,B,20260617,543963,,Shelter Pharma,    28.7500,    29.9900,    28.5000,    29.0000,      12000,          4,              347250
VSWS,B,20260617,543965,,TVS Supply Chain Sol,   134.8000,   139.5500,   132.2000,   135.7500,     100420,       1475,            13636355
VSWS,B,20260617,543969,,Pyramid Technoplast,   174.7500,   178.0000,   173.2000,   176.8500,      12957,        214,             2280638
VSWS,B,20260617,543970,,Shoora Designs,    80.8400,    80.8400,    80.8400,    80.8400,      21000,          2,             1697640
VSWS,B,20260617,543971,,Bondada Engineering,   349.9500,   354.8500,   342.1500,   345.9000,     285800,        968,            99887080
VSWS,B,20260617,543972,,Aeroflex Industries,   474.8500,   518.4500,   466.0000,   513.2000,     269863,       4261,           134686561
VSWS,B,20260617,543974,,Vishnu Prakash R Pun,    30.6800,    30.6800,    29.7500,    30.6800,     267695,        512,             8187023
VSWS,B,20260617,543975,,UTI Nifty MIDCAP 150,   227.4600,   230.2700,   227.4600,   230.2700,        433,          2,               99704
VSWS,B,20260617,543976,,Shradha AI Technolog,    26.6200,    27.9000,    26.6200,    27.1000,      19425,        164,              525816
VSWS,B,20260617,543977,,Rishabh Instruments,   557.9000,   572.9500,   550.0000,   570.3000,     105890,        328,            58996473
VSWS,B,20260617,543978,,Ratnaveer Precision,   165.6500,   184.6000,   163.1000,   181.2500,     600055,       4936,           106644576
VSWS,B,20260617,543980,,Jupiter Life Line Ho,  1362.7500,  1362.7500,  1330.2500,  1341.5000,        323,         63,              434714
VSWS,B,20260617,543981,,R R Kabel,  2210.0000,  2284.7500,  2193.5500,  2209.6500,      27508,       1893,            61561088
VSWS,B,20260617,543982,,Quest Flow Controls,   203.3000,   203.3000,   193.1500,   193.5500,      13600,         51,             2636460
VSWS,B,20260617,543983,,EMS,   318.0000,   352.1500,   314.1000,   342.3000,     188424,       3722,            64381581
VSWS,B,20260617,543984,,Samhi Hotels,   168.8500,   170.9000,   166.6500,   167.7000,      21391,        325,             3603861
VSWS,B,20260617,543985,,Zaggle Prepaid Ocean,   212.4500,   214.8500,   209.8500,   210.6000,      49792,        780,            10568967
VSWS,B,20260617,543986,,South West Pinnacle,   256.0000,   260.0000,   249.4000,   251.2000,      12731,        269,             3206132
VSWS,B,20260617,543988,,Nuvama Wealth Manage,  1669.9500,  1735.8000,  1663.7000,  1728.4500,      39796,       3250,            68078218
VSWS,B,20260617,543989,,Sai Silks (Kalamandi,   106.7500,   111.7000,   105.7000,   107.0000,      97537,       1080,            10625121
VSWS,B,20260617,543990,,Signatureglobal (Ind,   809.9500,   809.9500,   778.0000,   792.8500,      19051,        658,            15185805
VSWS,B,20260617,543991,,Techknowgreen Soluti,   140.0000,   140.4500,   137.3000,   139.1000,      10800,         27,             1499940
VSWS,B,20260617,543992,,Yatra Online,   109.4500,   113.9000,   108.0000,   112.2000,     165959,       1120,            18338323
VSWS,B,20260617,543993,,ARCL Organics,   177.0000,   185.4500,   176.0000,   185.4500,       2228,         54,              408623
VSWS,B,20260617,543994,,JSW Infrastructure,   293.7000,   301.0000,   291.5500,   299.2500,     142149,       1965,            42338423
VSWS,B,20260617,543995,,Manoj Vaibhav Gems N,   152.1500,   152.6500,   149.8500,   150.5500,       1501,        164,              226084
VSWS,B,20260617,543996,,Updater Services,   182.5000,   184.4000,   179.0000,   179.9000,       3456,        116,              626602
VSWS,B,20260617,543997,,Organic Recycling Sy,   226.0500,   230.0000,   226.0000,   226.7000,      45600,         72,            10338270
VSWS,B,20260617,543998,,Valiant Laboratories,    66.9900,    68.4300,    66.5000,    67.9500,       2338,         14,              155902
VSWS,B,20260617,543999,,Mirae Asset S&P BSE,    79.0500,    79.3000,    78.9800,    79.2300,       3446,         27,              272847
VSWS,B,20260617,544000,,City Crops Agro,    29.3400,    29.3400,    26.5700,    27.1700,      36000,          6,             1004040
VSWS,B,20260617,544001,,Sunita Tools,   790.0000,   791.2500,   751.3000,   784.3000,      11625,         78,             9030350
VSWS,B,20260617,544002,,Vivaa Tradecom,    56.0000,    56.0000,    56.0000,    56.0000,      24000,          5,             1344000
VSWS,B,20260617,544003,,Plaza Wires,    48.8500,    49.7000,    47.8000,    47.8000,       2363,         16,              116236
VSWS,B,20260617,544004,,IRM Energy,   268.3500,   277.6500,   267.3500,   271.5000,      19246,        454,             5222172
VSWS,B,20260617,544006,,Mirae Asset Nifty IT,    30.5400,    30.6700,    30.4100,    30.4600,      10686,        136,              325871
VSWS,B,20260617,544007,,Mirae Ass Nft 200 Al,    26.0500,    26.2500,    26.0200,    26.2200,      36703,         51,              961632
VSWS,B,20260617,544008,,Max Estates,   457.3500,   462.9500,   453.5000,   461.4500,      18437,        392,             8478577
VSWS,B,20260617,544009,,Blue Jet Healthcare,   506.9500,   517.9500,   504.0000,   505.3000,      28071,        664,            14325122
VSWS,B,20260617,544011,,Vrundavan Plantation,    32.5100,    32.5100,    32.5100,    32.5100,       1200,          1,               39012
VSWS,B,20260617,544012,,Cello World,   390.0500,   391.9500,   381.3000,   382.7000,      19822,        777,             7632999
VSWS,B,20260617,544014,,Honasa Consumer,   398.9500,   405.0000,   398.3500,   401.5000,      35081,       1176,            14097383
VSWS,B,20260617,544015,,Mish Designs,    33.0000,    33.0000,    33.0000,    33.0000,       2000,          2,               66000
VSWS,B,20260617,544020,,ESAF Small Finance B,    31.5900,    31.9500,    30.7500,    30.8600,     136865,        579,             4302858
VSWS,B,20260617,544021,,Protean eGov Technol,   637.1500,   645.4500,   630.8500,   633.0500,      14964,        600,             9527079
VSWS,B,20260617,544022,,ASK Automotive,   459.9500,   465.7500,   454.2500,   455.4500,      11889,        421,             5463873
VSWS,B,20260617,544023,,Kalyani Cast-Tech,   625.0000,   631.1000,   619.0000,   631.1000,      15250,         43,             9593325
VSWS,B,20260617,544026,,Indian Ren Energy De,   126.4000,   126.8000,   124.6500,   126.5000,     531912,       4875,            66981153
VSWS,B,20260617,544027,,Fedbank Financial Se,   164.9000,   164.9000,   159.0500,   159.9500,      38307,        450,             6199458
VSWS,B,20260617,544028,,Tata Technologies,   776.3500,   778.8000,   763.0500,   773.7500,      65317,       2563,            50449647
VSWS,B,20260617,544029,,Gandhar Oil Refinery,   157.6000,   159.5000,   155.8500,   156.2500,      43335,        675,             6833908
VSWS,B,20260617,544030,,Flair Writing Indust,   269.9000,   277.5000,   269.9000,   275.8000,      17567,        485,             4821015
VSWS,B,20260617,544035,,Swashthik Plascon,    22.0100,    22.0100,    21.3500,    21.3500,       9600,          6,              209232
VSWS,B,20260617,544036,,Deepak Chemtex,    78.0000,    80.0000,    78.0000,    79.9700,       4800,          6,              380688
VSWS,B,20260617,544037,,Amic Forging,  1656.0000,  1679.9000,  1645.1000,  1649.8500,      28300,        156,            46845580
VSWS,B,20260617,544042,,Bajel Projects,   200.1500,   202.8500,   198.0000,   199.9500,      13879,        268,             2786886
VSWS,B,20260617,544043,,Baroda BNP Paribas G,   144.0000,   146.9900,   143.1700,   144.7000,        287,         16,               41464
VSWS,B,20260617,544044,,India Shelter Financ,   788.8500,   797.0000,   766.0500,   769.9500,       2840,        582,             2208867
VSWS,B,20260617,544045,,DOMS Industries,  2206.1000,  2349.5000,  2206.0000,  2326.5500,     212578,       9289,           476504903
VSWS,B,20260617,544046,,INOX India,  1856.3000,  1923.8000,  1821.6000,  1914.0500,      38390,       2679,            72278299
VSWS,B,20260617,544047,,Siyaram Recycling In,    34.0000,    35.0000,    32.8800,    34.4800,     105000,         54,             3583755
VSWS,B,20260617,544052,,Benchmark Computer S,    34.9900,    34.9900,    34.9900,    34.9900,       2000,          1,               69980
VSWS,B,20260617,544053,,Motisons Jewellers,    14.2900,    14.5500,    14.0000,    14.3400,   12343371,       2588,           174370989
VSWS,B,20260617,544054,,Suraj Estate Develop,   195.5000,   202.2000,   194.2000,   196.6500,       5949,        195,             1169544
VSWS,B,20260617,544055,,Muthoot Microfin,   207.0500,   208.0000,   201.4000,   204.8500,      18902,        381,             3878188
VSWS,B,20260617,544057,,Happy Forgings,  1379.0000,  1437.5500,  1350.1500,  1429.1000,      98512,       3060,           137182537
VSWS,B,20260617,544058,,Credo Brands Marketi,    88.3600,    92.0000,    87.6900,    89.9900,      18683,        287,             1680998
VSWS,B,20260617,544060,,RBZ Jewellers,   132.9500,   138.0000,   132.9500,   133.6500,       1093,        136,              146977
VSWS,B,20260617,544061,,Azad Engineering,  2130.5500,  2230.0000,  2120.0000,  2165.1000,     111544,       8086,           243167909
VSWS,B,20260617,544066,,Sundaram Clayton,  1341.7000,  1341.7000,  1321.5000,  1326.1500,        354,         81,              472202
VSWS,B,20260617,544067,,Innova Captab,   964.0500,   970.6000,   921.7000,   935.4000,       2725,        266,             2557053
VSWS,B,20260617,544072,,AIK Pipes and Polyme,    23.2000,    23.2000,    23.2000,    23.2000,       1600,          2,               37120
VSWS,B,20260617,544073,,Manoj Ceramic,   108.9000,   110.1000,   105.0000,   110.1000,      18000,         12,             1968600
VSWS,B,20260617,544074,,Shri Balaji Valve Co,   115.0000,   115.0000,   113.0500,   115.0000,       3600,          6,              411180
VSWS,B,20260617,544079,,Digidrive Distributo,    19.0000,    19.0000,    17.8000,    18.3000,       2642,         10,               48244
VSWS,B,20260617,544080,,Sayaji Hotels (Indor,  1100.0000,  1100.0000,  1100.0000,  1100.0000,        460,          8,              506000
VSWS,B,20260617,544081,,Jyoti CNC Automation,   702.3000,   717.0000,   700.0000,   707.1500,      80647,       1855,            57115295
VSWS,B,20260617,544082,,New Swan Multitech,    43.7000,    43.7000,    43.7000,    43.7000,       2000,          1,               87400
VSWS,B,20260617,544083,,Shree Marutinandan T,    63.1500,    64.0000,    60.0000,    64.0000,       3000,          6,              189145
VSWS,B,20260617,544088,,Medi Assist Healthca,   362.5500,   373.0500,   362.1000,   363.4500,       6819,        291,             2491359
VSWS,B,20260617,544089,,Zerodha Nifty 1D Rat,   115.0000,   115.0000,   114.5600,   114.5700,     431314,        461,            49414512
VSWS,B,20260617,544090,,Sayaji Hotels (Pune),   859.5500,   859.5500,   817.0000,   847.5000,         10,          8,                8393
VSWS,B,20260617,544091,,Qualitek Labs,   399.0000,   399.0000,   392.0000,   392.0500,       2800,          5,             1100480
VSWS,B,20260617,544092,,Bajaj Finserv Nifty,   247.0000,   247.4700,   245.1700,   245.9500,        180,          5,               44367
VSWS,B,20260617,544093,,Bajaj Fin Nifty Bank,    58.0700,    58.4500,    57.8400,    58.3300,        521,         15,               30301
VSWS,B,20260617,544094,,Euphoria Infotech (I,    31.5500,    31.5500,    31.5500,    31.5500,       1200,          1,               37860
VSWS,B,20260617,544095,,EPACK Durable,   233.0500,   235.0500,   230.5000,   231.2500,      28481,        448,             6633340
VSWS,B,20260617,544100,,Nova Agritech,    25.8500,    26.4900,    25.8500,    26.1600,       7322,         82,              191796
VSWS,B,20260617,544104,,UTI Nifty 10 Y Bench,    26.1600,    26.2900,    26.1600,    26.2000,          5,          4,                 131
VSWS,B,20260617,544105,,Harshdeep Hortico,    83.4900,    86.7000,    83.4900,    86.7000,      36000,         23,             3054795
VSWS,B,20260617,544106,,Mayank Cattle Food,   196.2000,   197.8000,   196.0000,   196.2500,      16200,         22,             3178380
VSWS,B,20260617,544107,,BLS E-Services,   227.0500,   237.3000,   226.8500,   228.7500,      10560,        354,             2427806
VSWS,B,20260617,544108,,Gabriel Pet Straps,   102.9000,   103.0500,   102.9000,   103.0500,       9000,         15,              927330
VSWS,B,20260617,544109,,DSP Nifty Healthcare,   155.9000,   155.9000,   154.4900,   155.2200,        315,          4,               48834
VSWS,B,20260617,544110,,HDFC Nifty PSU Bank,    87.0300,    88.5400,    86.9800,    87.5600,       2619,        163,              229365
VSWS,B,20260617,544111,,Apeejay Surrendra Pk,   120.6000,   121.4500,   119.5500,   120.1000,       7112,        122,              857424
VSWS,B,20260617,544112,,Jasch Gauging Techno,   509.9500,   510.0000,   496.5000,   507.1500,        189,         19,               95380
VSWS,B,20260617,544117,,Signpost India,   260.3000,   260.9000,   255.0000,   258.8500,       4258,        164,             1104645
VSWS,B,20260617,544118,,Jana Small Fin Bank,   466.3500,   474.9000,   463.1500,   467.3000,      14266,        416,             6707825
VSWS,B,20260617,544119,,Rashi Peripherals,   663.0000,   734.9000,   651.0000,   685.1000,     982550,      25061,           690551378
VSWS,B,20260617,544120,,Capital Small Financ,   298.0000,   300.0000,   294.0000,   299.4500,       8413,        336,             2508037
VSWS,B,20260617,544121,,Rudra Gas Enterprise,    76.0000,    76.0000,    72.8200,    74.0000,       4000,          4,              295830
VSWS,B,20260617,544122,,Entero Healthcare So,  1127.9500,  1127.9500,  1106.7000,  1111.8500,       2607,        167,             2910752
VSWS,B,20260617,544123,,LIC MF Nifty Midcap,    62.4700,    62.4700,    61.9000,    61.9700,        594,         20,               36838
VSWS,B,20260617,544124,,Vibhor Steel Tubes,   123.6000,   123.6000,   120.4500,   121.3000,       1290,         98,              156464
VSWS,B,20260617,544129,,Juniper Hotels,   203.3500,   203.3500,   197.6000,   199.4000,       1564,         65,              311107
VSWS,B,20260617,544130,,Mirae A N Scap 250 M,    46.1600,    46.1600,    45.7100,    45.9200,     112634,        250,             5158361
VSWS,B,20260617,544131,,GPT Healthcare,   149.4000,   149.4000,   144.0000,   144.5500,       7474,        161,             1087782
VSWS,B,20260617,544132,,Zerodha Gold ETF,    23.7200,    23.7200,    23.4500,    23.5400,     392588,        683,             9240374
VSWS,B,20260617,544133,,Exicom Tele-systems,   167.6500,   168.3000,   162.4500,   165.2500,     324519,       1978,            53644116
VSWS,B,20260617,544134,,Platinum Industries,   234.0000,   236.0000,   229.5000,   229.8000,       3931,         96,              919768
VSWS,B,20260617,544135,,Mukka Proteins,    25.3100,    25.4000,    24.5100,    24.9800,      47574,        313,             1183923
VSWS,B,20260617,544136,,R K Swamy,   104.5000,   104.5000,    98.4300,    98.5800,       1809,         81,              180168
VSWS,B,20260617,544138,,J G Chemicals,   433.6000,   435.7500,   424.0000,   425.7000,       4359,        336,             1873496
VSWS,B,20260617,544139,,Koura Fine Diamond J,    34.8000,    34.8000,    34.8000,    34.8000,       2000,          1,               69600
VSWS,B,20260617,544140,,Gopal Snacks,   290.0000,   290.0000,   281.2000,   281.5500,       6960,         95,             1982757
VSWS,B,20260617,544141,,Pune E-Stock Broking,   280.0000,   281.6000,   280.0000,   281.6000,       1600,          2,              449280
VSWS,B,20260617,544142,,Ship Corp Land & Ast,    46.8900,    46.8900,    45.9800,    46.1000,      17362,        144,              800169
VSWS,B,20260617,544143,,Royal Sense,   118.0000,   118.1000,   116.0000,   116.0000,       5500,          4,              647700
VSWS,B,20260617,544144,,Popular Vehicles & S,    96.0000,    96.0000,    94.7600,    95.2600,       1091,         58,              104057
VSWS,B,20260617,544149,,Krystal Integrated S,   585.0000,   610.0000,   585.0000,   600.4000,       1966,        227,             1181133
VSWS,B,20260617,544150,,KP Green Engineering,   384.9000,   415.0000,   378.3000,   412.2000,     143000,        440,            57778450
VSWS,B,20260617,544151,,Chatha Foods,    73.6100,    75.0000,    73.1000,    74.5000,      25000,         20,             1853410
VSWS,B,20260617,544157,,Vruddhi Eng Works,   180.0000,   240.0000,   180.0000,   240.0000,       1000,          2,              210000
VSWS,B,20260617,544158,,SRM Contractors,   504.3500,   506.6500,   491.5500,   493.0500,       4439,        152,             2195632
VSWS,B,20260617,544159,,DSP BSE Liquid Rate,  1131.4400,  1131.4400,  1131.4200,  1131.4400,      27218,         17,            30795222
VSWS,B,20260617,544160,,Jay Kailash Namkeen,    41.8000,    44.0000,    41.7900,    42.0000,      81600,         49,             3436560
VSWS,B,20260617,544161,,D P Abhushan,   934.7000,   934.7000,   905.3000,   912.8000,        661,         70,              603411
VSWS,B,20260617,544162,,Bharti Hexacom,  1462.4000,  1471.1500,  1458.2000,  1464.3500,     172241,        234,           252499526
VSWS,B,20260617,544163,,Greenhitech Ventures,    53.5000,    53.5000,    48.1500,    49.0200,      39000,         31,             1913790
VSWS,B,20260617,544164,,Faalcon Concepts,    35.3100,    35.3100,    34.6500,    34.6500,       4000,          2,              139920
VSWS,B,20260617,544165,,Shivam Chemicals,   113.4900,   113.4900,   113.4900,   113.4900,       1500,          1,              170235
VSWS,B,20260617,544166,,Emmforce Autotech,   118.6000,   119.9500,   117.5000,   117.6000,      22800,         16,             2712360
VSWS,B,20260617,544167,,JNK India,   499.6500,   504.5000,   465.1500,   471.3500,      35328,       1090,            17070427
VSWS,B,20260617,544169,,Amkay Products,    56.9900,    56.9900,    56.9900,    56.9900,       2000,          1,              113980
VSWS,B,20260617,544170,,Dolphin Kitchen Uten,     9.2800,     9.3200,     9.2000,     9.2000,      10000,          5,               92600
VSWS,B,20260617,544171,,Storage Techno & Aut,    29.9000,    30.9100,    29.5000,    30.9100,      12800,         15,              387376
VSWS,B,20260617,544172,,Indegene,   517.7000,   521.7500,   511.4000,   516.3000,      16087,        745,             8286905
VSWS,B,20260617,544173,,Finelistings Technol,    19.9000,    20.3900,    19.9000,    20.3900,      20000,          4,              406870
VSWS,B,20260617,544174,,TBO Tek,  1421.0000,  1467.7000,  1421.0000,  1455.8500,       5150,        496,             7485227
VSWS,B,20260617,544175,,TGIF Agribusiness,   103.0000,   103.0000,   103.0000,   103.0000,       1200,          1,              123600
VSWS,B,20260617,544176,,Aadhar Housing Finan,   484.2500,   489.6000,   483.1000,   488.1500,      24180,        880,            11776559
VSWS,B,20260617,544177,,Aztec Fluids & Machi,    88.5000,    93.5000,    88.5000,    93.5000,      13000,         12,             1171780
VSWS,B,20260617,544179,,Go Digit General Ins,   296.3000,   297.2000,   293.4000,   295.0000,     329889,        625,            97313951
VSWS,B,20260617,544180,,M A Nfty MidSCap400,    51.3600,    51.5400,    51.2000,    51.4100,       5656,         80,              290554
VSWS,B,20260617,544181,,Awfis Space Solution,   304.7000,   308.1500,   299.0000,   303.4500,      15316,        651,             4627299
VSWS,B,20260617,544182,,Bajaj F Nfty 1D RL,  1086.1800,  1086.1800,  1086.1800,  1086.1800,        480,          1,              521366
VSWS,B,20260617,544183,,Associated Coaters,    88.5000,   100.0000,    88.5000,   100.0000,       1000,          2,               94250
VSWS,B,20260617,544184,,Borosil Scientific,   155.9000,   159.0000,   154.6500,   156.1000,      24024,        381,             3774592
VSWS,B,20260617,544185,,Adtech Systems,    59.3900,    59.9000,    57.8000,    59.2500,       1016,         25,               60203
VSWS,B,20260617,544186,,Forbes Precision Too,   153.9500,   153.9500,   151.0000,   153.0500,      10202,        195,             1554789
VSWS,B,20260617,544187,,Kronox Lab Sciences,   156.0000,   160.0000,   150.9500,   157.8000,      33680,        795,             5301885
VSWS,B,20260617,544189,,Sattrix Information,   377.0000,   377.0500,   377.0000,   377.0000,       2000,          4,              754050
VSWS,B,20260617,544191,,Purple Finance,    67.8700,    67.8700,    66.0000,    67.0900,      12998,         74,              873591
VSWS,B,20260617,544192,,Le Travenues Techno,   188.0000,   196.0000,   187.3000,   194.6500,     234348,       3292,            45144230
VSWS,B,20260617,544193,,Zerodha Nifty Midcap,    11.5000,    11.5000,    11.2500,    11.4300,     212807,        777,             2427451
VSWS,B,20260617,544194,,Zerodha Nifty 100 ET,    10.2100,    10.5200,    10.2100,    10.5100,     124368,        392,             1304894
VSWS,B,20260617,544195,,United Cotfab,    17.4000,    17.4000,    15.6500,    16.0000,      18000,          9,              294080
VSWS,B,20260617,544196,,Baroda BNP Paribas N,    58.6500,    58.6500,    57.4400,    57.9900,        410,          5,               23649
VSWS,B,20260617,544197,,JHS Svendgaard Retai,    18.3400,    19.1000,    17.5000,    17.5500,       2024,         66,               35957
VSWS,B,20260617,544198,,Dee Development Engi,   727.0000,   760.0000,   695.1500,   743.5500,      33602,        759,            24969737
VSWS,B,20260617,544199,,GEM Enviro Managemen,    41.0000,    42.1000,    40.0000,    40.0000,       8000,         10,              326584
VSWS,B,20260617,544200,,Akme Fintrade (India,    10.0700,    10.6500,    10.0700,    10.4200,     252679,        274,             2633184
VSWS,B,20260617,544201,,Dindigul Farm Produc,    16.2500,    16.8500,    16.0000,    16.0000,      24000,         11,              388900
VSWS,B,20260617,544202,,Stanley Lifestyles,   147.2500,   152.0000,   144.5500,   147.3000,      13419,        224,             1993025
VSWS,B,20260617,544203,,Allied Blenders & Di,   633.0000,   633.0000,   623.7000,   629.4500,      28127,       1307,            17639906
VSWS,B,20260617,544204,,Vraj Iron & Steel,   124.0000,   125.4500,   119.5500,   121.8500,       3852,         79,              469255
VSWS,B,20260617,544205,,National Peroxide,   556.0000,   569.8000,   550.0000,   569.0000,        930,         35,              515417
VSWS,B,20260617,544206,,SBI Silver ETF,   242.4400,   242.4400,   239.5600,   240.4000,      47897,        982,            11518057
VSWS,B,20260617,544207,,Reliable Data Servic,   155.8000,   155.8000,   152.0000,   153.3500,       1907,         93,              292383
VSWS,B,20260617,544208,,Shriram Nifty 1D Rat,  1108.9900,  1108.9900,  1108.9900,  1108.9900,        168,          1,              186310
VSWS,B,20260617,544209,,Bansal Wire Industri,   318.0000,   318.0000,   305.0000,   307.7000,        580,         39,              177850
VSWS,B,20260617,544210,,Emcure Pharmaceutica,  1739.3000,  1759.0000,  1707.0000,  1723.4000,      26832,       1346,            46176310
VSWS,B,20260617,544212,,Mirae A Nifty EV & N,    31.8100,    31.8800,    31.2400,    31.3800,      19124,        126,              601342
VSWS,B,20260617,544213,,Aelea Commodities,   164.0000,   170.0000,   164.0000,   167.5000,      28800,         47,             4829730
VSWS,B,20260617,544214,,Three M Paper Boards,    26.0000,    26.0000,    25.9800,    25.9800,       6000,          3,              155960
VSWS,B,20260617,544215,,SBI Nifty50 Equal We,    33.1000,    33.1500,    32.7600,    33.0900,       2615,         24,               86139
VSWS,B,20260617,544216,,ICICI Pru Nifty Oil,    11.5600,    11.5600,    11.4100,    11.4500,      55258,        294,              633308
VSWS,B,20260617,544217,,Sanstar,   114.6500,   117.0000,   113.0500,   115.0000,      18010,        284,             2065830
VSWS,B,20260617,544218,,Aditya Birla SL Nify,    10.4200,    10.5500,    10.3700,    10.5500,       7728,         23,               80802
VSWS,B,20260617,544219,,VVIP Infratech,   126.9500,   133.2500,   126.7500,   127.0000,      20400,         24,             2646990
VSWS,B,20260617,544220,,Clinitech Laboratory,    39.9000,    39.9000,    39.9000,    39.9000,       1200,          1,               47880
VSWS,B,20260617,544222,,Akums Drugs & Pharma,   596.2500,   608.5500,   587.2500,   591.5000,      16723,        676,             9978395
VSWS,B,20260617,544223,,Ceigall India,   370.3500,   376.0500,   369.4000,   371.8500,      17552,        338,             6525058
VSWS,B,20260617,544224,,Afcom Holdings,  1123.0000,  1160.0000,  1105.0500,  1142.5000,     232080,       1217,           264559488
VSWS,B,20260617,544225,,Ola Electric Mobilit,    43.2100,    44.1700,    42.3600,    42.7100,    7364357,      12484,           318388033
VSWS,B,20260617,544226,,Brainbees Solutions,   219.6000,   221.9000,   218.0000,   218.4500,      37594,        598,             8258803
VSWS,B,20260617,544227,,Unicommerce ESolutio,    89.4600,    90.8000,    89.0300,    89.9300,      29051,        264,             2606769
VSWS,B,20260617,544229,,ICICI Pru Nifty Meta,    13.3100,    13.3100,    12.8400,    13.0900,     196992,        801,             2562734
VSWS,B,20260617,544230,,Saraswati Saree Depo,    58.9900,    59.2300,    55.0000,    56.6500,       6873,        210,              390370
VSWS,B,20260617,544231,,Broach Lifecare Hosp,    17.2100,    17.4100,    17.2100,    17.4100,      18000,          3,              311280
VSWS,B,20260617,544232,,Interarch Building S,  1889.8000,  1910.0000,  1852.0000,  1856.3500,       7795,        491,            14717761
VSWS,B,20260617,544233,,Mahalaxmi Fabric Mil,    23.6400,    24.0000,    22.5000,    24.0000,        403,          5,                9494
VSWS,B,20260617,544234,,Globale Tessile,    11.7300,    11.7300,    10.9600,    10.9600,        500,          4,                5561
VSWS,B,20260617,544235,,Orient Technologies,   260.0500,   265.8500,   260.0000,   260.5500,       7487,        313,             1968702
VSWS,B,20260617,544238,,Premier Energies,  1055.6000,  1074.1500,  1052.0000,  1055.2500,      46072,       1300,            48787962
VSWS,B,20260617,544239,,Ecos (I) Mobility &,   131.7000,   133.3500,   129.0000,   131.7500,       2047,         35,              268074
VSWS,B,20260617,544240,,Raymond Lifestyle,   829.3500,   829.3500,   810.8500,   816.7500,       5535,        229,             4529316
VSWS,B,20260617,544241,,Mirae A N500 Mcap 50,    16.4100,    16.4900,    16.3900,    16.4400,      78854,        117,             1296180
VSWS,B,20260617,544242,,Travels & Rentals,    11.0000,    11.0500,    11.0000,    11.0500,      45000,         11,              497100
VSWS,B,20260617,544243,,Baazar Style Retail,   339.8000,   351.9500,   335.0000,   350.2000,      12258,        182,             4159529
VSWS,B,20260617,544244,,Gala Precision Engin,  1044.6500,  1050.0000,  1011.3500,  1032.4500,       6104,        526,             6297716
VSWS,B,20260617,544246,,Revathi Equipment In,   735.9000,   735.9000,   705.1000,   709.5500,         73,         28,               53199
VSWS,B,20260617,544247,,DSP Nifty Top 10 Equ,    88.6100,    89.1700,    88.6100,    88.8200,       2737,         37,              243299
VSWS,B,20260617,544248,,Mach Travel Solution,   151.0000,   151.0000,   145.0000,   145.8000,       8400,         13,             1232400
VSWS,B,20260617,544249,,Shree Tiru Bala Agro,    29.3400,    29.3400,    28.5100,    29.0900,       3530,         55,              102460
VSWS,B,20260617,544250,,Sanofi Consumer Heal,  4750.0500,  4773.0000,  4726.1000,  4749.8000,        670,        214,             3177781
VSWS,B,20260617,544251,,Share Samadhan,    31.9900,    32.9900,    30.7500,    30.7500,       9600,          5,              307968
VSWS,B,20260617,544252,,Bajaj Housing Financ,    85.9900,    85.9900,    85.3100,    85.7400,     242494,       1601,            20781375
VSWS,B,20260617,544253,,Kross,   187.0000,   189.0000,   185.5500,   187.9500,       7568,        205,             1418818
VSWS,B,20260617,544254,,Tolins Tyres,   105.2000,   108.6000,   105.2000,   107.3000,      15419,        246,             1643007
VSWS,B,20260617,544256,,P N Gadgil Jewellers,   571.7000,   571.7000,   555.0000,   559.1500,       7897,        422,             4412209
VSWS,B,20260617,544257,,Sodhani Academy of F,   174.0000,   174.0000,   162.0000,   162.0000,       2000,          4,              337950
VSWS,B,20260617,544258,,Western Carriers (In,   101.0000,   103.0000,   100.6700,   102.4300,       5687,        122,              579758
VSWS,B,20260617,544259,,Popular Foundations,    26.4000,    26.4000,    26.4000,    26.4000,       3000,          1,               79200
VSWS,B,20260617,544260,,Northern Arc Capital,   302.0000,   302.0000,   294.5000,   296.1500,      12951,        196,             3862362
VSWS,B,20260617,544261,,Arkade Developers,   115.6500,   115.6500,   114.0000,   114.9500,       5568,        126,              638374
VSWS,B,20260617,544262,,Manba Finance,   131.2500,   131.2500,   127.0000,   130.0500,      14600,        331,             1887112
VSWS,B,20260617,544263,,KRN Heat Exchanger &,  1214.8000,  1247.9000,  1214.8000,  1224.3500,      10777,        464,            13259754
VSWS,B,20260617,544264,,Diffusion Engineers,   375.8000,   388.0000,   366.8500,   385.8000,      16567,        465,             6290525
VSWS,B,20260617,544265,,Nexxus Petro Industr,    74.9900,    74.9900,    74.9900,    74.9900,       1200,          1,               89988
VSWS,B,20260617,544266,,Mirae Asset Nifty PS,    86.1300,    88.0200,    86.1300,    88.0200,         36,          2,                3110
VSWS,B,20260617,544267,,Subam Papers,   225.0000,   226.0000,   218.0000,   219.7000,       4800,          6,             1063760
VSWS,B,20260617,544268,,Mirae Asset Nifty Me,    13.1400,    13.1800,    12.8800,    13.1400,     258873,        543,             3368673
VSWS,B,20260617,544269,,Neopolitan Pizza & F,     7.3500,     7.3500,     7.3500,     7.3500,      12000,          2,               88200
VSWS,B,20260617,544271,,Garuda Const & Engin,   171.7000,   175.4500,   170.6000,   171.2000,      47280,        752,             8155338
VSWS,B,20260617,544272,,Shiv Texchem,   138.1000,   138.1000,   135.0000,   135.0000,       8000,         14,             1091240
VSWS,B,20260617,544273,,Mangalam Global Ente,    16.2800,    16.7900,    16.0000,    16.3900,      18657,         44,              305008
VSWS,B,20260617,544274,,Hyundai Motor India,  1976.3000,  1987.7500,  1965.0000,  1975.7000,      12123,       1079,            23932791
VSWS,B,20260617,544275,,ICICI Pru Nfty200 Va,    15.8100,    15.8100,    15.5900,    15.7100,      53397,         92,              841105
VSWS,B,20260617,544276,,Deepak Builders & En,    86.9300,    91.2700,    86.8000,    90.2000,      50245,        880,             4547347
VSWS,B,20260617,544277,,Waaree Energies,  3074.9500,  3101.5000,  3058.0000,  3078.4500,      38902,       2733,           119617445
VSWS,B,20260617,544278,,OCCL,   130.1000,   135.0000,   129.5000,   129.9000,       5170,         99,              682108
VSWS,B,20260617,544279,,Godavari Biorefineri,   306.3500,   308.8500,   295.0000,   297.0000,      13642,        424,             4105191
VSWS,B,20260617,544280,,Afcons Infrastructur,   324.3000,   330.1000,   318.0000,   319.5500,      51310,       1290,            16629274
VSWS,B,20260617,544281,,A B Infrabuild,    10.6300,    11.1100,    10.3600,    10.5000,      71326,        253,              760237
VSWS,B,20260617,544282,,Sagility,    40.1500,    40.4000,    39.5000,    39.5800,     620376,       1802,            24678599
VSWS,B,20260617,544283,,ACME Solar Holdings,   346.7000,   346.7000,   328.8000,   331.7500,     210052,       3127,            70237553
VSWS,B,20260617,544284,,Mirae A Nfty 1D R L,  1090.2000,  1090.2000,  1090.2000,  1090.2000,          1,          1,                1090
VSWS,B,20260617,544285,,Swiggy,   261.7500,   270.0000,   258.5000,   259.2500,    1231261,       3842,           326001078
VSWS,B,20260617,544286,,Niva Bupa Health Ins,    84.0100,    85.0000,    83.3000,    84.6200,      88765,        788,             7474607
VSWS,B,20260617,544288,,BlackBuck,   557.8000,   565.0000,   545.0000,   547.6500,      27599,       1000,            15334410
VSWS,B,20260617,544289,,NTPC Green Energy,    98.1000,    98.5000,    96.8000,    97.0000,     535944,       5333,            52140007
VSWS,B,20260617,544290,,Enviro Infra Enginee,   194.0500,   196.5000,   192.6000,   195.4000,     109706,       1147,            21370797
VSWS,B,20260617,544291,,Rajesh Power Service,   848.9500,   876.9000,   842.5000,   869.4500,      70300,        537,            61011680
VSWS,B,20260617,544292,,Onesource Spec Pharm,  1610.8500,  1628.0000,  1602.9500,  1618.6500,       3342,        282,             5394097
VSWS,B,20260617,544293,,Suraksha Diagnostic,   281.4000,   281.4000,   263.5500,   266.8500,       5536,        164,             1520667
VSWS,B,20260617,544294,,Rossell Techsys,   998.1500,  1049.3000,   981.0000,  1020.9000,      10897,        861,            10977225
VSWS,B,20260617,544296,,Nisus Finance Servic,   217.0000,   229.9500,   213.0000,   226.4000,      40000,         92,             8842660
VSWS,B,20260617,544301,,Odigma Consultancy S,    23.5000,    24.0000,    22.7100,    23.7200,      14556,        448,              346363
VSWS,B,20260617,544302,,Innovana Thinklabs,   325.2500,   325.2500,   320.2500,   323.4500,        345,         21,              111398
VSWS,B,20260617,544303,,Toss The Coin,   245.1500,   248.0000,   245.1500,   248.0000,        600,          2,              147945
VSWS,B,20260617,544304,,Jungle Camps India,    50.0000,    50.0000,    49.0000,    49.0000,       3200,          2,              158400
VSWS,B,20260617,544305,,One Mobikwik Systems,   198.2500,   202.1500,   197.4000,   198.1500,      51571,        619,            10299168
VSWS,B,20260617,544306,,Sai Life Sciences,  1204.4500,  1229.1000,  1193.0000,  1214.6500,      18794,       1379,            22789134
VSWS,B,20260617,544307,,Vishal Mega Mart,   116.9500,   119.2500,   115.3500,   118.8500,     545463,       3400,            64197349
VSWS,B,20260617,544308,,Hilltone Software &,    43.5600,    46.5000,    42.6000,    43.6500,       9346,         35,              404253
VSWS,B,20260617,544309,,Inventurus Knowledge,  1663.5500,  1663.5500,  1620.0000,  1634.7000,       4142,        464,             6745779
VSWS,B,20260617,544310,,Yash Highvoltage,   769.9500,   847.0000,   766.0000,   840.8500,     387250,       1392,           313415187
VSWS,B,20260617,544311,,International Gemolo,   365.0000,   369.1500,   355.5500,   357.4500,      36613,       1230,            13140120
VSWS,B,20260617,544313,,NACDAC Infrastructur,    25.0100,    26.0000,    25.0000,    25.0000,     112000,         28,             2826000
VSWS,B,20260617,544314,,Sanathan Textiles,   407.2000,   416.0000,   403.7500,   413.8000,       1050,         72,              433614
VSWS,B,20260617,544315,,Concord Enviro Syste,   301.9500,   330.0000,   297.6500,   325.8000,      42634,       1223,            13642738
VSWS,B,20260617,544316,,DAM Capital Advisors,   154.0000,   154.0000,   149.5000,   149.8500,      23296,        348,             3550494
VSWS,B,20260617,544317,,Transrail Lighting,   502.3000,   502.3000,   494.7500,   498.0000,      25452,        660,            12665451
VSWS,B,20260617,544318,,Mamata Machinery,   373.1500,   373.1500,   365.7500,   367.2000,       3552,        186,             1306817
VSWS,B,20260617,544319,,Senores Pharmaceutic,  1261.0000,  1300.0000,  1259.8000,  1270.4500,      18452,        795,            23502530
VSWS,B,20260617,544320,,Carraro India,   549.9500,   549.9500,   539.5000,   540.0500,       3547,        197,             1926149
VSWS,B,20260617,544321,,Ventive Hospitality,   662.9000,   670.5500,   656.4000,   660.8000,       2640,        173,             1748646
VSWS,B,20260617,544322,,Unimech Aerospace &,  1138.4500,  1177.9000,  1133.3000,  1161.0000,      10829,        604,            12491395
VSWS,B,20260617,544323,,Mirae A Nfty I New A,    11.4400,    11.4400,    11.2700,    11.3300,      11769,         28,              133312
VSWS,B,20260617,544325,,ITC Hotels,   157.5500,   159.2000,   156.6500,   157.7500,      80832,       1334,            12760485
VSWS,B,20260617,544326,,Edelweiss BSE Cap M,    24.1000,    24.3600,    24.1000,    24.2000,        995,          6,               24071
VSWS,B,20260617,544327,,Technichem Organics,    42.4000,    42.4000,    42.0000,    42.4000,      12000,          6,              508000
VSWS,B,20260617,544328,,Indo Farm Equipment,   132.3500,   133.4500,   131.0000,   131.3500,       8117,        164,             1074298
VSWS,B,20260617,544329,,Leo Dryfruits & Spic,    54.8200,    55.0000,    54.8200,    55.0000,      16000,          5,              879620
VSWS,B,20260617,544330,,Parmeshwar Metal,   189.0000,   203.0000,   188.0000,   196.4000,      28000,         23,             5482550
VSWS,B,20260617,544332,,Fabtech Tech Clean,   446.2500,   446.2500,   426.0000,   427.0000,       7200,         15,             3127980
VSWS,B,20260617,544333,,Standard Engineering,   172.5000,   175.2500,   166.3000,   173.9000,      23956,        357,             4124711
VSWS,B,20260617,544334,,Indobell Insulations,    55.9000,    55.9000,    55.9000,    55.9000,       8250,          2,              461175
VSWS,B,20260617,544335,,B R Goyal Infrastruc,   127.8000,   132.0000,   127.7500,   129.7500,      12000,         11,             1545200
VSWS,B,20260617,544336,,Quadrant Future Tek,   412.6500,   446.3500,   409.5500,   430.5500,     179231,       3217,            77057696
VSWS,B,20260617,544337,,Avax Apparels and Or,    47.8400,    47.8400,    47.8400,    47.8400,       2000,          2,               95680
VSWS,B,20260617,544339,,Laxmi Dental,   231.9500,   232.9500,   224.4000,   224.8000,       7266,        254,             1658026
VSWS,B,20260617,544340,,Rikhav Securities,    48.9800,    48.9800,    47.7000,    47.8500,      16000,          9,              765744
VSWS,B,20260617,544341,,Landmark Global Lear,    17.7000,    17.7000,    17.4000,    17.4000,       9600,          2,              167520
VSWS,B,20260617,544342,,Stallion India Fluor,   195.7000,   195.7000,   187.0000,   188.3000,      86551,        886,            16448499
VSWS,B,20260617,544343,,Capitalnumbers Infot,   105.0000,   107.8800,   105.0000,   106.1700,      16000,         23,             1686580
VSWS,B,20260617,544344,,SPR Auto Technologie,  3729.0000,  3758.0000,  3673.5500,  3704.8500,       4489,        552,            16707360
VSWS,B,20260617,544345,,Denta Water and Infr,   273.8000,   279.7500,   266.0000,   275.3500,      22951,        494,             6283756
VSWS,B,20260617,544346,,RDB Real Estate Cons,   153.6500,   153.6500,   139.0500,   140.0500,       1266,         34,              177560
VSWS,B,20260617,544347,,CLN Energy,   415.0000,   428.0000,   415.0000,   415.0000,       3000,         12,             1263950
VSWS,B,20260617,544348,,GB Logistics Commerc,    34.5000,    35.5000,    34.5000,    35.2500,       7200,          6,              252420
VSWS,B,20260617,544349,,H M Electro Mech Ltd,    49.5000,    49.5000,    49.5000,    49.5000,       1600,          1,               79200
VSWS,B,20260617,544350,,Dr Agarwal's Health,   437.5500,   444.5000,   437.5500,   443.4500,       3572,        199,             1577852
VSWS,B,20260617,544351,,Malpani Pipes And Fi,    58.0000,    59.3900,    58.0000,    59.3900,       4800,          3,              280624
VSWS,B,20260617,544352,,DSP BSE Sensex Next,    42.1200,    42.1200,    42.0000,    42.0000,        319,          8,               13434
VSWS,B,20260617,544353,,Amwill Health Care,    43.0000,    45.2400,    43.0000,    45.1900,      18000,         15,              804036
VSWS,B,20260617,544354,,Solarium Green Energ,   185.0000,   188.3500,   181.5000,   184.2000,      15000,         45,             2768850
VSWS,B,20260617,544355,,Jubilant Agri And Co,  1914.0000,  1914.0000,  1865.0000,  1865.5500,        201,         52,              377304
VSWS,B,20260617,544356,,AJAX Engineering,   555.0000,   564.0000,   555.0000,   557.8000,       1702,        140,              951293
VSWS,B,20260617,544361,,Covance Softsol,   166.0000,   170.8500,   164.0000,   168.9000,       3957,         68,              665216
VSWS,B,20260617,544362,,Hexaware Technologie,   504.5500,   515.9500,   502.1000,   503.3000,      49655,       1659,            25317428
VSWS,B,20260617,544363,,Union Gold ETF,   146.6000,   147.3300,   146.6000,   147.3300,          7,          2,                1029
VSWS,B,20260617,544364,,Indef Manufacturing,   240.0000,   241.0000,   238.6000,   240.4500,        952,         81,              228535
VSWS,B,20260617,544365,,Shanmuga Hospital,    36.1000,    37.0000,    36.1000,    37.0000,       4000,          2,              146200
VSWS,B,20260617,544367,,Quality Power Electr,  1235.1000,  1258.9500,  1191.4500,  1239.7500,      19518,        943,            23828084
VSWS,B,20260617,544369,,Beezaasan Explotech,   316.2500,   322.8500,   313.5000,   320.3000,      34400,         38,            10982640
VSWS,B,20260617,544370,,Nukleus Office Solut,   229.9500,   229.9500,   224.0000,   224.0000,       9000,          7,             2045550
VSWS,B,20260617,544371,,Vikram Aroma,    62.6000,    65.0000,    62.6000,    63.7200,       2057,         69,              131670
VSWS,B,20260617,544372,,Shreenath Paper Prod,    12.1100,    12.1100,    12.0000,    12.0000,       6000,          2,               72330
VSWS,B,20260617,544375,,360 One Gold ETF,   146.6200,   146.8700,   144.6100,   146.6200,       1575,         54,              230170
VSWS,B,20260617,544376,,Mirae Asset BSE Sele,    44.1400,    44.2400,    44.1400,    44.2400,         52,          2,                2300
VSWS,B,20260617,544377,,Mirae Asset BSE 200,    13.5700,    13.5700,    13.5700,    13.5700,       3201,          3,               43437
VSWS,B,20260617,544379,,Prabha Energy,   184.0000,   184.0000,   157.5000,   158.6000,       4244,        171,              677004
VSWS,B,20260617,544381,,Super Iron Foundry,    46.0000,    46.0000,    46.0000,    46.0000,      27600,          7,             1269600
VSWS,B,20260617,544382,,Axis Nifty500 Value,    34.6600,    34.6600,    32.6500,    33.8000,       3067,         73,              102580
VSWS,B,20260617,544383,,Paradeep Parivahan,   175.9500,   182.6500,   175.9500,   180.0500,     159600,         80,            28700820
VSWS,B,20260617,544384,,Zerodha Silver ETF,    24.9900,    25.0900,    24.8200,    24.9100,     470905,       1093,            11740395
VSWS,B,20260617,544385,,SBI BSE PSU Bank ETF,    50.4600,    50.8600,    49.5600,    50.6400,      43848,         61,             2223472
VSWS,B,20260617,544386,,Spectrum Electrical,  1564.0000,  1700.0500,  1564.0000,  1653.4500,        879,        147,             1468315
VSWS,B,20260617,544387,,Desco Infratech,   222.9500,   226.0500,   217.0500,   226.0500,      27000,         53,             6037475
VSWS,B,20260617,544388,,Identixweb,    68.0000,    68.0000,    66.0000,    66.0000,      18000,          7,             1220000
VSWS,B,20260617,544389,,360 One Silver ETF,   241.2800,   241.9700,   240.1900,   240.6600,        170,         22,               40971
VSWS,B,20260617,544390,,Siemens Energy India,  3639.4000,  3799.8000,  3612.4000,  3783.8000,      35479,       3082,           131816630
VSWS,B,20260617,544392,,Spinaroo Commercial,    56.7800,    56.7800,    56.7800,    56.7800,       2000,          1,              113560
VSWS,B,20260617,544394,,Icici Pru Nfty Ev &,    31.4000,    31.5600,    31.1600,    31.3200,       6062,         32,              190218
VSWS,B,20260617,544395,,STL Networks,    28.7000,    29.2000,    27.4500,    27.5900,      91075,        339,             2529851
VSWS,B,20260617,544396,,Network People Serv,  1560.1000,  1634.1000,  1560.1000,  1625.4000,       1190,        177,             1915404
VSWS,B,20260617,544397,,Ather Energy,   999.5000,  1009.4500,   981.0500,   990.6500,     443630,       6820,           438424114
VSWS,B,20260617,544399,,Srigee Dlm,    81.9000,    81.9500,    81.9000,    81.9500,       2400,          2,              196620
VSWS,B,20260617,544400,,Manoj Jewellers,    41.0000,    41.0000,    41.0000,    41.0000,       8000,          3,              328000
VSWS,B,20260617,544401,,Mirae Asset Nifty50,   327.4200,   327.6700,   327.4200,   327.6700,         61,          4,               19987
VSWS,B,20260617,544402,,Jash Engineering,   509.7000,   509.7000,   481.3000,   485.7500,      14766,        705,             7215418
VSWS,B,20260617,544403,,Aditya Birla Lifesty,   101.9500,   102.7500,    98.7000,    99.2000,      37763,        371,             3796413
VSWS,B,20260617,544404,,Borana Weaves,   315.0500,   328.3000,   307.0000,   319.4500,      12449,        190,             4004981
VSWS,B,20260617,544405,,Belrise Industries,   237.9000,   245.5000,   235.6000,   238.8000,     269508,       3456,            64945762
VSWS,B,20260617,544406,,Unified Data Tech So,   373.0000,   373.0000,   364.3000,   370.4000,      42400,         47,            15656140
VSWS,B,20260617,544407,,Aegis Vopak Terminal,   235.0500,   240.5500,   227.3500,   238.2500,     142905,       1929,            33353970
VSWS,B,20260617,544408,,Leela Palaces Hotels,   459.7000,   468.8500,   454.0000,   455.6500,      28369,        792,            13079116
VSWS,B,20260617,544409,,Astonea Labs,   255.0000,   255.2000,   255.0000,   255.2000,       3000,          3,              765300
VSWS,B,20260617,544410,,Prostarm Info System,   144.9500,   144.9500,   141.1000,   142.0500,      13025,        217,             1859764
VSWS,B,20260617,544411,,Scoda Tubes,   133.7000,   149.7500,   133.7000,   141.7000,      89658,        912,            12769090
VSWS,B,20260617,544412,,3B Films,    22.5200,    22.5200,    22.5200,    22.5200,      15000,          1,              337800
VSWS,B,20260617,544413,,Digitide Solutions,    83.7000,    92.4200,    83.7000,    89.9300,      47143,        720,             4225043
VSWS,B,20260617,544414,,Bluspring Enterprise,    92.0000,   110.3600,    92.0000,   109.5000,     648037,       4145,            68595148
VSWS,B,20260617,544416,,Krishival Foods,   405.5000,   407.0000,   405.0000,   405.6000,        802,         33,              325500
VSWS,B,20260617,544417,,Aten Papers & Foam,    23.5100,    24.2200,    23.5100,    24.2200,       2400,          2,               57276
VSWS,B,20260617,544418,,Oswal Pumps,   429.9500,   432.0000,   422.0000,   423.6500,      35657,        779,            15262236
VSWS,B,20260617,544419,,Arisinfra Solutions,   122.4500,   122.4500,   118.1000,   118.6500,      41672,        341,             4992673
VSWS,B,20260617,544420,,Raymond Realty,   603.9500,   612.0500,   588.2500,   595.0500,      33351,        911,            19985872
VSWS,B,20260617,544421,,Ellenbarrie Industri,   279.5000,   285.8500,   279.4500,   281.3500,      18267,        516,             5173601
VSWS,B,20260617,544422,,Abram Food,    76.3500,    76.3500,    75.6500,    75.6500,       2400,          2,              182400
VSWS,B,20260617,544423,,Kalpataru,   328.6000,   335.7500,   328.6000,   329.7000,       5432,        376,             1797716
VSWS,B,20260617,544424,,Globe Civil Projects,    42.1600,    45.8300,    42.1600,    45.2200,       2900,         38,              129990
VSWS,B,20260617,544425,,AJC Jewel Manufactur,   103.0000,   103.0000,   103.0000,   103.0000,       6000,          1,              618000
VSWS,B,20260617,544426,,Icon Facilitators,    73.7700,    77.4500,    73.0000,    77.4500,      69600,         40,             5339724
VSWS,B,20260617,544427,,ICICI Prudential Nif,     9.8800,     9.9100,     9.8000,     9.8100,       9220,         32,               90913
VSWS,B,20260617,544428,,Supertech EV,    43.5100,    43.5100,    41.6600,    41.8600,      12000,         10,              505884
VSWS,B,20260617,544429,,HDB Financial Servic,   706.4500,   714.6000,   696.6500,   702.4500,      25888,        868,            18190805
VSWS,B,20260617,544430,,Sambhv Steel Tubes,   106.4500,   107.6500,   105.4500,   107.2000,      81888,        527,             8712791
VSWS,B,20260617,544431,,Ace Alpha Tech,   121.0500,   123.0000,   121.0000,   122.5000,      31000,          9,             3775050
VSWS,B,20260617,544432,,Indogulf Cropscience,    67.0000,    67.0000,    63.4100,    63.7600,       3135,        143,              201377
VSWS,B,20260617,544433,,Valencia India,    17.5000,    17.9800,    17.5000,    17.5000,      10800,          9,              190416
VSWS,B,20260617,544434,,Neetu Yoshi,   146.5000,   147.7500,   140.0000,   143.2000,      33600,         40,             4825360
VSWS,B,20260617,544435,,Adcounty Media India,   102.9000,   106.8000,   102.9000,   106.3500,      27200,         30,             2863440
VSWS,B,20260617,544436,,Vandan Foods,    29.9400,    29.9400,    28.5000,    28.5000,      46800,         29,             1343424
VSWS,B,20260617,544438,,Mirae Asset Nifty In,    12.3800,    12.5700,    12.3800,    12.5000,       8330,         16,              104257
VSWS,B,20260617,544439,,Crizac,   213.0000,   219.0500,   213.0000,   217.8500,      12035,        327,             2617688
VSWS,B,20260617,544440,,Cryogenic OGS,   270.0000,   270.0000,   259.0500,   259.0500,      21000,         28,             5463412
VSWS,B,20260617,544441,,Meta Infotech,    73.4500,    73.5000,    73.4500,    73.5000,      12800,         13,              940640
VSWS,B,20260617,544442,,Chemkart India,   144.0000,   144.0000,   133.0000,   140.0000,      33000,         17,             4451580
VSWS,B,20260617,544443,,Travel Food Services,  1333.0000,  1334.6000,  1307.0500,  1315.2500,       2254,        234,             2975098
VSWS,B,20260617,544444,,Glen Industries,    68.0000,    70.0000,    68.0000,    68.6600,      14400,         11,              991032
VSWS,B,20260617,544445,,Asston Pharmaceutica,    80.0000,    82.0000,    80.0000,    82.0000,       3000,          3,              244000
VSWS,B,20260617,544446,,Advent Hotels Intl,   138.9000,   141.1500,   136.6000,   137.0000,      13649,        249,             1898534
VSWS,B,20260617,544447,,Smartworks Coworking,   490.0000,   491.9500,   460.5000,   471.1000,       6310,        307,             3032880
VSWS,B,20260617,544448,,Pashupati Cotspin,    89.0000,    89.0000,    87.0000,    87.3800,       4433,        251,              390271
VSWS,B,20260617,544449,,Anthem Biosciences,   771.0500,   771.1500,   761.7000,   767.7500,      20622,       1478,            15815290
VSWS,B,20260617,544450,,Chembond Chemicals,   188.0000,   196.2000,   188.0000,   191.3000,       3208,         51,              616088
VSWS,B,20260617,544451,,Monika Alcobev,   224.5000,   224.5000,   212.0000,   223.4000,      14400,         34,             3144240
VSWS,B,20260617,544452,,Swastika Castal,    42.0000,    42.0000,    42.0000,    42.0000,       2000,          1,               84000
VSWS,B,20260617,544453,,Monarch Surveyors An,   210.0500,   215.5000,   208.0000,   210.0500,      12600,         14,             2656740
VSWS,B,20260617,544454,,Indiqube Spaces,   165.2000,   166.0000,   160.8000,   165.0000,     236718,         95,            39059647
VSWS,B,20260617,544455,,GNG Electronics,   460.4500,   464.0000,   445.0000,   450.8000,      33713,        819,            15316409
VSWS,B,20260617,544456,,R M Drip & Sprinkler,    20.3800,    20.3900,    19.3600,    19.4500,     104061,        408,             2074907
VSWS,B,20260617,544457,,Brigade Hotel Ventur,    64.4500,    64.7900,    63.3600,    64.0200,       6993,        159,              446927
VSWS,B,20260617,544458,,Shree Refrigerations,   371.5000,   383.4000,   349.9000,   357.8500,     310500,        561,           114528650
VSWS,B,20260617,544459,,Shanti Gold Internat,   229.0500,   231.3000,   223.1500,   223.9500,      26883,        482,             6113550
VSWS,B,20260617,544460,,Patel Chem Specialit,    85.7000,    89.0000,    85.7000,    87.0300,      12800,          8,             1123472
VSWS,B,20260617,544461,,Euro Panel Products,   179.6000,   182.0000,   172.1000,   182.0000,        521,         14,               91746
VSWS,B,20260617,544463,,Repono,    72.1300,    72.1300,    70.0000,    72.1300,     391200,        206,            28188012
VSWS,B,20260617,544464,,Umiya Mobile,    49.9900,    50.0000,    49.9900,    50.0000,       4000,          2,              199980
VSWS,B,20260617,544465,,Laxmi India Finance,   113.8000,   115.0000,   112.0000,   112.0000,       1336,         27,              150307
VSWS,B,20260617,544466,,Aditya Infotech,  3414.6000,  3414.6000,  3288.0000,  3349.2500,      10098,       1331,            33828068
VSWS,B,20260617,544467,,National Secu Deposi,   898.0000,   901.0500,   876.6500,   888.2500,     499700,      17085,           443863584
VSWS,B,20260617,544469,,Sri Lotus Developers,   142.9000,   142.9000,   139.1000,   140.4000,      25823,        352,             3636611
VSWS,B,20260617,544470,,M & B Engineering,   308.0500,   309.9000,   304.2500,   305.7000,       4871,        168,             1496066
VSWS,B,20260617,544471,,Takyon Networks,    22.3500,    22.4500,    21.5000,    21.8700,      40000,         19,              890060
VSWS,B,20260617,544473,,Groww BSE Power ETF,    12.6000,    12.6000,    11.9700,    12.1900,     353392,        396,             4263235
VSWS,B,20260617,544474,,BLT Logistics,    29.9900,    30.0000,    29.9900,    30.0000,       6400,          4,              191984
VSWS,B,20260617,544475,,Essex Marine,    46.7500,    46.7500,    44.0600,    44.8800,      50000,         13,             2246980
VSWS,B,20260617,544476,,Jeena Sikho Lifecare,   600.4000,   600.4000,   570.4500,   575.1500,      27089,        812,            15924398
VSWS,B,20260617,544477,,Highway Infrastructu,    47.0000,    48.5700,    47.0000,    48.3300,       4118,         72,              198088
VSWS,B,20260617,544479,,All Time Plastics,   246.3000,   254.7500,   243.1500,   245.0500,      13554,        363,             3346990
VSWS,B,20260617,544480,,JSW Cement,   130.4000,   132.4500,   129.8000,   130.1000,     104880,       1157,            13710592
VSWS,B,20260617,544482,,Star Imaging And Pat,    85.0000,    85.0000,    81.5000,    82.0000,      12000,         12,              992850
VSWS,B,20260617,544483,,Icodex Publishing So,    45.5000,    45.5000,    41.9000,    45.4800,       7200,          6,              316140
VSWS,B,20260617,544484,,BlueStone Jewellery,   521.1000,   523.8000,   503.0000,   510.1500,      12208,        468,             6260162
VSWS,B,20260617,544485,,Regaal Resources,    82.8900,    84.8500,    80.2000,    80.7000,       4427,         31,              360184
VSWS,B,20260617,544486,,Zerodha Nfty 8-13 Yr,    30.2000,    30.2000,    30.0900,    30.1200,       9922,         26,              298784
VSWS,B,20260617,544487,,Patel Retail,   226.1500,   226.1500,   221.0000,   223.6500,      57115,       1072,            12823427
VSWS,B,20260617,544488,,Vikram Solar,   211.6000,   212.0000,   207.4500,   210.0000,     104180,       1382,            21847698
VSWS,B,20260617,544489,,LGT Global Hospitali,    45.4200,    45.4200,    44.0000,    45.1500,      13200,         11,              591432
VSWS,B,20260617,544490,,Shreeji Shipping Glo,   473.1000,   496.0000,   469.8000,   488.0000,      22777,        429,            11034067
VSWS,B,20260617,544491,,Gem Aromatics,   194.7000,   194.7000,   182.6500,   183.7500,       7484,         97,             1381173
VSWS,B,20260617,544492,,Mangal Electrical In,   322.0000,   322.0000,   310.0000,   316.6000,       1503,         31,              472538
VSWS,B,20260617,544493,,Nippon India Nifty I,   161.0000,   161.0000,   157.9100,   160.6800,        127,         14,               20315
VSWS,B,20260617,544494,,Globtier Infotech,    21.3200,    21.3200,    21.3200,    21.3200,       9600,          6,              204672
VSWS,B,20260617,544495,,NIS Management,    47.3400,    49.3700,    43.3000,    48.4900,      19200,         15,              910152
VSWS,B,20260617,544496,,Vikran Engineering,    71.0700,    76.4100,    71.0700,    74.9800,     546061,       2630,            40875977
VSWS,B,20260617,544497,,Anlon Healthcare,    16.3200,    16.3900,    15.7900,    15.9800,     746495,       1239,            11955242
VSWS,B,20260617,544498,,Oval Projects Engine,    62.7000,    62.7000,    62.7000,    62.7000,       3200,          1,              200640
VSWS,B,20260617,544501,,SUGS Lloyd,   130.0500,   134.2000,   127.5000,   128.0000,      63000,         63,             8352750
VSWS,B,20260617,544502,,Amanta Healthcare,   148.5000,   157.0000,   147.0500,   148.2500,       8677,         66,             1306509
VSWS,B,20260617,544503,,Rachit Prints,   210.0000,   210.0000,   210.0000,   210.0000,       1000,          1,              210000
VSWS,B,20260617,544504,,Goel Construction Co,   415.0000,   425.0000,   411.1000,   414.5000,      16400,         21,             6877240
VSWS,B,20260617,544505,,Austere Systems,    45.7200,    48.7100,    45.7100,    48.7100,      10000,          5,              463140
VSWS,B,20260617,544506,,Sharvaya Metals,    85.5000,    90.1500,    85.5000,    86.2500,      29400,         23,             2548530
VSWS,B,20260617,544507,,Zerodha Nifty Smallc,    10.4200,    10.6000,    10.4200,    10.5400,     178109,        133,             1877367
VSWS,B,20260617,544508,,Vashishtha Luxury Fa,    71.9400,    71.9500,    71.9400,    71.9500,       2400,          2,              172668
VSWS,B,20260617,544509,,Krupalu Metals,    35.9000,    35.9000,    35.9000,    35.9000,       1600,          1,               57440
VSWS,B,20260617,544510,,Nilachal Carbo Metal,    92.0100,    95.5000,    92.0100,    95.5000,      12800,          6,             1197168
VSWS,B,20260617,544511,,Karbonsteel Engineer,   124.0000,   124.0000,   113.1000,   113.7000,      39200,         46,             4637120
VSWS,B,20260617,544512,,Shringar House Of Ma,   217.5000,   217.5000,   213.7000,   214.2500,       9261,        136,             1988558
VSWS,B,20260617,544513,,Dev Accelerator,    37.2700,    37.2700,    36.1000,    36.3600,       8623,         82,              314087
VSWS,B,20260617,544515,,Urban Company,   128.6000,   132.5500,   128.5000,   130.1000,     123117,       1172,            16130018
VSWS,B,20260617,544516,,Airfloa Rail Technol,   329.8000,   338.5000,   323.0000,   332.8500,     120500,        227,            39976325
VSWS,B,20260617,544517,,Shankara Buildpro,  1020.0000,  1072.3500,  1005.8000,  1045.0500,       4258,        263,             4445251
VSWS,B,20260617,544518,,L T Elevator,   238.0000,   247.0000,   237.4500,   239.0500,      76000,         84,            18462920
VSWS,B,20260617,544519,,Euro Pratik Sales,   282.8500,   283.8000,   272.8000,   276.8500,      22006,        327,             6124991
VSWS,B,20260617,544520,,Sampat Aluminium,    40.7000,    41.0000,    38.0000,    38.9800,       9600,          8,              379320
VSWS,B,20260617,544521,,VMS TMT,    46.2500,    46.2500,    45.0100,    45.9000,        828,         23,               37892
VSWS,B,20260617,544522,,A B Cotspin India Lt,   240.0000,   240.0000,   232.0000,   232.6000,       3965,        156,              922567
VSWS,B,20260617,544523,,Ivalue Infosolutions,   265.0000,   271.7500,   263.1000,   266.8500,      20242,        529,             5403919
VSWS,B,20260617,544524,,JD Cables,   194.6000,   215.0000,   194.6000,   213.2000,     252000,        303,            52247440
VSWS,B,20260617,544525,,GK Energy,   150.7000,   152.8500,   145.5500,   146.0000,      62135,        778,             9265901
VSWS,B,20260617,544526,,Saatvik Green Energy,   476.7500,   485.0000,   474.0000,   476.1500,       7663,        264,             3663022
VSWS,B,20260617,544527,,Atlanta Electricals,  1901.0000,  2015.0000,  1901.0000,  1965.4500,       6066,        496,            11919792
VSWS,B,20260617,544528,,Ganesh Consumer Prod,   205.0000,   205.4000,   202.8500,   203.8000,       2033,         68,              414612
VSWS,B,20260617,544529,,Aptus Pharma,   211.5000,   211.8500,   211.4500,   211.8500,      33600,         50,             7108240
VSWS,B,20260617,544530,,Anand Rathi Share An,   550.7500,   550.7500,   538.1500,   539.9500,       9517,        336,             5160909
VSWS,B,20260617,544531,,True Colors,   136.7000,   137.7000,   130.8000,   132.4000,     109800,        157,            14727180
VSWS,B,20260617,544532,,Solarworld Energy So,   184.4500,   188.1000,   184.4500,   186.8000,      13450,        255,             2513647
VSWS,B,20260617,544533,,Seshaasai Technologi,   282.2500,   295.5000,   282.2500,   291.7000,      25160,        599,             7302414
VSWS,B,20260617,544534,,Jaro Inst of Tech Mg,   550.0000,   550.0000,   535.0000,   538.5500,       9835,        247,             5356555
VSWS,B,20260617,544535,,Bharatrohan Airborne,   120.3500,   120.3500,   110.0500,   112.4500,      16800,         20,             1913000
VSWS,B,20260617,544536,,Wealth First Portfol,   979.9500,   979.9500,   940.2000,   961.0000,        263,         64,              250916
VSWS,B,20260617,544537,,Jain Resource Recycl,   374.5000,   379.3500,   365.8500,   375.7000,     297556,       5274,           110718562
VSWS,B,20260617,544538,,Praruh Technologies,    52.5000,    52.5000,    52.0000,    52.0000,       4000,          2,              209000
VSWS,B,20260617,544539,,Solvex Edibles,    22.8500,    23.0000,    22.8400,    22.8400,       8000,          5,              182992
VSWS,B,20260617,544540,,Epack Prefab Technol,   250.6500,   256.9500,   246.0000,   247.3000,      68444,       1107,            17194603
VSWS,B,20260617,544541,,Systematic Industrie,   194.6000,   197.7000,   189.0500,   193.4000,      51600,         61,            10017780
VSWS,B,20260617,544542,,Justo Realfintech,    95.0000,    95.0000,    90.0000,    90.0000,       9000,          4,              840050
VSWS,B,20260617,544543,,BMW Ventures,    59.6500,    60.2400,    59.0100,    60.0000,       5997,        128,              357463
VSWS,B,20260617,544544,,Telge Projects,   110.0000,   110.0000,   108.5000,   108.5000,       3600,          3,              394200
VSWS,B,20260617,544545,,TruAlt Bioenergy,   501.2500,   503.9000,   489.0000,   490.6500,      14354,        354,             7137169
VSWS,B,20260617,544546,,Chatterbox Technolog,    50.0100,    53.5000,    49.9300,    53.5000,      15600,          5,              817608
VSWS,B,20260617,544547,,Jinkushal Industries,   117.9900,   118.4000,   113.0100,   118.2400,       6894,        102,              807016
VSWS,B,20260617,544548,,Gujarat Peanut And A,    76.3000,    76.3000,    76.3000,    76.3000,       1600,          1,              122080
VSWS,B,20260617,544549,,Earkart,   130.0000,   130.0000,   130.0000,   130.0000,       1000,          1,              130000
VSWS,B,20260617,544550,,Pace Digitek,   187.0500,   188.4500,   184.3500,   184.7000,      51935,        678,             9671042
VSWS,B,20260617,544551,,Bhavik Enterprises,   158.0000,   158.0000,   158.0000,   158.0000,       3000,          3,              474000
VSWS,B,20260617,544552,,Rukmani Devi Garg Ag,   100.0000,   104.0000,   100.0000,   104.0000,       8400,          6,              862800
VSWS,B,20260617,544553,,M P K Steels (I),   123.0000,   123.0000,   118.6000,   121.6500,       7200,          9,              865400
VSWS,B,20260617,544554,,KVS Castings,    64.9900,    64.9900,    63.0000,    63.0000,      14000,          7,              888180
VSWS,B,20260617,544555,,Ameenji Rubber,   133.2500,   137.9500,   133.2500,   137.5000,      27600,         17,             3764340
VSWS,B,20260617,544557,,Glottis,    67.2100,    68.0000,    66.5100,    67.2600,       4616,         77,              309563
VSWS,B,20260617,544558,,Fabtech Technologies,   158.5000,   161.1500,   155.7000,   159.0500,       8981,        240,             1426299
VSWS,B,20260617,544559,,OM Metallogic,    25.0500,    25.0500,    25.0500,    25.0500,       3200,          2,               80160
VSWS,B,20260617,544561,,Chiraharit,     9.8100,     9.8100,     9.8000,     9.8000,      30000,          5,              294180
VSWS,B,20260617,544562,,Advance Agrolife,    98.0000,    98.5500,    96.9000,    97.9500,       3631,         87,              353394
VSWS,B,20260617,544563,,Zelio E Mobility,   583.3500,   583.3500,   583.3500,   583.3500,      31000,         33,            18083850
VSWS,B,20260617,544564,,Om Freight Forwarder,    84.0000,    84.0000,    82.1900,    82.1900,        646,         31,               53580
VSWS,B,20260617,544565,,Valplast Technologie,    44.5000,    45.0000,    44.5000,    45.0000,       4000,          2,              179000
VSWS,B,20260617,544566,,Sunsky Logistics,    48.0000,    48.0000,    48.0000,    48.0000,       1500,          1,               72000
VSWS,B,20260617,544568,,DSM Fresh Foods,    89.7000,    90.0000,    88.0000,    89.0000,      34800,         26,             3099912
VSWS,B,20260617,544569,,Tata Motors,   406.7000,   408.8500,   397.8000,   402.0000,     496213,       7244,           200061604
VSWS,B,20260617,544570,,WeWork India Managem,   645.7500,   656.0000,   642.1500,   649.9000,       9367,        506,             6089361
VSWS,B,20260617,544571,,NSB BPO Solutions,    66.7500,    66.7500,    64.7500,    64.7500,       2000,          2,              131500
VSWS,B,20260617,544572,,SKF India (Industria,  2519.3000,  2574.6500,  2483.1000,  2521.7000,       2464,        293,             6271670
VSWS,B,20260617,544574,,Tata Capital,   335.3000,   341.7000,   335.0000,   336.8000,     126438,       4344,            42888041
VSWS,B,20260617,544575,,Mittal Sections,    31.5600,    32.1000,    31.5400,    32.1000,       4000,          4,              126760
VSWS,B,20260617,544576,,LG Electronics India,  1580.0000,  1604.4000,  1567.9500,  1578.3000,     470519,       4657,           748384227
VSWS,B,20260617,544578,,Rubicon Research,  1345.2000,  1383.9500,  1331.6500,  1368.3500,      23236,       1250,            31669996
VSWS,B,20260617,544580,,Canara Robeco Asset,   251.1000,   253.0000,   250.1000,   251.9500,      22524,        569,             5661837
VSWS,B,20260617,544581,,DSP Nifty500 Flexica,     9.8300,     9.9000,     9.8100,     9.8500,       4270,         31,               42094
VSWS,B,20260617,544582,,Shlokka Dyes,    24.1500,    24.5000,    23.6000,    23.6000,       9600,          7,              230460
VSWS,B,20260617,544583,,Canara HSBC Life Ins,   139.5000,   139.5000,   137.6000,   138.4000,      22777,        313,             3151797
VSWS,B,20260617,544584,,SK Minerals & Additi,   372.1000,   372.1000,   353.4000,   360.8500,      49000,         43,            17712200
VSWS,B,20260617,544585,,Sihora Industries,    56.1100,    57.0000,    56.1100,    57.0000,       4000,          2,              226220
VSWS,B,20260617,544586,,Zerodha Nifty 50 ETF,     9.8400,     9.8400,     9.5500,     9.6000,     129630,        286,             1243553
VSWS,B,20260617,544587,,Midwest,  1290.0000,  1300.0000,  1274.4000,  1294.4500,        461,         49,              594220
VSWS,B,20260617,544595,,Orkla India,   637.2000,   637.2000,   622.3500,   631.7000,       1516,        134,              953073
VSWS,B,20260617,544596,,Safecure Services,    25.6000,    25.6000,    25.6000,    25.6000,       1200,          1,               30720
VSWS,B,20260617,544597,,Piramal Finance,  2014.8000,  2044.5500,  2002.7000,  2014.0000,     188533,        522,           379745660
VSWS,B,20260617,544598,,Accuracy Shipping,     5.6300,     5.7200,     5.5100,     5.6500,      15992,         78,               90091
VSWS,B,20260617,544599,,Studds Accessories,   501.1000,   506.8000,   499.5000,   501.8500,       7950,        218,             3990008
VSWS,B,20260617,544600,,Lenskart Solutions,   504.5000,   507.0000,   500.0000,   503.9000,     547445,       1373,           276617582
VSWS,B,20260617,544601,,Choice Gold ETF,   150.0000,   150.0000,   146.0500,   148.0500,       1564,         84,              230034
VSWS,B,20260617,544603,,Billionbrains Garage,   200.3000,   202.9500,   198.2500,   198.9000,    2203257,      11833,           442355626
VSWS,B,20260617,544604,,Mirae Asset Nifty En,    39.6200,    40.5400,    39.6200,    40.4600,     261280,        139,            10547865
VSWS,B,20260617,544605,,Mirae Asset Nifty Sm,    17.5600,    17.5600,    17.4000,    17.5300,      31386,         92,              549474
VSWS,B,20260617,544606,,Pine Labs,   152.0500,   156.5500,   151.1000,   151.7000,    2906726,      17194,           445790844
VSWS,B,20260617,544607,,Shining Tools,    76.0000,    76.0000,    76.0000,    76.0000,       1200,          1,               91200
VSWS,B,20260617,544608,,Emmvee Photovoltaic,   333.5500,   345.3000,   333.5500,   343.0500,     448690,       4056,           152990577
VSWS,B,20260617,544609,,Physicswallah,   109.2500,   113.9500,   108.9500,   113.3500,     440734,       4309,            48995834
VSWS,B,20260617,544610,,Workmates Core2cloud,   298.0000,   300.4000,   291.7000,   293.6500,      12600,         20,             3728220
VSWS,B,20260617,544611,,Mahamaya Lifescience,   173.0000,   177.8000,   173.0000,   177.7500,       8400,          7,             1480320
VSWS,B,20260617,544612,,Tenneco Clean Air In,   569.0000,   583.8000,   563.7500,   568.3500,      62404,       1961,            35850994
VSWS,B,20260617,544613,,Fujiyama Power Syste,   317.2000,   328.0000,   316.0000,   319.7000,      17211,        524,             5576960
VSWS,B,20260617,544614,,Capillary Techno Ind,   495.9500,   505.8500,   495.9500,   500.8500,     182617,        256,            92035300
VSWS,B,20260617,544615,,KSR Footwear,    30.8000,    30.9900,    30.2000,    30.5000,       1370,         14,               41984
VSWS,B,20260617,544616,,Gallard Steel,   151.5000,   155.0000,   150.0000,   154.2500,       9000,          9,             1373850
VSWS,B,20260617,544617,,Excelsoft Technologi,    79.4100,    82.2700,    79.4100,    80.0400,      28301,        360,             2279986
VSWS,B,20260617,544618,,Edelweiss BSE Sensex,    76.6900,    78.0500,    76.6900,    77.5500,        267,         13,               20665
VSWS,B,20260617,544619,,Sudeep Pharma,   827.0500,   883.2000,   827.0500,   871.6500,      56116,       2974,            48564855
VSWS,B,20260617,544620,,DSP MSCI India ETF,    29.1700,    29.1700,    29.1700,    29.1700,        100,          1,                2917
VSWS,B,20260617,544621,,SSMD Agrotech India,    63.1400,    66.2800,    63.1400,    64.8600,       4000,          3,              259420
VSWS,B,20260617,544622,,Kwality Wall's (Indi,    37.3300,    38.4300,    36.9500,    37.2000,    1261140,       4074,            47347309
VSWS,B,20260617,544623,,Mother Nutri Foods,   150.0000,   153.0000,   149.9500,   153.0000,       6000,          5,              903540
VSWS,B,20260617,544624,,K K Silk Mills,    11.7500,    11.7500,    11.2000,    11.2800,       9000,          3,              102690
VSWS,B,20260617,544625,,Logiciel Solutions,    37.9000,    37.9000,    37.8900,    37.8900,       1200,          2,               45474
VSWS,B,20260617,544626,,Exato Technologies,   395.0000,   395.0000,   387.0000,   389.4000,       9000,         16,             3516075
VSWS,B,20260617,544627,,Purple Wave Infocom,   118.9500,   119.0000,   118.9000,   119.0000,      12000,          6,             1427750
VSWS,B,20260617,544628,,Astron Multigrain,    18.0000,    18.8000,    18.0000,    18.5000,       8000,          4,              147800
VSWS,B,20260617,544629,,Ravelcare,   115.1000,   115.1000,   110.0000,   113.8500,       9000,          9,             1005200
VSWS,B,20260617,544631,,Creative Newtech,   713.5000,   715.0000,   688.8000,   704.5000,       1067,         91,              751490
VSWS,B,20260617,544632,,Meesho,   167.9000,   167.9000,   163.5000,   164.3500,     570508,       5075,            94511969
VSWS,B,20260617,544633,,Vidya Wires,   101.4500,   103.0500,    99.9500,   103.0500,      75370,        339,             7682913
VSWS,B,20260617,544634,,Aequs,   199.5500,   202.6000,   196.1500,   199.8500,     234747,       2619,            46784383
VSWS,B,20260617,544636,,Western Overseas Stu,    19.3000,    20.0000,    19.3000,    20.0000,       4000,          2,               78600
VSWS,B,20260617,544637,,Methodhub Software,    89.7000,    89.7000,    84.3500,    85.1500,      34800,         47,             3014100
VSWS,B,20260617,544638,,Bandhan Gold ETF,   150.0000,   150.2200,   148.5000,   150.0400,         24,         16,                3590
VSWS,B,20260617,544639,,Bandhan Silver ETF,   253.1300,   253.1300,   245.0000,   245.2300,       1812,         19,              444818
VSWS,B,20260617,544640,,Riddhi Display Equip,    32.5000,    32.5000,    32.5000,    32.5000,       1200,          1,               39000
VSWS,B,20260617,544641,,K V Toys India,   252.0500,   258.5000,   250.5000,   252.0000,       8400,         12,             2138520
VSWS,B,20260617,544642,,Wakefit Innovations,   123.5500,   127.3500,   123.5500,   124.6500,      57252,        627,             7172550
VSWS,B,20260617,544643,,Prodocs Solutions,   180.0000,   180.0000,   180.0000,   180.0000,       1000,          1,              180000
VSWS,B,20260617,544644,,Corona Remedies,  1808.6500,  2097.3500,  1730.0000,  1792.3500,     141580,       2855,           250813998
VSWS,B,20260617,544645,,Park Medi World,   266.0000,   266.0000,   251.9500,   253.8500,     107569,       1968,            27738758
VSWS,B,20260617,544646,,Shipwaves Online,     3.5000,     3.6000,     3.2600,     3.3800,     240000,         23,              837100
VSWS,B,20260617,544647,,Nephrocare Health Se,   753.6000,   753.6000,   720.5000,   737.8500,       7724,        431,             5659803
VSWS,B,20260617,544654,,Dsp Nifty Smallcap 2,    17.6000,    17.6700,    17.4300,    17.6100,       7281,         18,              127691
VSWS,B,20260617,544655,,Dsp Nifty Midcap 150,    22.6700,    22.8700,    22.6700,    22.7700,      58508,          8,             1327204
VSWS,B,20260617,544656,,HRS Aluglaze,   245.0500,   245.1000,   245.0500,   245.0500,       7600,          8,             1862440
VSWS,B,20260617,544657,,Pajson Agro India,   183.0000,   183.0000,   178.0000,   178.0000,       3600,          5,              651600
VSWS,B,20260617,544658,,ICICI Pru Asset Mgt,  3247.9500,  3315.0000,  3220.1000,  3251.0500,      32650,       2499,           106848771
VSWS,B,20260617,544660,,Mirae Asset Nifty To,     8.7100,     8.7200,     8.6800,     8.7000,      15772,         17,              137370
VSWS,B,20260617,544661,,Mirae Asset B 500 Dv,    35.6400,    35.7200,    35.5800,    35.7200,        241,          6,                8589
VSWS,B,20260617,544662,,Simandhar Impex,   175.9000,   175.9500,   159.3500,   163.6500,        578,         14,               93646
VSWS,B,20260617,544663,,Neptune Logitek,    33.4100,    35.0800,    33.4100,    35.0800,      18000,         18,              620430
VSWS,B,20260617,544664,,KSH International,   879.5500,   897.1500,   842.2000,   858.9000,      44989,       2350,            39332461
VSWS,B,20260617,544665,,Global Ocean Logisti,   143.5000,   143.5000,   143.5000,   143.5000,       1600,          1,              229600
VSWS,B,20260617,544666,,Gujarat Kidney And S,   129.7500,   130.5000,   126.8000,   127.9500,      37486,        647,             4799137
VSWS,B,20260617,544669,,Admach Systems,   303.0000,   303.0000,   293.6000,   293.6000,       2400,          4,              714360
VSWS,B,20260617,544670,,Bai-Kakaji Polymers,   198.8000,   212.8000,   198.8000,   203.3500,     121800,        181,            25194180
VSWS,B,20260617,544671,,Apollo Techno Indust,    85.0500,    87.3500,    84.6500,    87.3500,       7000,          7,              597300
VSWS,B,20260617,544672,,Wealth Company Gold,   149.3400,   149.3400,   149.3400,   149.3400,          3,          1,                 448
VSWS,B,20260617,544673,,Modern Diagno & Rese,    55.0000,    55.0000,    55.0000,    55.0000,      11200,          7,              616000
VSWS,B,20260617,544674,,DSP Nifty Next 50 ET,    72.3900,    72.3900,    71.4000,    71.4000,        216,          3,               15620
VSWS,B,20260617,544675,,Gabion Technologies,    63.0000,    63.0000,    62.5000,    62.5100,       8000,          5,              501296
VSWS,B,20260617,544676,,Yajur Fibres,    40.5300,    41.0000,    39.5100,    40.2600,      11200,         14,              449016
VSWS,B,20260617,544677,,Defrail Technologies,    73.0000,    73.0000,    71.0100,    71.0500,       8000,          5,              571632
VSWS,B,20260617,544678,,Bharat Coking Coal,    38.8000,    40.9900,    38.7100,    40.3900,    4767798,       9454,           191533744
VSWS,B,20260617,544679,,Amagi Media Labs,   440.0000,   522.4500,   440.0000,   498.0000,     308627,       5609,           155445474
VSWS,B,20260617,544680,,Narmadesh Brass Indu,   307.6000,   323.0000,   307.6000,   320.6500,       3360,          6,             1077384
VSWS,B,20260617,544681,,Indo SMC,   327.2000,   327.4500,   327.2000,   327.4500,      51000,         42,            16697450
VSWS,B,20260617,544682,,GRE Renew Enertech,   150.0000,   159.4500,   148.1000,   157.6000,       6000,          5,              915900
VSWS,B,20260617,544684,,Digilogic Systems,   122.8000,   122.8000,   118.0000,   119.4000,      38400,         32,             4584000
VSWS,B,20260617,544685,,Shadowfax Technologi,   214.2500,   221.7000,   213.1000,   214.7000,      44079,        807,             9611467
VSWS,B,20260617,544686,,Shayona Engineering,   134.4000,   140.0000,   134.4000,   140.0000,       2000,          2,              274400
VSWS,B,20260617,544687,,Hannah Joseph Hospit,    99.9000,    99.9000,    96.9000,    97.9000,      14000,          7,             1374400
VSWS,B,20260617,544693,,Kanishk Aluminium In,    30.4500,    30.4500,    30.4000,    30.4000,       9600,          6,              291920
VSWS,B,20260617,544695,,MSafe Equipments,   158.3500,   160.7000,   153.0500,   154.2000,     101000,         81,            15862900
VSWS,B,20260617,544699,,Aye Finance,   166.7500,   173.0000,   161.9000,   162.6000,     172542,       2154,            28569193
VSWS,B,20260617,544700,,Fractal Analytics,  1011.4500,  1028.0000,   970.0000,   974.3500,      24376,       1118,            24354427
VSWS,B,20260617,544701,,Mirae Ass Nfty 500 H,    19.9900,    19.9900,    19.8500,    19.9500,       8694,         37,              173186
VSWS,B,20260617,544702,,DCM Shriram Internat,    63.7000,    63.9000,    63.7000,    63.7000,       4560,         26,              290489
VSWS,B,20260617,544703,,DCM Shriram Fine Che,    23.4500,    23.6200,    23.0300,    23.5400,      11816,        131,              276449
VSWS,B,20260617,544704,,Mirae A Nifty Ind In,    12.4500,    12.4500,    12.2000,    12.3200,        730,          9,                8936
VSWS,B,20260617,544705,,Mirae Asset BSE (I),    76.7400,    79.1600,    76.5000,    79.0700,      31759,        114,             2463082
VSWS,B,20260617,544708,,Yashhtej Industries,    56.0000,    56.8900,    55.9500,    55.9500,      39600,         27,             2241240
VSWS,B,20260617,544709,,Gaudium IVF And Wome,   105.0000,   105.1000,   104.5500,   104.5500,      19338,         92,             2025678
VSWS,B,20260617,544710,,Accord Transf & Swit,    57.2200,    58.6800,    56.2700,    56.7200,     117000,         38,             6710190
VSWS,B,20260617,544711,,Kiaasa Retail,    40.0100,    40.9000,    39.5100,    39.5200,      19000,         19,              758620
VSWS,B,20260617,544716,,Shree Ram Twistex,    42.3900,    42.3900,    40.6700,    41.0600,       6668,        133,              274864
VSWS,B,20260617,544717,,Clean Max Enviro Ene,  1305.0000,  1378.4500,  1297.9500,  1356.3500,      23953,       1449,            32214945
VSWS,B,20260617,544718,,PNGS Reva Diamond Je,   388.0000,   391.9500,   381.5500,   384.4500,       2990,        196,             1150499
VSWS,B,20260617,544719,,A Birla SLife BSE T,   168.9300,   168.9300,   168.9300,   168.9300,         16,          1,                2702
VSWS,B,20260617,544720,,Omnitech Engineering,   495.1500,   516.5500,   487.0000,   495.2000,     159235,       2382,            80132155
VSWS,B,20260617,544721,,Groww BSE Hospitals,    51.6900,    51.9900,    51.2200,    51.9200,       6114,         67,              315555
VSWS,B,20260617,544722,,SBI Nifty Midcap 150,    63.9200,    65.2000,    63.6000,    64.3400,       5950,         47,              383198
VSWS,B,20260617,544723,,Sedemac Mechatronics,  2809.3500,  2809.3500,  2680.0000,  2696.3500,      16614,       1522,            45276160
VSWS,B,20260617,544724,,Elfin Agro India,    74.0000,    74.0000,    73.5000,    73.5000,       9000,          3,              663750
VSWS,B,20260617,544725,,DSP BSE Top 10 Banks,    17.0100,    17.1100,    16.9300,    17.0200,       2667,         13,               45299
VSWS,B,20260617,544726,,Kotyark Industries,   404.0000,   404.0000,   396.0000,   398.9500,       4793,        157,             1913487
VSWS,B,20260617,544731,,Rajputana Stainless,   131.0000,   132.5000,   129.0500,   129.9500,       5121,        194,              668323
VSWS,B,20260617,544732,,Innovision,   290.1000,   302.7500,   290.1000,   291.9500,       2854,        222,              833786
VSWS,B,20260617,544733,,GSP Crop Science,   459.3500,   459.3500,   447.0500,   448.0500,       5239,        313,             2367900
VSWS,B,20260617,544735,,Novus Loyalty,   142.0500,   146.0000,   140.0000,   146.0000,      24000,         22,             3435500
VSWS,B,20260617,544736,,HSBC Gold ETF,   130.0000,   130.0000,   130.0000,   130.0000,          1,          1,                 130
VSWS,B,20260617,544737,,Mirae Asst Nifty 50,    16.7300,    16.7300,    16.5200,    16.5500,        257,         13,                4268
VSWS,B,20260617,544738,,Speciality Medicines,   201.6500,   208.9000,   197.0000,   208.9000,      10000,         10,             2017000
VSWS,B,20260617,544739,,Central Mine Plannin,   260.9500,   261.7500,   252.4500,   254.7500,     279110,       4384,            71755188
VSWS,B,20260617,544740,,Tipco Engineering In,   165.4000,   173.5500,   160.2000,   173.5500,    1112000,        220,           184304160
VSWS,B,20260617,544741,,Highness Microelectr,   168.9500,   168.9500,   162.0500,   165.1000,       8400,          7,             1387260
VSWS,B,20260617,544742,,Sai Parenteral's,   570.2000,   584.4500,   565.0500,   571.3500,      10197,        317,             5852873
VSWS,B,20260617,544743,,Amir Chand Jagdish K,   131.9500,   132.3500,   128.5000,   129.6500,      41842,        814,             5451174
VSWS,B,20260617,544744,,Powerica,   496.5500,   535.4500,   479.1500,   529.8000,     113424,       3036,            59992697
VSWS,B,20260617,544745,,SBI Nfty Midcap 150,    23.2100,    23.2100,    22.7900,    22.9100,       2424,         14,               55942
VSWS,B,20260617,544746,,Safety Controls & De,    79.9000,    80.2500,    78.1200,    79.9000,      12800,          8,             1014512
VSWS,B,20260617,544747,,Emiac Technologies,    98.1700,    98.1700,    98.1700,    98.1700,       1200,          1,              117804
VSWS,B,20260617,544748,,One Point One Soluti,    60.3800,    61.0500,    59.5400,    60.0300,      91826,        583,             5548151
VSWS,B,20260617,544750,,Om Power Transmissio,   179.0500,   181.7500,   177.3500,   178.5000,       8187,        160,             1471771
VSWS,B,20260617,544751,,Mehul Telecom,    86.6000,    95.3500,    86.6000,    95.3500,      56400,         13,             5358348
VSWS,B,20260617,544754,,OnEMI Technology Sol,   268.7000,   281.0000,   266.7000,   277.0500,     191031,       2595,            52881136
VSWS,B,20260617,544755,,Recode Studios,   200.7500,   204.9000,   196.9000,   204.9000,      20000,         23,             4000360
VSWS,B,20260617,544756,,United Polyfab Gujar,    33.4000,    33.7000,    32.0000,    33.0900,       3205,         43,              105311
VSWS,B,20260617,544757,,Bombay Super Hybrid,    94.0000,    94.0000,    94.0000,    94.0000,         20,          3,                1880
VSWS,B,20260617,544759,,Goldline Pharmaceuti,    44.6000,    44.6000,    42.8000,    43.0500,     195000,         58,             8414940
VSWS,B,20260617,544760,,DSP Nifty FMCG ETF,    49.8700,    49.8700,    49.2200,    49.7100,        241,          7,               11951
VSWS,B,20260617,544761,,Edelweiss Nifty Next,    70.9800,    70.9800,    70.9800,    70.9800,          1,          1,                  70
VSWS,B,20260617,544762,,SBI Nifty200 Valu 30,    15.7000,    16.3000,    15.2100,    15.3500,       9578,         24,              146537
VSWS,B,20260617,544763,,Sbi Nifty SMLCAP 250,    17.5600,    17.5600,    17.3900,    17.5000,       3685,         22,               64409
VSWS,B,20260617,544764,,Mangalam Worldwide,   376.4000,   376.9000,   371.0000,   371.4500,        673,         29,              251878
VSWS,B,20260617,544765,,Vegorama Punjabi Ang,   142.9500,   151.9000,   138.0000,   149.3000,     100800,         54,            14687440
VSWS,B,20260617,544766,,360 One MSCI India E,    10.0700,    10.5000,    10.0600,    10.1700,        731,          9,                7426
VSWS,B,20260617,544767,,Autofurnish,    47.2500,    47.7000,    45.6000,    47.0000,      84000,         21,             3867900
VSWS,B,20260617,544768,,M R Maniveni Foods,    34.0000,    38.6500,    34.0000,    38.3000,      74000,         16,             2802280
VSWS,B,20260617,544769,,Harikanta Overseas,    66.5100,    66.5100,    57.6200,    61.0100,     142800,        107,             8924256
VSWS,B,20260617,544770,,Yaashvi Jewellers,    94.7000,    95.4500,    93.0000,    93.5400,      72000,         43,             6761536
VSWS,B,20260617,544771,,Rajnandini Fashion I,    50.4500,    51.0000,    48.2000,    48.3900,      38000,         19,             1864340
VSWS,B,20260617,544772,,Aureate Tradde,    54.1800,    54.1800,    54.1800,    54.1800,       8000,          1,              433440
VSWS,B,20260617,544773,,Merritronix,   372.6000,   389.0000,   372.6000,   372.6000,     183000,        173,            68730800
VSWS,B,20260617,544774,,SMR Jewels,    87.5500,    87.9000,    87.2500,    87.9000,      41000,         36,             3598550
VSWS,B,20260617,544777,,CMR Green Technologi,   234.6500,   240.7500,   231.5000,   236.7500,     329129,       4630,            77699636
VSWS,B,20260617,544778,,Vahh Chemicals,    71.0300,    73.1200,    69.8000,    72.9700,     166000,         71,            11922380
VSWS,B,20260617,544779,,UHM Vacation,   113.9500,   113.9500,   113.9500,   113.9500,       1600,          2,              182320
VSWS,B,20260617,544780,,Vedanta Aluminium Me,   451.9000,   485.0000,   451.9000,   465.3500,    2831303,      40713,          1297370326
VSWS,B,20260617,544781,,Vedanta Power,    39.0000,    42.1500,    39.0000,    42.1500,    7493908,      16925,           312183105
VSWS,B,20260617,544782,,Vedanta Oil And Gas,    33.4500,    35.2000,    33.4500,    33.4500,    3488871,      14442,           117459879
VSWS,B,20260617,544783,,E2E Networks,   383.2000,   398.9000,   382.0000,   385.9500,     294608,       4618,           114591437
VSWS,B,20260617,544784,,Vedanta Iron And Ste,    22.0000,    23.2000,    22.0000,    23.2000,    4986876,       6490,           112582642
VSWS,B,20260617,544785,,Hexagon Nutrition,    52.9500,    53.9000,    52.0100,    52.0900,     283412,       1161,            14918140
VSWS,B,20260617,544786,,Schneider Elect Pres,   848.9000,   848.9000,   848.9000,   848.9000,        317,         16,              269101
VSWS,B,20260617,555555,,ICICI Pru BSE Sensex,   885.3900,   885.3900,   877.1900,   881.0000,        506,        109,              445425
VSWS,B,20260617,570002,,Future Enter Type B,     2.5700,     2.6300,     2.5000,     2.6200,        317,          7,                 801
VSWS,B,20260617,570004,,Jain Irrigation DVR,    23.5200,    24.4300,    23.1100,    24.0000,        225,          5,                5384
VSWS,B,20260617,570005,,GACM Techno Type B,     0.4700,     0.4800,     0.4600,     0.4800,      26577,         46,               12550
VSWS,B,20260617,590003,,Karur Vysya Bank,   294.0500,   298.0000,   292.9000,   296.7000,     126240,       1432,            37320783
VSWS,B,20260617,590005,,Veedol Corporation,  1461.9500,  1473.0000,  1448.4500,  1468.2000,        635,        153,              928415
VSWS,B,20260617,590006,,Amrutanjan Health Ca,   548.8000,   550.0000,   531.2000,   536.4000,       6586,        805,             3553356
VSWS,B,20260617,590013,,Xpro India,  1413.2500,  1492.2500,  1342.3000,  1366.1500,      26500,       2683,            37789083
VSWS,B,20260617,590018,,Hisar Metal Indus,   156.7000,   163.5000,   156.7000,   156.9000,        205,          5,               32157
VSWS,B,20260617,590021,,Bharat Rasayan,  1451.9000,  1461.8000,  1439.1500,  1456.0000,       1477,        290,             2141860
VSWS,B,20260617,590024,,Fert & Chem Travan,   992.0000,   993.4500,   963.1000,   967.3500,      60323,       3011,            58763586
VSWS,B,20260617,590025,,Ginni Filaments,    43.5200,    45.0000,    43.5200,    44.6500,       4455,         40,              197440
VSWS,B,20260617,590030,,Southern Petrochem,    72.4300,    72.4300,    70.6200,    70.9700,      37827,        362,             2694715
VSWS,B,20260617,590031,,De Nora India,   811.5500,   836.3500,   810.0000,   823.0000,       1074,        215,              888134
VSWS,B,20260617,590041,,Kavveri Defence & Wi,    63.9600,    63.9600,    62.0000,    63.2300,       7922,        201,              497550
VSWS,B,20260617,590051,,Saksoft,   144.8000,   145.9000,   141.4000,   142.2000,      34805,        430,             4980970
VSWS,B,20260617,590056,,Salona Cotspin,   270.0000,   270.0000,   269.0000,   269.0000,         34,          5,                9159
VSWS,B,20260617,590057,,Equippp Social Impac,    19.9900,    20.4700,    19.9700,    20.0500,       5945,         12,              121299
VSWS,B,20260617,590062,,Andhra Sugars,    83.4200,    83.9800,    82.6000,    83.2600,      13914,        168,             1159287
VSWS,B,20260617,590065,,India Motor Parts &,  1101.2500,  1103.0000,  1076.3500,  1079.8000,        142,         32,              154575
VSWS,B,20260617,590066,,K C P,   164.3500,   167.8000,   164.2000,   165.5500,       5325,        212,              882519
VSWS,B,20260617,590068,,Khaitan (India),   123.0500,   123.0500,   123.0000,   123.0000,         55,          4,                6766
VSWS,B,20260617,590070,,Radaan Mediaworks (I,     3.0800,     3.1200,     3.0600,     3.1200,        261,          5,                 802
VSWS,B,20260617,590071,,Sundaram Finance,  4498.9500,  4515.0000,  4418.4000,  4473.3000,        973,        180,             4342066
VSWS,B,20260617,590072,,Sundaram Brake Linin,   730.0000,   745.0000,   720.0000,   722.4000,         13,          7,                9398
VSWS,B,20260617,590073,,Wheels (I),  1619.4500,  1660.0000,  1538.3500,  1556.5500,       6402,        872,            10020620
VSWS,B,20260617,590075,,Lambodhara Textile,   109.0000,   109.0000,   106.0000,   106.0000,        132,         17,               14153
VSWS,B,20260617,590078,,Maithan Alloys,  1056.0000,  1136.0000,  1056.0000,  1126.7000,      14819,       1543,            16390145
VSWS,B,20260617,590086,,Orissa Minerals Deve,  4140.0000,  4374.6000,  4125.0000,  4261.3000,       1483,        372,             6316430
VSWS,B,20260617,590095,,Nippon India ETF Gol,   127.2300,   127.2300,   122.9000,   123.7500,     503258,       4399,            62271734
VSWS,B,20260617,590096,,Nippon INft 1D RLBeE,   999.9900,  1000.0100,   999.9900,  1000.0000,     215334,        622,           215333183
VSWS,B,20260617,590097,,Kotak - Gold ETF,   125.4900,   125.4900,   124.5800,   124.8100,      19922,        772,             2484959
VSWS,B,20260617,590098,,SBI ETF Gold,   124.8200,   128.2800,   124.8200,   127.5900,      77716,       1405,             9904188
VSWS,B,20260617,590099,,Quantum Gold ETF,   124.1200,   124.1200,   123.8200,   124.0200,       1832,        170,              227089
VSWS,B,20260617,590101,,UTI - Gold ETF,   123.2400,   127.6600,   123.2400,   125.9500,      18163,        984,             2285635
VSWS,B,20260617,590103,,Nippon INft 50 BeES,   273.1500,   273.2100,   268.9300,   273.0200,     200270,       1963,            54565037
VSWS,B,20260617,590104,,Nippon INft N50 JrBe,   772.5000,   780.9400,   772.2100,   779.4200,      21369,       1215,            16599910
VSWS,B,20260617,590106,,NipponINft BnkBees,   591.0000,   594.6900,   589.9300,   593.5500,      56097,       1002,            33260060
VSWS,B,20260617,590107,,Kotak Nty PSU Bk ETF,   857.8600,   875.3700,   857.7100,   873.2700,       3906,        464,             3396797
VSWS,B,20260617,590108,,Nippon INft PSU BBeE,    96.9500,    97.6400,    95.5900,    97.5200,      88199,        649,             8551477
VSWS,B,20260617,590109,,Nippon INft50 Sha Be,   458.4900,   467.6400,   456.6900,   461.7400,       2956,         70,             1356601
VSWS,B,20260617,590110,,Quantum Nifty 50 ETF,   263.0000,   264.2000,   263.0000,   264.0000,        537,         16,              141759
VSWS,B,20260617,590113,,Nippon India ETF Hng,   491.8200,   494.6000,   491.2100,   493.0800,       9007,        652,             4440620
VSWS,B,20260617,590115,,Motilal Oswal Nfty,   251.0500,   251.0500,   251.0500,   251.0500,         45,          1,               11297
VSWS,B,20260617,590134,,Madras Fertilizers,    76.9000,    76.9000,    71.1100,    71.8300,      11170,        223,              802670
VSWS,B,20260617,590136,,Kotak Nifty Bank ETF,    58.5700,    59.6900,    58.5700,    59.5900,       2419,         40,              144203
VSWS,B,20260617,590137,,SBI ETF Nifty Bank,   589.7000,   590.8800,   585.5100,   589.3900,       1006,        221,              591881
VSWS,B,20260617,590138,,SBI ETF Nifty 50,   257.8600,   258.2600,   256.6200,   257.8700,      30366,        532,             7822654
VSWS,B,20260617,590139,,Kotak Nifty 1D Rate,  1109.2600,  1109.2600,  1109.2500,  1109.2500,        158,          2,              175262
VSWS,B,20260617,590140,,Tata Gold ETF,    14.2000,    14.8800,    14.2000,    14.5300,    2118200,       3653,            30759027
VSWS,B,20260617,590141,,Nippon India ETF Nif,    32.3800,    32.3800,    31.7600,    31.9200,     528349,       1398,            16885650
VSWS,B,20260617,590142,,Nippon Ind NftPh ETF,    24.2400,    24.8700,    24.2400,    24.7400,     680571,       1833,            16828764
VSWS,B,20260617,590143,,Nippon INft 8-13 YGS,    29.5700,    29.6000,    29.5600,    29.5700,      18760,         35,              554576
VSWS,B,20260617,590144,,Nippon India ETF Nif,   234.7000,   237.8200,   234.5000,   235.8100,      16792,        263,             3954481
VSWS,B,20260617,590145,,Nippon India Silver,   236.1300,   236.9400,   233.8200,   234.7900,     528849,       4056,           124246216
VSWS,B,20260617,590146,,MOswal Gold ETF,   147.7000,   148.6000,   147.7000,   148.2000,       2150,        220,              317920
VSWS,B,20260617,590147,,MOswal Silver ETF,   242.4000,   244.0000,   241.5800,   242.7900,       4277,         43,             1038875
VSWS,B,20260617,590148,,MO Nfty Scap 250 ETF,    17.3100,    17.6500,    17.2600,    17.5900,     298879,        302,             5237949
VSWS,B,20260617,590149,,Motilal Oswa Nifty C,    55.6800,    55.8500,    54.7900,    55.3000,      40604,        434,             2243730
VSWS,B,20260617,590150,,MO Nifty Realty ETF,    82.4300,    82.4300,    80.5900,    81.4000,      23971,        248,             1947079
VSWS,B,20260617,590151,,M Oswal Nifty 500 M,    53.3900,    53.5800,    53.2100,    53.5000,      19348,        111,             1032579
VSWS,B,20260617,590152,,M Oswal Nifty I Defe,   100.1900,   104.4800,   100.1900,   104.1300,     347674,       1455,            35708314
VSWS,B,20260617,590153,,Motilal Oswal Nifty,    23.5100,    23.6500,    23.4800,    23.5900,     167483,        218,             3953207
VSWS,B,20260617,590154,,Kotak Nifty Alpha 50,    50.4600,    51.3900,    50.4600,    51.3400,     202715,        231,            10355223
VSWS,B,20260617,590155,,Groww Silver ETF,    24.1100,    24.1500,    23.9700,    24.0500,      61308,        120,             1475680
VSWS,B,20260617,590156,,Groww Gold ETF,    15.0300,    15.0300,    14.5800,    14.6200,      30577,        160,              447459
VSWS,B,20260617,590157,,Groww Nifty India De,    90.6800,    95.0000,    90.4800,    94.8100,      10752,        160,             1001022
VSWS,B,20260617,590158,,Groww Nfty I Railway,    29.5700,    30.4400,    29.5700,    30.2500,      19534,        209,              588727
VSWS,B,20260617,590159,,Groww Nifty 1D Rate,   109.5200,   109.5200,   109.5100,   109.5100,     101554,          8,            11122189
VSWS,B,20260617,590160,,Tata Nifty 50 ETF,   258.0200,   294.0000,   255.4300,   260.0000,        165,         17,               43418
VSWS,B,20260617,590161,,Tata Silver ETF,    23.3700,    24.0500,    23.3700,    23.8300,    1682704,       3446,            40131529
VSWS,N,20260617,NIX000000011,IX,INDIA VIX,13.3600,13.5300,12.3500,13.1900,0,0,0
VSWS,N,20260617,NIX000000008,IX,NIFTY 100,25080.6500,25154.7000,25001.4000,25141.8000,0,0,0
VSWS,N,20260617,NIX000000025,IX,NIFTY 200,13883.9000,13925.0000,13845.4000,13918.2500,0,0,0
VSWS,N,20260617,NIX000000001,IX,NIFTY 50,24044.5000,24108.2000,23969.7000,24085.7000,6117372191,36951566,1333686127818
VSWS,N,20260617,NIX000000005,IX,NIFTY 500,23048.7000,23120.9000,22990.9500,23109.7000,0,0,0
VSWS,N,20260617,NIX000000045,IX,NIFTY ALPHA 50,53263.6500,53748.8000,53178.8500,53710.0500,0,0,0
VSWS,N,20260617,NIX000000052,IX,NIFTY ALPHALOWVOL,26198.6000,26259.6500,26120.7500,26236.4000,0,0,0
VSWS,N,20260617,NIX000000084,IX,NIFTY AQL 30,22555.7500,22576.6000,22454.7500,22558.8000,0,0,0
VSWS,N,20260617,NIX000000085,IX,NIFTY AQLV 30,20096.6500,20117.3500,20024.3000,20106.3500,0,0,0
VSWS,N,20260617,NIX000000021,IX,NIFTY AUTO,26972.1500,26986.2000,26548.7000,26724.4000,0,0,0
VSWS,N,20260617,NIX000000007,IX,NIFTY BANK,57434.0500,57646.1500,57222.4000,57585.0500,0,0,0
VSWS,N,20260617,NIX000000079,IX,NIFTY CAPITAL MKT,5555.8500,5563.3000,5464.2500,5505.2500,0,0,0
VSWS,N,20260617,NIX000000136,IX,NIFTY CEMENT,14878.9000,14975.6000,14784.3500,14926.3000,0,0,0
VSWS,N,20260617,NIX000000125,IX,NIFTY CHEMICALS,29714.5000,29781.3500,29525.1000,29638.3500,0,0,0
VSWS,N,20260617,NIX000000027,IX,NIFTY COMMODITIES,10009.5500,10054.5500,9957.5500,10044.4500,0,0,0
VSWS,N,20260617,NIX000000056,IX,NIFTY CONSR DURBL,36563.4500,37344.3500,36562.6500,37223.4000,0,0,0
VSWS,N,20260617,NIX000000028,IX,NIFTY CONSUMPTION,11508.3000,11572.2500,11481.0500,11555.2500,0,0,0
VSWS,N,20260617,NIX000000102,IX,NIFTY COREHOUSING,15332.2000,15479.4000,15321.1500,15438.1000,0,0,0
VSWS,N,20260617,NIX000000089,IX,NIFTY CORP MAATR,38617.8500,38705.4000,38431.5500,38664.0000,0,0,0
VSWS,N,20260617,NIX000000032,IX,NIFTY CPSE,6723.9000,6792.1500,6702.2000,6779.8500,0,0,0
VSWS,N,20260617,NIX000000026,IX,NIFTY DIV OPPS 50,5885.5500,5915.7000,5877.5000,5912.9500,0,0,0
VSWS,N,20260617,NIX000000014,IX,NIFTY ENERGY,39985.6000,40259.1000,39873.5500,40238.4500,0,0,0
VSWS,N,20260617,NIX000000086,IX,NIFTY EV,3129.1000,3140.5500,3105.4500,3125.2000,0,0,0
VSWS,N,20260617,NIX000000029,IX,NIFTY FIN SERVICE,26477.4000,26508.8000,26348.1500,26404.9500,0,0,0
VSWS,N,20260617,NIX000000103,IX,NIFTY FINSEREXBNK,31590.8500,31656.8500,31440.8500,31565.1000,0,0,0
VSWS,N,20260617,NIX000000051,IX,NIFTY FINSRV25 50,28727.6500,28770.0500,28601.9500,28673.0000,0,0,0
VSWS,N,20260617,NIX000000015,IX,NIFTY FMCG,49677.9500,49867.8500,49402.7500,49556.0500,0,0,0
VSWS,N,20260617,NIX000000122,IX,NIFTY FPI 150,1547.8500,1553.5500,1543.9000,1552.8500,0,0,0
VSWS,N,20260617,NIX000000033,IX,NIFTY GROWSECT 15,10905.8000,10954.7000,10870.1000,10917.1000,0,0,0
VSWS,N,20260617,NIX000000055,IX,NIFTY HEALTHCARE,15457.2000,15479.6500,15341.1500,15403.1500,0,0,0
VSWS,N,20260617,NIX000000087,IX,NIFTY HIGHBETA 50,4314.4500,4338.6500,4296.2500,4333.2500,0,0,0
VSWS,N,20260617,NIX000000104,IX,NIFTY HOUSING,12057.1500,12102.4500,12010.9000,12092.5500,0,0,0
VSWS,N,20260617,NIX000000077,IX,NIFTY IND DEFENCE,9151.6500,9526.5000,9150.7000,9487.3500,0,0,0
VSWS,N,20260617,NIX000000066,IX,NIFTY IND DIGITAL,7883.9000,7952.0000,7876.3500,7933.8000,0,0,0
VSWS,N,20260617,NIX000000078,IX,NIFTY IND TOURISM,7675.6500,7710.1000,7645.3500,7702.8500,0,0,0
VSWS,N,20260617,NIX000000062,IX,NIFTY INDIA MFG,15908.2500,15998.8500,15855.7500,15990.5000,0,0,0
VSWS,N,20260617,NIX000000013,IX,NIFTY INFRA,9450.3500,9475.3500,9399.4000,9469.9500,0,0,0
VSWS,N,20260617,NIX000000127,IX,NIFTY INFRALOG,12188.1500,12301.2000,12150.0500,12292.3500,0,0,0
VSWS,N,20260617,NIX000000124,IX,NIFTY INTERNET,1236.7500,1256.1500,1236.3000,1249.4000,0,0,0
VSWS,N,20260617,NIX000000105,IX,NIFTY IPO,2219.4500,2227.1500,2215.8000,2217.4500,0,0,0
VSWS,N,20260617,NIX000000002,IX,NIFTY IT,28759.0500,29007.0000,28688.4000,28809.5500,0,0,0
VSWS,N,20260617,NIX000000059,IX,NIFTY LARGEMID250,16514.5000,16562.8500,16475.0500,16555.0500,0,0,0
VSWS,N,20260617,NIX000000090,IX,NIFTY LOW VOL 50,24318.6000,24337.9500,24208.5000,24302.7000,0,0,0
VSWS,N,20260617,NIX000000061,IX,NIFTY M150 QLTY50,24267.4000,24328.6000,24208.0500,24314.0000,0,0,0
VSWS,N,20260617,NIX000000023,IX,NIFTY MEDIA,1516.5000,1520.1500,1503.4500,1505.6500,0,0,0
VSWS,N,20260617,NIX000000022,IX,NIFTY METAL,12848.9500,13066.7000,12757.7000,13011.4000,0,0,0
VSWS,N,20260617,NIX000000065,IX,NIFTY MICROCAP250,24593.8000,24806.0500,24592.5000,24781.6000,0,0,0
VSWS,N,20260617,NIX000000039,IX,NIFTY MIDCAP LIQUID 15,16850.2500,16868.9000,16680.7500,16761.8000,0,0,0
VSWS,N,20260617,NIX000000063,IX,NIFTY MID SELECT,14562.8500,14627.7500,14485.3500,14575.8000,0,0,0
VSWS,N,20260617,NIX000000006,IX,NIFTY MIDCAP 100,61960.7500,62152.1500,61811.7000,62123.3500,0,0,0
VSWS,N,20260617,NIX000000046,IX,NIFTY MIDCAP 150,22730.0000,22797.0000,22683.2000,22786.2500,0,0,0
VSWS,N,20260617,NIX000000010,IX,NIFTY MIDCAP 50,17656.2500,17695.6000,17565.8500,17659.6500,0,0,0
VSWS,N,20260617,NIX000000135,IX,NIFTY MIDSMALL 50 50,20189.2500,20268.3500,20173.4000,20258.1000,0,0,0
VSWS,N,20260617,NIX000000049,IX,NIFTY MIDSML 400,20784.7500,20859.5000,20762.5500,20849.3500,0,0,0
VSWS,N,20260617,NIX000000070,IX,NIFTY MIDSML HLTH,47581.9500,47785.4500,47424.4500,47568.1000,0,0,0
VSWS,N,20260617,NIX000000016,IX,NIFTY MNC,32388.5500,32683.0500,32353.2500,32657.7000,0,0,0
VSWS,N,20260617,NIX000000091,IX,NIFTY MOBILITY,22200.6000,22246.3500,21983.4500,22095.1000,0,0,0
VSWS,N,20260617,NIX000000106,IX,NIFTY MS FIN SERV,22380.9500,22422.2500,22244.5500,22333.9000,0,0,0
VSWS,N,20260617,NIX000000107,IX,NIFTY MS IND CONS,17904.5000,18056.4500,17887.4500,17991.2000,0,0,0
VSWS,N,20260617,NIX000000108,IX,NIFTY MS IT TELCM,9502.5000,9528.8000,9458.2500,9489.0000,0,0,0
VSWS,N,20260617,NIX000000072,IX,NIFTY MULTI INFRA,14556.6500,14620.7000,14507.5000,14615.2500,0,0,0
VSWS,N,20260617,NIX000000071,IX,NIFTY MULTI MFG,16192.8000,16253.0000,16142.7500,16245.2000,0,0,0
VSWS,N,20260617,NIX000000099,IX,NIFTY MULTI MQ 50,42627.8000,42755.2000,42500.5000,42727.1500,0,0,0
VSWS,N,20260617,NIX000000088,IX,NIFTY NEW CONSUMP,11254.0000,11339.7000,11239.4000,11328.3000,0,0,0
VSWS,N,20260617,NIX000000003,IX,NIFTY NEXT 50,71857.6500,72294.6500,71583.1500,72258.5000,0,0,0
VSWS,N,20260617,NIX000000109,IX,NIFTY NONCYC CONS,14933.8000,15069.3500,14916.5500,15043.7000,0,0,0
VSWS,N,20260617,NIX000000057,IX,NIFTY OIL AND GAS,11334.3000,11358.3000,11271.4500,11303.9500,0,0,0
VSWS,N,20260617,NIX000000017,IX,NIFTY PHARMA,24198.7500,24238.6500,24035.4500,24146.5500,0,0,0
VSWS,N,20260617,NIX000000018,IX,NIFTY PSE,10038.1000,10131.6000,10003.0500,10118.1500,0,0,0
VSWS,N,20260617,NIX000000019,IX,NIFTY PSU BANK,8590.6000,8725.1000,8534.6500,8713.1000,0,0,0
VSWS,N,20260617,NIX000000041,IX,NIFTY PRIVATE BANK,27964.3500,28022.4000,27846.7500,27893.3000,0,0,0
VSWS,N,20260617,NIX000000092,IX,NIFTY QLTY LV 30,16340.2500,16345.6000,16258.9000,16309.8000,0,0,0
VSWS,N,20260617,NIX000000133,IX,NIFTY RAILWAYSPSU,2958.1500,2984.5500,2941.9500,2979.7500,0,0,0
VSWS,N,20260617,NIX000000012,IX,NIFTY REALTY,814.2500,817.7500,809.3500,814.6000,0,0,0
VSWS,N,20260617,NIX000000138,IX,NIFTY REITS REALTY,1816.1500,1820.5000,1808.8000,1815.4000,0,0,0
VSWS,N,20260617,NIX000000110,IX,NIFTY RURAL,15299.6500,15329.8500,15243.2500,15309.5000,0,0,0
VSWS,N,20260617,NIX000000020,IX,NIFTY SERV SECTOR,30645.2000,30735.4500,30586.0000,30668.3500,0,0,0
VSWS,N,20260617,NIX000000111,IX,NIFTY SHARIAH 25,7829.3500,7854.5000,7792.7000,7823.4000,0,0,0
VSWS,N,20260617,NIX000000137,IX,NIFTY SMALLCAP 500,19818.0500,19937.5500,19817.6500,19923.2000,0,0,0
VSWS,N,20260617,NIX000000123,IX,NIFTY SME EMERGE,13932.0000,14029.7500,13932.0000,13997.3000,0,0,0
VSWS,N,20260617,NIX000000093,IX,NIFTY SML250 Q50,25000.6500,25109.8000,24995.3000,25072.7500,0,0,0
VSWS,N,20260617,NIX000000024,IX,NIFTY SMLCAP 100,18543.9500,18644.3000,18525.2000,18623.2000,0,0,0
VSWS,N,20260617,NIX000000048,IX,NIFTY SMLCAP 250,17420.2000,17512.7000,17419.5500,17495.7500,0,0,0
VSWS,N,20260617,NIX000000047,IX,NIFTY SMLCAP 50,9146.2500,9189.4500,9134.6500,9181.8500,0,0,0
VSWS,N,20260617,NIX000000069,IX,NIFTY TATA 25 CAP,14260.4500,14367.7000,14231.6500,14316.5000,0,0,0
VSWS,N,20260617,NIX000000121,IX,NIFTY TMMQ 50,44352.4500,44685.6500,44309.6000,44655.5000,0,0,0
VSWS,N,20260617,NIX000000083,IX,NIFTY TOP 10 EW,8743.2500,8758.3500,8718.2000,8741.5500,0,0,0
VSWS,N,20260617,NIX000000094,IX,NIFTY TOP 15 EW,9825.8000,9846.8000,9790.7000,9825.7000,0,0,0
VSWS,N,20260617,NIX000000101,IX,NIFTY TOP 20 EW,8655.2500,8680.1500,8634.5500,8668.3500,0,0,0
VSWS,N,20260617,NIX000000064,IX,NIFTY TOTAL MKT,12994.9000,13038.5500,12964.0000,13032.0000,0,0,0
VSWS,N,20260617,NIX000000112,IX,NIFTY TRANS LOGIS,24565.0000,24649.2500,24342.2500,24473.4000,0,0,0
VSWS,N,20260617,NIX000000126,IX,NIFTY WAVES,1949.0500,1951.8500,1936.9000,1940.8000,0,0,0
VSWS,N,20260617,NIX000000095,IX,NIFTY100 ALPHA 30,18100.4500,18282.6000,18036.3500,18270.1500,0,0,0
VSWS,N,20260617,NIX000000096,IX,NIFTY100 ENH ESG,4931.1500,4948.3000,4921.1000,4945.1500,0,0,0
VSWS,N,20260617,NIX000000043,IX,NIFTY100 EQL WGT,34280.4000,34418.5000,34169.6000,34402.9000,0,0,0
VSWS,N,20260617,NIX000000060,IX,NIFTY100 ESG,4898.5000,4915.9000,4888.6000,4912.8000,0,0,0
VSWS,N,20260617,NIX000000031,IX,NIFTY100 LIQ 15,7333.9500,7391.1500,7313.7000,7387.9000,0,0,0
VSWS,N,20260617,NIX000000044,IX,NIFTY100 LOWVOL30,19787.7000,19822.3000,19724.6500,19796.2500,0,0,0
VSWS,N,20260617,NIX000000040,IX,NIFTY100 QUALTY30,5501.2000,5537.9500,5495.2000,5534.9000,0,0,0
VSWS,N,20260617,NIX000000054,IX,NIFTY100ESGSECLDR,4023.0000,4035.7000,4011.2000,4033.3500,0,0,0
VSWS,N,20260617,NIX000000067,IX,NIFTY200 ALPHA 30,26090.8000,26310.0000,26030.7500,26291.3500,0,0,0
VSWS,N,20260617,NIX000000050,IX,NIFTY200 QUALTY30,20078.6500,20233.5000,20059.4500,20224.1000,0,0,0
VSWS,N,20260617,NIX000000097,IX,NIFTY200 VALUE 30,15451.9000,15517.4500,15386.0000,15484.3500,0,0,0
VSWS,N,20260617,NIX000000053,IX,NIFTY200MOMENTM30,31101.5500,31159.0500,30973.5000,31143.7000,0,0,0
VSWS,N,20260617,NIX000000042,IX,NIFTY50 EQL WGT,32558.2000,32644.4500,32484.2500,32615.6000,0,0,0
VSWS,N,20260617,NIX000000035,IX,NIFTY50 PR 1X INV,219.5000,220.1500,218.9000,219.1000,0,0,0
VSWS,N,20260617,NIX000000034,IX,NIFTY50 PR 2X LEV,11999.6500,12062.7000,11925.2000,12040.6500,0,0,0
VSWS,N,20260617,NIX000000113,IX,NIFTY50 SHARIAH,4264.2000,4288.4000,4258.3000,4273.5500,0,0,0
VSWS,N,20260617,NIX000000037,IX,NIFTY50 TR 1X INV,179.0500,179.6000,178.5500,178.7500,0,0,0
VSWS,N,20260617,NIX000000036,IX,NIFTY50 TR 2X LEV,18092.2000,18187.3000,17979.9500,18154.0500,0,0,0
VSWS,N,20260617,NIX000000119,IX,NIFTY50 USD,8790.5500,8918.4000,8790.5500,8832.4000,0,0,0
VSWS,N,20260617,NIX000000038,IX,NIFTY50 VALUE 20,12130.3000,12138.3000,12083.1500,12110.9500,0,0,0
VSWS,N,20260617,NIX000000098,IX,NIFTY500 EW,14598.0500,14659.5500,14582.9000,14651.1000,0,0,0
VSWS,N,20260617,NIX000000120,IX,NIFTY500 FLEXICAP,9791.7000,9832.6500,9772.7500,9828.2500,0,0,0
VSWS,N,20260617,NIX000000128,IX,NIFTY500 HEALTH,19985.4000,20030.2500,19875.5500,19942.3000,0,0,0
VSWS,N,20260617,NIX000000114,IX,NIFTY500 LMS EQL,18115.6500,18180.1000,18087.3500,18171.5500,0,0,0
VSWS,N,20260617,NIX000000117,IX,NIFTY500 LOWVOL50,21931.5000,21963.7500,21865.9500,21945.0000,0,0,0
VSWS,N,20260617,NIX000000118,IX,NIFTY500 MQVLV50,31053.2000,31084.0500,30944.6500,31067.7500,0,0,0
VSWS,N,20260617,NIX000000058,IX,NIFTY500 MULTICAP,16256.2500,16311.6500,16224.4500,16303.8000,0,0,0
VSWS,N,20260617,NIX000000116,IX,NIFTY500 QLTY50,19679.6000,19819.8000,19664.7000,19806.5500,0,0,0
VSWS,N,20260617,NIX000000115,IX,NIFTY500 SHARIAH,6918.3000,6949.1000,6913.3000,6943.3500,0,0,0
VSWS,N,20260617,NIX000000100,IX,NIFTY500 VALUE 50,16483.2000,16538.8000,16407.6000,16495.4500,0,0,0
VSWS,N,20260617,NIX000000080,IX,NIFTY500MOMENTM50,54039.4000,54107.2500,53770.8000,54070.7000,0,0,0
VSWS,N,20260617,NIX000000134,IX,NIFTYCONGLOMERATE,14737.6000,14809.5500,14687.1000,14798.9000,0,0,0
VSWS,N,20260617,NIX000000068,IX,NIFTYM150MOMNTM50,64008.7000,64209.5000,63774.9500,64157.9500,0,0,0
VSWS,N,20260617,NIX000000081,IX,NIFTYMS400 MQ 100,51165.3000,51323.6500,51012.7000,51294.3500,0,0,0
VSWS,N,20260617,NIX000000082,IX,NIFTYSML250MQ 100,45785.1000,45945.8500,45731.7000,45915.9500,0,0,0
VSWS,N,20260617,20MICRONS,EQ,20 Microns,186.0000,187.0000,183.2700,185.3400,95201,2797,17606271
VSWS,N,20260617,21STCENMGM,EQ,21st Century Mgmt,32.7500,32.7700,31.5500,32.7700,4282,27,139479
VSWS,N,20260617,360ONE,EQ,360 ONE WAM,1160.0000,1160.0000,1127.0000,1136.9000,382759,19096,436175464
VSWS,N,20260617,3BBLACKBIO,EQ,3B Blackbio DX,1288.0000,1288.0000,1193.0000,1202.3000,11786,1848,14361551
VSWS,N,20260617,3IINFOLTD,EQ,3i Infotech,17.7400,17.7400,17.3500,17.5100,325702,777,5719871
VSWS,N,20260617,3MINDIA,EQ,3M India,32300.0000,33200.0000,32175.0000,33060.0000,3525,1909,115814420
VSWS,N,20260617,3PLAND,EQ,3P Land Holdings,32.7000,33.0000,31.0200,31.1900,2322,42,75265
VSWS,N,20260617,5PAISA,EQ,5paisa Capital,328.0000,328.4000,321.0000,322.6500,16036,1021,5198647
VSWS,N,20260617,63MOONS,EQ,63 Moons Technologie,673.0000,683.0000,662.6000,667.8000,91692,3462,61620667
VSWS,N,20260617,A2ZINFRA,EQ,A2Z Infra Engineerin,14.4800,14.4800,14.2100,14.3200,73081,330,1045781
VSWS,N,20260617,AAATECH,EQ,AAA Technologies,102.0000,102.0000,96.6000,97.6000,21018,367,2084969
VSWS,N,20260617,AADHARHFC,EQ,Aadhar Housing Finan,485.0000,489.8000,482.7000,487.9000,178302,11029,86839362
VSWS,N,20260617,AAKAAR,SM,Aakaar Medical Techn,71.4000,71.4000,69.0500,71.0000,4800,3,338320
VSWS,N,20260617,AAKASH,EQ,Aakash Exploration S,9.7000,9.8000,9.2100,9.3400,314799,666,2986272
VSWS,N,20260617,AARADHYA,SM,Aaradhya Disposal In,79.1500,79.1500,72.0000,76.3500,20400,16,1558020
VSWS,N,20260617,AAREYDRUGS,BE,Aarey Drugs,77.0000,81.0000,77.0000,80.6500,65395,228,5222717
VSWS,N,20260617,AARNAV,EQ,Aarnav Fashions,24.9700,25.4500,24.5000,24.9300,202001,147,5027327
VSWS,N,20260617,AARON,EQ,Aaron Industries,127.7000,127.7000,124.0000,124.5800,6333,211,795565
VSWS,N,20260617,AARTECH,EQ,Aartech Solonics,50.7500,50.7500,48.0200,49.3400,350591,3326,17317005
VSWS,N,20260617,AARTIDRUGS,EQ,Aarti Drugs,375.0000,375.0000,367.0000,367.7000,73005,2556,26969282
VSWS,N,20260617,AARTIIND,EQ,Aarti Industries,496.7000,497.4500,477.3000,479.2000,1674997,34611,811765808
VSWS,N,20260617,AARTIPHARM,EQ,Aarti Pharmalabs,639.3500,654.9000,639.3500,648.2000,135288,11982,88021949
VSWS,N,20260617,AARTISURF,EQ,Aarti Surfactants,386.6500,390.9000,382.2000,389.0500,3805,434,1477853
VSWS,N,20260617,AARVI,EQ,Aarvi Encon,139.1900,144.8300,137.0500,140.5100,33583,1252,4707866
VSWS,N,20260617,AATMAJ,SM,Aatmaj Healthcare,20.0000,20.0000,20.0000,20.0000,4000,2,80000
VSWS,N,20260617,AAVAS,EQ,Aavas Financiers,1399.9000,1460.9000,1399.9000,1452.4000,202484,18520,292212932
VSWS,N,20260617,ABANSENT,BE,ABans Enterprises,26.7100,28.8000,26.7100,26.8100,2342,59,64099
VSWS,N,20260617,ABB,EQ,ABB India,7021.0000,7187.5000,6980.0000,7164.0000,298071,33115,2110253295
VSWS,N,20260617,ABBOTINDIA,EQ,Abbott India,26000.0000,26305.0000,25925.0000,25955.0000,8598,4040,224039540
VSWS,N,20260617,ABCAPITAL,EQ,Aditya Birla Capital,374.8000,375.6500,370.4000,372.4500,2381456,37013,886437448
VSWS,N,20260617,ABCOTS,EQ,A B Cotspin India Lt,235.8300,235.8300,231.9500,233.2200,36906,770,8611177
VSWS,N,20260617,ABDL,EQ,Allied Blenders & Di,633.0000,633.7000,623.0000,630.2500,161710,8135,101504029
VSWS,N,20260617,ABFRL,EQ,Aditya Birla Fashion,61.2600,62.1700,60.6200,61.7200,3622966,18490,222750618
VSWS,N,20260617,ABGSEC,EQ,Aditya BSL CRISIL BB,112.6300,113.8100,112.6300,112.6400,14,6,1588
VSWS,N,20260617,ABHAPOWER,SM,Abha Power And Steel,28.7500,28.7500,28.7500,28.7500,3200,1,92000
VSWS,N,20260617,ABINFRA,EQ,A B Infrabuild,10.5100,11.2000,10.2500,10.4300,1879898,2329,20053306
VSWS,N,20260617,ABLBL,EQ,Aditya Birla Lifesty,100.9100,102.8000,98.7100,99.3000,1871115,12634,188243236
VSWS,N,20260617,ABMKNO,EQ,ABM Knowledgeware,206.0000,215.9900,204.9900,213.7000,4325,94,907799
VSWS,N,20260617,ABREL,EQ,Aditya Birla Real Es,1309.1000,1313.3000,1277.0000,1299.5000,208334,14833,270350330
VSWS,N,20260617,ABSL10BANK,EQ,A Birla SLife BSE T,169.6300,170.0000,169.4400,169.4900,55360,14,9411062
VSWS,N,20260617,ABSLAMC,EQ,Aditya Birla SL AMC,1120.6000,1129.5000,1090.8000,1097.9000,279342,19199,307639439
VSWS,N,20260617,ABSLBANETF,EQ,Aditya Birla SL Nift,58.4200,58.9300,58.4200,58.7700,68049,272,4005503
VSWS,N,20260617,ABSLLIQUID,EQ,Aditya Birla SL Cris,1000.0100,1000.0100,999.9900,1000.0000,412,12,411998
VSWS,N,20260617,ABSLMSCIN,EQ,Aditya Birla Sun Lif,29.3000,29.4400,29.2300,29.3600,169,7,4949
VSWS,N,20260617,ABSLNN50ET,EQ,Aditya Birla SLNN50,73.5100,76.1500,73.5100,75.6300,6698,172,505992
VSWS,N,20260617,ABSLPSE,EQ,Aditya Birla SL Nify,10.4000,10.6000,10.3700,10.4900,172667,471,1806555
VSWS,N,20260617,ABSMARINE,ST,ABS Marine Services,230.0000,230.0000,225.1000,229.3500,73500,106,16831875
VSWS,N,20260617,ACC,EQ,A C C,1358.2000,1358.6000,1342.7000,1350.0000,68161,6186,91950493
VSWS,N,20260617,ACCELYA,EQ,Accelya Solutions (I,1111.2000,1132.9000,1105.5000,1124.1000,6933,939,7791222
VSWS,N,20260617,ACCENTMIC,SM,Accent Microcell,437.7000,447.2000,435.0000,435.3000,46000,73,20160450
VSWS,N,20260617,ACCORD,ST,Accord Synergy,99.6000,99.6000,99.6000,99.6000,6000,3,597600
VSWS,N,20260617,ACCPL,ST,Accretion Pharmaceut,138.1000,150.1500,136.0500,148.0500,64800,43,9368580
VSWS,N,20260617,ACCURACY,EQ,Accuracy Shipping,5.6400,5.7900,5.5000,5.6500,78550,366,443336
VSWS,N,20260617,ACE,EQ,Action Construction,934.2000,966.5000,931.1500,962.1000,862759,29733,827275763
VSWS,N,20260617,ACEINTEG,EQ,Ace Integrated Solut,19.8200,21.0000,19.8200,20.7000,10405,86,214307
VSWS,N,20260617,ACETEC,SM,Acetech E-Commerce,126.0000,126.0000,125.0000,126.0000,49200,9,6198000
VSWS,N,20260617,ACI,EQ,Archean Chemical Ind,529.9000,541.5000,526.2000,528.6500,163754,10990,87270030
VSWS,N,20260617,ACL,EQ,Andhra Cement,54.9300,54.9300,53.5100,53.9300,7920,142,428138
VSWS,N,20260617,ACMESOLAR,EQ,ACME Solar Holdings,341.0000,345.0000,329.0000,331.8000,1975830,36070,659174071
VSWS,N,20260617,ACSTECH,EQ,ACS Technologies,37.3500,39.2000,35.4800,37.3500,569862,1446,20998119
VSWS,N,20260617,ACUTAAS,EQ,Acutaas Chemicals,2982.0000,3058.6000,2962.4000,2999.9000,282968,27609,850051983
VSWS,N,20260617,ADANIENSOL,EQ,Adani Energy Solutio,1494.7000,1496.3000,1470.0000,1491.0000,1270712,35702,1886162116
VSWS,N,20260617,ADANIENT,EQ,Adani Enterprises,2958.0000,2974.5000,2934.6000,2951.9000,1244567,43394,3673207810
VSWS,N,20260617,ADANIGREEN,EQ,Adani Green Energy,1489.7000,1489.7000,1456.3000,1465.8000,2163196,43096,3171234749
VSWS,N,20260617,ADANIPORTS,EQ,Adani Ports & Specia,1824.0000,1833.0000,1806.3000,1828.6000,2697924,47381,4900385052
VSWS,N,20260617,ADANIPOWER,EQ,Adani Power,222.6000,222.6000,219.7200,220.4000,20834476,90466,4594267350
VSWS,N,20260617,ADDICTIVE,SM,Addictive Learning T,47.9000,49.8000,47.9000,47.9500,34500,53,1662050
VSWS,N,20260617,ADFFOODS,EQ,ADF Foods,303.1500,308.8500,297.5500,301.3000,331910,8659,100516070
VSWS,N,20260617,ADISOFT,SM,Adisoft Technologies,207.0000,210.0000,200.0000,200.7000,88000,105,17929760
VSWS,N,20260617,ADL,EQ,Archidply Decor,70.4500,72.8900,68.2000,72.6400,1350,49,95897
VSWS,N,20260617,ADOR,EQ,Ador Welding,1171.1000,1179.9000,1165.0000,1173.1000,11942,769,14002210
VSWS,N,20260617,ADROITINFO,EQ,Adroit Infotech,9.6900,9.6900,9.1700,9.4600,26035,103,242923
VSWS,N,20260617,ADSL,EQ,Allied Digital Servi,122.0000,125.8000,121.0000,122.8700,159437,3177,19617265
VSWS,N,20260617,ADVAIT,EQ,Advait Energy Transi,2458.0000,2485.0000,2395.0000,2412.4000,63238,7531,154119010
VSWS,N,20260617,ADVANCE,EQ,Advance Agrolife,98.0000,98.4500,96.5000,97.4000,49745,1173,4840286
VSWS,N,20260617,ADVANIHOTR,EQ,Advani Hotels,52.5700,53.1700,52.0000,52.7000,28504,566,1501505
VSWS,N,20260617,ADVENTHTL,EQ,Advent Hotels Intl,138.6600,140.3800,135.9900,137.3400,77434,1653,10685802
VSWS,N,20260617,ADVENZYMES,EQ,Advanced Enzyme Tech,369.5500,374.9000,365.0500,372.8000,96441,3631,35694843
VSWS,N,20260617,AEGISLOG,EQ,Aegis Logistics,985.7000,1016.0000,981.5500,1006.9500,2654899,64876,2661854588
VSWS,N,20260617,AEGISVOPAK,EQ,Aegis Vopak Terminal,238.0000,241.0000,227.3500,238.0800,1145690,22376,269091686
VSWS,N,20260617,AEPL,EQ,Artemis Elect & Proj,16.4300,16.4500,16.0500,16.2500,4678,77,75896
VSWS,N,20260617,AEQUS,EQ,Aequs,199.8800,202.5000,196.2100,199.8100,2824896,31331,563088021
VSWS,N,20260617,AEROENTER,EQ,Aeroflex Enterprises,107.0200,116.8000,106.0300,115.6500,2214137,18416,250169525
VSWS,N,20260617,AEROFLEX,EQ,Aeroflex Industries,474.0000,518.8500,465.1000,510.9000,4507751,55282,2251555831
VSWS,N,20260617,AERON,SM,Aeron Composite,80.1000,80.3500,77.2500,80.0500,39000,39,3087550
VSWS,N,20260617,AERONEU,EQ,Aeroflex Neu,88.5600,90.0000,87.1000,87.3700,52719,370,4687927
VSWS,N,20260617,AETHER,EQ,Aether Industries,1185.0000,1191.6000,1165.0000,1179.3000,205767,23292,242506354
VSWS,N,20260617,AFCONS,EQ,Afcons Infrastructur,326.0000,329.8000,317.2000,319.1000,570812,10961,184028762
VSWS,N,20260617,AFFLE,EQ,Affle 3i,1488.9000,1497.4000,1462.0000,1480.5000,226193,19512,334396105
VSWS,N,20260617,AFFORDABLE,BE,Affordable Robotic &,171.0000,174.9000,168.5500,171.6100,22309,280,3809843
VSWS,N,20260617,AFIL,BE,Akme Fintrade (India,10.3000,10.7100,10.0200,10.3800,4378429,924,45809373
VSWS,N,20260617,AFSL,EQ,Abans Financial Ser,202.9200,202.9200,201.0100,201.0400,3934,58,791499
VSWS,N,20260617,AGARIND,EQ,Agarwal Ind Corp,578.0000,578.4500,550.0000,552.3500,225892,6998,126003729
VSWS,N,20260617,AGARWALEYE,EQ,Dr Agarwal's Health,438.8500,445.0000,438.8500,443.2000,34556,2211,15274232
VSWS,N,20260617,AGARWALFT,ST,Agarwal Float Glass,29.9500,29.9500,29.9500,29.9500,1500,1,44925
VSWS,N,20260617,AGARWALTUF,SM,Agarwal Toughened Gl,126.0000,126.0000,125.6000,125.6000,2400,2,301920
VSWS,N,20260617,AGI,EQ,AGI Greenpac,712.0000,738.7500,707.2000,727.0500,610660,24647,441460948
VSWS,N,20260617,AGIIL,EQ,AGI Infra,372.0000,374.1000,364.1500,369.9500,2096450,10576,774954358
VSWS,N,20260617,AGNI,SM,Agni Green Power,18.1000,18.1500,18.1000,18.1500,15000,5,272125
VSWS,N,20260617,AGRITECH,BE,Agri-Tech (India),119.6400,119.6400,115.0000,116.8100,4640,94,541914
VSWS,N,20260617,AGROPHOS,EQ,Agro Phos India,31.5900,31.7700,30.7500,31.3300,15127,152,473627
VSWS,N,20260617,AHCL,EQ,Anlon Healthcare,16.1900,16.3900,15.7800,15.9900,8257668,10950,132413356
VSWS,N,20260617,AHLADA,EQ,Ahlada Engineers,40.5000,41.7900,39.2500,40.3000,6974,109,283748
VSWS,N,20260617,AHLEAST,EQ,Asian Hotels (East),157.2000,160.6500,150.2000,151.8900,5126,91,799847
VSWS,N,20260617,AHLUCONT,EQ,Ahluwalia Contracts,837.4500,844.7000,830.1500,839.8500,33846,5304,28367006
VSWS,N,20260617,AHLWEST,BE,Asian Hotels (West),521.0000,550.0000,521.0000,544.1000,478,23,258468
VSWS,N,20260617,AIAENG,EQ,AIA Engineering,4527.5000,4578.3000,4443.0000,4501.6000,75880,11183,341209105
VSWS,N,20260617,AIIL,EQ,Authum Investment &,557.0000,562.2000,545.4000,548.7500,356580,13735,196930114
VSWS,N,20260617,AILIMITED,ST,Abhishek Integration,39.7500,39.7500,36.0500,36.0500,7500,5,276375
VSWS,N,20260617,AIMTRON,SM,Aimtron Electronics,1214.0000,1278.0000,1206.0000,1268.8000,36200,177,45070950
VSWS,N,20260617,AIRAN,EQ,Airan,16.3000,16.5300,16.1800,16.2900,84147,334,1380039
VSWS,N,20260617,AIROLAM,EQ,Airo Lam,86.9400,89.0000,86.0000,86.6000,619,29,53908
VSWS,N,20260617,AISL,SM,ANI Integrated Servi,57.1500,57.1500,55.0000,55.0000,6000,3,331440
VSWS,N,20260617,AJANTPHARM,EQ,Ajanta Pharma,3109.6000,3113.4000,3045.0000,3079.4000,84200,19795,259225052
VSWS,N,20260617,AJAXENGG,EQ,AJAX Engineering,561.0000,565.3000,555.0500,557.7000,25079,2467,14045369
VSWS,N,20260617,AJMERA,EQ,Ajmera Realty & Infr,135.5000,139.4000,134.4100,136.3700,1295934,14042,177059209
VSWS,N,20260617,AJOONI,EQ,Ajooni Biotech,3.8600,3.8600,3.7500,3.8100,346741,547,1320666
VSWS,N,20260617,AKANKSHA,ST,Akanksha Power & Inf,82.5500,83.1500,82.5500,83.0000,6000,6,497400
VSWS,N,20260617,AKASH,EQ,Akash Infra Projects,26.5000,27.4000,26.3300,26.9000,499,33,13427
VSWS,N,20260617,AKCAPIT,EQ,AK Capital Services,1750.0000,1750.0000,1690.3000,1709.0000,280,72,479682
VSWS,N,20260617,AKG,EQ,AKG Exim,10.7000,10.9500,10.7000,10.8100,9933,77,107490
VSWS,N,20260617,AKI,EQ,AKI India,5.0000,5.0000,4.8600,4.8900,65923,163,323974
VSWS,N,20260617,AKIKO,ST,Akiko Global Service,271.0000,271.0000,258.0000,259.7500,9600,12,2524160
VSWS,N,20260617,AKSHAR,EQ,Akshar Spintex,0.4600,0.4600,0.4500,0.4500,631803,217,285996
VSWS,N,20260617,AKSHARCHEM,EQ,Aksharchem (India),213.4300,216.8000,207.2000,215.0000,2897,170,618339
VSWS,N,20260617,AKSHOPTFBR,BE,Aksh Optifibre,6.4800,6.9000,6.3500,6.9000,384048,479,2574137
VSWS,N,20260617,AKUMS,EQ,Akums Drugs & Pharma,598.0000,608.5000,588.0000,591.5500,270885,13495,161495029
VSWS,N,20260617,ALANKIT,EQ,Alankit,8.5700,8.5900,8.3900,8.5700,143465,597,1223449
VSWS,N,20260617,ALBERTDAVD,EQ,Albert David,723.6000,723.8000,701.0000,707.1000,2253,238,1592504
VSWS,N,20260617,ALCODIS,ST,Alcokraft Distilleri,69.1000,73.0000,69.1000,73.0000,1875,3,133813
VSWS,N,20260617,ALEMBICLTD,EQ,Alembic,89.6900,91.7500,89.0800,90.7900,337113,3374,30492487
VSWS,N,20260617,ALGOQUANT,EQ,Algoquant Fintech,57.1000,60.2500,56.7700,59.3100,1271200,8584,73331263
VSWS,N,20260617,ALICON,EQ,Alicon Castalloy,660.0000,669.0000,651.1000,655.5500,5136,504,3401268
VSWS,N,20260617,ALIVUS,EQ,Alivus Life Sciences,1049.9000,1059.0000,1045.3000,1051.0000,54417,4594,57263299
VSWS,N,20260617,ALKALI,BE,Alkali Metals,88.9000,88.9000,85.3500,85.5200,8276,65,714055
VSWS,N,20260617,ALKEM,EQ,Alkem Laboratories,5347.5000,5367.0000,5332.5000,5347.5000,65106,13556,348311752
VSWS,N,20260617,ALKYLAMINE,EQ,Alkyl Amines,1799.0000,1827.5000,1794.3000,1816.4000,48947,6910,88823555
VSWS,N,20260617,ALLCARGO,EQ,Allcargo Logistics,9.0800,9.1900,9.0000,9.0300,2116311,3337,19190455
VSWS,N,20260617,ALLDIGI,EQ,Alldigi Tech,805.0500,822.0000,798.0000,805.8500,5585,549,4534316
VSWS,N,20260617,ALLETEC,ST,All E Technologies,148.5000,151.0000,142.6000,144.2500,14000,34,2037740
VSWS,N,20260617,ALLTIME,EQ,All Time Plastics,248.1000,254.0000,244.0000,245.6100,60397,2094,14965769
VSWS,N,20260617,ALMONDZ,EQ,Almondz Global Sec,13.2500,13.6900,13.1300,13.4500,99070,293,1315787
VSWS,N,20260617,ALOKINDS,EQ,Alok Industries,12.9800,13.0500,12.8700,12.9000,5681865,9083,73587214
VSWS,N,20260617,ALPA,EQ,Alpa Laboratories,72.4000,72.4000,69.5000,69.6400,14275,174,1003238
VSWS,N,20260617,ALPEXSOLAR,SM,Alpex Solar,981.9500,987.9500,964.0500,968.2500,29700,222,28963815
VSWS,N,20260617,ALPHA,EQ,Kotak Nifty Alpha 50,50.8600,51.4000,50.8500,51.3500,4767607,2255,244041029
VSWS,N,20260617,ALPHAETF,EQ,Mirae Ass Nft 200 Al,26.6100,26.6100,25.7600,26.2300,435821,678,11403404
VSWS,N,20260617,ALPHAGEO,EQ,Alphageo (I),209.0000,218.6400,209.0000,214.0800,2949,148,633386
VSWS,N,20260617,ALPL30IETF,EQ,ICICI Pru Nifty Alph,27.0300,27.1300,26.9700,27.1100,207729,830,5621964
VSWS,N,20260617,ALUWIND,SM,Aluwind Infra-Tech,50.0000,50.5000,49.5000,50.3000,12000,7,598350
VSWS,N,20260617,AMAGI,EQ,Amagi Media Labs,440.7000,522.2000,440.6500,498.7500,4628973,99286,2314563280
VSWS,N,20260617,AMANTA,BE,Amanta Healthcare,153.8000,153.8000,148.0000,149.2700,129271,515,19467166
VSWS,N,20260617,AMBAAUTO,SM,Amba Auto Sales And,84.0500,90.5000,82.7000,87.9500,51000,28,4407350
VSWS,N,20260617,AMBALALSA,EQ,Ambalal Sarabhai,33.0000,33.1500,32.0500,32.3100,32670,546,1060618
VSWS,N,20260617,AMBER,EQ,Amber Enterprises In,7805.0000,7934.5000,7760.0000,7864.0000,346576,39847,2725506274
VSWS,N,20260617,AMBICAAGAR,EQ,Ambica Agarbathies,25.5600,25.5600,24.2000,24.5800,4528,87,111572
VSWS,N,20260617,AMBIKCO,EQ,Ambika Cotton Mills,1633.7000,1648.0000,1611.0000,1618.8000,7013,857,11404119
VSWS,N,20260617,AMBUJACEM,EQ,Ambuja Cements,427.9500,428.2500,422.5000,426.4500,2960337,27629,1258802883
VSWS,N,20260617,AMCL,SM,ANB Metal Cast,487.5000,500.0000,476.1500,479.5000,9600,18,4637160
VSWS,N,20260617,AMDIND,EQ,AMD Industries,48.9000,48.9000,46.1000,46.3800,8333,239,389675
VSWS,N,20260617,AMEYA,SM,Ameya Precision Engi,108.0000,108.0000,108.0000,108.0000,1000,1,108000
VSWS,N,20260617,AMIABLE,SM,Amiable Logistics (I,65.5500,77.4000,65.5500,77.2000,4800,3,352240
VSWS,N,20260617,AMIRCHAND,EQ,Amir Chand Jagdish K,131.9000,132.2900,128.5100,129.5200,556517,5246,72395516
VSWS,N,20260617,AMJLAND,EQ,AMJ Land Holdings,37.9100,40.0000,37.2000,38.8200,24777,369,961457
VSWS,N,20260617,AMNPLST,EQ,Amines & Plast,193.8000,201.9000,193.5000,200.2600,12154,253,2422994
VSWS,N,20260617,AMRUTANJAN,EQ,Amrutanjan Health Ca,541.6000,549.8500,531.0000,533.7500,90210,6222,48534079
VSWS,N,20260617,ANANDRATHI,EQ,Anand Rathi Wealth,1786.0000,1794.0000,1760.0000,1787.1000,372553,18409,661038052
VSWS,N,20260617,ANANTRAJ,EQ,Anant Raj,541.0000,542.0000,528.5500,530.9000,1620936,31293,863508694
VSWS,N,20260617,ANDHRAPAP,EQ,Andhra Paper,62.9500,63.9800,62.5700,63.3400,64026,2024,4049004
VSWS,N,20260617,ANDHRSUGAR,EQ,Andhra Sugars,83.1000,84.2700,82.6600,83.3500,199338,1770,16618138
VSWS,N,20260617,ANGELONE,EQ,Angel One,349.9500,351.5000,343.7500,348.7000,5718044,76884,1988883674
VSWS,N,20260617,ANIKINDS,BE,Anik Industries,44.8000,46.7600,43.0800,45.2100,15751,99,714227
VSWS,N,20260617,ANKITMETAL,BZ,Ankit Metal & Power,1.5300,1.5600,1.5100,1.5300,33823,53,51958
VSWS,N,20260617,ANLON,ST,Anlon Technology Sol,719.9000,719.9000,713.5000,716.7000,2400,6,1718480
VSWS,N,20260617,ANMOL,EQ,Anmol India,12.4400,12.5000,12.0100,12.1300,97289,299,1187645
VSWS,N,20260617,ANNAPURNA,SM,Annapurna Swadisht,135.0000,136.0000,133.0000,133.3000,59500,122,7999538
VSWS,N,20260617,ANONDITA,SM,Anondita Medicare,1220.0000,1244.9000,1200.1000,1214.7500,24200,100,29454330
VSWS,N,20260617,ANSALAPI,BZ,Ansal Prop & Infrast,3.2900,3.3000,3.2900,3.2900,13771,18,45319
VSWS,N,20260617,ANTELOPUS,EQ,Antelopus Selan Ener,725.0500,792.7000,721.2500,781.6500,383618,17154,290587516
VSWS,N,20260617,ANTGRAPHIC,EQ,Antarctica,0.8300,0.8300,0.8000,0.8100,108663,136,88463
VSWS,N,20260617,ANTHEM,EQ,Anthem Biosciences,771.4000,771.6000,762.0000,767.5000,222355,15680,170790963
VSWS,N,20260617,ANUHPHR,EQ,Anuh Pharma,81.0100,82.4900,79.2500,79.7900,61682,1584,4982278
VSWS,N,20260617,ANUP,EQ,Anup Engineering,1964.6000,2168.0000,1964.6000,2132.4000,490847,36464,1047777857
VSWS,N,20260617,ANURAS,EQ,Anupam Rasayan India,1251.0000,1308.3000,1251.0000,1294.5000,193662,8485,250654926
VSWS,N,20260617,ANYA,SM,Anya Polytech & Fert,15.6000,15.6000,15.4000,15.4000,50000,10,776500
VSWS,N,20260617,AONEGOLD,EQ,Angel One Gold ETF,14.1700,14.1700,13.9300,13.9700,197833,1240,2765884
VSWS,N,20260617,AONELIQUID,EQ,Angel One Nifty 1D R,1064.1500,1064.1500,1064.1300,1064.1300,22704,75,24160380
VSWS,N,20260617,AONENIFTY,EQ,Angel One Nifty 50 E,9.5900,9.9000,9.5900,9.8900,284336,1044,2810368
VSWS,N,20260617,AONESILVER,EQ,Angel One Silver ETF,9.4800,9.5400,9.3000,9.3700,349007,846,3272921
VSWS,N,20260617,AONETMMQ50,EQ,Angel One Nifty Tot,10.3000,10.3500,10.2600,10.3400,112511,264,1160560
VSWS,N,20260617,AONETOTAL,EQ,Angel One Nifty Tota,11.9000,11.9000,11.6700,11.7300,220253,1534,2582191
VSWS,N,20260617,APARINDS,EQ,Apar Industries,16168.0000,16470.0000,15791.0000,16103.0000,210837,58405,3406894972
VSWS,N,20260617,APCL,EQ,Anjani Portland,114.0000,115.0000,113.0000,113.9700,898,46,102467
VSWS,N,20260617,APCOTEXIND,EQ,Apcotex Industries,525.0000,530.0000,520.0000,522.8000,57250,2368,30004368
VSWS,N,20260617,APEX,EQ,Apex Frozen Foods,421.5000,421.5000,414.5000,416.8500,102987,3494,42965842
VSWS,N,20260617,APEXECO,ST,Apex Ecotech,212.9000,213.1500,212.0000,213.1500,18400,22,3918960
VSWS,N,20260617,APLAPOLLO,EQ,APL Apollo Tubes,1842.0000,1871.8000,1825.4000,1854.6000,590671,32630,1093463374
VSWS,N,20260617,APLLTD,EQ,Alembic Pharmaceutic,747.9500,753.6500,742.2000,746.1500,45282,3908,33817431
VSWS,N,20260617,APOLLO,EQ,Apollo Micro Systems,437.4000,444.4000,433.1000,438.7500,18335886,146407,8031563072
VSWS,N,20260617,APOLLOHOSP,EQ,Apollo Hospitals,8390.5000,8464.5000,8385.0000,8427.5000,185437,27753,1562350424
VSWS,N,20260617,APOLLOPIPE,EQ,Apollo Pipes,506.9500,512.0500,492.2000,494.8000,118839,4704,59658528
VSWS,N,20260617,APOLLOTYRE,EQ,Apollo Tyres,424.0000,443.9000,421.1500,429.6000,6404212,109461,2775953718
VSWS,N,20260617,APOLSINHOT,EQ,Apollo Sindoori Hote,1266.0000,1430.0000,1224.0000,1332.8000,5609,428,7573150
VSWS,N,20260617,APRAMEYA,SM,Aprameya Engineering,160.0000,160.0000,156.0000,159.0000,6000,9,947725
VSWS,N,20260617,APS,SM,Australian Premium S,309.2000,315.9000,303.7500,312.6500,18250,67,5650350
VSWS,N,20260617,APSISAERO,ST,Apsis Aerocom,330.6000,330.6000,317.7000,330.6000,102000,39,33458040
VSWS,N,20260617,APTECHT,EQ,Aptech,122.8000,127.4900,118.5000,119.7200,997607,12532,122484381
VSWS,N,20260617,APTUS,EQ,Aptus Value Hsg Fin,271.1000,273.5500,268.4000,270.1000,361094,12661,97833159
VSWS,N,20260617,AQYLON,EQ,Aqylon Nexus,52.1700,53.5000,50.5100,50.5200,1900326,7670,97115145
VSWS,N,20260617,ARABIAN,SM,Arabian Petroleum,66.0000,68.0000,66.0000,66.7000,8000,4,532300
VSWS,N,20260617,ARCHIDPLY,EQ,Archidply Industries,83.9200,84.6500,81.0000,84.1100,8558,176,710939
VSWS,N,20260617,ARCHIES,EQ,Archies,14.0200,14.6800,13.8100,14.6300,15078,147,215964
VSWS,N,20260617,ARCIIL,ST,Arc Insulation & Ins,42.0500,42.5000,42.0500,42.2500,2000,2,84550
VSWS,N,20260617,ARE&M,EQ,Amara Raja Energy &,840.0000,863.6500,839.0000,855.2500,629533,25875,538941854
VSWS,N,20260617,ARENTERP,EQ,Rajdarshan Ind,38.4800,38.4900,37.1000,37.4600,2117,44,79696
VSWS,N,20260617,ARFIN,EQ,Arfin India,96.0000,100.7300,95.8500,98.9000,3152838,12629,311812375
VSWS,N,20260617,ARHAM,SM,Arham Technologies,148.0000,149.9500,145.0000,145.4000,33000,30,4830500
VSWS,N,20260617,ARIES,EQ,Aries Agro,342.0000,342.0000,334.0000,336.8500,15051,646,5083687
VSWS,N,20260617,ARIHANT,EQ,Arihant Foundations,882.6000,885.0000,858.0000,877.0000,2661,298,2327218
VSWS,N,20260617,ARIHANTACA,SM,Arihant Academy,469.0000,469.0000,469.0000,469.0000,400,1,187600
VSWS,N,20260617,ARIHANTCAP,EQ,Arihant Capital Mkt,71.5000,72.9500,70.5000,70.5600,277177,2470,19792513
VSWS,N,20260617,ARIHANTSUP,EQ,Arihant Superstructu,266.9000,269.7000,262.1500,267.3000,11571,451,3072639
VSWS,N,20260617,ARIS,EQ,Arisinfra Solutions,121.9800,121.9800,118.1200,118.9200,356859,3790,42643977
VSWS,N,20260617,ARISTO,ST,Aristo Bio-Tech & Li,95.2500,99.7000,95.2500,99.7000,1600,2,155960
VSWS,N,20260617,ARKADE,EQ,Arkade Developers,115.2900,116.0400,114.0000,115.3300,100155,1880,11496626
VSWS,N,20260617,ARMANFIN,EQ,Arman Financial Serv,1685.0000,1696.9000,1652.0000,1656.5000,16430,1992,27435087
VSWS,N,20260617,AROGRANITE,EQ,Aro Granite Indu,25.6500,26.1500,25.0000,25.1200,3450,57,88200
VSWS,N,20260617,ARROWGREEN,BE,Arrow Greentech,565.0000,581.3000,550.0000,577.8000,24218,349,13827826
VSWS,N,20260617,ARSHIYA,BZ,Arshiya,1.0800,1.0900,1.0200,1.0600,350150,139,365023
VSWS,N,20260617,ARSSBL,EQ,Anand Rathi Share An,546.0000,549.6000,537.0500,540.4500,160194,4626,87037587
VSWS,N,20260617,ARTEMISMED,EQ,Artemis Medicare Ser,263.4000,265.0000,259.7000,264.3000,77887,2616,20503615
VSWS,N,20260617,ARTNIRMAN,EQ,Art Nirman,40.3000,41.7800,39.2000,39.9400,599,25,24371
VSWS,N,20260617,ARUNAYA,ST,Arunaya Organics,17.0000,17.5500,17.0000,17.5000,14000,7,240300
VSWS,N,20260617,ARVEE,EQ,Arvee Laboratories (,169.0800,172.0000,169.0800,170.6800,801,44,136514
VSWS,N,20260617,ARVIND,EQ,Arvind,499.0000,499.7500,480.3500,498.0000,920934,23422,451831369
VSWS,N,20260617,ARVINDFASN,EQ,Arvind Fashions,474.8500,488.7500,471.1000,484.3000,377126,20854,181924640
VSWS,N,20260617,ARVINDPORT,ST,Arvind Port & Infra,29.5000,29.6000,29.0000,29.6000,24000,14,708000
VSWS,N,20260617,ARVSMART,EQ,Arvind Smartspaces,604.0000,628.8000,596.0000,616.4500,293992,13052,180828132
VSWS,N,20260617,ASAHIINDIA,EQ,Asahi India Glass,890.0000,896.0000,878.4000,883.9000,31732,5590,28150613
VSWS,N,20260617,ASAHISONG,EQ,Asahi Songwon Colors,250.1900,257.0000,250.1900,255.2000,5745,312,1465675
VSWS,N,20260617,ASAL,EQ,Automotive Stampings,502.7000,511.0000,501.0000,505.5000,13237,1151,6688496
VSWS,N,20260617,ASALCBR,EQ,Associated Alcohols,818.1000,830.0000,818.1000,826.5000,9442,998,7789170
VSWS,N,20260617,ASHALOG,SM,Ashapura Logistics,56.0000,59.5000,56.0000,59.5000,10000,8,578000
VSWS,N,20260617,ASHAPURMIN,EQ,Ashapura Minechem,713.6000,722.0000,703.0000,707.7000,302035,12284,214312767
VSWS,N,20260617,ASHIANA,EQ,Ashiana Housing,392.2500,404.9000,383.0000,385.5000,184366,6682,72778888
VSWS,N,20260617,ASHIKA,EQ,Ashika Credit Capita,393.5500,413.1000,391.5500,399.3500,155280,2716,62149025
VSWS,N,20260617,ASHIMASYN,EQ,Ashima,16.3000,16.3000,15.5000,16.0600,79774,401,1269031
VSWS,N,20260617,ASHOKA,EQ,Ashoka Buildcon,133.0000,133.4000,130.0200,130.6900,1304453,10022,170998710
VSWS,N,20260617,ASHOKAMET,EQ,Ashoka Metcast,15.1600,15.6500,15.0100,15.4200,23930,110,367168
VSWS,N,20260617,ASHOKLEY,EQ,Ashok Leyland,159.9000,160.2500,158.0700,159.5700,24024482,69926,3830257586
VSWS,N,20260617,ASHWINI,SM,Ashwini Container Mo,141.0500,141.0500,141.0000,141.0000,5000,4,705050
VSWS,N,20260617,ASIANENE,EQ,Asian Energy Service,352.5000,360.7500,346.2000,351.8500,257276,8363,90842141
VSWS,N,20260617,ASIANHOTNR,EQ,Asian Hotels (North),297.0000,309.9000,291.1500,304.3500,19381,2305,5893349
VSWS,N,20260617,ASIANPAINT,EQ,Asian Paints,2764.0000,2768.9000,2732.5000,2738.0000,557209,49444,1528758165
VSWS,N,20260617,ASIANTILES,EQ,Asian Granito India,59.6100,60.0000,59.0600,59.2000,377212,2202,22418793
VSWS,N,20260617,ASKAUTOLTD,EQ,ASK Automotive,458.7000,466.0000,454.8000,456.2000,117493,5978,54034358
VSWS,N,20260617,ASMS,EQ,Avio Smart Market St,8.1800,8.3800,7.9700,8.0300,564463,1687,4583579
VSWS,N,20260617,ASPINWALL,EQ,Aspinwall & Company,252.7500,257.7500,251.9900,253.9900,2554,61,646974
VSWS,N,20260617,ASTAR,EQ,Asian Star Company,635.0000,635.0000,610.0000,613.6500,220,17,136110
VSWS,N,20260617,ASTEC,EQ,Astec Lifesciences,794.9500,808.0000,784.2000,789.4500,63546,3432,50427472
VSWS,N,20260617,ASTERDM,EQ,Aster DM Healthcare,778.9000,783.2000,761.6000,765.9500,386214,15828,296886339
VSWS,N,20260617,ASTRAL,EQ,Astral,1564.0000,1575.0000,1538.1000,1565.2000,453217,25444,706190414
VSWS,N,20260617,ASTRAMICRO,EQ,Astra Microwave Prod,1480.1000,1598.4000,1480.1000,1574.4000,2695624,92673,4190549884
VSWS,N,20260617,ASTRAZEN,EQ,AstraZeneca Pharma,8501.0000,8544.0000,8451.0000,8512.5000,1683,916,14320331
VSWS,N,20260617,ASTRON,BE,Astron Paper & Board,4.0900,4.0900,3.9700,4.0000,2427,27,9738
VSWS,N,20260617,ATALREAL,EQ,Atal Realtech,31.4000,32.0000,30.9000,31.2500,8164358,8700,256513380
VSWS,N,20260617,ATAM,EQ,Atam Valves,72.1500,72.2900,70.2500,71.2300,5217,196,372184
VSWS,N,20260617,ATCENERGY,ST,ATC Energies System,26.7500,27.0000,26.7500,27.0000,7200,5,192900
VSWS,N,20260617,ATGL,EQ,Adani Total Gas,715.4000,716.8000,701.0000,702.6500,2108821,35166,1486783742
VSWS,N,20260617,ATHERENERG,EQ,Ather Energy,1003.0000,1007.1000,981.3500,990.2000,2731865,76310,2705735845
VSWS,N,20260617,ATL,EQ,Allcargo Terminals,24.1300,24.9800,24.1300,24.5600,97244,580,2388303
VSWS,N,20260617,ATLANTAA,EQ,Atlantaa,41.6300,42.2000,41.0100,41.3100,61585,960,2561728
VSWS,N,20260617,ATLANTAELE,BE,Atlanta Electricals,1919.7000,2010.0000,1890.0000,1956.1000,62470,4113,121905738
VSWS,N,20260617,ATLASCYCLE,EQ,Atlas Cycle Haryana,99.7500,101.0100,99.4000,99.9400,2732,65,273774
VSWS,N,20260617,ATMASTCO,ST,Atmastco,193.3000,193.3000,181.0000,185.6500,18400,38,3410500
VSWS,N,20260617,ATUL,EQ,Atul,6552.0000,6642.0000,6435.0000,6455.0000,27111,5443,176476594
VSWS,N,20260617,ATULAUTO,EQ,Atul Auto,465.0500,479.9000,462.8500,468.0000,112504,3482,52735468
VSWS,N,20260617,AUBANK,EQ,AU Small Finance Ban,1029.5000,1029.5000,1013.0000,1020.8500,683318,29047,696332131
VSWS,N,20260617,AURIGROW,EQ,Auri Grow India,0.3300,0.3400,0.3300,0.3400,7216621,875,2452808
VSWS,N,20260617,AURIONPRO,EQ,Aurionpro Solutions,874.0000,883.8500,865.5500,876.7000,183221,10278,160487529
VSWS,N,20260617,AUROIMPEX,SM,Auro Impex & Chemica,27.5000,27.5000,27.5000,27.5000,4800,3,132000
VSWS,N,20260617,AUROPHARMA,EQ,Aurobindo Pharma,1400.0000,1434.1000,1400.0000,1422.4000,1090710,36439,1551203809
VSWS,N,20260617,AURUM,EQ,Aurum Proptech,197.0000,206.0000,196.2400,201.4900,201592,3732,40819219
VSWS,N,20260617,AUSL,SM,Aditya Ultra Steel,20.5000,20.5000,19.6000,19.6000,22000,10,434800
VSWS,N,20260617,AUSOMENT,BE,Ausom Enterprise,115.5000,121.6500,115.0000,118.3100,4494,37,524599
VSWS,N,20260617,AUTOAXLES,EQ,Automotive Axles,1774.9000,1817.9000,1760.1000,1800.1000,7506,1038,13477410
VSWS,N,20260617,AUTOBEES,EQ,Nippon India Nifty A,276.7700,278.4700,273.5500,275.4600,253593,2841,69936180
VSWS,N,20260617,AUTOIETF,EQ,ICICI Pru Nifty Auto,27.9900,28.0200,27.3400,27.5900,596319,2022,16465279
VSWS,N,20260617,AUTOIND,BE,Autoline Industries,79.1000,81.5000,78.0000,80.7800,73439,389,5886747
VSWS,N,20260617,AVADHSUGAR,BE,Avadh Sugar & Energy,460.0000,460.0000,448.0000,450.9500,5214,119,2353456
VSWS,N,20260617,AVALON,EQ,Avalon Technologies,1740.0000,1768.0000,1723.0000,1741.4000,222226,19476,386261497
VSWS,N,20260617,AVANA,ST,Avana Electrosystems,121.4000,123.0000,120.7000,120.7000,24000,12,2910600
VSWS,N,20260617,AVANTEL,EQ,Avantel,169.0100,175.9000,168.2200,174.8100,3257366,25411,563713212
VSWS,N,20260617,AVANTIFEED,EQ,Avanti Feeds,1009.7000,1009.7000,977.0000,983.6000,858754,34225,850340849
VSWS,N,20260617,AVG,EQ,AVG Logistics,174.0000,182.3900,171.8200,178.2600,107317,2623,18965811
VSWS,N,20260617,AVIANSH,SM,Avi Ansh Textile,110.0000,110.0000,110.0000,110.0000,2000,1,220000
VSWS,N,20260617,AVL,EQ,Aditya Vision,591.0000,615.2000,583.6500,607.5000,868817,35054,521791709
VSWS,N,20260617,AVONMORE,EQ,Avonmore Capital,11.5400,11.5400,10.6700,10.8700,359789,1380,3972921
VSWS,N,20260617,AVPINFRA,SM,AVP Infracon,73.4000,73.7000,71.5000,71.8500,36800,36,2653360
VSWS,N,20260617,AVROIND,EQ,AVRO India,10.2500,10.5000,10.0000,10.3300,167075,538,1729629
VSWS,N,20260617,AVTNPL,EQ,AVT Natural Products,73.9000,74.9000,71.6000,72.1000,67504,1111,4915442
VSWS,N,20260617,AWFIS,EQ,Awfis Space Solution,306.1000,307.9000,299.0000,303.6000,164778,4084,49848489
VSWS,N,20260617,AWHCL,EQ,Antony Waste Handlin,454.6500,475.0000,452.5500,462.9000,287452,9857,134061865
VSWS,N,20260617,AWL,EQ,AWL Agri Business,198.2900,198.2900,192.8100,193.5900,4323886,35630,839262586
VSWS,N,20260617,AXISBANK,EQ,Axis Bank,1364.1000,1365.7000,1349.3000,1350.9000,4761917,141776,6451887308
VSWS,N,20260617,AXISBNKETF,EQ,Axis NIFTY Bank,591.0500,592.3500,588.2200,591.1900,669,49,395558
VSWS,N,20260617,AXISCADES,EQ,Axiscades Technologi,1826.0000,1916.5000,1826.0000,1916.5000,159626,8608,299429827
VSWS,N,20260617,AXISCETF,EQ,Axis NIFTY India Con,118.6800,118.6800,117.6500,118.3400,1871,18,220636
VSWS,N,20260617,AXISGOLD,EQ,Axis MF Axis GoldETF,125.2500,128.3800,124.3800,124.6600,786260,4509,98010174
VSWS,N,20260617,AXISHCETF,EQ,Axis NIFTY Healthcar,157.5800,157.7500,155.8100,156.9700,10270,65,1607959
VSWS,N,20260617,AXISILVER,EQ,Axis Silver ETF,251.4500,251.4500,242.9100,243.8200,2000391,5585,488358777
VSWS,N,20260617,AXISNIFTY,EQ,Axis NIFTY 50 ETF,263.4700,265.9900,263.4700,265.1700,15954,404,4230251
VSWS,N,20260617,AXISTECETF,EQ,Axis NIFTY IT ETF,315.1800,318.9900,315.1800,317.0100,1581,47,500193
VSWS,N,20260617,AXISVALUE,EQ,Axis Nifty500 Value,33.6400,33.9700,33.3000,33.7200,65262,345,2200423
VSWS,N,20260617,AXITA,EQ,Axita Cotton,7.7500,7.7800,7.6300,7.7000,149379,756,1148495
VSWS,N,20260617,AXSENSEX,EQ,Axis S&P BSE Sensex,78.5100,79.9400,78.5100,79.7000,5229,123,416291
VSWS,N,20260617,AYE,EQ,Aye Finance,166.9000,173.0000,161.5000,162.5300,1502097,15695,248850758
VSWS,N,20260617,AYMSYNTEX,EQ,AYM Syntex,220.5000,222.1200,218.0100,219.2900,3334,179,733527
VSWS,N,20260617,AZAD,EQ,Azad Engineering,2139.0000,2232.0000,2120.0000,2163.8000,1193281,78017,2593481961
VSWS,N,20260617,BABAFP,SM,Baba Food Processing,25.2500,27.8500,24.7000,26.2500,123200,63,3296720
VSWS,N,20260617,BAFNAPH,BE,Bafna Pharmaceutical,144.0100,156.7900,144.0100,156.7900,51020,139,7736016
VSWS,N,20260617,BAGDIGITAL,SM,B A G Convergence,108.7500,108.7500,108.5000,108.5000,9600,6,1042400
VSWS,N,20260617,BAGFILMS,EQ,BAG Films & Media,5.0900,5.1300,5.0100,5.0600,29238,86,148773
VSWS,N,20260617,BAHETI,SM,Baheti Recycling Ind,617.0000,630.0000,616.0000,627.4000,78375,116,48897375
VSWS,N,20260617,BAIDFIN,EQ,Baid Finserv,10.1000,10.2800,10.0000,10.0100,98298,217,988025
VSWS,N,20260617,BAJAJ-AUTO,EQ,Bajaj Auto,9980.0000,10074.0000,9932.0000,10042.0000,302387,45410,3022259630
VSWS,N,20260617,BAJAJCON,EQ,Bajaj Consumer Care,600.0000,606.6500,595.1000,602.8500,617156,18988,371181682
VSWS,N,20260617,BAJAJELEC,EQ,Bajaj Electricals,323.0000,329.9000,323.0000,327.8000,167789,5907,54946367
VSWS,N,20260617,BAJAJFINSV,EQ,Bajaj Finserv,1792.0000,1794.0000,1751.6000,1764.6000,903580,83912,1595416773
VSWS,N,20260617,BAJAJHCARE,EQ,Bajaj Healthcare,303.9500,305.0000,298.0000,299.2000,114640,2463,34526221
VSWS,N,20260617,BAJAJHFL,EQ,Bajaj Housing Financ,85.9000,86.0000,85.2600,85.7300,3041234,30388,260708017
VSWS,N,20260617,BAJAJHIND,EQ,Bajaj Hindusthan Su,19.9000,19.9300,19.3600,19.4000,5632770,9625,109977246
VSWS,N,20260617,BAJAJHLDNG,EQ,Bajaj Holdings & Inv,10500.0000,10598.0000,10414.0000,10500.0000,39333,9914,413421922
VSWS,N,20260617,BAJAJINDEF,EQ,Indef Manufacturing,243.0000,243.0000,238.2000,239.8000,16573,496,3973637
VSWS,N,20260617,BAJAJST,EQ,Bajaj Steel,370.9000,377.0000,368.7000,372.9500,3773,222,1406805
VSWS,N,20260617,BAJEL,EQ,Bajel Projects,200.2000,202.8700,198.0000,199.9400,228662,4404,45793600
VSWS,N,20260617,BAJFINANCE,EQ,Bajaj Finance,955.1000,961.8000,951.5500,958.4000,5682977,118784,5441736937
VSWS,N,20260617,BALAJEE,EQ,Shree Tiru Bala Agro,29.8000,29.8000,28.1000,28.9300,20098,283,576454
VSWS,N,20260617,BALAJIPHOS,SM,Balaji Phosphates,90.0000,90.0000,89.0000,90.0000,13000,8,1167950
VSWS,N,20260617,BALAJITELE,EQ,Balaji Telefilms,85.0000,85.5000,83.7100,85.1500,269944,2028,22767367
VSWS,N,20260617,BALAMINES,EQ,Balaji Amines,2083.0000,2164.2000,2081.9000,2152.4000,222819,18055,475592657
VSWS,N,20260617,BALAXI,BE,Balaxi Pharmaceutica,23.9900,23.9900,23.0800,23.5600,8631,85,203822
VSWS,N,20260617,BALCO,ST,Solve Plastic Produc,19.4500,19.4500,19.4500,19.4500,2400,2,46680
VSWS,N,20260617,BALKRISHNA,EQ,Balkrishna Paper Mil,18.1000,19.1000,17.4100,17.9500,34440,176,621124
VSWS,N,20260617,BALKRISIND,EQ,Balkrishna Ind,2246.0000,2267.1000,2220.0000,2256.0000,131013,16451,295129857
VSWS,N,20260617,BALMLAWRIE,EQ,Balmer Lawrie & Co,181.4700,183.9500,180.2700,182.7100,163607,3481,29810829
VSWS,N,20260617,BALPHARMA,EQ,Bal Pharma,88.1000,91.6400,87.0000,87.9700,61910,1554,5495167
VSWS,N,20260617,BALRAMCHIN,EQ,Balrampur Chini Mill,559.0500,561.1500,543.2000,546.9000,350514,12787,191857137
VSWS,N,20260617,BALUFORGE,EQ,Balu Forge Industrie,454.0000,457.0000,444.9000,447.9500,677180,14279,305486536
VSWS,N,20260617,BANARBEADS,EQ,Banaras Beads,101.0000,101.0000,99.5000,100.6100,791,47,79654
VSWS,N,20260617,BANARISUG,EQ,Bannari Amman Sugar,3631.0000,3631.0000,3600.0000,3600.3000,331,42,1192296
VSWS,N,20260617,BANCOINDIA,EQ,Banco Products,677.8500,681.8500,670.0500,671.9000,110562,5909,74633375
VSWS,N,20260617,BANDHANBNK,EQ,Bandhan Bank,217.8200,217.9800,213.1000,213.7600,9233245,49435,1985034844
VSWS,N,20260617,BANG,EQ,Bang Overseas,31.9000,32.8000,28.1100,29.0800,443726,2736,13031865
VSWS,N,20260617,BANK10ADD,EQ,DSP BSE Top 10 Banks,17.0000,17.0200,16.9300,16.9500,34723,97,589336
VSWS,N,20260617,BANKA,BE,Banka Bioloo,89.0000,89.0000,86.5000,87.4500,6344,21,554861
VSWS,N,20260617,BANKADD,EQ,DSP Nifty Bank ETF,58.6500,58.8200,58.4900,58.7000,65620,167,3856070
VSWS,N,20260617,BANKBARODA,EQ,Bank of Baroda,277.0000,282.4000,274.0000,281.8500,11929170,56096,3335883923
VSWS,N,20260617,BANKBEES,EQ,NipponINft BnkBees,590.6100,594.9800,590.2800,593.6600,1323314,7323,784855126
VSWS,N,20260617,BANKBETA,EQ,UTI NIFTY Bank ETF,59.0900,59.4500,58.9900,59.4000,300874,581,17867758
VSWS,N,20260617,BANKBETF,EQ,Bajaj Fin Nifty Bank,59.1300,59.1300,57.9500,58.2500,18796,188,1094653
VSWS,N,20260617,BANKETF,EQ,Mirae Asset Nifty Ba,582.1400,584.7900,581.1100,584.0000,22933,202,13389811
VSWS,N,20260617,BANKIETF,EQ,ICICI Pru Nifty Bank,57.3800,59.0100,57.3800,58.8800,1004471,1317,59041707
VSWS,N,20260617,BANKINDIA,EQ,Bank of India,145.9900,147.8400,144.7800,147.1400,8514850,44900,1249030901
VSWS,N,20260617,BANKNIFTY1,EQ,Kotak Nifty Bank ETF,59.0000,59.8100,58.6200,59.4900,261386,594,15536975
VSWS,N,20260617,BANKPSU,EQ,Mirae Asset Nifty PS,86.7300,88.0000,86.2100,87.8300,15494,135,1352998
VSWS,N,20260617,BANSALWIRE,EQ,Bansal Wire Industri,305.0000,307.9000,304.0000,307.2500,17170,658,5258564
VSWS,N,20260617,BANSWRAS,EQ,Banswara Syntex,135.5300,136.2500,128.5100,130.2400,73240,903,9632483
VSWS,N,20260617,BARFLEX,SM,Barflex Polyfilms,56.0000,56.4000,55.4500,56.2500,34000,14,1898000
VSWS,N,20260617,BASF,EQ,BASF India,3453.1000,3525.0000,3439.8000,3502.4000,16421,3744,57486027
VSWS,N,20260617,BASILIC,SM,Basilic Fly Studio,209.9000,209.9000,200.0000,203.1500,26400,64,5406060
VSWS,N,20260617,BASML,EQ,Bannari Amman Spg Mi,24.3600,25.5900,24.3600,24.8900,134017,1003,3357252
VSWS,N,20260617,BATAINDIA,EQ,Bata India,679.1000,683.9500,675.1000,678.5000,198648,19142,134845131
VSWS,N,20260617,BATLIBOI,EQ,Batliboi,77.4000,85.0000,77.4000,83.4200,36000,898,2952730
VSWS,N,20260617,BAYERCROP,EQ,Bayer Cropscience,4268.0000,4270.0000,4194.0000,4209.4000,30040,6211,127139425
VSWS,N,20260617,BBETF0432,EQ,BHARAT Bond ETF-Ap32,1332.0600,1336.4300,1332.0600,1333.4500,969,30,1292541
VSWS,N,20260617,BBL,EQ,Bharat Bijlee,2796.9000,2825.0000,2770.0000,2810.7000,19141,3065,53559182
VSWS,N,20260617,BBNPNBETF,EQ,Baroda BNP Paribas N,57.5300,58.4700,57.4800,57.9900,1711,28,98773
VSWS,N,20260617,BBNPPGOLD,EQ,Baroda BNP Paribas G,145.4500,148.0000,144.2000,144.5000,51495,70,7442100
VSWS,N,20260617,BBOX,EQ,Black Box,1020.0000,1040.0000,1006.0000,1018.2000,456606,15144,466837689
VSWS,N,20260617,BBTC,EQ,Bombay Burmah,1534.2000,1542.8000,1515.6000,1524.6000,26500,3310,40379554
VSWS,N,20260617,BBTCL,EQ,B&B Triplewall Conta,217.0000,223.7600,217.0000,218.1600,2728,83,602163
VSWS,N,20260617,BCG,EQ,Brightcom Group,10.5000,10.5500,10.2600,10.3000,8507783,6491,88231937
VSWS,N,20260617,BCLIND,EQ,BCL Industries,38.0000,38.1900,37.2500,37.4100,658407,3662,24727519
VSWS,N,20260617,BCONCEPTS,EQ,Brand Concepts,181.2000,181.2000,171.0000,174.4800,36639,1040,6419235
VSWS,N,20260617,BCPL,EQ,BCPL Railway Infrast,76.1400,80.0000,75.6900,77.5200,22833,799,1769266
VSWS,N,20260617,BDL,EQ,Bharat Dynamics,1236.5000,1313.4000,1232.1000,1309.8000,2460322,68760,3157800783
VSWS,N,20260617,BEACON,ST,Beacon Trusteeship,92.2000,92.2000,89.1000,89.1000,2000,2,181300
VSWS,N,20260617,BEARDSELL,EQ,Beardsell,29.2500,29.2500,28.1000,28.5500,11892,259,342366
VSWS,N,20260617,BECTORFOOD,EQ,Mrs Bectors Food Spe,185.7600,186.1100,183.0100,185.7700,293904,8133,54396829
VSWS,N,20260617,BEDMUTHA,EQ,Bedmutha Industries,107.0100,111.0000,107.0100,108.2500,2691,59,292066
VSWS,N,20260617,BEEKAY,EQ,Beekay Steel Industr,410.0000,427.7000,404.0000,411.1500,1487,74,611432
VSWS,N,20260617,BEL,EQ,Bharat Electronics,407.0000,422.4000,406.1500,419.8500,24506595,170995,10154779986
VSWS,N,20260617,BELLACASA,EQ,Bella Casa Fashion &,239.2400,244.8000,235.1100,242.1900,11260,483,2707783
VSWS,N,20260617,BELRISE,EQ,Belrise Industries,237.5000,245.6000,235.1300,238.8500,4711917,48637,1136442887
VSWS,N,20260617,BEML,EQ,BEML,1792.4000,1811.2000,1777.0000,1808.3000,211088,15863,379606621
VSWS,N,20260617,BENGALASM,EQ,Bengal & Assam Co,6400.0000,6499.0000,6305.5000,6458.0000,272,177,1745823
VSWS,N,20260617,BEPL,EQ,Bhansali Engg Poly,98.1100,103.4500,98.0000,101.5400,1687697,12802,171671791
VSWS,N,20260617,BERGEPAINT,EQ,Berger Paints India,516.0000,518.9000,510.0500,511.7000,290258,22311,149472839
VSWS,N,20260617,BESTAGRO,EQ,Best Agrolife,16.3900,16.3900,15.7000,15.8000,254359,1214,4032407
VSWS,N,20260617,BETA,EQ,Beta Drugs,1875.0000,1966.0000,1861.2000,1871.8000,35921,2746,68649575
VSWS,N,20260617,BEWLTD,SM,BEW Engineering,67.5000,70.4500,66.3000,68.3000,14000,19,946050
VSWS,N,20260617,BFINVEST,EQ,BF Investment,453.9000,456.0000,447.1500,452.0000,17676,1033,7993103
VSWS,N,20260617,BFSI,EQ,Mirae Asset Nifty Fi,26.9500,27.6500,26.9500,27.3400,598402,800,16368327
VSWS,N,20260617,BFUTILITIE,EQ,BF Utilities,629.6000,648.9000,621.7500,637.4500,151702,6507,96272963
VSWS,N,20260617,BGRENERGY,BE,BGR Energy Systems,337.8000,337.8000,320.6000,328.1000,55346,592,18106981
VSWS,N,20260617,BHADORA,SM,Bhadora Industries,62.7500,66.0000,62.5000,65.9500,12000,10,773520
VSWS,N,20260617,BHAGCHEM,EQ,Bhagiradha Chemicals,262.9200,264.9900,258.0200,263.0800,54112,1167,14204578
VSWS,N,20260617,BHAGERIA,EQ,Bhageria Industries,226.5300,232.9900,224.1200,227.5200,200256,2534,45573469
VSWS,N,20260617,BHAGYANGR,BE,Bhagyanagar India,343.0000,359.5000,342.4000,359.5000,134205,1207,47732632
VSWS,N,20260617,BHANDARI,BE,Bhandari Hosiery Exp,3.1000,3.1000,3.0200,3.0600,165561,203,507092
VSWS,N,20260617,BHARATCOAL,EQ,Bharat Coking Coal,38.7100,41.0000,38.6800,40.4100,80517322,105621,3238956534
VSWS,N,20260617,BHARATFORG,EQ,Bharat Forge,2022.0000,2039.0000,2001.1000,2034.5000,670471,30410,1355588191
VSWS,N,20260617,BHARATGEAR,EQ,Bharat Gears,131.5000,131.5000,126.4100,127.3800,233963,3974,30008193
VSWS,N,20260617,BHARATRAS,EQ,Bharat Rasayan,1450.5000,1464.9000,1437.8000,1459.6000,8219,1176,11947885
VSWS,N,20260617,BHARATSE,EQ,Bharat Seats,185.5200,187.7800,183.0000,184.3700,72358,2068,13387305
VSWS,N,20260617,BHARATWIRE,EQ,Bharat Wire Ropes,218.7100,218.9000,212.2600,213.4400,345989,5873,74451350
VSWS,N,20260617,BHARTIARTL,EQ,Bharti Airtel,1853.0000,1878.0000,1841.5000,1875.7000,7653632,170270,14264406144
VSWS,N,20260617,BHARTIHEXA,EQ,Bharti Hexacom,1464.4000,1471.0000,1457.0000,1462.6000,58288,6466,85255232
VSWS,N,20260617,BHEL,EQ,Bharat Heavy Elect,384.2000,394.0500,381.9000,392.2500,7880789,66667,3059212672
VSWS,N,20260617,BI,EQ,Bilcare,58.0000,58.1000,56.1400,57.9900,6443,71,373156
VSWS,N,20260617,BIGBLOC,EQ,Bigbloc Construction,51.4600,51.4600,50.1100,50.3800,36538,364,1848117
VSWS,N,20260617,BIKAJI,EQ,Bikaji Foods Interna,680.0000,680.3500,650.1000,670.0000,374468,16309,248054181
VSWS,N,20260617,BIKEWO,ST,Bikewo Green Tech,30.5000,31.7500,28.7500,29.6000,120000,52,3601500
VSWS,N,20260617,BIL,EQ,Bhartiya Intl,712.9000,712.9000,685.1500,703.5000,917,171,640845
VSWS,N,20260617,BILVYAPAR,BE,BIL Vyapar,3.9400,4.1300,3.8600,4.1300,32590,32,133322
VSWS,N,20260617,BIMETAL,EQ,Bimetal Bearings,649.6500,649.6500,639.7000,645.0000,2024,50,1295401
VSWS,N,20260617,BIOCON,EQ,Biocon,416.4500,417.7000,406.7500,411.8500,1646656,21416,677697339
VSWS,N,20260617,BIOFILCHEM,EQ,Biofil Chemicals,35.3500,37.3900,34.8000,35.7300,104258,997,3744683
VSWS,N,20260617,BIOPOL,SM,Biopol Chemicals,95.7000,95.7000,91.0000,91.9000,9600,8,889620
VSWS,N,20260617,BIRDYS,ST,Grill Splendour Serv,100.8000,100.8000,100.8000,100.8000,2400,2,241920
VSWS,N,20260617,BIRLACABLE,BE,Birla Cable,207.0000,212.0000,203.8300,209.1900,58845,835,12264100
VSWS,N,20260617,BIRLACORPN,EQ,Birla Corporation,1000.0000,1000.0000,980.0000,984.8500,47366,4697,46871573
VSWS,N,20260617,BIRLAMONEY,EQ,Aditya Birla Money,137.8000,145.5700,136.5000,144.8600,219345,2933,31124204
VSWS,N,20260617,BIRLANU,EQ,BirlaNu,1370.8000,1475.8000,1370.8000,1415.8000,23960,2933,34057302
VSWS,N,20260617,BIRLAPREC,EQ,Birla Precision Tech,38.7900,38.7900,37.5100,37.8200,19529,461,741783
VSWS,N,20260617,BLACKBUCK,EQ,BlackBuck,556.6500,564.9500,545.1500,548.5000,236712,12128,131378415
VSWS,N,20260617,BLACKROSE,EQ,Black Rose Indus,93.9500,95.6000,92.6300,93.5900,14724,536,1386702
VSWS,N,20260617,BLAL,EQ,BEML Land Assets,187.2800,188.0000,184.0000,184.9700,11723,366,2172044
VSWS,N,20260617,BLBLIMITED,EQ,B L B,16.0500,16.2300,15.9300,16.0100,38352,203,615459
VSWS,N,20260617,BLIL,EQ,Balmer Lawrie Invest,71.9800,72.1500,71.2500,71.9500,53102,1167,3808310
VSWS,N,20260617,BLISSGVS,EQ,Bliss GVS Pharma,456.0000,477.0000,453.0000,474.8500,1969782,28411,923829402
VSWS,N,20260617,BLKASHYAP,EQ,B L Kashyap & Sons,53.3600,54.6200,53.3600,53.8000,231968,1415,12520240
VSWS,N,20260617,BLS,EQ,BLS International Se,265.2500,268.1500,262.5500,264.6000,888500,20288,235415567
VSWS,N,20260617,BLSE,EQ,BLS E-Services,228.0300,237.5000,227.0300,229.0100,195931,3640,45301294
VSWS,N,20260617,BLUECOAST,BE,Blue Coast Hotels,27.6000,28.8200,27.5500,28.5000,408,15,11504
VSWS,N,20260617,BLUEDART,EQ,Blue Dart Express,4834.1000,4880.0000,4827.2000,4841.9000,9977,2961,48382148
VSWS,N,20260617,BLUEJET,EQ,Blue Jet Healthcare,505.3000,517.9000,503.6500,505.3500,259767,8172,132176855
VSWS,N,20260617,BLUEPEBBLE,SM,Blue Pebble,80.0000,80.0000,80.0000,80.0000,1200,2,96000
VSWS,N,20260617,BLUESTARCO,EQ,Blue Star,1634.0000,1709.0000,1632.1000,1695.6000,1266953,56042,2141222387
VSWS,N,20260617,BLUESTONE,EQ,BlueStone Jewellery,524.0000,524.1000,502.4500,509.9500,254323,9921,130327401
VSWS,N,20260617,BLUEWATER,ST,Blue Water Logistics,339.9000,339.9000,320.0000,338.1500,25000,24,8112250
VSWS,N,20260617,BLUSPRING,EQ,Bluspring Enterprise,92.4900,110.1800,92.4900,109.3500,12171273,64100,1268145207
VSWS,N,20260617,BMETRICS,SM,Bombay Metrics Suppl,36.5000,36.5000,36.5000,36.5000,800,1,29200
VSWS,N,20260617,BMLL,SM,Bio Medica Laborator,132.1000,135.5000,131.5000,133.6000,46000,28,6131550
VSWS,N,20260617,BMWVENTLTD,EQ,BMW Ventures,60.3000,60.3000,58.8000,59.5500,40367,814,2404313
VSWS,N,20260617,BNAGROCHEM,BE,BN Agrochem,295.0000,303.9000,289.0000,300.0500,340,20,99989
VSWS,N,20260617,BODALCHEM,BE,Bodal Chemicals,67.2000,67.2000,63.0100,64.0900,179896,779,11677200
VSWS,N,20260617,BOHRAIND,EQ,Bohra Industries,15.7500,16.7900,15.5000,15.7000,18465,64,294771
VSWS,N,20260617,BOMDYEING,EQ,Bombay Dyeing,133.0600,136.1000,132.3600,133.9100,1126570,10460,150762092
VSWS,N,20260617,BONLON,EQ,Bonlon Industries,46.5600,48.4900,45.5100,46.3700,19013,261,901031
VSWS,N,20260617,BORANA,EQ,Borana Weaves,323.9000,330.0000,315.0000,318.5000,248565,2225,80357681
VSWS,N,20260617,BOROLTD,EQ,Borosil,225.0000,229.9000,224.0000,226.1500,65235,1791,14755275
VSWS,N,20260617,BORORENEW,EQ,Borosil Renewables,559.3000,595.0000,559.3000,593.9000,1479891,46999,864169969
VSWS,N,20260617,BOROSCI,EQ,Borosil Scientific,156.2700,159.2000,155.0300,156.4500,117785,2191,18468200
VSWS,N,20260617,BOSCH-HCIL,EQ,Bosch Home Comfort I,1341.0000,1354.1000,1275.0000,1279.1000,69904,4366,91167332
VSWS,N,20260617,BOSCHLTD,EQ,Bosch,39250.0000,39470.0000,38870.0000,39230.0000,26887,9175,1054053035
VSWS,N,20260617,BOSS,SM,Boss Packaging Solut,33.9500,37.3500,33.9500,37.1500,8000,4,284500
VSWS,N,20260617,BPCL,EQ,Bharat Petroleum,316.0000,319.5000,315.3000,317.9500,14716072,84429,4678946502
VSWS,N,20260617,BPL,EQ,B P L,54.4000,57.5000,53.5000,56.0000,117842,1871,6567413
VSWS,N,20260617,BRACEPORT,SM,Brace Port Logistics,56.6500,56.6500,56.6500,56.6500,1600,1,90640
VSWS,N,20260617,BRANDMAN,ST,Brandman Retail,184.3500,185.7000,182.0000,182.0000,48000,56,8904840
VSWS,N,20260617,BRIGADE,EQ,Brigade Enterprises,559.7000,595.9500,555.0500,565.8500,7407008,139218,4241554435
VSWS,N,20260617,BRIGHOTEL,EQ,Brigade Hotel Ventur,64.3500,64.8000,63.5100,64.1600,53357,1159,3417774
VSWS,N,20260617,BRITANNIA,EQ,Britannia Industries,5220.0000,5239.0000,5191.0000,5232.0000,270826,20076,1413155191
VSWS,N,20260617,BRNL,EQ,Bharat Road Network,18.8500,19.4800,18.7000,18.9800,28137,272,533688
VSWS,N,20260617,BROOKS,BE,Brooks Laboratories,68.4000,68.4000,66.4500,66.9700,7156,84,479902
VSWS,N,20260617,BSE,EQ,BSE,4180.0000,4219.9000,3961.0000,3999.2000,6984638,308836,28350831780
VSWS,N,20260617,BSE500IETF,EQ,ICICI Prud BSE 500 E,38.8200,39.1900,38.4700,38.9100,397849,1148,15415739
VSWS,N,20260617,BSHSL,BE,Bombay Super Hybrid,94.0000,94.0000,91.3000,92.4900,6366,84,589303
VSWS,N,20260617,BSL,EQ,B S L,123.6400,130.0000,123.6400,127.5500,5471,112,691203
VSWS,N,20260617,BSLGOLDETF,EQ,Aditya Birla Sun LGG,128.7800,132.0900,128.7800,131.6600,104338,1565,13729653
VSWS,N,20260617,BSLNIFTY,EQ,Aditya Birla SL NF 5,27.9500,28.3700,27.2500,28.0800,256734,4374,7200990
VSWS,N,20260617,BSLSENETFG,EQ,AB SL BSE Sensex ETF,76.6100,77.6400,76.5700,77.3800,17239,121,1334578
VSWS,N,20260617,BSOFT,EQ,Birlasoft,325.0000,331.8000,322.1500,323.6000,1050925,22982,343005003
VSWS,N,20260617,BTML,EQ,Bodhi Tree Multimedi,6.6200,6.6200,6.4100,6.4300,180139,165,1163364
VSWS,N,20260617,BTTL,EQ,Bhilwara Technical T,34.5800,36.2500,34.5800,35.2300,994,31,35270
VSWS,N,20260617,BUILDPRO,EQ,Shankara Buildpro,1016.1000,1068.7000,1001.2000,1047.3000,146500,4863,153417041
VSWS,N,20260617,BUTTERFLY,EQ,Butterfly Gandhimath,635.0000,677.7000,626.2000,664.1000,153476,10187,100212430
VSWS,N,20260617,BVCL,EQ,Barak Valley Cements,41.8800,45.0000,41.8800,42.6700,74349,261,3196731
VSWS,N,20260617,BYKE,EQ,Byke Hospitality,36.1000,38.0000,35.6000,35.8100,69926,623,2559676
VSWS,N,20260617,C2C,SM,C2C Advanced Systems,409.9500,414.0000,402.1000,404.6000,100350,530,40829700
VSWS,N,20260617,CALSOFT,BE,California Software,21.5800,23.0700,21.3100,23.0700,178393,342,3994599
VSWS,N,20260617,CAMLINFINE,EQ,Camlin Fine Sciences,139.5000,143.0100,137.2000,140.0900,1939178,16840,272105087
VSWS,N,20260617,CAMPUS,EQ,Campus Activewear,233.1500,234.5000,231.2500,232.2000,373277,9353,86985638
VSWS,N,20260617,CAMS,EQ,Computer Age Mgmt Se,795.0000,813.5000,790.5000,807.2500,2002246,78294,1608293975
VSWS,N,20260617,CANARYS,SM,Canarys Automations,19.5000,19.7000,19.3000,19.4000,56000,13,1091600
VSWS,N,20260617,CANBK,EQ,Canara Bank,133.1600,136.3000,132.1100,135.2400,46057932,97887,6195330481
VSWS,N,20260617,CANFINHOME,EQ,Canfin Homes,868.0000,884.0000,865.3000,879.7500,111341,10147,97608565
VSWS,N,20260617,CANHLIFE,EQ,Canara HSBC Life Ins,139.0100,139.7900,137.1600,138.1800,297424,4683,41133665
VSWS,N,20260617,CANTABIL,EQ,Cantabil Retail Indi,220.0100,221.6800,217.8500,220.3700,41785,1224,9201355
VSWS,N,20260617,CAPACITE,EQ,Capacit'e Infraproje,236.5000,239.4800,229.4900,231.3500,346556,6939,80568523
VSWS,N,20260617,CAPILLARY,EQ,Capillary Techno Ind,496.0500,505.0000,496.0500,501.0000,32500,1529,16334123
VSWS,N,20260617,CAPITALSFB,EQ,Capital Small Financ,297.1500,299.8000,293.0000,298.2500,127095,2147,37878349
VSWS,N,20260617,CAPLIPOINT,EQ,Caplin Point Lab,2389.9000,2409.4000,2325.4000,2334.9000,66318,9056,156086707
VSWS,N,20260617,CAPTRUST,BE,Capital Trust,13.0000,13.2500,12.6000,13.2000,14158,60,185332
VSWS,N,20260617,CARBORUNIV,EQ,Carborundum Univer,1065.5000,1135.0000,1065.5000,1130.3000,543328,33861,606545333
VSWS,N,20260617,CARERATING,EQ,CARE Ratings,1640.1000,1653.9000,1619.1000,1647.5000,27072,2720,44233448
VSWS,N,20260617,CARRARO,EQ,Carraro India,545.0000,547.9000,537.1000,540.6500,60010,2602,32569930
VSWS,N,20260617,CARTRADE,EQ,CarTrade Tech,2384.0000,2740.0000,2384.0000,2614.9000,8311663,370245,22017908982
VSWS,N,20260617,CARYSIL,EQ,Carysil,1181.6000,1215.0000,1173.1000,1187.8000,154929,11916,185575380
VSWS,N,20260617,CASHIETF,EQ,ICICI Pru BSE Liq R,1066.7800,1066.8000,1066.7800,1066.7900,198211,77,211449884
VSWS,N,20260617,CASTROLIND,EQ,Castrol India,186.0400,186.3000,184.0100,184.4900,1062097,16216,196519174
VSWS,N,20260617,CBAZAAR,SM,Net Avenue Technolog,4.2000,4.2500,4.2000,4.2500,16000,2,67600
VSWS,N,20260617,CCAVENUE,EQ,AvenuesAI,14.3600,14.6300,14.1900,14.2800,14699059,21475,211516523
VSWS,N,20260617,CCCL,EQ,Consolidated Const C,14.8000,15.1400,14.8000,14.9100,98535,377,1475306
VSWS,N,20260617,CCHHL,EQ,Country Club Hospita,13.0100,13.6900,12.8500,13.0500,37853,156,496282
VSWS,N,20260617,CCL,EQ,CCL Products India,1121.1000,1128.3000,1104.1000,1114.6000,264588,14371,294840022
VSWS,N,20260617,CDSL,EQ,Central Depository S,1270.0000,1294.0000,1263.2000,1290.9000,2169716,54903,2779841525
VSWS,N,20260617,CEATLTD,EQ,Ceat,3451.0000,3505.0000,3430.1000,3487.0000,241210,26574,836741195
VSWS,N,20260617,CEDAAR,SM,Cedaar Textile,21.8500,21.8500,20.8000,21.0000,79000,48,1658600
VSWS,N,20260617,CEIGALL,EQ,Ceigall India,372.1500,376.9500,369.0000,372.5000,376721,5377,140112397
VSWS,N,20260617,CEINSYS,EQ,Ceinsys Tech,954.0000,966.5000,938.0000,944.3000,62825,3456,59517251
VSWS,N,20260617,CELEBRITY,EQ,Celebrity Fashions,7.4000,7.6400,7.2500,7.3100,76377,148,558031
VSWS,N,20260617,CELLECOR,ST,Cellecor Gadgets,38.5500,39.3500,37.4000,37.8500,195000,55,7468800
VSWS,N,20260617,CELLO,EQ,Cello World,390.4500,392.0000,381.9000,383.0000,237196,9409,91383486
VSWS,N,20260617,CEMPRO,EQ,Cemindia Projects,1171.9000,1193.9000,1155.0000,1184.0000,297334,13566,349045820
VSWS,N,20260617,CENTENKA,EQ,Century Enka,507.2500,515.3500,495.4500,504.7000,54234,2290,27454238
VSWS,N,20260617,CENTEXT,EQ,Century Extrusions,20.2300,20.5500,20.0700,20.1800,82595,640,1670529
VSWS,N,20260617,CENTRALBK,EQ,Central Bank of Indi,32.0600,34.4800,31.8300,33.8700,79833451,96252,2678525756
VSWS,N,20260617,CENTRUM,EQ,Centrum Capital,22.4000,22.5500,21.9000,22.1300,896858,1111,19849882
VSWS,N,20260617,CENTUM,EQ,Centum Electronics,3631.4000,3704.6000,3567.6000,3614.7000,41391,8500,150397513
VSWS,N,20260617,CENTURYPLY,EQ,Century Plyboards (I,747.0500,775.0000,745.8500,765.1500,59915,5474,45574273
VSWS,N,20260617,CERA,EQ,CERA Sanitaryware,6208.0000,6251.0000,6128.0000,6156.0000,6748,2572,41746799
VSWS,N,20260617,CEREBRAINT,BZ,Cerebra Integrated,3.9700,4.1500,3.9500,4.0500,175664,228,706237
VSWS,N,20260617,CESC,EQ,C E S C,172.2600,172.3600,169.5000,169.9100,1239824,17238,210786017
VSWS,N,20260617,CEWATER,EQ,Concord Enviro Syste,301.1500,330.0000,298.0000,325.8500,790297,24215,252173133
VSWS,N,20260617,CGCL,EQ,Capri Global Capital,217.7100,220.9000,216.0000,217.2800,2761580,18015,603203948
VSWS,N,20260617,CGPOWER,EQ,CG Power & Indl Solu,941.0000,965.6000,937.0000,963.7500,3996950,76138,3809536301
VSWS,N,20260617,CGRAPHICS,SM,Creative Graph Solut,146.9000,148.0000,137.0000,139.8000,124000,130,17506360
VSWS,N,20260617,CHALET,EQ,Chalet Hotels,760.0000,784.0000,751.4000,781.0000,226436,16219,175429616
VSWS,N,20260617,CHAMBLFERT,EQ,Chambal Fertilisers,494.0000,494.0000,482.1000,485.1000,987282,22941,479495642
VSWS,N,20260617,CHAMUNDA,SM,Chamunda Electrical,40.5000,41.7500,40.0000,40.6000,24000,8,975150
VSWS,N,20260617,CHANDAN,SM,Chandan Healthcare,214.0000,219.0000,206.0000,212.6000,155200,180,33042560
VSWS,N,20260617,CHAVDA,SM,Chavda Infra,91.5000,93.6000,90.0000,90.4000,22000,20,2035650
VSWS,N,20260617,CHEMBOND,BE,Chembond Material Te,169.4400,171.0000,158.0500,168.3500,6224,102,1034383
VSWS,N,20260617,CHEMBONDCH,BE,Chembond Chemicals,188.5000,189.1100,182.0000,188.8000,11460,137,2158805
VSWS,N,20260617,CHEMCON,EQ,Chemcon Speciality C,192.5400,195.0000,191.7000,193.2700,34167,1356,6595670
VSWS,N,20260617,CHEMFAB,BE,Chemfab Alkalis,383.0000,394.4500,383.0000,384.7500,12142,55,4723508
VSWS,N,20260617,CHEMICAL,EQ,Kotak Nifty Chemical,29.9800,29.9800,29.5300,29.6300,1004063,1123,29737439
VSWS,N,20260617,CHEMPLASTS,EQ,Chemplast Sanmar,206.7700,237.0000,205.6000,226.1400,7882739,93155,1789449241
VSWS,N,20260617,CHENNPETRO,EQ,Chennai Petroleum,1193.9000,1206.5000,1160.0000,1165.1000,598555,23616,705926618
VSWS,N,20260617,CHETANA,ST,Chetana Education,42.3500,44.9500,42.3000,44.9500,11200,7,490800
VSWS,N,20260617,CHEVIOT,EQ,Cheviot Company,1093.6000,1127.9000,1092.0000,1112.4000,1580,270,1749605
VSWS,N,20260617,CHOICEGOLD,EQ,Choice Gold ETF,149.1400,149.5800,146.4200,148.1100,6380,184,943780
VSWS,N,20260617,CHOICEIN,EQ,Choice International,712.9500,718.4000,706.0000,709.7500,738782,12568,526632737
VSWS,N,20260617,CHOLAFIN,EQ,Cholamandalam Invest,1680.4000,1690.9000,1672.6000,1679.2000,980447,60455,1648565004
VSWS,N,20260617,CHOLAHLDNG,EQ,Cholamandalam Financ,1590.0000,1603.1000,1567.8000,1583.9000,99459,9165,157524964
VSWS,N,20260617,CIEINDIA,EQ,CIE Automotive India,468.1500,472.0000,456.5500,457.1500,280552,15455,129761452
VSWS,N,20260617,CIFL,EQ,Capital India Financ,25.3400,25.8900,24.7300,25.0000,102671,492,2568541
VSWS,N,20260617,CINELINE,EQ,Cineline India,80.0000,83.4800,79.5000,82.5500,17437,157,1427342
VSWS,N,20260617,CINEVISTA,EQ,Cinevista,15.3300,15.6800,15.2400,15.3300,3528,45,54677
VSWS,N,20260617,CIPLA,EQ,Cipla,1380.0000,1381.7000,1341.1000,1350.8000,2014168,49806,2720654810
VSWS,N,20260617,CKKRETAIL,SM,C K K Retail Mart,148.0500,148.1000,148.0500,148.0500,23200,20,3434800
VSWS,N,20260617,CLASSICEIL,ST,Classic Electrodes (,46.0000,46.0000,42.5000,42.5000,17600,10,760960
VSWS,N,20260617,CLEAN,EQ,Clean Science & Tech,790.0000,790.0000,776.1500,778.6500,110042,10475,85883069
VSWS,N,20260617,CLEANMAX,EQ,Clean Max Enviro Ene,1309.0000,1378.0000,1293.1000,1353.1000,714065,37747,965068171
VSWS,N,20260617,CLEDUCATE,BE,CL Educate,52.5900,52.5900,52.5900,52.5900,28692,85,1508912
VSWS,N,20260617,CLSEL,EQ,Chaman Lal Setia,298.0000,299.0000,290.0500,296.3500,146705,3115,43080166
VSWS,N,20260617,CMNL,SM,Chaman Metallics,97.3000,100.9500,97.0000,100.9500,9750,11,955800
VSWS,N,20260617,CMPDI,EQ,Central Mine Plannin,260.4000,262.0000,252.3400,254.9800,4841269,48817,1244844647
VSWS,N,20260617,CMRGREEN,EQ,CMR Green Technologi,235.9900,240.7600,231.3800,236.7100,2491996,23203,589961646
VSWS,N,20260617,CMRSL,SM,Cyber Media Research,69.3000,69.3000,69.3000,69.3000,4000,2,277200
VSWS,N,20260617,CMSINFO,EQ,CMS Info Systems,297.8500,300.0000,294.5000,294.9500,292374,11470,86719687
VSWS,N,20260617,CNL,EQ,Creative Newtech,708.0000,711.0000,691.0000,705.8500,26491,1149,18550355
VSWS,N,20260617,COALINDIA,EQ,Coal India,450.9000,461.5500,448.6000,455.7500,9064734,71172,4129475824
VSWS,N,20260617,COASTCORP,EQ,Coastal Corporation,52.7400,52.7400,50.3400,51.1600,72869,1112,3737271
VSWS,N,20260617,COCHINSHIP,EQ,Cochin Shipyard,1432.8000,1515.0000,1432.1000,1500.2000,2340067,68220,3453860933
VSWS,N,20260617,COCKERILL,EQ,John Cockerill India,9380.0000,9497.0000,9150.5000,9239.5000,15554,4950,144553470
VSWS,N,20260617,COFFEEDAY,BE,Coffee Day Enterpris,33.5000,35.0000,33.3500,34.1600,1078060,1939,37166329
VSWS,N,20260617,COFORGE,EQ,Coforge,1494.5000,1497.8000,1453.3000,1465.7000,4831921,109593,7123588098
VSWS,N,20260617,COHANCE,EQ,Cohance Lifesciences,432.0000,442.3500,422.1500,425.1500,740069,23345,317737189
VSWS,N,20260617,COLPAL,EQ,Colgate,2080.0000,2092.6000,2028.0000,2034.2000,603600,29353,1235191514
VSWS,N,20260617,COMFINTE,EQ,Comfort Intech,7.0400,7.0400,6.1200,6.1900,247826,657,1574980
VSWS,N,20260617,COMMITTED,ST,Committed Cargo Care,265.0000,279.8500,259.1000,279.1500,28800,29,7819280
VSWS,N,20260617,COMMOIETF,EQ,ICICI Pru Nfty Commo,100.0000,102.5500,99.8200,102.0900,34419,503,3505486
VSWS,N,20260617,COMPINFO,BZ,Compuage Infocom,1.3900,1.3900,1.3100,1.3500,2745,11,3695
VSWS,N,20260617,COMPUSOFT,EQ,Compucom Software,13.9500,13.9500,13.1000,13.4300,39964,221,539453
VSWS,N,20260617,COMSYN,EQ,Commercial Syn Bags,156.4000,173.6000,152.1000,169.3900,321117,4587,53209962
VSWS,N,20260617,CONCOR,EQ,Container Corp,467.8500,468.5000,462.5500,467.0000,785113,15058,365915295
VSWS,N,20260617,CONCORDBIO,EQ,Concord Biotech,1380.0000,1384.4000,1337.3000,1340.0000,303815,32712,412779274
VSWS,N,20260617,CONFIPET,EQ,Confidence Petroleum,69.6000,70.1900,67.0100,67.6400,1524287,8789,103872365
VSWS,N,20260617,CONNPLEX,SM,Connplex Cinemas,219.0000,219.7000,210.0000,217.0000,77600,95,16622200
VSWS,N,20260617,CONS,EQ,Kotak Nifty India Co,11.8000,11.8700,11.7800,11.8100,34237,108,404763
VSWS,N,20260617,CONSOFINVT,EQ,Consolidated Finvest,226.8400,234.8100,226.8400,229.4200,2690,210,620697
VSWS,N,20260617,CONSUMBEES,EQ,Nippon INft (I) Cons,127.4800,128.4300,126.7300,128.2300,97884,826,12536871
VSWS,N,20260617,CONSUMER,EQ,Mirae A Nfty I New A,11.5100,11.5100,11.2600,11.3400,109665,255,1241976
VSWS,N,20260617,CONSUMIETF,EQ,ICICI Pru NIC ETF,118.5000,119.5800,118.3000,119.0200,11268,229,1340311
VSWS,N,20260617,CONTROLPR,EQ,Control Print,619.2000,628.1000,615.0500,625.7000,15649,1155,9766876
VSWS,N,20260617,COOLCAPS,ST,Cool Caps Industries,27.1500,28.0000,26.6000,27.7500,78750,47,2164250
VSWS,N,20260617,CORALFINAC,EQ,Coral India Finance,32.9900,32.9900,32.0000,32.4800,6070,147,196591
VSWS,N,20260617,CORDSCABLE,BE,Cords Cable Industri,218.5400,222.0000,213.3000,220.1400,19986,303,4343625
VSWS,N,20260617,COROMANDEL,EQ,Coromandel Internati,2059.7000,2064.7000,1996.8000,2035.9000,408840,46645,830444157
VSWS,N,20260617,CORONA,EQ,Corona Remedies,1800.0000,2100.7000,1773.1000,1792.4000,391442,23840,716158623
VSWS,N,20260617,COSMOFIRST,EQ,Cosmo First,758.0000,767.8000,745.0000,747.0500,49215,2415,37167341
VSWS,N,20260617,COUNCODOS,EQ,Country Condo's,4.8000,4.9800,4.7700,4.8600,21052,121,102336
VSWS,N,20260617,CPCAP,BE,CP Capital,101.9900,104.6500,99.0000,101.2500,107810,229,10899433
VSWS,N,20260617,CPEDU,EQ,Career Point Edutech,182.8800,182.8800,177.0000,179.0500,1857,62,333213
VSWS,N,20260617,CPPLUS,EQ,Aditya Infotech,3386.6000,3408.0000,3283.8000,3348.2000,236036,26047,790982880
VSWS,N,20260617,CPS,SM,C P S Shapers,972.0000,972.0000,958.0000,958.0000,1050,6,1013423
VSWS,N,20260617,CPSEETF,EQ,CPSE ETF*,98.0100,99.0000,97.0800,98.3900,3451831,7694,337140903
VSWS,N,20260617,CRAFTSMAN,EQ,Craftsman Automation,9400.0000,9656.0000,9336.5000,9498.5000,140241,27781,1331732343
VSWS,N,20260617,CRAMC,EQ,Canara Robeco Asset,251.4000,254.0000,250.1200,252.0900,242600,6792,61026614
VSWS,N,20260617,CRAYONS,SM,Crayons Advertising,29.7500,29.7500,29.7500,29.7500,2000,2,59500
VSWS,N,20260617,CREATIVEYE,EQ,Creative Eye,6.6900,6.6900,6.4100,6.6300,2717,64,17828
VSWS,N,20260617,CREDITACC,EQ,CreditAccess Grameen,1407.6000,1442.0000,1407.6000,1434.9000,303130,31156,434171359
VSWS,N,20260617,CREST,EQ,Crest Ventures,391.9500,399.7000,384.4000,398.7500,11101,301,4396570
VSWS,N,20260617,CRISIL,EQ,CRISIL,4052.0000,4113.0000,4021.4000,4091.5000,54791,10407,223285644
VSWS,N,20260617,CRIZAC,EQ,Crizac,215.6000,219.0000,214.9200,217.6200,165917,4215,36079884
VSWS,N,20260617,CROMPTON,EQ,Crompton Greaves Con,266.0000,276.9000,266.0000,275.9000,3805049,41994,1041530871
VSWS,N,20260617,CROWN,EQ,Crown Lifters,111.4100,116.9700,111.4100,116.3700,10799,413,1237685
VSWS,N,20260617,CSBBANK,EQ,CSB Bank,371.5000,374.3500,366.0000,367.7000,701281,10889,258276406
VSWS,N,20260617,CSLFINANCE,EQ,CSL Finance,229.9200,233.7600,225.0000,226.4100,12199,318,2773009
VSWS,N,20260617,CTE,EQ,Cambridge Tech Enter,32.0000,32.6000,31.4500,31.7200,4248,53,135831
VSWS,N,20260617,CUB,EQ,City Union Bank,205.0000,205.4000,199.4500,200.4500,3913500,60814,784841099
VSWS,N,20260617,CUBEXTUB,EQ,Cubex Tubings,87.3800,87.5900,85.1000,85.5500,37869,710,3269269
VSWS,N,20260617,CUDML,ST,Cash Ur Drive Market,179.0000,179.0000,179.0000,179.0000,1000,1,179000
VSWS,N,20260617,CUMMINSIND,EQ,Cummins India,5758.0000,5850.0000,5725.0000,5833.0000,338488,39719,1963599662
VSWS,N,20260617,CUPID,EQ,Cupid,164.9900,171.0000,155.0000,166.1800,22652204,85611,3822876280
VSWS,N,20260617,CURAA,EQ,Cura Technologies,78.0000,89.3600,78.0000,82.7700,674,28,55620
VSWS,N,20260617,CURRENT,SM,Current Infraproject,107.1000,107.1000,107.0500,107.0500,3200,2,342640
VSWS,N,20260617,CYBERMEDIA,BE,Cyber Media (India),17.3500,17.3500,16.4900,17.0800,17765,50,295722
VSWS,N,20260617,CYBERTECH,EQ,Cyber Tech Systems,147.9900,154.0000,144.8500,151.7200,296467,4918,44134451
VSWS,N,20260617,CYIENT,EQ,Cyient,865.0000,884.0000,855.1500,876.1500,1532390,52012,1328219216
VSWS,N,20260617,CYIENTDLM,EQ,Cyient DLM,469.0000,482.4000,462.2000,464.9000,336655,8457,158314594
VSWS,N,20260617,DABUR,EQ,Dabur India,435.0000,435.9000,427.7500,429.0000,1137052,21114,490039280
VSWS,N,20260617,DAICHI,EQ,Dai Ichi Karkaria,291.7900,310.9000,290.6500,307.3300,75848,2057,23051018
VSWS,N,20260617,DALBHARAT,EQ,Dalmia Bharat,1719.9000,1744.5000,1700.1000,1723.4000,182941,16834,315420807
VSWS,N,20260617,DALMIASUG,EQ,Dalmia Bharat Sugar,338.0000,341.4500,336.5000,339.6000,74018,2249,25047252
VSWS,N,20260617,DAMCAPITAL,EQ,DAM Capital Advisors,152.8000,154.0000,149.1000,149.9300,231892,2758,35145020
VSWS,N,20260617,DAMODARIND,EQ,Damodar Industries,28.8000,30.9900,28.8000,30.3100,6482,116,192897
VSWS,N,20260617,DANGEE,EQ,Dangee Dums,3.2300,3.2300,3.1100,3.1600,34440,107,108333
VSWS,N,20260617,DANISH,SM,Danish Power,927.0000,938.0000,901.0000,927.5500,34950,175,32095148
VSWS,N,20260617,DATAMATICS,EQ,Datamatics Global Se,801.5500,824.0000,793.5500,806.7000,160409,6728,130486538
VSWS,N,20260617,DATAPATTNS,EQ,Data Patterns (I),4493.0000,4794.7000,4493.0000,4769.6000,2233651,162079,10399524273
VSWS,N,20260617,DAVANGERE,EQ,Davangere Sugar Co,3.7000,3.7100,3.6300,3.6400,4387884,1904,16041344
VSWS,N,20260617,DBCORP,EQ,D B Corp,207.5000,207.9900,203.0500,204.3300,45892,2067,9421078
VSWS,N,20260617,DBEIL,BE,Deepak Builders & En,89.2000,91.1500,88.9800,89.9400,320553,3141,29058398
VSWS,N,20260617,DBL,EQ,Dilip Buildcon,433.0000,437.3000,431.0000,432.2500,72648,3398,31473294
VSWS,N,20260617,DBOL,BE,Dhampur Bio Organics,114.0000,115.5700,112.1100,112.9800,22598,136,2562204
VSWS,N,20260617,DBREALTY,BE,Valor Estate,116.0000,118.0000,114.3000,115.7600,491904,1468,57245100
VSWS,N,20260617,DBSTOCKBRO,EQ,DB (Intl) Stock Brok,31.1600,32.8000,31.1600,31.3800,4280,138,137395
VSWS,N,20260617,DCAL,EQ,Dishman Carbogen Amc,176.0000,177.0000,167.2500,167.8500,1417196,16234,241781898
VSWS,N,20260617,DCBBANK,EQ,DCB Bank,183.7000,186.2100,182.9000,185.0100,1412999,17417,260163185
VSWS,N,20260617,DCCL,SM,Dar Credit & Capital,40.0000,40.0000,40.0000,40.0000,6000,2,240000
VSWS,N,20260617,DCG,SM,DCG Cables & Wires,56.0500,58.0000,56.0500,58.0000,10800,9,623700
VSWS,N,20260617,DCI,BE,DC Infotech & Commun,270.0000,270.8000,263.7000,268.9500,5117,167,1371627
VSWS,N,20260617,DCM,BE,D C M,95.4700,99.0000,92.0000,96.6600,11687,78,1123324
VSWS,N,20260617,DCMFINSERV,BE,DCM Financial Serv,5.3100,5.3100,5.3000,5.3000,2755,15,14604
VSWS,N,20260617,DCMNVL,BE,DCM Nouvelle,155.3000,159.2000,148.2100,150.5800,14655,89,2229971
VSWS,N,20260617,DCMSHRIRAM,EQ,DCM Shriram,1050.1000,1060.6000,1036.9000,1045.6000,34946,5827,36651318
VSWS,N,20260617,DCMSIL,BE,DCM Shriram Internat,64.6000,64.6000,63.6100,63.6100,12606,63,804070
VSWS,N,20260617,DCMSRIND,EQ,DCM Shriram Ind,38.8300,39.3800,38.0000,38.1700,45816,628,1758467
VSWS,N,20260617,DCW,EQ,D C W,48.5000,49.9000,48.2400,49.7200,2543053,8905,125743828
VSWS,N,20260617,DCXINDIA,EQ,DCX Systems,188.9900,195.7000,187.4500,193.8100,1371335,15057,263113456
VSWS,N,20260617,DDEVPLSTIK,EQ,Ddev Plastiks Indust,254.7000,258.0000,251.2500,254.4100,78974,2250,20076417
VSWS,N,20260617,DECCANCE,EQ,Deccan Cements,584.9000,584.9000,573.7500,574.3500,7034,304,4045759
VSWS,N,20260617,DECCANTRAN,SM,Deccan Transcon Leas,24.2500,24.2500,24.0000,24.0000,6000,5,145020
VSWS,N,20260617,DECNGOLD,EQ,Deccan Gold Mines,200.9900,209.0000,195.6500,197.4900,3920783,36039,793727904
VSWS,N,20260617,DEEDEV,BE,Dee Development Engi,711.9000,760.0000,698.0000,738.7500,216231,4071,160445874
VSWS,N,20260617,DEEM,SM,Deem Roll Tech,44.7000,48.8000,43.8000,47.0000,7000,7,317450
VSWS,N,20260617,DEEPAKFERT,EQ,Deepak Fertilizers,1541.0000,1559.9000,1535.0000,1550.5000,217394,15231,336730663
VSWS,N,20260617,DEEPAKNTR,EQ,Deepak Nitrite,1649.8000,1659.3000,1610.0000,1615.3000,115927,9923,188376612
VSWS,N,20260617,DEEPINDS,EQ,Deep Industries,497.9000,497.9000,487.2500,493.0000,125444,3423,61753941
VSWS,N,20260617,DEFENCE,EQ,Mirae Asset BSE (I),76.5300,79.3500,76.4500,79.0000,398516,1365,31120196
VSWS,N,20260617,DELAPLEX,SM,Delaplex,101.6000,104.9500,101.0500,103.0000,4800,8,496980
VSWS,N,20260617,DELHIVERY,EQ,Delhivery,451.4500,453.6000,449.2500,451.5500,923455,15976,417157344
VSWS,N,20260617,DELPHIFX,EQ,Delphi World Money,8.9000,9.0300,8.3300,8.6600,278841,611,2421022
VSWS,N,20260617,DELTACORP,EQ,Delta Corp,66.4400,66.8400,65.6000,65.8600,1362118,6298,90168553
VSWS,N,20260617,DELTAMAGNT,EQ,Delta Manufacturing,59.8000,63.0000,59.0000,61.4500,6819,212,418174
VSWS,N,20260617,DELTIC,ST,Delta Autocorp,37.7000,39.5500,36.6500,36.9000,40000,36,1534150
VSWS,N,20260617,DEN,EQ,Den Networks,29.4500,29.5900,28.8500,28.9500,854709,4283,24926444
VSWS,N,20260617,DENEERS,SM,De Neers Tools,217.0000,219.9500,216.0000,219.9500,5400,9,1179570
VSWS,N,20260617,DENORA,EQ,De Nora India,812.3500,846.0000,812.0000,824.0500,18285,1935,15098278
VSWS,N,20260617,DENTA,EQ,Denta Water and Infr,272.0000,279.5000,265.8000,274.8500,341635,7760,93498493
VSWS,N,20260617,DENTALKART,SM,Vasa Denticity,377.0000,379.7500,370.0000,370.9500,29750,80,11120675
VSWS,N,20260617,DEVIT,EQ,Dev Information Tech,27.9900,28.5000,27.7100,28.1900,40882,720,1148024
VSWS,N,20260617,DEVX,EQ,Dev Accelerator,36.7300,36.7300,36.0400,36.3700,89839,655,3262549
VSWS,N,20260617,DEVYANI,EQ,Devyani Internationa,113.8600,113.9000,111.9000,113.2800,2348383,16869,264556867
VSWS,N,20260617,DGCONTENT,EQ,Digicontent,27.5000,27.9000,26.1400,26.4300,17720,160,479915
VSWS,N,20260617,DHAMPURSUG,EQ,Dhampur Sugar,144.7800,144.7800,138.3200,140.5800,326822,4659,46050960
VSWS,N,20260617,DHANBANK,EQ,Dhanlaxmi Bank,32.4200,32.9900,31.7500,32.8400,2126037,8223,69133109
VSWS,N,20260617,DHANLAXMI,SM,Dhanlaxmi Crop Scien,29.6500,29.9500,29.6000,29.8000,12000,6,356900
VSWS,N,20260617,DHANSA,ST,Dhansa Labs,23.1000,23.1000,22.5000,22.5000,10000,4,229800
VSWS,N,20260617,DHANUKA,EQ,Dhanuka Agritech,1060.0000,1065.0000,1041.0000,1053.2000,64683,4604,68204222
VSWS,N,20260617,DHARAN,BZ,Dharan Infra-Epc,0.1700,0.1700,0.1600,0.1600,22934985,1665,3804433
VSWS,N,20260617,DHARARAIL,SM,Dhara Rail Projects,155.3000,158.9000,154.1500,154.1500,29000,27,4536100
VSWS,N,20260617,DHARIWAL,SM,Dhariwalcorp,29.6000,29.6000,28.5000,28.7000,126000,36,3654900
VSWS,N,20260617,DHARMAJ,EQ,Dharmaj Crop Guard,280.4500,280.6500,268.6000,272.5000,89647,2605,24472945
VSWS,N,20260617,DHRUV,BE,Dhruv Consultancy Se,27.8500,28.1200,27.8500,28.1100,1859,16,52113
VSWS,N,20260617,DHTL,SM,Docmode Health Techn,37.6500,40.5000,37.6500,40.5000,4000,2,159720
VSWS,N,20260617,DHUNINV,EQ,Dhunseri Investments,846.0000,858.0000,827.7000,847.7500,362,65,305365
VSWS,N,20260617,DIACABS,EQ,Diamond Power Infra,206.0000,208.0000,202.0000,204.5100,4504372,30001,923979970
VSWS,N,20260617,DIAMINESQ,EQ,Diamines & Chemicals,247.7400,247.7400,242.0000,244.3900,3549,197,868670
VSWS,N,20260617,DIAMONDYD,EQ,Prataap Snacks,1124.2000,1140.0000,1110.0000,1116.6000,15094,1525,17039661
VSWS,N,20260617,DICIND,EQ,DIC India,525.0000,525.0000,500.0000,514.1000,12998,82,6540335
VSWS,N,20260617,DIFFNKG,EQ,Diffusion Engineers,375.5000,389.0000,365.6000,383.8500,298852,9140,113685786
VSWS,N,20260617,DIGIDRIVE,EQ,Digidrive Distributo,18.2200,19.0000,18.0000,18.3900,15232,168,282739
VSWS,N,20260617,DIGIKORE,SM,Digikore Studios,51.8000,51.8000,50.5000,51.4000,32400,41,1662320
VSWS,N,20260617,DIGISPICE,BE,DiGiSPICE Technologi,20.3500,20.8800,19.5000,20.6900,122111,371,2433709
VSWS,N,20260617,DIGITIDE,EQ,Digitide Solutions,83.8500,93.0000,83.7400,89.8000,1424093,12715,128028817
VSWS,N,20260617,DIGJAMLMTD,EQ,Digjam,44.3200,44.9400,43.4000,44.9000,1382,34,61724
VSWS,N,20260617,DIRL,SM,Dhanuka Infra Realty,12.7000,12.7000,12.7000,12.7000,6000,1,76200
VSWS,N,20260617,DISAQ,EQ,Disa India,11645.0000,11988.0000,11643.0000,11793.0000,493,344,5822338
VSWS,N,20260617,DISHTV,BE,Dish TV India,3.1100,3.2100,3.0500,3.1800,1759453,1289,5509554
VSWS,N,20260617,DIVGIITTS,EQ,Divgi Torqtransfer S,853.4000,875.0000,840.6500,844.8500,36831,3371,31596190
VSWS,N,20260617,DIVIDEND,EQ,Mirae Asset B 500 Dv,35.5500,35.6700,35.5300,35.6100,14125,55,502996
VSWS,N,20260617,DIVINEHIRA,ST,Divine Hira Jeweller,325.0000,325.5000,302.5000,313.9500,6800,17,2110300
VSWS,N,20260617,DIVISLAB,EQ,Divi's Laboratories,6730.0000,6759.5000,6641.0000,6663.5000,256856,26294,1715584740
VSWS,N,20260617,DIVOPPBEES,EQ,Nippon INft DivOpp50,77.4000,78.1600,77.2000,77.6100,27183,575,2112784
VSWS,N,20260617,DIVYADHAN,ST,Divyadhan Recycling,38.0000,38.0000,38.0000,38.0000,2000,1,76000
VSWS,N,20260617,DIXON,EQ,Dixon Technologies (,12325.0000,12888.0000,12325.0000,12833.0000,1686325,203700,21473953425
VSWS,N,20260617,DJML,EQ,DJ Mediaprint & Logi,107.4500,111.5900,105.0800,111.2700,428229,4820,46468328
VSWS,N,20260617,DLF,EQ,DLF,633.0500,633.7500,618.2000,623.5500,4073230,46897,2540671976
VSWS,N,20260617,DLINKINDIA,EQ,D-Link (India),510.6500,513.1500,507.0000,511.0000,123381,3665,62995087
VSWS,N,20260617,DMART,EQ,Avenue Supermarts,4215.1000,4307.0000,4202.3000,4287.5000,1183530,103243,5028173013
VSWS,N,20260617,DMCC,EQ,DMCC Speciality Chem,263.0000,263.0000,251.0000,252.6500,92737,2092,23604311
VSWS,N,20260617,DNAMEDIA,EQ,Diligent Media Corpo,2.9100,2.9700,2.8500,2.9300,27672,114,80448
VSWS,N,20260617,DODLA,EQ,Dodla Dairy,1100.0000,1110.0000,1091.6000,1099.9000,18205,3695,20079782
VSWS,N,20260617,DOLATALGO,EQ,Dolat Algotech,76.1900,78.3900,75.8100,77.0300,220977,2208,17085606
VSWS,N,20260617,DOLLAR,EQ,Dollar Industries,251.5000,259.7000,250.7500,257.4000,165074,5083,42365353
VSWS,N,20260617,DOLLEX,SM,Dollex Agrotech,30.0000,30.2500,30.0000,30.2500,8000,2,241000
VSWS,N,20260617,DOLPHIN,EQ,Dolphin Offshore Ent,398.9000,398.9000,386.1000,389.1000,4158,369,1620740
VSWS,N,20260617,DOMS,EQ,DOMS Industries,2206.0000,2349.0000,2200.0000,2323.9000,6390068,129578,14228557648
VSWS,N,20260617,DONEAR,EQ,Donear Industries,90.4800,91.8900,89.0000,89.8100,34134,535,3081952
VSWS,N,20260617,DPABHUSHAN,EQ,D P Abhushan,933.1000,933.1000,893.0500,914.5500,22610,1763,20585285
VSWS,N,20260617,DPEL,SM,Divine Power Energy,487.5000,487.5000,472.0500,479.5500,19500,39,9383300
VSWS,N,20260617,DPSCLTD,BE,India Power Corp,7.8600,7.8600,7.5000,7.6600,230104,613,1746710
VSWS,N,20260617,DPWIRES,EQ,D P Wires,179.9900,181.6500,176.0000,178.4200,10428,477,1866473
VSWS,N,20260617,DRAGARWQ,EQ,Dr Agrawal's Eye Hos,4989.8000,4999.9000,4810.1000,4923.3000,847,381,4167870
VSWS,N,20260617,DRCSYSTEMS,EQ,DRC Systems India,14.7400,14.7400,14.0000,14.1500,31212,188,444939
VSWS,N,20260617,DREAMFOLKS,EQ,Dreamfolks Services,73.5000,76.0100,72.1200,72.4200,84225,1888,6209625
VSWS,N,20260617,DREDGECORP,EQ,Dredging Corp,1094.0000,1169.0000,1093.9000,1120.8000,657128,31849,750292154
VSWS,N,20260617,DRONE,ST,Drone Destination,41.4500,41.9500,40.0000,40.7500,20500,41,834900
VSWS,N,20260617,DRREDDY,EQ,Dr Reddy's Lab,1276.0000,1277.4000,1260.9000,1269.0000,683616,38178,866705834
VSWS,N,20260617,DSFCL,EQ,DCM Shriram Fine Che,23.5200,23.5200,23.0600,23.4000,41352,458,968183
VSWS,N,20260617,DSSL,EQ,Dynacons Systems,1300.0000,1352.6000,1286.1000,1352.6000,91411,5972,121836956
VSWS,N,20260617,DTIL,EQ,Dhunseri Tea & Indus,138.7900,138.7900,134.0600,135.0000,1691,57,230254
VSWS,N,20260617,DTL,SM,Diensten Tech,120.5000,122.0000,120.5000,120.5000,3600,3,435600
VSWS,N,20260617,DUCOL,SM,Ducol Organics & Col,110.0000,110.0000,109.0500,110.0000,12000,7,1318840
VSWS,N,20260617,DUCON,BE,Ducon Infratechnolog,3.6900,3.7900,3.4500,3.6600,986885,360,3571546
VSWS,N,20260617,DUGLOBAL,ST,Dudigital Global,31.9000,32.3000,30.6000,32.3000,82500,23,2605625
VSWS,N,20260617,DURLAX,ST,Durlax Top Surface,49.9500,52.4000,47.5000,48.7000,286000,92,13739300
VSWS,N,20260617,DVL,EQ,Dhunseri Ventures,244.5000,245.0000,239.2100,243.6700,6105,219,1478920
VSWS,N,20260617,DWARKESH,EQ,Dwarikesh Sugar Indu,44.9900,45.2200,43.7100,43.7900,880838,3695,38745796
VSWS,N,20260617,DYCL,EQ,Dynamic Cables,328.0500,332.5500,321.1000,324.8000,255959,5591,83388187
VSWS,N,20260617,DYNAMATECH,EQ,Dynamatic Tech,10450.0000,10779.0000,10450.0000,10717.0000,10193,3411,108378236
VSWS,N,20260617,DYNAMIC,SM,Dynamic Services & S,157.9500,157.9500,154.0000,154.0000,6000,10,932525
VSWS,N,20260617,DYNPRO,EQ,Dynemic Products,233.5000,237.1000,228.0000,229.8500,33861,917,7805901
VSWS,N,20260617,E2E,EQ,E2E Networks,386.9000,398.9000,381.9000,386.4000,1236447,21685,481528963
VSWS,N,20260617,E2ERAIL,ST,E To E Transportatio,288.3500,295.0000,286.0500,293.0000,22400,24,6547200
VSWS,N,20260617,EASEMYTRIP,EQ,Easy Trip Planners,8.3200,8.4300,8.2300,8.2900,17900257,8518,148777635
VSWS,N,20260617,EASTSILK,BE,Eastern Silk Indus,46.8000,50.0000,46.8000,49.8300,1342,12,66997
VSWS,N,20260617,EBANKNIFTY,EQ,Edelweiss Nfty Bank,57.5600,57.9200,57.5500,57.8000,10064,26,579505
VSWS,N,20260617,EBBETF0430,EQ,BHARAT Bond ETF 2030,1602.0000,1602.0000,1585.5600,1596.0100,12974,379,20665834
VSWS,N,20260617,EBBETF0431,EQ,BHARAT Bond ETF - Ap,1424.9000,1424.9000,1421.3800,1422.5100,3444,85,4901047
VSWS,N,20260617,EBBETF0433,EQ,BHARAT Bond ETF-Apri,1296.5100,1299.9800,1295.2800,1298.0500,3969,86,5151771
VSWS,N,20260617,EBGNG,EQ,GNG Electronics,457.9000,464.5000,445.0000,451.3000,339052,11580,153981503
VSWS,N,20260617,ECAPINSURE,EQ,Edelweiss BSE Cap M,24.1000,24.2900,23.9900,24.1000,30975,190,747009
VSWS,N,20260617,ECLERX,EQ,eClerx Services,1448.8000,1472.0000,1425.0000,1456.4000,190252,18343,275391419
VSWS,N,20260617,ECOLINE,SM,Ecoline Exim,202.9500,203.0000,193.5000,194.9500,46000,38,9058500
VSWS,N,20260617,ECOSMOBLTY,BE,Ecos (I) Mobility &,131.4900,132.0000,128.0000,131.1700,37994,381,4956770
VSWS,N,20260617,EDELWEISS,EQ,Edelweiss Financial,121.0100,124.7000,119.3400,120.4300,11066335,68711,1347476686
VSWS,N,20260617,EEPL,SM,Eppeltone Engineers,96.5500,97.2000,96.0000,96.5000,9000,9,869100
VSWS,N,20260617,EFACTOR,SM,E Factor Experiences,182.5000,190.0000,181.0500,188.9000,6400,14,1195260
VSWS,N,20260617,EFCIL,EQ,EFC (I),192.2000,193.9900,185.3000,187.6100,924105,6037,173808132
VSWS,N,20260617,EFFWA,ST,Effwa Infra & Resear,326.0500,345.7500,322.8000,345.3000,78400,128,26600840
VSWS,N,20260617,EFORCE,SM,Electro Force (India,22.5000,22.9500,22.0000,22.2000,13200,11,295020
VSWS,N,20260617,EGOLD,EQ,Edelweiss Gold ETF,150.5000,150.5000,149.2000,149.8000,304074,324,45548923
VSWS,N,20260617,EICHERMOT,EQ,Eicher Motors,7560.5000,7578.5000,7452.5000,7509.0000,404085,36969,3037785191
VSWS,N,20260617,EIDPARRY,EQ,EID Parry,741.9000,742.1000,705.0000,732.6000,299197,15381,219160196
VSWS,N,20260617,EIEL,EQ,Enviro Infra Enginee,195.2000,196.7900,192.6100,195.1800,1008876,14715,196668445
VSWS,N,20260617,EIFFL,EQ,Euro India Fresh Foo,249.8800,298.5700,249.8800,298.5700,329317,4345,96432231
VSWS,N,20260617,EIHAHOTELS,EQ,EIH Associated Hotel,307.2000,319.4500,307.2000,315.4500,10408,572,3258518
VSWS,N,20260617,EIHOTEL,EQ,E I H,305.9000,317.3000,305.8500,314.9000,170927,5994,53467391
VSWS,N,20260617,EIMCOELECO,EQ,Eimco Elecon,1629.0000,1641.5000,1612.0000,1627.5000,7633,1183,12443624
VSWS,N,20260617,EKC,EQ,Everest Kanto Cylind,112.1700,112.7500,109.9200,111.5800,113780,2121,12688667
VSWS,N,20260617,ELANTAS,EQ,Elantas Beck India,10116.0000,10470.5000,9976.5000,10299.0000,1500,868,15150443
VSWS,N,20260617,ELCIDIN,EQ,Elcid Investments,118500.0000,118570.0000,116500.0000,118150.0000,19,19,2244110
VSWS,N,20260617,ELDEHSG,EQ,Eldeco Housing,775.0500,793.7000,775.0500,777.4500,890,72,693975
VSWS,N,20260617,ELECON,EQ,Elecon Engineering,559.3000,566.4500,553.3500,558.6500,415123,13797,232547471
VSWS,N,20260617,ELECTCAST,EQ,Electrosteel Casting,77.3000,79.8000,77.0100,79.0100,2304868,14994,181677335
VSWS,N,20260617,ELECTHERM,EQ,Electrotherm (India),1141.0500,1176.0000,1089.0000,1119.8500,54058,4425,61855534
VSWS,N,20260617,ELGIEQUIP,EQ,Elgi Equipments,601.2000,614.7000,599.0000,600.1000,270122,14931,163073341
VSWS,N,20260617,ELGIRUBCO,EQ,Elgi Rubber Company,50.9500,52.8000,48.5000,49.8300,78858,929,3996892
VSWS,N,20260617,ELGNZ,SM,Eleganz Interiors,75.0000,76.7000,75.0000,76.7000,2000,2,151700
VSWS,N,20260617,ELIN,EQ,Elin Electronics,108.5200,108.5200,105.4800,105.9900,52591,1443,5614775
VSWS,N,20260617,ELIQUID,EQ,Edelweiss Nifty 1d R,1035.3900,1035.3900,1035.3700,1035.3900,14090,14,14588635
VSWS,N,20260617,ELITECON,EQ,Elitecon Internation,29.9300,30.4200,28.9000,29.1000,1151520,6135,33779640
VSWS,N,20260617,ELLEN,EQ,Ellenbarrie Industri,280.7000,286.0000,279.0500,281.4500,164090,4101,46465150
VSWS,N,20260617,ELM250,EQ,Edelweiss Nifty Larg,16.3500,16.5000,16.3300,16.4100,326204,102,5374069
VSWS,N,20260617,ELPROINTL,EQ,Elpro International,169.5500,170.9900,168.2800,169.4900,33540,250,5675442
VSWS,N,20260617,EMAMILTD,EQ,Emami,401.8000,401.9500,397.0000,400.1500,183805,11515,73420176
VSWS,N,20260617,EMAMIPAP,EQ,Emami Paper Mills,85.8000,87.0000,84.5000,85.5500,18319,256,1567958
VSWS,N,20260617,EMAMIREAL,BE,Emami Realty,94.9800,94.9800,92.0500,93.0200,15027,121,1413546
VSWS,N,20260617,EMAPARTNER,SM,EMA Partners India,85.3500,86.9000,83.0000,84.9500,11000,9,930000
VSWS,N,20260617,EMBDL,EQ,Embassy Developments,66.0000,66.2400,63.5000,64.2100,3293611,18406,213045347
VSWS,N,20260617,EMCURE,EQ,Emcure Pharmaceutica,1748.0000,1760.0000,1704.8000,1725.7000,196957,14358,339327195
VSWS,N,20260617,EMIL,EQ,Electronics Mart (I),112.0000,122.9500,112.0000,118.4700,5667961,49135,668697641
VSWS,N,20260617,EMKAY,EQ,Emkay Global & Fin,295.4300,300.0000,289.0100,290.6800,47909,1254,14021468
VSWS,N,20260617,EMKAYTOOLS,SM,Emkay Taps & Cutting,95.6000,98.7500,92.7000,96.0500,1500,10,143663
VSWS,N,20260617,EMMBI,EQ,Emmbi Industries,92.4500,94.0000,89.0000,92.2900,14505,315,1333911
VSWS,N,20260617,EMMIL,SM,Energy Mission Machi,123.5000,125.5000,123.0000,123.7000,4000,15,496500
VSWS,N,20260617,EMMVEE,EQ,Emmvee Photovoltaic,336.9000,345.4500,334.3000,343.2500,3284239,33729,1118710187
VSWS,N,20260617,EMPOWER,BE,Empower India,1.8300,1.8900,1.8300,1.8900,7764225,887,14469883
VSWS,N,20260617,EMSLIMITED,EQ,EMS,315.7000,352.9500,313.3000,341.8500,5142035,104508,1756617239
VSWS,N,20260617,EMUDHRA,EQ,eMudhra,462.9500,466.0000,454.3000,459.3000,85330,5862,39032432
VSWS,N,20260617,EMULTIMQ,EQ,Edelweiss Nfty500 MM,42.3700,43.0200,42.3700,42.8700,75966,152,3255725
VSWS,N,20260617,ENCOMPAS,SM,Encompass Design Ind,225.0000,242.9000,223.1000,238.9500,66400,42,15354000
VSWS,N,20260617,ENDURANCE,EQ,Endurance Technologi,2601.7000,2618.9000,2560.1000,2584.6000,42516,12137,109940599
VSWS,N,20260617,ENERGY,EQ,Mirae Asset Nifty En,40.3600,40.5000,39.9800,40.4400,423511,1196,17038880
VSWS,N,20260617,ENERGYDEV,EQ,Energy Development,16.4200,17.8500,16.4200,16.9800,93344,449,1605991
VSWS,N,20260617,ENEXT50,EQ,Edelweiss Nifty Next,71.1300,71.6900,71.1300,71.3000,832,9,59388
VSWS,N,20260617,ENFUSE,SM,Enfuse Solutions,170.0000,170.0000,170.0000,170.0000,600,1,102000
VSWS,N,20260617,ENGINERSIN,EQ,Engineers India,233.5000,244.6500,233.5000,243.1900,6865480,59857,1661159243
VSWS,N,20260617,ENIFTY,EQ,Edelweiss Nifty 50 E,24.6600,24.6600,24.0400,24.1300,2093,43,50418
VSWS,N,20260617,ENIL,EQ,Entertainment Networ,110.9500,111.0900,107.5100,108.1700,20600,504,2246888
VSWS,N,20260617,ENRIN,EQ,Siemens Energy India,3615.0000,3797.9000,3610.0000,3785.2000,797487,84679,2970643247
VSWS,N,20260617,ENSER,ST,Enser Communications,16.9000,17.0500,16.2000,16.9000,40000,7,675250
VSWS,N,20260617,ENTERO,EQ,Entero Healthcare So,1130.0000,1130.0000,1102.1000,1109.4000,68345,5109,76176780
VSWS,N,20260617,ENVIRO,SM,Envirotech Systems,77.7500,82.0000,76.2500,81.0000,20000,20,1598950
VSWS,N,20260617,EPACK,EQ,EPACK Durable,232.0000,235.2500,230.2000,231.2400,526508,5845,122833837
VSWS,N,20260617,EPACKPEB,EQ,Epack Prefab Technol,249.9000,256.9900,246.0000,247.3200,1124744,13588,282311740
VSWS,N,20260617,EPIGRAL,EQ,Epigral,1149.6000,1155.0000,1123.1000,1131.0000,26441,2285,30022806
VSWS,N,20260617,EPL,EQ,EPL,229.8900,237.9900,229.2900,233.0100,835636,14918,196523200
VSWS,N,20260617,EQUAL200,EQ,Mirae Asset BSE 200,13.5500,13.6300,13.5200,13.6300,19993,41,271377
VSWS,N,20260617,EQUAL50,EQ,Mirae Asset Nifty50,328.2700,328.7700,327.4400,327.4400,303,9,99224
VSWS,N,20260617,EQUAL50ADD,EQ,DSP Nifty 50 Equal W,340.7600,340.7600,337.9000,338.6700,6095,221,2064762
VSWS,N,20260617,EQUIPPP,BE,Equippp Social Impac,19.5100,20.4800,19.5100,20.1100,54126,87,1098178
VSWS,N,20260617,EQUITASBNK,EQ,Equitas Small Financ,79.3000,79.3000,77.7600,78.6500,3409171,18484,268580789
VSWS,N,20260617,ERIS,EQ,Eris Lifesciences,1384.0000,1415.0000,1377.1000,1411.1000,44785,8149,62906060
VSWS,N,20260617,ESABINDIA,EQ,Esab India,5685.0000,5749.5000,5685.0000,5723.5000,2861,1016,16364039
VSWS,N,20260617,ESAFSFB,EQ,ESAF Small Finance B,31.2100,32.0000,30.6500,30.8300,2478686,9524,77958784
VSWS,N,20260617,ESCONET,ST,Esconet Technologies,114.9000,117.5000,114.9000,117.2500,18000,40,2105660
VSWS,N,20260617,ESCORTS,EQ,Escorts Kubota,2838.6000,2875.1000,2822.2000,2831.0000,59696,9881,169389122
VSWS,N,20260617,ESENSEX,EQ,Edelweiss BSE Sensex,77.4400,77.5200,76.4300,77.1400,504,22,38966
VSWS,N,20260617,ESFL,ST,Essen Speciality Fil,121.4000,123.0000,117.0000,120.4500,21240,33,2559744
VSWS,N,20260617,ESG,EQ,Mirae Asst Nifty 100,41.0000,41.2400,41.0000,41.1900,7227,71,297332
VSWS,N,20260617,ESILVER,EQ,Edelweiss Silver ETF,246.4400,246.9000,244.1100,245.0100,29866,1165,7323709
VSWS,N,20260617,ESPRIT,SM,Esprit Stones,66.7500,66.9500,66.0000,66.9500,8000,5,533760
VSWS,N,20260617,ESSARSHPNG,EQ,Essar Shipping,24.3900,24.8000,23.7500,24.1200,189695,972,4581240
VSWS,N,20260617,ESSENTIA,BE,Integra Essentia,1.4200,1.4400,1.4000,1.4100,971157,847,1377391
VSWS,N,20260617,ESTER,EQ,Ester Industries,92.9900,92.9900,89.9100,90.7800,126602,1294,11509284
VSWS,N,20260617,ETERNAL,EQ,Eternal,254.0000,262.5000,253.2000,258.4000,33196297,182819,8609342019
VSWS,N,20260617,ETHOSLTD,EQ,Ethos,2400.1000,2436.9000,2364.2000,2400.4000,15804,3418,37829495
VSWS,N,20260617,ETL,SM,Emkay Tools,1030.0000,1030.0000,1030.0000,1030.0000,150,1,154500
VSWS,N,20260617,ETML,SM,Emerald Tyre Manufac,80.0000,83.5000,80.0000,82.8500,93600,26,7715340
VSWS,N,20260617,EUREKAFORB,EQ,Eureka Forbes,458.2000,468.2500,456.3000,464.5000,76999,6211,35580576
VSWS,N,20260617,EUROBOND,EQ,Euro Panel Products,183.7400,184.0000,176.7000,179.4600,5978,222,1085525
VSWS,N,20260617,EUROPRATIK,EQ,Euro Pratik Sales,281.1000,283.4500,272.4500,276.4000,188162,3377,52203827
VSWS,N,20260617,EUROTEXIND,BE,Eurotex Industries,19.3000,19.3000,18.3200,19.0900,1836,20,34429
VSWS,N,20260617,EVEREADY,EQ,Eveready Industries,345.8500,369.0000,345.0000,361.3500,1170614,15821,424691888
VSWS,N,20260617,EVERESTIND,EQ,Everest Industries,346.9000,379.0000,341.5500,371.3000,134724,4737,48645093
VSWS,N,20260617,EVIETF,EQ,Icici Pru Nfty Ev &,31.3000,31.5000,31.1800,31.4100,96628,492,3030239
VSWS,N,20260617,EVINDIA,EQ,Mirae A Nifty EV & N,31.6300,31.6300,31.2400,31.4000,145168,1436,4562626
VSWS,N,20260617,EXCELINDUS,EQ,Excel Industries,929.0000,939.8000,922.0000,926.1000,3888,383,3617965
VSWS,N,20260617,EXCELLENT,ST,Excellent Wires & Pa,198.0000,198.0000,197.9000,197.9000,9600,6,1900160
VSWS,N,20260617,EXCELSOFT,EQ,Excelsoft Technologi,79.5800,82.3000,79.5800,80.0900,520900,3887,42012802
VSWS,N,20260617,EXICOM,EQ,Exicom Tele-systems,167.2100,168.5000,162.2000,165.0500,4479773,27342,740923503
VSWS,N,20260617,EXIDEIND,EQ,Exide Industries,388.6500,390.8500,386.4000,388.4000,1037390,20129,403305160
VSWS,N,20260617,EXIMROUTES,SM,Exim Routes,109.0000,112.0000,105.0000,109.6000,15200,4,1658200
VSWS,N,20260617,EXPLEOSOL,EQ,Expleo Solutions,832.2500,840.0000,821.0000,831.6500,16265,1368,13475042
VSWS,N,20260617,EXXARO,EQ,Exxaro Tiles,7.0000,7.1100,6.5000,6.6800,891399,1170,5958066
VSWS,N,20260617,FABTECH,EQ,Fabtech Technologies,158.4300,161.2100,155.4100,158.9200,237229,5207,37725351
VSWS,N,20260617,FACT,EQ,Fert & Chem Travan,990.8000,994.9500,964.0000,967.6000,934315,30024,909596602
VSWS,N,20260617,FAIRCHEMOR,EQ,Fairchem Organics,604.9000,615.0000,591.2000,600.9500,6649,1190,4030516
VSWS,N,20260617,FALCONTECH,SM,Falcon Technoproject,12.8000,12.8000,12.4000,12.4000,117600,75,1465920
VSWS,N,20260617,FAZE3Q,EQ,Faze Three,544.7000,565.6500,543.2000,565.6500,34073,1091,19110168
VSWS,N,20260617,FCL,EQ,Fineotex Chemical,43.7000,45.7000,43.5500,44.8300,23869214,42470,1070918837
VSWS,N,20260617,FCSSOFT,BE,FCS Software Solutio,1.5600,1.5600,1.5600,1.5600,846889,699,1321147
VSWS,N,20260617,FDC,EQ,F D C,385.7000,386.3000,380.0000,380.8000,84568,5485,32300832
VSWS,N,20260617,FEDDERSHOL,EQ,Fedders Holding,35.8700,36.4600,35.0100,35.7400,404218,1624,14417218
VSWS,N,20260617,FEDERALBNK,EQ,Federal Bank,320.6500,323.6000,319.3000,322.7000,9029691,48490,2903267706
VSWS,N,20260617,FEDFINA,EQ,Fedbank Financial Se,162.9000,163.9000,158.5100,159.6400,675961,10815,108561631
VSWS,N,20260617,FEL,BZ,Future Enterprises,0.4200,0.4300,0.4100,0.4200,128106,112,53808
VSWS,N,20260617,FELDVR,BZ,Future Enter Type B,2.7200,2.7200,2.5600,2.6500,4335,21,11200
VSWS,N,20260617,FELIX,SM,Felix Industries,183.0000,185.0000,182.0000,182.0500,13500,26,2477825
VSWS,N,20260617,FERMENTA,EQ,Fermenta Biotech,322.0000,340.0000,316.2500,321.8000,142723,3735,46823502
VSWS,N,20260617,FIBERWEB,EQ,Fiberweb (India),29.5900,29.7000,28.7700,29.3900,29069,207,852463
VSWS,N,20260617,FIDEL,SM,Fidel Softech,155.1500,155.1500,155.1500,155.1500,2000,2,310300
VSWS,N,20260617,FIEMIND,EQ,Fiem Industries,2354.5000,2370.2000,2298.4000,2307.2000,37315,7583,86786857
VSWS,N,20260617,FILATEX,EQ,Filatex India,53.4000,53.7000,52.5100,53.1000,718482,3609,38112655
VSWS,N,20260617,FILATFASH,BE,Filatex Fashions,0.2100,0.2200,0.2100,0.2100,47755202,2879,10332507
VSWS,N,20260617,FINBUD,SM,Finbud Financial Ser,129.8000,129.8000,123.0000,124.0500,31000,27,3864250
VSWS,N,20260617,FINCABLES,EQ,Finolex Cables,1059.9000,1140.0000,1056.1000,1120.0000,897747,39735,983383021
VSWS,N,20260617,FINEORG,EQ,Fine Organic Industr,5037.0000,5087.9000,4952.0000,4990.6000,12732,3501,63809096
VSWS,N,20260617,FINIETF,EQ,ICICI Pru Nif Fin Se,32.2000,32.3400,32.0300,32.2200,331207,1485,10650645
VSWS,N,20260617,FINKURVE,EQ,Finkurve Financial,73.0200,75.0000,69.9100,71.5700,69406,729,4991070
VSWS,N,20260617,FINOPB,EQ,Fino Payments Bank,137.5000,140.9800,136.2500,139.9100,178942,2149,24762764
VSWS,N,20260617,FINPIPE,EQ,Finolex Industries,171.6000,174.9900,169.2600,173.0600,9192853,51828,1571376060
VSWS,N,20260617,FIRSTCRY,EQ,Brainbees Solutions,220.2000,221.7700,218.0000,218.3300,601361,10306,131948526
VSWS,N,20260617,FISCHER,EQ,Fischer Medical Vent,34.5400,35.4900,34.1900,34.7100,1027749,2063,35714595
VSWS,N,20260617,FIVESTAR,EQ,Five-Star Business F,468.9500,491.7500,467.0000,485.5500,2954565,62175,1429853384
VSWS,N,20260617,FLAIR,EQ,Flair Writing Indust,270.0000,278.2500,268.2000,275.4500,191824,3337,52556058
VSWS,N,20260617,FLEXIADD,EQ,DSP Nifty500 Flexica,9.8500,9.8800,9.8100,9.8600,68500,210,674430
VSWS,N,20260617,FLEXITUFF,BE,Flexituff Ventur Int,6.9000,6.9500,6.7000,6.8400,25960,43,176283
VSWS,N,20260617,FLFL,BZ,Future Lifestyle Fas,1.3000,1.3800,1.2800,1.2900,72431,94,95700
VSWS,N,20260617,FLUOROCHEM,EQ,Gujarat Flurochemica,3678.9000,3698.0000,3627.0000,3675.8000,60953,6943,223354937
VSWS,N,20260617,FLYSBS,SM,FlySBS Aviation,472.0000,512.8000,463.0500,500.4000,179400,685,87793500
VSWS,N,20260617,FMCGADD,EQ,DSP Nifty FMCG ETF,49.7800,49.9500,49.4300,49.6700,6453,45,320434
VSWS,N,20260617,FMCGIETF,EQ,ICICI Pru Nifty FMCG,53.1200,53.4300,52.9000,53.0000,879068,2895,46715767
VSWS,N,20260617,FMGOETZE,EQ,Federal-Mogul Goetze,439.5000,446.7000,437.0000,443.6000,28582,862,12669772
VSWS,N,20260617,FMNL,BE,Future Market Networ,10.4300,10.9000,9.9600,10.2500,44722,97,471454
VSWS,N,20260617,FOCE,SM,Foce India,602.0000,603.0000,601.0000,603.0000,1920,4,1156320
VSWS,N,20260617,FOCUS,EQ,Focus Lighting & Fix,93.2800,93.9800,90.2500,92.7200,222961,2031,20521305
VSWS,N,20260617,FONEBOX,SM,Fonebox Retail,81.5000,81.5000,81.5000,81.5000,1000,1,81500
VSWS,N,20260617,FOODSIN,EQ,Foods & Inns,56.9500,57.3900,56.1400,56.7700,50463,532,2870736
VSWS,N,20260617,FORCAS,SM,Forcas Studio,95.4500,95.5000,95.4500,95.5000,3200,2,305520
VSWS,N,20260617,FORCEMOT,EQ,Force Motors,18525.0000,18887.0000,18455.0000,18691.0000,75150,20222,1403488532
VSWS,N,20260617,FORTIS,EQ,Fortis Healthcare,972.8000,972.8000,942.8000,949.6500,2304366,59907,2190108309
VSWS,N,20260617,FOSECOIND,EQ,Foseco India,5272.1000,5320.1000,5163.1000,5289.0000,5014,996,26376079
VSWS,N,20260617,FRACTAL,EQ,Fractal Analytics,1006.0000,1028.4000,969.9000,973.1000,631773,23508,631135084
VSWS,N,20260617,FRESHARA,SM,Freshara Agro Export,221.0000,250.0000,217.0000,248.6500,205200,243,49009830
VSWS,N,20260617,FROG,ST,Frog Innovations,164.0000,169.2000,160.2000,165.5000,17200,39,2816680
VSWS,N,20260617,FRONTSP,EQ,Frontier Springs,1488.0000,1488.0000,1452.7000,1467.0000,13463,2087,19766711
VSWS,N,20260617,FSL,EQ,Firstsource Solution,243.4500,246.9500,242.3000,243.8500,1036303,25350,253583645
VSWS,N,20260617,FUSION,EQ,Fusion Finance,182.0000,184.8000,177.2700,177.7000,523067,7000,94174237
VSWS,N,20260617,FWSTC,SM,Flywings Simulator T,165.0000,170.0000,165.0000,170.0000,1800,3,300000
VSWS,N,20260617,GABRIEL,EQ,Gabriel India,1142.1000,1154.9000,1116.1000,1123.2000,341020,23363,386881898
VSWS,N,20260617,GAEL,EQ,Gujarat Amb Exports,157.7000,158.4000,155.0000,155.4900,801890,12774,125058194
VSWS,N,20260617,GAIL,EQ,Gail (India),176.3200,177.1000,174.5100,175.0300,4400943,43646,772637532
VSWS,N,20260617,GALAPREC,EQ,Gala Precision Engin,1041.1000,1060.9000,1008.4000,1034.1000,90325,5269,93340284
VSWS,N,20260617,GALAXYSURF,EQ,Galaxy Surfactants,1797.5000,1810.0000,1768.5000,1773.0000,5276,1393,9429876
VSWS,N,20260617,GALLANTT,EQ,Gallantt Ispat,685.0000,713.2000,679.8000,713.2000,294379,6434,208950813
VSWS,N,20260617,GANDHAR,EQ,Gandhar Oil Refinery,158.1000,159.5000,155.7100,156.1500,336058,3827,52876594
VSWS,N,20260617,GANDHITUBE,EQ,Gandhi Special Tubes,859.0000,859.0000,848.0500,851.6000,3757,265,3202615
VSWS,N,20260617,GANECOS,EQ,Ganesha Ecosphere,910.0500,953.0000,904.6500,944.5500,139123,8144,129413984
VSWS,N,20260617,GANESHBE,EQ,Ganesh Benzoplast,104.9900,105.8400,99.7500,101.5800,529995,4832,54260661
VSWS,N,20260617,GANESHCP,EQ,Ganesh Consumer Prod,205.6200,205.6200,203.0300,203.9800,25061,657,5113940
VSWS,N,20260617,GANESHHOU,EQ,Ganesh Housing,762.0000,771.4500,759.0500,766.8500,16658,1232,12758820
VSWS,N,20260617,GANESHIN,ST,Ganesh Infraworld,108.4500,108.4500,108.4500,108.4500,64800,32,7027560
VSWS,N,20260617,GANGABATH,SM,Ganga Bath Fittings,23.6500,23.7500,23.4000,23.4000,18000,6,424200
VSWS,N,20260617,GANGAFORGE,EQ,Ganga Forging,2.5900,2.6500,2.4900,2.5400,521982,372,1327329
VSWS,N,20260617,GANGESSECU,EQ,Ganges Securities,125.4100,126.8000,122.6000,123.2400,1317,38,164349
VSWS,N,20260617,GARFIBRES,EQ,Garware Technical,682.5000,698.0000,681.0500,694.7500,33249,3885,23026838
VSWS,N,20260617,GARUDA,EQ,Garuda Const & Engin,171.0000,175.6500,170.6400,171.1100,443713,6794,76559716
VSWS,N,20260617,GATECH,EQ,GACM Technologies,0.5300,0.5300,0.5100,0.5100,4638150,872,2413582
VSWS,N,20260617,GATECHDVR,EQ,GACM Techno Type B,0.4800,0.4800,0.4600,0.4700,354241,122,166711
VSWS,N,20260617,GATEWAY,EQ,Gateway Distriparks,58.7700,61.0000,58.1100,60.1100,1972039,15789,117459695
VSWS,N,20260617,GAUDIUMIVF,BE,Gaudium IVF And Wome,105.0000,105.0000,103.9500,104.5000,209594,504,21905026
VSWS,N,20260617,GAYAHWS,EQ,Gayatri Highways,2.2600,2.3100,2.1500,2.2200,408539,425,912754
VSWS,N,20260617,GAYAPROJ,BE,Gayatri Projects,25.2900,25.2900,24.3000,25.2600,2517674,2709,63422020
VSWS,N,20260617,GCHOTELS,SM,Grand Continent Hote,123.0000,129.5000,122.9500,125.2000,58200,82,7359390
VSWS,N,20260617,GCSL,EQ,Gretex Corporate Ser,432.2500,436.5000,426.0000,428.1500,1196601,4697,513073631
VSWS,N,20260617,GEECEE,EQ,GeeCee Ventures,328.2500,345.8000,320.3500,337.4500,10315,480,3433120
VSWS,N,20260617,GEEKAYWIRE,EQ,Geekay Wires,24.8400,26.5000,24.8000,25.4200,188647,1455,4845490
VSWS,N,20260617,GEMAROMA,EQ,Gem Aromatics,190.5000,190.5000,183.2800,184.5000,101503,1240,18803568
VSWS,N,20260617,GENCON,EQ,Generic Eng Con & Pr,38.4200,38.7500,37.6000,38.0600,490008,579,18712933
VSWS,N,20260617,GENESYS,EQ,Genesys Intl,320.4500,352.4500,319.2500,350.1000,1874191,22915,644174702
VSWS,N,20260617,GENUSPAPER,EQ,Genus Paper & Boards,12.1500,12.4800,12.0300,12.2300,45177,300,553743
VSWS,N,20260617,GENUSPOWER,EQ,Genus Power Infrastr,328.9000,337.1000,327.0000,329.4500,1162797,19358,386035907
VSWS,N,20260617,GENXAI,ST,GenXAI Analytics,97.8500,97.8500,93.0000,94.3500,178800,113,16772100
VSWS,N,20260617,GEOJITFSL,EQ,Geojit Financial Ser,78.0000,79.5000,77.4600,79.0900,506489,3904,39954449
VSWS,N,20260617,GESHIP,EQ,GE Shipping,1416.0000,1433.5000,1396.3000,1404.4000,372838,26088,524715693
VSWS,N,20260617,GFLLIMITED,EQ,GFL,48.6000,48.6000,47.0000,47.4000,62065,1765,2952858
VSWS,N,20260617,GGBL,SM,Ganesh Green Bharat,322.5000,325.5000,298.2500,305.0000,87900,254,27214575
VSWS,N,20260617,GHCL,EQ,GHCL,458.0000,461.0000,449.8000,457.0500,1024576,14418,466463441
VSWS,N,20260617,GHCLTEXTIL,EQ,GHCL Textiles,95.0000,97.1300,93.3100,93.8400,457916,3457,43582486
VSWS,N,20260617,GICHSGFIN,EQ,GIC Housing Finance,160.8100,161.8000,160.2100,161.1000,148694,2128,23960091
VSWS,N,20260617,GICL,EQ,Globe International,23.5300,23.8300,22.9000,22.9500,142051,539,3299528
VSWS,N,20260617,GICRE,EQ,General Insurance Co,351.0000,356.2500,346.7000,353.4000,10648643,75234,3746975469
VSWS,N,20260617,GILLANDERS,EQ,Gillanders Arbuthnot,91.8000,92.8500,89.7100,92.6300,1071,27,97863
VSWS,N,20260617,GILLETTE,EQ,Gillette India,7824.5000,8014.5000,7824.5000,7856.0000,68481,13717,541932079
VSWS,N,20260617,GILT10BETA,EQ,UTI Nifty 10 Y Bench,26.2200,26.5600,26.0400,26.0400,953,32,24837
VSWS,N,20260617,GILT5BETA,EQ,UTI Nifty 5 Yr Bench,65.8700,65.8700,65.0500,65.0700,225,7,14684
VSWS,N,20260617,GILT5YBEES,EQ,Nippon INft 5Y GSec,65.3600,65.7800,65.3600,65.4600,209619,564,13735480
VSWS,N,20260617,GINNIFILA,EQ,Ginni Filaments,44.0000,45.0900,42.5000,44.9300,79906,835,3536276
VSWS,N,20260617,GIPCL,EQ,Gujarat Ind Power,164.0000,164.9900,163.1300,164.1000,309146,3890,50738199
VSWS,N,20260617,GIRIRAJ,SM,Giriraj Civil Develo,127.0000,135.0000,127.0000,135.0000,500,2,65500
VSWS,N,20260617,GJL,ST,Grover Jewells,157.0000,157.8000,157.0000,157.8000,1600,2,251840
VSWS,N,20260617,GKENERGY,EQ,GK Energy,149.7000,153.0000,145.0000,145.9400,1063904,13480,158483211
VSWS,N,20260617,GKSL,EQ,Gujarat Kidney And S,128.7500,130.3900,127.0000,127.9300,181206,2561,23197439
VSWS,N,20260617,GKWLIMITED,EQ,G K W,1849.0000,1849.0000,1810.0000,1812.7000,435,60,795429
VSWS,N,20260617,GLAND,EQ,Gland Pharma,2199.8000,2210.3000,2167.8000,2197.6000,847424,28108,1862427963
VSWS,N,20260617,GLAXO,EQ,Glaxosmithkline Phar,2210.0000,2213.0000,2171.0000,2199.8000,230873,18990,505826334
VSWS,N,20260617,GLENMARK,EQ,Glenmark Pharma,2128.0000,2170.5000,2101.0000,2136.6000,408436,27805,874155091
VSWS,N,20260617,GLFL,BE,Gujarat Lease Fin,6.8300,6.8300,6.8300,6.8300,2808,13,19179
VSWS,N,20260617,GLOBAL,EQ,Global Education,102.7000,105.4000,102.7000,104.3700,50641,448,5268451
VSWS,N,20260617,GLOBALE,BE,Globale Tessile,11.6500,12.3500,11.6000,12.2300,4694,26,56988
VSWS,N,20260617,GLOBALPET,ST,Global Pet Industrie,150.1000,150.1000,150.0000,150.0000,1500,2,225075
VSWS,N,20260617,GLOBALVECT,EQ,Global Vectra Helico,160.6000,163.9900,159.2300,160.6000,3555,211,571741
VSWS,N,20260617,GLOBE,EQ,Globe Enterprises (I,2.3500,2.3500,2.1600,2.2700,417838,274,951733
VSWS,N,20260617,GLOBECIVIL,BE,Globe Civil Projects,44.6500,45.8300,43.7500,45.2500,43660,250,1972305
VSWS,N,20260617,GLOBUSSPR,EQ,Globus Spirits,869.8000,874.9500,860.4000,870.3000,39930,2300,34652736
VSWS,N,20260617,GLOSTERLTD,EQ,Gloster,688.5000,688.5000,682.0000,683.8500,2477,145,1695248
VSWS,N,20260617,GLOTTIS,BE,Glottis,67.9000,67.9000,67.0000,67.2900,32158,666,2163444
VSWS,N,20260617,GMBREW,EQ,GM Breweries,912.0000,923.5000,911.0000,918.2000,22352,1401,20482295
VSWS,N,20260617,GMDCLTD,EQ,Gujarat Mineral Deve,622.0000,631.9000,614.4000,620.5500,1842539,30501,1148632311
VSWS,N,20260617,GML,SM,Galaxy Medicare,18.5500,19.3000,18.5500,19.3000,4000,2,75700
VSWS,N,20260617,GMMPFAUDLR,EQ,GMM Pfaudler,784.0500,809.0000,784.0500,794.5500,101399,6350,80757274
VSWS,N,20260617,GMRAIRPORT,EQ,GMR Airports,107.9600,109.5600,107.1700,109.3200,13734304,53227,1491973919
VSWS,N,20260617,GMRP&UI,EQ,GMR Power & Urban In,106.0000,108.5000,104.6800,105.0600,1940601,12389,205852508
VSWS,N,20260617,GNA,EQ,GNA Axles,383.5000,395.0000,381.3000,392.4000,110682,3871,43001020
VSWS,N,20260617,GNFC,EQ,G N F C,538.8000,562.9000,537.4500,559.2500,1634180,45501,906668213
VSWS,N,20260617,GNRL,EQ,Gujarat Natural Reso,88.5000,88.5000,85.2000,86.1300,239429,2766,20702520
VSWS,N,20260617,GOACARBON,EQ,Goa Carbon,406.1000,411.8500,399.0500,407.4000,11364,494,4604004
VSWS,N,20260617,GOCLCORP,EQ,GOCL Corporation,403.4500,411.9500,399.5000,403.3000,61259,1990,24792035
VSWS,N,20260617,GOCOLORS,EQ,Go Fashion (India),378.0500,387.8000,360.5500,365.4500,1021471,11940,383741321
VSWS,N,20260617,GODAVARIB,EQ,Godavari Biorefineri,305.0000,308.0000,295.0000,297.5000,188039,4251,56418338
VSWS,N,20260617,GODFRYPHLP,EQ,Godfrey Phillips,2246.0000,2258.0000,2238.5000,2249.0000,151986,9857,341676790
VSWS,N,20260617,GODIGIT,EQ,Go Digit General Ins,297.0000,297.1000,293.4000,295.1000,171232,8461,50475007
VSWS,N,20260617,GODREJAGRO,EQ,Godrej Agrovet,582.8000,585.5000,573.0000,573.8500,114904,7487,66458891
VSWS,N,20260617,GODREJCP,EQ,Godrej Consumer Prod,1040.0000,1041.3000,1015.1000,1020.0000,613139,20005,629606551
VSWS,N,20260617,GODREJIND,EQ,Godrej Industries,1061.1000,1074.4000,1045.0000,1052.2000,79677,7441,84083096
VSWS,N,20260617,GODREJPROP,EQ,Godrej Properties,1750.0000,1794.8000,1739.2000,1788.3000,662046,28358,1175909426
VSWS,N,20260617,GOKEX,EQ,Gokaldas Exports,714.8500,738.8500,704.5000,729.8500,765556,22007,551970090
VSWS,N,20260617,GOKUL,EQ,Gokul Refoils & Sol,41.5000,43.5000,41.3100,42.5000,244863,1397,10356153
VSWS,N,20260617,GOKULAGRO,EQ,Gokul Agro Resources,223.0600,229.3500,222.1800,228.4100,511508,8261,115494954
VSWS,N,20260617,GOLD1,EQ,Kotak - Gold ETF,125.3300,125.5000,124.4100,124.7800,1192114,7351,148731960
VSWS,N,20260617,GOLD360,EQ,360 One Gold ETF,146.4000,146.8000,145.4000,146.3500,11171,194,1628560
VSWS,N,20260617,GOLDADD,EQ,DSP Gold ETF,145.2200,145.5400,145.0000,145.2800,94080,780,13666835
VSWS,N,20260617,GOLDBEES,EQ,Nippon India ETF Gol,124.0100,124.0100,123.3200,123.7500,14080501,62790,1741531412
VSWS,N,20260617,GOLDBETA,EQ,UTI - Gold ETF,125.8000,126.5000,125.6500,125.9000,239380,1816,30131748
VSWS,N,20260617,GOLDBND,EQ,Bandhan Gold ETF,150.0500,150.4500,148.5000,149.0400,4275,119,638706
VSWS,N,20260617,GOLDCASE,EQ,Zerodha Gold ETF,23.1700,24.0300,23.1700,23.5300,11808090,10761,277786111
VSWS,N,20260617,GOLDENTOBC,BZ,Golden Tobacco,26.2900,26.2900,25.0100,25.0600,4451,54,114842
VSWS,N,20260617,GOLDETF,EQ,Mirae Asset Gold ETF,149.5400,149.5400,145.0500,145.3600,440230,3027,63958471
VSWS,N,20260617,GOLDIAM,EQ,Goldiam Internation,490.0000,505.0000,480.0500,500.0000,1607470,22681,793929275
VSWS,N,20260617,GOLDIETF,EQ,ICICI Pru Gold,131.8000,131.8000,127.4300,128.2000,2557449,21242,327515752
VSWS,N,20260617,GOLDSTAR,SM,Goldstar Power,7.6000,7.6000,7.6000,7.6000,22500,2,171000
VSWS,N,20260617,GOLDTECH,EQ,Aion-Tech Solutions,43.1600,44.4400,43.1000,43.8400,35172,448,1540528
VSWS,N,20260617,GOODLUCK,EQ,Goodluck India,1315.1000,1373.5000,1308.0000,1350.6000,100425,6229,134865578
VSWS,N,20260617,GOODYEAR,EQ,Goodyear India,746.7000,756.4000,746.2500,752.7000,6750,635,5078565
VSWS,N,20260617,GOPAL,EQ,Gopal Snacks,285.4500,287.2000,281.5500,282.1500,98131,1673,27829490
VSWS,N,20260617,GOYALALUM,EQ,Goyal Aluminiums,6.9300,7.2000,6.8400,7.1000,160988,533,1140838
VSWS,N,20260617,GOYALSALT,SM,Goyal Salt,117.0000,117.0000,115.0000,115.0000,11400,13,1312800
VSWS,N,20260617,GPECO,ST,GP Eco Solutions Ind,438.0000,443.9000,437.2000,442.7000,4000,18,1764410
VSWS,N,20260617,GPIL,EQ,Godawari Power & Isp,277.9000,278.0500,270.9500,272.1000,1523719,17431,415893706
VSWS,N,20260617,GPPL,EQ,Gujarat Pipavav Port,155.9400,157.2900,154.4000,154.6100,1611495,15917,249920613
VSWS,N,20260617,GPTHEALTH,EQ,GPT Healthcare,148.9900,148.9900,144.5000,144.9100,77033,1454,11235252
VSWS,N,20260617,GPTINFRA,EQ,GPT Infraprojects,115.1800,116.3900,115.1800,116.0500,51380,887,5956730
VSWS,N,20260617,GRADIENTE,EQ,Gradiente Infotainme,2.2200,2.2700,2.1200,2.2400,1897717,541,4270039
VSWS,N,20260617,GRANDOAK,EQ,Grand Oak Canyons Di,43.7800,43.8100,41.5800,43.8100,35199,358,1538270
VSWS,N,20260617,GRANULES,EQ,Granules India,752.0000,758.6500,736.5000,741.4000,815406,24838,607829204
VSWS,N,20260617,GRAPHISAD,SM,Graphisads,29.2500,30.3500,29.0500,29.8000,9600,8,284100
VSWS,N,20260617,GRAPHITE,EQ,Graphite India,654.6000,666.2000,653.5500,662.2500,556152,16219,366987719
VSWS,N,20260617,GRASIM,EQ,Grasim Industries,3150.0000,3200.0000,3115.9000,3150.4000,395269,29937,1241168593
VSWS,N,20260617,GRAUWEIL,EQ,Grauer & Weil,76.5000,78.5000,76.1000,76.7100,300354,3193,23215463
VSWS,N,20260617,GRAVISSHO,EQ,Graviss Hospitality,29.4900,29.4900,28.8500,28.8500,113,6,3324
VSWS,N,20260617,GRAVITA,EQ,Gravita India,1680.0000,1743.0000,1655.1000,1668.9000,407948,30107,694812097
VSWS,N,20260617,GRCL,ST,Gayatri Rubbers & Ch,500.0000,501.0000,495.1000,495.1000,1500,6,748775
VSWS,N,20260617,GREAVESCOT,EQ,Greaves Cotton,191.4700,195.2000,189.5000,191.8100,1215481,12788,233912304
VSWS,N,20260617,GREENCHEF,SM,Greenchef Appliances,51.5000,51.5000,50.5000,50.5000,6400,6,326160
VSWS,N,20260617,GREENLAM,EQ,Greenlam Industries,260.0000,261.0000,254.5200,257.2200,112816,3815,29099475
VSWS,N,20260617,GREENLEAF,SM,Greenleaf Envirotech,67.0000,67.0000,67.0000,67.0000,7000,7,469000
VSWS,N,20260617,GREENPANEL,EQ,Greenpanel Industrie,193.2000,193.9900,190.7500,191.9000,85864,3747,16508910
VSWS,N,20260617,GREENPLY,EQ,Greenply Industries,296.9900,307.7900,292.3500,293.6700,358100,10459,107450525
VSWS,N,20260617,GREENPOWER,EQ,Orient Green Power C,11.2100,11.3400,11.1500,11.2100,2746815,3671,30902726
VSWS,N,20260617,GRINDWELL,EQ,Grindwell Norton,2050.0000,2118.0000,2044.5000,2055.3000,78932,12354,164495148
VSWS,N,20260617,GRINFRA,EQ,G R Infraprojects,878.3500,893.8000,873.5000,882.8000,27707,4096,24519169
VSWS,N,20260617,GRMOVER,EQ,GRM Overseas,94.4000,95.0100,92.0600,92.8100,1624324,9567,151029779
VSWS,N,20260617,GROBTEA,EQ,Grob Tea Company,900.0000,900.0000,880.0000,887.2500,72,17,64016
VSWS,N,20260617,GROWW,EQ,Billionbrains Garage,200.8400,202.9400,198.2700,198.9700,24835659,106799,4987293814
VSWS,N,20260617,GROWWCAPM,EQ,Groww Nifty Capital,11.7900,11.8900,11.5100,11.6200,472024,857,5486074
VSWS,N,20260617,GROWWCHEM,EQ,Groww Nifty Chemical,30.2600,30.2900,29.3700,29.6000,70503,783,2086989
VSWS,N,20260617,GROWWDEFNC,EQ,Groww Nifty India De,92.0200,95.2600,90.8100,94.8400,603316,4652,56322471
VSWS,N,20260617,GROWWEV,EQ,Groww Nfty EV & New,31.5000,31.5000,30.5500,31.1200,382317,1613,11959832
VSWS,N,20260617,GROWWGOLD,EQ,Groww Gold ETF,14.5600,14.6700,14.5600,14.6100,1302411,2412,19024643
VSWS,N,20260617,GROWWHOSPI,EQ,Groww BSE Hospitals,51.9800,52.3300,51.3200,51.6600,184632,927,9509934
VSWS,N,20260617,GROWWLIQID,EQ,Groww Nifty 1D Rate,109.5100,109.5200,109.5100,109.5100,358384,210,39249350
VSWS,N,20260617,GROWWLOVOL,EQ,Groww Nifty 500 Low,10.2000,10.3200,10.0200,10.2600,32923,119,338249
VSWS,N,20260617,GROWWMC150,EQ,Groww Nifty Midcap 1,227.5000,228.9000,225.3500,225.4400,2232,42,505975
VSWS,N,20260617,GROWWMETAL,EQ,Groww Nifty Metal ET,12.5100,12.7700,12.1100,12.3800,675622,1558,8330759
VSWS,N,20260617,GROWWMOM50,EQ,Groww Nifty 500 Mome,11.0500,11.0500,10.5900,10.7900,127151,470,1371952
VSWS,N,20260617,GROWWN200,EQ,Groww Nifty 200 ETF,11.1600,11.2900,11.1000,11.2300,35767,284,401552
VSWS,N,20260617,GROWWNET,EQ,Groww Nifty India In,9.2300,9.3100,9.0200,9.2300,388823,498,3595091
VSWS,N,20260617,GROWWNIFTY,EQ,Groww Nifty 50 ETF,9.6700,9.8000,9.4200,9.6600,522124,1294,5053080
VSWS,N,20260617,GROWWNXT50,EQ,Groww Nifty Next 50,72.9300,72.9300,71.5900,72.0900,7179,73,518669
VSWS,N,20260617,GROWWPOWER,EQ,Groww BSE Power ETF,12.2400,12.2400,12.0100,12.2000,2624768,2511,31763199
VSWS,N,20260617,GROWWPSE,EQ,Groww Nifty PSE ETF,98.8000,101.8900,98.7700,101.7300,3677,106,372631
VSWS,N,20260617,GROWWPSUBK,EQ,Groww Nifty PSU Bank,83.8600,88.0000,83.8600,87.4100,18559,170,1617826
VSWS,N,20260617,GROWWRAIL,EQ,Groww Nfty I Railway,29.9900,30.3300,29.8000,30.2400,2406691,3157,72607209
VSWS,N,20260617,GROWWRLTY,EQ,Groww Nifty Real ETF,9.2900,9.2900,9.0100,9.1000,195369,475,1777895
VSWS,N,20260617,GROWWSC250,EQ,Groww Nifty Smallcap,10.1000,10.1700,9.9900,10.0800,175047,450,1761974
VSWS,N,20260617,GROWWSLVR,EQ,Groww Silver ETF,24.1600,24.1800,23.9500,24.0300,1362451,3050,32797036
VSWS,N,20260617,GRPLTD,EQ,GRP,1666.7000,1858.0000,1666.0000,1811.4000,7898,651,13819898
VSWS,N,20260617,GRSE,EQ,Garden Reach Shipbui,2670.1000,2835.0000,2670.1000,2818.4000,2606074,120914,7195026758
VSWS,N,20260617,GRWRHITECH,EQ,Garware Hi-Tech Film,6400.0000,6542.0000,6358.5000,6485.5000,79688,11834,516457253
VSWS,N,20260617,GSEC10ABSL,EQ,A B SL Crisil 10YR G,110.5600,111.6000,110.5600,110.5600,2004,3,221565
VSWS,N,20260617,GSEC10YEAR,EQ,Mirae Ass Nfty 8-13,30.0700,30.2200,29.9400,30.2000,1256,13,37810
VSWS,N,20260617,GSEC5IETF,EQ,ICICI Prud 5 Yr Benc,65.9100,65.9500,65.5000,65.7600,14656,38,962972
VSWS,N,20260617,GSFC,EQ,G S F C,169.0000,169.0000,165.5100,165.9400,1014548,12701,169338111
VSWS,N,20260617,GSLSU,EQ,Global Surfaces,50.7400,53.5000,49.6000,51.8000,409610,2975,21020652
VSWS,N,20260617,GSMFOILS,SM,GSM Foils,204.9500,222.0000,204.2000,218.7000,319000,395,69040350
VSWS,N,20260617,GSPCROP,EQ,GSP Crop Science,459.4000,460.0500,447.1000,450.1000,212089,4366,96148895
VSWS,N,20260617,GSS,BE,GSS Infotech,12.6500,13.0600,12.3500,12.9900,17064,91,217328
VSWS,N,20260617,GTECJAINX,BE,G-Tec Jainx Educatio,26.8000,26.8000,26.8000,26.8000,6913,33,185268
VSWS,N,20260617,GTL,EQ,G T L,8.1500,8.2800,8.0300,8.1700,640704,1251,5246590
VSWS,N,20260617,GTLINFRA,EQ,GTL Infrastructure,1.5400,1.5500,1.5000,1.5300,53093882,13136,81080817
VSWS,N,20260617,GTPL,EQ,GTPL Hathway,66.4600,67.0000,64.3000,64.6900,46640,708,3042826
VSWS,N,20260617,GUFICBIO,EQ,Gufic Biosciences,373.7000,373.8500,363.3000,366.4500,38405,1956,14132077
VSWS,N,20260617,GUJALKALI,EQ,Gujarat Alkalies,649.2500,653.8500,643.9500,649.7500,32914,1903,21336309
VSWS,N,20260617,GUJAPOLLO,EQ,Gujarat Apollo Ind,368.8500,387.8500,365.0000,377.5500,16843,681,6349544
VSWS,N,20260617,GUJGASLTD,EQ,Gujarat Energy,396.9500,404.3000,395.4000,397.3000,557065,18952,222399524
VSWS,N,20260617,GUJRAFFIA,EQ,Gujarat Raffia,40.5100,41.9900,40.5000,40.8700,3007,75,123388
VSWS,N,20260617,GUJTHEM,EQ,Gujarat Themis,381.9500,389.4500,378.5000,379.8500,44908,2614,17191400
VSWS,N,20260617,GULFOILLUB,EQ,Gulf Oil Lubricants,994.7500,1037.7000,993.4000,1033.9500,124998,8732,127363075
VSWS,N,20260617,GULFPETRO,BE,GP Petroleums,40.9800,40.9800,40.1000,40.5200,33134,133,1338848
VSWS,N,20260617,GULPOLY,EQ,Gulshan Polyols,209.9000,216.9000,209.9000,210.9300,372936,7554,79586746
VSWS,N,20260617,GURUNANAK,ST,Gurunanak Agricultur,37.0000,38.0000,37.0000,38.0000,11200,5,424000
VSWS,N,20260617,GVKPIL,BE,GVK Power & Infra,2.8200,2.8500,2.7600,2.8000,1353528,1213,3762545
VSWS,N,20260617,GVPIL,EQ,GE Power India,1048.9500,1076.0000,1024.8000,1055.2000,803906,22872,852584386
VSWS,N,20260617,GVPTECH,EQ,GVP Infotech,6.5700,6.6600,6.3200,6.5800,28950,200,188137
VSWS,N,20260617,GVT&D,EQ,GE Vernova T&D India,4900.0000,5176.0000,4898.5000,5152.5000,887332,81934,4508095957
VSWS,N,20260617,HAL,EQ,Hindustan Aeronautic,4276.5000,4485.0000,4270.0000,4460.5000,1421845,92316,6237831862
VSWS,N,20260617,HALDER,EQ,Halder Venture,235.0000,239.0000,231.2200,232.7200,671,57,158239
VSWS,N,20260617,HALDYNGL,EQ,Haldyn Glass,123.8700,125.2400,120.0000,120.6700,75238,1069,9179596
VSWS,N,20260617,HALEOSLABS,EQ,Haleos Labs,1386.4000,1484.4000,1369.0000,1420.6000,656,137,922964
VSWS,N,20260617,HAPPSTMNDS,EQ,Happiest Minds Techn,352.5000,363.1000,351.4000,355.8000,1029547,27181,366808730
VSWS,N,20260617,HAPPYFORGE,EQ,Happy Forgings,1340.5000,1437.9000,1340.5000,1431.2000,200655,18624,282018363
VSWS,N,20260617,HARDWYN,EQ,Hardwyn India,23.8400,25.9700,23.4600,24.8000,5718741,15131,141917386
VSWS,N,20260617,HARIOMPIPE,EQ,Hariom Pipe Industri,423.2000,428.4500,411.3000,414.6000,184267,5376,76945795
VSWS,N,20260617,HARRMALAYA,EQ,Harrisons Malayalam,213.3000,215.0000,203.9900,205.5700,23047,719,4782994
VSWS,N,20260617,HARSHA,EQ,Harsha Engg Internat,436.0000,443.8000,433.5000,437.8500,164145,4808,71921663
VSWS,N,20260617,HATHWAY,EQ,Hathway Cable & Data,11.1500,11.3400,11.1500,11.2200,2588175,2838,29111631
VSWS,N,20260617,HATSUN,EQ,Hatsun Agro Products,910.0500,922.2500,909.6500,915.0500,15188,815,13881804
VSWS,N,20260617,HAVELLS,EQ,Havells India,1187.7000,1207.4000,1183.4000,1196.8000,803357,34798,962228994
VSWS,N,20260617,HAVISHA,EQ,Sri Havisha Hospital,1.3000,1.3100,1.2300,1.2700,48256,106,61083
VSWS,N,20260617,HAWKINCOOK,EQ,Hawkins Cooker,7750.5000,7829.0000,7750.5000,7787.5000,488,259,3803478
VSWS,N,20260617,HBESD,EQ,HB Estate Developers,74.0000,75.9800,74.0000,74.4100,125,9,9253
VSWS,N,20260617,HBLENGINE,EQ,HBL Engineering,799.0000,806.6500,792.0000,795.9500,672540,17805,535192353
VSWS,N,20260617,HBSL,BE,HB Stockholdings,53.7600,54.5000,53.7600,54.5000,762,28,41219
VSWS,N,20260617,HCC,EQ,Hindustan Construct,25.6900,27.0400,25.6300,26.8600,102591016,86456,2711047049
VSWS,N,20260617,HCG,EQ,HealthCare Global En,625.7000,639.7500,624.2000,626.6000,71239,5666,44980087
VSWS,N,20260617,HCL-INSYS,EQ,HCL Infosystems,12.6800,12.8000,12.3000,12.3900,381500,1410,4768933
VSWS,N,20260617,HCLTECH,EQ,HCL Technologies,1169.0000,1173.6000,1159.3000,1166.8000,2263670,69724,2639039474
VSWS,N,20260617,HDBFS,EQ,HDB Financial Servic,710.0000,713.9500,696.5000,702.3500,593105,38683,416473251
VSWS,N,20260617,HDFCAMC,EQ,HDFC Asset Managemen,2677.7000,2716.1000,2654.6000,2711.1000,912665,41309,2445206346
VSWS,N,20260617,HDFCBANK,EQ,HDFC Bank,787.6500,794.3000,783.1000,787.1000,32405604,466023,25548397540
VSWS,N,20260617,HDFCBSE500,EQ,HDFC BSE 500 ETF,37.3900,37.3900,36.7000,36.9200,736343,240,27243763
VSWS,N,20260617,HDFCGOLD,EQ,HDFC Gold ETF,128.2700,128.2700,127.5000,127.8400,2116648,8582,270434716
VSWS,N,20260617,HDFCGROWTH,EQ,HDFC Nifty Growth Se,114.1200,114.3600,113.7300,114.1500,14690,200,1674995
VSWS,N,20260617,HDFCLIFE,EQ,HDFC Life Insurance,576.0000,582.9500,573.5500,581.8000,1106892,39259,642364222
VSWS,N,20260617,HDFCLIQUID,EQ,HDFC Nifty 1D Rate L,1065.2800,1065.3000,1065.2800,1065.2900,5733,47,6107306
VSWS,N,20260617,HDFCLOWVOL,EQ,HDFC Nifty 100 Low V,20.1900,20.3100,20.1600,20.2200,60509,86,1225458
VSWS,N,20260617,HDFCMID150,EQ,HDFC NIFTY Midcap 15,23.1200,23.1200,22.9400,23.0400,401338,1118,9230362
VSWS,N,20260617,HDFCMOMENT,EQ,HDFC Nifty 200 Momen,31.3500,31.7400,31.2500,31.4200,102873,603,3228273
VSWS,N,20260617,HDFCNEXT50,EQ,HDFC Nifty Next 50 E,72.9900,75.5000,72.6300,74.0000,596191,1105,43870413
VSWS,N,20260617,HDFCNIF100,EQ,HDFC Nifty 100 ETF,25.7100,25.9000,25.7100,25.8500,34850,225,901380
VSWS,N,20260617,HDFCNIFBAN,EQ,HDFC Nifty Banking E,60.1800,60.1800,58.6500,59.0000,222599,551,13119836
VSWS,N,20260617,HDFCNIFIT,EQ,HDFC Nifty IT ETF,30.6100,30.9400,30.6000,30.6500,129670,267,3984555
VSWS,N,20260617,HDFCNIFTY,EQ,HDFC Nifty 50 ETF,262.0500,270.5000,256.8000,270.0500,209605,1621,56524590
VSWS,N,20260617,HDFCPSUBK,EQ,HDFC Nifty PSU Bank,86.8100,88.3100,86.4500,88.0600,52187,385,4577915
VSWS,N,20260617,HDFCPVTBAN,EQ,HDFC Nifty Pvt Bank,28.2600,28.6400,28.2600,28.4100,2040069,412,58080257
VSWS,N,20260617,HDFCQUAL,EQ,HDFC Nifty 100 Quali,56.9600,57.5300,56.9600,57.4200,16919,120,969055
VSWS,N,20260617,HDFCSENSEX,EQ,HDFC BSE Sensex ETF,88.8500,88.8500,86.6100,87.0000,32149,1098,2794679
VSWS,N,20260617,HDFCSILVER,EQ,HDFC Silver ETF,235.0200,236.0700,233.7500,234.7000,1753961,9912,411813160
VSWS,N,20260617,HDFCSML250,EQ,HDFC NIFTY Smallcap,177.0000,177.0000,174.7800,176.3800,1733004,7789,305099615
VSWS,N,20260617,HDFCVALUE,EQ,HDFC Nfty50 Value 20,128.6200,128.6300,127.8500,128.0300,2620,52,335968
VSWS,N,20260617,HDIL,BZ,Housing Dev & Infra,1.8900,1.9100,1.7800,1.8000,437710,360,806174
VSWS,N,20260617,HEADSUP,EQ,Heads UP Ventures,7.2400,7.9900,7.2100,7.6500,65357,466,490991
VSWS,N,20260617,HEALTHADD,EQ,DSP Nifty Healthcare,155.4100,156.2300,154.5400,155.2800,2614,57,405396
VSWS,N,20260617,HEALTHCARE,EQ,Mirae Ass Nfty 500 H,19.9600,20.0500,19.8700,19.9500,17529,106,349806
VSWS,N,20260617,HEALTHIETF,EQ,ICICI Pru Nifty Heal,157.8400,158.7900,157.0300,157.6200,65215,1234,10285369
VSWS,N,20260617,HEALTHX,EQ,Health X Platform,307.2000,320.0000,300.4500,315.6500,25514,375,7972250
VSWS,N,20260617,HEALTHY,EQ,Aditya Birla SLNH ET,15.5500,16.4000,15.5500,15.8100,352940,951,5589003
VSWS,N,20260617,HECPROJECT,EQ,HEC Infra Projects,131.0200,134.9000,130.0000,130.7800,15537,473,2048263
VSWS,N,20260617,HEG,EQ,H E G,542.1000,547.9000,541.0000,545.6000,424185,12905,230964365
VSWS,N,20260617,HEIDELBERG,EQ,Heidelberg Cement,152.7500,152.7800,149.9000,150.1000,157518,3885,23739160
VSWS,N,20260617,HEMIPROP,EQ,Hemisphere Propertie,141.9000,142.2800,140.8400,141.8900,231120,2186,32748615
VSWS,N,20260617,HERANBA,EQ,Heranba Industries,191.0000,191.9900,187.0000,188.0700,33395,885,6302891
VSWS,N,20260617,HERITGFOOD,EQ,Heritage Foods,331.4000,333.0000,326.8000,327.8500,152468,4858,50182008
VSWS,N,20260617,HEROMOTOCO,EQ,Hero MotoCorp,5048.0000,5048.0000,4971.6000,5016.4000,354200,43041,1773343987
VSWS,N,20260617,HESTERBIO,EQ,Hester Biosciences,2054.4000,2085.0000,2033.3000,2052.6000,4012,602,8268776
VSWS,N,20260617,HEXAGON,BE,Hexagon Nutrition,51.7500,53.9000,51.6000,51.9800,1470704,3826,77343832
VSWS,N,20260617,HEXATRADEX,EQ,Hexa Tradex,165.0000,165.0000,160.0200,161.5200,2560,175,417063
VSWS,N,20260617,HEXT,EQ,Hexaware Technologie,502.2000,515.9000,501.0000,503.1500,375658,13934,191425281
VSWS,N,20260617,HFCL,EQ,HFCL,189.9400,193.4000,185.1000,190.1300,30846259,147471,5848250346
VSWS,N,20260617,HGINFRA,EQ,H G Infra Engineerin,580.5000,582.6000,574.1000,577.0000,77324,4998,44684674
VSWS,N,20260617,HGM,EQ,HandsOn Global Manag,55.1000,55.1000,52.0500,52.9900,3901,93,207452
VSWS,N,20260617,HGS,EQ,Hinduja Global Solu,429.5000,433.2500,421.0000,423.7000,23529,1392,10035463
VSWS,N,20260617,HIGREEN,SM,Hi-Green Carbon,142.9500,145.0000,140.0000,142.0000,25600,27,3657600
VSWS,N,20260617,HIKAL,EQ,Hikal,189.7000,191.1700,189.0000,189.9600,153927,1928,29229456
VSWS,N,20260617,HILINFRA,BE,Highway Infrastructu,47.7100,48.4800,47.2000,48.0500,38452,327,1846693
VSWS,N,20260617,HILTON,BE,Hilton Metal Forging,21.5500,21.5500,21.2100,21.5500,186167,328,4000673
VSWS,N,20260617,HIMATSEIDE,EQ,Himatsingka Seide,78.0000,80.6000,77.1000,78.5500,1293495,8561,102090945
VSWS,N,20260617,HINDALCO,EQ,Hindalco Industries,985.0000,1011.6000,971.2000,1007.9000,10853418,204781,10791415215
VSWS,N,20260617,HINDCOMPOS,EQ,Hindustan Composites,427.0000,427.0000,415.0000,417.0500,3974,302,1666028
VSWS,N,20260617,HINDCON,BE,Hindcon Chemicals,21.9900,21.9900,21.3200,21.7600,17571,164,377726
VSWS,N,20260617,HINDCOPPER,EQ,Hindustan Copper,513.0000,522.5000,507.7500,515.2000,4274520,56367,2205140260
VSWS,N,20260617,HINDOILEXP,EQ,Hindustan Oil Expl,161.4700,166.1000,157.1000,158.2200,1261273,11771,202497330
VSWS,N,20260617,HINDPETRO,EQ,Hindustan Petroleum,406.5000,410.5000,401.2000,402.6500,6771647,78914,2737934588
VSWS,N,20260617,HINDUNILVR,EQ,Hindustan Unilever,2201.1000,2224.6000,2183.0000,2197.6000,1511401,70487,3327094448
VSWS,N,20260617,HINDWAREAP,EQ,Hindware Home Innova,254.9800,255.5500,246.3100,250.8100,148672,3116,37261391
VSWS,N,20260617,HINDZINC,EQ,Hindustan Zinc,564.3000,574.0500,561.0000,572.5500,3938599,52521,2241967000
VSWS,N,20260617,HIRECT,EQ,Hind Rectifiers,1152.0000,1206.0000,1143.0000,1192.2000,229916,15075,272456166
VSWS,N,20260617,HISARMETAL,EQ,Hisar Metal Indus,156.6200,159.9000,153.3500,158.9400,1336,40,209162
VSWS,N,20260617,HITECH,EQ,Hi-Tech Pipes,90.4200,92.2000,90.2200,91.8900,638781,4208,58256624
VSWS,N,20260617,HITECHCORP,BE,Hitech Corporation,295.1300,321.3000,295.1300,318.8400,84793,453,26695557
VSWS,N,20260617,HITECHGEAR,BE,Hi Tech Gears,574.7500,584.0000,573.0000,578.7500,1541,31,888714
VSWS,N,20260617,HLEGLAS,EQ,HLE Glascoat,383.0000,396.7000,383.0000,386.4000,179133,6758,69815571
VSWS,N,20260617,HLVLTD,EQ,HLV,8.0100,8.1500,7.9400,7.9800,201393,642,1615570
VSWS,N,20260617,HMAAGRO,EQ,HMA Agro Industries,22.7300,23.1200,22.7300,22.9200,127213,597,2911410
VSWS,N,20260617,HMT,BZ,H M T,58.5000,58.7300,58.4900,58.7300,17569,46,1031367
VSWS,N,20260617,HMVL,EQ,Hindustan Media Vent,84.4400,85.4200,83.3300,85.0300,34873,253,2954966
VSWS,N,20260617,HNDFDS,EQ,Hindustan Foods,558.0000,558.0000,546.0000,546.6000,35525,1877,19536731
VSWS,N,20260617,HNGSNGBEES,EQ,Nippon India ETF Hng,490.9800,494.4500,487.5400,493.2800,86706,4076,42757177
VSWS,N,20260617,HOACFOODS,ST,Hoac Foods India,604.0000,625.0000,604.0000,619.3500,3375,9,2082000
VSWS,N,20260617,HOLMARC,SM,Holmarc Opto-Mechatr,101.0000,101.0000,101.0000,101.0000,750,1,75750
VSWS,N,20260617,HOMEFIRST,EQ,Home First Finance C,1142.9000,1153.0000,1130.6000,1145.7000,174856,13931,199626920
VSWS,N,20260617,HONASA,EQ,Honasa Consumer,400.1000,405.3500,398.2000,401.4500,667351,20471,267874150
VSWS,N,20260617,HONAUT,EQ,Honeywell Automation,36700.0000,37150.0000,36065.0000,36380.0000,5052,2870,185012550
VSWS,N,20260617,HONDAPOWER,EQ,Honda India Power,2196.2000,2220.0000,2184.6000,2196.9000,3211,686,7072284
VSWS,N,20260617,HPAL,EQ,HP Adhesives,37.8700,37.8700,36.0000,36.1200,59571,792,2174065
VSWS,N,20260617,HPIL,EQ,Hindprakash Industri,126.0000,127.0000,126.0000,126.5800,241,10,30398
VSWS,N,20260617,HPL,EQ,HPL Electric & Power,381.9000,389.2500,378.3500,382.8500,247469,6258,95122016
VSWS,N,20260617,HPTL,SM,HP Telecom India,269.0000,269.0000,269.0000,269.0000,1200,1,322800
VSWS,N,20260617,HRHNEXT,SM,HRH Next Services,27.0000,27.7500,25.9500,27.0500,6000,4,162225
VSWS,N,20260617,HSBCGOLD,EQ,HSBC Gold ETF,130.7300,130.7300,129.3300,130.5900,549,18,71584
VSWS,N,20260617,HSCL,EQ,Himadri Speciality C,689.8000,712.5000,684.2000,701.1000,12294889,104202,8596244656
VSWS,N,20260617,HTMEDIA,EQ,HT Media,22.7500,22.8900,22.1000,22.8100,31225,153,704870
VSWS,N,20260617,HUBTOWN,EQ,Hubtown,202.3500,205.4000,195.0000,196.1600,341217,4990,67921290
VSWS,N,20260617,HUDCO,EQ,Housing & Urban Dev,214.0000,216.8800,213.0000,213.6500,2812799,26753,603523056
VSWS,N,20260617,HUHTAMAKI,EQ,Huhtamaki India,173.1100,180.0000,171.5000,177.6100,178369,2978,31384442
VSWS,N,20260617,HVAX,SM,HVAX Technologies,629.0000,635.0000,629.0000,635.0000,450,2,283950
VSWS,N,20260617,HYBRIDFIN,EQ,Hybrid Financial Ser,16.2000,19.4900,16.2000,18.9100,83125,612,1526090
VSWS,N,20260617,HYUNDAI,EQ,Hyundai Motor India,1980.0000,1987.8000,1963.8000,1976.7000,401381,24929,792751208
VSWS,N,20260617,IBULLSLTD,BE,Indiabulls,23.2500,24.4000,23.2500,24.0500,3148546,3172,75931354
VSWS,N,20260617,ICDSLTD,EQ,I C D S,42.2000,46.4200,42.2000,45.5200,2379,120,106128
VSWS,N,20260617,ICEMAKE,EQ,Ice Make Refrigerati,762.6500,768.0000,752.5500,757.5500,18460,1276,14012951
VSWS,N,20260617,ICICIAMC,EQ,ICICI Pru Asset Mgt,3246.0000,3316.9000,3218.4000,3250.5000,2889650,57815,9454303259
VSWS,N,20260617,ICICIB22,EQ,ICICI PMF BHARAT 22,117.1200,120.5000,117.1200,120.4300,163074,2641,19582954
VSWS,N,20260617,ICICIBANK,EQ,ICICI Bank,1342.0000,1346.0000,1333.4000,1336.8000,8026424,154630,10744544350
VSWS,N,20260617,ICICIGI,EQ,ICICI Lombard Gen In,1771.1000,1797.0000,1771.1000,1790.5000,947808,47946,1689175798
VSWS,N,20260617,ICICIPRULI,EQ,ICICI Pru Life Insur,493.6000,505.3500,490.4000,503.6500,2428711,38602,1212570028
VSWS,N,20260617,ICIL,EQ,Indo Count Ind,343.8500,346.4500,339.9000,342.1000,130016,5905,44584339
VSWS,N,20260617,ICRA,EQ,ICRA,5164.5000,5190.0000,5147.0000,5152.5000,5939,994,30651094
VSWS,N,20260617,IDBI,EQ,IDBI Bank,77.3900,92.2500,77.3200,90.3600,233255213,462501,20507493781
VSWS,N,20260617,IDEA,EQ,Vodafone Idea,14.5500,15.0500,14.4500,14.9200,503061861,544635,7455348693
VSWS,N,20260617,IDEAFORGE,BE,Ideaforge Technology,942.0000,942.0000,890.0000,929.1000,363400,8449,334663878
VSWS,N,20260617,IDEALTECHO,SM,Ideal Technoplast In,165.6000,195.9500,165.6000,195.9500,1500,3,278750
VSWS,N,20260617,IDENTICAL,ST,Identical Brains Stu,17.0500,17.1000,17.0500,17.1000,4000,2,68300
VSWS,N,20260617,IDFCFIRSTB,EQ,IDFC First Bank,77.5000,78.3700,77.1600,77.3800,20456804,49014,1585493317
VSWS,N,20260617,IDFNIFTYET,EQ,Bandhan Nifty 50 ETF,264.7700,265.0000,263.9400,264.5400,876,33,231656
VSWS,N,20260617,IEML,SM,Indian Emulsifiers,52.5000,52.5500,47.5500,48.3000,474000,285,24209350
VSWS,N,20260617,IEX,EQ,Indian Energy Exchan,123.8200,125.6000,123.2600,124.1800,4149348,28311,516391649
VSWS,N,20260617,IFBAGRO,BE,IFB Agro Industries,923.0000,929.6000,901.0000,913.4000,6058,189,5535413
VSWS,N,20260617,IFBIND,EQ,IFB Industries,1280.0000,1316.8000,1270.0000,1293.3000,97620,12442,126633764
VSWS,N,20260617,IFCI,EQ,I F C I,89.0000,95.8000,89.0000,90.0700,239005769,445952,21974711663
VSWS,N,20260617,IFGLEXPOR,EQ,IFGL Refractories,196.5000,197.7000,192.0000,193.0500,26429,759,5130134
VSWS,N,20260617,IGARASHI,EQ,Igarashi Motors Indi,380.7500,444.7500,380.7500,410.4500,9411972,155962,4056872172
VSWS,N,20260617,IGCL,EQ,Indogulf Cropscience,65.0000,65.6000,63.5000,63.7100,90268,1500,5805725
VSWS,N,20260617,IGIL,EQ,International Gemolo,364.8500,368.7000,355.7500,357.1500,717588,18613,257504895
VSWS,N,20260617,IGL,EQ,Indraprastha Gas,169.5000,175.6000,169.0000,170.7800,6055593,56998,1043124813
VSWS,N,20260617,IGPL,EQ,IG Petrochemicals,446.5000,448.0000,436.1000,446.9000,16680,980,7412538
VSWS,N,20260617,IIFL,EQ,IIFL Finance,531.0000,537.9000,527.0000,531.1500,1150346,38836,612417839
VSWS,N,20260617,IIFLCAPS,EQ,IIFL Capital Service,343.4000,348.6500,342.6000,346.2000,2513993,23151,871642657
VSWS,N,20260617,IITL,EQ,Industrial Inv Trust,133.5200,139.9000,133.5200,138.2200,99314,924,13569020
VSWS,N,20260617,IKIO,EQ,IKIO Technologies,164.9000,166.3900,161.8100,163.7700,60768,1300,9962868
VSWS,N,20260617,IKS,EQ,Inventurus Knowledge,1641.5000,1646.7000,1619.2000,1636.2000,67018,5886,109276492
VSWS,N,20260617,IL&FSENGG,BZ,IL&FS Eng & Const Co,29.9000,29.9500,29.0100,29.9500,3610,39,106223
VSWS,N,20260617,IL&FSTRANS,BZ,IL & FS Transportati,2.4100,2.4700,2.3500,2.4700,32499,46,79766
VSWS,N,20260617,IMAGICAA,EQ,Imagicaaworld Entert,43.5000,44.3000,43.0100,43.5100,610956,2396,26649739
VSWS,N,20260617,IMFA,EQ,Indian Metals & Ferr,1440.0000,1453.2000,1422.0000,1441.2000,82308,6939,118579272
VSWS,N,20260617,IMPAL,EQ,India Motor Parts &,1082.3000,1125.5000,1080.2000,1088.1000,3952,372,4334083
VSWS,N,20260617,INA,EQ,Insolation Energy,118.5100,119.4000,116.2000,116.9200,392126,3203,46109119
VSWS,N,20260617,INCREDIBLE,EQ,Incredible Indus,36.1000,36.1000,33.7000,34.1300,10332,112,355950
VSWS,N,20260617,INDBANK,EQ,Indbank Merchant,34.0000,35.4900,33.0000,34.5400,264846,1550,9181381
VSWS,N,20260617,INDGN,EQ,Indegene,518.1500,521.9500,511.1000,515.9000,190978,9939,98327645
VSWS,N,20260617,INDHOTEL,EQ,Indian Hotels,696.3000,700.6000,691.6500,699.1000,986679,35081,687489637
VSWS,N,20260617,INDIACEM,EQ,India Cements,394.9000,395.0500,384.3500,385.9500,142524,5030,55368712
VSWS,N,20260617,INDIAGLYCO,EQ,India Glycols,974.4000,981.9000,959.4500,962.6500,74057,5031,71594032
VSWS,N,20260617,INDIAMART,EQ,IndiaMART InterMESH,2104.0000,2113.9000,2066.0000,2090.0000,152571,13729,319179356
VSWS,N,20260617,INDIANB,EQ,Indian Bank,858.0000,878.2500,853.4500,876.3500,2138011,48007,1859813664
VSWS,N,20260617,INDIANCARD,EQ,Indian Card Clothing,216.0000,222.9000,216.0000,220.0200,1247,40,273860
VSWS,N,20260617,INDIANHUME,EQ,Indian Hume Pipe,310.5000,318.3000,310.5000,312.7500,35727,1073,11191951
VSWS,N,20260617,INDIASHLTR,EQ,India Shelter Financ,790.8500,796.9500,766.0000,769.2000,104992,12843,81563546
VSWS,N,20260617,INDIFRA,SM,Indifra,13.2000,13.2000,13.2000,13.2000,2000,1,26400
VSWS,N,20260617,INDIGO,EQ,InterGlobe Aviation,4876.4000,4899.0000,4840.0000,4878.4000,871600,63712,4244573410
VSWS,N,20260617,INDIGOPNTS,EQ,Indigo Paints,1035.0000,1040.0000,1013.0000,1021.4500,41710,4551,42771160
VSWS,N,20260617,INDIQUBE,EQ,Indiqube Spaces,163.5000,166.1900,158.0000,165.3600,27015,775,4421845
VSWS,N,20260617,INDNIPPON,EQ,India Nippon Elect,934.9000,935.8000,914.0500,917.2000,24327,1444,22444005
VSWS,N,20260617,INDOAMIN,EQ,Indo Amines,132.5800,133.8000,130.8600,131.5600,68113,1438,8998238
VSWS,N,20260617,INDOBORAX,EQ,Indo Borax & Chem,369.2000,371.8000,361.5000,363.1000,37899,1898,13869515
VSWS,N,20260617,INDOCO,EQ,Indoco Remedies,233.0000,239.2500,228.6200,231.2300,120803,4476,28121839
VSWS,N,20260617,INDOFARM,EQ,Indo Farm Equipment,134.0000,134.0000,130.6200,131.4200,71862,1653,9483747
VSWS,N,20260617,INDORAMA,EQ,Indo Rama Synthetics,46.0000,46.2300,44.8000,45.2000,208314,1653,9443930
VSWS,N,20260617,INDOSTAR,EQ,Indostar Capital Fin,247.2500,247.8500,240.9600,243.2600,97740,2169,23822342
VSWS,N,20260617,INDOTECH,BE,Indo Tech Transforme,2601.0000,2660.0000,2520.0000,2563.0000,9774,669,25429565
VSWS,N,20260617,INDOTHAI,EQ,Indo Thai Securities,236.9500,244.7400,234.1000,240.0300,1275917,7641,307599991
VSWS,N,20260617,INDOUS,EQ,Indo Us Bio-Tech,87.9000,92.9700,87.9000,90.4700,62595,521,5670865
VSWS,N,20260617,INDOWIND,BE,Indowind Energy,9.4500,9.6000,9.0000,9.2000,337700,519,3140074
VSWS,N,20260617,INDPRUD,EQ,Industrial & Prudent,6499.0000,6499.0000,6321.0000,6410.0000,27,12,174015
VSWS,N,20260617,INDRAMEDCO,EQ,Indraprastha Medical,386.0000,386.9000,377.5000,380.3000,120419,3181,45907113
VSWS,N,20260617,INDSWFTLAB,EQ,Ind Swift Lab,163.7000,165.0000,160.5600,162.4800,472194,5974,77060486
VSWS,N,20260617,INDTERRAIN,EQ,Indian Terrain Fashi,33.4400,33.9800,32.2500,32.6100,22994,125,755442
VSWS,N,20260617,INDUSINDBK,EQ,IndusInd Bank,926.0000,938.4000,920.2000,936.2000,1193109,36436,1110513456
VSWS,N,20260617,INDUSTOWER,EQ,Indus Towers,411.9500,418.0000,409.0000,413.8500,8540327,64871,3523737330
VSWS,N,20260617,INFINIUM,SM,Infinium Pharmachem,206.5000,206.5000,202.9000,204.0000,3000,6,613200
VSWS,N,20260617,INFLUX,SM,Influx Healthtech,245.0000,250.0000,240.0500,242.3500,22800,33,5569440
VSWS,N,20260617,INFOBEAN,EQ,InfoBeans Technologi,171.0000,179.0000,168.1000,169.6700,632442,7321,109406610
VSWS,N,20260617,INFOLLION,SM,Infollion Research S,175.1000,178.0000,173.2000,173.7500,8000,19,1402500
VSWS,N,20260617,INFOMEDIA,EQ,Infomedia Press,5.9900,5.9900,5.6200,5.9000,16871,70,97332
VSWS,N,20260617,INFRA,EQ,Mirae A Nifty Ind In,12.3000,12.3000,12.1500,12.2900,66295,133,809850
VSWS,N,20260617,INFRABEES,EQ,Nippon INft InfraBee,978.2900,980.0000,970.2100,977.7000,6183,603,6025166
VSWS,N,20260617,INFRAIETF,EQ,ICICI Prud Nifty Inf,97.2100,97.5900,96.6500,97.5000,100083,6168,9726087
VSWS,N,20260617,INFY,EQ,Infosys,1149.0000,1162.5000,1148.0000,1157.7000,5995119,125573,6938601945
VSWS,N,20260617,INGERRAND,EQ,Ingersoll Rand (I),4470.0000,4525.0000,4445.7000,4498.8000,12750,2379,57249505
VSWS,N,20260617,INM,SM,Interiors & More,155.0000,155.0000,153.5000,154.2500,1200,2,185100
VSWS,N,20260617,INNOMET,ST,Innomet Advanced Mat,111.8500,111.9000,111.8500,111.9000,7800,12,872760
VSWS,N,20260617,INNOVACAP,EQ,Innova Captab,964.8000,970.0000,922.5500,934.9000,71741,6857,67500107
VSWS,N,20260617,INNOVANA,EQ,Innovana Thinklabs,329.8500,329.8500,320.1000,322.1000,9342,127,3002214
VSWS,N,20260617,INNOVISION,EQ,Innovision,290.0500,294.8000,290.0000,291.4500,17108,1100,4993718
VSWS,N,20260617,INOXGREEN,EQ,Inox Green Energy Se,198.0900,201.5000,195.3400,198.4700,1335078,16723,265182377
VSWS,N,20260617,INOXINDIA,EQ,INOX India,1839.0000,1924.4000,1820.1000,1915.1000,415966,29550,783823831
VSWS,N,20260617,INOXWIND,EQ,Inox Wind,91.8800,92.0000,89.8300,91.0000,15932753,38182,1447254744
VSWS,N,20260617,INSECTICID,EQ,Insecticides (India),711.0000,720.3000,707.0000,711.8000,11398,1064,8152764
VSWS,N,20260617,INSPIRISYS,BE,Inspirisys Solutions,113.9900,117.0000,109.0000,111.7300,7244,63,797383
VSWS,N,20260617,INTELLECT,EQ,Intellect Design Are,759.9500,773.5000,757.2500,764.9000,275230,15283,210605006
VSWS,N,20260617,INTENTECH,EQ,Intense Technologies,105.7000,105.7000,100.8700,101.5700,67685,730,6924526
VSWS,N,20260617,INTERARCH,EQ,Interarch Building S,1875.0000,1915.0000,1852.5000,1857.7000,110005,9104,206881520
VSWS,N,20260617,INTERNET,EQ,Mirae Asset Nifty In,12.2500,12.6000,12.2500,12.5000,101678,180,1270204
VSWS,N,20260617,INTLCONV,EQ,International Convey,81.6000,82.8900,81.1100,81.6700,34670,1668,2837704
VSWS,N,20260617,INVENTURE,EQ,Inventure Grow & Sec,0.9700,0.9800,0.9500,0.9500,1181830,429,1142244
VSWS,N,20260617,INVICTA,ST,Invicta Diagnostic,62.5000,64.0000,62.5000,63.0000,4800,3,303200
VSWS,N,20260617,INVPRECQ,EQ,Invest & Precision,645.0000,649.8500,630.1000,641.7500,4386,389,2815704
VSWS,N,20260617,IOB,EQ,Indian Overseas Bank,34.0500,36.5300,33.8800,35.5800,30781850,55272,1095578817
VSWS,N,20260617,IOC,EQ,Indian Oil Corp,147.0000,147.4700,144.9500,145.4200,14039760,80397,2052085378
VSWS,N,20260617,IOLCP,EQ,IOL Chemical & Pharm,126.6000,127.8000,123.3000,125.1000,1544711,9858,193255775
VSWS,N,20260617,IONEXCHANG,EQ,Ion Exchange,368.0000,393.8000,366.9000,376.2500,2175177,51199,833333483
VSWS,N,20260617,IPCALAB,EQ,Ipca Lab,1554.9000,1558.7000,1532.6000,1538.7000,94273,11459,145367914
VSWS,N,20260617,IPHL,SM,Indian Phosphate,54.9000,55.1500,53.7000,55.1500,18000,13,974640
VSWS,N,20260617,IPL,EQ,India Pesticides,162.5800,164.0500,160.0700,161.5800,139013,2441,22524971
VSWS,N,20260617,IRB,EQ,IRB Infra Developers,21.3900,21.5500,21.1500,21.3400,10277274,18069,219393545
VSWS,N,20260617,IRCON,EQ,IRCON International,139.6000,142.2500,138.9000,140.7200,3270101,29250,459751869
VSWS,N,20260617,IRCTC,EQ,Indian Railway Cater,525.0000,525.0000,519.1000,519.9500,915022,26370,476014572
VSWS,N,20260617,IREDA,EQ,Indian Ren Energy De,126.2600,127.0000,124.7200,126.4600,5746064,25660,724131256
VSWS,N,20260617,IRFC,EQ,Indian Railway Fin C,97.8900,100.9700,97.5100,100.4400,19849822,71821,1978101390
VSWS,N,20260617,IRIS,EQ,IRIS RegTech Solutio,230.8500,235.7000,228.4500,229.5000,40923,674,9466442
VSWS,N,20260617,IRISDOREME,EQ,Iris Clothings,38.0000,39.0000,37.0200,38.6900,588031,1899,22470553
VSWS,N,20260617,IRMENERGY,EQ,IRM Energy,268.0000,277.0000,267.0000,271.0500,308235,7674,83910550
VSWS,N,20260617,ISFT,EQ,Intrasoft Technologi,85.7300,85.9800,82.0100,83.5800,17598,200,1483992
VSWS,N,20260617,ISGEC,EQ,ISGEC Heavy Engineer,919.6000,935.0000,900.9000,920.7500,32442,3920,29878262
VSWS,N,20260617,ISHAN,SM,Ishan International,0.6000,0.6500,0.5500,0.6500,144000,3,86400
VSWS,N,20260617,ISHANCH,EQ,Ishan Dyes And Chemi,59.8500,59.8500,58.3000,58.6400,4729,345,278599
VSWS,N,20260617,IT,EQ,Kotak Nifty IT ETF,31.5900,32.1400,31.5900,31.9800,1245826,1063,39789810
VSWS,N,20260617,ITADD,EQ,DSP Nifty IT ETF,30.3300,30.7000,30.3000,30.3400,12528,89,381820
VSWS,N,20260617,ITBEES,EQ,Nippon India ETF Nif,32.2500,32.2500,31.8100,31.9000,11091340,15731,354409401
VSWS,N,20260617,ITBETA,EQ,UTI Nifty IT ETF,303.2600,303.2600,301.4500,302.4200,608,21,183696
VSWS,N,20260617,ITC,EQ,I T C,291.9500,292.3500,290.0000,290.7500,8626353,242846,2509157701
VSWS,N,20260617,ITCHOTELS,EQ,ITC Hotels,157.7100,159.2000,156.6000,157.8800,2023678,37421,319806151
VSWS,N,20260617,ITDC,EQ,India Tourism Deve,620.9000,631.3500,615.2000,622.2500,206966,12450,128750094
VSWS,N,20260617,ITETF,EQ,Mirae Asset Nifty IT,30.4800,30.6600,30.3200,30.4400,658673,793,20088149
VSWS,N,20260617,ITI,EQ,I T I,305.9500,314.4000,304.5500,306.2000,1350463,24566,416426947
VSWS,N,20260617,ITIETF,EQ,ICICI Pru Nifty IT,31.8000,32.1700,31.6400,31.9100,535868,1373,17134943
VSWS,N,20260617,ITTL,ST,Innovative Tyres & T,75.4500,75.4500,75.4500,75.4500,105,1,7922
VSWS,N,20260617,IVALUE,EQ,Ivalue Infosolutions,264.2000,272.0000,263.0000,266.6800,452170,6891,120439193
VSWS,N,20260617,IVC,EQ,IL & FS Investment M,8.5000,8.6400,8.4600,8.5300,149437,663,1273128
VSWS,N,20260617,IVP,EQ,I V P,158.4000,163.2700,157.3000,158.0100,9975,445,1594180
VSWS,N,20260617,IVZINGOLD,EQ,Invesco India Gold,131.1500,131.1500,129.7500,130.3000,4753,85,618885
VSWS,N,20260617,IVZINNIFTY,EQ,Invesco India Nifty,2745.3600,2746.0000,2741.2000,2745.4900,22,10,60361
VSWS,N,20260617,IWARE,ST,Iware Supplychain Se,348.0000,349.0000,345.0000,345.0000,4800,8,1665630
VSWS,N,20260617,IWP,EQ,Indian Wood Products,33.6000,34.7700,33.2300,33.5200,5442,68,182702
VSWS,N,20260617,IXIGO,EQ,Le Travenues Techno,187.7500,196.0200,187.2100,194.7100,4109947,47457,790974479
VSWS,N,20260617,IZMO,EQ,IZMO,1092.0000,1123.3000,1028.8500,1028.8500,263901,13625,281813139
VSWS,N,20260617,J&KBANK,EQ,Jammu & Kashmir Bank,162.5000,163.7900,160.2500,162.9500,2602084,20773,422635363
VSWS,N,20260617,JAGRAN,EQ,Jagran Prakashan,64.6000,65.7000,64.5000,65.5200,297315,2655,19369468
VSWS,N,20260617,JAGSNPHARM,EQ,Jagsonpal Pharma,209.8200,212.4900,206.8100,209.1900,56957,1572,11939977
VSWS,N,20260617,JAIBALAJI,BE,Jai Balaji Industrie,67.6100,68.5000,66.5000,66.9500,309440,1193,20885363
VSWS,N,20260617,JAICORPLTD,EQ,Jai Corp,120.0000,123.3000,118.0700,120.9300,1447579,15604,175747389
VSWS,N,20260617,JAINAM,SM,Jainam Ferro Alloys,255.4500,255.4500,255.4500,255.4500,500,1,127725
VSWS,N,20260617,JAINIK,SM,Jainik Power Cables,136.5000,140.9000,136.5000,138.7000,3600,3,496680
VSWS,N,20260617,JAINREC,EQ,Jain Resource Recycl,370.9500,379.4000,366.0000,375.9500,3129776,40773,1166105147
VSWS,N,20260617,JAIPURKURT,EQ,Nandani Creation,28.2000,29.0000,28.2000,28.7400,14802,54,423441
VSWS,N,20260617,JALAN,SM,Jalan Transolutions,2.3500,2.4000,2.2500,2.2500,12000,4,27750
VSWS,N,20260617,JAMNAAUTO,EQ,Jamna Auto Ind,128.9000,131.6700,128.1000,130.2200,3104891,25670,403989940
VSWS,N,20260617,JARO,EQ,Jaro Inst of Tech Mg,549.5000,552.2000,535.2000,538.4000,88169,1671,47856607
VSWS,N,20260617,JASH,EQ,Jash Engineering,505.9500,505.9500,480.6000,487.2500,154519,8803,75746917
VSWS,N,20260617,JAYAGROGN,EQ,Jayant Agro Organics,225.4000,232.0000,219.0000,219.7700,12212,583,2747903
VSWS,N,20260617,JAYBARMARU,EQ,Jay Bharat Maruti,170.0000,170.0000,162.7300,164.5700,1641348,19560,272689413
VSWS,N,20260617,JAYBEE,ST,Jay Bee Laminations,90.0000,94.0000,89.0000,89.0000,22500,31,2051250
VSWS,N,20260617,JAYESH,SM,Jayesh Logistics,164.0000,164.0000,164.0000,164.0000,32000,3,5248000
VSWS,N,20260617,JAYKAY,EQ,Jaykay Enterprises,174.0000,180.9000,172.0100,178.8800,236734,4256,41927729
VSWS,N,20260617,JAYNECOIND,EQ,Jayaswals Neco Ind,90.0000,93.7900,90.0000,91.8000,3562309,24516,327889343
VSWS,N,20260617,JAYSREETEA,EQ,Jay Shree Tea & Ind,87.7500,90.0100,85.0500,88.7000,71941,943,6325270
VSWS,N,20260617,JBCHEPHARM,EQ,JB Chemicals,2180.1000,2204.5000,2180.1000,2195.6000,185676,14416,407232910
VSWS,N,20260617,JBMA,EQ,JBM Auto,684.7000,704.4000,680.5000,692.9000,1270904,34592,883132597
VSWS,N,20260617,JETFREIGHT,EQ,Jet Freight Logistic,22.4500,23.6400,21.8000,22.8600,497878,1703,11373366
VSWS,N,20260617,JETKNIT,ST,Jet Knitwears,84.7500,84.7500,84.7500,84.7500,750,1,63563
VSWS,N,20260617,JEYYAM,SM,Jeyyam Global Foods,29.0000,29.9000,28.7500,29.7500,8000,4,234800
VSWS,N,20260617,JGCHEM,EQ,J G Chemicals,436.9000,436.9000,423.1000,425.1500,57148,2364,24532066
VSWS,N,20260617,JHS,EQ,JHS Svendgaard Labor,8.4400,8.4400,7.9000,8.1000,110818,374,889278
VSWS,N,20260617,JINDALPHOT,EQ,Jindal Photo,1104.6000,1130.8000,1088.1000,1116.1000,4003,541,4468146
VSWS,N,20260617,JINDALPOLY,EQ,Jindal Poly Films,720.2000,729.0000,683.7000,686.6000,64774,3291,45390910
VSWS,N,20260617,JINDALSAW,EQ,Jindal Saw,249.4500,259.4500,244.5100,258.4800,2835731,37628,718688805
VSWS,N,20260617,JINDALSTEL,EQ,Jindal Steel,1139.8000,1142.3000,1123.6000,1135.8000,1869441,33604,2121236371
VSWS,N,20260617,JINDRILL,EQ,Jindal Drilling,585.0500,595.8500,578.0500,589.4000,268730,7485,157514602
VSWS,N,20260617,JINDWORLD,EQ,Jindal Worldwide,30.4500,30.5000,29.4300,29.6900,813923,4221,24183824
VSWS,N,20260617,JIOFIN,EQ,Jio Financial Servic,242.2000,244.7400,241.2200,242.9800,10009881,64290,2431592686
VSWS,N,20260617,JISLDVREQS,EQ,Jain Irrigation DVR,24.3000,24.3300,23.0000,23.3200,26795,177,627678
VSWS,N,20260617,JISLJALEQS,EQ,Jain Irrigation,32.4800,32.9900,32.2300,32.6500,2783409,8018,90634694
VSWS,N,20260617,JITFINFRA,EQ,JITF Infralogistics,301.8000,303.0500,292.8000,295.9000,21854,883,6499500
VSWS,N,20260617,JKCEMENT,EQ,JK Cement,5301.5000,5450.5000,5215.5000,5440.0000,213841,20159,1158933309
VSWS,N,20260617,JKIL,EQ,J Kumar Infraproject,488.9000,495.5000,486.8000,492.6000,43562,1847,21445531
VSWS,N,20260617,JKIPL,BE,Jinkushal Industries,116.5000,118.7000,111.0000,117.3400,121507,736,14217270
VSWS,N,20260617,JKLAKSHMI,EQ,JK Lakshmi Cement,603.7000,609.5000,597.9500,599.2500,222881,10683,134268170
VSWS,N,20260617,JKPAPER,EQ,JK Paper,358.9000,362.6000,357.4500,358.6000,133633,6207,48068797
VSWS,N,20260617,JKTYRE,EQ,JK Tyre & Industries,390.0000,403.6500,390.0000,394.1500,2288150,43132,912288134
VSWS,N,20260617,JLHL,EQ,Jupiter Life Line Ho,1348.0000,1358.6000,1330.0000,1338.3000,14231,1487,19106552
VSWS,N,20260617,JMA,EQ,Jullundur Motor Agen,92.9100,94.5000,92.2200,93.8200,6065,117,565877
VSWS,N,20260617,JMFINANCIL,EQ,J M Financial,124.8900,129.0900,124.8800,126.5600,4913477,33212,625785417
VSWS,N,20260617,JNKINDIA,EQ,JNK India,496.0000,505.9500,465.0500,471.2000,927908,17386,443571013
VSWS,N,20260617,JOCIL,BE,Jocil,148.6000,154.3400,148.6000,154.3400,895,7,133340
VSWS,N,20260617,JPOLYINVST,EQ,Jindal Poly Invest,1084.6000,1129.4000,1080.0000,1088.9000,5331,659,5826829
VSWS,N,20260617,JPPOWER,EQ,Jaiprakash Power Ven,17.8000,18.4800,17.6800,18.1100,101288969,65545,1832594508
VSWS,N,20260617,JSFB,EQ,Jana Small Fin Bank,468.0000,475.4500,463.0000,467.7500,404850,10156,190082852
VSWS,N,20260617,JSL,EQ,Jindal Stainless,709.8500,732.4000,707.8500,727.9000,699561,40410,506667311
VSWS,N,20260617,JSLL,EQ,Jeena Sikho Lifecare,596.7000,598.5000,569.6000,573.8500,698870,16855,407158406
VSWS,N,20260617,JSWCEMENT,EQ,JSW Cement,129.9800,132.4800,129.5800,130.1700,2091476,17708,273639512
VSWS,N,20260617,JSWDULUX,EQ,JSW Dulux,3215.6000,3310.7000,3210.0000,3231.6000,27130,6737,88079582
VSWS,N,20260617,JSWENERGY,EQ,JSW Energy,564.0000,573.3500,555.6000,572.0000,2136899,34313,1206070923
VSWS,N,20260617,JSWHL,EQ,JSW Holdings,12700.0000,12825.0000,12650.0000,12747.0000,2463,1236,31332484
VSWS,N,20260617,JSWINFRA,EQ,JSW Infrastructure,293.9000,301.3000,291.2500,299.3000,3599798,39976,1073378751
VSWS,N,20260617,JSWSTEEL,EQ,JSW Steel,1280.0000,1289.5000,1269.1000,1287.2000,1194899,36067,1532208244
VSWS,N,20260617,JTEKTINDIA,EQ,JTEKT India,133.1000,137.5000,132.5900,134.3600,265317,3195,35894239
VSWS,N,20260617,JTLIND,EQ,JTL Industries,77.3000,77.7800,75.4000,76.1700,1662309,10181,126944054
VSWS,N,20260617,JUBLCPL,EQ,Jubilant Agri And Co,1884.9000,1930.2000,1864.0000,1866.3000,11953,886,22582851
VSWS,N,20260617,JUBLFOOD,EQ,Jubilant FoodWorks,424.0000,426.9500,419.5000,423.1500,1013592,22565,428808126
VSWS,N,20260617,JUBLINGREA,EQ,Jubilant Ingrevia,650.0000,657.0000,643.1500,649.1000,227316,20146,147774511
VSWS,N,20260617,JUBLPHARMA,EQ,Jubilant Pharmova,980.0000,998.8000,974.5500,994.0000,82702,7626,81830359
VSWS,N,20260617,JUNIORBEES,EQ,Nippon INft N50 JrBe,777.5000,780.7000,772.4500,779.8400,457488,8184,355590097
VSWS,N,20260617,JUNIPER,EQ,Juniper Hotels,199.4100,201.5000,197.6000,198.7600,79050,2435,15742914
VSWS,N,20260617,JUSTDIAL,EQ,Just Dial,543.8000,554.0000,540.3500,551.2500,296943,10251,162682523
VSWS,N,20260617,JWL,EQ,Jupiter Wagons,277.0000,284.7000,274.4500,279.3500,2137337,34708,595856992
VSWS,N,20260617,JYOTHYLAB,EQ,Jyothy Labs,206.0000,209.8900,203.2000,204.7100,923974,23156,190251047
VSWS,N,20260617,JYOTICNC,EQ,Jyoti CNC Automation,705.0500,717.4000,700.1000,706.9000,866799,25390,614467756
VSWS,N,20260617,JYOTIGLOBL,ST,Jyoti Global Plast,37.6000,38.0000,37.6000,38.0000,8000,4,302500
VSWS,N,20260617,JYOTISTRUC,EQ,Jyoti Structures,12.2600,12.5600,12.1800,12.4700,5881487,6083,72824286
VSWS,N,20260617,K2INFRA,SM,K2 Infragen,73.9000,82.6000,73.9000,78.3000,459000,566,36148530
VSWS,N,20260617,KABRAEXTRU,EQ,Kabra Extrusion Tech,240.8000,249.9800,239.6800,243.9800,14573,793,3582471
VSWS,N,20260617,KAJARIACER,EQ,Kajaria Ceramics,1152.0000,1161.0000,1136.4000,1155.9000,518921,22448,598194859
VSWS,N,20260617,KAKATCEM,BE,Kakatiya Cem & Sugar,126.8000,126.8000,120.1000,120.7200,1081,38,131179
VSWS,N,20260617,KALAMANDIR,EQ,Sai Silks (Kalamandi,105.8000,111.6000,105.6500,107.1100,1546069,15540,168149128
VSWS,N,20260617,KALANA,SM,Kalana Ispat,20.7000,20.7000,20.7000,20.7000,2000,1,41400
VSWS,N,20260617,KALPATARU,EQ,Kalpataru,337.0000,338.0000,328.8500,330.0500,123821,3312,41067828
VSWS,N,20260617,KALYANIFRG,EQ,Kalyani Forge,594.4000,607.4000,588.0000,593.0000,1155,81,689033
VSWS,N,20260617,KALYANKJIL,EQ,Kalyan Jewellers Ind,379.0000,386.0000,378.1500,383.0500,5166875,49308,1977942887
VSWS,N,20260617,KAMAHOLD,EQ,Kama Holdings,2675.0000,2699.9000,2602.0000,2612.5000,2820,566,7466805
VSWS,N,20260617,KAMATHOTEL,EQ,Kamat Hotels (India),168.1000,173.3300,167.4100,168.1200,52314,1466,8877033
VSWS,N,20260617,KAMDHENU,EQ,Kamdhenu,31.2000,31.3400,30.1600,30.3300,2094547,5417,64071025
VSWS,N,20260617,KAMOPAINTS,EQ,Kamdhenu Ventures,5.4000,5.4000,5.2400,5.2700,163652,574,866685
VSWS,N,20260617,KANANIIND,EQ,Kanani Industries,1.6100,1.6400,1.5600,1.5800,214408,356,343174
VSWS,N,20260617,KANCHI,BE,Kanchi Karpooram,394.0000,394.9500,379.9000,394.1500,2500,88,984294
VSWS,N,20260617,KANDARP,SM,Kandarp Digi Smart B,119.8000,120.0000,112.6000,116.2500,10000,6,1192350
VSWS,N,20260617,KANORICHEM,BE,Kanoria Chemicals,102.0000,109.5100,101.1300,109.5100,58744,361,6400159
VSWS,N,20260617,KANPRPLA,EQ,Kanpur Plastipacks,192.1600,192.5000,187.0000,190.9500,1719,181,328327
VSWS,N,20260617,KANSAINER,EQ,Kansai Nerolac Paint,217.3900,219.2400,209.1600,211.1100,502155,11462,107588535
VSWS,N,20260617,KAPSTON,EQ,Kapston Services,343.6500,355.0000,343.6500,345.0000,23772,668,8315676
VSWS,N,20260617,KARMAENG,EQ,Karma Energy,42.0000,43.0100,41.5200,42.0700,5516,130,232790
VSWS,N,20260617,KARNIKA,SM,Karnika Industries,136.3500,136.3500,136.0000,136.1500,3000,3,408700
VSWS,N,20260617,KARURVYSYA,EQ,Karur Vysya Bank,294.5500,298.0000,292.5000,296.7000,1780730,29708,526414273
VSWS,N,20260617,KATARIA,SM,Kataria Industries,100.0000,100.0000,100.0000,100.0000,600,1,60000
VSWS,N,20260617,KAUSHALYA,EQ,Kaushalya Infra Deve,850.0000,866.4000,835.0000,857.2000,85,25,72160
VSWS,N,20260617,KAVDEFENCE,EQ,Kavveri Defence & Wi,62.9800,63.7900,62.0000,63.0900,106872,1401,6717024
VSWS,N,20260617,KAYA,EQ,Kaya,260.0200,264.5600,252.0000,254.7000,9927,310,2551339
VSWS,N,20260617,KAYNES,EQ,Kaynes Technology I,3193.0000,3286.0000,3185.7000,3248.3000,1155064,62829,3755654446
VSWS,N,20260617,KAYTEX,SM,Kaytex Fabrics,62.0000,62.0000,60.0000,62.0000,21600,13,1300360
VSWS,N,20260617,KCEIL,ST,Kay Cee Energy & Inf,85.9000,87.8000,85.4000,86.5500,36000,68,3118975
VSWS,N,20260617,KCK,SM,Kck Industries,13.5000,13.6000,13.5000,13.6000,22500,5,305750
VSWS,N,20260617,KCP,EQ,K C P,165.6500,168.0000,164.1500,165.9700,134831,3362,22385329
VSWS,N,20260617,KCPSUGIND,EQ,KCP Sugar & Ind Corp,22.8700,22.8700,21.9500,22.2400,602563,2255,13358805
VSWS,N,20260617,KDDL,EQ,KDDL,2825.5000,2949.0000,2808.4000,2903.3000,18098,2610,51967981
VSWS,N,20260617,KDL,SM,Kore Digital,129.1500,132.5000,122.7000,123.1000,29850,149,3707985
VSWS,N,20260617,KEC,EQ,KEC International,529.8000,530.5500,516.8000,518.3000,816156,22640,424738978
VSWS,N,20260617,KECL,BE,Kirloskar Electric,101.9600,102.6000,101.9600,101.9600,124958,295,12769380
VSWS,N,20260617,KEEPLEARN,EQ,DSJ Keep Learning,2.0900,2.0900,1.9200,2.0000,18409,62,37062
VSWS,N,20260617,KEI,EQ,KEI Industries,5430.0000,5673.0000,5410.5000,5643.5000,440733,43121,2462683876
VSWS,N,20260617,KEL,SM,Kundan Edifice,78.3000,80.0000,78.0000,78.0000,6000,5,470760
VSWS,N,20260617,KELLTONTEC,EQ,Kellton Tech Solu,15.8000,16.1500,15.6600,15.8200,2450648,5173,38974108
VSWS,N,20260617,KEN,SM,Ken Enterprises,33.8500,36.0000,33.8500,35.7000,112800,28,3928440
VSWS,N,20260617,KENNAMET,EQ,Kennametal India,3062.9000,3099.0000,2981.0000,3051.2000,9170,1844,28005315
VSWS,N,20260617,KERNEX,EQ,Kernex Microsystems,2060.0000,2124.0000,2050.0000,2103.5000,340990,18409,711816448
VSWS,N,20260617,KESORAMIND,BE,Kesoram Industries,12.5900,12.6500,12.0100,12.3300,1668234,1443,20692651
VSWS,N,20260617,KEYFINSERV,EQ,Keynote Financial Se,252.1000,264.9500,252.1000,254.7000,3358,103,863552
VSWS,N,20260617,KFINTECH,EQ,KFin Technologies,880.0000,903.3000,865.0500,898.4500,2369203,57927,2104138035
VSWS,N,20260617,KHADIM,EQ,Khadim India,107.8100,109.3000,106.7100,108.4100,59234,1013,6419515
VSWS,N,20260617,KHAICHEM,BE,Khaitan Chemicals,58.2800,58.2800,55.8000,56.2400,49135,304,2780457
VSWS,N,20260617,KHAITANLTD,BE,Khaitan (India),126.0000,128.4300,122.5300,127.0000,446,57,56152
VSWS,N,20260617,KHANDSE,EQ,Khandwala Securities,18.4900,18.5000,17.7500,18.3900,2750,22,50027
VSWS,N,20260617,KHFM,SM,KHFM Hos & Facility,62.1000,64.0000,62.1000,63.9500,7750,5,488483
VSWS,N,20260617,KICL,EQ,Kalyani Investment C,5120.0000,5239.5000,5120.0000,5211.0000,2003,340,10428281
VSWS,N,20260617,KILITCH,EQ,Kilitch Drugs,184.4000,190.0000,177.9700,181.5500,191804,5835,35064795
VSWS,N,20260617,KIMS,EQ,Krishna Institute of,785.0000,799.3500,782.8000,796.4000,917511,33466,727360932
VSWS,N,20260617,KINGFA,EQ,Kingfa Science & Tec,5087.5000,5265.0000,5062.0000,5123.5000,23396,5325,119999039
VSWS,N,20260617,KIOCL,EQ,KIOCL,410.4000,416.9500,409.0000,410.7000,170472,7989,70229273
VSWS,N,20260617,KIRANVYPAR,EQ,Kiran Vyapar,184.1500,199.4500,182.1500,196.5200,6921,233,1332035
VSWS,N,20260617,KIRIINDUS,EQ,Kiri Industries,392.2500,402.0000,388.9500,395.7500,271261,5790,106892303
VSWS,N,20260617,KIRLFER,EQ,Kirloskar Ferrous,437.3000,449.4500,434.8000,444.3000,75913,5719,33566991
VSWS,N,20260617,KIRLOSBROS,EQ,Kirloskar Brothers,1825.8000,1859.0000,1795.9000,1847.0000,171329,17860,315763008
VSWS,N,20260617,KIRLOSENG,EQ,Kirloskar Oil Engine,1915.0000,2013.0000,1915.0000,1988.7000,369553,27799,730119457
VSWS,N,20260617,KIRLOSIND,EQ,Kirloskar Industries,3268.7000,3725.0000,3228.0000,3628.7000,274121,29991,989188530
VSWS,N,20260617,KIRLPNU,EQ,Kirloskar Pneumatic,1654.4000,1870.0000,1654.4000,1832.4000,1027172,73804,1828846510
VSWS,N,20260617,KISSHT,EQ,OnEMI Technology Sol,269.1000,281.2500,266.7000,277.1500,2501613,28449,692993423
VSWS,N,20260617,KITEX,EQ,Kitex Garments,155.2200,157.8000,153.6700,155.0400,2170561,9480,337178657
VSWS,N,20260617,KKCL,EQ,Kewal Kiran Clothing,477.9500,489.9500,476.9000,487.3000,28203,1645,13678812
VSWS,N,20260617,KKJEWELS,SM,Kabra Jewels,109.5000,110.5000,109.5000,110.5000,4000,2,439000
VSWS,N,20260617,KLBRENG-B,EQ,Kilburn Engineering,492.0000,506.4000,490.2500,497.3000,193809,5775,96862680
VSWS,N,20260617,KLL,SM,Kaushalya Logistics,34.4000,34.4000,33.6000,34.0500,150400,37,5112680
VSWS,N,20260617,KMEW,EQ,Knowledge Marine & E,1994.0000,2116.9000,1993.0000,2075.9000,198914,16526,411810250
VSWS,N,20260617,KMSUGAR,EQ,K M Sugar Mills,26.8000,27.1500,26.7200,26.8600,41337,413,1110986
VSWS,N,20260617,KNAGRI,EQ,KN Agri Resources,211.9000,211.9000,205.0000,206.6100,20196,1605,4214993
VSWS,N,20260617,KNRCON,EQ,KNR Constructions,129.3000,132.7900,129.3000,131.6400,1365482,14204,179524776
VSWS,N,20260617,KODYTECH,SM,Kody Technolab,981.0000,1050.0000,959.1500,1042.8500,14800,113,15052750
VSWS,N,20260617,KOHINOOR,EQ,Kohinoor Foods,25.8500,26.8900,25.8200,26.0400,141895,2197,3695881
VSWS,N,20260617,KOKUYOCMLN,EQ,Kokuyo Camlin,86.6500,87.3900,85.2700,85.8900,22225,710,1918994
VSWS,N,20260617,KOLTEPATIL,EQ,Kolte-Patil Develope,372.0000,376.0000,369.6000,375.1000,56336,2758,21028223
VSWS,N,20260617,KONSTELEC,ST,Konstelec Engineers,48.3000,48.7000,48.3000,48.7000,12000,7,581750
VSWS,N,20260617,KONTOR,SM,Kontor Space,60.0000,60.0000,60.0000,60.0000,1200,2,72000
VSWS,N,20260617,KOPRAN,BE,Kopran,181.2500,184.9000,178.0000,179.8600,79404,729,14347242
VSWS,N,20260617,KORE,SM,Jay Jalaram Technolo,128.6000,132.0000,127.6000,132.0000,3500,10,455288
VSWS,N,20260617,KOTAKBANK,EQ,Kotak Mahindra Bank,407.8500,408.7500,402.5500,404.5000,11654415,84598,4713250103
VSWS,N,20260617,KOTARISUG,EQ,Kothari Sugars,26.9500,27.1700,26.0200,26.4200,78832,461,2100954
VSWS,N,20260617,KOTHARIPET,EQ,Kothari Petrochem,123.5000,124.8000,122.6000,124.4400,64519,1458,7995467
VSWS,N,20260617,KOTHARIPRO,EQ,Kothari Products,69.2300,71.6000,69.2300,71.0800,14813,239,1050913
VSWS,N,20260617,KOTIC,EQ,Kothari Industrial,170.3000,170.7000,164.1000,168.0900,12030,241,2021258
VSWS,N,20260617,KOTYARK,EQ,Kotyark Industries,404.5000,412.9500,394.0000,399.2500,23648,848,9448453
VSWS,N,20260617,KOVAI,EQ,Kovai Medical,5785.0000,5900.0000,5728.0000,5833.5000,4148,1002,24157878
VSWS,N,20260617,KPEL,EQ,K P Energy,350.0000,357.3500,350.0000,355.1500,284371,5832,100634698
VSWS,N,20260617,KPIGREEN,EQ,KPI Green Energy,408.0500,412.3000,406.5500,410.1500,442558,10503,181294508
VSWS,N,20260617,KPIL,EQ,Kalpataru Projects I,1380.8000,1387.6000,1346.4000,1369.3000,374939,28101,512306369
VSWS,N,20260617,KPITTECH,EQ,KPIT Technologies,760.0500,767.7000,748.3000,752.0000,981294,27108,741782430
VSWS,N,20260617,KPL,EQ,Kwality Pharmaceutic,2462.0000,2484.9000,2348.6000,2361.1000,26506,3470,63034210
VSWS,N,20260617,KPRMILL,EQ,K P R Mill,1054.6000,1068.5000,1038.0500,1043.2500,186966,21548,195638706
VSWS,N,20260617,KRBL,EQ,K R B L,379.7500,383.2000,369.7000,373.6000,566906,12918,211763721
VSWS,N,20260617,KREBSBIO,EQ,Krebs Biochemicals &,66.9800,67.9000,64.2500,64.9200,4758,224,313225
VSWS,N,20260617,KRIDHANINF,BE,Kridhan Infra,2.8000,3.0000,2.8000,2.9000,10638,33,30853
VSWS,N,20260617,KRISHANA,EQ,Krishana Phoschem,681.6000,687.1500,675.2000,678.4500,62049,2546,42106816
VSWS,N,20260617,KRISHCA,SM,Krishca Strapping So,179.6000,180.0000,179.0000,179.0000,1500,3,269300
VSWS,N,20260617,KRISHIVAL,EQ,Krishival Foods,405.9500,406.8000,405.0000,405.2500,3414,80,1384502
VSWS,N,20260617,KRISHNADEF,EQ,Krishna Defence & Al,1268.0000,1333.0000,1244.4000,1306.0000,382345,23297,491937638
VSWS,N,20260617,KRITI,BE,Kriti Industries (I),72.0000,73.0000,71.0000,71.9600,12324,99,888272
VSWS,N,20260617,KRITIKA,EQ,Kritika Wires,6.1000,6.1000,6.0000,6.0100,92723,388,560105
VSWS,N,20260617,KRITINUT,BE,Kriti Nutrients,82.9900,84.2500,81.1100,82.3900,14491,213,1196960
VSWS,N,20260617,KRMAYURVED,ST,KRM Ayurveda,251.0000,252.0000,250.0000,250.0000,10000,6,2508000
VSWS,N,20260617,KRN,BE,KRN Heat Exchanger &,1228.3000,1249.9000,1210.0000,1224.2000,69978,3639,85912412
VSWS,N,20260617,KRONOX,EQ,Kronox Lab Sciences,156.4900,159.9800,150.0000,158.0700,372144,5483,58425082
VSWS,N,20260617,KROSS,EQ,Kross,187.1800,189.2800,185.5000,187.9100,217750,2934,40851282
VSWS,N,20260617,KRSNAA,EQ,Krsnaa Diagnostics,538.3500,545.0000,531.7500,533.2500,50411,3605,27112140
VSWS,N,20260617,KRYSTAL,EQ,Krystal Integrated S,585.0000,609.9000,585.0000,600.3000,69077,2776,41546033
VSWS,N,20260617,KSB,EQ,KSB,865.5000,875.0000,860.0500,870.2500,86818,7580,75273453
VSWS,N,20260617,KSCL,EQ,Kaveri Seed Company,871.9000,871.9000,847.0000,861.6500,81552,4423,69962427
VSWS,N,20260617,KSHINTL,EQ,KSH International,872.5500,897.4000,852.2000,861.5500,540584,24598,473127895
VSWS,N,20260617,KSHITIJPOL,BE,Kshitij Polyline,5.8800,5.8800,5.8800,5.8800,227085,717,1335260
VSWS,N,20260617,KSL,EQ,Kalyani Steels,815.0000,819.0000,807.0500,813.5500,11506,1263,9346708
VSWS,N,20260617,KSOLVES,EQ,Ksolves India,300.9500,309.0000,295.8500,298.0000,52571,4103,15857327
VSWS,N,20260617,KSR,EQ,KSR Footwear,30.9900,30.9900,30.0000,30.2300,10775,91,328993
VSWS,N,20260617,KTKBANK,EQ,Karnataka Bank,279.0500,280.6000,275.3000,277.1500,987984,13466,274166161
VSWS,N,20260617,KUANTUM,EQ,Kuantum Papers,75.6300,76.6900,74.8000,76.2200,75924,1042,5734602
VSWS,N,20260617,KWIL,EQ,Kwality Wall's (Indi,37.3200,38.4500,36.9500,37.1900,11565161,28559,433644675
VSWS,N,20260617,LAGNAM,EQ,Lagnam Spintex,83.6000,83.6000,79.0000,80.2000,10157,173,815191
VSWS,N,20260617,LAHOTIOV,EQ,Lahoti Overseas,44.5200,47.9000,44.5200,46.2600,19459,292,900708
VSWS,N,20260617,LAKPRE,BZ,Lakshmi Precision,4.9500,4.9500,4.7300,4.7300,6,4,29
VSWS,N,20260617,LAKSHYA,ST,Lakshya Powertech,113.0000,113.0000,113.0000,113.0000,1600,2,180800
VSWS,N,20260617,LAL,EQ,Lorenzini Apparels,7.4500,7.8400,7.3500,7.6200,163980,349,1243616
VSWS,N,20260617,LALPATHLAB,EQ,Dr Lal PathLabs,1650.0000,1693.4000,1638.0000,1651.8000,642575,35546,1069044501
VSWS,N,20260617,LAMBODHARA,EQ,Lambodhara Textile,108.0000,108.5000,106.0000,106.4300,3281,147,351346
VSWS,N,20260617,LAMOSAIC,SM,Lamosaic India,29.0000,34.0000,29.0000,33.5000,423000,139,14110800
VSWS,N,20260617,LANCORHOL,EQ,Lancor Holdings,25.6200,25.9800,24.8000,25.0900,130277,399,3285116
VSWS,N,20260617,LANDMARK,EQ,Landmark Cars,428.0000,428.0000,420.1500,422.7500,32156,1338,13626780
VSWS,N,20260617,LANDSMILL,EQ,Landsmill Green,0.8700,0.8800,0.8400,0.8500,4160011,1142,3565501
VSWS,N,20260617,LAOPALA,EQ,La Opala RG,182.8000,184.5000,180.2100,180.8900,48708,3022,8869551
VSWS,N,20260617,LASA,EQ,Lasa Supergenerics,7.5900,7.6400,7.2200,7.6000,33045,163,250348
VSWS,N,20260617,LATENTVIEW,EQ,Latent View Analytic,306.0000,310.8000,302.1000,303.7500,451169,12781,137860654
VSWS,N,20260617,LATTEYS,BE,Latteys Industries,22.8500,22.8500,22.0000,22.0800,28495,154,629965
VSWS,N,20260617,LAURUSLABS,EQ,Laurus Labs,1376.0000,1389.0000,1357.1000,1369.8000,1070660,37510,1465706311
VSWS,N,20260617,LAXMICOT,EQ,Laxmi Cotspin,15.0000,15.4000,14.6600,15.0400,5595,67,84224
VSWS,N,20260617,LAXMIDENTL,EQ,Laxmi Dental,231.2200,236.9000,224.1100,224.9700,138772,3690,31530312
VSWS,N,20260617,LAXMIINDIA,BE,Laxmi India Finance,112.6000,115.3400,111.1500,111.8800,34378,334,3897819
VSWS,N,20260617,LCCINFOTEC,EQ,LCC Infotech,4.3500,4.4500,4.1600,4.3800,16919,63,73955
VSWS,N,20260617,LEMERITE,EQ,Le Merite Exports,29.3800,29.3800,27.0900,27.2800,1403401,1705,38338511
VSWS,N,20260617,LEMONTREE,EQ,Lemon Tree Hotels,110.1000,111.6500,108.2500,108.4600,4663552,35769,510692744
VSWS,N,20260617,LENSKART,EQ,Lenskart Solutions,500.8000,506.9000,499.8500,503.6500,2736779,39125,1377448442
VSWS,N,20260617,LEXUS,EQ,Lexus Granito (India,16.4900,17.3000,16.3900,16.8400,70095,275,1186792
VSWS,N,20260617,LFIC,EQ,Lakshmi Fin & Ind Co,148.0000,161.1000,146.0000,153.4900,10042,164,1576428
VSWS,N,20260617,LGBBROSLTD,EQ,LG Balakrishnan,1541.0000,1569.7000,1508.0000,1534.2000,21032,2699,32284485
VSWS,N,20260617,LGEINDIA,EQ,LG Electronics India,1580.4000,1604.9000,1568.0000,1578.8000,920428,44099,1459816713
VSWS,N,20260617,LGHL,EQ,Laxmi Goldorna House,230.5000,232.0000,226.8100,229.4100,17321,586,3979455
VSWS,N,20260617,LIBAS,EQ,Libas Consumer Prod,12.2900,12.2900,11.6500,11.7100,20589,107,243306
VSWS,N,20260617,LIBERTSHOE,EQ,Liberty Shoes,237.5000,242.5000,236.3200,241.2700,20805,464,5009146
VSWS,N,20260617,LICHSGFIN,EQ,LIC Housing Finance,553.0000,555.8500,546.5000,551.0500,970189,22441,534422721
VSWS,N,20260617,LICI,EQ,Life Insurance Corp,410.5000,419.1500,408.6000,418.1500,4156009,41980,1726114109
VSWS,N,20260617,LICMFGOLD,EQ,LIC MF Gold ETF,135.3500,135.9500,134.5000,135.2000,413675,591,55917274
VSWS,N,20260617,LICNETFGSC,EQ,LIC Nomura MF GS ETF,29.0100,29.1500,29.0100,29.0700,63321,97,1841258
VSWS,N,20260617,LICNETFN50,EQ,LIC Nomura MF ETF Ni,268.1300,269.3300,267.3000,269.2000,1647,28,440888
VSWS,N,20260617,LICNETFSEN,EQ,LIC Nomura - Sensex,868.9100,870.2400,864.9700,865.2900,17,3,14714
VSWS,N,20260617,LICNFNHGP,EQ,LIC MF Nifty 100,272.8300,274.5000,272.8300,273.9100,470,27,128643
VSWS,N,20260617,LICNMID100,EQ,LIC MF Nifty Midcap,62.1000,63.3500,61.9500,62.5300,3337,69,208261
VSWS,N,20260617,LIKHITHA,BE,Likhitha Infrastruct,238.0000,244.7000,230.3000,242.0600,57951,620,13904553
VSWS,N,20260617,LINC,EQ,Linc,102.2500,104.7000,99.0200,99.9600,115191,882,11601116
VSWS,N,20260617,LINCOLN,EQ,Lincoln Pharm,646.0000,646.0500,623.2000,629.7500,46880,2556,29719013
VSWS,N,20260617,LINDEINDIA,EQ,Linde India,6995.0000,7050.0000,6939.0000,7029.0000,18031,4045,126050936
VSWS,N,20260617,LIQGRWBEES,EQ,Nippon India Nifty 1,1043.8000,1043.8200,1043.8000,1043.8000,53355,188,55692193
VSWS,N,20260617,LIQUID,EQ,Mirae Asset Nfty 1 D,1004.9900,1004.9900,999.9900,999.9900,359951,210,359950444
VSWS,N,20260617,LIQUID1,EQ,Kotak Nifty 1D Rate,1109.1100,1111.5700,1109.1100,1109.2600,927471,548,1028806979
VSWS,N,20260617,LIQUIDADD,EQ,DSP BSE Liquid Rate,1131.4300,1131.4400,1131.3400,1131.4300,225089,2469,254672791
VSWS,N,20260617,LIQUIDBEES,EQ,Nippon INft 1D RLBeE,999.9900,1000.0100,998.0900,999.9900,3391689,5053,3391672700
VSWS,N,20260617,LIQUIDBETF,EQ,Bajaj F Nfty 1D RL,1086.1800,1086.2000,1086.1800,1086.1900,215933,139,234544468
VSWS,N,20260617,LIQUIDCASE,EQ,Zerodha Nifty 1D Rat,114.5800,114.5800,114.5600,114.5700,13556466,9002,1553147884
VSWS,N,20260617,LIQUIDETF,EQ,DSP Nifty 1D Rate Li,1003.1000,1003.1000,999.9900,999.9900,67206,198,67206231
VSWS,N,20260617,LIQUIDIETF,EQ,ICICI Pru BSE L Rate,1000.0000,1000.0100,999.9900,999.9900,147154,172,147153922
VSWS,N,20260617,LIQUIDPLUS,EQ,Mirae A Nfty 1D R L,1090.1800,1090.2000,1090.1800,1090.1900,127831,237,139359879
VSWS,N,20260617,LIQUIDSBI,EQ,SBI Nifty 1D Rate ET,1000.0100,1000.0100,999.9900,1000.0000,2519,31,2518999
VSWS,N,20260617,LIQUIDSHRI,EQ,Shriram Nifty 1D Rat,1109.0100,1109.0100,1108.9900,1109.0000,1910,13,2118204
VSWS,N,20260617,LLOYDS,ST,Lloyds Luxuries,72.1000,79.3000,72.1000,79.3000,12000,11,934000
VSWS,N,20260617,LLOYDSENGG,EQ,Lloyds Engineering W,81.0000,88.8000,80.1000,87.6900,169981181,391870,14615373355
VSWS,N,20260617,LLOYDSENT,EQ,Lloyds Enterprises,71.4000,76.7900,71.4000,75.6100,15741140,58904,1183342869
VSWS,N,20260617,LLOYDSME,EQ,Lloyds Metals & Ener,1770.0000,1796.0000,1745.0000,1754.3000,437120,21352,774009606
VSWS,N,20260617,LMW,EQ,LMW,15666.0000,16840.0000,15666.0000,16410.0000,14875,4660,243668057
VSWS,N,20260617,LODHA,EQ,Lodha Developers,924.9500,925.1500,900.1500,914.8000,3535454,60273,3221829228
VSWS,N,20260617,LOKESHMACH,BE,Lokesh Machines,275.4500,279.5000,268.0000,273.2000,12949,129,3536007
VSWS,N,20260617,LORDSCHLO,EQ,Lords Chloro Alkali,134.6100,137.5900,133.8500,134.2000,4489,235,606526
VSWS,N,20260617,LOTUSDEV,EQ,Sri Lotus Developers,141.0000,142.9900,139.7500,141.4600,401754,4266,56682994
VSWS,N,20260617,LOTUSEYE,EQ,Lotus Eye Hosp & Ins,140.6000,142.2900,132.0000,136.2800,50859,1059,7007411
VSWS,N,20260617,LOVABLE,EQ,Lovable Lingerie,72.5000,74.8800,72.5000,74.0200,18926,338,1398379
VSWS,N,20260617,LOWVOL,EQ,Mirae Asset Nft100 L,202.5800,203.3700,202.5800,203.2400,207,8,41973
VSWS,N,20260617,LOWVOL1,EQ,Kotak Nifty 100 Low,21.3400,21.3400,20.6600,20.7600,1243297,609,25823981
VSWS,N,20260617,LOWVOLIETF,EQ,ICICIPru Nfty100LowV,21.8500,21.8500,21.6600,21.7600,800050,795,17394683
VSWS,N,20260617,LOYALTEX,BE,Loyal Textiles,204.0000,204.0000,204.0000,204.0000,34,4,6936
VSWS,N,20260617,LPDC,EQ,Landmark Property De,6.8100,7.0800,6.6000,6.7600,24875,138,168244
VSWS,N,20260617,LRRPL,SM,Lead Reclaim & Rubbe,91.0000,92.8000,91.0000,91.9500,19500,5,1780050
VSWS,N,20260617,LT,EQ,Larsen & Toubro,4200.1000,4214.7000,4172.0000,4207.7000,1312925,94040,5511324276
VSWS,N,20260617,LTF,EQ,L&T Finance,294.2500,295.8000,292.0000,294.1500,2767001,27435,813668084
VSWS,N,20260617,LTFOODS,EQ,LT Foods,383.5500,384.3500,378.4000,382.0000,599960,15447,228528582
VSWS,N,20260617,LTGILTBEES,EQ,Nippon INft 8-13 YGS,29.5800,29.6000,29.5500,29.5600,791622,492,23407721
VSWS,N,20260617,LTGILTCASE,EQ,Zerodha Nfty 8-13 Yr,30.6800,30.6800,30.0600,30.1000,701966,362,21130103
VSWS,N,20260617,LTM,EQ,LTM,4045.0000,4089.6000,3985.1000,3995.8000,500130,52665,2007848822
VSWS,N,20260617,LTTS,EQ,L&T Technology Servi,3464.0000,3504.8000,3434.0000,3453.8000,51558,8829,178646887
VSWS,N,20260617,LUMAXIND,EQ,Lumax Industries,5301.5000,5385.0000,5283.5000,5341.5000,9269,2478,49421751
VSWS,N,20260617,LUMAXTECH,EQ,Lumax Auto Technolog,1632.7000,1661.4000,1615.2000,1652.5000,127549,12984,209752671
VSWS,N,20260617,LUPIN,EQ,Lupin,2272.7000,2284.3000,2253.6000,2272.0000,594226,24039,1347560262
VSWS,N,20260617,LUXIND,EQ,Lux Industries,1299.8000,1339.0000,1236.0000,1242.2000,193276,9564,246600877
VSWS,N,20260617,LXCHEM,EQ,Laxmi Organic Indust,154.2500,155.9200,151.5000,151.8500,437716,6049,66838802
VSWS,N,20260617,LYKALABS,EQ,Lyka Labs,68.8000,72.5000,68.8000,70.5100,23639,366,1671047
VSWS,N,20260617,LYPSAGEMS,EQ,Lypsa Gems & Jewelle,5.0100,5.0100,4.8500,4.9000,20487,162,101020
VSWS,N,20260617,M&M,EQ,Mahindra & Mahindra,3145.0000,3165.0000,3090.0000,3132.9000,3186836,140046,9980201997
VSWS,N,20260617,M&MFIN,EQ,Mahindra & Mah Fin S,299.7000,300.0000,295.1000,297.5000,2154639,33688,639141080
VSWS,N,20260617,MAANALU,EQ,Maan Aluminium,127.0000,129.9000,127.0000,128.0500,67501,1268,8653975
VSWS,N,20260617,MACOBSTECH,SM,Macobs Technologies,220.0000,222.7000,220.0000,222.7000,4000,4,884320
VSWS,N,20260617,MACPOWER,EQ,Macpower CNC Machine,995.7500,1010.7000,990.5000,999.6000,14221,1388,14211347
VSWS,N,20260617,MADHAV,EQ,Madhav Granite,36.8000,37.4000,36.5500,36.7000,1761,32,64507
VSWS,N,20260617,MADHAVBAUG,SM,Vaidya Sane Ayurved,179.0000,179.1500,174.2000,174.2500,2800,7,491720
VSWS,N,20260617,MADHAVIPL,EQ,Madhav Infra Project,8.6200,9.3500,8.6200,8.9500,182291,547,1656044
VSWS,N,20260617,MADHUCON,EQ,Madhucon Projects,6.5900,6.6300,6.2600,6.6300,323843,667,2137835
VSWS,N,20260617,MADHUSUDAN,SM,Madhusudan Masala,140.4500,144.9500,140.4500,144.0000,5000,4,718350
VSWS,N,20260617,MADRASFERT,EQ,Madras Fertilizers,71.9900,72.8700,71.0700,71.8900,152728,2321,10996379
VSWS,N,20260617,MAFANG,EQ,Mirae Asset NYSE FAN,196.8300,196.8400,194.7500,196.8400,444420,7881,87470053
VSWS,N,20260617,MAFATIND,EQ,Mafatlal Industries,130.0000,131.0000,128.0000,128.7200,40292,829,5200475
VSWS,N,20260617,MAGADSUGAR,EQ,Magadh Sugar & Energ,456.0000,456.0000,450.0000,451.5500,2886,254,1303485
VSWS,N,20260617,MAGNUM,EQ,Magnum Ventures,20.0300,20.8000,19.7800,20.2500,14472,112,290780
VSWS,N,20260617,MAGSON,ST,Magson Retail & Dist,153.0000,160.0000,153.0000,160.0000,3000,3,470000
VSWS,N,20260617,MAHABANK,EQ,Bank of Maharashtra,88.2500,91.0000,87.1300,90.1400,26656586,83990,2382332438
VSWS,N,20260617,MAHAPEXLTD,EQ,Maha Rashtra Apex,48.2800,48.6500,47.0100,47.5200,5610,91,266758
VSWS,N,20260617,MAHASTEEL,BE,Mahamaya Steel Ind,802.2000,807.0000,780.3000,791.1500,2542,129,2018007
VSWS,N,20260617,MAHEPC,EQ,Mahindra EPC Irrigat,115.0200,120.6800,115.0200,116.7100,87842,2055,10343412
VSWS,N,20260617,MAHESHWARI,BE,Maheshwari Logistics,70.9800,72.0000,70.0000,71.3300,24419,101,1736439
VSWS,N,20260617,MAHICKRA,ST,Mahickra Chemicals,251.0000,253.8000,245.0000,249.9000,4500,6,1124775
VSWS,N,20260617,MAHKTECH,EQ,Mirae Asset HS TECH,23.1900,23.1900,23.0000,23.1900,687260,3944,15921342
VSWS,N,20260617,MAHLIFE,EQ,Mahindra Lifespace,340.1000,348.1000,337.3500,346.4000,108820,5700,37442688
VSWS,N,20260617,MAHLOG,EQ,Mahindra Logistics,344.9500,351.7000,343.5000,345.0000,167183,7535,57882971
VSWS,N,20260617,MAHSCOOTER,EQ,Maharashtra Scooters,12541.0000,12688.0000,12475.0000,12555.0000,3361,972,42327141
VSWS,N,20260617,MAHSEAMLES,EQ,Maharashtra Seamless,624.0000,630.9500,611.7000,614.9000,55338,5385,34422457
VSWS,N,20260617,MAITHANALL,EQ,Maithan Alloys,1064.9000,1138.2000,1062.0000,1129.1000,290072,13969,321340594
VSWS,N,20260617,MAITREYA,SM,Maitreya Medicare,145.0000,151.0000,143.3000,149.5000,6400,12,939260
VSWS,N,20260617,MAJESAUT,EQ,Majestic Auto,344.9000,344.9000,335.8000,338.6000,1066,80,361036
VSWS,N,20260617,MAKEINDIA,EQ,Mirae Asset Nifty (I,161.0000,163.0000,161.0000,162.6100,29969,303,4861000
VSWS,N,20260617,MAL,SM,Mangalam Alloys,33.5000,33.6000,32.5000,33.6000,40000,17,1341840
VSWS,N,20260617,MALLCOM,EQ,Mallcom (India),1061.0000,1100.0000,1039.6000,1097.0000,21702,1954,23578412
VSWS,N,20260617,MALUPAPER,EQ,Malu Paper Mills,32.8900,33.3000,32.2000,32.2500,10020,46,329330
VSWS,N,20260617,MAMATA,EQ,Mamata Machinery,371.2500,371.2500,366.0000,367.7000,33626,1594,12385785
VSWS,N,20260617,MANAKALUCO,EQ,Manaksia Aluminium C,40.8000,41.4500,39.4700,39.8000,86147,1133,3441376
VSWS,N,20260617,MANAKCOAT,EQ,Manaksia Coated Meta,111.9900,114.0800,111.9900,112.7400,85724,1576,9677153
VSWS,N,20260617,MANAKSIA,EQ,Manaksia,59.7600,60.9900,59.2500,60.1600,28599,342,1716277
VSWS,N,20260617,MANAKSTEEL,BE,Manaksia Steels,69.2900,69.2900,67.0100,67.7400,12623,69,854540
VSWS,N,20260617,MANALIPETC,EQ,Manali Petrochemical,67.5000,68.3900,66.1500,66.5900,457182,3404,30687658
VSWS,N,20260617,MANAPPURAM,EQ,Manappuram Finance,319.0000,321.9000,317.2500,319.0500,2097434,38026,669608128
VSWS,N,20260617,MANBA,EQ,Manba Finance,130.0000,130.8000,127.0000,129.7300,104834,1413,13493835
VSWS,N,20260617,MANCREDIT,EQ,Mangal Credit & Fin,224.9600,225.7900,212.2500,212.7500,270222,1719,58974424
VSWS,N,20260617,MANDEEP,SM,Mandeep Auto Industr,19.4000,19.7000,19.4000,19.7000,14000,7,274700
VSWS,N,20260617,MANGALAM,EQ,Mangalam Drugs & Org,29.6900,31.0000,29.1600,29.9000,25436,188,770551
VSWS,N,20260617,MANGLMCEM,EQ,Mangalam Cement,846.3000,859.9500,837.8500,848.7500,40479,2103,34475980
VSWS,N,20260617,MANINDS,EQ,Man Industries (I),574.0000,598.5000,571.0500,592.6000,881298,18629,518714220
VSWS,N,20260617,MANINFRA,EQ,Man Infraconstructio,114.1000,114.5000,105.6500,106.2100,3052923,14034,332432062
VSWS,N,20260617,MANKIND,EQ,Mankind Pharma,2352.6000,2381.2000,2352.6000,2364.1000,157426,10201,372593150
VSWS,N,20260617,MANOMAY,EQ,Manomay Tex India,179.9400,189.0000,178.0000,184.9800,56220,1236,10187039
VSWS,N,20260617,MANORAMA,EQ,Manorama Industries,1490.6000,1536.8000,1490.6000,1527.2000,65232,6953,99085322
VSWS,N,20260617,MANORG,BE,Mangalam Organics,544.6000,544.6000,505.0000,527.1500,11556,275,6178391
VSWS,N,20260617,MANUFGBEES,EQ,Nippon India Nifty I,159.5000,160.0000,159.0800,159.9600,2507,55,400568
VSWS,N,20260617,MANUGRAPH,BE,Manugraph India,15.8000,15.8000,15.4000,15.4300,2099,35,32435
VSWS,N,20260617,MANYAVAR,EQ,Vedant Fashions,413.9000,415.8500,410.4000,412.6000,67559,9018,27892777
VSWS,N,20260617,MAPMYINDIA,EQ,C E Info Systems,887.0000,934.8500,880.4500,889.7000,958456,38896,872375557
VSWS,N,20260617,MARALOVER,BE,Maral Overseas,56.5500,58.9500,56.0000,56.6500,4706,45,267529
VSWS,N,20260617,MARATHON,EQ,Marathon Nextgen Rea,407.5000,417.9000,407.0000,412.2000,39321,1820,16225354
VSWS,N,20260617,MARC,ST,Marc Technocrats,72.9500,74.0000,71.5500,73.0000,18000,9,1310760
VSWS,N,20260617,MARCO,SM,Marco Cables & Condu,31.2000,31.4500,30.5500,30.6000,9000,6,278175
VSWS,N,20260617,MARICO,EQ,Marico,811.0000,811.0000,796.0000,805.0000,1937674,43025,1553437776
VSWS,N,20260617,MARINE,EQ,Marine Electricals (,263.4000,267.0000,259.1000,264.6500,759890,12478,200073163
VSWS,N,20260617,MARINETRAN,SM,Marinetrans India,14.1000,14.1000,14.1000,14.1000,4000,1,56400
VSWS,N,20260617,MARKOLINES,EQ,Markolines Pavement,172.0000,173.1400,163.9100,165.0000,443164,3608,73841049
VSWS,N,20260617,MARKSANS,EQ,Marksans Pharma,249.0000,255.5500,246.2100,254.7500,1494630,18660,376247582
VSWS,N,20260617,MARSONS,EQ,Marsons,114.9900,119.4000,114.9900,117.6500,1329786,9828,155404105
VSWS,N,20260617,MARUTI,EQ,Maruti Suzuki India,13700.0000,13740.0000,13560.0000,13630.0000,241534,39753,3296608813
VSWS,N,20260617,MASFIN,EQ,MAS Financial Servic,314.0500,318.2000,310.6500,312.3000,115452,2955,36317392
VSWS,N,20260617,MASKINVEST,BE,Mask Investments,163.1500,163.1500,155.3900,155.9800,75,12,11829
VSWS,N,20260617,MASON,SM,Mason Infratech,149.0000,149.0000,143.0500,143.0500,2500,4,363575
VSWS,N,20260617,MASPTOP50,EQ,Mirae Asset S&P 500,79.4400,79.4500,79.0600,79.4500,365218,3129,29012253
VSWS,N,20260617,MASTEK,EQ,Mastek,1663.8000,1685.0000,1632.0000,1636.5000,30210,4817,49984262
VSWS,N,20260617,MASTER,SM,Master Components,345.0000,345.0000,345.0000,345.0000,1000,2,345000
VSWS,N,20260617,MASTERTR,EQ,Master Trust,78.1000,81.7800,78.1000,80.1000,758397,5645,60493828
VSWS,N,20260617,MATRIMONY,EQ,Matrimony.com,393.3500,397.4500,389.0000,390.2500,59195,1664,23174544
VSWS,N,20260617,MAWANASUG,BE,Mawana Sugars,110.0000,110.0000,107.0000,108.4400,41721,357,4507319
VSWS,N,20260617,MAXESTATES,EQ,Max Estates,453.0000,463.0500,452.0000,460.5000,54779,2100,25195451
VSWS,N,20260617,MAXHEALTH,EQ,Max Healthcare Insti,1025.4000,1029.6000,1017.2000,1026.1500,1093918,30528,1119072080
VSWS,N,20260617,MAXIND,EQ,Max India,159.0000,164.7000,159.0000,162.8400,31929,772,5161873
VSWS,N,20260617,MAXPOSURE,SM,Maxposure,33.0000,35.3500,33.0000,35.0000,21000,18,714000
VSWS,N,20260617,MAXVOLT,ST,Maxvolt Energy Indus,403.6500,406.9500,390.5000,402.7500,20400,50,8147440
VSWS,N,20260617,MAYURUNIQ,EQ,Mayur Uniquoters,825.5000,843.4500,820.0000,826.7500,120913,6813,100242030
VSWS,N,20260617,MAZDA,EQ,Mazda,228.6100,233.9500,228.6000,232.8000,10546,300,2446152
VSWS,N,20260617,MAZDOCK,EQ,Mazagon Dock Shipbui,2474.0000,2564.6000,2471.4000,2552.4000,1475743,57697,3719984586
VSWS,N,20260617,MBAPL,EQ,Madhya Bharat Agro P,566.2000,569.0500,556.7500,563.2500,105640,1818,59236708
VSWS,N,20260617,MBEL,EQ,M & B Engineering,309.0000,310.9500,304.5000,306.1000,272233,8189,83409122
VSWS,N,20260617,MBLINFRA,BE,MBL Infrastructure,27.1100,27.8000,26.2200,26.9300,22868,125,613279
VSWS,N,20260617,MCCHRLS-B,EQ,Mac Charles,666.0000,700.0000,666.0000,688.4500,29,16,19860
VSWS,N,20260617,MCL,EQ,M Tek Copper,58.5200,60.1900,58.5200,59.6100,40334,689,2404463
VSWS,N,20260617,MCLEODRUSS,BE,Mcleod Russel India,68.0300,68.0300,66.0500,66.0500,444775,328,30222007
VSWS,N,20260617,MCLOUD,EQ,Magellanic Cloud,29.0000,29.8000,27.5200,27.8300,10018419,23949,286688407
VSWS,N,20260617,MCON,SM,Mcon Rasayan India,50.5000,50.5000,50.1500,50.1500,15000,5,752600
VSWS,N,20260617,MCX,EQ,Multi Commodity Exch,2885.0000,2909.9000,2810.0000,2857.3000,3414894,181186,9717666791
VSWS,N,20260617,MDL,ST,Marvel Decor,75.0000,75.0000,74.0000,74.0000,7000,3,519000
VSWS,N,20260617,MEDANTA,EQ,Global Health,1241.9000,1271.9000,1236.1000,1254.4000,362479,23526,454965063
VSWS,N,20260617,MEDIASSIST,EQ,Medi Assist Healthca,372.3500,373.4500,362.6000,363.4500,52636,2700,19218370
VSWS,N,20260617,MEDICAMEQ,EQ,Medicamen Biotech,226.6500,229.0000,222.0500,224.3000,26293,822,5921576
VSWS,N,20260617,MEDICO,EQ,Medico Remedies,43.0500,43.3200,42.0000,42.9300,250330,1867,10706439
VSWS,N,20260617,MEDIORG,SM,Medicamen Organics,21.4500,21.5000,21.4500,21.5000,8000,4,171900
VSWS,N,20260617,MEDPLUS,EQ,Medplus Health Servi,868.0000,868.0000,855.6000,862.6500,73209,6490,63038380
VSWS,N,20260617,MEESHO,EQ,Meesho,167.5000,167.5000,163.3800,164.5600,13590082,70191,2252932349
VSWS,N,20260617,MEGASTAR,EQ,Megastar Foods,315.3000,327.5000,311.1000,322.8500,69683,1106,22287641
VSWS,N,20260617,MEGATHERM,SM,Megatherm Induction,195.3500,197.1500,194.6000,195.2000,36800,67,7200200
VSWS,N,20260617,MEIL,BE,Mangal Electrical In,310.3000,315.9500,310.3000,312.5000,15969,311,4996427
VSWS,N,20260617,MENNPIS,EQ,Menon Pistons,55.5200,57.4000,55.5100,55.6400,25797,353,1452039
VSWS,N,20260617,MENONBE,EQ,Menon Bearings,177.9000,182.0100,170.4000,175.7700,357151,7114,62914358
VSWS,N,20260617,MEP,BZ,MEP Infra Developers,0.8000,0.8000,0.7900,0.7900,67487,93,53327
VSWS,N,20260617,MERCANTILE,EQ,Mercantile Ventures,25.8500,26.4000,25.0000,25.0200,4529,55,114125
VSWS,N,20260617,MERCURYEV,BE,Mercury Ev-Tech,32.0000,32.1500,32.0000,32.0000,44193,229,1414555
VSWS,N,20260617,METAL,EQ,Mirae Asset Nifty Me,13.2600,13.2600,12.8700,13.1300,2868358,9640,37460588
VSWS,N,20260617,METALIETF,EQ,ICICI Pru Nifty Meta,13.1800,13.1800,12.8200,13.0900,10534589,9677,137229220
VSWS,N,20260617,METROBRAND,EQ,Metro Brands,1009.4000,1032.0000,1008.1000,1022.2000,37557,6885,38273267
VSWS,N,20260617,METROGLOBL,EQ,Metroglobal,131.5700,131.5700,125.5500,128.0200,3909,80,503000
VSWS,N,20260617,METROPOLIS,EQ,Metropolis Healthcar,538.4000,559.8500,538.0000,545.6000,384614,21489,210481214
VSWS,N,20260617,MFML,EQ,Mahalaxmi Fabric Mil,23.6300,23.7500,23.3000,23.3700,1020,23,24114
VSWS,N,20260617,MFSL,EQ,Max Financial Servic,1612.3000,1640.0000,1603.1000,1631.8000,353108,21943,574133627
VSWS,N,20260617,MGEL,BE,Mangalam Global Ente,16.5000,16.8500,16.2500,16.4300,258229,331,4240353
VSWS,N,20260617,MGL,EQ,Mahanagar Gas,1190.0000,1230.0000,1189.0000,1208.9000,547593,29868,662419981
VSWS,N,20260617,MGSL,SM,Matrix Geo Solutions,66.9500,66.9500,61.0000,61.7500,64800,28,4057440
VSWS,N,20260617,MHHL,SM,Mohini Health & Hygi,34.0500,34.0500,32.3000,32.3000,25500,12,826650
VSWS,N,20260617,MHLXMIRU,EQ,Mahalaxmi Rubtech,174.0000,174.0000,155.2000,166.8900,18064,396,2966342
VSWS,N,20260617,MHRIL,EQ,Mahindra Holidays &,231.9800,235.9900,229.5000,231.1300,147063,4704,34162286
VSWS,N,20260617,MICEL,EQ,MIC Electronics,42.8800,43.6400,42.8800,43.1700,416323,2994,17992531
VSWS,N,20260617,MICROPRO,SM,Micropro Software So,21.0000,21.0000,21.0000,21.0000,1600,1,33600
VSWS,N,20260617,MID150,EQ,Kotak Nif Mcap 150,22.4100,23.1700,22.4100,23.0900,18579,155,429078
VSWS,N,20260617,MID150BEES,EQ,Nippon India ETF Nif,234.1000,235.7200,233.9500,235.3700,516718,5135,121491078
VSWS,N,20260617,MID150CASE,EQ,Zerodha Nifty Midcap,11.9200,11.9200,11.3600,11.4100,1706570,3367,19455039
VSWS,N,20260617,MIDCAP,EQ,Kotak Nfty Mcap 50 E,17.6000,18.3000,17.6000,18.0300,519445,621,9357676
VSWS,N,20260617,MIDCAPADD,EQ,Dsp Nifty Midcap 150,22.6900,22.8500,22.6700,22.8400,12338,38,280300
VSWS,N,20260617,MIDCAPBETA,EQ,UTI Nifty MIDCAP 150,229.5000,230.3300,228.5000,229.9000,3559,38,815478
VSWS,N,20260617,MIDCAPETF,EQ,Mirae Asset Nifty MC,23.1300,23.4100,23.1300,23.2700,1910607,6904,44389238
VSWS,N,20260617,MIDCAPIETF,EQ,ICICI Pru Nifty Midc,23.6000,23.6500,23.4400,23.6000,1212315,2286,28547144
VSWS,N,20260617,MIDHANI,EQ,Mishra Dhatu Nigam,439.3000,451.2000,438.2500,448.8500,1519448,31120,678921932
VSWS,N,20260617,MIDQ50ADD,EQ,DSP Nifty Midc150 Ql,249.0100,250.9900,249.0100,250.1600,7079,118,1768321
VSWS,N,20260617,MIDSELIETF,EQ,ICICI Pru BSE MCap S,18.9800,18.9800,18.5500,18.9300,262860,797,4964385
VSWS,N,20260617,MIDSMALL,EQ,M A Nfty MidSCap400,51.5600,51.6200,51.2000,51.5300,201647,685,10371537
VSWS,N,20260617,MIDWESTLTD,EQ,Midwest,1291.6000,1303.0000,1272.1000,1293.4000,10426,1190,13455077
VSWS,N,20260617,MIEL,SM,Manglam Infra & Engi,13.5500,13.5500,13.3000,13.5000,14000,7,187600
VSWS,N,20260617,MINDACORP,EQ,Minda Corporation,655.3000,660.0000,640.1500,644.0000,381631,18357,247713720
VSWS,N,20260617,MINDTECK,EQ,Mindteck (India),212.1000,215.0000,210.0000,211.0700,55364,1442,11752124
VSWS,N,20260617,MIRCELECTR,BE,Onida Electronics,37.6000,38.2500,37.3100,37.7300,291048,655,11003253
VSWS,N,20260617,MIRZAINT,EQ,Mirza International,30.0600,31.3800,30.0600,31.0400,99182,805,3054225
VSWS,N,20260617,MITCON,BE,MITCON Consultancy &,82.6800,83.4000,81.0000,81.0000,7558,38,622377
VSWS,N,20260617,MITTAL,EQ,Mittal Life Style,1.0300,1.0500,1.0100,1.0200,391325,218,402608
VSWS,N,20260617,MKPL,EQ,M K Proteins,5.0600,5.0600,4.9000,4.9400,122150,401,607350
VSWS,N,20260617,MMEL,ST,Moving Media Enterta,31.3500,34.5500,31.3500,32.4000,10000,5,322000
VSWS,N,20260617,MMFL,EQ,M M Forgings,474.0000,475.7500,466.4000,471.8500,42708,2037,20145237
VSWS,N,20260617,MMP,EQ,MMP Industries,266.0000,271.0000,265.0500,266.6500,29443,677,7843858
VSWS,N,20260617,MMTC,EQ,M M T C,75.7400,78.3500,74.0300,76.0300,31851770,91197,2430981435
VSWS,N,20260617,MMWL,BE,Media Matrix,12.8000,13.4000,12.5900,13.3100,101107,100,1341092
VSWS,N,20260617,MNC,EQ,Kotak Nifty MNC ETF,33.3400,33.5700,33.0000,33.4600,46206,335,1542587
VSWS,N,20260617,MOALPHA50,EQ,MOswal Nifty Alpha 5,53.2400,53.3700,53.1700,53.3500,22462,25,1197750
VSWS,N,20260617,MOBANK10,EQ,Motilal Oswal BSE To,16.9800,17.0300,16.9600,17.0100,29148,44,495641
VSWS,N,20260617,MOBIKWIK,EQ,One Mobikwik Systems,200.2900,202.2500,197.4200,198.1900,995797,10174,198547152
VSWS,N,20260617,MOBILISE,ST,Mobilise App Lab,97.0000,97.0500,97.0000,97.0500,14400,2,1396880
VSWS,N,20260617,MOCAPITAL,EQ,Motilal Oswa Nifty C,55.4800,55.8500,54.4600,55.1600,894195,2756,49483059
VSWS,N,20260617,MODEFENCE,EQ,M Oswal Nifty I Defe,100.0900,105.0000,100.0900,104.1400,4960490,12527,509115408
VSWS,N,20260617,MODINATUR,BE,Modi Naturals,419.8000,419.8000,403.0500,415.2500,2200,103,905337
VSWS,N,20260617,MODIRUBBER,EQ,Modi Rubber,128.2900,129.9600,126.7500,128.3900,1793,36,228840
VSWS,N,20260617,MODIS,EQ,Modis Navnirman,344.1500,350.9500,344.0000,347.6500,9027,741,3149940
VSWS,N,20260617,MODISONLTD,BE,Modison,291.5000,306.1000,284.5500,306.0500,207932,1690,62551935
VSWS,N,20260617,MODTHREAD,EQ,Modern Thread,44.0000,46.7900,43.1200,43.6600,418,23,18289
VSWS,N,20260617,MOENERGY,EQ,MOswal Nifty Energy,40.0000,40.8600,39.2600,40.2800,116638,745,4681349
VSWS,N,20260617,MOGOLD,EQ,MOswal Gold ETF,148.7000,148.7000,147.5000,148.0500,28866,522,4270404
VSWS,N,20260617,MOGSEC,EQ,M Oswal Nifty 5 Yr B,64.3600,64.8700,64.3600,64.4400,102785,64,6655114
VSWS,N,20260617,MOHEALTH,EQ,M Oswal BSE Health,47.9800,48.2800,47.2600,47.6000,86736,512,4139254
VSWS,N,20260617,MOHITIND,EQ,Mohit Industries,23.0400,23.4200,22.5100,23.2100,6267,36,144345
VSWS,N,20260617,MOIL,EQ,MOIL,297.6000,302.3000,295.3000,296.3000,740726,12144,221136410
VSWS,N,20260617,MOINFRA,EQ,Motilal Oswal BSE In,62.5600,62.9600,62.3200,62.9100,5297,51,331024
VSWS,N,20260617,MOIPO,EQ,MOswal BSE Select IP,44.3000,44.3000,44.3000,44.3000,116,5,5139
VSWS,N,20260617,MOKSH,EQ,Moksh Ornaments,11.9100,12.3000,11.7000,11.9900,71709,141,861299
VSWS,N,20260617,MOL,EQ,Meghmani Organics,52.2000,53.5000,50.2500,50.5300,1155716,5017,59225762
VSWS,N,20260617,MOLDTECH,EQ,Mold Tek Techno,127.7100,130.0100,125.9900,129.8600,50711,941,6528123
VSWS,N,20260617,MOLDTKPAC,EQ,Mold-Tek Packaging,690.0000,707.0500,686.6000,696.0000,49308,3341,34479168
VSWS,N,20260617,MOLOWVOL,EQ,M Oswal BSE Low Vol,36.5300,36.6300,36.4100,36.5500,2209,42,80756
VSWS,N,20260617,MOM100,EQ,M Oswal Nifty Midcap,66.5400,67.4400,66.5400,67.0400,291565,1946,19516208
VSWS,N,20260617,MOM30IETF,EQ,ICICI Pru Nifty 200,31.7000,31.7000,31.5100,31.6600,679291,1436,21479449
VSWS,N,20260617,MOM50,EQ,Motilal Oswal Nfty,249.9100,251.3800,249.9100,250.7900,14241,121,3565384
VSWS,N,20260617,MOMENTUM,EQ,AB SL Nfty 200 Momen,30.8500,31.7600,30.8500,31.4100,61896,194,1947208
VSWS,N,20260617,MOMENTUM30,EQ,Kotak Nifty 200 Mome,31.0600,31.1600,30.8000,31.0800,61753,69,1920246
VSWS,N,20260617,MOMENTUM50,EQ,M Oswal Nifty 500 M,54.0000,54.0000,53.2400,53.5200,571722,1121,30561798
VSWS,N,20260617,MOMGF,EQ,M Oswal Nifty India,159.4700,159.4700,158.1200,159.1400,633,14,100682
VSWS,N,20260617,MOMIDMTM,EQ,MOswal Nifty Midcap1,64.8200,65.5700,64.6700,65.1700,51247,257,3328011
VSWS,N,20260617,MOMNC,EQ,MOswal Nifty MNC ETF,32.2100,32.5400,32.2100,32.4500,3718,15,120283
VSWS,N,20260617,MOMOMENTUM,EQ,MO Nifty 200 Momentu,63.1800,63.1800,62.7500,62.9000,42370,344,2667703
VSWS,N,20260617,MON100,EQ,Motilal Oswal NASDAQ,338.7000,338.7000,333.0200,333.3100,1660908,31086,557942483
VSWS,N,20260617,MON50EQUAL,EQ,M Oswal Nfty 50 Equa,33.2400,33.4000,32.7800,32.9500,18702,64,614946
VSWS,N,20260617,MONARCH,EQ,Monarch Networth Cap,346.0500,350.8000,343.5000,344.4500,161637,4565,56143085
VSWS,N,20260617,MONEXT50,EQ,M Oswal Nfty Next 50,71.9700,72.9000,70.9600,71.7400,17186,93,1234050
VSWS,N,20260617,MONEYBOXX,EQ,Moneyboxx Finance,69.7000,71.0000,69.0100,70.6100,16501,544,1153283
VSWS,N,20260617,MONIFTY100,EQ,MOswal Nifty 100 ETF,25.1600,25.2500,24.9100,25.1600,56063,79,1413540
VSWS,N,20260617,MONIFTY500,EQ,Motilal Oswal Nifty,23.6100,23.6900,23.4200,23.5900,5780584,1408,136448196
VSWS,N,20260617,MONOLITH,SM,Monolithisch India,700.0000,700.0000,673.0000,679.3500,41750,146,28619250
VSWS,N,20260617,MONOPHARMA,SM,Mono Pharmacare,11.1500,11.1500,10.9000,11.1500,14000,6,155400
VSWS,N,20260617,MONQ50,EQ,Motilal Oswal NasQ50,144.7000,144.7000,142.9300,144.7000,349633,3435,50591114
VSWS,N,20260617,MONTECARLO,EQ,Monte Carlo Fashions,543.4500,553.0000,541.0000,545.5500,32932,1777,17988381
VSWS,N,20260617,MOPSE,EQ,MOswal NIFTY PSE ETF,101.9200,102.7500,101.9200,102.0700,305,11,31111
VSWS,N,20260617,MOQUALITY,EQ,Motilal Oswal BSE Qu,202.0000,204.4600,202.0000,203.8300,2196,23,445618
VSWS,N,20260617,MORARJEE,BZ,Morarjee Textiles,8.6700,8.6700,8.6700,8.6700,752,5,6520
VSWS,N,20260617,MOREALTY,EQ,MO Nifty Realty ETF,81.5400,81.7300,80.1100,81.0700,1121108,2733,90949093
VSWS,N,20260617,MOREPENLAB,EQ,Morepen Laboratories,52.3000,52.8200,51.1000,51.4800,6498970,17622,337729112
VSWS,N,20260617,MOS,SM,Mos Utility,15.3500,15.9500,15.3000,15.9500,172000,34,2674400
VSWS,N,20260617,MOSCHIP,EQ,Moschip Technologies,217.7000,221.1300,214.1000,214.5200,1724969,21438,373798888
VSWS,N,20260617,MOSERVICE,EQ,MOswal Nifty Service,30.6800,30.7900,30.5900,30.7000,5018,14,153850
VSWS,N,20260617,MOSILVER,EQ,MOswal Silver ETF,243.0000,243.6000,241.7400,242.5800,17491,427,4246165
VSWS,N,20260617,MOSMALL250,EQ,MO Nfty Scap 250 ETF,17.5600,17.6400,17.3700,17.5900,4157624,3294,73068717
VSWS,N,20260617,MOTHERSON,EQ,Samvardhana Motherso,147.5100,147.5900,142.6300,145.1000,20551699,91470,2982127875
VSWS,N,20260617,MOTILALOFS,EQ,Motilal Oswal Financ,946.5500,960.0000,940.0000,942.8500,1087078,30339,1034921952
VSWS,N,20260617,MOTISONS,EQ,Motisons Jewellers,14.1500,14.5500,14.0000,14.3600,52013702,31230,744228341
VSWS,N,20260617,MOTOGENFIN,BE,Motor & General Fin,29.2500,30.1500,28.6000,29.3000,48603,148,1450757
VSWS,N,20260617,MOTOUR,EQ,MOswal Nifty India T,76.1800,76.6000,75.9100,76.5100,60199,157,4597705
VSWS,N,20260617,MOVALUE,EQ,M Oswal BSE Enhanced,116.4800,118.3500,116.4800,117.5700,98368,858,11572743
VSWS,N,20260617,MPEL,SM,Manas Polymers And E,42.7500,42.7500,41.2500,41.2500,56000,6,2376000
VSWS,N,20260617,MPHASIS,EQ,Mphasis,2335.9000,2361.8000,2320.0000,2340.2000,651241,36811,1524472508
VSWS,N,20260617,MPSLTD,EQ,MPS,1816.6000,1830.0000,1806.2000,1823.0000,9660,1098,17592769
VSWS,N,20260617,MRF,EQ,M R F,128940.0000,129590.0000,128205.0000,129245.0000,6926,4953,893636430
VSWS,N,20260617,MRIL,SM,Mahendra Realt & Inf,52.0000,53.5500,52.0000,53.5500,19200,12,1020240
VSWS,N,20260617,MRPL,EQ,M R P L,166.5100,168.9100,160.1000,161.0700,5885464,36931,961453041
VSWS,N,20260617,MSCI360,EQ,360 One MSCI India E,10.0800,10.8000,9.9300,10.1900,8139,33,82083
VSWS,N,20260617,MSCIADD,EQ,DSP MSCI India ETF,29.2000,29.4100,29.2000,29.2200,2901,14,84814
VSWS,N,20260617,MSCIINDIA,EQ,Kotak MSCI India ETF,29.5800,29.6900,29.4600,29.6000,150399,83,4442893
VSWS,N,20260617,MSPL,EQ,MSP Steel & Power,42.7800,42.8500,41.7900,41.9800,5650507,16545,237729945
VSWS,N,20260617,MSTCLTD,EQ,MSTC,698.0000,719.4000,676.7500,687.8000,5182987,95588,3611574418
VSWS,N,20260617,MSUMI,EQ,Motherson Sumi Wirin,37.7000,38.0400,36.9600,37.1700,21459638,47216,800139297
VSWS,N,20260617,MTARTECH,EQ,MTAR Technologies,7698.5000,8398.0000,7651.5000,8319.0000,4240038,358534,34525661653
VSWS,N,20260617,MTEDUCARE,BE,MT Educare,2.1000,2.1000,1.9000,1.9700,50047,88,100361
VSWS,N,20260617,MTNL,EQ,M T N L,31.4500,33.2500,31.3200,32.1500,6342453,19951,205128284
VSWS,N,20260617,MUFIN,EQ,Mufin Green Finance,124.3900,129.8200,123.8000,128.7100,3207403,13076,408904683
VSWS,N,20260617,MUFTI,EQ,Credo Brands Marketi,88.3200,92.4000,87.7200,90.3400,263350,2809,23766409
VSWS,N,20260617,MUKANDLTD,EQ,Mukand,135.4900,136.2500,133.6700,134.2700,160099,1945,21577321
VSWS,N,20260617,MUKKA,EQ,Mukka Proteins,25.1900,25.4000,24.5000,24.9100,580456,2087,14446572
VSWS,N,20260617,MUKTAARTS,EQ,Mukta Arts,66.0000,66.0000,63.1000,63.3300,4441,82,282613
VSWS,N,20260617,MULTICAP,EQ,Mirae A N500 Mcap 50,16.4300,16.4800,16.3500,16.4400,252622,507,4149845
VSWS,N,20260617,MUNISH,ST,Munish Forge,62.0000,62.0000,62.0000,62.0000,1200,1,74400
VSWS,N,20260617,MUNJALAU,EQ,Munjal Auto Ind,98.9800,99.4500,96.1000,96.6700,226378,2861,22098662
VSWS,N,20260617,MUNJALSHOW,EQ,Munjal Showa,129.7100,129.7100,128.7100,129.0900,23449,421,3028558
VSWS,N,20260617,MURUDCERA,EQ,Murudeshwar Ceramics,32.1200,32.1200,30.5500,31.9200,20704,144,654661
VSWS,N,20260617,MUTHOOTCAP,EQ,Muthoot Capital Serv,199.0000,204.0000,199.0000,200.3400,10317,365,2073993
VSWS,N,20260617,MUTHOOTFIN,EQ,Muthoot Finance,3157.5000,3201.2000,3133.3000,3190.6000,378452,24451,1202326020
VSWS,N,20260617,MUTHOOTMF,EQ,Muthoot Microfin,206.0000,208.5000,201.5000,205.0100,243036,4588,49799467
VSWS,N,20260617,MVGJL,EQ,Manoj Vaibhav Gems N,154.0000,154.0000,149.0200,150.5800,45492,1446,6857922
VSWS,N,20260617,MVKAGRO,SM,M V K Agro Food Prod,427.0000,442.9000,425.1500,426.8000,3600,10,1550475
VSWS,N,20260617,MWL,EQ,Mangalam Worldwide,371.0000,380.0000,371.0000,371.7000,13497,588,5037999
VSWS,N,20260617,MYMUDRA,SM,My Mudra Fincorp,76.7500,76.7500,72.6000,73.7500,152400,41,11407020
VSWS,N,20260617,NACLIND,EQ,NACL Industries,172.1700,176.4500,170.0000,170.6300,385470,5541,66624208
VSWS,N,20260617,NAGREEKCAP,BE,Nagreeka Capital & I,30.0000,30.0000,27.5500,28.0500,13059,84,363812
VSWS,N,20260617,NAGREEKEXP,EQ,Nagreeka Exports,26.8500,28.5000,26.5200,27.7100,24151,301,667438
VSWS,N,20260617,NAHARCAP,EQ,Nahar Capital and Fi,254.8500,255.7000,249.3000,251.8000,414,90,104668
VSWS,N,20260617,NAHARINDUS,EQ,Nahar Industrial,117.3000,118.3200,116.5000,117.3900,9539,232,1121197
VSWS,N,20260617,NAHARPOLY,EQ,Nahar Poly Films,249.4000,251.0000,247.0500,250.1500,5661,186,1412755
VSWS,N,20260617,NAHARSPING,BE,Nahar Spinning,243.0500,251.9500,243.0500,249.6000,17563,177,4329655
VSWS,N,20260617,NAM-INDIA,EQ,Nippon Life (I) Asse,1146.8000,1155.9000,1136.2000,1153.7000,419629,17696,482096953
VSWS,N,20260617,NAMAN,SM,Naman Industries Pro,45.5500,48.5000,45.5500,48.4000,14400,14,684080
VSWS,N,20260617,NAMOEWASTE,SM,Namo eWaste Manageme,249.3500,268.8000,249.3500,266.9000,151200,176,39774080
VSWS,N,20260617,NARMADA,EQ,Narmada Agrobase,37.4500,37.6700,36.0000,36.0800,591900,1864,21722496
VSWS,N,20260617,NATCAPSUQ,EQ,Natural Capsules,150.0000,155.5000,150.0000,151.7400,24863,301,3834381
VSWS,N,20260617,NATCOPHARM,EQ,Natco Pharma,850.0000,869.4000,844.4000,867.1000,616722,29672,529670641
VSWS,N,20260617,NATHBIOGEN,EQ,Nath Bio-Genes (Indi,169.7500,169.8000,166.6000,167.3200,7637,250,1280061
VSWS,N,20260617,NATIONALUM,EQ,National Aluminium,367.4000,372.0000,360.0000,370.0000,14263211,114508,5225270433
VSWS,N,20260617,NATIONSTD,EQ,National Standard I,1202.3000,1250.0000,1202.3000,1250.0000,20,8,24774
VSWS,N,20260617,NAUKRI,EQ,Info Edge (India),1016.0000,1027.0000,1003.2500,1017.0500,1499058,39763,1523495826
VSWS,N,20260617,NAVA,EQ,Nava,619.9500,622.3000,608.0000,610.5500,291195,13300,179234414
VSWS,N,20260617,NAVINFLUOR,EQ,Navin Fluorine Int,7400.0000,7510.0000,7308.0000,7344.0000,245256,40437,1819654136
VSWS,N,20260617,NAVKARCORP,EQ,Navkar Corporation,107.8900,108.8900,104.6100,105.0500,623514,4634,66345941
VSWS,N,20260617,NAVKARURB,EQ,Navkar Urbanstructur,1.0800,1.1300,1.0700,1.1100,3285986,860,3663601
VSWS,N,20260617,NAVNETEDUL,EQ,Navneet Education,139.7000,141.0000,138.8700,140.1300,87063,1046,12166172
VSWS,N,20260617,NAZARA,EQ,Nazara Technologies,305.0000,306.0000,295.8000,299.6000,1760106,24007,526990477
VSWS,N,20260617,NBCC,EQ,NBCC (India),109.4000,113.2000,108.8200,112.8300,27859510,91180,3100092203
VSWS,N,20260617,NBIFIN,EQ,NBI Industrial Fin,1852.0000,1885.0000,1850.0000,1864.8000,199,26,371270
VSWS,N,20260617,NCC,EQ,NCC,153.6900,156.4500,153.0500,154.3600,2348252,32984,363566878
VSWS,N,20260617,NCLIND,EQ,NCL Industries,197.9000,200.0000,194.1000,195.3600,234853,3314,46256242
VSWS,N,20260617,NDGL,EQ,Naga Dhunseri Group,2601.0000,2649.9000,2565.2000,2615.8000,136,42,354046
VSWS,N,20260617,NDL,EQ,Nandan Denim,2.5700,2.6500,2.5400,2.5800,1057362,1023,2745803
VSWS,N,20260617,NDLVENTURE,EQ,NDL Ventures,126.0000,130.8300,126.0000,128.3300,14224,183,1827356
VSWS,N,20260617,NDRAUTO,EQ,NDR Auto Components,862.0000,885.0000,841.7000,854.9500,89104,5506,77135208
VSWS,N,20260617,NDTV,EQ,New Delhi Television,82.2000,83.5000,80.9800,81.6500,160835,1784,13171004
VSWS,N,20260617,NEAGI,EQ,Neelamalai Agro,3101.0000,3101.0000,3101.0000,3101.0000,1,1,3101
VSWS,N,20260617,NECCLTD,EQ,North Eastern Carry,17.0100,18.0000,17.0100,17.3400,72868,439,1273934
VSWS,N,20260617,NECLIFE,BE,Nectar Lifesciences,12.0000,12.1700,11.7000,12.0800,144439,361,1723301
VSWS,N,20260617,NEELAM,SM,Neelam Linens & Garm,10.5000,10.5000,10.4000,10.4000,36000,6,375000
VSWS,N,20260617,NELCAST,EQ,Nelcast,139.0000,139.1700,136.1400,137.9900,99616,1960,13731140
VSWS,N,20260617,NELCO,EQ,Nelco,721.0000,750.0000,718.8000,743.9000,279273,7651,206657713
VSWS,N,20260617,NEOCHEM,ST,Neochem Bio Solution,95.3500,98.7000,94.5000,98.4500,54000,15,5284320
VSWS,N,20260617,NEOGEN,EQ,Neogen Chemicals,2082.3000,2085.0000,1905.0000,1933.7000,300914,34489,589218404
VSWS,N,20260617,NEPHROCARE,ST,Nephro Care India,68.0500,69.0000,67.0000,68.8500,8400,17,572840
VSWS,N,20260617,NEPHROPLUS,EQ,Nephrocare Health Se,746.0000,747.0000,720.6500,737.0000,112979,6429,82760878
VSWS,N,20260617,NEPTUNE,SM,Neptune Petrochemica,185.0000,185.0000,181.6000,183.8500,7000,13,1285750
VSWS,N,20260617,NESCO,EQ,Nesco,1119.4000,1123.5000,1108.7000,1116.2000,46631,5397,52091337
VSWS,N,20260617,NESTLEIND,EQ,Nestle,1392.0000,1415.5000,1387.1000,1407.3000,1876655,66073,2639866527
VSWS,N,20260617,NETF,EQ,Tata Nifty 50 ETF,258.0000,262.9000,258.0000,260.4200,3634,129,945884
VSWS,N,20260617,NETWEB,EQ,Netweb Technologies,4899.8000,5038.0000,4850.0000,4911.5000,2612717,196946,12876430244
VSWS,N,20260617,NETWORK18,EQ,Network 18 Media,33.9000,35.0400,33.4300,34.2000,11422654,26193,392176757
VSWS,N,20260617,NEULANDLAB,EQ,Neuland Laboratories,16721.0000,17078.0000,16679.0000,17016.0000,20633,6976,349400469
VSWS,N,20260617,NEWGEN,EQ,Newgen Software Tech,480.4000,514.9000,478.6000,488.0500,9712485,166172,4829684350
VSWS,N,20260617,NEWJAISA,ST,Newjaisa Technologie,16.7000,16.7000,16.7000,16.7000,31500,7,526050
VSWS,N,20260617,NEXT30ADD,EQ,DSP BSE Sensex Next,42.0800,42.1900,41.9200,42.0700,1450,46,61037
VSWS,N,20260617,NEXT50,EQ,Mirae Ass Nif Next50,737.2400,744.0000,737.0100,743.1000,12122,495,8985780
VSWS,N,20260617,NEXT50ADD,EQ,DSP Nifty Next 50 ET,72.1700,72.3900,71.7700,72.2600,4050,39,292170
VSWS,N,20260617,NEXT50BETA,EQ,UTI Nifty Next 50 ET,77.3800,77.9300,77.0200,77.7100,90689,472,7029054
VSWS,N,20260617,NEXT50ETF,EQ,Kotak Nifty Next 50,72.2400,72.7400,71.6000,72.6300,145882,117,10556411
VSWS,N,20260617,NEXT50IETF,EQ,ICICIPru Nifty N ETF,75.4400,76.5000,75.4400,76.2400,1343705,4090,102115257
VSWS,N,20260617,NEXTMEDIA,EQ,Next Mediaworks,3.9200,3.9900,3.8500,3.9900,12524,31,49180
VSWS,N,20260617,NFL,EQ,National Fertiliser,78.2900,78.9900,77.0100,78.0600,2473373,13144,193099682
VSWS,N,20260617,NFPSAMPOOR,SM,NFP Sampoorna Foods,27.1500,27.1500,27.1500,27.1500,12000,6,325800
VSWS,N,20260617,NGIL,BE,Nakoda Group of Indu,38.9900,38.9900,37.0100,37.2600,6657,33,248435
VSWS,N,20260617,NGLFINE,EQ,NGL Fine Chem,2982.0000,3095.9000,2877.2000,2930.3000,35458,5640,105764698
VSWS,N,20260617,NH,EQ,Narayana Hrudayalaya,1865.4000,1872.9000,1833.6000,1843.1000,279615,24687,517020118
VSWS,N,20260617,NHPC,EQ,NHPC,75.0000,75.1800,74.1200,74.4100,12688591,36805,945492219
VSWS,N,20260617,NIACL,EQ,New India Assurance,161.7600,168.6900,160.9600,165.4600,2002095,28487,331344609
VSWS,N,20260617,NIBE,EQ,Nibe,1619.0000,1668.0000,1611.0000,1625.3000,157228,9078,256533453
VSWS,N,20260617,NIBL,EQ,NRB Industrial Beari,31.0000,31.6300,30.2100,30.5300,9637,90,297777
VSWS,N,20260617,NIDAN,SM,Nidan Lab & Health,13.9000,13.9000,13.5000,13.5000,3000,3,41300
VSWS,N,20260617,NIF100BEES,EQ,Nippon India ETF Ni,266.9700,268.0000,264.0000,266.0200,115448,661,30698528
VSWS,N,20260617,NIF100IETF,EQ,ICICI Pru Nifty 100,27.8600,28.0400,27.2800,27.9300,62108,1095,1734418
VSWS,N,20260617,NIFTY1,EQ,Kotak Nifty 50 ETF,265.4600,267.8000,264.5900,265.8900,107803,1308,28656926
VSWS,N,20260617,NIFTY100EW,EQ,Kotak Nifty 100 Equa,35.1700,35.1700,34.4800,34.5900,22161,412,766748
VSWS,N,20260617,NIFTYADD,EQ,DSP Nifty 50 ETF,251.8500,252.8700,251.1200,252.4600,14883,252,3748483
VSWS,N,20260617,NIFTYBEES,EQ,Nippon INft 50 BeES,272.8000,273.2200,271.4800,273.1100,7353183,34358,2004979899
VSWS,N,20260617,NIFTYBETA,EQ,UTI Nifty 50 ETF,267.2400,268.4600,264.2500,265.5900,159042,1215,42181009
VSWS,N,20260617,NIFTYBETF,EQ,Bajaj Finserv Nifty,246.4200,247.2700,245.7300,246.3300,3502,60,861807
VSWS,N,20260617,NIFTYCASE,EQ,Zerodha Nifty 50 ETF,9.8000,9.8000,9.5700,9.6000,1630222,1573,15648328
VSWS,N,20260617,NIFTYETF,EQ,Mirae Asset Nifty 50,259.9000,260.8800,259.5600,260.5000,102240,802,26616821
VSWS,N,20260617,NIFTYIETF,EQ,ICICI Pru Nifty 50,270.1500,273.0000,270.1500,271.6100,1328562,14279,360373573
VSWS,N,20260617,NIFTYQLITY,EQ,AB SL Nifty 200 Q 30,21.1800,21.2900,20.9300,21.1200,17106,151,360367
VSWS,N,20260617,NIITLTD,EQ,N I I T,107.0000,110.0000,101.2200,103.5000,7899997,44636,833904389
VSWS,N,20260617,NIITMTS,EQ,NIIT Learning System,222.9500,226.9300,217.5000,221.5200,335327,11321,74458092
VSWS,N,20260617,NIKITA,SM,Nikita Greentech Rec,91.5000,98.5500,91.5000,98.2500,97200,44,9249240
VSWS,N,20260617,NILAINFRA,EQ,Nila Infrastructures,8.1900,8.2000,8.0100,8.0800,250353,760,2028322
VSWS,N,20260617,NILASPACES,EQ,Nila Spaces,13.0600,13.4200,12.8500,13.0200,230363,736,2991888
VSWS,N,20260617,NILE,EQ,Nile,1833.6000,1845.0000,1764.0000,1776.4000,2069,380,3716399
VSWS,N,20260617,NILKAMAL,EQ,Nilkamal,1280.0000,1298.9000,1274.6000,1282.2000,16367,954,21079294
VSWS,N,20260617,NIMBSPROJ,BE,Nimbus Projects,213.3900,214.0000,208.7000,209.9400,307,17,64524
VSWS,N,20260617,NINSYS,BE,NINtec Systems,704.8000,719.9000,686.0000,692.3500,2124,124,1480856
VSWS,N,20260617,NIPPOBATRY,EQ,Indo National,365.9000,373.9500,365.9000,369.4500,6100,299,2243861
VSWS,N,20260617,NIRAJ,BE,Niraj Cement Structu,31.0000,31.0000,31.0000,31.0000,44434,82,1377454
VSWS,N,20260617,NIRAJISPAT,EQ,Niraj Ispat Industri,219.5000,219.5000,217.7000,217.7000,39,4,8529
VSWS,N,20260617,NIRLON,EQ,Nirlon,621.2000,623.7500,600.8500,616.4500,34336,864,21256984
VSWS,N,20260617,NIRMAN,SM,Nirman Agri Gentics,45.2500,46.9500,45.2000,46.4000,4500,15,206235
VSWS,N,20260617,NITCO,EQ,Nitco,96.0000,97.5000,93.5200,95.9100,969011,6000,92475238
VSWS,N,20260617,NITINSPIN,EQ,Nitin Spinners,550.9500,555.0000,543.0000,547.6000,56811,2097,31075649
VSWS,N,20260617,NITIRAJ,EQ,Nitiraj Engineers,197.1200,197.1200,188.3000,190.2300,2319,120,443950
VSWS,N,20260617,NITTAGELA,EQ,Nitta Gelatin India,1450.1000,1595.0000,1445.2000,1552.9000,23009,2712,34955617
VSWS,N,20260617,NIVABUPA,EQ,Niva Bupa Health Ins,84.2500,85.0500,83.3000,84.7000,828536,10403,69945961
VSWS,N,20260617,NKIND,EQ,NK Industries,64.0100,64.0100,64.0100,64.0100,3,1,192
VSWS,N,20260617,NLCINDIA,EQ,NLC India,314.4000,317.3500,307.8500,311.0000,2857167,28348,892424204
VSWS,N,20260617,NMDC,EQ,N M D C,88.1500,88.7500,87.4600,88.0000,15439175,55547,1359776634
VSWS,N,20260617,NMSTEEL,SM,Newmalayalam Steel,24.0000,24.0000,23.5000,24.0000,8000,4,189600
VSWS,N,20260617,NOCIL,EQ,NOCIL,161.7700,164.1900,160.8400,161.1200,206586,2957,33436400
VSWS,N,20260617,NOIDATOLL,BE,Noida Toll Bridge Co,4.8500,5.1500,4.7500,4.8900,416172,578,1997491
VSWS,N,20260617,NORBTEAEXP,EQ,Norben Tea & Exports,74.8100,76.7900,72.0000,72.3800,2217,78,161828
VSWS,N,20260617,NORTHARC,EQ,Northern Arc Capital,300.0000,302.7000,294.3000,295.7000,283189,6647,84428740
VSWS,N,20260617,NOVAAGRI,BE,Nova Agritech,26.4300,26.5000,26.0000,26.2800,86386,414,2257539
VSWS,N,20260617,NOVARTIND,EQ,Novartis India,1296.0000,1383.5000,1296.0000,1365.6000,13589,1555,18304108
VSWS,N,20260617,NPBET,EQ,Tata Nifty Pvt Bank,287.4200,289.5000,287.3500,287.5500,781,20,224709
VSWS,N,20260617,NPST,EQ,Network People Serv,1560.9000,1632.9000,1560.9000,1623.9000,20053,2646,32287682
VSWS,N,20260617,NRAIL,EQ,NR Agarwal Ind,441.0000,449.7500,440.0000,441.8000,2002,126,886929
VSWS,N,20260617,NRBBEARING,EQ,NRB Bearings,425.6000,432.0000,418.3500,420.6000,300512,7763,127380207
VSWS,N,20260617,NRL,EQ,Nupur Recyclers,77.9700,79.9000,75.5500,76.6100,105896,1279,8258971
VSWS,N,20260617,NRVANDANA,ST,N R Vandana Tex Indu,71.0000,71.8000,68.2000,71.0000,111000,17,7890600
VSWS,N,20260617,NSIL,EQ,Nalwa Sons Invest,5625.0000,5670.0000,5584.5000,5645.5000,1566,409,8821423
VSWS,N,20260617,NSLNISP,EQ,NMDC Steel,47.6500,48.5500,47.2100,47.5900,3595792,16400,171922759
VSWS,N,20260617,NTPC,EQ,N T P C,355.5500,356.0500,352.0500,355.5500,9299676,135292,3290996954
VSWS,N,20260617,NTPCGREEN,EQ,NTPC Green Energy,98.2200,98.4900,96.9000,96.9900,3895919,31608,378962262
VSWS,N,20260617,NUCLEUS,EQ,Nucleus Software Exp,772.3500,799.0000,762.0000,767.2500,60147,3991,47098599
VSWS,N,20260617,NURECA,EQ,Nureca,238.4000,240.9000,235.0000,239.0500,9014,344,2144176
VSWS,N,20260617,NUVAMA,EQ,Nuvama Wealth Manage,1665.5000,1735.2000,1663.2000,1726.7000,886482,42901,1513859429
VSWS,N,20260617,NUVOCO,EQ,Nuvoco Vistas Corpor,313.0000,323.7000,310.7000,320.2500,575891,16851,183417479
VSWS,N,20260617,NV20,EQ,Kotak Nifty 50 Value,14.2700,14.2900,14.2000,14.2100,33191,144,472855
VSWS,N,20260617,NV20BEES,EQ,Nippon INft 50 V20,142.5000,142.9400,142.0100,142.6000,11549,181,1644996
VSWS,N,20260617,NV20IETF,EQ,ICICI Pru Nifty50 Va,13.8800,13.9900,13.8400,13.9100,152151,1449,2115385
VSWS,N,20260617,NYKAA,EQ,FSN E-Commerce Ventu,273.6500,282.3500,273.1500,280.9500,9414746,90493,2634494214
VSWS,N,20260617,OAL,EQ,Oriental Aromatics,344.9000,345.0000,335.6000,340.8500,9842,450,3353893
VSWS,N,20260617,OBCL,EQ,OBCL,56.3300,60.1000,56.3300,58.6000,36929,205,2116640
VSWS,N,20260617,OBEROIRLTY,EQ,Oberoi Realty,1668.4000,1697.9000,1650.6000,1694.8000,602476,25186,1009622569
VSWS,N,20260617,OBSCP,SM,OBSC Perfection,508.0500,539.0000,508.0500,534.7000,33200,81,17520980
VSWS,N,20260617,OCCLLTD,BE,OCCL,135.0000,137.0000,129.0000,130.0200,55887,389,7405539
VSWS,N,20260617,ODIGMA,EQ,Odigma Consultancy S,23.6900,24.0000,23.1000,23.9200,44895,792,1064960
VSWS,N,20260617,OFSS,EQ,Oracle Fin & Serv So,9545.0000,9609.0000,9380.0000,9444.5000,151082,21781,1426184197
VSWS,N,20260617,OIL,EQ,Oil India,419.0000,419.6000,412.5000,417.0500,2796268,47265,1162248497
VSWS,N,20260617,OILCOUNTUB,BE,Oil Country Tubular,57.0000,57.4000,55.9000,56.3400,19688,129,1117265
VSWS,N,20260617,OILIETF,EQ,ICICI Pru Nifty Oil,11.8500,11.8500,11.4300,11.4600,1682242,1944,19285236
VSWS,N,20260617,OLAELEC,EQ,Ola Electric Mobilit,43.4500,44.2100,42.3500,42.6700,104184097,154934,4495902847
VSWS,N,20260617,OLECTRA,EQ,Olectra Greentech,1273.7000,1367.5000,1270.7000,1354.9000,2000850,83055,2665520277
VSWS,N,20260617,OLIL,ST,Oneclick Logistics I,460.0000,460.0000,425.6000,429.1000,13200,30,5679520
VSWS,N,20260617,OMAXAUTO,BE,Omax Autos,227.8100,235.0000,221.0000,227.2200,49054,576,11064853
VSWS,N,20260617,OMAXE,EQ,Omaxe,79.0000,79.3400,76.5600,77.1000,90849,1242,7084916
VSWS,N,20260617,OMFREIGHT,EQ,Om Freight Forwarder,82.8400,84.2900,82.2500,82.3000,4843,152,401846
VSWS,N,20260617,OMINFRAL,EQ,Om Infra,85.5000,86.4500,84.8200,85.6900,35524,945,3038241
VSWS,N,20260617,OMNI,EQ,Omnitech Engineering,495.0000,516.9000,481.4000,493.2000,884994,27355,444227223
VSWS,N,20260617,OMPOWER,EQ,Om Power Transmissio,178.7700,182.1900,176.2000,178.3800,117453,1898,21110005
VSWS,N,20260617,ONDOOR,ST,On Door Concepts,192.0500,198.9000,192.0000,195.1000,27000,45,5275350
VSWS,N,20260617,ONELIFECAP,BE,Onelife Capital Advi,28.7800,29.4800,28.5000,29.4800,61832,180,1805411
VSWS,N,20260617,ONEPOINT,EQ,One Point One Soluti,60.0400,61.1600,59.0500,59.8000,1321115,5055,79823367
VSWS,N,20260617,ONESOURCE,EQ,Onesource Spec Pharm,1601.0000,1626.9000,1601.0000,1617.1000,65344,6960,105524822
VSWS,N,20260617,ONGC,EQ,Oil & Natural Gas,246.0000,247.7500,244.0000,245.0000,12816262,88956,3144783012
VSWS,N,20260617,ONMOBILE,EQ,OnMobile Global,54.7600,54.7700,51.6400,52.6000,465631,2996,24587651
VSWS,N,20260617,ONWARDTEC,EQ,Onward Technologies,252.0000,261.0000,251.8500,257.4000,48045,2117,12360254
VSWS,N,20260617,ONYX,ST,Onyx Biotec,36.3500,37.3000,36.1000,36.6000,14000,7,512100
VSWS,N,20260617,OPTIEMUS,EQ,Optiemus Infracom,425.2000,458.0000,425.2000,451.1000,350025,9360,157326197
VSWS,N,20260617,OPTIVALUE,SM,Optivalue Tek Consul,75.4500,78.0000,75.4500,78.0000,14400,8,1098640
VSWS,N,20260617,ORBTEXP,EQ,Orbit Exports,235.9900,246.7000,210.9800,212.3600,318400,8771,72972522
VSWS,N,20260617,ORCHASP,EQ,Orchasp,1.9300,1.9400,1.5600,1.7700,2301619,1367,3980119
VSWS,N,20260617,ORCHPHARMA,EQ,Orchid Pharma,1028.8500,1067.8500,1006.3500,1036.8500,271306,24375,281565587
VSWS,N,20260617,ORIANA,SM,Oriana Power,1666.0000,1696.0000,1630.0000,1641.4000,46950,498,77790229
VSWS,N,20260617,ORICONENT,EQ,Oricon Enterprises,56.2300,56.8900,56.0000,56.6400,42141,731,2380610
VSWS,N,20260617,ORIENTALTL,EQ,Oriental Trimex,6.3100,6.4400,6.1600,6.3100,45628,210,286751
VSWS,N,20260617,ORIENTBELL,EQ,Orient Bell,321.5000,321.5000,315.5500,319.1500,5220,253,1667322
VSWS,N,20260617,ORIENTCEM,EQ,Orient Cement,136.0100,136.4900,134.8500,135.9300,116493,2118,15787125
VSWS,N,20260617,ORIENTCER,EQ,Orient Ceratech,38.1700,39.1800,37.9000,38.3600,57174,579,2190605
VSWS,N,20260617,ORIENTELEC,EQ,Orient Electric,185.6500,185.6600,182.0200,182.5300,241159,5417,44158636
VSWS,N,20260617,ORIENTHOT,EQ,Oriental Hotels,118.9400,119.8500,112.0000,113.1200,449279,4556,51950350
VSWS,N,20260617,ORIENTLTD,EQ,Orient Press,64.9000,67.2000,63.0000,66.7000,8187,260,537560
VSWS,N,20260617,ORIENTPPR,EQ,Orient Paper & Inds,17.9300,18.0500,17.7100,17.8500,144689,695,2587165
VSWS,N,20260617,ORIENTTECH,EQ,Orient Technologies,262.0000,265.8000,260.0000,260.7000,82993,2232,21749813
VSWS,N,20260617,ORISSAMINE,EQ,Orissa Minerals Deve,4183.5000,4387.0000,4123.0000,4258.0000,27438,4881,117194440
VSWS,N,20260617,ORKLAINDIA,EQ,Orkla India,634.4000,635.0000,622.0500,632.3500,48974,5079,30904694
VSWS,N,20260617,ORTEL,BZ,Ortel Communications,1.7000,1.7000,1.5500,1.6100,16585,36,27367
VSWS,N,20260617,ORTINGLOBE,BE,Ortin Global,16.9800,17.6000,16.7000,17.3000,4933,60,85760
VSWS,N,20260617,OSELDEVICE,SM,Osel Devices,503.8000,507.4500,472.4000,479.2000,22800,89,11079650
VSWS,N,20260617,OSIAHYPER,BE,Osia Hyper Retail,3.4300,3.5100,3.4200,3.5100,485723,417,1696737
VSWS,N,20260617,OSWALAGRO,BE,Oswal Agro Mills,45.2000,45.2000,43.6000,43.9700,24928,170,1097244
VSWS,N,20260617,OSWALGREEN,EQ,Oswal Green Tech,24.3000,24.5000,24.1100,24.4200,79727,735,1942799
VSWS,N,20260617,OSWALPUMPS,EQ,Oswal Pumps,426.0000,432.6000,421.4000,423.0500,440927,9714,188312627
VSWS,N,20260617,OSWALSEEDS,EQ,ShreeOswal Seeds & C,11.2100,11.2200,10.7500,10.9300,125852,264,1375796
VSWS,N,20260617,OWAIS,SM,Owais Met & Min Proc,108.9500,108.9500,108.9500,108.9500,4300,14,468485
VSWS,N,20260617,PACEDIGITK,EQ,Pace Digitek,187.2800,188.7600,184.5000,185.1600,665085,6594,123877335
VSWS,N,20260617,PAGEIND,EQ,Page Industries,39065.0000,39480.0000,39000.0000,39300.0000,11220,5882,440493550
VSWS,N,20260617,PAISALO,EQ,Paisalo Digital,59.9000,60.5000,58.0500,58.2500,4245566,12142,252378813
VSWS,N,20260617,PAKKA,EQ,PAKKA,83.4800,85.0000,82.5000,83.1500,74363,1834,6221937
VSWS,N,20260617,PALASHSECU,EQ,Palash Securities,98.3000,98.3000,95.0200,96.3800,126,20,12296
VSWS,N,20260617,PALREDTEC,BE,Palred Technologies,50.7200,50.7200,50.3000,50.7200,2599,53,131748
VSWS,N,20260617,PANACEABIO,EQ,Panacea Biotec,543.0000,549.3000,526.0000,532.2000,282726,9733,151721420
VSWS,N,20260617,PANACHE,EQ,Panache Digilife,380.0000,411.3000,380.0000,411.2000,62816,1233,25575841
VSWS,N,20260617,PANAMAPET,EQ,Panama Petrochem,384.6000,387.0000,371.9500,374.1000,101861,2820,38394987
VSWS,N,20260617,PANSARI,EQ,Pansari Developers,295.0500,337.5500,295.0000,309.7000,199435,2577,63550776
VSWS,N,20260617,PAR,EQ,Par Drugs & Chemical,94.1100,96.8900,93.0000,94.8600,16883,197,1594728
VSWS,N,20260617,PARACABLES,EQ,Paramount Commu,66.6000,67.0800,65.0400,66.0700,1496944,7248,98835821
VSWS,N,20260617,PARADEEP,EQ,Paradeep Phosphates,135.2700,135.5000,132.2100,134.0900,5012988,30678,669535778
VSWS,N,20260617,PARAGMILK,EQ,Parag Milk Foods,231.6000,235.1000,225.0100,226.3900,440341,6827,100678136
VSWS,N,20260617,PARAGON,SM,Paragon Fine & Speci,48.6000,52.2000,48.2500,52.2000,19200,14,964620
VSWS,N,20260617,PARAMATRIX,SM,Paramatrix Technolog,62.8000,62.8000,62.8000,62.8000,2400,1,150720
VSWS,N,20260617,PARAS,EQ,Paras Defence & Spac,1093.3500,1302.0000,1091.7000,1285.6500,14160494,334120,17266038061
VSWS,N,20260617,PARASPETRO,EQ,Paras Petrofils,1.9000,1.9900,1.8300,1.9600,105541,260,205616
VSWS,N,20260617,PARIN,SM,Parin Enterprises,691.0000,735.0000,685.0000,718.4000,21500,69,15368263
VSWS,N,20260617,PARKHOSPS,EQ,Park Medi World,265.5000,265.5000,251.0000,254.1500,2611739,30509,674354360
VSWS,N,20260617,PARKHOTELS,EQ,Apeejay Surrendra Pk,120.2000,121.4000,119.8000,120.2100,108436,1610,13070717
VSWS,N,20260617,PARSVNATH,BE,Parsvnath Developers,3.1400,3.1400,3.1400,3.1400,138761,173,435710
VSWS,N,20260617,PARTH,ST,Parth Elect & Engine,444.7000,445.0000,437.0000,438.0000,7600,16,3362940
VSWS,N,20260617,PARTYCRUS,SM,Party Cruisers,100.9500,100.9500,98.5000,99.9500,7000,7,697300
VSWS,N,20260617,PASHUPATI,EQ,Pashupati Cotspin,87.2100,88.5000,86.0000,87.3500,146176,1029,12755328
VSWS,N,20260617,PASUPTAC,BE,Pasupati Acrylon,67.0000,68.0000,65.0200,65.8300,76833,441,5089632
VSWS,N,20260617,PATANJALI,EQ,Patanjali Foods,426.9500,426.9500,416.3000,419.0000,3265235,40628,1370879750
VSWS,N,20260617,PATELENG,EQ,Patel Engineering,28.8000,31.3500,28.6200,30.6800,32419382,81244,988118357
VSWS,N,20260617,PATELRMART,EQ,Patel Retail,223.5100,226.6000,220.6500,223.9200,91282,2949,20406917
VSWS,N,20260617,PATILAUTOM,ST,Patil Automation,189.9500,190.0000,185.0000,190.0000,18600,24,3451380
VSWS,N,20260617,PATINTLOG,EQ,Patel Integrated Log,14.0000,14.2000,13.7200,14.1400,253775,755,3565038
VSWS,N,20260617,PAUSHAKLTD,EQ,Paushak,464.0000,470.9000,458.7500,465.3500,10144,688,4717846
VSWS,N,20260617,PAVNAIND,BE,Pavna Industries,17.4000,17.4000,16.7100,17.3300,16846,86,291328
VSWS,N,20260617,PAYTM,EQ,One 97 Communication,1108.5000,1123.0000,1106.1000,1120.1000,798003,25327,889303328
VSWS,N,20260617,PCBL,EQ,PCBL Chemical,305.9500,315.8000,305.3500,309.7000,1625875,31611,504829700
VSWS,N,20260617,PCCL,SM,Petro Carbon & Chemi,251.0000,257.8000,246.5000,247.2500,3600,9,906500
VSWS,N,20260617,PCJEWELLER,EQ,PC Jeweller,8.9900,9.0700,8.9400,8.9700,37872262,17473,340884282
VSWS,N,20260617,PDMJEPAPER,EQ,Pudumjee Paper Produ,82.2000,84.4000,82.2000,82.9000,93654,1518,7792185
VSWS,N,20260617,PDSL,EQ,PDS,335.6500,345.0000,326.5500,337.0500,229314,9720,77114712
VSWS,N,20260617,PEARLPOLY,BE,Pearl Polymers,19.5000,19.5000,18.5100,18.9900,3529,39,66652
VSWS,N,20260617,PELATRO,SM,Pelatro,312.0000,325.0000,312.0000,324.0000,18600,54,5966100
VSWS,N,20260617,PENIND,EQ,Pennar Industries,162.3000,162.5200,159.3800,159.8800,201034,3034,32270101
VSWS,N,20260617,PENINLAND,BE,Peninsula Land,15.5100,16.3500,15.5100,16.0300,78720,306,1259339
VSWS,N,20260617,PENTAGON,SM,Pentagon Rubber,56.0000,56.0000,56.0000,56.0000,1000,1,56000
VSWS,N,20260617,PERSISTENT,EQ,Persistent Systems,5050.0000,5105.0000,5017.0000,5045.0000,365334,28436,1844081043
VSWS,N,20260617,PETRONET,EQ,Petronet LNG,292.9500,294.1000,289.5500,292.0000,3428931,45482,1001446699
VSWS,N,20260617,PFC,EQ,Power Finance Corpor,429.0000,433.5000,425.1000,431.7500,6800575,69360,2917200474
VSWS,N,20260617,PFIZER,EQ,Pfizer,4505.0000,4544.7000,4480.0000,4493.5000,15078,4553,67980368
VSWS,N,20260617,PFOCUS,BE,Prime Focus,245.8500,245.8500,245.8500,245.8500,387917,702,95369394
VSWS,N,20260617,PFS,EQ,PTC India Financial,31.6000,31.6000,31.0700,31.3800,609219,2650,19072274
VSWS,N,20260617,PGEL,EQ,PG Electroplast,527.4500,550.5500,527.0000,545.6500,5646131,64128,3065963013
VSWS,N,20260617,PGHH,EQ,Procter & Gamble,9100.0000,9134.5000,8970.0000,8995.5000,12251,3819,110573672
VSWS,N,20260617,PGHL,EQ,Procter & Gamble Hea,6186.5000,6265.0000,6186.5000,6249.5000,8072,1533,50323723
VSWS,N,20260617,PGIL,EQ,Pearl Global Industr,1684.0000,1684.0000,1650.2000,1659.7000,37001,7923,61559843
VSWS,N,20260617,PHANTOMFX,SM,Phantom Digital Effe,179.1000,183.5500,176.6000,177.8500,4800,15,863940
VSWS,N,20260617,PHARMABEES,EQ,Nippon Ind NftPh ETF,25.3600,25.3600,24.2400,24.7500,20223329,10624,499591483
VSWS,N,20260617,PHOENIXLTD,EQ,Phoenix Mills,1875.4000,1906.6000,1862.0000,1869.1000,670639,40090,1264121913
VSWS,N,20260617,PHOGLOBAL,SM,Phoenix Overseas,17.5500,17.5500,17.5500,17.5500,4000,2,70200
VSWS,N,20260617,PICCADIL,EQ,Piccadily Agro Ind,580.0000,584.1000,575.0000,579.4500,67325,4547,38994562
VSWS,N,20260617,PIDILITIND,EQ,Pidilite Industries,1575.1000,1584.5000,1567.6000,1578.2000,651610,45254,1027380569
VSWS,N,20260617,PIGL,EQ,Power & Instrumentat,110.5800,111.0000,106.6000,107.0400,48856,874,5290032
VSWS,N,20260617,PIIND,EQ,PI Industries,2878.0000,2893.1000,2821.7000,2835.2000,226807,28581,645194122
VSWS,N,20260617,PILANIINVS,EQ,Pilani Invest & Ind,4374.9000,4440.3000,4374.9000,4431.0000,1388,507,6126463
VSWS,N,20260617,PILITA,BE,PIL Italica Lifestyl,8.2000,8.2800,8.0300,8.0400,22942,76,185322
VSWS,N,20260617,PINELABS,EQ,Pine Labs,152.9400,156.6000,151.0100,152.1200,27871982,105739,4287348122
VSWS,N,20260617,PIONEEREMB,EQ,Pioneer Embroideries,25.9900,25.9900,24.0000,24.3900,10593,223,260663
VSWS,N,20260617,PIONRINV,EQ,Pioneer Invest Corp,96.0000,96.0000,89.0000,91.4100,36224,127,3291003
VSWS,N,20260617,PIRAMALFIN,EQ,Piramal Finance,2017.6000,2045.9000,2004.0000,2013.2000,239115,15300,483024290
VSWS,N,20260617,PITTIENG,EQ,Pitti Engineering,970.0000,999.0000,951.5000,992.1500,28192,2915,27941072
VSWS,N,20260617,PIXTRANS,EQ,Pix Transmissions,1625.2000,1635.6000,1592.5000,1607.8000,14225,1356,22830720
VSWS,N,20260617,PKTEA,EQ,Peria Karamalai Tea,765.0000,765.0000,765.0000,765.0000,15,3,11475
VSWS,N,20260617,PLASTIBLEN,EQ,Plastiblends India,176.4500,176.4500,170.2500,171.3700,10929,638,1883572
VSWS,N,20260617,PLATIND,EQ,Platinum Industries,233.0000,236.3000,230.0000,230.3300,46685,1564,10905663
VSWS,N,20260617,PLAZACABLE,BE,Plaza Wires,47.9900,48.9900,47.4000,48.1300,26143,205,1260500
VSWS,N,20260617,PML,EQ,Paul Merchants,507.0000,507.0000,500.2000,501.0000,203,28,102107
VSWS,N,20260617,PNB,EQ,Punjab National Bank,108.3000,109.2000,107.4300,108.8700,22022581,58034,2392732417
VSWS,N,20260617,PNBGILTS,EQ,PNB Gilts,89.8900,93.6500,88.7500,92.0800,2395565,17879,219412207
VSWS,N,20260617,PNBHOUSING,EQ,PNB Housing Finance,1020.2000,1025.0000,1002.2000,1003.5000,380659,19179,384630792
VSWS,N,20260617,PNC,EQ,Pritish Nandy Commun,22.0000,22.9900,20.4000,21.3100,15922,471,345093
VSWS,N,20260617,PNCINFRA,EQ,PNC Infratech,206.2600,213.9500,205.5900,213.1400,1310172,20794,275220717
VSWS,N,20260617,PNGJL,EQ,P N Gadgil Jewellers,550.9500,562.0000,550.9500,558.9000,91536,3944,51089750
VSWS,N,20260617,PNGSREVA,EQ,PNGS Reva Diamond Je,381.7000,392.0000,381.5500,384.4500,115703,5224,44734266
VSWS,N,20260617,POCL,EQ,Pondy Oxides & Chem,1319.0000,1351.5000,1306.1000,1333.3000,264133,13479,351872069
VSWS,N,20260617,PODDARMENT,EQ,Poddar Pigments,260.0000,260.5500,251.9500,256.7000,1182,39,301322
VSWS,N,20260617,POKARNA,EQ,Pokarna,908.0000,929.9500,901.0000,905.7000,80598,4499,73680985
VSWS,N,20260617,POLICYBZR,EQ,PB Fintech,1600.0000,1629.7000,1587.5000,1624.6000,1486416,69229,2400378194
VSWS,N,20260617,POLYCAB,EQ,Polycab India,9600.0000,9987.5000,9600.0000,9926.5000,591839,79337,5836210091
VSWS,N,20260617,POLYMED,EQ,Poly Medicure,1524.9000,1555.0000,1513.0000,1537.6000,74339,9816,114459067
VSWS,N,20260617,POLYPLEX,EQ,Polyplex Corp,929.0000,938.0000,920.5500,923.1500,43480,2494,40342472
VSWS,N,20260617,POLYSIL,SM,Polysil Irrigation S,130.0000,139.0000,130.0000,137.4500,9000,18,1221275
VSWS,N,20260617,PONNIERODE,EQ,Ponni Sugars (Erode),323.1500,323.2000,315.5000,317.3000,5282,306,1675884
VSWS,N,20260617,POONAWALLA,EQ,Poonawalla Fincorp,400.5000,406.7000,400.5000,405.2500,1830789,23012,737874583
VSWS,N,20260617,POSITRON,ST,Positron Energy,185.0000,191.0000,182.2500,190.0000,6000,18,1118385
VSWS,N,20260617,POWERGRID,EQ,Power Grid Corp of I,286.2000,286.6500,283.2500,286.3500,6008101,56761,1710956463
VSWS,N,20260617,POWERICA,EQ,Powerica,490.9500,535.9500,479.1000,529.8000,1174530,21062,618158044
VSWS,N,20260617,POWERINDIA,EQ,Hitachi Energy India,34745.0000,36070.0000,34740.0000,35950.0000,126662,39274,4495008870
VSWS,N,20260617,POWERMECH,EQ,Power Mech Projects,2807.6000,2876.9000,2800.1000,2843.0000,102810,12537,292091286
VSWS,N,20260617,PPAP,EQ,PPAP Automotive,243.2700,249.8000,235.0000,240.0100,30292,1030,7385265
VSWS,N,20260617,PPL,EQ,Prakash Pipes,258.6500,265.0000,254.9500,259.9600,177302,4896,46088814
VSWS,N,20260617,PPLPHARMA,EQ,Piramal Pharma,164.0500,165.3400,161.7200,163.3500,2330467,26137,381356302
VSWS,N,20260617,PPSL,ST,Picturepost Studios,5.1000,5.1000,5.0500,5.0500,150000,42,757950
VSWS,N,20260617,PRABHA,EQ,Prabha Energy,161.0000,161.9300,157.7500,158.7900,34034,1021,5432342
VSWS,N,20260617,PRADPME,EQ,Pradeep Metals,506.5000,545.0000,506.4500,513.3000,149410,6933,79266988
VSWS,N,20260617,PRAENG,EQ,Prajay Engineers,21.7700,21.7700,21.0000,21.1000,37974,257,805943
VSWS,N,20260617,PRAJIND,EQ,Praj Industries,343.0000,344.0000,335.5500,340.0500,705471,17787,239344408
VSWS,N,20260617,PRAKASH,EQ,Prakash Industries,152.6500,152.6500,147.0000,149.5100,515590,4840,76952670
VSWS,N,20260617,PRAKASHSTL,EQ,Prakash Steelage,4.4100,4.5000,4.3600,4.4300,86511,312,382292
VSWS,N,20260617,PRAMARA,SM,Pramara Promotions,144.0000,145.4000,141.0000,141.1000,24000,43,3425775
VSWS,N,20260617,PRATHAM,SM,Pratham EPC Projects,115.0000,115.0000,114.0000,115.0000,20800,44,2387760
VSWS,N,20260617,PRAVEG,EQ,Praveg,232.9500,236.3000,231.6500,235.3500,24404,980,5744915
VSWS,N,20260617,PRAXIS,BE,Praxis Home Retail,7.8000,8.2400,7.8000,8.2400,168492,188,1365917
VSWS,N,20260617,PRECAM,EQ,Precision Camshafts,148.6300,151.0900,148.5400,149.7900,148928,2501,22320273
VSWS,N,20260617,PRECISION,SM,Precision Metaliks,7.3000,7.6000,7.2500,7.2500,8000,4,58900
VSWS,N,20260617,PRECOT,EQ,Precot,702.6500,713.9500,684.0500,692.8000,3144,278,2198036
VSWS,N,20260617,PRECWIRE,EQ,Precision Wires (I),428.4500,430.7000,417.6500,428.9000,342428,13938,145808234
VSWS,N,20260617,PREMCO,EQ,Premco Global,385.0000,390.0000,370.0000,372.9000,1832,114,689381
VSWS,N,20260617,PREMEXPLN,EQ,Premier Explosives,750.0000,769.5000,731.1000,765.9500,2399261,50053,1808348224
VSWS,N,20260617,PREMIER,BE,Premier,2.9200,3.0300,2.8700,3.0000,33394,24,96967
VSWS,N,20260617,PREMIERENE,EQ,Premier Energies,1058.0000,1074.1000,1051.1000,1055.8000,741569,21513,785524008
VSWS,N,20260617,PREMIERPOL,BE,Premier Polyfilm,56.5000,59.9400,56.5000,58.2100,311231,687,18178880
VSWS,N,20260617,PREMIUM,SM,Premium Plast,37.0000,37.0000,37.0000,37.0000,3000,1,111000
VSWS,N,20260617,PRESSTONIC,SM,Presstonic Engineeri,32.7500,32.7500,31.0000,31.5000,35200,40,1117600
VSWS,N,20260617,PRESTIGE,EQ,Prestige Estates Pro,1510.0000,1526.8000,1492.0000,1521.5000,914420,32985,1379666915
VSWS,N,20260617,PRICOLLTD,EQ,Pricol,579.0000,586.3500,569.0000,569.8500,433829,18892,249811151
VSWS,N,20260617,PRIMECAB,ST,Prime Cable Industri,107.0000,116.0000,107.0000,114.9000,67200,22,7481680
VSWS,N,20260617,PRIMESECU,EQ,Prime Securities,284.6500,298.0000,281.0000,292.1500,67022,911,19463400
VSWS,N,20260617,PRIMO,EQ,Primo Chemicals,24.5700,24.5800,23.4100,23.6400,172675,1565,4131018
VSWS,N,20260617,PRINCEPIPE,EQ,Prince Pipes & Fitti,287.8000,291.8500,281.2500,282.5500,486849,9920,138973465
VSWS,N,20260617,PRITI,BE,Priti International,41.2500,42.7000,39.5000,42.5000,7302,100,303245
VSWS,N,20260617,PRITIKA,SM,Pritika Eng Compo,67.5000,67.8500,60.0000,67.8500,18000,9,1142500
VSWS,N,20260617,PRITIKAUTO,EQ,Pritika Auto Industr,14.5000,17.3700,14.5000,16.6600,1814782,4650,29194999
VSWS,N,20260617,PRIVISCL,EQ,Privi Speciality Che,3480.1000,3525.8000,3455.0000,3481.5000,81894,11609,285755358
VSWS,N,20260617,PRIZOR,ST,Prizor Viztech,835.0000,878.0000,832.0500,873.4500,22400,49,19302020
VSWS,N,20260617,PRLIND,SM,Premier Roadlines,48.5000,50.0000,48.5000,49.6500,40000,39,1971600
VSWS,N,20260617,PROFX,SM,Pro FX Tech,70.0500,70.0500,69.1000,69.1000,14400,7,998000
VSWS,N,20260617,PROLIFE,SM,Prolife Industries,69.1500,69.1500,69.0000,69.0000,2500,5,172800
VSWS,N,20260617,PROPEQUITY,SM,P E Analytics,244.0000,249.0000,240.0000,245.0000,2400,4,586800
VSWS,N,20260617,PROSTARM,EQ,Prostarm Info System,143.9900,143.9900,140.9900,142.1500,165901,2197,23665255
VSWS,N,20260617,PROTEAN,EQ,Protean eGov Technol,637.9500,644.8000,630.1000,632.8500,162830,7310,103487417
VSWS,N,20260617,PROV,SM,Proventus Agrocom,1511.0000,1511.0000,1511.0000,1511.0000,160,1,241760
VSWS,N,20260617,PROZONER,EQ,Prozone Realty,48.2000,48.9900,47.5000,48.4400,120373,1030,5789834
VSWS,N,20260617,PRSMJOHNSN,EQ,Prism Johnson,120.5500,124.0300,120.0000,122.7800,279134,8553,34283652
VSWS,N,20260617,PRUDENT,EQ,Prudent Corporate Ad,3060.0000,3060.0000,3000.0000,3054.0000,10888,2421,33112770
VSWS,N,20260617,PRUDMOULI,BE,Prudential Sugar,15.0100,15.4400,15.0100,15.3500,2422,15,36729
VSWS,N,20260617,PSB,EQ,Punjab & Sind Bank,24.0900,25.9400,24.0100,25.4800,12334921,21343,311767620
VSWS,N,20260617,PSFL,SM,Paramount Speciality,28.3500,29.4500,28.1500,28.8500,32000,16,914000
VSWS,N,20260617,PSPPROJECT,EQ,PSP Projects,915.0000,923.9500,902.1000,907.4500,62976,4092,57461946
VSWS,N,20260617,PSRAJ,ST,P S Raj Steels,417.0000,419.0000,417.0000,419.0000,18000,13,7534500
VSWS,N,20260617,PSUBANK,EQ,Kotak Nty PSU Bk ETF,856.8100,875.9000,856.0700,874.6800,86055,1585,75088251
VSWS,N,20260617,PSUBANKADD,EQ,DSP Nifty PSU Bank,86.9900,88.1700,86.3700,88.0400,59441,371,5203878
VSWS,N,20260617,PSUBNKBEES,EQ,Nippon INft PSU BBeE,95.9100,97.6500,95.5400,97.5300,6185580,9516,600174447
VSWS,N,20260617,PSUBNKIETF,EQ,ICICI Prud Nifty PSU,87.0200,88.4400,86.5400,88.3000,337734,1453,29675011
VSWS,N,20260617,PTC,EQ,PTC India,195.2400,195.7900,190.1000,190.6800,945727,15400,181345523
VSWS,N,20260617,PTCIL,EQ,PTC Industries,17809.0000,18044.0000,17717.0000,17771.0000,23969,7678,427892322
VSWS,N,20260617,PTL,EQ,PTL Enterprises,41.4500,41.9000,41.1500,41.6800,74739,1255,3114472
VSWS,N,20260617,PULZ,SM,Pulz Electronics,26.0000,26.0000,24.0500,24.0500,8000,4,196400
VSWS,N,20260617,PUNJABCHEM,EQ,Punjab Chemicals & C,1038.0000,1040.0000,1010.0000,1021.6000,13372,792,13681493
VSWS,N,20260617,PURPLEUTED,SM,Purple United Sales,398.0000,398.0000,385.1000,393.3500,14750,50,5759738
VSWS,N,20260617,PURVA,EQ,Puravankara,214.0000,221.8200,214.0000,217.1500,324239,6283,70758203
VSWS,N,20260617,PURVFLEXI,ST,Purv Flexipack,52.0000,52.2000,52.0000,52.2000,2400,3,125120
VSWS,N,20260617,PUSHPA,SM,Pushpa Jewellers,107.0000,107.8000,105.0000,107.8000,14000,11,1489650
VSWS,N,20260617,PVP,EQ,PVP Ventures,30.4400,31.4400,30.0800,30.6400,268043,1544,8200033
VSWS,N,20260617,PVRINOX,EQ,PVR Inox,956.6000,968.0000,949.4000,960.7000,220002,12199,210854304
VSWS,N,20260617,PVSL,EQ,Popular Vehicles & S,95.5000,96.5100,94.5400,95.5300,30608,1986,2919692
VSWS,N,20260617,PVTBANIETF,EQ,ICICI Pru Nifty Pvt,28.1300,28.2700,28.0500,28.0700,1672727,1799,47048031
VSWS,N,20260617,PVTBANKADD,EQ,DSP Nifty Pvt Bank E,28.2200,28.3700,28.1800,28.2000,178593,171,5047425
VSWS,N,20260617,PVTBKGROWW,EQ,Groww Nifty Pvt Bank,27.9700,28.3900,27.7000,27.7700,26007,191,727024
VSWS,N,20260617,PWL,EQ,Physicswallah,109.0000,114.0000,108.9200,113.3800,8852944,44490,994345673
VSWS,N,20260617,PYRAMID,EQ,Pyramid Technoplast,174.0000,177.7400,173.3300,176.4900,65205,1795,11430192
VSWS,N,20260617,QFIL,SM,Quality Foils (India,58.0000,58.0000,55.7500,55.8500,3000,3,169750
VSWS,N,20260617,QGOLDHALF,EQ,Quantum Gold ETF,124.2500,124.3100,123.8000,123.9800,92884,572,11514288
VSWS,N,20260617,QLINE,SM,Q-line Biotech,500.0500,520.8500,496.0000,509.6500,153200,298,78307200
VSWS,N,20260617,QMSMEDI,SM,QMS Medical Allied S,102.9000,111.0000,97.7500,109.4000,101000,92,10716050
VSWS,N,20260617,QNIFTY,EQ,Quantum Nifty 50 ETF,263.1500,265.0000,263.1500,264.2100,965,33,254919
VSWS,N,20260617,QPOWER,BE,Quality Power Electr,1249.0000,1263.1000,1185.6000,1247.6000,236449,6149,289067721
VSWS,N,20260617,QUADFUTURE,EQ,Quadrant Future Tek,413.6000,446.4500,409.6000,430.4000,3400738,59082,1466140411
VSWS,N,20260617,QUAL30IETF,EQ,ICICI Pru Nfty 200 Q,20.8800,20.9900,20.7000,20.9300,546469,257,11419801
VSWS,N,20260617,QUALITY30,EQ,Kotak Nifty200 Quali,20.3900,20.7000,20.3100,20.5400,10612,37,217065
VSWS,N,20260617,QUESS,EQ,Quess Corp,249.8000,251.9900,246.0000,249.2800,392988,7226,97999279
VSWS,N,20260617,QUESTLAB,SM,Quest Laboratories,118.0000,122.0000,112.0000,116.2500,380400,190,43876920
VSWS,N,20260617,QUICKHEAL,BE,Quick Heal Technolog,172.9900,175.5000,171.3000,173.6200,57054,662,9901410
VSWS,N,20260617,QUICKTOUCH,SM,Quicktouch Technolog,24.1500,24.3000,24.1500,24.3000,1500,2,36300
VSWS,N,20260617,QUINT,EQ,Quint Digital,39.5000,42.6000,39.5000,42.4000,1711,23,69544
VSWS,N,20260617,QVCEL,SM,QVC Exports,23.0500,23.0500,23.0500,23.0500,1600,1,36880
VSWS,N,20260617,RACE,BE,Race Eco Chain,111.0000,111.0000,107.1300,108.0000,2296,31,251646
VSWS,N,20260617,RACLGEAR,EQ,RACL Geartech,1330.8000,1330.8000,1285.0000,1300.3000,19335,2379,25232784
VSWS,N,20260617,RADAAN,EQ,Radaan Mediaworks (I,3.1200,3.1500,3.0100,3.0800,28579,103,88452
VSWS,N,20260617,RADHIKAJWE,EQ,Radhika Jeweltech,58.4000,58.8400,57.0900,57.4900,140835,1732,8123077
VSWS,N,20260617,RADIANTCMS,EQ,Radiant Cash Mgnt Se,41.0000,41.3500,39.8200,40.3500,102761,1327,4150680
VSWS,N,20260617,RADICO,EQ,Radico Khaitan,3599.0000,3620.0000,3560.0000,3572.2000,204287,17657,731052571
VSWS,N,20260617,RADIOCITY,EQ,Music Broadcast,6.1500,6.7500,6.1100,6.2400,55301,217,351570
VSWS,N,20260617,RAILTEL,EQ,RailTel Corporation,323.4000,328.9000,322.3500,323.9500,1215600,21141,395128364
VSWS,N,20260617,RAIN,EQ,Rain Industries,195.8900,198.2000,191.0000,197.2700,4814622,28933,943340020
VSWS,N,20260617,RAINBOW,EQ,Rainbow Children's M,1429.7000,1449.0000,1416.9000,1444.5000,86400,11036,124294744
VSWS,N,20260617,RAJESHEXPO,BZ,Rajesh Exports,88.4500,88.4500,86.5100,88.4500,716670,2144,63312753
VSWS,N,20260617,RAJINDLTD,SM,Rajputana Industries,73.0000,73.0500,72.0000,73.0000,25500,8,1858350
VSWS,N,20260617,RAJMET,EQ,Rajnandini Metal,3.7500,3.9100,3.7500,3.8200,347329,784,1336301
VSWS,N,20260617,RAJOOENG,EQ,Rajoo Engineers,54.6900,55.3500,54.0000,54.9300,284423,3313,15542802
VSWS,N,20260617,RAJPALAYAM,EQ,Rajapalayam Mills,835.0000,837.8500,830.0000,833.2500,507,40,422199
VSWS,N,20260617,RAJPUTANA,SM,Rajputana Biodiesel,211.0500,216.7000,209.0000,216.7000,3000,6,635600
VSWS,N,20260617,RAJRATAN,EQ,Rajratan Global Wire,452.7000,460.0000,452.0000,453.9500,29279,1690,13359749
VSWS,N,20260617,RAJRILTD,BE,Raj Rayon Industries,20.1700,20.7900,20.1700,20.7400,5343,89,109600
VSWS,N,20260617,RAJSREESUG,EQ,Rajshree Sugars,34.2100,34.4000,33.5000,33.8800,24619,251,837093
VSWS,N,20260617,RAJTV,EQ,Raj Television Netwo,12.2200,12.7900,12.0200,12.4400,193797,359,2428062
VSWS,N,20260617,RALLIS,EQ,Rallis India,231.3000,231.3000,225.1000,228.0300,379887,8614,86680972
VSWS,N,20260617,RAMANEWS,EQ,Shree Rama Newsprint,29.5000,29.9900,29.3500,29.8200,9675,113,288759
VSWS,N,20260617,RAMAPHO,EQ,Rama Phosphates,127.9500,127.9500,123.0400,123.7900,29965,782,3727149
VSWS,N,20260617,RAMASTEEL,EQ,Rama Steel Tubes,5.1200,5.2000,4.9900,5.0000,28211774,10290,141846431
VSWS,N,20260617,RAMCOCEM,EQ,Ramco Cements,880.0500,909.0000,877.5000,893.8500,241067,12543,214960527
VSWS,N,20260617,RAMCOIND,EQ,Ramco Industries,290.4000,298.0000,289.1000,297.2000,137614,4113,40504066
VSWS,N,20260617,RAMCOSYS,EQ,Ramco Systems,578.0000,591.6000,562.6000,570.3000,508569,13933,294801305
VSWS,N,20260617,RAMKY,EQ,Ramky Infrastructure,435.0000,437.2000,431.2000,433.0000,58713,1203,25502093
VSWS,N,20260617,RAMRAT,EQ,Ram Ratna Wires,396.0000,403.0000,392.4500,401.7500,143549,4571,57166371
VSWS,N,20260617,RANASUG,EQ,Rana Sugars,12.7600,13.0000,12.7600,12.9200,105678,394,1362063
VSWS,N,20260617,RANEHOLDIN,EQ,Rane Holdings,1554.2000,1639.8000,1537.0000,1610.6000,43454,5342,69253212
VSWS,N,20260617,RAPIDFLEET,SM,Rapid Fleet Manageme,180.0500,182.0000,180.0500,182.0000,1800,3,325830
VSWS,N,20260617,RAPPID,SM,Rappid Valves (India,277.0000,292.0000,271.0000,279.9000,42000,42,11853060
VSWS,N,20260617,RATEGAIN,EQ,RateGain Travel Tech,845.0500,890.8000,842.5500,886.2000,863360,26293,749351034
VSWS,N,20260617,RATNAMANI,EQ,Ratnamani Metals,2614.5000,2692.0000,2582.5000,2602.2000,103709,10344,273884827
VSWS,N,20260617,RATNAVEER,EQ,Ratnaveer Precision,165.8600,184.5000,163.1600,181.1700,13060864,101140,2334226789
VSWS,N,20260617,RAYMOND,EQ,Raymond,591.0500,596.9500,584.2500,591.8500,372125,8962,219652599
VSWS,N,20260617,RAYMONDLSL,EQ,Raymond Lifestyle,825.0000,828.0000,811.0000,817.3500,109354,5050,89629227
VSWS,N,20260617,RAYMONDREL,EQ,Raymond Realty,604.0000,611.7500,588.4500,595.3000,474982,12138,284361259
VSWS,N,20260617,RBA,EQ,Restaurant Brands As,69.0000,69.4000,68.8400,69.0400,3651315,5522,252302661
VSWS,N,20260617,RBLBANK,EQ,RBL Bank,370.2000,372.0000,365.5500,369.2000,2703651,33053,997952185
VSWS,N,20260617,RBMINFRA,SM,RBM Infracon,311.5500,311.5500,300.0000,306.9000,36400,144,11110180
VSWS,N,20260617,RBS,ST,Ramdevbaba Solvent,88.0000,89.0000,84.5500,85.2000,16000,20,1377840
VSWS,N,20260617,RBZJEWEL,EQ,RBZ Jewellers,136.4200,139.1900,132.3600,133.6900,58106,1563,7837464
VSWS,N,20260617,RCDL,SM,Rajgor Castor Deriva,26.0500,28.8000,26.0500,28.5000,15000,5,421800
VSWS,N,20260617,RCF,EQ,R C F,132.4600,136.3500,130.2000,135.1200,5542509,39269,743258400
VSWS,N,20260617,RCOM,BE,Reliance Communicati,0.9600,0.9700,0.9400,0.9500,2336544,1645,2222169
VSWS,N,20260617,READYMIX,SM,Readymix Const Machi,76.0000,76.0000,76.0000,76.0000,1000,1,76000
VSWS,N,20260617,RECLTD,EQ,REC,357.5000,360.0000,354.3000,358.7500,2690056,42510,961735083
VSWS,N,20260617,REDINGTON,EQ,Redington,245.0000,254.9000,244.2100,248.9200,8280091,112936,2067963569
VSWS,N,20260617,REDTAPE,EQ,Redtape,134.4900,135.5400,132.2500,132.8700,220547,5295,29426680
VSWS,N,20260617,REFEX,EQ,Refex Industries,322.0000,327.6500,319.2000,322.6000,538875,10207,174061252
VSWS,N,20260617,REFRACTORY,SM,Refractory Shapes,32.0000,32.0000,32.0000,32.0000,1000,1,32000
VSWS,N,20260617,REGAAL,BE,Regaal Resources,82.5000,83.4000,80.2000,81.1100,62500,387,5135138
VSWS,N,20260617,REGENCERAM,EQ,Regency Ceramics,39.9100,41.3000,39.0000,40.4200,3137,60,125288
VSWS,N,20260617,RELAXO,EQ,Relaxo Footwears,355.0000,367.4500,349.5500,364.2500,575797,22029,207754310
VSWS,N,20260617,RELCHEMQ,EQ,Reliance Chemotex,136.8900,141.7000,133.3800,140.6300,9819,400,1347402
VSWS,N,20260617,RELIABLE,EQ,Reliable Data Servic,155.5000,157.1900,151.0000,154.3400,71233,643,10970048
VSWS,N,20260617,RELIANCE,EQ,Reliance Industries,1333.0000,1334.0000,1317.0000,1332.7000,10029170,223240,13328474071
VSWS,N,20260617,RELIGARE,EQ,Religare Enterprises,245.7700,250.9900,243.3500,245.6800,1069551,24973,265613714
VSWS,N,20260617,RELTD,EQ,Ravindra Energy,143.6600,147.8000,143.1000,145.8700,647608,8250,94172622
VSWS,N,20260617,REMSONSIND,EQ,Remsons Industries,89.3000,91.7900,88.8500,90.1600,99607,1704,9024997
VSWS,N,20260617,REMUS,SM,Remus Pharmaceutical,756.1000,777.0000,741.0000,764.8000,4400,37,3311725
VSWS,N,20260617,RENUKA,EQ,Shree Renuka Sugars,23.8000,23.8000,23.1300,23.1700,6793018,14610,158096165
VSWS,N,20260617,REPCOHOME,EQ,Repco Home Finance,389.1000,393.2000,387.7500,389.6500,45322,1667,17681483
VSWS,N,20260617,REPL,EQ,Rudrabhishek Enterpr,75.9400,75.9400,72.0500,73.2300,2399,69,176360
VSWS,N,20260617,REPRO,EQ,Repro India,359.8000,376.1500,357.6000,369.5000,60878,1037,22308066
VSWS,N,20260617,RESPONIND,EQ,Responsive Industrie,176.5400,181.0600,175.4100,178.6300,62082,1030,11108993
VSWS,N,20260617,RETAIL,EQ,JHS Svendgaard Retai,17.8900,18.4000,17.5300,17.6500,4896,101,87834
VSWS,N,20260617,REXPRO,SM,Rexpro Enterprises,42.3000,42.9500,41.2500,42.9500,4000,4,167800
VSWS,N,20260617,RFBL,SM,RFBL Flexi Pack,82.0000,82.0000,80.0500,80.1000,27000,9,2179800
VSWS,N,20260617,RGL,EQ,Renaissance Global,115.9000,119.8000,109.0600,110.2100,2173135,18015,251132933
VSWS,N,20260617,RHETAN,EQ,Rhetan TMT,30.4900,30.6800,28.2000,28.3000,8132565,10274,235784070
VSWS,N,20260617,RHFL,BZ,Reliance Home Financ,2.2000,2.2800,2.1900,2.2100,655786,804,1462742
VSWS,N,20260617,RHIM,EQ,RHI Magnesita India,378.6000,383.2500,374.8000,376.8500,94150,3597,35655142
VSWS,N,20260617,RHL,EQ,Robust Hotels,185.0000,189.0000,181.1100,186.6400,3721,66,693192
VSWS,N,20260617,RICHA,ST,Richa Info Systems,90.0000,93.1000,88.0000,91.2000,12000,10,1082300
VSWS,N,20260617,RICOAUTO,EQ,RICO Auto Industries,133.3000,145.0000,131.7200,143.2900,11454310,69393,1611595282
VSWS,N,20260617,RIIL,EQ,Reliance Indl Infra,862.0000,908.0000,852.5000,877.7500,544886,19947,483267200
VSWS,N,20260617,RILINFRA,SM,Rachana Infrastructu,36.9500,37.0000,36.0000,36.7000,7900,42,288365
VSWS,N,20260617,RISHABH,EQ,Rishabh Instruments,556.5000,573.9000,547.5500,571.0000,222295,6260,124490445
VSWS,N,20260617,RITCO,EQ,Ritco Logistics,256.0500,257.0500,248.6500,250.3500,60889,1522,15267453
VSWS,N,20260617,RITES,EQ,RITES,211.5000,213.6400,210.4500,212.1000,532558,12540,112832674
VSWS,N,20260617,RKDL,EQ,Ravi Kumar Distiller,18.5000,18.5000,18.2200,18.3400,5698,95,104594
VSWS,N,20260617,RKEC,EQ,RKEC Projects,26.9700,26.9700,23.9000,24.2800,257365,1035,6277057
VSWS,N,20260617,RKFORGE,EQ,Ramkrishna Forgings,587.5000,591.4500,578.8000,584.0000,180560,8921,105534250
VSWS,N,20260617,RKSWAMY,EQ,R K Swamy,101.8100,101.8100,98.5100,98.9400,18651,460,1848455
VSWS,N,20260617,RMC,BE,RMC Switchgears,310.0000,314.0000,300.1500,302.1500,13577,221,4162638
VSWS,N,20260617,RMDRIP,EQ,R M Drip & Sprinkler,20.3300,20.5000,19.3000,19.4800,657722,2298,13051817
VSWS,N,20260617,RML,EQ,Rane (Madras),989.2500,994.2500,972.7000,978.6000,46693,2959,45817744
VSWS,N,20260617,RNBDENIMS,EQ,R&B Denims,11.3600,11.4900,10.8500,10.9400,642006,1867,7106340
VSWS,N,20260617,RNFI,SM,RNFI Services,267.5000,274.5000,262.0000,274.4500,67200,48,18117570
VSWS,N,20260617,RNPL,SM,Renol Polychem,80.9500,84.0000,80.9500,84.0000,3600,3,298740
VSWS,N,20260617,ROCKINGDCE,SM,Rockingdeals Circula,190.7000,190.7000,190.7000,190.7000,750,3,143025
VSWS,N,20260617,ROHLTD,EQ,Royal Orchid Hotels,331.6000,335.0000,330.0500,333.2000,10410,793,3470055
VSWS,N,20260617,ROLEXRINGS,EQ,Rolex Rings,140.0500,142.1700,139.8200,140.9200,999944,6516,140801619
VSWS,N,20260617,ROLLT,BE,Rollatainers,2.9600,3.0900,2.9600,3.0900,980938,524,2994507
VSWS,N,20260617,ROML,EQ,Raj Oil Mills,46.4000,46.4000,44.8900,45.4400,9681,91,441482
VSWS,N,20260617,ROSSARI,EQ,Rossari Biotech,516.2000,519.0000,505.4000,512.4500,43425,3711,22283003
VSWS,N,20260617,ROSSELLIND,EQ,Rossell India,55.6100,57.3800,54.3900,55.9100,24543,299,1373750
VSWS,N,20260617,ROSSTECH,EQ,Rossell Techsys,999.0000,1048.0000,981.9000,1020.4000,434616,21610,438529458
VSWS,N,20260617,ROTO,EQ,Roto Pumps,64.4800,65.5600,64.1000,64.4200,349659,3022,22547900
VSWS,N,20260617,ROUTE,EQ,Route Mobile,545.0000,550.7500,537.5000,538.9500,137993,5391,75038116
VSWS,N,20260617,ROXHITECH,ST,Rox Hi-Tech,31.0000,31.0000,29.6500,29.6500,27200,17,830320
VSWS,N,20260617,RPEL,EQ,Raghav Productivity,1203.4000,1216.6000,1190.2500,1206.6500,72591,7277,87290128
VSWS,N,20260617,RPGLIFE,EQ,RPG Life Sciences,2288.8000,2331.0000,2272.1000,2302.0000,6088,1255,14014105
VSWS,N,20260617,RPOWER,EQ,Reliance Power,27.1000,27.3500,26.6600,26.8500,37977276,41685,1025010327
VSWS,N,20260617,RPPINFRA,EQ,RPP Infra Projects,63.7900,65.0000,62.8000,64.6400,66719,749,4268488
VSWS,N,20260617,RPPL,EQ,Rajshree PolyPack,19.5500,19.7400,17.9000,18.3600,189093,668,3521945
VSWS,N,20260617,RPSGVENT,EQ,RPSG Ventures,890.0000,890.0000,876.0000,876.6500,8425,653,7415654
VSWS,N,20260617,RPTECH,EQ,Rashi Peripherals,663.0000,734.8500,650.0500,685.8000,17812129,298329,12465787461
VSWS,N,20260617,RRIL,EQ,RRIL,20.7000,20.7000,19.4500,19.7400,36153,155,715812
VSWS,N,20260617,RRKABEL,EQ,R R Kabel,2204.4000,2283.5000,2195.0000,2209.8000,753169,39219,1684271981
VSWS,N,20260617,RSDFIN,EQ,RSD Finance,86.9800,86.9800,76.3100,80.5200,636,32,52218
VSWS,N,20260617,RSL,EQ,Rajputana Stainless,130.8500,132.0000,129.0600,129.6000,135580,1565,17638763
VSWS,N,20260617,RSSOFTWARE,BE,RS Software (India),31.6300,33.2100,30.6500,33.2100,68895,195,2260018
VSWS,N,20260617,RSWM,EQ,RSWM,203.0000,206.1600,182.8500,193.1200,293211,5598,57049981
VSWS,N,20260617,RSYSTEMS,EQ,R Systems Internatio,262.6000,277.9000,262.3000,266.6500,553482,11085,149973237
VSWS,N,20260617,RTL,ST,Rama Telecom,86.4500,88.0000,82.3000,85.1500,12000,5,1032400
VSWS,N,20260617,RTNINDIA,EQ,RattanIndia Enterpri,35.8000,35.8000,35.1200,35.3300,1440410,6075,51033143
VSWS,N,20260617,RTNPOWER,EQ,RattanIndia Power,9.5100,9.5100,9.3300,9.3500,10204007,11321,95796456
VSWS,N,20260617,RUBFILA,EQ,Rubfila Internationa,72.6000,73.7300,72.0100,73.0100,9354,218,683688
VSWS,N,20260617,RUBICON,EQ,Rubicon Research,1348.4000,1384.9000,1330.9000,1368.3000,241932,17721,329836065
VSWS,N,20260617,RUBYMILLS,BE,Ruby Mills,321.8000,322.0000,312.9500,318.0500,21464,247,6812329
VSWS,N,20260617,RUCHINFRA,EQ,Ruchi Infrastructure,6.2600,6.5100,6.2600,6.3100,52181,131,331911
VSWS,N,20260617,RUCHIRA,EQ,Ruchira Papers,110.6000,111.7900,108.9100,109.8200,31561,578,3470943
VSWS,N,20260617,RUDRA,BE,Rudra Global Infra P,18.3200,18.9900,18.0200,18.5800,34759,125,648090
VSWS,N,20260617,RULKA,SM,Rulka Electricals,89.9500,89.9500,85.4000,87.6000,8400,25,733215
VSWS,N,20260617,RUPA,EQ,Rupa & Company,153.5000,162.8900,153.4000,156.7100,318510,5185,50609884
VSWS,N,20260617,RUSHIL,EQ,Rushil Decor,18.2000,18.4000,17.3700,17.8100,911604,1847,16342083
VSWS,N,20260617,RUSTOMJEE,EQ,Keystone Realtors,399.0000,412.0000,397.5500,408.9000,250358,3052,101723098
VSWS,N,20260617,RVHL,EQ,Ravinder Heights,45.4900,45.4900,44.0000,44.4600,23096,383,1035951
VSWS,N,20260617,RVNL,EQ,Rail Vikas Nigam,242.2000,246.4800,240.0600,245.1400,7044376,54080,1716349155
VSWS,N,20260617,RVTH,EQ,Revathi Equipment In,728.9500,759.9500,700.3000,716.7500,1444,206,1047607
VSWS,N,20260617,S&SPOWER,BE,S&S Power Switchgear,380.0000,402.3500,371.1000,392.3000,1847,42,720614
VSWS,N,20260617,SAAKSHI,SM,Saakshi Medtech & Pa,260.5000,265.9000,260.5000,264.6000,14400,22,3800160
VSWS,N,20260617,SAATVIKGL,EQ,Saatvik Green Energy,476.9000,484.7500,474.0000,477.9000,62456,3105,29839659
VSWS,N,20260617,SABEVENTS,BE,SAB Events & Gov Now,8.0400,8.0400,7.6700,8.0000,2151,24,17241
VSWS,N,20260617,SACHEEROME,SM,Sacheerome,320.0000,327.6000,317.0500,322.8000,28500,91,9235755
VSWS,N,20260617,SADBHAV,EQ,Sadbhav Engineering,9.2100,9.3900,9.0100,9.1400,224574,364,2080214
VSWS,N,20260617,SADBHIN,BE,Sadbhav Infrastructu,3.0000,3.0600,2.9100,2.9500,169530,180,499900
VSWS,N,20260617,SADHAV,SM,Sadhav Shipping,121.5000,125.0000,121.5000,124.4000,15000,23,1860540
VSWS,N,20260617,SADHNANIQ,BE,Sadhana Nitrochem,2.6100,2.6100,2.3900,2.6100,4845398,1089,12586593
VSWS,N,20260617,SAFARI,EQ,Safari Industries,1615.0000,1702.9000,1615.0000,1675.5000,143194,16424,239212245
VSWS,N,20260617,SAFEENTP,SM,Safe Enterprises Ret,263.1500,271.9000,263.1000,268.6500,34500,53,9302125
VSWS,N,20260617,SAGARDEEP,EQ,Sagardeep Alloys,24.6000,26.3700,24.6000,25.0600,6833,131,173911
VSWS,N,20260617,SAGCEM,EQ,Sagar Cements,175.5000,176.5700,173.5200,175.2000,39885,1175,6987987
VSWS,N,20260617,SAGILITY,EQ,Sagility,40.1500,40.3000,39.5100,39.5700,14009520,34334,557157584
VSWS,N,20260617,SAHAJSOLAR,SM,Sahaj Solar,133.5000,134.9500,132.2500,133.6000,7200,17,961240
VSWS,N,20260617,SAHANA,SM,Sahana System,878.0000,949.0000,878.0000,936.8000,87250,475,80195350
VSWS,N,20260617,SAHASRA,ST,Sahasra Electronic S,320.0000,326.5500,315.0000,326.5500,41600,92,13482100
VSWS,N,20260617,SAHLIBHFI,EQ,Shalibhadra Finance,76.2000,77.2000,74.7500,75.9100,6387,133,485302
VSWS,N,20260617,SAHYADRI,EQ,Sahyadri Industries,273.0500,283.4000,271.0500,282.2000,5808,458,1623127
VSWS,N,20260617,SAIFL,SM,Sameera Agro & Infra,5.4000,5.4500,5.1500,5.1500,344000,62,1803800
VSWS,N,20260617,SAIL,EQ,S A I L,181.7900,182.7000,177.6700,179.5800,15721175,75105,2836680044
VSWS,N,20260617,SAILIFE,EQ,Sai Life Sciences,1206.0000,1228.8000,1192.6000,1213.5000,369154,24509,448018134
VSWS,N,20260617,SAIPARENT,EQ,Sai Parenteral's,570.0000,585.8000,565.0000,571.9000,135303,5011,77624228
VSWS,N,20260617,SAJHOTELS,SM,Saj Hotels,36.0000,36.0000,36.0000,36.0000,2000,1,72000
VSWS,N,20260617,SAKAR,EQ,Sakar Healthcare,825.3000,840.0000,783.6000,801.4000,94486,4042,77296799
VSWS,N,20260617,SAKHTISUG,EQ,Sakthi Sugars,18.1800,18.5000,18.0000,18.1300,62237,335,1128788
VSWS,N,20260617,SAKSOFT,EQ,Saksoft,144.3000,145.8200,142.0100,142.9300,152117,2746,21873494
VSWS,N,20260617,SAKUMA,BE,Sakuma Exports,1.9800,1.9800,1.9000,1.9300,453832,714,874024
VSWS,N,20260617,SALASAR,EQ,Salasar Techno Engin,7.1600,7.2100,7.1000,7.1700,1924489,2621,13762667
VSWS,N,20260617,SALONA,EQ,Salona Cotspin,273.0000,274.0000,266.3000,273.6500,877,24,238928
VSWS,N,20260617,SALSTEEL,BE,S A L Steel,59.3400,61.5000,56.7000,57.3100,165089,483,9544879
VSWS,N,20260617,SALZERELEC,EQ,Salzer Electronics,652.6500,663.2500,650.0000,654.0500,42351,2524,27775818
VSWS,N,20260617,SAMAY,SM,Samay Project Servic,44.9500,44.9500,44.0000,44.9000,144000,20,6465200
VSWS,N,20260617,SAMBHAAV,EQ,Sambhaav Media,6.7500,6.9000,6.5100,6.6400,13673,80,90918
VSWS,N,20260617,SAMBHV,EQ,Sambhv Steel Tubes,106.5000,109.3000,105.2500,107.6400,600764,5238,64052961
VSWS,N,20260617,SAMHI,EQ,Samhi Hotels,170.0000,170.9900,166.8000,167.3900,486124,8173,82089624
VSWS,N,20260617,SAMMAANCAP,EQ,Sammaan Capital,180.0000,180.9900,175.2500,176.1000,9009472,30673,1594222482
VSWS,N,20260617,SAMPANN,EQ,Sampann Utpadan Indi,28.8900,28.8900,27.1200,27.3900,258189,264,7120789
VSWS,N,20260617,SANATHAN,EQ,Sanathan Textiles,407.9000,418.0000,404.7500,414.3500,41656,1337,17236038
VSWS,N,20260617,SANDESH,EQ,Sandesh,959.5000,979.8000,954.0000,968.5000,210,50,202477
VSWS,N,20260617,SANDHAR,EQ,Sandhar Technologies,685.0000,705.0000,683.0000,686.4500,157158,5747,108588510
VSWS,N,20260617,SANDUMA,EQ,Sandur Manganese,214.3000,220.0000,214.3000,215.2300,677896,12109,147196920
VSWS,N,20260617,SANGAMIND,EQ,Sangam India,527.0000,529.3000,521.5500,524.6500,12405,821,6521240
VSWS,N,20260617,SANGANI,SM,Sangani Hospitals,45.5000,45.6000,44.6000,44.6000,10500,7,475200
VSWS,N,20260617,SANGHVIMOV,EQ,Sanghvi Movers,423.6500,428.6500,409.9500,416.5000,447998,12973,186710637
VSWS,N,20260617,SANGINITA,BE,Sanginita Chemicals,36.9500,36.9500,36.9500,36.9500,39562,109,1461816
VSWS,N,20260617,SANOFI,EQ,Sanofi India,3325.0000,3346.0000,3290.0000,3304.2000,22374,4792,74145180
VSWS,N,20260617,SANOFICONR,EQ,Sanofi Consumer Heal,4790.0000,4790.0000,4716.1000,4753.3000,5196,1230,24673253
VSWS,N,20260617,SANSERA,EQ,Sansera Engineering,2861.5000,2934.3000,2843.2000,2879.3000,184562,25044,530991539
VSWS,N,20260617,SANSTAR,EQ,Sanstar,115.0000,117.0000,113.1000,114.7700,450754,6714,51697623
VSWS,N,20260617,SANWARIA,BZ,Sanwaria Consumer,0.2200,0.2300,0.2100,0.2200,717445,150,161087
VSWS,N,20260617,SAPPHIRE,EQ,Sapphire Foods India,182.0000,183.0000,178.5000,182.2400,1273329,10345,230392985
VSWS,N,20260617,SAPPL,EQ,Shree Ajit Pulp and,272.0000,278.5500,255.0000,265.2500,5146,120,1364933
VSWS,N,20260617,SARDAEN,EQ,Sarda Energy & Mine,529.0500,529.0500,520.3500,523.0000,179413,13032,93936450
VSWS,N,20260617,SAREGAMA,EQ,Saregama India,464.0500,464.0500,450.2000,453.4000,478075,10187,218390358
VSWS,N,20260617,SARLAPOLY,EQ,Sarla Performance,99.1500,99.4700,97.2500,97.9500,75803,1271,7462726
VSWS,N,20260617,SAROJA,SM,Saroja Pharma Indust,32.2500,32.4000,32.2500,32.4000,6400,4,206960
VSWS,N,20260617,SARTELE,SM,Sar Televenture,174.9000,182.0000,156.0500,160.6500,770000,1032,132010600
VSWS,N,20260617,SARVESHWAR,BE,Sarveshwar Foods,3.9600,3.9600,3.9200,3.9600,942590,852,3732474
VSWS,N,20260617,SASKEN,EQ,Sasken Technologies,2194.7000,2407.2000,2190.2000,2407.2000,63741,4603,150086010
VSWS,N,20260617,SATECH,SM,S A Tech Software In,40.5000,42.0000,39.5500,39.5500,54000,45,2144550
VSWS,N,20260617,SATIA,EQ,Satia Industries,55.8200,57.0000,55.1000,55.9000,142017,1112,7975160
VSWS,N,20260617,SATIN,EQ,Satin Creditcare Net,231.6000,237.9100,231.6000,235.5900,255053,4320,60003588
VSWS,N,20260617,SATKARTAR,ST,Sat Kartar Life,155.6000,159.9000,155.6000,159.9000,4000,5,626800
VSWS,N,20260617,SATTVAENGG,SM,Sattva Engin Constru,65.3500,67.0000,65.2500,67.0000,40000,18,2645680
VSWS,N,20260617,SAURASHCEM,EQ,Saurashtra Cement,58.1200,59.2400,57.9000,58.9900,53041,555,3103698
VSWS,N,20260617,SAVY,SM,Savy Infra And Logis,138.7000,138.7000,135.0000,135.0000,14400,11,1949640
VSWS,N,20260617,SAWALIYA,SM,Sawaliya Food Produc,309.0000,311.1500,305.0000,307.0000,55800,46,17254410
VSWS,N,20260617,SAYAJIHOTL,EQ,Sayaji Hotels,295.0000,295.0000,290.0000,292.5000,89,7,25987
VSWS,N,20260617,SBC,EQ,SBC Exports,37.4600,37.9900,37.3200,37.5000,17483750,5614,657387374
VSWS,N,20260617,SBCL,EQ,Shivalik Bimetal,746.0000,760.0000,726.0000,729.1000,445466,18633,330704769
VSWS,N,20260617,SBFC,EQ,SBFC Finance,93.3400,93.6700,92.0100,92.1600,517317,7919,47857549
VSWS,N,20260617,SBGLP,EQ,Suratwwala Business,26.9800,26.9800,26.0100,26.4300,21330,523,567268
VSWS,N,20260617,SBIBPB,EQ,SBI BSE PSU Bank ETF,50.9000,50.9000,49.6500,50.7300,3836686,866,194643495
VSWS,N,20260617,SBICARD,EQ,SBI Cards And Paymen,627.2500,629.2000,622.5000,625.7000,1238376,18102,774131116
VSWS,N,20260617,SBIETFCON,EQ,SBI MF - SBI ETF Con,119.2000,119.2500,118.0200,118.7000,5468,120,648944
VSWS,N,20260617,SBIETFIT,EQ,SBI ETF IT,316.5800,321.1700,316.0200,319.7200,11296,241,3609356
VSWS,N,20260617,SBIETFPB,EQ,SBI ETF Private Bank,283.2300,285.5600,283.0700,283.2200,3515,126,998373
VSWS,N,20260617,SBIETFQLTY,EQ,SBI ETF Quality,218.9000,221.9500,218.5700,220.8600,1671,54,367117
VSWS,N,20260617,SBILIFE,EQ,SBI Life Ins Co,1756.0000,1803.1000,1756.0000,1793.6000,730989,45371,1302841828
VSWS,N,20260617,SBILIQETF,EQ,SBI NIFTY 1DR LiqETF,1043.4200,1043.4400,1043.4200,1043.4400,66647,52,69541109
VSWS,N,20260617,SBIMIDMOM,EQ,SBI Nifty Midcap 150,64.5000,64.8000,63.7700,64.1500,45432,85,2912675
VSWS,N,20260617,SBIN,EQ,State Bank of India,1017.0000,1028.1000,1013.4500,1026.5000,8190062,149867,8362376222
VSWS,N,20260617,SBINEQWETF,EQ,SBI Nifty50 Equal We,32.8700,33.1000,32.8500,32.9600,41365,208,1362185
VSWS,N,20260617,SBINMID150,EQ,SBI Nfty Midcap 150,23.1500,23.1500,22.6600,22.8400,12806,95,292244
VSWS,N,20260617,SBISILVER,EQ,SBI Silver ETF,241.4400,241.4500,239.3800,240.3800,697340,5543,167738644
VSWS,N,20260617,SBISMLETF,EQ,Sbi Nifty SMLCAP 250,17.4000,17.6700,17.2300,17.4800,78804,131,1373106
VSWS,N,20260617,SBIVALETF,EQ,SBI Nifty200 Valu 30,15.5200,15.5200,15.1800,15.2800,74023,140,1129424
VSWS,N,20260617,SCANSTL,EQ,Scan Steels,38.0200,38.8800,36.2100,38.6200,39863,397,1518653
VSWS,N,20260617,SCHAEFFLER,EQ,Schaeffler India,4188.0000,4252.0000,4135.9000,4197.1000,38058,7432,159889987
VSWS,N,20260617,SCHAND,EQ,S Chand & Company,148.9000,152.0000,147.6800,150.0900,59528,1484,8926646
VSWS,N,20260617,SCHNEIDER,EQ,Schneider Electric I,1175.2000,1274.8000,1175.2000,1266.6000,1156564,50982,1438804369
VSWS,N,20260617,SCI,EQ,Shipping Corporation,309.6000,313.6500,306.8000,310.6500,3579698,33557,1110030519
VSWS,N,20260617,SCILAL,EQ,Ship Corp Land & Ast,46.2900,46.5000,45.7900,46.1500,250671,1637,11561834
VSWS,N,20260617,SCML,SM,Sharp Chucks and Mac,77.5500,78.0000,77.5000,78.0000,5000,5,389050
VSWS,N,20260617,SCODATUBES,EQ,Scoda Tubes,134.8900,149.4000,133.5500,141.7900,1815478,19364,259072914
VSWS,N,20260617,SCPL,EQ,Sheetal Cool Product,475.0000,496.0000,467.0000,478.3500,27408,1201,13109898
VSWS,N,20260617,SDBL,EQ,Som Disti & Brewe,77.6500,88.4900,77.3100,85.7800,5715621,38680,482414884
VSWS,N,20260617,SDREAMS,SM,S D Retail,99.9500,108.0500,90.0000,92.0000,31000,22,2866600
VSWS,N,20260617,SEAMECLTD,EQ,SEAMEC,1575.1000,1586.7000,1310.0000,1321.7000,452214,38147,631089225
VSWS,N,20260617,SECMARK,EQ,SecMark Consultancy,130.0000,135.0000,124.0000,124.2300,229,14,29085
VSWS,N,20260617,SECURKLOUD,EQ,Securekloud Technolo,19.6500,19.8100,18.3000,18.9400,7284,138,139746
VSWS,N,20260617,SEDEMAC,EQ,Sedemac Mechatronics,2796.0000,2796.0000,2680.0000,2698.0000,225813,15586,619864850
VSWS,N,20260617,SEIL,EQ,Shanti Educational I,210.0000,210.2500,205.1400,206.2200,370292,6382,76809102
VSWS,N,20260617,SEJALLTD,BE,Sejal Glass,761.2500,761.2500,740.0000,761.2500,15020,210,11429591
VSWS,N,20260617,SELECTIPO,EQ,Mirae Asset BSE Sele,44.5000,44.5000,43.9800,44.1800,12560,73,555458
VSWS,N,20260617,SELMC,EQ,SEL Manufacturing Co,30.6000,30.6000,29.5500,29.6400,8693,86,258492
VSWS,N,20260617,SEMAC,BE,Semac Construction,341.1000,346.9500,324.0500,324.8500,931,38,308562
VSWS,N,20260617,SENCO,EQ,Senco Gold,357.2500,357.2500,336.0000,345.2000,479131,10957,166989426
VSWS,N,20260617,SENORES,EQ,Senores Pharmaceutic,1261.6000,1302.4000,1260.9000,1269.8000,304435,26358,389144233
VSWS,N,20260617,SENSEXADD,EQ,DSP BSE Sensex ETF,77.9400,79.2700,77.1700,79.2200,2406,43,190183
VSWS,N,20260617,SENSEXBETA,EQ,UTI BSE SEN ETF,848.0000,852.1200,847.0000,849.6100,818,164,694761
VSWS,N,20260617,SENSEXETF,EQ,Mirae Asset S&P BSE,79.0000,79.2900,78.8600,79.1900,65303,245,5169849
VSWS,N,20260617,SENSEXIETF,EQ,ICICI Pru BSE Sensex,890.0000,890.0000,876.3600,881.9500,13531,789,11920630
VSWS,N,20260617,SEPC,EQ,SEPC Ltd,7.1500,7.4900,6.9500,7.2700,71223759,39596,513673505
VSWS,N,20260617,SERVOTECH,EQ,Servotech Renewable,103.7500,104.7500,102.5200,102.8200,906724,7747,93709846
VSWS,N,20260617,SESHAPAPER,EQ,Seshasayee Paper,223.9000,228.3000,219.0000,222.9600,79970,2017,17778113
VSWS,N,20260617,SETCO,BE,Setco Automotive,18.2500,18.2500,18.2500,18.2500,203696,267,3717452
VSWS,N,20260617,SETF10GILT,EQ,SBI ETF 10 Year Gilt,261.6900,261.9800,260.4800,260.6600,4030,39,1054920
VSWS,N,20260617,SETFGOLD,EQ,SBI ETF Gold,128.1000,128.1000,127.2800,127.6000,3298631,8877,420788713
VSWS,N,20260617,SETFNIF50,EQ,SBI ETF Nifty 50,250.3100,260.5000,250.3100,258.0000,917217,9097,236344418
VSWS,N,20260617,SETFNIFBK,EQ,SBI ETF Nifty Bank,586.9700,589.7800,585.5800,588.9400,90647,810,53359749
VSWS,N,20260617,SETFNN50,EQ,SBI ETF Nifty Next50,771.5000,772.5000,765.1100,771.3600,34395,1017,26516382
VSWS,N,20260617,SETL,EQ,Standard Engineering,172.0000,175.5000,166.5300,173.4500,520664,5533,89270352
VSWS,N,20260617,SETUINFRA,BZ,Setubandhan Infrastr,0.4500,0.4600,0.4200,0.4200,182117,51,80594
VSWS,N,20260617,SEYAIND,BE,Seya Industries,12.9100,13.4000,12.8900,13.0200,36709,78,488778
VSWS,N,20260617,SFL,EQ,Sheela Foam,701.4500,711.1000,699.6000,709.7500,101851,6182,71999264
VSWS,N,20260617,SFML,SM,Supreme Facility Man,22.5500,23.0000,22.5000,22.7000,12800,7,290240
VSWS,N,20260617,SGFIN,EQ,SG Finserve,592.0000,608.0000,578.3000,581.1000,168255,5986,99317412
VSWS,N,20260617,SGIL,EQ,Synergy Green Indust,592.0000,595.0000,581.9500,587.8000,10530,458,6180649
VSWS,N,20260617,SGL,EQ,STL Global,10.8800,10.8800,10.5500,10.7200,41870,197,447195
VSWS,N,20260617,SGMART,EQ,SG Mart,584.0000,592.0000,582.3000,584.4000,41620,1929,24388775
VSWS,N,20260617,SHADOWFAX,EQ,Shadowfax Technologi,214.0000,221.7700,213.1000,215.2500,1165626,29713,254228408
VSWS,N,20260617,SHAH,EQ,Shah Metacorp,4.6900,4.7000,4.6400,4.6600,2266880,1204,10584506
VSWS,N,20260617,SHAHALLOYS,EQ,Shah Alloys,67.4000,68.8900,66.6000,66.6700,947,22,63304
VSWS,N,20260617,SHAILY,EQ,Shaily Engineering P,2950.0000,2959.6000,2857.0000,2883.3000,132167,16745,383370329
VSWS,N,20260617,SHAKTIPUMP,EQ,Shakti Pumps (India),554.7000,557.6000,545.1000,546.3000,436459,14250,240028419
VSWS,N,20260617,SHALBY,EQ,Shalby,171.0000,174.0000,170.3500,171.6100,76097,1383,13088603
VSWS,N,20260617,SHALPAINTS,EQ,Shalimar Paints,53.4800,53.5000,51.5500,51.8900,55466,518,2920320
VSWS,N,20260617,SHANKARA,BE,Shankara Building Pr,117.0900,117.0900,117.0900,117.0900,132927,70,15564422
VSWS,N,20260617,SHANTHALA,SM,Shanthala FMCG Produ,24.1500,24.7500,23.1000,23.1000,8400,7,200520
VSWS,N,20260617,SHANTI,EQ,Shanti Overseas (I),6.2500,6.4500,6.2400,6.3900,35572,96,228479
VSWS,N,20260617,SHANTIGEAR,EQ,Shanthi Gears,451.1500,462.8000,449.0500,452.3000,30288,1136,13768969
VSWS,N,20260617,SHANTIGOLD,EQ,Shanti Gold Internat,227.9000,231.5000,223.1000,223.7000,1439334,7462,326276485
VSWS,N,20260617,SHARDACROP,EQ,Sharda Cropchem,915.0000,920.7000,902.6000,913.8500,242870,13046,221306788
VSWS,N,20260617,SHARDAMOTR,EQ,Sharda Motor Industr,812.1000,823.3500,805.7500,813.6500,28446,2804,23184127
VSWS,N,20260617,SHARDUL,EQ,Shardul Securities,29.6500,29.8000,28.0000,28.3800,3147,34,91900
VSWS,N,20260617,SHAREINDIA,EQ,Share India Securiti,137.5000,140.8000,137.5000,140.1600,305306,3009,42602698
VSWS,N,20260617,SHARIABEES,EQ,Nippon INft50 Sha Be,457.5000,464.5200,457.4000,459.8200,10203,419,4684368
VSWS,N,20260617,SHBAJRG,EQ,Shri Bajrang Allianc,199.7700,199.7700,191.0000,191.9600,1445,40,279690
VSWS,N,20260617,SHEEL,SM,Sheel Biotech,69.4500,69.4500,69.4500,69.4500,12000,5,833400
VSWS,N,20260617,SHEETAL,SM,Sheetal Universal,290.5000,293.0000,287.5000,292.0000,4000,8,1163500
VSWS,N,20260617,SHEKHAWATI,BE,Shekhawati Industrie,14.4400,14.9300,14.2000,14.7700,6075,53,88398
VSWS,N,20260617,SHEMAROO,EQ,Shemaroo Entertainme,118.7000,133.4000,117.2200,129.5300,121387,1674,15570397
VSWS,N,20260617,SHERA,ST,Shera Energy,154.9500,161.7000,154.9000,161.7000,46000,42,7351550
VSWS,N,20260617,SHETHJI,ST,Shreeji Global FMCG,160.0000,163.4000,159.8000,160.0500,20000,19,3213550
VSWS,N,20260617,SHIGAN,SM,Shigan Quantum Techn,71.0500,75.4500,71.0500,72.9500,7500,5,545850
VSWS,N,20260617,SHILCTECH,EQ,Shilchar Technologie,4160.0000,4478.9000,4155.3000,4402.6000,80107,13273,350689673
VSWS,N,20260617,SHILPAMED,EQ,Shilpa Medicare,556.8000,577.3500,552.5000,572.4000,1320326,34501,750272896
VSWS,N,20260617,SHINDL,EQ,Sharat Industries,160.9500,160.9500,156.1500,157.1500,103698,351,16403695
VSWS,N,20260617,SHIVALIK,BE,Shivalik Rasayan,228.9500,235.0000,221.1000,222.2000,36196,314,8164649
VSWS,N,20260617,SHIVAMAUTO,BE,Shivam Autotech,17.2500,17.2500,16.7000,16.7900,23722,124,399600
VSWS,N,20260617,SHIVAMILLS,BE,Shiva Mills,64.4000,64.5000,61.6100,62.0500,2212,7,137588
VSWS,N,20260617,SHIVASHRIT,SM,Shivashrit Foods,118.5000,119.7000,116.0500,117.1500,45000,31,5288550
VSWS,N,20260617,SHIVATEX,EQ,Shiva Texyarn,149.0000,152.3700,147.6000,150.9400,3614,27,541665
VSWS,N,20260617,SHIVAUM,EQ,Shiv Aum Steels,372.4500,372.4500,366.0000,369.0000,23,5,8457
VSWS,N,20260617,SHK,EQ,S H Kelkar & Company,143.9800,145.8400,134.3500,137.7200,1500746,17663,207208917
VSWS,N,20260617,SHKSIL,SM,Shri Hare-krishna Sp,35.0000,37.5000,35.0000,37.5000,12000,6,438000
VSWS,N,20260617,SHOPERSTOP,EQ,Shoppers Stop,371.8500,371.8500,357.0000,359.1500,51327,2254,18603476
VSWS,N,20260617,SHRADHA,EQ,Shradha Realty,35.0000,35.8000,33.6000,34.5100,14797,176,517017
VSWS,N,20260617,SHREDIGCEM,EQ,Shree Digvijay Cem,74.9900,77.0000,73.2200,75.4800,152253,1597,11411967
VSWS,N,20260617,SHREECEM,EQ,Shree Cements,24950.0000,25455.0000,24740.0000,24970.0000,22298,7498,559827030
VSWS,N,20260617,SHREEJISPG,EQ,Shreeji Shipping Glo,471.4000,496.0000,469.6000,491.0000,1942370,9304,945534761
VSWS,N,20260617,SHREEKARNI,SM,Shree Karni Fabcom,458.0000,463.9500,458.0000,459.0000,3900,14,1790678
VSWS,N,20260617,SHREEOSFM,SM,Shree OSFM E-Mobilit,60.8000,62.5000,60.0000,61.2000,25000,21,1550050
VSWS,N,20260617,SHREEPUSHK,EQ,Shree Pushkar Chemic,383.7000,387.4000,374.9000,377.9000,23956,1032,9116249
VSWS,N,20260617,SHREERAMA,EQ,Shree Rama Multi-Tec,42.5000,45.0000,42.0500,44.2300,74663,615,3292010
VSWS,N,20260617,SHRENIK,BZ,Shrenik,0.3600,0.3700,0.3600,0.3600,302357,176,110537
VSWS,N,20260617,SHREYANIND,EQ,Shreyans Industries,140.5000,143.9800,133.9000,135.0400,13847,398,1889193
VSWS,N,20260617,SHRIAHIMSA,ST,Shri Ahimsa Naturals,339.0000,353.8500,335.0000,353.7500,27000,29,9373620
VSWS,N,20260617,SHRIKANHA,ST,Shri Kanha Stainless,25.2000,27.5000,25.2000,27.5000,6400,4,170240
VSWS,N,20260617,SHRIKRISH,EQ,Shri Krishna Devcon,43.9600,43.9600,42.7900,42.7900,110,15,4782
VSWS,N,20260617,SHRINGARMS,EQ,Shringar House Of Ma,216.7900,216.9000,213.5100,214.2200,594403,2844,127808301
VSWS,N,20260617,SHRIPISTON,EQ,SPR Auto Technologie,3719.0000,3759.5000,3670.0000,3704.0000,36366,7418,135020445
VSWS,N,20260617,SHRIRAMFIN,EQ,Shriram Finance,1005.0000,1015.7500,1001.9500,1007.5000,4353419,97389,4393512049
VSWS,N,20260617,SHRIRAMPPS,EQ,Shriram Properties,87.8500,90.0000,87.7900,88.4800,554563,4519,49179688
VSWS,N,20260617,SHRITECH,SM,Shri Techtex,62.1000,69.9500,62.1000,68.0000,12000,6,806600
VSWS,N,20260617,SHUBHLAXMI,SM,Shubhlaxmi Jewel Art,25.0000,26.1000,25.0000,26.1000,31000,26,802600
VSWS,N,20260617,SHUBHSHREE,SM,Shubhshree Biofuels,310.0000,330.0000,310.0000,326.7500,6900,16,2212230
VSWS,N,20260617,SHYAMCENT,EQ,Shyam Century Ferrou,5.0300,5.4000,4.7500,4.9600,44428,186,223060
VSWS,N,20260617,SHYAMDHANI,SM,Shyam Dhani Industri,65.4500,65.4500,64.0000,64.0000,10000,5,649000
VSWS,N,20260617,SHYAMMETL,EQ,Shyam Metalics & Ene,965.0000,967.0000,950.7000,955.5500,663188,11579,634416727
VSWS,N,20260617,SHYAMTEL,BE,Shyam Telecom,17.2500,17.2500,17.2500,17.2500,5196,12,89631
VSWS,N,20260617,SICAGEN,EQ,Sicagen India,54.0600,55.1900,53.3000,53.9600,5905,162,319682
VSWS,N,20260617,SICALLOG,BE,Sical Logistics,96.6400,96.6400,94.2500,96.6400,147181,128,14217815
VSWS,N,20260617,SIDDHICOTS,SM,Siddhi Cotspin,27.0000,29.0000,27.0000,29.0000,3600,3,101880
VSWS,N,20260617,SIDDHIKA,SM,Siddhika Coatings,205.9500,206.4000,205.9500,206.4000,5000,10,1030650
VSWS,N,20260617,SIEMENS,EQ,Siemens,3661.0000,3737.8000,3626.0000,3725.4000,401570,31491,1480212499
VSWS,N,20260617,SIGACHI,BE,Sigachi Industries,21.3500,21.8800,20.9000,21.7100,1073874,1503,23187903
VSWS,N,20260617,SIGIND,EQ,Signet Industries,50.0000,50.0000,48.6800,48.8600,9047,86,443123
VSWS,N,20260617,SIGMA,EQ,Sigma Solve,40.5100,40.8000,38.5000,38.8700,97257,1061,3824298
VSWS,N,20260617,SIGMAADV,BE,Sigma Advanced Syste,475.1000,480.0000,464.1000,476.2500,211451,3872,100687462
VSWS,N,20260617,SIGNATURE,EQ,Signatureglobal (Ind,801.0000,808.0000,777.4500,792.3500,277157,10048,219466162
VSWS,N,20260617,SIGNORIA,SM,Signoria Creation,80.0000,80.0000,80.0000,80.0000,15000,14,1200000
VSWS,N,20260617,SIGNPOST,EQ,Signpost India,260.0500,262.8500,254.8000,258.8500,143051,2462,37031503
VSWS,N,20260617,SIKA,EQ,Sika Interplant Sys,910.0000,928.8000,904.9500,922.1500,19633,1696,17947373
VSWS,N,20260617,SIKKO,EQ,Sikko Industries,3.9500,4.0000,3.7500,3.8200,552758,679,2135816
VSWS,N,20260617,SIL,EQ,Standard Industries,15.3200,15.8000,15.3200,15.6800,8321,156,129955
VSWS,N,20260617,SILGO,EQ,Silgo Retail,76.0000,76.7800,75.0000,75.0600,321065,1739,24240759
VSWS,N,20260617,SILINV,EQ,SIL Investments,425.0000,432.8000,425.0000,429.2000,1282,61,549513
VSWS,N,20260617,SILKFLEX,ST,Silkflex Polymers (I,212.0000,212.0000,205.0000,205.0000,2000,2,417000
VSWS,N,20260617,SILLYMONKS,EQ,Silly Monks Entertai,17.0000,17.9900,16.3000,17.0200,5258,111,89918
VSWS,N,20260617,SILVER,EQ,Aditya Birla SunLife,248.9900,248.9900,244.0500,245.0700,559981,6216,137286368
VSWS,N,20260617,SILVER1,EQ,Kotak Silver ETF,24.4500,24.4500,23.7100,23.8300,3752426,4333,89392152
VSWS,N,20260617,SILVER360,EQ,360 One Silver ETF,242.0000,242.2400,239.9500,240.7300,18384,405,4431046
VSWS,N,20260617,SILVERADD,EQ,DSP Silver ETF,238.2500,238.2500,235.8100,236.7000,87813,2322,20808954
VSWS,N,20260617,SILVERAG,EQ,Mirae Asset Silver E,240.1900,240.4900,237.8000,238.8700,199898,2678,47776093
VSWS,N,20260617,SILVERBEES,EQ,Nippon India Silver,235.8700,235.9100,233.8300,234.6700,14544062,51470,3416528034
VSWS,N,20260617,SILVERBETA,EQ,UTI Silver ETF,238.9700,238.9700,236.0300,236.8600,364980,3546,86537857
VSWS,N,20260617,SILVERBND,EQ,Bandhan Silver ETF,247.4000,247.4000,244.5800,245.3500,10788,237,2651127
VSWS,N,20260617,SILVERCASE,EQ,Zerodha Silver ETF,25.1200,25.1200,24.8100,24.8900,10248030,10372,255492569
VSWS,N,20260617,SILVERIETF,EQ,ICICI Prudential Sil,246.6500,246.6500,244.2400,245.0500,1849597,13223,453630759
VSWS,N,20260617,SILVERTUC,EQ,Silver Touch Technol,191.6400,203.0000,190.1100,195.3500,493145,7823,96765935
VSWS,N,20260617,SIMBHALS,BZ,Simbhaoli Sugars,6.8000,6.9000,6.7000,6.8800,28568,66,194044
VSWS,N,20260617,SIMCA,SM,Simca Advertising,144.5000,153.7500,144.5000,151.8000,91800,96,13620960
VSWS,N,20260617,SIMPLEXINF,EQ,Simplex Infrastructu,279.0000,285.0000,273.0000,281.8500,435735,4244,121578084
VSWS,N,20260617,SINCLAIR,EQ,Sinclairs Hotels,80.6800,80.7000,75.1500,76.4500,80785,1163,6223749
VSWS,N,20260617,SINDHUTRAD,EQ,Sindhu Trade Links,25.6100,25.6400,24.5000,24.9800,5754617,3815,143775825
VSWS,N,20260617,SINGERIND,EQ,Singer India,71.1500,73.7200,71.1500,71.8600,64302,826,4653844
VSWS,N,20260617,SINTERCOM,EQ,Sintercom India,75.1000,79.0000,75.1000,77.9100,62555,216,4870678
VSWS,N,20260617,SIRCA,EQ,Sirca Paints India,417.7500,422.0000,412.6000,413.8500,235081,3041,97893144
VSWS,N,20260617,SIS,EQ,SIS,423.4000,433.6500,423.2000,426.4000,74781,5277,32021316
VSWS,N,20260617,SITINET,BZ,Siti Networks,0.3600,0.3700,0.3500,0.3600,452775,180,164274
VSWS,N,20260617,SIYSIL,EQ,Siyaram Silk Mills,629.7000,635.7000,607.0500,615.0500,80054,4851,49723110
VSWS,N,20260617,SJLOGISTIC,SM,S J Logistics (India,352.9500,352.9500,332.4000,339.7500,26500,94,9054613
VSWS,N,20260617,SJS,EQ,SJS Enterprises,2219.9000,2286.7000,2178.9000,2193.5000,113799,13770,252514526
VSWS,N,20260617,SJVN,EQ,SJVN,73.5000,74.3000,73.2500,73.8700,2063731,18607,152021798
VSWS,N,20260617,SKFINDIA,EQ,SKF India,1643.2000,1653.0000,1623.1000,1627.7000,25925,2980,42381180
VSWS,N,20260617,SKFINDUS,EQ,SKF India (Industria,2516.7000,2579.8000,2464.1000,2527.8000,23963,4409,60817700
VSWS,N,20260617,SKIPPER,EQ,Skipper,559.6000,569.5000,543.1000,549.0000,1095620,31021,609050922
VSWS,N,20260617,SKMEGGPROD,EQ,SKM Egg Products,246.4500,248.0000,238.4000,244.3100,389920,5772,94926816
VSWS,N,20260617,SKP,SM,SKP Bearing Industri,151.5000,152.0000,150.0000,152.0000,3000,6,452575
VSWS,N,20260617,SKYGOLD,EQ,Sky Gold & Diamonds,530.0000,544.0000,520.1000,523.3500,565947,12772,300523007
VSWS,N,20260617,SLONE,SM,Slone Infosystems,122.0000,122.0000,122.0000,122.0000,1200,3,146400
VSWS,N,20260617,SMALL250,EQ,Mirae Asset Nifty Sm,17.6000,17.6000,17.2800,17.5300,398255,544,6972053
VSWS,N,20260617,SMALLADD,EQ,Dsp Nifty Smallcap 2,17.5100,17.6000,17.4700,17.5700,57013,92,1000718
VSWS,N,20260617,SMALLCAP,EQ,Mirae A N Scap 250 M,46.8000,46.8000,45.6800,45.9400,1012502,3133,46429785
VSWS,N,20260617,SMARTEN,SM,Smarten Power System,55.9500,59.2000,55.3500,59.2000,87600,53,5088840
VSWS,N,20260617,SMARTLINK,BE,Smartlink Holdings,165.0500,168.5000,161.1000,165.0000,2553,35,425588
VSWS,N,20260617,SMARTWORKS,EQ,Smartworks Coworking,486.3500,492.4500,466.1000,470.8000,120919,6628,58265942
VSWS,N,20260617,SMCGLOBAL,EQ,SMC Global Securitie,72.9000,73.3800,72.0700,73.0100,458743,1853,33399658
VSWS,N,20260617,SML100CASE,EQ,Zerodha Nifty Smallc,10.6100,10.6100,10.4800,10.5300,1332341,1035,14039920
VSWS,N,20260617,SMLMAH,EQ,SML Mahindra,3969.9000,4010.0000,3934.4000,3969.6000,45925,8226,182122440
VSWS,N,20260617,SMLT,EQ,Sarthak Metals,71.8000,72.9000,70.5000,71.1700,6327,150,453246
VSWS,N,20260617,SMSPHARMA,EQ,SMS Pharmaceuticals,374.0000,381.5500,372.9000,375.9500,113484,3126,42693654
VSWS,N,20260617,SNEHAA,ST,Snehaa Organics,45.3000,45.3000,43.7000,43.7000,2000,2,89000
VSWS,N,20260617,SNOWMAN,EQ,Snowman Logistics,39.4900,40.2500,39.2100,39.7800,214838,1516,8558986
VSWS,N,20260617,SNXT30BEES,EQ,Nippon India BSE Sen,42.5300,42.5300,41.8200,41.9400,5635,62,236456
VSWS,N,20260617,SNXT50BETA,EQ,UTI BSE Sen N 50,92.6800,93.9800,92.0500,93.0600,4890,97,455021
VSWS,N,20260617,SOBHA,EQ,Sobha,1390.0000,1419.0000,1390.0000,1415.2000,80882,8265,113735882
VSWS,N,20260617,SOCL,ST,Sundrex Oil Company,27.0000,27.0000,25.8000,25.8000,3200,2,84480
VSWS,N,20260617,SOFTTECH,BE,Softtech Engineers,410.4000,410.4000,410.4000,410.4000,3173,13,1302199
VSWS,N,20260617,SOLARA,EQ,Solara Active Pharma,588.9500,595.0000,576.5000,581.4500,128475,4569,74815363
VSWS,N,20260617,SOLARINDS,EQ,Solar Industries,16899.0000,17599.0000,16832.0000,17457.0000,119709,27846,2068558007
VSWS,N,20260617,SOLARWORLD,EQ,Solarworld Energy So,185.6600,187.8800,185.0000,186.9700,159048,2109,29656794
VSWS,N,20260617,SOLEX,EQ,Solex Energy,1119.1000,1159.3000,1119.1000,1146.3000,38145,3157,43650975
VSWS,N,20260617,SOMANYCERA,EQ,Somany Ceramics,526.2000,531.7500,510.0000,521.6000,79569,5118,41438374
VSWS,N,20260617,SOMATEX,EQ,Soma Textiles,102.7000,103.0000,96.2000,97.2100,25922,320,2594499
VSWS,N,20260617,SOMICONVEY,EQ,Somi Conveyor Beltin,100.9600,101.0000,99.0100,99.9800,4733,64,474702
VSWS,N,20260617,SONACOMS,EQ,Sona BLW Precision F,604.9000,609.4500,596.2000,601.2500,1420889,25083,855467945
VSWS,N,20260617,SONAMAC,ST,Sona Machinery,34.1000,34.1000,34.0500,34.0500,2000,2,68150
VSWS,N,20260617,SONAMLTD,EQ,Sonam,54.0500,55.4000,54.0500,55.2300,34310,781,1885935
VSWS,N,20260617,SONATSOFTW,EQ,Sonata Software,309.0000,312.4000,299.1500,305.6000,11607561,119898,3548917452
VSWS,N,20260617,SONUINFRA,SM,Sonu Infratech,43.6500,44.0000,42.1500,44.0000,15000,5,655125
VSWS,N,20260617,SOTL,EQ,Savita Oil Technolog,607.2000,619.6000,605.1000,610.7000,345293,8000,211252894
VSWS,N,20260617,SOUTHBANK,EQ,South Indian Bank,47.2000,48.8000,47.2000,48.4500,25436146,41122,1225804275
VSWS,N,20260617,SOUTHWEST,EQ,South West Pinnacle,254.7000,257.0000,249.0000,251.0000,135704,3727,34227118
VSWS,N,20260617,SPAL,EQ,S P Apparels,844.9000,850.4500,828.5000,830.9500,76382,3638,63805844
VSWS,N,20260617,SPANDANA,EQ,Spandana Sphoorty Fi,244.9500,262.0000,242.1000,256.2500,813916,24258,208204308
VSWS,N,20260617,SPARC,EQ,Sun Pharma Adv Resr,241.0000,243.9900,236.0000,239.6100,3113456,29772,746724374
VSWS,N,20260617,SPCENET,EQ,Spacenet Enterprises,3.4300,3.4300,3.1000,3.2600,3246922,1924,10386896
VSWS,N,20260617,SPCL,SM,Shivalic Power Contr,70.2000,72.4500,70.0000,71.4500,19800,30,1401660
VSWS,N,20260617,SPCON,SM,Srinibas Pradhan Con,140.3500,140.3500,140.3500,140.3500,6000,1,842100
VSWS,N,20260617,SPEB,ST,Speb Adhesives,89.0000,89.0000,86.5000,88.7500,16000,7,1399700
VSWS,N,20260617,SPECIALITY,EQ,Speciality Restauran,110.0000,110.0000,104.1000,108.3600,18315,248,1983458
VSWS,N,20260617,SPECTRUM,EQ,Spectrum Electrical,1550.1000,1709.9000,1550.1000,1644.6000,32463,3692,53900620
VSWS,N,20260617,SPECTSTM,ST,Spectrum Talent Mana,55.9500,57.8000,55.7000,57.0500,16800,19,950560
VSWS,N,20260617,SPENCERS,EQ,Spencer's Retail,37.3900,37.7000,36.7000,37.0000,48446,647,1800510
VSWS,N,20260617,SPIC,EQ,Southern Petrochem,72.0500,72.1900,70.3000,71.0100,641836,4127,45748850
VSWS,N,20260617,SPLIL,EQ,SPL Industries,30.7600,31.9000,29.1000,29.7200,14825,121,446844
VSWS,N,20260617,SPLPETRO,EQ,Supreme Petrochem,710.5000,721.4500,698.3500,713.1500,83062,5480,59166415
VSWS,N,20260617,SPMLINFRA,EQ,SPML Infra,190.1000,191.7200,187.7200,190.4900,189563,3876,35976177
VSWS,N,20260617,SPORTKING,EQ,Sportking India,181.0500,184.0000,176.4100,177.6700,189333,3288,33763621
VSWS,N,20260617,SPRL,SM,SP Refractories,91.3500,91.3500,91.3500,91.3500,3200,4,292320
VSWS,N,20260617,SPUNWEB,SM,Spunweb Nonwoven,112.0000,116.0000,109.0000,110.9500,40800,27,4571700
VSWS,N,20260617,SRD,EQ,Shankar Lal Rampal D,39.2000,39.6000,38.7100,39.3300,41553,276,1631692
VSWS,N,20260617,SREEL,EQ,Sreeleathers,203.0000,207.8000,200.6200,202.6500,5155,151,1050026
VSWS,N,20260617,SRF,EQ,S R F,2750.9000,2760.0000,2651.2000,2705.5000,499787,28717,1347969783
VSWS,N,20260617,SRGHFL,EQ,SRG Housing Finance,277.8000,280.0000,270.0000,278.0000,591,28,162779
VSWS,N,20260617,SRHHYPOLTD,EQ,Sree Rayalaseema Hi-,501.3000,504.0000,480.0000,486.5000,44717,1923,21755962
VSWS,N,20260617,SRIVASAVI,SM,Srivasavi Adhesive T,59.8000,63.9500,59.8000,63.9000,24000,21,1507500
VSWS,N,20260617,SRM,EQ,SRM Contractors,506.0000,507.9000,491.0000,493.8000,49650,2724,24700904
VSWS,N,20260617,SRTL,EQ,Shree Ram Twistex,41.9000,41.9000,40.8000,40.9800,79507,800,3270226
VSWS,N,20260617,SSDL,EQ,Saraswati Saree Depo,57.8300,59.6200,54.5100,55.7700,46803,1288,2623673
VSWS,N,20260617,SSEGL,SM,Sathlokhar Synergys,325.0000,344.9000,325.0000,337.5500,38600,171,12951520
VSWS,N,20260617,SSFL,ST,Srivari Spices & Foo,195.0000,199.9500,184.6000,191.5000,52000,68,9962900
VSWS,N,20260617,SSWL,EQ,Steel Strips Wheels,233.1000,234.4400,228.0000,228.7300,621123,10763,142860581
VSWS,N,20260617,STALLION,EQ,Stallion India Fluor,193.2000,194.7400,186.9700,188.0000,1077135,13490,204867181
VSWS,N,20260617,STANLEY,EQ,Stanley Lifestyles,145.7000,152.3100,143.7800,147.2700,397013,8716,59060243
VSWS,N,20260617,STAR,EQ,Strides Pharma Scien,1102.7000,1117.9000,1098.2000,1106.9000,117182,12467,129884244
VSWS,N,20260617,STARCEMENT,EQ,Star Cement,216.0100,218.3000,213.7700,214.7700,471950,11189,102155760
VSWS,N,20260617,STARHEALTH,EQ,Star Health & Allied,524.9500,543.3500,521.8500,533.7000,731125,24854,389841367
VSWS,N,20260617,STARPAPER,EQ,Star Paper Mills,135.0000,143.0000,135.0000,137.6100,17476,286,2426639
VSWS,N,20260617,STARTECK,EQ,Starteck Finance,274.5500,278.0000,273.8500,277.5000,5717,82,1582232
VSWS,N,20260617,STCINDIA,EQ,State Trading Corp,127.6000,150.0000,126.6900,145.0900,3239198,34534,467526807
VSWS,N,20260617,STEELCAS,EQ,Steelcast,287.2500,300.0000,287.2500,295.7500,55899,2537,16577572
VSWS,N,20260617,STEELCITY,EQ,Steel City Securitie,78.4000,78.9600,77.2000,78.6400,3778,124,296539
VSWS,N,20260617,STEELXIND,EQ,Steel Exchange India,12.5000,12.7000,12.2600,12.5700,3796766,4359,47348176
VSWS,N,20260617,STEL,EQ,STEL Holdings,629.4000,650.0000,575.0000,582.6000,41521,4277,24389643
VSWS,N,20260617,STERTOOLS,EQ,Sterling Tools,236.7000,242.3400,234.1000,235.8300,45563,1545,10835871
VSWS,N,20260617,STLNETWORK,BE,STL Networks,28.4500,28.6000,27.5000,27.5800,811540,1685,22528906
VSWS,N,20260617,STLTECH,BE,Sterlite Technologie,615.0000,629.0000,602.0000,616.6000,2932768,44394,1802808886
VSWS,N,20260617,STOVEKRAFT,EQ,Stove Kraft,663.5000,683.0000,663.5000,669.9000,165026,6260,111255086
VSWS,N,20260617,STRIDERS,SM,Striders Impex,51.0000,51.0000,50.4000,50.4000,9600,6,488640
VSWS,N,20260617,STUDDS,EQ,Studds Accessories,500.4500,508.4000,498.4500,500.6000,61413,2327,30869571
VSWS,N,20260617,STUDIOLSD,ST,Studio LSD,9.6000,9.9500,9.6000,9.9500,26000,13,255400
VSWS,N,20260617,STYL,EQ,Seshaasai Technologi,292.0500,296.0000,285.0000,291.5500,259798,5094,75523236
VSWS,N,20260617,STYLAMIND,EQ,Stylam Industries,3253.7000,3319.9000,3240.2000,3293.9000,16165,4742,53190167
VSWS,N,20260617,STYLEBAAZA,BE,Baazar Style Retail,336.9000,353.7000,324.2000,350.0500,1324856,2930,441421550
VSWS,N,20260617,STYRENIX,EQ,Styrenix Performance,2217.0000,2229.8000,2190.0000,2215.6000,16354,2985,36168231
VSWS,N,20260617,SUBAHOTELS,SM,Suba Hotels,123.4000,128.0000,118.0000,122.1000,70800,44,8704140
VSWS,N,20260617,SUBEXLTD,BE,Subex,12.1500,12.1500,11.0100,12.0100,4715100,2791,56187306
VSWS,N,20260617,SUBROS,EQ,Subros,750.0000,750.0000,723.1000,730.6500,71844,3545,52602739
VSWS,N,20260617,SUDARCOLOR,EQ,Sudarshan Colorants,356.4000,362.9500,351.1500,360.6000,5428,220,1950657
VSWS,N,20260617,SUDARSCHEM,EQ,Sudarshan Chemicals,912.0000,921.2000,896.0000,898.5500,185918,7154,168819198
VSWS,N,20260617,SUDEEPPHRM,EQ,Sudeep Pharma,835.0000,882.4000,827.7000,870.2000,835824,41280,724278727
VSWS,N,20260617,SUKHJITS,EQ,Sukhjit Starch & Che,169.8900,172.4000,167.1400,170.3100,28504,1837,4827688
VSWS,N,20260617,SULA,EQ,Sula Vineyards,157.5200,159.2700,156.2100,157.3700,303113,6031,47818118
VSWS,N,20260617,SUMEETINDS,EQ,Sumeet Industries,26.1100,26.3900,25.1600,25.8500,4846513,2156,124445177
VSWS,N,20260617,SUMICHEM,EQ,Sumitomo Chemical I,473.6000,475.8500,463.5000,464.3000,326506,13038,153010650
VSWS,N,20260617,SUMIT,BE,Sumit Woods,41.5000,43.4900,41.5000,42.4400,253061,232,10763417
VSWS,N,20260617,SUMMITSEC,EQ,Summit Securities,1562.1000,1562.1000,1540.0000,1546.1000,1430,270,2215754
VSWS,N,20260617,SUNCLAY,EQ,Sundaram Clayton,1335.4000,1369.0000,1318.3000,1325.4000,5834,1075,7785295
VSWS,N,20260617,SUNDARAM,EQ,Sundaram Multi Pap,1.3600,1.3900,1.3500,1.3500,289361,287,395118
VSWS,N,20260617,SUNDARMFIN,EQ,Sundaram Finance,4467.7000,4524.7000,4412.1000,4475.5000,64683,14366,288857232
VSWS,N,20260617,SUNDRMBRAK,EQ,Sundaram Brake Linin,732.4000,736.0500,713.7500,728.9000,5548,234,4050373
VSWS,N,20260617,SUNDRMFAST,EQ,Sundaram Fasteners,850.5500,861.4500,834.5500,857.9000,396697,34779,336353068
VSWS,N,20260617,SUNDROP,EQ,Sundrop Brands,663.2000,669.0000,660.0000,665.6500,3270,155,2173029
VSWS,N,20260617,SUNFLAG,EQ,Sunflag Iron & Steel,367.4000,369.5000,358.0500,365.0000,174017,5210,63340726
VSWS,N,20260617,SUNLITE,ST,Sunlite Recycling In,484.0000,485.0000,475.0000,477.5000,12900,38,6214950
VSWS,N,20260617,SUNPHARMA,EQ,Sun Pharmaceutical,1814.0000,1823.4000,1802.6000,1820.4000,1771990,79031,3216702656
VSWS,N,20260617,SUNTECH,ST,Suntech Infra Soluti,37.0000,37.2500,37.0000,37.2500,4800,3,178320
VSWS,N,20260617,SUNTECK,EQ,Sunteck Realty,311.9000,319.0500,307.2500,316.0000,440623,9698,138728653
VSWS,N,20260617,SUNTV,EQ,Sun TV Network,518.0000,526.2000,517.7500,519.3500,135620,10612,70821253
VSWS,N,20260617,SUPERHOUSE,EQ,Superhouse,153.7500,158.4900,152.5000,155.8100,3038,125,470448
VSWS,N,20260617,SUPERSPIN,EQ,Super Spinning Mills,5.2300,5.4300,4.8800,4.9700,201438,350,1023210
VSWS,N,20260617,SUPRAJIT,EQ,Suprajit Engineering,466.9000,469.8500,458.1000,462.0000,140032,5570,65020257
VSWS,N,20260617,SUPREME,EQ,Supreme Holdings & H,45.8800,49.7200,45.2000,45.5900,846726,3677,40518857
VSWS,N,20260617,SUPREMEENG,BZ,Supreme Engineering,1.2600,1.2600,1.2600,1.2600,90631,21,114195
VSWS,N,20260617,SUPREMEIND,EQ,Supreme Industries,3566.7000,3587.3000,3498.0000,3517.5000,276981,20871,973934286
VSWS,N,20260617,SUPREMEINF,EQ,Supreme Infrastructu,80.3000,81.9600,74.3100,77.0100,106702,2499,8248133
VSWS,N,20260617,SUPREMEPWR,ST,Supreme Power Equipm,247.0000,247.9500,239.0000,245.2000,30000,56,7287100
VSWS,N,20260617,SUPRIYA,EQ,Supriya Lifescience,956.1000,960.4000,908.1000,914.3500,298800,13051,277858621
VSWS,N,20260617,SURAJEST,EQ,Suraj Estate Develop,195.8400,202.6400,194.1200,196.3300,190320,2010,37773212
VSWS,N,20260617,SURAJLTD,EQ,Suraj,232.9900,232.9900,227.9900,230.0000,249,19,57064
VSWS,N,20260617,SURAKSHA,EQ,Suraksha Diagnostic,277.0000,277.0000,262.0000,265.5500,32792,1107,8804250
VSWS,N,20260617,SURANASOL,EQ,Surana Solar,27.0900,27.9800,26.7600,27.3200,69108,695,1892267
VSWS,N,20260617,SURANAT&P,EQ,Surana Tele & Power,19.5100,19.5100,18.6000,18.7400,57744,520,1090271
VSWS,N,20260617,SURANI,ST,Surani Steel Tubes,117.5000,117.5000,112.8000,115.3500,4600,20,525060
VSWS,N,20260617,SURYALA,EQ,Suryalata Spinning,450.0000,458.0000,443.0000,444.3500,745,48,333170
VSWS,N,20260617,SURYALAXMI,EQ,Suryalakshmi Cotton,58.0000,60.4000,57.2800,59.8200,8025,93,477227
VSWS,N,20260617,SURYAROSNI,EQ,Surya Roshni,263.3000,266.6000,260.1100,261.2000,427128,9129,112509296
VSWS,N,20260617,SURYODAY,EQ,Suryoday Small Fin,173.5400,178.0000,166.5900,170.5400,396347,8520,68355387
VSWS,N,20260617,SUTLEJTEX,EQ,Sutlej Textiles and,39.0000,39.0000,37.0000,37.3400,73557,1393,2796546
VSWS,N,20260617,SUVEN,EQ,Suven Life Sciences,272.0500,276.9000,254.2000,262.7500,3516407,58229,938580832
VSWS,N,20260617,SUVIDHAA,EQ,Suvidhaa Infoserve,2.7800,2.7800,2.7000,2.7300,61510,221,168577
VSWS,N,20260617,SUYOG,EQ,Suyog Telematics,751.3000,810.0000,745.0000,792.2000,55418,2853,43401129
VSWS,N,20260617,SUZLON,EQ,Suzlon Energy,58.3800,59.5000,57.3000,59.2700,164629458,204022,9635140512
VSWS,N,20260617,SVLL,BE,Shree Vasu Logistics,696.3000,719.9500,690.0000,710.3000,2042,44,1457816
VSWS,N,20260617,SVPGLOB,BE,SVP Global Textiles,4.0300,4.0300,3.8800,3.9500,28967,52,115093
VSWS,N,20260617,SWANCORP,EQ,Swan Corp,316.8000,321.9000,314.6500,316.0500,628093,20380,199833812
VSWS,N,20260617,SWANDEF,BE,Swan Defence And Hea,1953.0000,2070.0000,1953.0000,2055.2000,16039,880,32101038
VSWS,N,20260617,SWARAJ,SM,Swaraj Suiting,256.0000,256.0000,242.0000,244.9000,29500,40,7384825
VSWS,N,20260617,SWARAJENG,EQ,Swaraj Engines,3879.8000,3880.0000,3843.0000,3861.1000,10405,1877,40170339
VSWS,N,20260617,SWELECTES,EQ,Swelect Energy Syste,637.9500,643.9500,623.5000,626.5000,20151,1385,12708861
VSWS,N,20260617,SWIGGY,EQ,Swiggy,261.2500,270.0000,258.4500,259.4500,16298941,84373,4313127720
VSWS,N,20260617,SWSOLAR,EQ,Sterling & Wilson Re,215.4300,221.0000,212.3000,218.2700,1951385,18233,421708199
VSWS,N,20260617,SYLVANPLY,SM,Sylvan Plyboard (I),52.3000,52.3000,52.2500,52.2500,4000,2,209100
VSWS,N,20260617,SYMPHONY,EQ,Symphony,673.5000,694.5000,673.5000,691.8000,106102,4828,72936328
VSWS,N,20260617,SYNCOMF,EQ,Syncom Formulations,14.3600,14.5500,14.1200,14.2200,2004540,4604,28609945
VSWS,N,20260617,SYNGENE,EQ,Syngene Internationa,453.1000,457.9500,447.0000,448.3000,346012,19906,155728156
VSWS,N,20260617,SYNOPTICS,SM,Synoptics Technologi,68.6000,68.6000,68.6000,68.6000,4800,8,329280
VSWS,N,20260617,SYRMA,EQ,Syrma SGS Technology,1303.1000,1322.0000,1284.0000,1298.3000,786824,33906,1024106968
VSWS,N,20260617,SYSTANGO,SM,Systango Technologie,218.1000,221.0000,216.8500,218.3000,14400,33,3149420
VSWS,N,20260617,SYSTMTXC,EQ,Systematix Corporate,67.9700,68.0000,66.0000,66.7000,64002,372,4251972
VSWS,N,20260617,TAALTECH,EQ,TAAL Tech,3355.9000,3400.0000,3318.7000,3382.4000,2488,281,8412706
VSWS,N,20260617,TAC,SM,TAC Infosec,399.8000,411.2000,399.8000,411.2000,94000,282,38491180
VSWS,N,20260617,TAINWALCHM,EQ,Tainwala Chemical,205.0000,208.7000,200.0000,202.0100,5271,103,1073714
VSWS,N,20260617,TAJGVK,EQ,Taj GVK Hotels & Res,333.1500,334.7000,330.4000,333.2000,31352,1492,10429174
VSWS,N,20260617,TAKE,BE,Take Solutions,30.0000,30.0000,29.0000,29.6600,154012,3031,4554542
VSWS,N,20260617,TALBROAUTO,EQ,Talbros Automotive,358.2500,364.0500,356.9500,358.4000,122513,3563,44131652
VSWS,N,20260617,TAMBOLIIN,EQ,Tamboli Industries,184.9900,186.6500,182.0200,185.4100,3645,104,674753
VSWS,N,20260617,TANKUP,ST,Tankup Engineers,970.0000,1000.0000,970.0000,1000.0000,1250,5,1229150
VSWS,N,20260617,TANLA,EQ,Tanla Platforms,533.0000,542.9000,526.0000,528.9500,317494,10134,169499947
VSWS,N,20260617,TAPIFRUIT,SM,Tapi Fruit Processin,52.2000,52.2000,52.2000,52.2000,750,1,39150
VSWS,N,20260617,TARACHAND,EQ,Tara Chand Infralogi,57.0000,57.7600,55.7000,56.1500,143808,1501,8100467
VSWS,N,20260617,TARAPUR,EQ,Tarapur Transformers,20.8900,20.8900,19.7500,20.0400,26767,174,538830
VSWS,N,20260617,TARC,EQ,TARC,129.7500,131.2000,127.9200,128.7900,332440,2826,42912889
VSWS,N,20260617,TARIL,EQ,Transformers & Recti,326.5500,332.8500,323.3500,325.9000,3628949,48791,1189095779
VSWS,N,20260617,TARMAT,EQ,Tarmat,52.2400,52.2400,51.1500,51.8400,6281,81,324276
VSWS,N,20260617,TARSONS,EQ,Tarsons Products,246.0000,284.4000,242.1000,278.1100,22801681,186910,6186847980
VSWS,N,20260617,TASTYBITE,EQ,Tasty Bite Eatables,8179.5000,8280.0000,8140.0000,8187.5000,1652,519,13533549
VSWS,N,20260617,TATACAP,EQ,Tata Capital,337.5000,341.9500,335.0000,337.1000,2198764,34776,745400180
VSWS,N,20260617,TATACHEM,EQ,Tata Chemicals,731.0000,739.8000,727.0000,729.0000,595366,12202,436868071
VSWS,N,20260617,TATACOMM,EQ,Tata Communications,1920.0000,1967.9000,1894.1000,1899.8000,839867,38228,1615035300
VSWS,N,20260617,TATACONSUM,EQ,Tata Consumer Produc,1126.0000,1134.2000,1117.9000,1124.5000,931423,41149,1048040042
VSWS,N,20260617,TATAELXSI,EQ,Tata Elxsi,4122.1000,4157.0000,4022.5000,4094.6000,267544,28985,1096346394
VSWS,N,20260617,TATAGOLD,EQ,Tata Gold ETF,14.5700,14.6700,14.3100,14.5200,35568607,55664,516560950
VSWS,N,20260617,TATAINVEST,EQ,Tata Investment Corp,672.9500,677.1500,671.3500,675.6500,181121,8257,122118673
VSWS,N,20260617,TATAPOWER,EQ,Tata Power,402.2500,403.4500,399.3500,401.5000,5958070,69643,2389563379
VSWS,N,20260617,TATASTEEL,EQ,Tata Steel,196.7900,199.5000,195.6000,199.0100,22491220,124783,4454047517
VSWS,N,20260617,TATATECH,EQ,Tata Technologies,771.0000,779.1000,762.5000,773.5500,1275758,35343,984776763
VSWS,N,20260617,TATSILV,EQ,Tata Silver ETF,24.2000,24.3000,23.7200,23.8200,37854925,41087,902321913
VSWS,N,20260617,TATVA,EQ,Tatva Chintan Pharma,1185.0000,1220.5000,1183.8000,1193.5000,54603,3318,65767461
VSWS,N,20260617,TAURIAN,SM,Taurian MPS,294.5000,309.0000,294.5000,297.9500,59200,60,17670480
VSWS,N,20260617,TBI,SM,TBI Corn,68.0000,68.0000,65.0000,65.9500,18600,31,1224120
VSWS,N,20260617,TBOTEK,EQ,TBO Tek,1422.4000,1468.7000,1419.7000,1455.6000,152775,12459,222422290
VSWS,N,20260617,TBZ,EQ,Tribhovandas Bhimji,196.7000,201.5000,192.9900,194.4000,839612,12301,165705575
VSWS,N,20260617,TCC,EQ,TCC Concept,355.0000,357.0000,340.2500,349.6500,11113,236,3885345
VSWS,N,20260617,TCI,EQ,Transport Corp,943.1000,946.8000,925.6000,928.1500,28092,3749,26160468
VSWS,N,20260617,TCIEXP,EQ,TCI Express,534.6500,542.8000,531.3500,540.2000,11900,882,6400446
VSWS,N,20260617,TCIFINANCE,BE,TCI Finance,25.1700,25.1700,25.1700,25.1700,7794,65,196175
VSWS,N,20260617,TCL,SM,Thaai Casting,99.7500,101.9000,98.4000,100.9500,9600,12,960840
VSWS,N,20260617,TCPLPACK,EQ,TCPL Packaging,2720.4000,2807.9000,2672.7000,2750.2000,7725,1625,21153263
VSWS,N,20260617,TCS,EQ,Tata Consultancy Ser,2209.0000,2231.0000,2200.7000,2223.0000,2865010,107237,6361471429
VSWS,N,20260617,TDPOWERSYS,EQ,TD Power Systems,1169.0000,1239.9000,1165.5000,1230.5000,848338,36267,1032824044
VSWS,N,20260617,TEAMGTY,EQ,Team India Guaranty,244.1500,244.1500,236.0000,238.1500,1249,79,296830
VSWS,N,20260617,TEAMLEASE,EQ,TeamLease Services,1413.4000,1442.0000,1410.1000,1433.2000,56292,4278,80171748
VSWS,N,20260617,TEAMTECH,SM,Teamtech Formwork So,81.1500,81.2000,79.0000,79.9000,116000,52,9305300
VSWS,N,20260617,TECH,EQ,Aditya Birla SLN IT,31.5700,31.5900,31.1500,31.4900,93625,195,2947173
VSWS,N,20260617,TECHD,ST,TechD Cybersecurity,610.0000,621.0000,600.1000,618.1000,6300,21,3848325
VSWS,N,20260617,TECHERA,SM,TechEra Engineering,169.8500,169.8500,169.8500,169.8500,17600,13,2989360
VSWS,N,20260617,TECHLABS,ST,Trident Techlabs,134.0000,134.0000,130.1000,130.1000,23750,127,3102931
VSWS,N,20260617,TECHM,EQ,Tech Mahindra,1455.0000,1476.8000,1454.0000,1462.4000,2126833,63723,3118354519
VSWS,N,20260617,TECHNOE,EQ,Techno Elect & Eng,1092.5000,1092.7000,1080.0000,1085.0000,162885,11602,176731684
VSWS,N,20260617,TECHNVISN,EQ,TechVision Ventures,5030.0000,5500.0000,5030.0000,5123.0000,423,187,2242430
VSWS,N,20260617,TECILCHEM,EQ,TECIL Chem & Hydro,10.8700,12.8900,10.6000,11.1000,82152,304,936191
VSWS,N,20260617,TEGA,EQ,Tega Industries,1839.8000,1849.0000,1811.0000,1833.5000,38433,4130,70231947
VSWS,N,20260617,TEJASCARGO,SM,Tejas Cargo India,385.0000,390.0000,385.0000,390.0000,2400,6,934000
VSWS,N,20260617,TEJASNET,EQ,Tejas Networks,583.5000,609.4000,583.5000,602.0000,8267795,116534,4956068111
VSWS,N,20260617,TEMBO,EQ,Tembo Global Industr,570.2500,576.3000,566.1000,569.8000,74119,2949,42345613
VSWS,N,20260617,TENNIND,EQ,Tenneco Clean Air In,570.0000,584.0000,564.0000,568.0500,1293992,30618,743457353
VSWS,N,20260617,TERASOFT,EQ,Tera Software,439.1000,444.4500,432.0000,437.9500,9576,575,4200486
VSWS,N,20260617,TEXINFRA,EQ,Texmaco Infra & Hold,103.4000,103.4000,100.9900,101.3400,61850,1032,6287218
VSWS,N,20260617,TEXMOPIPES,EQ,Texmo Pipes and Prod,45.2000,46.4800,45.2000,45.6800,22287,309,1020240
VSWS,N,20260617,TEXRAIL,EQ,Texmaco Rail & Engin,108.3600,110.5000,107.3500,109.5200,2346417,14359,255965827
VSWS,N,20260617,TFCILTD,EQ,Tourism Finance Corp,76.0000,77.6000,75.1400,75.5600,7100122,17429,542987669
VSWS,N,20260617,TFL,EQ,Transwarranty Financ,11.8200,13.9800,11.8200,12.8800,234762,909,3130228
VSWS,N,20260617,TGBHOTELS,EQ,TGB Banquets & Hotel,9.1500,9.1500,9.0100,9.1000,6249,32,56953
VSWS,N,20260617,TGL,SM,Teerth Gopicon,20.5500,20.5500,19.5500,19.7500,24000,77,480910
VSWS,N,20260617,THACKER,BE,Thacker & Company,1300.0000,1300.0000,1203.1000,1279.0000,109,20,139976
VSWS,N,20260617,THAKDEV,EQ,Thakkars Developers,126.8000,131.9500,126.8000,131.9500,101,2,13322
VSWS,N,20260617,THANGAMAYL,EQ,Thangamayil Jeweller,5525.0000,5680.0000,5485.4000,5632.7000,118289,17895,659850483
VSWS,N,20260617,THEINVEST,EQ,Investment Trust Of,99.0200,100.5000,98.7300,100.0000,2916,81,291156
VSWS,N,20260617,THEJO,EQ,Thejo Engineering,1676.0000,1755.0000,1660.0000,1729.2000,12506,1358,21551125
VSWS,N,20260617,THELEELA,EQ,Leela Palaces Hotels,459.9000,468.9500,452.4000,455.8000,721487,18356,333138262
VSWS,N,20260617,THEMISMED,EQ,Themis Medicare,101.5000,103.3800,101.2100,102.6400,37018,816,3789371
VSWS,N,20260617,THERMAX,EQ,Thermax,4724.0000,4798.0000,4710.0000,4774.4000,110973,17036,527065921
VSWS,N,20260617,THESL,SM,Thinking Hats Ent So,13.0000,13.0500,12.3500,13.0000,42000,4,544350
VSWS,N,20260617,THOMASCOOK,EQ,Thomas Cook,108.8900,113.4400,107.8400,111.2600,3531179,19797,394433663
VSWS,N,20260617,THOMASCOTT,EQ,Thomas Scott (India),289.3000,307.9000,289.0000,294.0500,111949,3737,33152057
VSWS,N,20260617,THYROCARE,EQ,Thyrocare Technologi,538.7000,540.7000,530.1000,533.5000,149817,8374,80252696
VSWS,N,20260617,TI,EQ,Tilaknagar Ind,430.0000,433.8000,426.3000,428.9000,309927,9667,133250770
VSWS,N,20260617,TICL,EQ,Twamev Construction,20.7500,20.7800,20.2500,20.3500,1828613,1010,37497883
VSWS,N,20260617,TIGERLOGS,BE,Tiger Logistics (I),35.1700,35.1700,34.5900,34.8000,26691,143,929420
VSWS,N,20260617,TIIL,EQ,Technocraft Industri,2550.7000,2554.5000,2494.8000,2507.4000,6922,1078,17379263
VSWS,N,20260617,TIINDIA,EQ,Tube Investments of,3284.0000,3284.0000,3218.7000,3267.7000,102689,15146,334052725
VSWS,N,20260617,TIJARIA,EQ,Tijaria Polypipes,4.5000,4.5200,4.3200,4.3500,28107,122,123150
VSWS,N,20260617,TIL,EQ,T I L,182.8700,214.9000,180.8600,204.4500,1162877,19359,234557031
VSWS,N,20260617,TIMETECHNO,EQ,Time Technoplast,179.8000,181.7000,178.6700,179.2600,3067282,13533,550710297
VSWS,N,20260617,TIMEX,EQ,Timex Group India,488.3500,499.7000,480.5500,483.6500,294194,8177,143978372
VSWS,N,20260617,TIMKEN,EQ,Timken India,3631.4000,3680.0000,3580.2000,3608.0000,20904,5552,75844943
VSWS,N,20260617,TINNARUBR,EQ,Tinna Rubber & Infra,889.9500,904.9500,877.5000,890.5000,33041,2044,29217060
VSWS,N,20260617,TIPSFILMS,EQ,Tips Films,348.3000,352.9000,346.0500,347.8000,1141,126,397731
VSWS,N,20260617,TIPSMUSIC,EQ,Tips Music,637.4000,650.4000,637.2500,642.9500,118115,8612,76301165
VSWS,N,20260617,TIRUMALCHM,EQ,Thirumalai Chemicals,178.4500,179.4000,174.0800,174.7800,164210,2561,28880909
VSWS,N,20260617,TIRUPATIFL,BE,Tirupati Forge,48.3000,48.3000,46.9800,47.8300,141977,477,6756888
VSWS,N,20260617,TITAGARH,EQ,Titagarh Rail System,898.6000,922.8000,884.5000,920.4000,2177474,63009,1977298703
VSWS,N,20260617,TITAN,EQ,Titan Company,4338.0000,4395.0000,4327.5000,4380.5000,623868,49352,2724751734
VSWS,N,20260617,TMB,EQ,Tamilnad Mercantile,762.5000,793.5000,762.5000,781.8500,286403,13037,223466709
VSWS,N,20260617,TMCV,EQ,Tata Motors,406.7000,408.3500,397.6500,402.8000,8800432,104645,3546692631
VSWS,N,20260617,TMPV,EQ,Tata Motors Passenge,395.5000,395.6000,355.0000,360.9500,51987488,468983,19060545034
VSWS,N,20260617,TNIDETF,EQ,Tata Nifty India Dig,82.5000,82.9000,81.0200,82.3900,60941,567,5019988
VSWS,N,20260617,TNPETRO,EQ,Tamilnadu Petropro,91.0300,91.7800,90.0000,90.8100,100662,1160,9109799
VSWS,N,20260617,TNPL,EQ,Tamil Nadu Newsprint,145.2000,146.0400,144.3000,144.5000,61852,1558,8962120
VSWS,N,20260617,TNTELE,EQ,Tamilnadu Telecomm,9.0400,9.4500,9.0300,9.1700,14141,81,129519
VSWS,N,20260617,TOKYOPLAST,BE,Tokyo Plast Inter,87.0700,88.0000,82.5000,84.9800,1536,21,129515
VSWS,N,20260617,TOLINS,EQ,Tolins Tyres,107.9900,108.9900,106.5200,106.9500,74408,1189,7989784
VSWS,N,20260617,TOP100CASE,EQ,Zerodha Nifty 100 ET,10.5200,10.6000,10.4500,10.5000,887088,1053,9304138
VSWS,N,20260617,TOP10ADD,EQ,DSP Nifty Top 10 Equ,88.6300,89.0800,88.5200,88.9600,115067,456,10220247
VSWS,N,20260617,TOP15IETF,EQ,ICICI Prudential Nif,9.9000,9.9000,9.7900,9.8600,108474,234,1071087
VSWS,N,20260617,TOP20,EQ,Mirae Asset Nifty To,8.7700,8.7700,8.6700,8.6900,101635,126,884914
VSWS,N,20260617,TORNTPHARM,EQ,Torrent Pharma,4475.0000,4496.4000,4414.8000,4442.8000,304463,37742,1352606076
VSWS,N,20260617,TORNTPOWER,EQ,Torrent Power,1414.0000,1426.4000,1395.2000,1407.3000,419914,28864,590467171
VSWS,N,20260617,TOTAL,EQ,Total Transport Syst,51.0900,52.0000,51.0900,51.1000,1407,20,72001
VSWS,N,20260617,TOUCHWOOD,EQ,Touchwood Entertainm,69.0100,78.8800,69.0100,75.0700,11644,307,875771
VSWS,N,20260617,TPHQ,EQ,Teamo Productions HQ,0.4900,0.5000,0.4900,0.4900,575244,266,285006
VSWS,N,20260617,TPLPLASTEH,EQ,TPL Plastech,68.4000,68.4000,66.3100,66.7500,27230,481,1819228
VSWS,N,20260617,TRACXN,EQ,Tracxn Technologies,32.0000,32.8000,31.3800,31.5200,227012,1468,7238787
VSWS,N,20260617,TRANSPEK,EQ,Transpek Industry,1002.0000,1017.4000,991.0000,998.5000,1647,258,1654741
VSWS,N,20260617,TRANSRAILL,EQ,Transrail Lighting,498.0000,501.1500,494.6500,498.1000,350212,9777,174288208
VSWS,N,20260617,TRANSTEEL,SM,Transteel Seating Te,124.6000,126.0000,118.9500,119.8500,164000,106,20144200
VSWS,N,20260617,TRANSWORLD,EQ,Transworld Shipping,192.0000,193.4400,183.0400,184.2500,30687,698,5777052
VSWS,N,20260617,TRAVELFOOD,EQ,Travel Food Services,1340.0000,1340.0000,1305.7000,1317.5000,43131,6460,56836424
VSWS,N,20260617,TREEHOUSE,EQ,Tree House Education,7.0200,7.3000,7.0200,7.2900,3551,72,25622
VSWS,N,20260617,TREJHARA,EQ,Trejhara Solutions,147.9900,150.0000,142.1500,145.3600,13962,581,2037845
VSWS,N,20260617,TREL,EQ,Transindia Real Est,26.2700,26.4900,26.0000,26.1000,39926,398,1045309
VSWS,N,20260617,TRENT,EQ,Trent,2905.0000,3115.0000,2905.0000,3102.8000,5645225,231867,17150481908
VSWS,N,20260617,TRF,EQ,T R F,232.0000,237.8300,225.8900,233.1400,19051,987,4416592
VSWS,N,20260617,TRIDENT,EQ,Trident,25.0500,25.3000,24.7700,24.9300,4015207,11806,100392878
VSWS,N,20260617,TRIDHYA,SM,Tridhya Tech,11.1000,11.5500,11.1000,11.5500,12000,4,136050
VSWS,N,20260617,TRIGYN,EQ,Trigyn Technologies,57.0000,57.0000,55.5500,56.4600,22912,357,1288415
VSWS,N,20260617,TRITURBINE,EQ,Triveni Turbine,662.3000,679.9000,656.5500,677.4000,478013,15194,318917157
VSWS,N,20260617,TRIVENI,EQ,Triveni Engineering,403.2500,408.1500,398.5500,405.5000,449216,13724,181377622
VSWS,N,20260617,TROM,ST,Trom Industries,55.0000,55.0000,54.4000,54.4000,6000,9,327540
VSWS,N,20260617,TRU,EQ,TruCap Finance,5.7600,5.9600,5.7600,5.8100,61031,158,358785
VSWS,N,20260617,TRUALT,EQ,TruAlt Bioenergy,499.0500,504.0000,488.4500,491.6000,197860,5235,98238373
VSWS,N,20260617,TRUST,SM,Trust Fintech,30.2000,31.9000,30.2000,31.0000,5400,9,169050
VSWS,N,20260617,TSC,SM,TSC India,26.1500,26.1500,26.0000,26.0000,8000,4,208500
VSWS,N,20260617,TSFINV,EQ,TSF Investments,400.0000,405.2000,394.4500,399.2000,243368,5665,97412045
VSWS,N,20260617,TTKHLTCARE,EQ,TTK Healthcare,890.0000,920.0000,876.0000,896.7500,8961,907,8067907
VSWS,N,20260617,TTKPRESTIG,EQ,TTK Prestige,545.0000,549.7000,536.5500,544.6000,56578,3033,30724831
VSWS,N,20260617,TTL,EQ,T T,6.6100,7.0000,6.6100,6.9400,375425,350,2568641
VSWS,N,20260617,TTML,EQ,Tata Teleservices M,45.1000,47.5700,45.0200,45.4700,11791168,37770,543160667
VSWS,N,20260617,TUNWAL,SM,Tunwal E-Motors,27.8000,28.5000,25.1500,26.4000,450000,178,12043400
VSWS,N,20260617,TVSELECT,EQ,TVS Electronics,460.5000,497.0000,458.0500,485.0000,217260,8298,104626550
VSWS,N,20260617,TVSHLTD,EQ,TVS Holdings,13367.0000,13439.0000,13279.0000,13358.0000,1758,1001,23458761
VSWS,N,20260617,TVSMOTOR,EQ,TVS Motor Company,3454.9000,3480.0000,3415.5000,3448.7000,492280,36841,1700010091
VSWS,N,20260617,TVSSCS,EQ,TVS Supply Chain Sol,134.9800,139.7000,132.3000,135.5100,1201966,15301,164061320
VSWS,N,20260617,TVSSRICHAK,EQ,TVS Srichakra,4016.3000,4090.0000,3998.9000,4008.7000,3633,1056,14666222
VSWS,N,20260617,TVTODAY,EQ,TV Today Network,106.7000,107.8500,106.0000,106.1700,77677,845,8282646
VSWS,N,20260617,TVVISION,EQ,TV Vision,5.4900,5.4900,5.2300,5.2700,3209,47,17048
VSWS,N,20260617,TWCGOLDETF,EQ,Wealth Company Gold,147.0500,149.4100,147.0500,148.7400,2749,27,408890
VSWS,N,20260617,UBL,EQ,United Breweries,1348.0000,1348.0000,1330.7000,1335.0000,57841,8063,77304406
VSWS,N,20260617,UCAL,EQ,Ucal,102.4900,102.5500,101.5400,101.9600,1895,84,193368
VSWS,N,20260617,UCL,ST,Ushanti Colour Chem,158.5000,158.5000,158.5000,158.5000,2000,1,317000
VSWS,N,20260617,UCOBANK,EQ,Uco Bank,26.4500,30.0400,26.3500,28.2000,157521699,174326,4522000505
VSWS,N,20260617,UDS,EQ,Updater Services,183.0000,184.4700,179.0000,180.0200,177028,2474,32096797
VSWS,N,20260617,UEL,EQ,Ujaas Energy,142.0200,142.0500,138.4400,140.5700,1883,339,263626
VSWS,N,20260617,UFBL,EQ,United Foodbrands,596.9500,625.0000,592.3000,619.1000,232885,9508,142335590
VSWS,N,20260617,UFLEX,EQ,Uflex,425.9500,426.8000,419.1500,420.9000,45066,1871,19011630
VSWS,N,20260617,UFO,EQ,UFO Moviez India,73.6200,76.5000,73.6200,75.7800,57544,953,4332107
VSWS,N,20260617,UGARSUGAR,EQ,Ugar Sugar Works,40.8800,41.0700,40.0000,40.1700,102225,1105,4111362
VSWS,N,20260617,UGROCAP,EQ,Ugro Capital,98.6300,99.3800,96.3200,96.9500,235450,1913,23127997
VSWS,N,20260617,UHTL,ST,United Heat Transfer,108.5500,108.5500,108.5500,108.5500,56000,24,6078800
VSWS,N,20260617,UJJIVANSFB,EQ,Ujjivan Small Financ,57.3900,57.3900,56.5700,56.7500,4356583,23749,248122270
VSWS,N,20260617,ULTRACEMCO,EQ,UltraTech Cement,11380.0000,11420.0000,11314.0000,11373.0000,177587,31993,2020042149
VSWS,N,20260617,ULTRAMAR,EQ,Ultramarine & Pig,380.8000,382.7500,368.0000,370.0500,56783,1624,21145676
VSWS,N,20260617,UMAEXPORTS,BE,Uma Exports,25.5000,25.9400,23.7500,23.9900,248602,324,6005735
VSWS,N,20260617,UMESLTD,BE,Usha Martin Educatio,5.7500,5.9000,5.5600,5.8100,5903,30,33881
VSWS,N,20260617,UMIYA-MRO,EQ,Umiya Buildcon,85.9800,88.0000,85.1200,86.2700,16120,141,1383603
VSWS,N,20260617,UNICHEMLAB,EQ,Unichem Laboratories,447.0000,466.0000,437.1000,449.4500,393603,11429,177673464
VSWS,N,20260617,UNIDT,BE,United Drilling Tool,222.2000,227.0000,219.0000,220.5700,12589,143,2789001
VSWS,N,20260617,UNIECOM,EQ,Unicommerce ESolutio,89.6400,92.3000,89.0500,89.9200,353050,3407,31710494
VSWS,N,20260617,UNIENTER,EQ,Uniphos Enterprises,107.9500,109.6800,107.0000,108.7900,1005,23,108591
VSWS,N,20260617,UNIHEALTH,ST,Unihealth Hospitals,547.8000,547.8000,537.5500,547.8000,40000,74,21869050
VSWS,N,20260617,UNIINFO,BE,Uniinfo Telecom Serv,11.2000,11.8000,11.1100,11.6000,2459,22,28327
VSWS,N,20260617,UNILEX,SM,Unilex Colours & Che,27.0000,27.2000,27.0000,27.2000,4800,3,130240
VSWS,N,20260617,UNIMECH,EQ,Unimech Aerospace &,1164.9500,1179.9000,1133.3000,1160.3500,95186,7077,109694843
VSWS,N,20260617,UNIONBANK,EQ,Union Bank of India,171.5000,174.1500,169.4000,173.7500,12653845,58501,2179188465
VSWS,N,20260617,UNIONGOLD,EQ,Union Gold ETF,146.7000,146.8000,145.8000,146.5500,896,20,131179
VSWS,N,20260617,UNIPARTS,EQ,Uniparts India,672.9500,676.0000,662.0000,667.9000,131608,5943,88251172
VSWS,N,20260617,UNITDSPR,EQ,United Spirits,1304.0000,1309.9000,1286.3000,1308.0000,321861,17727,418231295
VSWS,N,20260617,UNITECH,EQ,Unitech,4.8900,5.0900,4.8500,5.0900,11318008,2829,57386670
VSWS,N,20260617,UNITEDPOLY,BE,United Polyfab Gujar,33.0000,33.8600,31.5100,32.8300,21203,89,695844
VSWS,N,20260617,UNITEDTEA,EQ,United Nilgiri Tea,495.0000,507.6500,486.0000,494.6000,2706,206,1328605
VSWS,N,20260617,UNIVASTU,EQ,Univastu India,90.4400,92.9700,86.2300,88.3600,264138,2864,23716261
VSWS,N,20260617,UNIVCABLES,EQ,Universal Cables,1193.6000,1250.0000,1190.6000,1240.4000,205871,11567,252168593
VSWS,N,20260617,UNIVPHOTO,BE,Universus Photo Imag,355.0000,365.0000,355.0000,365.0000,244,14,86782
VSWS,N,20260617,UNOMINDA,EQ,UNO Minda,1090.7000,1106.5000,1079.1000,1088.0000,478371,23391,521941040
VSWS,N,20260617,UPL,EQ,UPL,618.7500,618.7500,608.2500,614.4000,1441041,23732,883840794
VSWS,N,20260617,URAVIDEF,EQ,Uravi Defence & Tech,115.0000,115.9800,110.1400,111.6300,30142,731,3389660
VSWS,N,20260617,URBAN,SM,Urban Enviro Waste M,133.8000,133.8000,131.7500,132.0000,4800,6,636960
VSWS,N,20260617,URBANCO,EQ,Urban Company,128.7500,132.7000,128.6100,130.0500,3606931,25486,472632686
VSWS,N,20260617,URJA,EQ,Urja Global,10.4500,10.5000,10.0100,10.1200,3543975,6699,36241279
VSWS,N,20260617,USASEEDS,SM,Upsurge Seeds of Agr,96.0000,96.0000,96.0000,96.0000,856,2,82176
VSWS,N,20260617,USHAFIN,SM,Usha Financial Servi,36.4500,36.4500,33.3000,33.3000,4800,3,167280
VSWS,N,20260617,USHAMART,EQ,Usha Martin,504.9000,505.4000,493.3000,494.9000,184999,10704,92326124
VSWS,N,20260617,USK,EQ,Udayshivakumar Infra,24.2100,25.3000,23.8500,23.9800,24896,185,600631
VSWS,N,20260617,UTIAMC,EQ,UTI Asset Management,942.0000,954.8000,934.6500,938.1000,67258,5908,63342574
VSWS,N,20260617,UTKAL,ST,Utkal Speciality Ind,66.0000,66.0000,62.7000,62.7000,490000,100,32309600
VSWS,N,20260617,UTKARSHBNK,EQ,Utkarsh Small Financ,13.6800,14.4100,13.6100,14.0000,11478600,17543,160934984
VSWS,N,20260617,UTLSOLAR,BE,Fujiyama Power Syste,319.0000,328.0000,317.5000,319.6000,340908,3231,109887225
VSWS,N,20260617,UTSSAV,ST,Utssav CZ Gold Jewel,329.8000,346.2500,329.8000,346.2500,42600,54,14513700
VSWS,N,20260617,UTTAMSUGAR,EQ,Uttam Sugar Mills,236.0000,241.0000,234.3300,239.6600,62884,1506,14926226
VSWS,N,20260617,UYFINCORP,EQ,U Y Fincorp,14.6300,14.9000,14.3000,14.4700,46843,284,680331
VSWS,N,20260617,V2RETAIL,EQ,V2 Retail,230.0000,237.2900,228.2500,229.6900,836955,15323,194901042
VSWS,N,20260617,VADILALIND,EQ,Vadilal Industries,6222.9000,6387.4000,6110.3000,6168.9000,31707,4367,196886526
VSWS,N,20260617,VAIBHAVGBL,EQ,Vaibhav Global,245.0800,250.8000,242.8400,247.9900,498981,8318,123488405
VSWS,N,20260617,VAISHALI,BE,Vaishali Pharma,7.3000,7.5000,7.1000,7.4500,138990,223,1026710
VSWS,N,20260617,VAKRANGEE,EQ,Vakrangee,6.4800,6.5000,6.3600,6.3900,1452595,1679,9300768
VSWS,N,20260617,VAL30IETF,EQ,ICICI Pru Nfty200 Va,15.8000,15.8500,15.6400,15.7900,260262,576,4102798
VSWS,N,20260617,VALIANTLAB,BE,Valiant Laboratories,66.2000,67.0000,66.0000,66.6300,33238,78,2210015
VSWS,N,20260617,VALIANTORG,EQ,Valiant Organics,286.0000,314.9000,286.0000,310.9000,409607,10056,125984758
VSWS,N,20260617,VALUE,EQ,Mirae Asst Nifty 50,16.5700,16.6100,16.4800,16.5700,38992,115,645774
VSWS,N,20260617,VALUE360,SM,Value 360 Communicat,87.0000,90.0000,86.0000,87.6500,369600,107,32501280
VSWS,N,20260617,VAML,BE,Vedanta Aluminium Me,447.5600,488.7500,447.5600,465.3600,59089063,235230,26882543322
VSWS,N,20260617,VARDHACRLC,EQ,Vardhman Acrylics,45.8800,45.8800,44.3000,44.9000,27598,468,1237241
VSWS,N,20260617,VARDMNPOLY,EQ,Vardhman Polytex,7.2000,7.2000,6.2600,6.7000,230044,542,1566988
VSWS,N,20260617,VARROC,EQ,Varroc Engineering,623.0000,624.6500,611.2500,619.7000,127083,9029,78358196
VSWS,N,20260617,VASCONEQ,BE,Vascon Engineers,36.5000,37.2000,35.5000,36.6800,476727,1218,17305544
VSWS,N,20260617,VASWANI,EQ,Vaswani Industries,60.0000,60.9000,58.0000,58.3000,66131,3759,3907462
VSWS,N,20260617,VBL,EQ,Varun Beverages,541.2000,555.8000,540.1000,544.0500,7532315,105262,4135717651
VSWS,N,20260617,VCL,EQ,Vaxtex Cotfab,1.3500,1.3500,1.2900,1.3100,172143,282,229308
VSWS,N,20260617,VEDL,EQ,Vedanta,299.0000,308.2000,297.3000,306.5000,17292581,125701,5252688660
VSWS,N,20260617,VEDPOWER,BE,Vedanta Power,39.0000,42.0000,39.0000,42.0000,66063988,107869,2682086880
VSWS,N,20260617,VEEDOL,EQ,Veedol Corporation,1448.7000,1475.0000,1448.7000,1468.9000,10152,1417,14853537
VSWS,N,20260617,VEEKAYEM,ST,Veekayem Fashion & A,128.9000,140.0000,128.9000,140.0000,8000,6,1083800
VSWS,N,20260617,VELJAN,EQ,Veljan Denison,1190.1000,1199.0000,1151.0000,1187.1000,640,85,754054
VSWS,N,20260617,VENKEYS,EQ,Venky's (India),1419.0000,1432.0000,1408.2000,1417.0000,17573,2088,24934338
VSWS,N,20260617,VENTIVE,EQ,Ventive Hospitality,665.4000,682.7000,655.6500,661.6500,24782,1637,16390852
VSWS,N,20260617,VENUSPIPES,EQ,Venus Pipes & Tubes,1442.0000,1451.9000,1422.1000,1431.8000,16368,1877,23439227
VSWS,N,20260617,VENUSREM,BE,Venus Remedies,1850.0000,1850.0000,1774.5000,1774.5000,42083,1283,75259432
VSWS,N,20260617,VERANDA,EQ,Veranda Learning Sol,234.0000,239.7500,233.6000,234.8900,221734,8907,52576403
VSWS,N,20260617,VERTEXPLUS,SM,Vertexplus Technolog,46.2500,46.2500,46.2500,46.2500,600,1,27750
VSWS,N,20260617,VERTOZ,BE,Vertoz,46.5000,46.5000,43.8600,44.5600,32036,319,1432754
VSWS,N,20260617,VESUVIUS,EQ,Vesuvius India,459.9500,465.0000,457.4500,462.0500,47290,1854,21831424
VSWS,N,20260617,VETO,EQ,Veto Switchgears And,144.2600,146.1600,137.0500,137.7500,241756,3888,33993402
VSWS,N,20260617,VGINFOTECH,SM,Virtual Galaxy Infot,155.8000,158.9000,151.7500,155.6500,104000,98,16128300
VSWS,N,20260617,VGL,EQ,Varvee Global,73.5600,77.0000,73.2100,74.5500,491183,1753,36914783
VSWS,N,20260617,VGUARD,EQ,V-Guard Industries,306.9500,310.1500,304.6000,305.8500,143567,5295,44049393
VSWS,N,20260617,VHL,EQ,Vardhman Holdings,3411.0000,3509.9000,3411.0000,3475.0000,326,71,1135409
VSWS,N,20260617,VHLTD,BE,Viceroy Hotels,138.0000,139.6900,135.0000,137.3100,35359,102,4879741
VSWS,N,20260617,VIAZ,SM,Viaz Tyres,62.0000,62.5000,62.0000,62.5000,6000,2,374000
VSWS,N,20260617,VICTORYEV,ST,Victory Electric Veh,17.6000,19.2000,17.6000,18.4000,57000,19,1050750
VSWS,N,20260617,VIDHIING,EQ,Vidhi Specialty Food,287.0000,294.0000,282.0500,289.7500,18453,586,5301152
VSWS,N,20260617,VIDYAWIRES,EQ,Vidya Wires,99.4000,103.1100,99.3900,103.1100,1077696,3010,110393503
VSWS,N,20260617,VIESL,SM,Vision Infra Equip S,316.1000,323.0000,316.1000,318.4000,20800,26,6643080
VSWS,N,20260617,VIGOR,ST,Vigor Plast India,88.2500,90.7500,85.7500,89.6500,38400,23,3392400
VSWS,N,20260617,VIJAYA,EQ,Vijaya Dignostic Cen,1300.1000,1341.1000,1295.0000,1299.5000,122820,14023,161639426
VSWS,N,20260617,VIJAYPD,ST,Vijaypd Ceutical,87.1000,88.5000,82.0000,87.3500,64000,20,5493500
VSWS,N,20260617,VIJIFIN,BE,Viji Finance,3.9800,4.1000,3.9500,4.1000,173039,140,702636
VSWS,N,20260617,VIKASECO,EQ,Vikas EcoTech,1.3000,1.3100,1.2700,1.2900,1133743,975,1462073
VSWS,N,20260617,VIKASLIFE,EQ,Vikas Lifecare,1.5000,1.5000,1.4700,1.4900,1611638,9111,2396087
VSWS,N,20260617,VIKRAMSOLR,EQ,Vikram Solar,210.5000,212.6900,207.7000,209.6900,3378902,30514,709094399
VSWS,N,20260617,VIKRAN,EQ,Vikran Engineering,71.2000,76.5000,71.0700,74.9400,8182776,32038,611117476
VSWS,N,20260617,VILAS,SM,Vilas Transcore,385.0000,395.1000,380.6000,392.6500,76750,173,30039250
VSWS,N,20260617,VILINBIO,ST,Vilin Bio Med,44.3500,44.3500,44.3500,44.3500,8000,2,354800
VSWS,N,20260617,VIMTALABS,EQ,Vimta Laboratories,538.5500,553.8000,538.5500,543.8500,195958,6692,106795066
VSWS,N,20260617,VINATIORGA,EQ,Vinati Organics,1341.4000,1359.6000,1327.0000,1330.6000,54750,6494,73119784
VSWS,N,20260617,VINCOFE,EQ,Vintage Coffee & Bev,156.2000,158.1900,153.4100,154.1900,1989550,14922,308056016
VSWS,N,20260617,VINDHYATEL,EQ,Vindhya Telelinks,2181.0000,2278.0000,2181.0000,2204.5000,81054,9215,181034834
VSWS,N,20260617,VINEETLAB,BE,Vineet Laboratories,35.1900,35.1900,34.3500,35.1200,47657,94,1651964
VSWS,N,20260617,VINNY,EQ,Vinny Overseas,1.2300,1.2300,1.1700,1.1700,306956,265,366422
VSWS,N,20260617,VINSYS,SM,Vinsys IT Services I,401.6000,413.5000,400.0000,404.0000,28750,68,11700713
VSWS,N,20260617,VINYAS,SM,Vinyas Innovative Te,1450.0000,1452.9500,1401.0000,1422.3000,11600,80,16735745
VSWS,N,20260617,VINYLINDIA,EQ,Vinyl Chemicals,252.4000,254.7000,249.0500,253.0000,8701,583,2187673
VSWS,N,20260617,VIPCLOTHNG,BE,VIP Clothing,25.9000,25.9700,24.9500,25.1500,112492,144,2820122
VSWS,N,20260617,VIPIND,EQ,VIP Industries,323.8500,327.0000,321.8000,323.2500,116226,3127,37768448
VSWS,N,20260617,VIPULLTD,EQ,Vipul,9.3000,9.6800,9.2000,9.2100,160480,216,1489416
VSWS,N,20260617,VIRINCHI,EQ,Virinchi,17.7000,17.7000,16.9500,17.1400,182558,609,3134425
VSWS,N,20260617,VISACHROME,BE,VISA Chrome,41.0000,42.9600,40.2000,42.4700,172209,235,7043968
VSWS,N,20260617,VISAKAIND,EQ,Visaka Industries,76.9000,78.7500,76.8500,77.8300,108100,1488,8387753
VSWS,N,20260617,VISHNU,EQ,Vishnu Chemicals,605.4000,612.0000,594.0500,602.5000,47138,2526,28332687
VSWS,N,20260617,VISHNUINFR,SM,Vishnusurya Pro & In,165.0000,170.0000,159.7000,169.6500,52000,25,8659725
VSWS,N,20260617,VISHWARAJ,EQ,Vishwaraj Sugar Indu,5.7000,5.7900,5.5900,5.6000,579580,550,3284504
VSWS,N,20260617,VISHWAS,SM,Vishwas Agri Seeds,51.6500,51.6500,51.6500,51.6500,20800,13,1074320
VSWS,N,20260617,VISL,BE,Vedanta Iron And Ste,22.0500,23.2100,22.0500,23.2100,60741799,27874,1387923362
VSWS,N,20260617,VITAL,BE,Vital Chemtech,54.3900,54.3900,52.0000,52.4900,16782,13,880596
VSWS,N,20260617,VIVIANA,BE,Viviana Power Tech,840.0000,844.0000,801.5500,814.9500,64467,869,52478390
VSWS,N,20260617,VIVIDEL,ST,Vivid Electromech,1111.9500,1157.6000,1111.9500,1155.2000,19680,68,22621788
VSWS,N,20260617,VIVIDHA,EQ,Visagar Polytex,0.5200,0.5400,0.5200,0.5200,106217,172,56080
VSWS,N,20260617,VIVIMEDLAB,BE,Vivimed Labs,6.2000,6.2500,5.9500,6.0600,105821,216,639227
VSWS,N,20260617,VIYASH,EQ,Viyash Scientific,245.2500,250.8000,243.2500,244.3500,1502444,20820,371588962
VSWS,N,20260617,VLEGOV,BE,VL E-Governance & IT,14.3000,14.3000,13.2800,13.2800,467914,879,6255045
VSWS,N,20260617,VLINFRA,ST,V L Infraprojects,28.5000,28.5000,28.5000,28.5000,1500,1,42750
VSWS,N,20260617,VLSFINANCE,EQ,VLS Finance,239.6100,242.0000,237.0000,238.4700,11009,383,2641019
VSWS,N,20260617,VMARCIND,SM,V Marc India,1644.0000,1708.0000,1601.0500,1664.0500,94750,338,156558188
VSWS,N,20260617,VMART,EQ,V-Mart Retail,731.9500,770.3000,728.2000,763.9500,610230,33894,459177772
VSWS,N,20260617,VMM,EQ,Vishal Mega Mart,117.0800,119.2900,115.3900,118.7700,13269794,65671,1564027106
VSWS,N,20260617,VMSTMT,BE,VMS TMT,46.0000,46.7000,45.5000,46.0200,17353,139,798354
VSWS,N,20260617,VOGL,BE,Vedanta Oil And Gas,32.5900,35.0700,32.5900,32.5900,95262575,84288,3119953295
VSWS,N,20260617,VOLERCAR,SM,Voler Car,256.5000,256.5000,251.0000,251.0000,24000,6,6031600
VSWS,N,20260617,VOLTAMP,EQ,Voltamp Transformers,10043.5000,10099.0000,9951.0000,10084.0000,14224,4961,142718741
VSWS,N,20260617,VOLTAS,EQ,Voltas,1326.3000,1381.8000,1325.3000,1352.9000,1952284,59688,2666442981
VSWS,N,20260617,VPRPL,BE,Vishnu Prakash R Pun,30.5900,30.5900,29.5200,30.5900,1052854,1229,32054016
VSWS,N,20260617,VR,SM,V R Infraspace,125.3500,125.3500,125.3500,125.3500,400,1,50140
VSWS,N,20260617,VRAJ,EQ,Vraj Iron & Steel,124.9000,124.9000,120.1700,121.8700,19159,599,2342470
VSWS,N,20260617,VRLLOG,EQ,VRL Logistics,240.4000,244.7000,239.1200,242.6600,99143,3019,24004911
VSWS,N,20260617,VSSL,EQ,Vardhman Special Ste,281.4000,293.7000,280.1500,288.7000,116119,2719,33335531
VSWS,N,20260617,VSTIND,EQ,VST Industries,260.3000,260.3000,258.0000,259.7500,166212,4665,43142395
VSWS,N,20260617,VSTL,EQ,Vibhor Steel Tubes,123.6000,123.8000,120.6600,120.9100,7445,224,901832
VSWS,N,20260617,VSTTILLERS,EQ,VST Tillers Tractors,4586.2000,4623.8000,4531.4000,4543.6000,12241,2314,55785476
VSWS,N,20260617,VTL,EQ,Vardhman Textiles,633.1000,636.2000,613.3000,626.1500,304538,14007,189901692
VSWS,N,20260617,WAAREEENER,EQ,Waaree Energies,3069.0000,3103.6000,3056.8000,3078.6000,630837,32931,1939800123
VSWS,N,20260617,WAAREEINDO,EQ,Indosolar,403.0000,403.0000,392.0000,397.0000,23449,1116,9266034
VSWS,N,20260617,WAAREERTL,EQ,Waaree Renewable,970.5500,977.0000,960.1500,971.7000,161469,10121,156515484
VSWS,N,20260617,WABAG,EQ,VA Tech Wabag,1769.9000,1778.0000,1739.2000,1766.5000,701834,27618,1236240499
VSWS,N,20260617,WAKEFIT,EQ,Wakefit Innovations,125.5400,127.2500,124.3100,124.8300,338630,5751,42527067
VSWS,N,20260617,WALCHANNAG,EQ,Walchandnagar Ind,265.0000,285.0000,264.0000,280.0500,7207703,78407,2007343201
VSWS,N,20260617,WANBURY,EQ,Wanbury,270.8000,272.5000,265.0000,267.9500,37284,1212,10023976
VSWS,N,20260617,WCIL,EQ,Western Carriers (In,101.0000,103.0200,100.0200,102.6800,95019,1372,9719752
VSWS,N,20260617,WEALTH,EQ,Wealth First Portfol,946.4000,977.9500,945.1000,952.5000,2433,414,2334783
VSWS,N,20260617,WEBELSOLAR,EQ,Websol Energy Sys,105.0000,107.0000,104.5200,106.3200,2011061,10044,212914768
VSWS,N,20260617,WEIZMANIND,EQ,Weizmann,87.0000,87.0000,83.1500,84.9100,5058,88,430954
VSWS,N,20260617,WEL,EQ,Wonder Electricals,94.9000,95.0000,93.5000,94.1700,98207,821,9256564
VSWS,N,20260617,WELCORP,EQ,Welspun Corp,1374.7000,1400.0000,1370.5000,1394.3000,414081,28838,574546160
VSWS,N,20260617,WELENT,EQ,Welspun Enterprises,552.9500,556.6500,547.2000,549.7000,108587,3988,59997613
VSWS,N,20260617,WELINV,BE,Welspun Inv & Comm,1778.1000,1780.0000,1775.0000,1775.0000,3238,9,5747571
VSWS,N,20260617,WELSPLSOL,EQ,Welspun Specialty So,55.4900,59.9100,55.4900,59.9100,4884681,14419,286210394
VSWS,N,20260617,WELSPUNLIV,EQ,Welspun Living,145.0000,147.4900,144.6600,146.6500,1069359,15191,156185193
VSWS,N,20260617,WENDT,EQ,Wendt,7830.0000,7999.0000,7736.5000,7879.5000,13072,3569,102982313
VSWS,N,20260617,WESTLIFE,EQ,Westlife Foodworld,459.7500,463.4500,453.1500,457.5000,67409,3592,30736481
VSWS,N,20260617,WEWIN,BE,WE WIN Ltd,51.7400,51.7400,49.0400,49.6100,5692,46,283653
VSWS,N,20260617,WEWORK,EQ,WeWork India Managem,643.0000,657.0000,640.8500,650.8500,373460,14821,242845735
VSWS,N,20260617,WHEELS,EQ,Wheels (I),1602.0000,1613.9000,1536.4000,1556.7000,89834,9087,140457265
VSWS,N,20260617,WHIRLPOOL,EQ,Whirlpool of India,787.1000,798.1500,781.8000,787.2500,161675,9119,127494219
VSWS,N,20260617,WHITEFORCE,ST,Happy Square Out Ser,42.6000,42.6000,42.6000,42.6000,4800,3,204480
VSWS,N,20260617,WILLAMAGOR,EQ,Williamson Magor,27.8800,28.3900,26.7000,27.7600,2826,35,79445
VSWS,N,20260617,WINDLAS,EQ,Windlas Biotech,829.1500,839.0000,806.8000,817.0000,66635,7294,54645606
VSWS,N,20260617,WINDMACHIN,EQ,Windsor Machines,328.4500,333.2000,325.0000,326.5500,51329,1410,16856099
VSWS,N,20260617,WINSOL,SM,Winsol Engineers,128.7500,128.7500,124.9500,125.7000,2800,7,352620
VSWS,N,20260617,WIPL,EQ,Western India Plywoo,154.0100,157.9900,154.0000,155.1800,1273,41,198244
VSWS,N,20260617,WIPRO,EQ,Wipro,184.0000,185.2500,183.5800,184.4700,16131548,87482,2977011740
VSWS,N,20260617,WOCKPHARMA,EQ,Wockhardt,1915.0000,2049.0000,1913.0000,2022.8000,2894160,121765,5804950770
VSWS,N,20260617,WOL3D,ST,Wol 3D India,126.9500,126.9500,123.1000,124.0000,8000,8,1001000
VSWS,N,20260617,WOMANCART,SM,Womancart,107.1500,110.5000,107.1500,108.6500,9600,23,1042240
VSWS,N,20260617,WONDERLA,EQ,Wonderla Holidays,489.5000,499.0000,476.5000,487.3500,90317,2831,44206157
VSWS,N,20260617,WORTHPERI,EQ,Worth Peripherals,126.5000,129.0000,126.5000,127.6500,4077,14,520715
VSWS,N,20260617,WPIL,EQ,W P I L,464.0500,468.7000,452.0000,457.8500,34590,1251,16034189
VSWS,N,20260617,WSI,EQ,WS Industries,69.0400,69.4400,65.6100,67.2300,112667,1349,7559522
VSWS,N,20260617,WSTCSTPAPR,EQ,West Coast Paper,517.9500,521.0500,513.5500,515.6000,119377,3222,61703016
VSWS,N,20260617,WTICAB,SM,Wise Travel India,104.0000,113.5000,103.0000,111.0000,141000,219,15452175
VSWS,N,20260617,XCHANGING,EQ,XChanging Solutions,65.0000,65.3400,63.5000,64.0100,83433,1091,5368956
VSWS,N,20260617,XELPMOC,EQ,Xelpmoc Design and T,88.8600,88.8600,85.0000,86.2600,10751,461,933436
VSWS,N,20260617,XPROINDIA,EQ,Xpro India,1431.0000,1492.9000,1345.0000,1364.0000,641584,33879,917386849
VSWS,N,20260617,XTGLOBAL,EQ,XTGlobal Infotech,29.9000,29.9000,28.6000,29.0400,28952,361,846706
VSWS,N,20260617,YAAP,ST,Yaap Digital,183.5000,183.5000,182.0000,182.0000,3000,3,547500
VSWS,N,20260617,YASHO,EQ,Yasho Industries,2724.1000,2850.0000,2724.1000,2775.1000,24421,3877,68564547
VSWS,N,20260617,YASHOPTICS,SM,Yash Optics & Lens,126.0000,126.0000,126.0000,126.0000,800,1,100800
VSWS,N,20260617,YATHARTH,EQ,Yatharth Hosp & Trau,828.1500,846.0000,818.9000,821.4000,370271,16913,307068884
VSWS,N,20260617,YATRA,EQ,Yatra Online,109.0000,114.0000,108.1100,112.4900,2724342,16606,302870341
VSWS,N,20260617,YCCL,SM,Yasons Chemex Care,9.8000,10.1000,9.6000,10.1000,21000,7,205050
VSWS,N,20260617,YESBANK,EQ,Yes Bank,23.9000,25.4600,23.9000,25.1100,394351584,241310,9848740897
VSWS,N,20260617,YUDIZ,SM,Yudiz Solutions,24.4000,24.4000,24.4000,24.4000,1600,1,39040
VSWS,N,20260617,YUKEN,EQ,Yuken India,701.7000,703.6500,685.0000,693.5500,7564,512,5239303
VSWS,N,20260617,ZAGGLE,EQ,Zaggle Prepaid Ocean,211.8000,214.7500,210.0000,210.8000,550471,7736,116812462
VSWS,N,20260617,ZEAL,SM,Zeal Global Services,68.0000,68.0000,65.2500,67.1000,4800,5,322020
VSWS,N,20260617,ZEEL,EQ,Zee Entertainment,111.8000,112.8000,109.5500,109.9700,23844626,60036,2636586262
VSWS,N,20260617,ZEELEARN,BE,Zee Learn,7.7000,8.0000,7.5200,8.0000,2521241,872,20137729
VSWS,N,20260617,ZEEMEDIA,EQ,Zee Media Corp,8.3400,8.4600,8.3100,8.3800,679785,1317,5704718
VSWS,N,20260617,ZENITHDRUG,SM,Zenith Drugs,41.1500,41.6500,40.5000,41.6500,4800,6,196440
VSWS,N,20260617,ZENITHEXPO,EQ,Zenith Exports,206.2300,215.0000,206.2300,214.2500,230,15,49152
VSWS,N,20260617,ZENITHSTL,EQ,Zenith Steel Pipes,6.0000,6.2000,5.7600,5.9300,134569,299,795361
VSWS,N,20260617,ZENSARTECH,EQ,Zensar Technologies,467.1500,473.6500,459.8000,461.5000,865615,19872,402211453
VSWS,N,20260617,ZENTEC,EQ,Zen Technologies,1869.0000,1897.0000,1835.0000,1887.4000,1436389,78236,2686462393
VSWS,N,20260617,ZFCVINDIA,EQ,ZF Comm Vehicle Cont,14995.0000,15290.0000,14910.0000,15112.0000,25914,7105,392002627
VSWS,N,20260617,ZFSTEERING,EQ,ZF Steering Gear,700.0500,713.7000,690.4500,693.5500,6882,433,4833275
VSWS,N,20260617,ZIMLAB,BE,Zim Laboratories,112.0000,112.0000,108.0200,108.5900,46229,247,5105332
VSWS,N,20260617,ZODIAC,BE,Zodiac Energy,275.6500,285.0000,275.6500,284.4000,6296,183,1784640
VSWS,N,20260617,ZODIACLOTH,EQ,Zodiac Clothing Co,73.1000,74.4500,73.1000,73.5000,828,30,60769
VSWS,N,20260617,ZOTA,EQ,Zota Health Care,1220.4000,1243.1000,1212.0000,1221.2000,25089,1851,30704416
VSWS,N,20260617,ZSARACOM,EQ,Saraswati Commercial,9700.0000,9944.0000,9501.0000,9716.5000,92,21,893664
VSWS,N,20260617,ZTECH,SM,Z-Tech (India),609.0000,615.0000,595.0000,596.4500,11700,37,7058805
VSWS,N,20260617,ZUARI,EQ,Zuari Agro Chemicals,236.8900,243.1500,231.0200,237.9600,585587,11942,138992465
VSWS,N,20260617,ZUARIIND,EQ,Zuari Industries,265.9000,274.6500,261.0000,267.8500,105504,3185,28291928
VSWS,N,20260617,ZYDUSLIFE,EQ,Zydus Lifesciences,1069.9000,1077.8000,1053.8000,1061.4000,2497044,52785,2661766804
VSWS,N,20260617,ZYDUSWELL,EQ,Zydus Wellness,510.1500,512.7000,502.5000,506.2000,151827,9225,76937343
