VSWS,B,20260525,BIX045,IX,BSE 100 ESG INDEX,404.3300,406.2300,404.1800,405.8500,,,
VSWS,B,20260525,BIX056,IX,BSE 100 LARGECAP TMC INDEX,8989.3700,9035.6800,8984.8000,9026.5700,,,
VSWS,B,20260525,BIX074,IX,BSE 1000,10650.2000,10694.6200,10648.2100,10685.7100,,,
VSWS,B,20260525,BIX046,IX,BSE 150 MIDCAP INDEX,16494.7400,16538.7900,16474.7400,16505.6600,,,
VSWS,B,20260525,BIX063,IX,BSE 200 EQUAL WEIGHT,13383.3300,13431.4100,13377.8200,13418.9200,,,
VSWS,B,20260525,BIX048,IX,BSE 250 LARGEMIDCAP INDEX,10611.1200,10656.3800,10608.3500,10646.5600,,,
VSWS,B,20260525,BIX047,IX,BSE 250 SMALLCAP INDEX,6746.9900,6776.6300,6739.5000,6764.6000,,,
VSWS,B,20260525,BIX049,IX,BSE 400 MIDSMALLCAP INDEX,12223.5200,12257.5500,12214.5500,12239.4800,,,
VSWS,B,20260525,BIX077,IX,BSE 500 MOMENTUM 50,43708.7700,44026.6900,43702.5300,43954.8400,,,
VSWS,B,20260525,BIX075,IX,BSE 500 QUALITY 50,22557.3700,22593.4000,22393.7000,22415.2600,,,
VSWS,B,20260525,BIX009,IX,BSE AUTO INDEX,58054.6100,58649.8800,58001.4100,58298.5300,,,
VSWS,B,20260525,BIX010,IX,BSE BANKEX,61518.4300,62413.4200,61474.6500,62289.9800,,,
VSWS,B,20260525,BIX032,IX,BSE BASIC MATERIALS,8718.0200,8752.3600,8684.9700,8745.0500,,,
VSWS,B,20260525,BIX044,IX,BSE BHARAT 22 INDEX,9303.4200,9328.7400,9273.2300,9316.5900,,,
VSWS,B,20260525,BIX011,IX,BSE CAPITAL GOODS INDEX,78916.7300,79162.1700,78427.1600,78698.0100,,,
VSWS,B,20260525,BIX065,IX,BSE CAPITAL MARKETS & INSURANCE,2468.2100,2483.7100,2458.9000,2479.8900,,,
VSWS,B,20260525,BIX033,IX,BSE CONSUMER DISCRETIONARY GOOD,9201.7500,9244.6500,9196.9800,9218.2900,,,
VSWS,B,20260525,BIX012,IX,BSE CONSUMER DURABLES INDEX,58594.9100,58679.5600,58229.8100,58493.8800,,,
VSWS,B,20260525,BIX055,IX,BSE DIVERSIFIED FINANCIALS REVENUE GROWTH INDEX,1613.8200,1625.0400,1612.7300,1622.1700,,,
VSWS,B,20260525,BIX054,IX,BSE DIVIDEND STABILITY INDEX,1043.7600,1045.6600,1040.5800,1042.9500,,,
VSWS,B,20260525,BIX034,IX,BSE ENERGY,11749.2000,11805.4800,11733.8700,11767.0100,,,
VSWS,B,20260525,BIX053,IX,BSE ENHANCED VALUE INDEX,1055.6400,1062.1500,1053.3600,1060.6600,,,
VSWS,B,20260525,BIX035,IX,BSE FINANCE,12092.9400,12222.1700,12078.9800,12205.0100,,,
VSWS,B,20260525,BIX013,IX,BSE FMCG INDEX,18634.0900,18716.0900,18505.6200,18539.1500,,,
VSWS,B,20260525,BIX067,IX,BSE FOCUSED IT,34996.7600,35189.0200,34691.4400,34944.0300,,,
VSWS,B,20260525,BIX068,IX,BSE FOCUSED MIDCAP,24357.8300,24422.3100,24281.2800,24350.4700,,,
VSWS,B,20260525,BIX014,IX,BSE HEALTHCARE INDEX,47513.2500,47575.9400,47282.8200,47482.3400,,,
VSWS,B,20260525,BIX076,IX,BSE INDIA 150,18371.5400,18453.4100,18367.9100,18435.9400,,,
VSWS,B,20260525,BIX028,IX,BSE INDIA INFRASTRUCTURE INDEX,611.8200,615.1300,610.1300,614.2200,,,
VSWS,B,20260525,BIX030,IX,BSE INDIA MANUFACTURING INDEX,1096.8800,1100.6900,1095.5400,1098.8000,,,
VSWS,B,20260525,BIX073,IX,BSE INDIA SECTOR LEADERS,14534.4900,14573.6000,14512.7500,14559.4400,,,
VSWS,B,20260525,BIX036,IX,BSE INDUSTRIALS,15986.6600,16116.4500,15984.9800,16077.0600,,,
VSWS,B,20260525,BIX064,IX,BSE INTERNET ECONOMY,3004.7100,3010.2500,2991.4600,2995.8700,,,
VSWS,B,20260525,BIX023,IX,BSE IPO INDEX,16100.5400,16213.0800,16100.5400,16196.0900,,,
VSWS,B,20260525,BIX015,IX,BSE IT INDEX,28286.2600,28322.9600,28012.3100,28129.8100,,,
VSWS,B,20260525,BIX051,IX,BSE LOW VOLATILITY INDEX,1775.0700,1779.2700,1771.4600,1777.1500,,,
VSWS,B,20260525,BIX016,IX,BSE METAL INDEX,43616.7200,43737.0500,43311.7300,43583.4300,,,
VSWS,B,20260525,BIX038,IX,BSE MIDCAP SELECT INDEX,17528.7700,17605.4500,17510.5200,17556.9100,,,
VSWS,B,20260525,BIX050,IX,BSE MOMENTUM INDEX,2125.4200,2140.2400,2124.0200,2136.8000,,,
VSWS,B,20260525,BIX017,IX,BSE OIL & GAS INDEX,27449.8000,27636.9800,27425.5300,27533.8900,,,
VSWS,B,20260525,BIX062,IX,BSE POWER & ENERGY,4137.9200,4154.6600,4117.6500,4150.1100,,,
VSWS,B,20260525,BIX022,IX,BSE POWER INDEX,8162.4700,8172.1800,8093.3400,8157.8500,,,
VSWS,B,20260525,BIX069,IX,BSE PREMIUM CONSUMPTION,4953.5100,4984.7600,4951.4300,4972.6800,,,
VSWS,B,20260525,BIX057,IX,BSE PRIVATE BANKS INDEX,19197.1300,19430.7700,19181.4900,19395.8000,,,
VSWS,B,20260525,BIX072,IX,BSE PSU BANK,4571.4100,4665.4900,4567.9600,4652.9700,,,
VSWS,B,20260525,BIX008,IX,BSE PSU INDEX,21210.8100,21305.4400,21138.8200,21274.4500,,,
VSWS,B,20260525,BIX052,IX,BSE QUALITY INDEX,1909.8300,1914.3500,1893.1400,1895.1300,,,
VSWS,B,20260525,BIX021,IX,BSE REALTY INDEX,6101.8900,6143.3700,6091.8300,6129.2200,,,
VSWS,B,20260525,BIX066,IX,BSE SELECT BUSINESS GROUPS,4455.0100,4486.4000,4451.1400,4483.1200,,,
VSWS,B,20260525,BIX071,IX,BSE SELECT IPO,4351.3300,4363.6600,4343.8000,4354.9100,,,
VSWS,B,20260525,BIX042,IX,BSE SENSEX 50,25039.5400,25159.3900,25027.1800,25136.2900,,,
VSWS,B,20260525,BIX070,IX,BSE SENSEX EQUAL WEIGHT,77775.5900,78026.8300,77704.7600,77952.2300,,,
VSWS,B,20260525,BIX059,IX,BSE SENSEX NEXT 30,42307.8400,42361.0700,42123.1400,42248.7900,,,
VSWS,B,20260525,BIX043,IX,BSE SENSEX NEXT 50,84618.0200,85062.8100,84604.8500,84955.7200,,,
VSWS,B,20260525,BIX060,IX,BSE SENSEX SIXTY,32432.5500,32569.2300,32412.0600,32539.0100,,,
VSWS,B,20260525,BIX061,IX,BSE SENSEX SIXTY 65:35,33643.4700,33757.7300,33606.4200,33726.1200,,,
VSWS,B,20260525,BIX058,IX,BSE SERVICES,1560.2600,1568.8900,1557.8700,1562.6600,,,
VSWS,B,20260525,BIX039,IX,BSE SMALLCAP SELECT INDEX,8453.8200,8491.9200,8434.1200,8465.6200,,,
VSWS,B,20260525,BIX027,IX,BSE SME IPO INDEX,91967.9000,93262.0900,91967.9000,93168.4800,,,
VSWS,B,20260525,BIX007,IX,BSE TECk INDEX,15112.9700,15112.9700,14977.3100,15015.5200,,,
VSWS,B,20260525,BIX040,IX,BSE TELECOM,3486.8800,3502.4800,3464.5700,3494.9700,,,
VSWS,B,20260525,BIX041,IX,BSE UTILITIES,6079.4000,6118.5000,6025.8600,6107.5800,,,
VSWS,B,20260525,BIX003,IX,BSE-100 INDEX,25386.4100,25509.3500,25377.8900,25485.1300,,,
VSWS,B,20260525,BIX004,IX,BSE-200 INDEX,11146.4200,11196.5800,11144.1900,11186.3400,,,
VSWS,B,20260525,BIX006,IX,BSE-500 INDEX,35732.0700,35880.8700,35725.3000,35849.1000,,,
VSWS,B,20260525,BIX029,IX,BSE CPSE,4116.8500,4118.3300,4093.3300,4109.9600,,,
VSWS,B,20260525,BIX001,IX,BSE SENSEX,76135.8200,76559.0700,76097.0200,76488.9600,,,
VSWS,B,20260525,500002,,ABB India,  6732.0000,  6826.0000,  6720.3000,  6754.1500,      23299,       2137,           158147523
VSWS,B,20260525,500003,,Aegis Logistics,   730.3500,   741.0000,   727.5000,   731.6500,      28828,       1455,            21145328
VSWS,B,20260525,500008,,Amara Raja Energy &,   825.8500,   898.0000,   825.8500,   883.3500,     543896,      14377,           477289953
VSWS,B,20260525,500009,,Ambalal Sarabhai,    34.4500,    34.4500,    32.0000,    32.1600,      22168,        387,              729585
VSWS,B,20260525,500012,,Andhra Petrochem,    39.3400,    40.5500,    39.0000,    39.2500,      35020,        300,             1382907
VSWS,B,20260525,500013,,Ansal Prop & Infrast,     4.3900,     4.3900,     4.3900,     4.3900,         10,          1,                  43
VSWS,B,20260525,500014,,Utique Enterprises,     4.1900,     4.4000,     3.6000,     4.1000,       8656,         70,               35500
VSWS,B,20260525,500016,,Aruna Hotels,     8.8500,     8.8500,     8.1600,     8.2100,       7895,         43,               65743
VSWS,B,20260525,500020,,Bombay Dyeing,   128.6000,   128.6000,   125.4500,   126.3500,      52369,        712,             6625139
VSWS,B,20260525,500023,,Asian Hotels (North),   296.0000,   304.7000,   296.0000,   301.8500,        530,         25,              160030
VSWS,B,20260525,500027,,Atul,  7050.1000,  7083.9500,  6997.3000,  7020.0500,        400,        139,             2818691
VSWS,B,20260525,500028,,ATV Projects,    31.5100,    31.5100,    29.0600,    29.7600,      45654,        313,             1357073
VSWS,B,20260525,500031,,Bajaj Electricals,   336.8500,   341.9500,   335.0000,   338.2000,      11647,        412,             3936954
VSWS,B,20260525,500032,,Bajaj Hindusthan Su,    18.6200,    18.7000,    18.4200,    18.5000,     408624,       1081,             7566128
VSWS,B,20260525,500033,,Force Motors, 20389.9500, 20841.4500, 20068.3500, 20232.2500,       5633,       1755,           115321037
VSWS,B,20260525,500034,,Bajaj Finance,   926.9000,   944.0000,   925.0500,   942.0000,     226023,       7004,           211585981
VSWS,B,20260525,500038,,Balrampur Chini Mill,   534.2000,   539.9500,   530.1500,   532.6500,      17201,        554,             9171417
VSWS,B,20260525,500039,,Banco Products,   617.0500,   629.9500,   617.0500,   624.7500,      14189,        641,             8872107
VSWS,B,20260525,500040,,Aditya Birla Real Es,  1250.7500,  1307.8500,  1250.7500,  1285.9500,      12784,        921,            16482657
VSWS,B,20260525,500041,,Bannari Amman Sugar,  3609.5000,  3632.7000,  3596.6000,  3632.7000,         14,          6,               50549
VSWS,B,20260525,500042,,BASF India,  3489.6500,  3552.4000,  3489.6500,  3515.9500,       1097,        295,             3873187
VSWS,B,20260525,500043,,Bata India,   691.0500,   703.2000,   690.0000,   696.2000,       8923,        738,             6217231
VSWS,B,20260525,500048,,BEML,  1834.7500,  1879.0000,  1815.0500,  1825.2000,      14856,       1118,            27396640
VSWS,B,20260525,500049,,Bharat Electronics,   419.2000,   422.3500,   417.4000,   421.7500,     778417,      16899,           326786906
VSWS,B,20260525,500051,,Bhagawati Gas,     5.5500,     5.5500,     5.5500,     5.5500,       1462,          8,                8114
VSWS,B,20260525,500052,,Bhansali Engg Poly,    94.2000,    96.4700,    94.2000,    95.4700,      17997,        316,             1716722
VSWS,B,20260525,500058,,Bihar Sponge Iron,    13.0000,    13.4200,    12.8100,    13.1300,       9135,         75,              119124
VSWS,B,20260525,500059,,BIL Vyapar,     4.5900,     4.8500,     4.5900,     4.8500,       9465,         18,               43544
VSWS,B,20260525,500060,,Birla Cable,   168.2000,   168.2000,   168.2000,   168.2000,      13680,         93,             2300976
VSWS,B,20260525,500067,,Blue Star,  1662.3500,  1680.7000,  1642.0000,  1651.8000,      19863,       1602,            32999709
VSWS,B,20260525,500068,,Disa India, 11590.0000, 11658.0000, 11460.0000, 11570.0000,         35,         30,              403717
VSWS,B,20260525,500069,,Quest Capital Market,   273.9500,   273.9500,   265.0000,   265.0000,         51,         10,               13726
VSWS,B,20260525,500074,,B P L,    54.2200,    55.8200,    54.2200,    55.3100,       2128,        144,              117068
VSWS,B,20260525,500078,,Oriental Aromatics,   309.8500,   336.7000,   309.8500,   334.4500,       2143,         76,              707413
VSWS,B,20260525,500083,,Century Extrusions,    20.0000,    20.7500,    20.0000,    20.6200,       6503,         71,              132626
VSWS,B,20260525,500084,,C E S C,   178.6000,   186.4500,   178.6000,   185.5000,     479708,       8428,            88398901
VSWS,B,20260525,500085,,Chambal Fertilisers,   458.6000,   469.4000,   456.1000,   463.4000,      59267,       1738,            27536255
VSWS,B,20260525,500086,,Exide Industries,   340.8000,   348.9000,   340.5000,   345.9000,     132174,       3114,            45474588
VSWS,B,20260525,500087,,Cipla,  1399.3500,  1419.8500,  1399.0000,  1413.5000,      26347,       1941,            37084635
VSWS,B,20260525,500089,,DIC India,   510.4500,   528.9500,   507.3000,   520.4500,        109,         10,               55667
VSWS,B,20260525,500092,,CRISIL,  4169.9500,  4169.9500,  4004.7000,  4027.0000,       2466,        419,             9972093
VSWS,B,20260525,500093,,CG Power & Indl Solu,   870.7500,   884.4000,   865.2000,   868.1500,     216118,       6986,           189066960
VSWS,B,20260525,500096,,Dabur India,   452.0000,   455.7500,   446.2500,   447.1500,      65177,       2436,            29247750
VSWS,B,20260525,500097,,Dalmia Bharat Sugar,   341.8000,   347.0000,   339.0000,   339.8500,       6580,        478,             2265766
VSWS,B,20260525,500101,,Arvind,   481.1500,   488.3500,   481.0000,   482.0000,      10127,        463,             4893719
VSWS,B,20260525,500103,,Bharat Heavy Elect,   410.7000,   420.8500,   409.9000,   419.3500,     734882,      10763,           305015293
VSWS,B,20260525,500104,,Hindustan Petroleum,   401.0500,   412.5500,   401.0500,   403.4000,     660757,      10495,           268150865
VSWS,B,20260525,500106,,I F C I,    61.7100,    63.1500,    61.4000,    61.8000,     656580,       2193,            40822296
VSWS,B,20260525,500108,,M T N L,    29.8000,    30.2000,    29.4500,    29.7700,      79088,        527,             2364964
VSWS,B,20260525,500109,,M R P L,   151.1000,   153.6000,   150.8000,   151.7500,     292581,       2334,            44516557
VSWS,B,20260525,500110,,Chennai Petroleum,  1029.2500,  1041.9500,  1021.9500,  1030.6000,      27655,       1083,            28466994
VSWS,B,20260525,500112,,State Bank of India,   962.3500,   972.9000,   957.5500,   969.9000,     639399,      21223,           615995539
VSWS,B,20260525,500113,,S A I L,   202.6500,   203.4000,   196.0000,   197.7000,    1020015,       6798,           202202578
VSWS,B,20260525,500114,,Titan Company,  4117.9500,  4168.0000,  4107.2000,  4157.3500,      35983,       5319,           149114256
VSWS,B,20260525,500116,,IDBI Bank,    72.9900,    73.5300,    72.8600,    73.0700,     188062,        992,            13744953
VSWS,B,20260525,500117,,D C W,    47.8900,    48.2700,    47.3900,    47.8900,      24714,        212,             1183157
VSWS,B,20260525,500119,,Dhampur Sugar,   144.9500,   147.1000,   144.6500,   145.2000,      11936,        249,             1736024
VSWS,B,20260525,500120,,Diamines & Chemicals,   258.7500,   260.0000,   245.0000,   250.3500,        263,         49,               67015
VSWS,B,20260525,500123,,Elantas Beck India,  9180.7000,  9294.8000,  9145.0000,  9270.8000,         72,         31,              661600
VSWS,B,20260525,500124,,Dr Reddy's Lab,  1318.3500,  1340.1000,  1299.8000,  1332.1000,      43037,       2500,            56728885
VSWS,B,20260525,500125,,EID Parry,   782.2000,   793.4500,   781.0000,   790.3000,      12406,        961,             9793768
VSWS,B,20260525,500126,,Procter & Gamble Hea,  5620.0500,  5739.5000,  5569.2500,  5721.4000,        921,        252,             5207547
VSWS,B,20260525,500128,,Electrosteel Casting,    79.7900,    83.0900,    78.6900,    82.3900,     126058,       1597,            10268375
VSWS,B,20260525,500133,,Esab India,  6949.0500,  7181.9500,  6938.0000,  6981.7500,        638,        228,             4485486
VSWS,B,20260525,500135,,EPL,   219.0000,   219.5500,   216.0500,   219.2500,      13385,        450,             2922318
VSWS,B,20260525,500136,,Ester Industries,    95.2800,    97.7500,    94.6400,    96.3900,       2671,         89,              255896
VSWS,B,20260525,500142,,F G P,    12.0000,    12.4000,    11.9700,    12.3000,       5266,         41,               63964
VSWS,B,20260525,500143,,P H Capital,   776.0000,   785.0000,   776.0000,   784.0000,       1884,         62,             1468228
VSWS,B,20260525,500144,,Finolex Cables,  1040.7000,  1107.2000,  1040.7000,  1068.8500,      63449,       3942,            68672879
VSWS,B,20260525,500147,,John Cockerill India,  6299.9500,  6585.0000,  6255.0000,  6533.4500,       5719,       1585,            36664052
VSWS,B,20260525,500148,,Uflex,   414.4000,   421.6000,   408.0000,   409.5000,        610,        161,              252377
VSWS,B,20260525,500150,,Foseco India,  5133.4000,  5150.0000,  5021.7000,  5037.7000,         50,         33,              254452
VSWS,B,20260525,500151,,Golden Tobacco,    26.1100,    27.0000,    24.8800,    24.8800,        803,         19,               20872
VSWS,B,20260525,500153,,Ganesh Benzoplast,    99.5000,   102.8600,    99.0800,    99.4400,      15380,        250,             1542845
VSWS,B,20260525,500159,,Metroglobal,   131.0000,   131.0000,   128.0500,   128.5500,          6,          2,                 771
VSWS,B,20260525,500160,,G T L,     7.5400,     7.6900,     7.5400,     7.6000,      25114,         94,              190887
VSWS,B,20260525,500163,,Godfrey Phillips,  2362.6500,  2362.6500,  2305.8000,  2320.0500,      21909,       1391,            50882048
VSWS,B,20260525,500164,,Godrej Industries,  1137.0500,  1169.0000,  1135.0000,  1158.9500,       7161,        541,             8250628
VSWS,B,20260525,500165,,Kansai Nerolac Paint,   219.0000,   225.4500,   217.2500,   218.4500,      41599,       1040,             9255560
VSWS,B,20260525,500166,,Goodricke Group,   182.3000,   182.3000,   174.5500,   175.1500,       2991,         71,              528009
VSWS,B,20260525,500168,,Goodyear India,   733.4000,   748.9500,   733.4000,   741.1000,        610,         74,              452540
VSWS,B,20260525,500170,,GTN Industries,    26.9900,    26.9900,    23.0100,    24.6300,       1306,         33,               31554
VSWS,B,20260525,500171,,GHCL,   448.0000,   448.9000,   442.8000,   443.8500,       8521,        691,             3797860
VSWS,B,20260525,500173,,GFL,    46.9400,    48.5000,    45.9600,    47.8600,       1142,         46,               54108
VSWS,B,20260525,500178,,Harig Crankshafts,     7.5000,     7.5000,     7.5000,     7.5000,        171,         19,                1282
VSWS,B,20260525,500179,,HCL Infosystems,    11.9800,    11.9800,    11.4600,    11.6200,      40228,        273,              469013
VSWS,B,20260525,500180,,HDFC Bank,   778.0000,   788.0000,   775.2500,   786.8500,     964192,      18815,           755524948
VSWS,B,20260525,500182,,Hero MotoCorp,  5039.7000,  5068.2500,  4950.0000,  4980.8500,      28913,       3426,           144336860
VSWS,B,20260525,500183,,HFCL,   158.2500,   162.9000,   154.7500,   162.7500,    4984891,      20860,           802361196
VSWS,B,20260525,500184,,Himadri Speciality C,   587.7500,   597.5500,   578.1500,   592.2000,     169111,       2798,            99247542
VSWS,B,20260525,500185,,Hindustan Construct,    21.2400,    22.8500,    21.2000,    22.3900,    3127559,       3227,            69445526
VSWS,B,20260525,500186,,Hindustan Oil Expl,   165.0500,   168.4500,   163.2500,   163.7500,      44146,        687,             7272959
VSWS,B,20260525,500187,,AGI Greenpac,   581.1500,   602.7500,   581.1500,   596.2000,      10134,        737,             6034561
VSWS,B,20260525,500188,,Hindustan Zinc,   641.9000,   642.2000,   633.2000,   634.7000,     198488,       3431,           126226173
VSWS,B,20260525,500189,,NDL Ventures,   120.0000,   132.7500,   120.0000,   130.3500,       2231,         77,              293244
VSWS,B,20260525,500191,,H M T,    56.0000,    57.9000,    56.0000,    56.1600,        315,         19,               17870
VSWS,B,20260525,500192,,Prag Bosimi,     1.9000,     1.9000,     1.5900,     1.8500,      24578,         59,               41599
VSWS,B,20260525,500193,,HLV,     7.6200,     8.0400,     7.6200,     7.9600,      19509,         88,              155370
VSWS,B,20260525,500199,,IG Petrochemicals,   434.9000,   447.0000,   433.0500,   444.7500,       1995,        220,              882802
VSWS,B,20260525,500201,,India Glycols,   995.0500,  1019.2000,   993.1500,  1014.5500,       5184,        361,             5240309
VSWS,B,20260525,500202,,India Lease Develop,     7.2300,     7.9800,     7.2200,     7.9800,       1001,          5,                7648
VSWS,B,20260525,500206,,Margo Finance,    65.1700,    66.0000,    62.1000,    63.2800,        517,         35,               33236
VSWS,B,20260525,500207,,Indo Rama Synthetics,    36.1000,    37.5500,    36.1000,    37.4200,       3206,         51,              118872
VSWS,B,20260525,500209,,Infosys,  1184.0000,  1184.6000,  1166.5000,  1168.6500,     204386,       5812,           239758272
VSWS,B,20260525,500210,,Ingersoll Rand (I),  4465.0000,  4509.9500,  4321.0500,  4341.4000,        384,        163,             1688410
VSWS,B,20260525,500213,,International Travel,   324.8000,   335.0000,   316.0000,   317.6500,       3605,        125,             1161418
VSWS,B,20260525,500214,,Ion Exchange,   399.9500,   413.5500,   393.0500,   408.0000,      13917,        673,             5662094
VSWS,B,20260525,500215,,Sundrop Brands,   681.5500,   686.2500,   672.5000,   673.6500,         38,         21,               25784
VSWS,B,20260525,500219,,Jain Irrigation,    30.2700,    30.9900,    30.0600,    30.5300,     178780,        865,             5468645
VSWS,B,20260525,500220,,Jasch Industries,   157.0000,   170.0000,   155.7000,   164.9500,       9851,        116,             1632281
VSWS,B,20260525,500227,,Jindal Poly Films,   705.3000,   715.8500,   703.0000,   703.7500,        329,         44,              233966
VSWS,B,20260525,500228,,JSW Steel,  1285.7500,  1297.0500,  1284.0000,  1288.2500,      40117,       2261,            51684058
VSWS,B,20260525,500233,,Kajaria Ceramics,  1066.6000,  1076.2000,  1066.6000,  1070.1000,      11181,       1201,            11973720
VSWS,B,20260525,500234,,Kakatiya Cem & Sugar,   120.9500,   126.9500,   120.9500,   126.9500,        496,          7,               62961
VSWS,B,20260525,500235,,Kalyani Steels,   830.0000,   836.1500,   815.0000,   826.6000,       1443,        353,             1190383
VSWS,B,20260525,500236,,Kanel Industries,    32.0400,    32.0400,    32.0400,    32.0400,       1300,         10,               41652
VSWS,B,20260525,500238,,Whirlpool of India,   848.8500,   863.0500,   844.2500,   855.0500,     220879,       1036,           189127451
VSWS,B,20260525,500239,,KG Denim,    16.7700,    16.7700,    15.4000,    15.9600,        941,         24,               14694
VSWS,B,20260525,500240,,Kinetic Engineering,   232.6500,   232.7000,   224.9000,   226.7000,       9659,        129,             2190623
VSWS,B,20260525,500241,,Kirloskar Brothers,  1629.0000,  1650.8000,  1613.5500,  1629.5500,       3209,        314,             5245654
VSWS,B,20260525,500243,,Kirloskar Industries,  3134.7000,  3134.7000,  3084.9500,  3106.0000,        259,         69,              806871
VSWS,B,20260525,500245,,Kirloskar Ferrous,   435.0500,   450.6500,   435.0500,   448.4000,      12814,        492,             5712984
VSWS,B,20260525,500246,,Envair Electrodyne,    98.9500,    98.9500,    98.9500,    98.9500,        511,          5,               50563
VSWS,B,20260525,500247,,Kotak Mahindra Bank,   387.0000,   395.0000,   387.0000,   392.7500,    2218756,      12459,           868871844
VSWS,B,20260525,500249,,KSB,   820.8000,   832.0500,   815.0000,   816.8000,      10236,        667,             8408398
VSWS,B,20260525,500250,,LG Balakrishnan,  1574.8500,  1574.8500,  1541.0000,  1544.0000,        704,         85,             1095693
VSWS,B,20260525,500251,,Trent,  4334.9500,  4363.5000,  4291.3000,  4299.1000,      34188,       4517,           147939400
VSWS,B,20260525,500252,,LMW, 14399.9500, 14998.0000, 14300.0000, 14871.8500,        238,        137,             3507995
VSWS,B,20260525,500253,,LIC Housing Finance,   548.8000,   548.8000,   539.0000,   543.7500,      26338,        993,            14281366
VSWS,B,20260525,500257,,Lupin,  2300.0000,  2300.0000,  2269.6500,  2288.0500,      14559,       1555,            33227719
VSWS,B,20260525,500259,,Lyka Labs,    64.7000,    64.7000,    59.6000,    61.6500,       1439,         46,               89083
VSWS,B,20260525,500260,,Ramco Cements,   944.0000,   947.1000,   902.6000,   907.4000,      20172,       1196,            18641784
VSWS,B,20260525,500262,,Hybrid Financial Ser,    19.4000,    20.2700,    17.2000,    18.2500,       7215,         81,              130691
VSWS,B,20260525,500264,,Mafatlal Industries,   128.8500,   129.9000,   127.5000,   128.5000,      14188,        222,             1820853
VSWS,B,20260525,500265,,Maharashtra Seamless,   619.3000,   630.1000,   601.0000,   625.5500,      17533,       1395,            10807884
VSWS,B,20260525,500266,,Maharashtra Scooters, 11875.9500, 12714.1000, 11657.9000, 12488.3500,        977,        392,            11842952
VSWS,B,20260525,500267,,Majestic Auto,   330.0000,   342.9000,   330.0000,   339.2500,      11668,        302,             3933412
VSWS,B,20260525,500268,,Manali Petrochemical,    63.8100,    63.8100,    60.0000,    60.5200,      67954,        822,             4166654
VSWS,B,20260525,500270,,Baroda Rayon Corp,   128.3000,   128.3000,   125.0000,   126.9500,        800,         71,              101340
VSWS,B,20260525,500271,,Max Financial Servic,  1715.8000,  1734.3000,  1671.6500,  1727.7500,      16804,       2149,            28499199
VSWS,B,20260525,500277,,Mid India Industries,     6.5500,     6.5900,     6.1600,     6.3100,        811,         16,                5204
VSWS,B,20260525,500279,,Onida Electronics,    39.7400,    41.0500,    39.4000,    41.0500,      63720,        220,             2574752
VSWS,B,20260525,500280,,Century Enka,   524.0000,   527.9500,   504.2500,   507.7000,       8902,        493,             4572048
VSWS,B,20260525,500284,,Lords Chloro Alkali,   139.0000,   142.4500,   136.1000,   137.5500,       2465,         86,              340367
VSWS,B,20260525,500285,,Spicejet,    13.4900,    13.6000,    13.1500,    13.2300,    6749062,       5824,            90322287
VSWS,B,20260525,500288,,Morepen Laboratories,    43.6900,    44.0000,    43.0600,    43.7400,     126470,        482,             5503050
VSWS,B,20260525,500290,,M R F,128200.0000,129300.0000,127147.8500,128662.1000,        359,        299,            46106889
VSWS,B,20260525,500292,,Heidelberg Cement,   162.0500,   165.0000,   160.0000,   161.9500,      28554,        492,             4637072
VSWS,B,20260525,500294,,NCC,   147.7500,   151.7000,   147.5000,   151.2500,      94029,        916,            14030551
VSWS,B,20260525,500295,,Vedanta,   333.5000,   335.4000,   330.5500,   332.6500,    1097442,      13642,           364965468
VSWS,B,20260525,500296,,Nahar Spinning,   261.2500,   265.9000,   261.2500,   265.0000,        379,          6,               99890
VSWS,B,20260525,500298,,Naperol Investments,   625.0000,   640.0000,   602.0000,   618.4000,       1902,        102,             1183574
VSWS,B,20260525,500300,,Grasim Industries,  3175.1500,  3192.2000,  3126.6500,  3169.6500,      17347,       2337,            54841974
VSWS,B,20260525,500304,,N I I T,    66.9900,    70.4500,    66.0100,    68.9500,      55473,       1051,             3835022
VSWS,B,20260525,500306,,Jaykay Enterprises,   176.0000,   208.8500,   172.8500,   197.5500,     306693,       4720,            61865453
VSWS,B,20260525,500307,,Nirlon,   631.9000,   633.0000,   611.9000,   625.4500,       1558,        210,              973455
VSWS,B,20260525,500312,,Oil & Natural Gas,   288.1500,   290.0000,   284.3000,   284.9500,     770720,       9906,           220099276
VSWS,B,20260525,500313,,Oil Country Tubular,    58.5700,    59.1100,    56.0000,    56.7400,      11936,         44,              692889
VSWS,B,20260525,500314,,Oriental Hotels,    99.5000,   102.8000,    99.1300,    99.9200,       2564,         68,              258073
VSWS,B,20260525,500317,,Oswal Agro Mills,    43.1100,    45.9900,    43.1100,    45.8900,       2483,         42,              111249
VSWS,B,20260525,500319,,Indian Sucrose,    73.7500,    76.9500,    73.7500,    74.0600,       3262,         43,              243231
VSWS,B,20260525,500322,,Panyam Cements,   119.0000,   119.0000,   119.0000,   119.0000,          5,          2,                 595
VSWS,B,20260525,500325,,Reliance Industries,  1360.0500,  1371.4000,  1357.1000,  1366.8500,     625911,      29046,           853065132
VSWS,B,20260525,500327,,PIL Italica Lifestyl,     8.2800,     8.3000,     7.8000,     8.1700,       8655,         28,               68897
VSWS,B,20260525,500330,,Raymond,   568.6000,   568.8000,   548.1500,   559.1500,      41722,       1181,            23303506
VSWS,B,20260525,500331,,Pidilite Industries,  1490.8500,  1508.0000,  1473.1500,  1476.8500,      70906,       2155,           105851692
VSWS,B,20260525,500333,,Pix Transmissions,  1510.0000,  1540.0000,  1475.0000,  1518.6500,       4038,        546,             6115411
VSWS,B,20260525,500335,,Birla Corporation,  1007.4000,  1020.1500,   993.7500,  1010.4500,      30550,       4252,            30768994
VSWS,B,20260525,500336,,Surya Roshni,   249.7500,   249.7500,   213.0500,   217.4000,     238754,       4785,            54131478
VSWS,B,20260525,500337,,Prime Securities,   279.0500,   279.5000,   277.0000,   279.0000,        162,         35,               45189
VSWS,B,20260525,500338,,Prism Johnson,   119.0500,   119.1000,   117.5000,   117.6000,      34905,        374,             4105058
VSWS,B,20260525,500339,,Rain Industries,   157.3000,   182.9500,   157.2500,   178.9500,    1012341,      13606,           177264971
VSWS,B,20260525,500342,,Prudential Sugar,    15.9000,    15.9000,    15.8000,    15.9000,        550,         11,                8724
VSWS,B,20260525,500343,,AMJ Land Holdings,    35.3000,    38.8800,    35.3000,    38.0000,       4170,        132,              158895
VSWS,B,20260525,500346,,Punjab Communication,    50.0000,    50.8800,    49.0200,    50.0700,        542,         26,               27101
VSWS,B,20260525,500350,,RSWM,   172.0000,   175.6000,   168.9500,   173.0000,       1917,         73,              332094
VSWS,B,20260525,500354,,Rajshree Sugars,    35.8000,    36.5800,    35.0700,    35.1300,       1006,         21,               35487
VSWS,B,20260525,500355,,Rallis India,   255.0000,   259.4500,   252.0000,   253.0000,      20231,        955,             5163759
VSWS,B,20260525,500356,,Shree Rama Newsprint,    28.4800,    29.7000,    28.4800,    29.0200,       9187,         36,              268795
VSWS,B,20260525,500357,,Rama Paper Mills,    15.7200,    16.9000,    15.6600,    16.6300,       4700,         23,               75199
VSWS,B,20260525,500358,,Rama Petrochemicals,    16.1200,    16.1200,    16.1200,    16.1200,       7506,         37,              120996
VSWS,B,20260525,500360,,Rapicut Carbides,   183.0500,   183.0500,   175.8000,   179.0000,       2577,         74,              463066
VSWS,B,20260525,500365,,Welspun Specialty So,    43.2500,    44.2500,    42.5800,    42.9200,      34552,        325,             1499038
VSWS,B,20260525,500367,,Rubfila Internationa,    79.3000,    82.0000,    78.5000,    78.7600,       5887,        108,              463889
VSWS,B,20260525,500368,,Patanjali Foods,   469.9000,   470.6000,   463.5000,   468.3000,     115744,      12696,            54200762
VSWS,B,20260525,500370,,Salora International,    29.4400,    30.7000,    29.4400,    30.6800,         15,          7,                 450
VSWS,B,20260525,500371,,Samtel India,    42.0800,    42.0800,    42.0800,    42.0800,        605,          5,               25458
VSWS,B,20260525,500378,,Jindal Saw,   222.0000,   231.3000,   222.0000,   225.8500,     149010,       2116,            33850468
VSWS,B,20260525,500380,,JK Lakshmi Cement,   611.3500,   621.5500,   611.3500,   614.6500,      21346,        580,            13126390
VSWS,B,20260525,500387,,Shree Cements, 25100.0000, 25400.0000, 24993.4000, 25361.8500,        319,        175,             8064697
VSWS,B,20260525,500388,,Shree Krishna Paper,   127.9500,   134.3000,   127.9500,   134.3000,       1380,         20,              185299
VSWS,B,20260525,500389,,Silverline Techno,     6.5500,     6.7200,     6.5400,     6.5700,     718551,       1340,             4725973
VSWS,B,20260525,500390,,Reliance Infrastruct,    64.3300,    64.3300,    64.3300,    64.3300,      18703,        163,             1203163
VSWS,B,20260525,500399,,Steelco Gujarat,   132.8000,   132.8000,   132.8000,   132.8000,       4412,         60,              585913
VSWS,B,20260525,500400,,Tata Power,   410.7000,   415.1000,   409.4000,   413.5000,     189148,       3273,            77979827
VSWS,B,20260525,500402,,SPML Infra,   209.8500,   213.5500,   207.6000,   211.8000,      16115,        398,             3392604
VSWS,B,20260525,500403,,Sundaram Fasteners,   859.0000,   871.0000,   850.0000,   857.7000,       3982,        998,             3431136
VSWS,B,20260525,500404,,Sunflag Iron & Steel,   379.0000,   391.0000,   378.9500,   388.6000,      39713,       1049,            15292510
VSWS,B,20260525,500405,,Supreme Petrochem,   691.0000,   703.4500,   680.0000,   681.5000,       3389,        722,             2332009
VSWS,B,20260525,500407,,Swaraj Engines,  3711.8000,  3758.6500,  3702.0500,  3741.4000,        808,        188,             3017946
VSWS,B,20260525,500408,,Tata Elxsi,  4361.8000,  4394.0000,  4300.6500,  4326.5500,      14766,       2617,            64201694
VSWS,B,20260525,500410,,A C C,  1371.2500,  1392.0000,  1366.3000,  1382.5000,       4862,        420,             6706073
VSWS,B,20260525,500411,,Thermax,  4454.0000,  4473.8500,  4405.8000,  4433.6000,       4756,       1069,            21095229
VSWS,B,20260525,500412,,Thirumalai Chemicals,   212.7000,   213.9500,   209.5000,   211.1500,       4164,        138,              881512
VSWS,B,20260525,500413,,Thomas Cook,    92.0000,    95.7500,    92.0000,    93.1200,    1038114,        853,            98856220
VSWS,B,20260525,500414,,Timex Group India,   389.2000,   389.2000,   375.8000,   382.1000,      52626,       1837,            20178294
VSWS,B,20260525,500418,,Tokyo Plast Inter,    83.5900,    83.5900,    83.5900,    83.5900,         12,          1,                1003
VSWS,B,20260525,500420,,Torrent Pharma,  4539.9500,  4714.5000,  4512.1000,  4571.9000,      44870,      10246,           208055215
VSWS,B,20260525,500421,,TPI India,    19.1200,    22.4500,    19.1200,    22.3900,     587517,        306,            12793249
VSWS,B,20260525,500422,,Transchem,   193.6000,   193.6000,   193.6000,   193.6000,        681,         15,              131841
VSWS,B,20260525,500425,,Ambuja Cements,   433.6000,   444.5500,   433.6000,   441.8500,      84291,       2330,            37200150
VSWS,B,20260525,500426,,UTL Industries,     1.6700,     1.7900,     1.6700,     1.7200,      33778,         80,               59078
VSWS,B,20260525,500429,,Uniphos Enterprises,   104.2500,   113.0000,   104.2500,   110.0000,        810,         19,               87140
VSWS,B,20260525,500439,,Vardhman Holdings,  3477.0500,  3477.0500,  3420.4000,  3469.3000,        172,         61,              593775
VSWS,B,20260525,500440,,Hindalco Industries,  1115.5500,  1118.9000,  1081.1500,  1099.2500,     584199,      21922,           637698330
VSWS,B,20260525,500444,,West Coast Paper,   485.3000,   499.0000,   481.2500,   498.4500,       3378,        147,             1658563
VSWS,B,20260525,500449,,Hindustan Organic,    35.8000,    36.7100,    35.7900,    36.0400,      35452,        283,             1282510
VSWS,B,20260525,500450,,MPIL Corporation,   575.0000,   575.4000,   575.0000,   575.4000,        105,         15,               60407
VSWS,B,20260525,500456,,Pasupati Acrylon,    59.8400,    60.1000,    57.1500,    57.5500,      42561,        425,             2493960
VSWS,B,20260525,500458,,Team24 Consumer Prod,    30.0000,    30.0000,    29.1100,    29.1100,       3354,          5,              100619
VSWS,B,20260525,500459,,Procter & Gamble,  9589.9500,  9745.0000,  9589.9500,  9666.1500,        816,        385,             7900697
VSWS,B,20260525,500460,,Mukand,   140.4500,   143.0500,   139.2000,   140.0500,       8850,        182,             1244505
VSWS,B,20260525,500463,,Black Box,   965.3500,   999.8500,   955.5000,   977.0500,      90454,       2137,            88657975
VSWS,B,20260525,500464,,Ucal,    90.9500,    92.9000,    90.9000,    92.9000,        241,         18,               22073
VSWS,B,20260525,500467,,Harrisons Malayalam,   219.8500,   220.4500,   211.0000,   211.2500,       1175,        189,              250787
VSWS,B,20260525,500469,,Federal Bank,   288.4500,   292.2500,   286.8000,   289.0500,     214750,       4178,            62193087
VSWS,B,20260525,500470,,Tata Steel,   211.1000,   211.8500,   209.4000,   210.2000,    1521299,      14914,           319616567
VSWS,B,20260525,500472,,SKF India,  1697.7500,  1719.3000,  1674.8000,  1681.1500,        761,        105,             1285603
VSWS,B,20260525,500477,,Ashok Leyland,   160.1000,   165.8000,   160.1000,   164.0500,    1191844,      17304,           194823527
VSWS,B,20260525,500480,,Cummins India,  5360.5000,  5417.7000,  5340.0000,  5378.9500,      10501,       3290,            56437905
VSWS,B,20260525,500483,,Tata Communications,  1969.9500,  1984.5000,  1912.6000,  1936.0500,     101799,      14194,           198804491
VSWS,B,20260525,500488,,Abbott India, 27900.0000, 28007.9000, 27402.6500, 27703.5000,       1184,        578,            32698311
VSWS,B,20260525,500490,,Bajaj Holdings & Inv, 10483.2000, 10725.0000, 10483.2000, 10615.6500,       8085,       1048,            85857231
VSWS,B,20260525,500493,,Bharat Forge,  1910.3000,  1942.2000,  1897.0500,  1916.4000,      89823,       3841,           172522646
VSWS,B,20260525,500495,,Escorts Kubota,  2935.5500,  2984.3500,  2935.5500,  2976.5000,       3581,        466,            10643171
VSWS,B,20260525,500500,,Hindustan Motors,    17.7400,    17.7400,    17.2500,    17.3000,     228350,        996,             3977056
VSWS,B,20260525,500510,,Larsen & Toubro,  3960.3500,  4037.5000,  3960.3500,  4033.3000,     173046,      15449,           695136753
VSWS,B,20260525,500520,,Mahindra & Mahindra,  3122.7000,  3173.0000,  3111.8500,  3138.8500,     368739,       9768,          1161444471
VSWS,B,20260525,500530,,Bosch, 36776.5000, 36776.5000, 36194.7000, 36321.7500,       2123,       1025,            77536531
VSWS,B,20260525,500547,,Bharat Petroleum,   308.7000,   309.0000,   304.0500,   308.2500,     428714,       6558,           131628947
VSWS,B,20260525,500550,,Siemens,  3825.3500,  3875.0000,  3658.1000,  3668.4000,      55486,       6988,           208705586
VSWS,B,20260525,500570,,Tata Motors Passenge,   366.0000,   374.1000,   366.0000,   373.0000,    1046244,      17191,           388991947
VSWS,B,20260525,500575,,Voltas,  1292.4500,  1294.8000,  1276.2500,  1284.5500,     110152,       1871,           141927858
VSWS,B,20260525,500620,,GE Shipping,  1675.4000,  1706.4500,  1631.0000,  1647.6000,      70226,       3549,           116515230
VSWS,B,20260525,500645,,Deepak Fertilizers,  1486.1000,  1501.4000,  1450.0000,  1457.1500,      51901,       2680,            76050488
VSWS,B,20260525,500650,,Excel Industries,   997.8000,   997.8000,   949.5000,   985.8000,       1083,        119,             1061048
VSWS,B,20260525,500655,,Garware Hi-Tech Film,  5425.0500,  5618.5000,  5405.0500,  5590.1000,       2791,        429,            15388172
VSWS,B,20260525,500660,,Glaxosmithkline Phar,  2346.0000,  2346.0000,  2296.3000,  2300.1000,      10442,        918,            24146145
VSWS,B,20260525,500670,,G N F C,   513.6500,   525.0000,   510.5000,   515.3500,      21730,        622,            11295063
VSWS,B,20260525,500672,,Novartis India,  1331.6500,  1424.9000,  1326.5500,  1361.6000,       3600,        501,             4974575
VSWS,B,20260525,500674,,Sanofi India,  3165.0500,  3208.5000,  3153.0500,  3186.4500,       2387,        500,             7584707
VSWS,B,20260525,500680,,Pfizer,  4681.0000,  4715.0000,  4655.1000,  4694.6500,        973,        292,             4560982
VSWS,B,20260525,500690,,G S F C,   172.2500,   172.2500,   167.7500,   169.1500,      67550,        921,            11415992
VSWS,B,20260525,500696,,Hindustan Unilever,  2223.9500,  2237.0000,  2193.2000,  2197.4500,      21776,       1819,            48205165
VSWS,B,20260525,500710,,JSW Dulux,  2999.9500,  2999.9500,  2925.3500,  2946.6000,        444,        209,             1313177
VSWS,B,20260525,500730,,NOCIL,   169.3000,   169.4500,   165.2500,   166.0000,       9071,        299,             1514136
VSWS,B,20260525,500770,,Tata Chemicals,   756.9500,   788.0000,   751.0000,   765.9000,      83197,       2413,            64238918
VSWS,B,20260525,500777,,Tamilnadu Petropro,    90.1000,    91.5000,    90.1000,    91.1500,      12609,        136,             1147683
VSWS,B,20260525,500780,,Zuari Industries,   254.4500,   261.3500,   250.4000,   252.7000,        724,         39,              185305
VSWS,B,20260525,500790,,Nestle,  1430.0000,  1438.0000,  1410.1000,  1413.8000,      56926,       2904,            80746846
VSWS,B,20260525,500800,,Tata Consumer Produc,  1182.7500,  1199.0000,  1181.3500,  1187.2500,     318054,       3739,           380407008
VSWS,B,20260525,500820,,Asian Paints,  2679.5000,  2681.9000,  2654.1500,  2656.4000,      28251,       2547,            75370368
VSWS,B,20260525,500825,,Britannia Industries,  5337.1500,  5355.0000,  5311.0000,  5323.5000,       6960,       1686,            37105865
VSWS,B,20260525,500830,,Colgate,  2162.2000,  2195.0000,  2081.0000,  2095.8000,     101400,      12618,           214511831
VSWS,B,20260525,500840,,E I H,   319.3500,   324.0000,   318.8500,   321.0500,       8905,        479,             2867193
VSWS,B,20260525,500850,,Indian Hotels,   650.7500,   666.5500,   650.7500,   663.7000,     200836,       5534,           132611292
VSWS,B,20260525,500870,,Castrol India,   182.7500,   183.0000,   182.0000,   182.7000,      47932,       1129,             8751315
VSWS,B,20260525,500875,,I T C,   303.5000,   305.5500,   302.3500,   304.0000,    1124988,      18547,           341937644
VSWS,B,20260525,500877,,Apollo Tyres,   375.2500,   392.8500,   374.9000,   388.4000,     270842,       5139,           104325454
VSWS,B,20260525,500878,,Ceat,  3320.0500,  3357.2500,  3288.4000,  3331.2500,      17074,       2086,            56839349
VSWS,B,20260525,500890,,Modi Rubber,   132.7000,   133.5000,   128.5000,   133.5000,        464,          9,               61931
VSWS,B,20260525,500940,,Finolex Industries,   174.5000,   178.8000,   172.4500,   175.5000,      34204,        860,             6016642
VSWS,B,20260525,501148,,Dalal Street Inv,   354.9500,   354.9500,   343.1000,   350.6000,        101,         10,               35589
VSWS,B,20260525,501150,,Centrum Capital,    24.0000,    24.0000,    22.7200,    22.8800,      14069,        179,              324213
VSWS,B,20260525,501151,,Kartik Investments,  9709.9000,  9709.9000,  9709.9000,  9709.9000,         11,          3,              106808
VSWS,B,20260525,501242,,TCI Finance,    12.8700,    13.7900,    12.8700,    13.6100,       1533,         31,               20451
VSWS,B,20260525,501295,,Industrial Inv Trust,   170.0500,   170.6000,   165.4500,   166.4000,       9506,        159,             1581367
VSWS,B,20260525,501298,,Industrial & Prudent,  6689.0000,  6689.0000,  6501.0000,  6520.0000,         26,          9,              169947
VSWS,B,20260525,501301,,Tata Investment Corp,   668.8500,   687.0500,   668.8500,   678.1500,      48610,       1649,            33066029
VSWS,B,20260525,501311,,Jaybharat Credit,    21.4200,    21.4200,    21.4200,    21.4200,          1,          1,                  21
VSWS,B,20260525,501314,,Prismx Global Ventur,     0.6800,     0.7600,     0.6100,     0.6800,     737397,        210,              497337
VSWS,B,20260525,501343,,Motor & General Fin,    29.0000,    29.4900,    27.9800,    28.1700,      29572,        217,              851668
VSWS,B,20260525,501351,,Rapid Investments,    97.2000,    97.2000,    92.3500,    92.3500,         12,          4,                1132
VSWS,B,20260525,501370,,Walchand People,   125.3500,   135.0000,   120.0000,   129.0000,       2072,         37,              265925
VSWS,B,20260525,501391,,WH Brady & Co,   574.0000,   585.0000,   570.0000,   575.1500,       1128,         54,              650868
VSWS,B,20260525,501421,,TechVision Ventures,  5400.0000,  5400.0000,  5400.0000,  5400.0000,         12,          2,               64800
VSWS,B,20260525,501423,,Shaily Engineering P,  2767.1500,  2774.5500,  2662.9000,  2748.9000,       6613,        607,            18056178
VSWS,B,20260525,501425,,Bombay Burmah,  1533.9500,  1551.7500,  1521.9500,  1545.2000,       3390,        411,             5209222
VSWS,B,20260525,501430,,Bombay Cycle,  1612.0000,  1658.7000,  1570.0000,  1652.7000,        145,         21,              234119
VSWS,B,20260525,501455,,Greaves Cotton,   172.1000,   174.7500,   170.3500,   171.6000,      46905,        975,             8082260
VSWS,B,20260525,501477,,Muller & Phipps,   218.7000,   218.7000,   214.0000,   214.0000,         71,          4,               15198
VSWS,B,20260525,501622,,Amalgamated Elect,    74.6600,    74.6600,    74.6600,    74.6600,          5,          1,                 373
VSWS,B,20260525,501700,,India Nivesh,     7.6700,     7.7000,     7.2100,     7.5200,      15972,         51,              121461
VSWS,B,20260525,501831,,Coastal Corporation,    57.9300,    59.0000,    57.2500,    58.8200,       2737,         56,              159900
VSWS,B,20260525,501833,,Chowgule Steamships,    24.8100,    25.7000,    23.5100,    24.4200,       7473,         70,              184756
VSWS,B,20260525,501848,,Garware Offshore,    44.1000,    44.8000,    41.2400,    41.7800,      10085,         47,              431079
VSWS,B,20260525,501945,,Dhenu Buildcon Infra,     9.3000,     9.3000,     8.9400,     9.2900,       9240,        127,               84506
VSWS,B,20260525,502015,,ASI Industries,    24.0000,    24.5000,    23.2500,    23.8300,      21216,        170,              509331
VSWS,B,20260525,502090,,Sagar Cements,   186.1500,   186.1500,   181.4000,   182.9500,       7317,        117,             1338230
VSWS,B,20260525,502137,,Deccan Cements,   608.7500,   610.6000,   593.5000,   608.3000,        188,         30,              113412
VSWS,B,20260525,502157,,Mangalam Cement,   843.8500,   850.0000,   829.4000,   842.6000,       8616,        271,             7254712
VSWS,B,20260525,502168,,NCL Industries,   168.6000,   173.0000,   168.6000,   171.3000,        980,         80,              167792
VSWS,B,20260525,502175,,Saurashtra Cement,    61.7000,    62.5000,    61.0000,    61.3200,       3588,         75,              222288
VSWS,B,20260525,502180,,Shree Digvijay Cem,    74.0000,    74.0000,    71.1600,    71.2500,       4158,         43,              296940
VSWS,B,20260525,502219,,Borosil Renewables,   511.0000,   517.7000,   508.0500,   515.3000,      15564,        785,             7989346
VSWS,B,20260525,502281,,Triveni Glass,     6.6600,     6.7500,     6.6600,     6.7500,       6504,         23,               43521
VSWS,B,20260525,502294,,Nilachal Refractorie,    40.1500,    40.1500,    40.1500,    40.1500,          9,          5,                 361
VSWS,B,20260525,502330,,Andhra Paper,    63.1600,    63.9300,    62.3000,    62.4300,       5734,         36,              358290
VSWS,B,20260525,502355,,Balkrishna Ind,  2222.7000,  2248.0000,  2207.9500,  2216.8500,       7234,       1304,            16116930
VSWS,B,20260525,502420,,Orient Paper & Inds,    18.2000,    18.5100,    17.0500,    18.0000,      17895,         99,              315194
VSWS,B,20260525,502445,,Citadel Realty & Dev,    40.1000,    40.9000,    38.7500,    40.9000,        643,          9,               25054
VSWS,B,20260525,502448,,Rollatainers,     2.1500,     2.1500,     2.0600,     2.0600,     225311,         58,              484180
VSWS,B,20260525,502450,,Seshasayee Paper,   234.8500,   236.1500,   232.6000,   234.8500,        362,         25,               85043
VSWS,B,20260525,502587,,Nath Industries,    52.7400,    54.4500,    52.0000,    54.4500,        226,          9,               11931
VSWS,B,20260525,502589,,Vapi Enterprise,    96.0000,    96.0000,    96.0000,    96.0000,         50,          1,                4800
VSWS,B,20260525,502820,,D C M,    85.9000,    90.0000,    85.9000,    88.0000,       2355,        196,              207827
VSWS,B,20260525,502865,,Forbes & Company,   326.6500,   335.0000,   325.2000,   329.9000,       2076,         75,              686219
VSWS,B,20260525,502873,,HP Cotton,   110.0000,   110.0000,   108.8000,   108.8000,        542,         15,               59258
VSWS,B,20260525,502893,,United Interactive,    70.6000,    73.8000,    70.6000,    70.7200,         51,          3,                3603
VSWS,B,20260525,502901,,Jamshri Realty,    80.5800,    81.0000,    79.0000,    79.6600,       1770,         18,              141379
VSWS,B,20260525,502933,,Katare Spinning Mill,   100.0000,   100.0000,   100.0000,   100.0000,          5,          1,                 500
VSWS,B,20260525,502937,,Kesoram Industries,    13.7000,    13.7000,    13.0000,    13.1900,     149644,        370,             2012263
VSWS,B,20260525,502958,,Lakshmi Mills,  7666.9500,  7667.0000,  7439.0000,  7503.3500,         20,          7,              151843
VSWS,B,20260525,502986,,Vardhman Textiles,   619.6500,   621.9500,   597.2500,   601.6000,      12517,        701,             7641003
VSWS,B,20260525,503031,,Peninsula Land,    16.5500,    17.1500,    16.5500,    16.7600,      11095,         41,              185696
VSWS,B,20260525,503100,,Phoenix Mills,  1799.0000,  1816.2500,  1783.2000,  1808.2000,       3334,        605,             6010735
VSWS,B,20260525,503101,,Marathon Nextgen Rea,   490.9000,   490.9000,   478.1500,   484.9500,      20980,         75,            10173690
VSWS,B,20260525,503127,,Raja Bahadur Interna,  5050.0000,  5050.0000,  5025.5000,  5025.5000,          2,          2,               10075
VSWS,B,20260525,503162,,Reliance Chemotex,   144.0000,   144.0000,   117.4500,   123.2500,       1432,        153,              179737
VSWS,B,20260525,503169,,Ruby Mills,   231.5500,   271.6000,   231.5500,   271.6000,      39494,       1287,            10407785
VSWS,B,20260525,503229,,Simplex Realty,   138.0000,   138.0000,   132.0000,   132.0000,          2,          2,                 270
VSWS,B,20260525,503310,,Swan Corp,   320.3500,   326.4500,   320.3500,   322.9000,      37248,        818,            12032572
VSWS,B,20260525,503349,,Victoria Mills,  5990.0000,  5990.0000,  5980.0000,  5980.0000,          2,          2,               11970
VSWS,B,20260525,503624,,Svaraj Trading,     8.6600,     9.0500,     8.4000,     8.5000,        663,         12,                5738
VSWS,B,20260525,503635,,Shree Salasar Inv,   284.0000,   284.0000,   257.8500,   273.3000,        169,         18,               44185
VSWS,B,20260525,503639,,Apollo Ingredients,    54.4000,    54.4400,    54.4000,    54.4400,       9860,         47,              536454
VSWS,B,20260525,503641,,Zodiac Ventures,     1.8500,     1.8700,     1.8000,     1.8000,      98730,        145,              179571
VSWS,B,20260525,503657,,Veer Energy & Infra,    12.8800,    13.7200,    12.8800,    13.3100,      18428,         80,              244909
VSWS,B,20260525,503659,,SW Investments,    92.0000,    95.4800,    92.0000,    95.4800,         33,          2,                3039
VSWS,B,20260525,503663,,Tilak Ventures,     1.2000,     1.2000,     1.1500,     1.2000,    2739546,        837,             3247482
VSWS,B,20260525,503675,,Wagend Infra Venture,     1.0600,     1.1300,     1.0600,     1.1300,       8029,         15,                8828
VSWS,B,20260525,503681,,Elcid Investments,122500.0000,122500.0000,119700.0000,122495.0000,         19,         17,             2309888
VSWS,B,20260525,503685,,Mediaone Global Ent,    15.5000,    15.5000,    14.0600,    14.3500,       3383,         30,               48108
VSWS,B,20260525,503722,,Banswara Syntex,   127.5000,   127.6000,   124.8000,   125.6000,        888,         38,              111913
VSWS,B,20260525,503776,,Modipon,    46.2000,    46.2000,    46.0000,    46.0000,       1718,          7,               79349
VSWS,B,20260525,503804,,Shri Dinesh Mills,   312.4500,   315.0000,   307.5000,   308.6000,        428,         26,              132592
VSWS,B,20260525,503806,,S R F,  2659.2500,  2719.4000,  2656.2000,  2711.7500,       6971,        894,            18762124
VSWS,B,20260525,503811,,Siyaram Silk Mills,   599.0000,   609.7500,   594.5000,   600.7500,       7708,        310,             4637781
VSWS,B,20260525,503816,,Swadeshi Polytex,    35.3300,    36.2500,    34.0600,    34.4100,       3818,         64,              132911
VSWS,B,20260525,503837,,Shree Rajasthan Synt,    16.2000,    16.2000,    15.7500,    15.7500,       1667,          6,               26704
VSWS,B,20260525,503960,,Bharat Bijlee,  2808.0000,  2826.8000,  2741.2500,  2747.1000,       1517,        270,             4223189
VSWS,B,20260525,504000,,Elpro International,   178.0000,   178.0000,   163.0000,   166.7000,      18893,        406,             3196811
VSWS,B,20260525,504028,,Gee,    78.0000,    79.7700,    76.2600,    78.3000,       4076,         44,              321712
VSWS,B,20260525,504036,,Hind Rectifiers,   965.1000,   987.0000,   965.1000,   972.1500,       2746,        258,             2685663
VSWS,B,20260525,504058,,Indo National,   355.8500,   374.0000,   352.2500,   364.1000,       1599,        239,              580944
VSWS,B,20260525,504067,,Zensar Technologies,   497.3000,   497.3000,   491.8000,   493.3000,      12342,        659,             6094934
VSWS,B,20260525,504076,,Jyoti,    73.0000,    74.4900,    70.3000,    73.2100,      46696,        213,             3378673
VSWS,B,20260525,504080,,JSL Industries,   998.0000,   998.0000,   960.0000,   960.0000,         34,          7,               33362
VSWS,B,20260525,504084,,Kaycee Industries,   850.0000,   862.9000,   850.0000,   856.5500,        535,         54,              457788
VSWS,B,20260525,504092,,Indokem,   603.0000,   617.9000,   594.8500,   599.8000,       1543,         74,              930005
VSWS,B,20260525,504093,,Panasonic Energy (I),   306.0000,   315.9000,   306.0000,   312.0000,       2262,         97,              706701
VSWS,B,20260525,504112,,Nelco,   662.8000,   682.9000,   662.8000,   672.8500,       5176,        294,             3500983
VSWS,B,20260525,504132,,Permanent Magnets,   870.0000,   879.9500,   855.0000,   868.6500,       3086,        176,             2682612
VSWS,B,20260525,504176,,High Energy Batt,   531.0000,   539.8500,   528.0000,   534.4500,       5966,        325,             3195920
VSWS,B,20260525,504180,,Standard Batteries,    51.9000,    51.9000,    47.5000,    48.3300,       2093,         34,              104797
VSWS,B,20260525,504212,,Universal Cables,  1104.9500,  1198.2500,  1073.4500,  1170.1500,     112263,       6984,           129154841
VSWS,B,20260525,504220,,WS Industries,    69.0000,    69.0000,    66.9000,    66.9000,       3053,         43,              205569
VSWS,B,20260525,504240,,Delton Cables,   450.5000,   455.0000,   437.1000,   447.6000,       9395,        231,             4203487
VSWS,B,20260525,504258,,Lakshmi Electr Contr,   795.5000,   822.0000,   782.0000,   791.5000,        536,         58,              430322
VSWS,B,20260525,504273,,Modulex Construction,    17.6500,    18.8000,    17.4000,    17.5400,      22413,         47,              400687
VSWS,B,20260525,504286,,Delta Manufacturing,    64.4000,    65.8800,    58.1000,    59.0000,       2446,         15,              148425
VSWS,B,20260525,504340,,Longspur Internation,     7.2700,     7.2700,     7.2700,     7.2700,        289,          6,                2101
VSWS,B,20260525,504341,,Ravindra Energy,   130.0000,   130.0000,   126.0500,   127.4500,       4207,         95,              540315
VSWS,B,20260525,504346,,RRP Semiconductor,  9352.8500,  9352.8500,  9352.8500,  9352.8500,          4,          4,               37411
VSWS,B,20260525,504351,,Empower India,     2.4400,     2.4400,     2.4400,     2.4400,      38939,        141,               95011
VSWS,B,20260525,504369,,Grandma Trading,     0.4900,     0.4900,     0.4900,     0.4900,        113,          6,                  55
VSWS,B,20260525,504378,,Nyssa Corporation,     2.6300,     2.6600,     2.5700,     2.5800,      22543,         65,               58589
VSWS,B,20260525,504380,,Flomic Global Logist,    51.4400,    54.8000,    50.9900,    53.2000,       6076,         66,              315054
VSWS,B,20260525,504392,,Krishna Ventures,    23.2500,    23.2500,    23.0400,    23.1500,       2582,         27,               59787
VSWS,B,20260525,504397,,Ganesh Holdings,    94.0000,    98.7900,    94.0000,    98.7800,         30,          6,                2840
VSWS,B,20260525,504605,,Uni Abex Alloy Prod,  3699.0000,  3990.0000,  3632.1500,  3914.7500,       3524,        465,            13450033
VSWS,B,20260525,504614,,Sarda Energy & Mine,   573.4500,   578.0000,   539.0000,   544.5000,      84855,       2373,            46839819
VSWS,B,20260525,504646,,Bhagwati Autocast,   558.0000,   570.0000,   558.0000,   567.8000,       1354,         40,              761909
VSWS,B,20260525,504648,,Bombay Wire Ropes,    46.5000,    46.5000,    45.5000,    46.5000,        136,          8,                6311
VSWS,B,20260525,504697,,Galada Power & Tele,     8.0300,     8.0300,     8.0300,     8.0300,         35,          1,                 281
VSWS,B,20260525,504731,,Azad India Mobility,   105.0500,   109.0000,   105.0500,   107.6500,       2195,         38,              235828
VSWS,B,20260525,504741,,Indian Hume Pipe,   313.3000,   318.4500,   313.3000,   317.8000,       2416,         77,              766297
VSWS,B,20260525,504746,,RRP Electronics (I),   946.0500,   985.0000,   946.0500,   946.0500,       1252,         58,             1187622
VSWS,B,20260525,504786,,Invest & Precision,   609.0000,   639.8000,   608.0000,   627.0000,        141,         38,               87927
VSWS,B,20260525,504840,,Kaira Can,  1460.0000,  1460.0000,  1343.3000,  1343.3000,         50,         17,               67612
VSWS,B,20260525,504879,,Orient Ceratech,    39.0000,    40.7200,    39.0000,    40.2500,       8313,         86,              333296
VSWS,B,20260525,504882,,National Standard I,  1220.0000,  1249.0000,  1220.0000,  1249.0000,         24,          7,               29640
VSWS,B,20260525,504903,,Rathi Steel & Power,    18.0300,    19.4000,    18.0300,    18.9200,      30915,        166,              576399
VSWS,B,20260525,504908,,Duncan Engineering,   385.0000,   404.9500,   385.0000,   404.9500,       1735,         48,              686205
VSWS,B,20260525,504918,,Sandur Manganese,   229.4000,   238.8000,   227.6000,   232.5500,      99083,       2518,            23151057
VSWS,B,20260525,504959,,Stovec Industries,  1691.2000,  1724.8000,  1670.0500,  1692.1500,        547,         39,              927102
VSWS,B,20260525,504973,,Cholamandalam Financ,  1592.0500,  1659.0000,  1592.0500,  1627.4000,       6674,        697,            10881928
VSWS,B,20260525,505010,,Automotive Axles,  1747.2500,  1780.0000,  1745.5000,  1774.9500,        910,        182,             1612724
VSWS,B,20260525,505029,,Atlas Cycle Haryana,    98.7000,   101.0000,    98.0000,    99.6500,       5281,        153,              526593
VSWS,B,20260525,505036,,Automobile Corpn,  1911.2000,  1968.8000,  1911.2000,  1943.9500,       2123,        251,             4120508
VSWS,B,20260525,505075,,Setco Automotive,    25.9500,    25.9500,    25.9500,    25.9500,       1791,          7,               46476
VSWS,B,20260525,505160,,Talbros Automotive,   362.6000,   370.4500,   350.3500,   353.7500,      57468,       1533,            20861500
VSWS,B,20260525,505163,,ZF Steering Gear,   735.0000,   735.0000,   706.2000,   709.5500,        202,         40,              144812
VSWS,B,20260525,505192,,SML Mahindra,  3914.1500,  3941.9000,  3822.2500,  3866.9000,       2689,        392,            10446099
VSWS,B,20260525,505196,,T I L,   202.0000,   207.0000,   193.7500,   194.4500,       1062,         36,              211495
VSWS,B,20260525,505200,,Eicher Motors,  7200.1000,  7434.9500,  7200.1000,  7413.4000,     122975,      16247,           905008421
VSWS,B,20260525,505212,,Jainex Aamcol,   116.9500,   117.0000,   116.0000,   117.0000,        330,          6,               38408
VSWS,B,20260525,505216,,Alfred Herbert,  2885.0000,  2975.0000,  2865.0000,  2947.3000,        290,         58,              848711
VSWS,B,20260525,505232,,Veljan Denison,  1047.0000,  1049.9000,  1047.0000,  1049.9000,          2,          2,                2096
VSWS,B,20260525,505242,,Dynamatic Tech, 11393.1000, 11640.4500, 11176.9500, 11313.5000,        862,        350,             9806667
VSWS,B,20260525,505250,,G G Dandekar Propert,    60.0000,    61.0000,    58.0000,    60.0000,        672,         13,               39531
VSWS,B,20260525,505255,,GMM Pfaudler,   815.0000,   820.9500,   802.0000,   806.5500,       9241,        604,             7467023
VSWS,B,20260525,505283,,Kirloskar Pneumatic,  1616.1500,  1679.3000,  1607.2000,  1661.0000,      10523,        900,            17387435
VSWS,B,20260525,505285,,Tulive Developers,  1233.0000,  1258.5000,  1233.0000,  1250.0000,         29,          5,               36088
VSWS,B,20260525,505299,,KPT Industries,   471.4500,   478.6000,   460.0000,   473.0500,       2066,        110,              973244
VSWS,B,20260525,505324,,Manugraph India,    15.5300,    16.2800,    15.0000,    15.5500,       2649,         48,               40789
VSWS,B,20260525,505336,,Harshil Agrotech,     0.3600,     0.3700,     0.3500,     0.3600,    3876827,        653,             1385918
VSWS,B,20260525,505343,,Monotype India,     0.4200,     0.4400,     0.4200,     0.4300,    1144718,        429,              491941
VSWS,B,20260525,505355,,Nesco,  1246.0000,  1275.5000,  1244.0000,  1270.1500,       1958,        150,             2476674
VSWS,B,20260525,505358,,Integra Engineering,   203.9000,   229.8000,   203.9000,   223.9000,      69175,        789,            15199127
VSWS,B,20260525,505368,,Semac Construction,   315.4000,   315.4500,   305.8500,   306.5000,         97,         18,               30353
VSWS,B,20260525,505400,,Texmaco Infra & Hold,    98.7300,   101.5100,    97.7900,    99.0000,        928,        133,               91631
VSWS,B,20260525,505412,,Wendt,  7031.5500,  7126.0000,  6970.7500,  6997.2500,        122,         65,              860220
VSWS,B,20260525,505502,,PS IT Infrastructure,     1.5400,     1.5400,     1.5400,     1.5400,      12156,         22,               18720
VSWS,B,20260525,505504,,GHV Infra Projects,   248.9000,   250.0000,   235.0500,   241.1500,      19086,        470,             4581743
VSWS,B,20260525,505509,,Responsive Industrie,   168.2000,   176.1000,   167.5000,   175.5000,       7705,        153,             1347293
VSWS,B,20260525,505515,,Shyamkamal Inv,    12.9000,    13.4700,    12.9000,    13.3400,       1790,         23,               23605
VSWS,B,20260525,505523,,Maharashtra Corporat,     0.3600,     0.3700,     0.3600,     0.3600,     420070,        220,              151746
VSWS,B,20260525,505526,,Dolat Algotech,    75.0100,    76.4500,    74.1000,    75.6100,      27908,        218,             2101252
VSWS,B,20260525,505533,,Westlife Foodworld,   473.7000,   476.6500,   464.0000,   467.3000,       1583,        266,              748422
VSWS,B,20260525,505537,,Zee Entertainment,    83.3800,    84.7200,    82.3400,    82.6900,     513769,       3327,            42781238
VSWS,B,20260525,505590,,SVP Global Textiles,     3.8900,     3.9000,     3.8900,     3.8900,       6523,         29,               25374
VSWS,B,20260525,505650,,Skyline Millars,    15.2500,    16.5000,    15.2200,    16.4000,        715,         17,               11347
VSWS,B,20260525,505681,,Bimetal Bearings,   577.0000,   580.0000,   572.0000,   572.0000,        103,         16,               59026
VSWS,B,20260525,505688,,Bharat Gears,   110.0000,   115.5000,   109.8000,   113.4000,       3552,         90,              401696
VSWS,B,20260525,505690,,Brady & Morris Engg,   959.0000,   959.0000,   915.0000,   916.2000,         69,         15,               63490
VSWS,B,20260525,505693,,La Tim Metal & Indus,     9.1000,    10.1300,     8.1500,     8.5800,     758769,        753,             6622153
VSWS,B,20260525,505700,,Elecon Engineering,   538.9500,   549.6000,   527.7000,   547.1500,      77175,       2682,            41687698
VSWS,B,20260525,505703,,Satani Bearings,   277.2500,   277.2500,   277.2500,   277.2500,         50,          3,               13862
VSWS,B,20260525,505710,,Grauer & Weil,    66.7000,    68.6600,    66.7000,    68.1900,      20035,        479,             1362124
VSWS,B,20260525,505712,,Him Teknoforge,   210.3000,   218.8000,   210.2500,   214.0500,       1739,         27,              373253
VSWS,B,20260525,505714,,Gabriel India,  1124.9500,  1144.0000,  1121.4500,  1126.9000,       9313,        779,            10549977
VSWS,B,20260525,505720,,Hercules Investments,   122.0000,   126.4500,   120.5000,   120.9500,      10735,        231,             1314666
VSWS,B,20260525,505725,,Algoquant Fintech,    60.3000,    61.3000,    58.3000,    59.0600,     289338,        853,            17127778
VSWS,B,20260525,505726,,IFB Industries,  1048.7500,  1075.8500,  1045.0000,  1053.1000,       2800,        328,             2973026
VSWS,B,20260525,505729,,Singer India,    76.8000,    76.8000,    73.7300,    75.6700,       9036,        449,              682242
VSWS,B,20260525,505737,,International Combus,   519.0000,   544.9500,   507.7500,   514.5500,       1151,        104,              596199
VSWS,B,20260525,505744,,Federal-Mogul Goetze,   455.0000,   465.4500,   455.0000,   462.2500,       1777,         91,              818051
VSWS,B,20260525,505750,,Josts Engineers,   234.0000,   236.0000,   227.0500,   230.6000,      10376,        227,             2398200
VSWS,B,20260525,505790,,Schaeffler India,  4089.3000,  4126.9500,  4067.2500,  4099.2500,      25438,        418,           104330289
VSWS,B,20260525,505800,,Rane Holdings,  1395.2000,  1449.7000,  1385.9000,  1398.3500,        356,         75,              499304
VSWS,B,20260525,505807,,Rolcon Engineering,   616.0000,   616.0000,   616.0000,   616.0000,         50,          1,               30800
VSWS,B,20260525,505827,,SNL Bearings,   367.0000,   374.5500,   367.0000,   370.8500,       7079,        108,             2627703
VSWS,B,20260525,505840,,Jaipan Industries,    24.9900,    24.9900,    23.2200,    23.9400,       4518,         32,              108801
VSWS,B,20260525,505850,,Mangal Credit & Fin,   168.9000,   170.4500,   166.5000,   168.6500,      11764,        157,             1981068
VSWS,B,20260525,505854,,T R F,   238.4500,   244.2500,   235.0000,   243.0000,       1797,        201,              433848
VSWS,B,20260525,505872,,W P I L,   428.8000,   465.0000,   428.8000,   459.6500,      32094,       1736,            14582485
VSWS,B,20260525,505890,,Kennametal India,  2937.7000,  3060.0000,  2893.4500,  3028.9000,       1328,        375,             3988166
VSWS,B,20260525,505893,,Hindustan Hardy,   845.0000,   868.0000,   816.0000,   830.3000,        703,         60,              585477
VSWS,B,20260525,505978,,Triton Valves,  1020.0000,  1053.0000,  1010.0000,  1014.6000,       2084,        155,             2139644
VSWS,B,20260525,506003,,Sudal Industries,    50.4400,    50.4400,    48.0000,    48.5000,        614,         14,               29579
VSWS,B,20260525,506022,,Prakash Industries,   143.0000,   143.8000,   140.6500,   141.3000,      25068,        339,             3550309
VSWS,B,20260525,506074,,Arshiya,     1.1700,     1.2400,     1.1700,     1.2000,      41138,         24,               49944
VSWS,B,20260525,506076,,Grindwell Norton,  1965.5000,  1965.5500,  1924.3500,  1936.3500,       5656,        931,            10976827
VSWS,B,20260525,506079,,Lakshmi Precision,     5.7100,     5.7100,     5.6200,     5.6200,        495,          5,                2784
VSWS,B,20260525,506105,,Stanrose Mafatlal,    71.4500,    71.4500,    69.0000,    69.0000,        102,          8,                7195
VSWS,B,20260525,506109,,Genesys Intl,   279.5500,   282.0500,   250.6000,   254.5500,     136612,       2260,            36384088
VSWS,B,20260525,506122,,Kairosoft AI Solutio,    67.0600,    70.4100,    67.0000,    70.4100,       8163,         86,              573069
VSWS,B,20260525,506128,,Parnax Lab,   146.5000,   148.7000,   144.6000,   145.1500,       2659,         32,              387541
VSWS,B,20260525,506134,,Gourmet Gateway Indi,    11.6800,    11.9900,    11.0500,    11.1300,      84073,         97,              934284
VSWS,B,20260525,506146,,Visagar Polytex,     0.5900,     0.5900,     0.5600,     0.5900,     568886,         97,              333399
VSWS,B,20260525,506166,,Apis India,    58.2000,    62.5000,    58.2000,    60.8200,      13050,        201,              783704
VSWS,B,20260525,506180,,Emergent Indl Solu,   436.1000,   436.1000,   436.0500,   436.0500,          3,          3,                1308
VSWS,B,20260525,506184,,Kanani Industries,     1.5200,     1.6200,     1.5200,     1.5500,      29107,         80,               45492
VSWS,B,20260525,506186,,Galaxy Supermarket,    16.8000,    16.8000,    15.2100,    16.8000,      77445,         61,             1283271
VSWS,B,20260525,506194,,Arihant Superstructu,   243.5000,   251.9500,   242.5000,   242.5000,       1437,         30,              357531
VSWS,B,20260525,506197,,Bliss GVS Pharma,   329.2000,   329.4500,   305.5000,   317.6000,     320261,       6242,           101378209
VSWS,B,20260525,506222,,Styrenix Performance,  2249.7000,  2280.0000,  2199.4500,  2273.2000,        557,        135,             1254974
VSWS,B,20260525,506235,,Alembic,    89.0900,    89.4000,    87.1300,    87.7300,      14133,        643,             1249761
VSWS,B,20260525,506248,,Amines & Plast,   198.4500,   198.4500,   198.4500,   198.4500,          2,          1,                 396
VSWS,B,20260525,506260,,Anuh Pharma,    76.0000,    77.5300,    75.7800,    76.3000,       4861,        119,              370908
VSWS,B,20260525,506261,,Modison,   208.5000,   208.5000,   208.5000,   208.5000,      20184,         47,             4208364
VSWS,B,20260525,506285,,Bayer Cropscience,  4470.8000,  4470.8000,  4319.7500,  4373.4500,       1047,        401,             4591054
VSWS,B,20260525,506313,,Sashwat Technocrats,   322.2500,   322.2500,   322.2500,   322.2500,        150,          1,               48337
VSWS,B,20260525,506365,,Starsource Multitrad,   120.4500,   120.4500,   109.1000,   114.5000,         35,          5,                3929
VSWS,B,20260525,506373,,Citurgia Biochem,   114.1000,   114.1000,   114.1000,   114.1000,        105,          5,               11980
VSWS,B,20260525,506390,,Sudarshan Colorants,   385.0500,   393.9000,   371.0500,   375.6500,       2769,        458,             1051569
VSWS,B,20260525,506395,,Coromandel Internati,  1825.0000,  1852.4000,  1820.0000,  1842.4500,      13426,       1600,            24654404
VSWS,B,20260525,506401,,Deepak Nitrite,  1750.0000,  1762.9000,  1740.1000,  1747.2000,       4601,        521,             8057935
VSWS,B,20260525,506405,,DMCC Speciality Chem,   279.7500,   287.8000,   277.1500,   280.0000,       2786,        107,              788970
VSWS,B,20260525,506414,,Fermenta Biotech,   310.0000,   310.0000,   297.2000,   302.0000,       3827,        153,             1160196
VSWS,B,20260525,506480,,GOCL Corporation,   333.0000,   347.9500,   331.0500,   346.3500,      12758,        664,             4345481
VSWS,B,20260525,506520,,Jayshree Chemicals,     6.6200,     6.7800,     6.5200,     6.5600,      14823,         60,               98820
VSWS,B,20260525,506525,,Kanoria Chemicals,    87.5500,    91.9200,    87.5500,    91.3700,       2366,         19,              215465
VSWS,B,20260525,506528,,Keltech Energies,  5050.0000,  5252.0000,  5006.0000,  5061.9500,       2636,        440,            13488409
VSWS,B,20260525,506530,,Kemp & Co,  1062.9500,  1062.9500,  1062.9500,  1062.9500,          2,          2,                2125
VSWS,B,20260525,506532,,Nitta Gelatin India,  1412.3000,  1602.0000,  1412.3000,  1580.3500,      15096,       1292,            23167706
VSWS,B,20260525,506543,,MP Agro Industries,    10.4500,    10.9500,    10.4500,    10.4600,        428,          5,                4476
VSWS,B,20260525,506579,,AG Ventures,   107.0000,   109.6500,   104.9500,   108.2000,      18286,        280,             1962223
VSWS,B,20260525,506590,,PCBL Chemical,   298.0000,   298.0000,   292.4000,   294.4000,      57401,       1153,            16905044
VSWS,B,20260525,506597,,Amal,   579.9500,   579.9500,   554.9500,   557.6000,       8103,        247,             4558265
VSWS,B,20260525,506605,,Polychem,  2030.0000,  2092.5500,  2030.0000,  2057.5500,         41,         13,               84026
VSWS,B,20260525,506618,,Punjab Chemicals & C,  1025.0000,  1025.0000,  1015.0000,  1016.3500,         15,         10,               15245
VSWS,B,20260525,506640,,ZR2 Bioenergy,   156.0000,   156.0000,   142.5000,   142.8500,         53,         11,                7973
VSWS,B,20260525,506642,,Sadhana Nitrochem,     2.3000,     2.3700,     2.3000,     2.3700,    1744360,         99,             4101545
VSWS,B,20260525,506655,,Sudarshan Chemicals,  1023.1500,  1049.9500,   991.5000,  1044.1500,      21193,       1441,            21682897
VSWS,B,20260525,506680,,TECIL Chem & Hydro,    12.8000,    12.8000,    12.8000,    12.8000,         61,          3,                 780
VSWS,B,20260525,506685,,Ultramarine & Pig,   396.2000,   407.0000,   396.2000,   405.4500,      12930,        333,             5202769
VSWS,B,20260525,506687,,Transpek Industry,  1194.9500,  1260.0000,  1192.0000,  1255.3000,        628,         98,              781068
VSWS,B,20260525,506690,,Unichem Laboratories,   359.7500,   364.1000,   350.0000,   361.6500,       3745,        365,             1341523
VSWS,B,20260525,506734,,Mysore Petro Chem,   104.8000,   104.8000,    97.4000,   101.6800,       1825,         46,              181527
VSWS,B,20260525,506767,,Alkyl Amines,  1729.1000,  1797.0000,  1729.1000,  1748.7000,       4497,        707,             7918830
VSWS,B,20260525,506808,,Tuticorin Alkali Che,    54.0000,    56.3900,    52.3100,    53.9000,      15325,        136,              836921
VSWS,B,20260525,506820,,AstraZeneca Pharma,  8623.1000,  8870.5000,  8558.0000,  8795.4000,        835,        231,             7288410
VSWS,B,20260525,506852,,Primo Chemicals,    22.0000,    22.1500,    21.5200,    21.8900,      33872,        125,              744709
VSWS,B,20260525,506854,,TANFAC Industries,  2080.0000,  2134.0000,  2018.0000,  2037.3500,      11961,       1226,            24646087
VSWS,B,20260525,506863,,Swadeshi Industries,    97.3500,    97.3500,    88.1500,    95.8500,      25081,        250,             2413223
VSWS,B,20260525,506879,,Gujarat Themis,   380.1000,   401.3000,   378.8500,   387.2500,     113885,       2494,            44478519
VSWS,B,20260525,506906,,Saptak Chem & Busine,    40.3800,    44.6200,    40.3800,    44.6000,       1153,         10,               49288
VSWS,B,20260525,506919,,Makers Laboratories,   164.2500,   168.7500,   158.6000,   161.3000,       8160,         63,             1324540
VSWS,B,20260525,506935,,Continental Chemical,    58.0000,    61.1600,    56.0000,    61.1600,        765,         20,               43990
VSWS,B,20260525,506943,,JB Chemicals,  2196.9000,  2284.9500,  2196.9000,  2226.4500,      14750,       1470,            33374652
VSWS,B,20260525,506975,,Rajasthan Petro Syn,     7.7100,     7.7100,     7.7100,     7.7100,        100,          1,                 771
VSWS,B,20260525,506979,,Apt Packaging,   152.7500,   152.7500,   152.7500,   152.7500,         10,          1,                1527
VSWS,B,20260525,506981,,Blue Chip Tex Ind,   123.2000,   123.2000,   122.8500,   122.8500,        255,          5,               31372
VSWS,B,20260525,507155,,Jagatjit Industries,   140.6500,   141.6500,   137.0500,   141.4500,      18509,        175,             2588662
VSWS,B,20260525,507180,,Kesar Enterprises,     6.4200,     6.5300,     6.2000,     6.5000,      21670,         39,              140935
VSWS,B,20260525,507205,,Tilaknagar Ind,   439.8500,   445.0000,   436.4000,   439.6000,      28972,       1257,            12762262
VSWS,B,20260525,507265,,Emerald Leisures,   180.0000,   189.9500,   168.1000,   180.0000,        148,          7,               26221
VSWS,B,20260525,507300,,Ravalgaon Sugar,   940.1000,   945.0000,   940.1000,   940.1500,         41,         10,               38593
VSWS,B,20260525,507315,,Sakthi Sugars,    17.0100,    18.0000,    17.0100,    17.9800,       3965,         80,               70947
VSWS,B,20260525,507410,,Walchandnagar Ind,   235.2000,   253.1500,   233.7500,   245.2000,     139383,       2709,            34131505
VSWS,B,20260525,507438,,IFB Agro Industries,   990.0500,  1013.1500,   982.0000,  1006.0000,        389,         34,              387315
VSWS,B,20260525,507474,,Kothari Fermen,    41.9500,    41.9500,    40.0600,    40.1800,       2034,         38,               82105
VSWS,B,20260525,507486,,Caprolactam Chemical,    47.2900,    47.2900,    47.2800,    47.2900,        120,          3,                5674
VSWS,B,20260525,507488,,GM Breweries,   941.8000,   964.9500,   924.0000,   943.3500,       2309,        196,             2191610
VSWS,B,20260525,507490,,Rana Sugars,    12.7000,    12.9000,    12.6100,    12.6100,       4388,         50,               55620
VSWS,B,20260525,507498,,Piccadily Sugar,    38.0000,    40.5000,    38.0000,    39.1000,       2719,         28,              108471
VSWS,B,20260525,507514,,Som Disti & Brewe,    85.8300,    87.6500,    85.4600,    87.3100,      29960,        366,             2602904
VSWS,B,20260525,507526,,Associated Alcohols,   800.7000,   894.0000,   800.7000,   888.5500,       7576,        591,             6594552
VSWS,B,20260525,507530,,Thakkers Group,    26.8100,    26.8100,    26.8100,    26.8100,          2,          1,                  53
VSWS,B,20260525,507552,,Foods & Inns,    57.0500,    57.2200,    55.0000,    55.4500,       1087,         45,               61283
VSWS,B,20260525,507580,,I V P,   189.9000,   189.9000,   173.0500,   179.1500,       1981,         63,              360397
VSWS,B,20260525,507598,,Kovilpatti Lakshmi R,   104.8000,   104.8000,   101.0000,   101.0500,       2009,         26,              204805
VSWS,B,20260525,507621,,Milkfood,    71.8400,    71.8400,    68.0000,    68.6000,      13606,        138,              941593
VSWS,B,20260525,507685,,Wipro,   207.3500,   209.5000,   204.1000,   206.8000,    2528080,      19296,           523169676
VSWS,B,20260525,507690,,Orient Beverages,   215.0000,   218.7500,   205.0000,   208.0000,       1394,         75,              295734
VSWS,B,20260525,507717,,Dhanuka Agritech,  1193.8500,  1193.8500,  1162.8000,  1172.9000,       5856,       1017,             6872501
VSWS,B,20260525,507747,,TTK Healthcare,   893.4500,   908.0000,   873.1000,   889.5000,        114,         54,              101693
VSWS,B,20260525,507753,,TGV SRAAC,   109.5000,   110.9500,   106.6000,   106.9500,     152561,       1009,            16535178
VSWS,B,20260525,507759,,Lime Chemicals,    16.7000,    17.3200,    15.7500,    15.7500,       2549,         15,               43261
VSWS,B,20260525,507779,,Kanpur Plastipacks,   208.7500,   214.5000,   207.3500,   214.5000,        181,         13,               37763
VSWS,B,20260525,507785,,Tainwala Chemical,   204.3000,   204.3000,   194.6000,   194.6000,          4,          3,                 797
VSWS,B,20260525,507789,,Jagsonpal Pharma,   210.8500,   210.8500,   200.5000,   205.2000,       3277,        101,              672299
VSWS,B,20260525,507794,,Khaitan Chemicals,    54.1000,    56.9900,    54.1000,    56.1800,       3647,         48,              203352
VSWS,B,20260525,507813,,National Oxygen,    72.0000,    73.9500,    70.6500,    73.0000,        955,         28,               69445
VSWS,B,20260525,507815,,Gillette India,  7798.3500,  7900.0000,  7790.0000,  7804.9000,       1037,        429,             8123054
VSWS,B,20260525,507817,,Wires & Fabriks,   161.9000,   161.9000,   161.9000,   161.9000,          4,          1,                 647
VSWS,B,20260525,507828,,Ansal Housing,     7.3100,     7.9700,     7.2500,     7.5700,      75614,        162,              561600
VSWS,B,20260525,507833,,Computer Point,     3.8800,     4.0800,     3.7900,     3.8200,       2464,         37,                9442
VSWS,B,20260525,507836,,Mac Charles,   690.0000,   690.0000,   646.8500,   674.0500,        264,         45,              174348
VSWS,B,20260525,507852,,Addi Industries,   101.9500,   101.9500,    94.0000,    97.3000,        659,         42,               64378
VSWS,B,20260525,507864,,Pioneer Invest Corp,   124.0000,   125.0000,   120.1500,   123.9000,       5779,         56,              715641
VSWS,B,20260525,507872,,Ashnoor Textiles,    38.4600,    40.5000,    38.4600,    38.6600,        342,          8,               13375
VSWS,B,20260525,507878,,Unitech,     5.2700,     5.6100,     5.2300,     5.3900,    3283097,       1808,            17851400
VSWS,B,20260525,507880,,VIP Industries,   309.2000,   313.4500,   303.1500,   306.7000,      19419,        716,             6006611
VSWS,B,20260525,507910,,Fiberweb (India),    29.8900,    30.1800,    29.1500,    29.2300,       5672,         94,              169275
VSWS,B,20260525,507912,,Gyftr,   184.5000,   191.3500,   181.8000,   189.5000,      28478,        295,             5347645
VSWS,B,20260525,507917,,East Buildtech,    59.8600,    59.8600,    59.8500,    59.8600,         16,          5,                 957
VSWS,B,20260525,507938,,Manipal Finance Corp,    23.1000,    23.1000,    23.1000,    23.1000,        100,          1,                2310
VSWS,B,20260525,507944,,Bajaj Steel,   411.1500,   418.8500,   407.2000,   410.0000,      10014,        451,             4133081
VSWS,B,20260525,507946,,Kiduja India,    19.3500,    19.3500,    17.4400,    18.7400,       7336,         20,              129610
VSWS,B,20260525,507948,,Key Corp,    71.4000,    72.8900,    66.5800,    71.0000,        838,         22,               58330
VSWS,B,20260525,507960,,Gujarat Hotels,   186.9500,   187.5000,   182.0500,   185.0000,       1014,         33,              187526
VSWS,B,20260525,507962,,Fynx Capital,     4.7600,     4.8800,     4.5600,     4.5800,       9926,         37,               45573
VSWS,B,20260525,507966,,Ras Resort & Apart,    56.9900,    56.9900,    53.0000,    53.0000,        461,         11,               25345
VSWS,B,20260525,507968,,Jolly Plastics,    35.1900,    35.1900,    35.1900,    35.1900,        200,          1,                7038
VSWS,B,20260525,507970,,Paramount Cosmetics,    36.0100,    37.5000,    35.0000,    35.0100,        432,         13,               15457
VSWS,B,20260525,507981,,Jindal Hotels,    66.0000,    66.0000,    64.0000,    65.7100,        465,         25,               30352
VSWS,B,20260525,507984,,Desi Farms India,   639.7000,   641.5000,   638.3000,   641.5000,        104,         10,               66610
VSWS,B,20260525,507998,,Simmonds-Marshall,   186.9500,   192.2500,   183.0000,   189.0000,      11445,         63,             2165368
VSWS,B,20260525,508136,,B & A,   375.0000,   375.0000,   360.0000,   360.0500,        108,         12,               38995
VSWS,B,20260525,508486,,Hawkins Cooker,  7250.1500,  7250.1500,  7173.0000,  7198.3500,        316,        115,             2279093
VSWS,B,20260525,508494,,Warren Tea,    45.0000,    46.8000,    43.4500,    43.7700,       1983,         65,               88125
VSWS,B,20260525,508571,,Cochin Malabar Est,   136.2000,   139.0000,   132.0000,   132.0000,        179,         13,               24597
VSWS,B,20260525,508664,,Best Eastern Hotels,    11.1500,    11.1800,    10.2000,    10.9900,       5099,         30,               53340
VSWS,B,20260525,508807,,I S T,   705.0000,   727.9000,   680.1000,   700.4000,       1387,         95,              964566
VSWS,B,20260525,508814,,Cosmo First,   781.0500,   790.0000,   760.0500,   767.2500,       3314,        447,             2561135
VSWS,B,20260525,508860,,Diamant Infrastructu,     0.8000,     0.8400,     0.8000,     0.8400,      14908,         31,               12519
VSWS,B,20260525,508869,,Apollo Hospitals,  8490.3000,  8490.3000,  8382.7000,  8404.8500,      15793,       1880,           132830921
VSWS,B,20260525,508875,,Nitin Castings,   553.0000,   553.0000,   550.0000,   550.0000,          7,          4,                3868
VSWS,B,20260525,508905,,Nexome Capital Marke,   102.0000,   105.0000,   100.0000,   102.8700,       2703,         25,              277373
VSWS,B,20260525,508906,,Everest Industries,   413.9000,   416.8000,   405.1500,   416.2000,        571,         82,              235971
VSWS,B,20260525,508918,,Ironwood Education,    41.6000,    44.4500,    41.6000,    42.6700,       1228,         27,               53192
VSWS,B,20260525,508933,,AYM Syntex,   213.5000,   216.9500,   213.5000,   215.0000,        382,          7,               81785
VSWS,B,20260525,508941,,Panasonic Carbon,   480.0000,   480.0000,   475.3000,   476.0500,        804,         62,              383532
VSWS,B,20260525,508954,,Finkurve Financial,    68.1300,    68.1300,    66.2000,    66.2000,        748,         30,               50352
VSWS,B,20260525,508956,,HB Leasing & Finance,    10.9900,    10.9900,    10.1100,    10.3100,       2012,         53,               20657
VSWS,B,20260525,508961,,Shricon Industries,   258.3000,   258.3000,   245.0000,   258.0000,         62,          6,               15216
VSWS,B,20260525,508969,,Sulabh Enggineers &,     3.1300,     3.2100,     3.1300,     3.1700,      16202,         67,               51162
VSWS,B,20260525,508980,,Frontier Capital,     6.8900,     7.4400,     6.8900,     7.1800,       2583,         15,               18482
VSWS,B,20260525,508989,,Navneet Education,   144.0000,   144.3000,   141.9000,   142.3000,       2474,         78,              353876
VSWS,B,20260525,509009,,Ausom Enterprise,   133.9000,   139.7000,   133.9000,   136.0500,        104,          7,               14144
VSWS,B,20260525,509015,,Thakral Services (I),    15.4700,    16.0000,    15.1600,    15.9900,        482,          7,                7324
VSWS,B,20260525,509020,,Ruchi Infrastructure,     6.2700,     6.4100,     6.0000,     6.2400,      30263,        147,              185487
VSWS,B,20260525,509024,,Golden Legend Leas,     8.6200,     9.7000,     8.6200,     8.7400,       8622,         49,               76430
VSWS,B,20260525,509026,,VJTF Eduservices,    83.0000,    83.0000,    81.0000,    82.0000,        180,          9,               14861
VSWS,B,20260525,509038,,Voltaire Leasing,    12.0000,    12.3500,    11.8700,    12.0000,        414,         10,                4951
VSWS,B,20260525,509040,,Netlink Solutions (I,   188.6000,   199.5000,   188.6000,   199.5000,      15154,         28,             2974159
VSWS,B,20260525,509046,,Triliance Polymers,    43.9000,    43.9000,    43.9000,    43.9000,         14,          3,                 614
VSWS,B,20260525,509048,,Lancor Holdings,    24.4000,    24.8800,    24.0000,    24.2700,      23724,        300,              574005
VSWS,B,20260525,509051,,Indian Infotech,     0.6400,     0.6600,     0.6300,     0.6300,    2018394,        762,             1292210
VSWS,B,20260525,509053,,Banas Finance,     7.1500,     7.1500,     6.9100,     7.0200,      42479,        104,              296053
VSWS,B,20260525,509055,,Visaka Industries,    71.9400,    74.5000,    71.0000,    74.0800,       8335,         71,              605342
VSWS,B,20260525,509069,,Infomedia Press,     6.0300,     6.9500,     6.0300,     6.2400,      12597,         46,               77835
VSWS,B,20260525,509073,,Hathway Bhawani Cabl,    13.9000,    13.9000,    12.5100,    12.6000,       6050,         20,               76261
VSWS,B,20260525,509079,,Gufic Biosciences,   299.5000,   329.0000,   299.1500,   326.3000,      19681,        787,             6332405
VSWS,B,20260525,509084,,Photon Capital Advis,   132.6000,   132.6000,   132.6000,   132.6000,          1,          1,                 132
VSWS,B,20260525,509152,,GRP,  1704.3000,  1714.7500,  1678.3000,  1708.3000,        282,         25,              477481
VSWS,B,20260525,509162,,Indag Rubber,    87.9000,    90.9900,    87.0000,    89.0400,       5802,         95,              513196
VSWS,B,20260525,509196,,MM Rubber Company,    68.5100,    69.0000,    68.5000,    68.9100,        186,          5,               12774
VSWS,B,20260525,509220,,PTL Enterprises,    39.9900,    39.9900,    37.9900,    38.8100,       4379,         92,              170440
VSWS,B,20260525,509243,,TVS Srichakra,  3575.2500,  3616.6000,  3575.2500,  3584.0000,         36,         19,              129224
VSWS,B,20260525,509423,,Sanathnagar Enterpri,    32.5100,    32.5100,    32.5100,    32.5100,        106,          3,                3446
VSWS,B,20260525,509438,,Benares Hotels, 10000.0500, 10599.9500, 10000.0000, 10361.4500,        511,        393,             5239831
VSWS,B,20260525,509449,,Bhagwati Oxygen,    35.3000,    35.3100,    35.0000,    35.0000,        281,         11,                9908
VSWS,B,20260525,509472,,Cravatex,   340.0000,   342.0000,   339.0000,   339.3500,        324,         20,              110080
VSWS,B,20260525,509480,,Berger Paints India,   511.8500,   512.3000,   501.4000,   506.1000,       7353,        434,             3720990
VSWS,B,20260525,509486,,Caprihans,    70.0000,    76.9000,    68.7000,    69.1200,       4989,         67,              354046
VSWS,B,20260525,509488,,Graphite India,   744.2000,   759.4500,   742.6000,   747.8000,      51225,       1400,            38420059
VSWS,B,20260525,509496,,Cemindia Projects,   889.4000,   897.7000,   870.1000,   882.6000,      18698,       1220,            16484368
VSWS,B,20260525,509525,,Empire Industries,   926.0000,   939.9000,   916.0500,   938.0500,        348,         31,              322886
VSWS,B,20260525,509546,,Graviss Hospitality,    30.7900,    34.0000,    28.5100,    30.0300,      60346,        204,             1800514
VSWS,B,20260525,509557,,Garware Technical,   626.4500,   642.5000,   626.4500,   639.4500,       1916,        211,             1221050
VSWS,B,20260525,509563,,Garware Marine,    23.0000,    23.0000,    22.1100,    22.5000,       1564,         62,               35117
VSWS,B,20260525,509567,,Goa Carbon,   399.8500,   405.0000,   396.0000,   403.3500,        538,         38,              216032
VSWS,B,20260525,509597,,Hardcastle & Waud,   740.0500,   813.0000,   731.0500,   779.8500,        407,         32,              312535
VSWS,B,20260525,509631,,H E G,   591.6000,   599.7500,   581.4500,   584.8000,      65926,       2301,            38800309
VSWS,B,20260525,509635,,Hindustan Composites,   401.9500,   406.8000,   389.9000,   393.4500,       1203,        240,              478484
VSWS,B,20260525,509675,,BirlaNu,  1361.1000,  1380.6000,  1342.0000,  1357.7000,         67,         32,               91030
VSWS,B,20260525,509692,,Indian Card Clothing,   213.0000,   227.0000,   213.0000,   225.5000,        357,         36,               79594
VSWS,B,20260525,509709,,International Convey,    78.3400,    79.3700,    77.2100,    77.9500,       4587,        339,              359258
VSWS,B,20260525,509715,,Jay Shree Tea & Ind,    85.1500,    87.0000,    84.3000,    85.4100,       5540,        160,              473798
VSWS,B,20260525,509732,,Kothari Industrial,   165.0000,   167.0000,   160.1000,   165.0000,       2344,         68,              382839
VSWS,B,20260525,509760,,Modern Shares & Stk,    32.0000,    32.3900,    31.2000,    31.2500,        926,         24,               28991
VSWS,B,20260525,509762,,Mapro Industries,    41.5000,    44.0000,    39.8600,    40.1100,        504,          8,               20216
VSWS,B,20260525,509820,,Huhtamaki India,   169.8500,   172.1500,   168.0000,   170.0000,       2036,         89,              345633
VSWS,B,20260525,509835,,Premier Synthetics,    16.8900,    16.8900,    14.4000,    15.2400,       1308,         24,               19240
VSWS,B,20260525,509874,,Shalimar Paints,    51.1000,    52.1600,    50.5000,    50.5300,       7360,         91,              377100
VSWS,B,20260525,509895,,Hindoostan Mills,   166.3000,   166.3000,   160.0000,   164.9000,        142,         18,               22848
VSWS,B,20260525,509930,,Supreme Industries,  3562.0000,  3633.9500,  3562.0000,  3611.7500,       4297,        553,            15474390
VSWS,B,20260525,509945,,Thacker & Company,  1141.0000,  1199.0000,  1141.0000,  1199.0000,         49,          3,               56025
VSWS,B,20260525,509953,,Trade Wings,   635.8500,   635.8500,   635.8500,   635.8500,          8,          2,                5086
VSWS,B,20260525,509960,,UP Hotels,  1450.0000,  1450.0000,  1450.0000,  1450.0000,         21,          5,               30450
VSWS,B,20260525,509966,,VST Industries,   260.0000,   260.2500,   256.7500,   257.3500,      20812,        504,             5378723
VSWS,B,20260525,510245,,Swasti Vinayaka Synt,     4.1300,     4.1900,     4.0200,     4.0400,      26841,         86,              109121
VSWS,B,20260525,511000,,MSL Global,    18.8000,    19.6500,    18.4600,    19.5300,       2252,         28,               43668
VSWS,B,20260525,511012,,Yamini Investments,     0.6800,     0.6800,     0.6600,     0.6800,     274350,        357,              184362
VSWS,B,20260525,511016,,Premier Capital Ser,     5.0000,     5.0000,     4.9300,     4.9300,       6357,         21,               31384
VSWS,B,20260525,511018,,Milgrey Finance,    49.3600,    51.8000,    49.0000,    49.5100,      40365,        146,             2012457
VSWS,B,20260525,511034,,Jindal Drilling,   640.0000,   655.7000,   622.5000,   631.4000,     145557,       3823,            92917518
VSWS,B,20260525,511066,,Sakthi Finance,    26.7900,    31.8000,    26.7900,    27.9100,      33459,        241,              971691
VSWS,B,20260525,511076,,Aeroflex Enterprises,    99.0000,   100.5200,    97.6700,    98.0100,      11671,        182,             1156735
VSWS,B,20260525,511092,,JMD Ventures,     5.9200,     5.9200,     5.8100,     5.8100,      12482,         49,               72872
VSWS,B,20260525,511110,,VB Desai Fin Service,    16.9000,    16.9000,    16.9000,    16.9000,        854,          4,               14432
VSWS,B,20260525,511116,,Quadrant Televenture,     0.3400,     0.3600,     0.3400,     0.3600,    2101939,        280,              730869
VSWS,B,20260525,511122,,First Custodian Fund,    77.0000,    77.0000,    68.0000,    72.9500,        248,         20,               17405
VSWS,B,20260525,511131,,Kamanwala Hsg Const,    18.1900,    18.1900,    17.2600,    17.8000,       3049,         31,               53956
VSWS,B,20260525,511144,,Axis Solution,   251.3500,   251.3500,   227.5000,   251.3500,      27656,        183,             6930957
VSWS,B,20260525,511147,,WSFX Global Pay,    60.9000,    62.4000,    60.0200,    60.4100,       1450,         42,               88555
VSWS,B,20260525,511153,,Anjani Foods,    18.5000,    18.5000,    17.0000,    17.0600,      24391,        194,              423267
VSWS,B,20260525,511169,,RKD Agri & Retail,     6.9500,     6.9500,     6.6500,     6.9400,         20,          5,                 138
VSWS,B,20260525,511176,,Parshwanath Corporat,   104.9500,   104.9500,    96.9000,    96.9000,         18,          5,                1792
VSWS,B,20260525,511187,,Millennium Online So,     1.5000,     1.5800,     1.5000,     1.5800,       1556,          9,                2409
VSWS,B,20260525,511194,,I C D S,    48.8000,    48.9500,    48.8000,    48.9500,        100,          2,                4886
VSWS,B,20260525,511196,,Canfin Homes,   849.7000,   849.7000,   822.7500,   838.3500,      12181,       1560,            10220584
VSWS,B,20260525,511208,,IL & FS Investment M,     7.5500,     7.6500,     7.3800,     7.4600,       4903,        149,               36915
VSWS,B,20260525,511218,,Shriram Finance,   956.0000,   970.1500,   955.9500,   961.8500,     631149,       9731,           608816403
VSWS,B,20260525,511243,,Cholamandalam Invest,  1554.2500,  1600.0000,  1553.7000,  1590.3000,      57918,       4076,            91489025
VSWS,B,20260525,511246,,Bombay Talkies,     4.0000,     4.1000,     4.0000,     4.1000,        100,          3,                 405
VSWS,B,20260525,511260,,Iconik Sports And Ev,    39.2000,    39.2400,    39.1000,    39.2400,       8078,         32,              316880
VSWS,B,20260525,511333,,VLS Finance,   231.9000,   236.0000,   229.8500,   233.8500,        605,         18,              140270
VSWS,B,20260525,511355,,India Cements Cap,    15.8000,    16.2500,    15.1000,    15.4500,      25972,         93,              410568
VSWS,B,20260525,511359,,Ad Manum Finance,    63.0000,    63.0000,    60.0000,    60.0200,       2861,         29,              173748
VSWS,B,20260525,511391,,Inter Globe Finance,    68.5500,    68.5500,    64.0000,    67.9100,        272,         19,               17799
VSWS,B,20260525,511411,,Shristi Infra Dev,    32.4600,    32.4600,    30.1300,    32.4600,         11,          6,                 350
VSWS,B,20260525,511413,,Crest Ventures,   352.0500,   352.0500,   349.9500,   351.0500,       1065,         10,              373877
VSWS,B,20260525,511431,,Vakrangee,     6.7300,     6.8800,     6.5200,     6.6400,     339519,        599,             2264613
VSWS,B,20260525,511441,,Gujarat Credit,    24.1000,    24.1000,    24.1000,    24.1000,         50,          2,                1205
VSWS,B,20260525,511447,,Sylph Industries,     0.3300,     0.3300,     0.3300,     0.3300,    2676318,        920,              883184
VSWS,B,20260525,511451,,Dharani Finance,     9.0100,     9.4600,     9.0100,     9.4600,         71,          4,                 643
VSWS,B,20260525,511463,,Alexander Stamps & C,     8.1400,     8.5000,     8.1400,     8.4500,       2574,         12,               21244
VSWS,B,20260525,511473,,Indbank Merchant,    33.9800,    34.0000,    33.5000,    33.8700,       2341,         71,               79077
VSWS,B,20260525,511493,,Shrydus Industries,     3.4500,     3.6500,     3.3000,     3.3800,      21630,         55,               73632
VSWS,B,20260525,511501,,Bharat Bhushan Finac,    26.0000,    26.0000,    24.0100,    24.9800,       6279,         78,              156089
VSWS,B,20260525,511505,,Capital Trust,    14.5800,    14.5800,    14.0200,    14.5800,      14285,         32,              208222
VSWS,B,20260525,511507,,Ushakiran Finance,    48.1600,    48.1600,    47.2700,    47.3900,         62,          5,                2984
VSWS,B,20260525,511509,,Vivo Biotech,    27.2000,    28.7000,    26.5300,    27.6900,      10237,         67,              281247
VSWS,B,20260525,511523,,Veerhealth Care,    23.7500,    24.0000,    23.0600,    23.9900,     162449,        276,             3890578
VSWS,B,20260525,511525,,Pan India Corporatio,     1.8600,     1.9500,     1.8600,     1.9300,     138083,        154,              264394
VSWS,B,20260525,511533,,Sahara Housingfina C,    40.3000,    40.3000,    37.3500,    39.7000,        144,          9,                5525
VSWS,B,20260525,511535,,NDA Securities,    32.7500,    34.0300,    32.0000,    32.5800,       1461,         12,               47565
VSWS,B,20260525,511539,,Supra Trends,    15.5900,    15.5900,    14.7700,    15.4000,        778,          3,               11675
VSWS,B,20260525,511543,,GSB Finance,    34.5700,    34.5700,    30.2500,    34.5000,        402,          4,               12175
VSWS,B,20260525,511549,,Morarka Finance,    54.8000,    56.8500,    54.8000,    55.6000,       1926,         17,              105695
VSWS,B,20260525,511551,,Monarch Networth Cap,   330.0000,   331.2000,   323.1500,   325.8500,       6822,        252,             2236311
VSWS,B,20260525,511557,,Pro Fin Capital Ser,     3.7400,     3.8000,     3.5500,     3.5500,    6455348,        610,            22945814
VSWS,B,20260525,511559,,Team India Guaranty,   262.1000,   263.0000,   248.2000,   255.2500,        651,         80,              163914
VSWS,B,20260525,511571,,Crescentis Capital,   120.7000,   120.7000,   115.2500,   118.7500,        897,         10,              107108
VSWS,B,20260525,511577,,Mantra Capital,    16.4800,    16.4800,    14.2200,    15.7000,       2021,         22,               31072
VSWS,B,20260525,511585,,Befound Movement,     3.8900,     3.8900,     3.8900,     3.8900,        760,          3,                2956
VSWS,B,20260525,511589,,Avonmore Capital,    11.2000,    11.5000,    10.7500,    11.4200,       8374,         83,               93826
VSWS,B,20260525,511593,,Libord Finance,    17.8900,    17.8900,    17.5000,    17.5000,          4,          3,                  70
VSWS,B,20260525,511601,,Yash Management,     9.7600,    10.5000,     9.5000,     9.9000,       6164,         71,               61110
VSWS,B,20260525,511605,,Arihant Capital Mkt,    69.9800,    69.9800,    67.9600,    68.8100,       4641,         91,              319270
VSWS,B,20260525,511609,,ISL Consulting,    21.7600,    22.8900,    21.7600,    22.7700,        221,          9,                4871
VSWS,B,20260525,511611,,DCM Financial Serv,     5.0500,     5.3400,     5.0000,     5.3400,      29118,         31,              151979
VSWS,B,20260525,511626,,RR Financial Cons,    62.3000,    68.0900,    62.3000,    65.9000,       7182,         52,              484478
VSWS,B,20260525,511628,,Fedders Holding,    32.9000,    33.7200,    32.6000,    32.6800,      16931,        227,              560575
VSWS,B,20260525,511630,,Sambhaav Media,     6.8900,     7.4000,     6.8900,     7.4000,       2541,         12,               18385
VSWS,B,20260525,511632,,Olympic Mgmt & Fin,     9.1700,     9.1700,     9.1700,     9.1700,         20,          1,                 183
VSWS,B,20260525,511634,,Axentra Corp,   339.9000,   339.9000,   339.9000,   339.9000,        150,          7,               50985
VSWS,B,20260525,511636,,DJS Stock & Shares,     1.9000,     1.9200,     1.8400,     1.9000,       4861,         66,                9206
VSWS,B,20260525,511644,,Omega Interactive,    65.8500,    65.8500,    65.8500,    65.8500,         94,         15,                6189
VSWS,B,20260525,511654,,Sugal & Damani Share,    71.0000,    73.0000,    69.0000,    69.0000,         23,          6,                1631
VSWS,B,20260525,511658,,NettLinx,    16.6000,    17.5000,    16.2000,    16.4100,       9326,         68,              155035
VSWS,B,20260525,511660,,Premium Capital Mkt,     8.6700,     8.6700,     8.6700,     8.6700,        200,          2,                1734
VSWS,B,20260525,511664,,Bgil Films & Techno,     7.7000,     8.2300,     7.6100,     8.0800,      57506,         81,              451339
VSWS,B,20260525,511672,,Scan Steels,    38.1500,    40.0000,    38.1500,    38.4100,      22010,         79,              866186
VSWS,B,20260525,511676,,GIC Housing Finance,   151.1000,   152.6000,   150.9500,   152.0500,       3466,         81,              526214
VSWS,B,20260525,511692,,Ajcon Global Service,     6.3200,     6.8800,     6.1700,     6.3200,      21242,         75,              134387
VSWS,B,20260525,511696,,Chartered Cap & Inv,   274.4000,   274.4000,   255.5500,   255.6000,         65,          5,               16802
VSWS,B,20260525,511700,,Standard Capital Mkt,     0.3800,     0.3900,     0.3700,     0.3800,    8782505,       1084,             3310923
VSWS,B,20260525,511702,,Yogi,   174.0000,   175.0000,   168.2000,   173.2500,       8761,         64,             1511432
VSWS,B,20260525,511710,,Cubical Financial,     3.7600,     3.7600,     3.7600,     3.7600,     158673,         56,              596610
VSWS,B,20260525,511714,,Nimbus Projects,   226.0000,   232.7500,   220.3500,   220.3500,       7744,        101,             1728462
VSWS,B,20260525,511716,,Invigorated Business,     6.9900,     6.9900,     5.5400,     6.0300,       8200,         54,               50775
VSWS,B,20260525,511724,,Baid Finserv,    10.3600,    10.6100,    10.2300,    10.4300,        664,          9,                6936
VSWS,B,20260525,511726,,Vipul,     8.5600,     9.4500,     8.5600,     9.0400,       7255,         34,               65177
VSWS,B,20260525,511728,,KZ Leasing & Finance,    16.5600,    16.5600,    16.5300,    16.5400,       4066,         14,               67274
VSWS,B,20260525,511730,,Avasara Finance,    17.9700,    17.9700,    17.9700,    17.9700,          7,          1,                 125
VSWS,B,20260525,511734,,Pasupati Fincap,    10.4600,    11.0100,    10.4600,    11.0100,       2500,          8,               26172
VSWS,B,20260525,511740,,Ruparel Food Product,   138.0000,   138.0000,   138.0000,   138.0000,          1,          1,                 138
VSWS,B,20260525,511742,,Ugro Capital,    99.9500,   102.0000,    99.3500,    99.8500,       6445,        145,              646059
VSWS,B,20260525,511754,,Shalibhadra Finance,    74.2500,    74.2500,    68.4000,    71.9000,       5922,         39,              415928
VSWS,B,20260525,511756,,Abirami Financial,    31.1200,    31.4300,    31.1200,    31.4300,        117,          2,                3672
VSWS,B,20260525,511758,,Mansi Finance,    67.8200,    67.8700,    67.7800,    67.8300,       2778,          9,              188450
VSWS,B,20260525,511764,,Aastamangalam Financ,    33.6400,    34.6800,    33.0000,    33.0300,       9825,         69,              330937
VSWS,B,20260525,511766,,Muthoot Capital Serv,   200.0000,   207.0000,   199.5000,   204.8500,       2461,        172,              503826
VSWS,B,20260525,511768,,Master Trust,    90.3000,    91.0400,    88.5600,    89.0100,       5696,         70,              516624
VSWS,B,20260525,512008,,EFC (I),   190.9500,   191.0500,   183.1500,   184.6000,      16390,        304,             3052616
VSWS,B,20260525,512014,,Sobhagya Mercantile,   900.0000,   910.0000,   882.0000,   902.0500,        780,         39,              700347
VSWS,B,20260525,512018,,Tomorrow Tech Global,     8.3000,     8.9000,     8.2000,     8.4400,     149440,        134,             1251294
VSWS,B,20260525,512020,,Saraswati Commercial, 10036.8000, 10137.1500,  9760.0000,  9760.0000,         21,         13,              209940
VSWS,B,20260525,512024,,ND Metals,    75.8100,    75.8100,    75.8100,    75.8100,         10,          1,                 758
VSWS,B,20260525,512025,,Asgard Alcobev,    34.0000,    34.5000,    32.5500,    34.1000,      28432,        214,              970802
VSWS,B,20260525,512038,,TCC Concept,   391.0500,   408.0000,   370.0000,   388.0500,       5030,        257,             1972714
VSWS,B,20260525,512047,,Royal India Corporat,     6.2600,     6.5000,     5.9700,     6.3600,     142470,        157,              886292
VSWS,B,20260525,512048,,DhanSafal Finserve,     2.3100,     2.8500,     2.3100,     2.8500,     747953,        285,             2067541
VSWS,B,20260525,512062,,Tandhan Industries,   102.8700,   102.8700,   102.8700,   102.8700,        100,          1,               10287
VSWS,B,20260525,512065,,Mrugesh Trading,    34.7800,    34.7800,    34.7800,    34.7800,        101,          1,                3512
VSWS,B,20260525,512068,,Deccan Gold Mines,   143.5000,   149.9000,   142.7000,   148.0000,     315357,       3382,            46320548
VSWS,B,20260525,512070,,UPL,   636.2500,   654.2500,   636.2500,   652.1500,      74883,       2399,            48483048
VSWS,B,20260525,512093,,Cranes Software Int,     3.4500,     3.4500,     3.2100,     3.2500,     402026,        144,             1318985
VSWS,B,20260525,512097,,Saianand Commercial,     0.2400,     0.2400,     0.2300,     0.2300,     409259,         79,               94166
VSWS,B,20260525,512099,,Eyantra Ventures,   749.3500,   749.3500,   730.0000,   730.0000,          2,          2,                1479
VSWS,B,20260525,512103,,Nidhi Granites,   350.0000,   350.0000,   339.0000,   340.0000,       1025,         23,              355310
VSWS,B,20260525,512115,,Rose Merc,    63.1100,    66.8900,    62.1100,    63.1800,       2771,         21,              174860
VSWS,B,20260525,512131,,Signet Industries,    48.3000,    51.5000,    48.3000,    49.5100,       1191,         37,               59353
VSWS,B,20260525,512149,,Avance Technologies,     0.9700,     0.9800,     0.9600,     0.9700,    5073096,       2349,             4922668
VSWS,B,20260525,512161,,Securekloud Technolo,    21.5000,    22.0000,    20.8400,    20.9200,       5195,         55,              109747
VSWS,B,20260525,512165,,ABans Enterprises,    26.7700,    28.1900,    26.5500,    28.1900,       8840,         44,              245359
VSWS,B,20260525,512169,,Capricorn Systems,    11.3600,    11.3600,    10.8000,    11.1400,     160361,         60,             1812120
VSWS,B,20260525,512175,,Vama Industries,     4.0400,     4.2200,     4.0400,     4.0900,      15205,         64,               63052
VSWS,B,20260525,512179,,Sunteck Realty,   288.2000,   312.3500,   288.2000,   303.3000,      57154,       1039,            17337402
VSWS,B,20260525,512197,,Silver Oak Commerc,     6.1200,     6.3000,     6.1200,     6.2700,       1468,         14,                9101
VSWS,B,20260525,512217,,Prism Medico & Pharm,    30.9100,    31.5000,    28.7900,    29.7700,       8936,         70,              261066
VSWS,B,20260525,512229,,Veritas (India),   164.1000,   164.5000,   162.5000,   164.5000,      10093,         81,             1658711
VSWS,B,20260525,512237,,Jai Corp,   116.5000,   118.0000,   116.4500,   116.8000,      23562,        267,             2758383
VSWS,B,20260525,512247,,Ashirwad Capital,     2.7500,     2.8200,     2.7000,     2.7500,      56094,        244,              153686
VSWS,B,20260525,512257,,Swasti Vinayaka Art,     3.3800,     3.6500,     3.3800,     3.6300,     147975,        137,              533602
VSWS,B,20260525,512267,,Media Matrix,    13.8000,    13.9900,    13.0600,    13.7500,      19109,         41,              256677
VSWS,B,20260525,512277,,Autoriders Intl,   436.0000,   436.0000,   397.5000,   408.0000,        510,         63,              206331
VSWS,B,20260525,512279,,N2N Technologies,    36.2400,    36.2400,    36.2400,    36.2400,        480,          8,               17395
VSWS,B,20260525,512296,,Bhagyanagar India,   272.0000,   286.5000,   265.6000,   279.7500,      24850,        388,             6924816
VSWS,B,20260525,512297,,Shantai Industries,    99.9900,    99.9900,    99.9900,    99.9900,      12442,         69,             1244075
VSWS,B,20260525,512301,,Chambal Breweries,    21.3900,    21.4900,    20.0200,    21.4900,       9677,         46,              207548
VSWS,B,20260525,512329,,SG Mart,   629.8500,   629.8500,   610.5500,   614.2000,       5420,        225,             3350242
VSWS,B,20260525,512344,,Aravali Secu & Fin,     4.1800,     4.3000,     3.9600,     4.0900,        740,         21,                3040
VSWS,B,20260525,512345,,Lexora Global,   210.3000,   210.3000,   209.2500,   210.3000,       1198,         10,              251924
VSWS,B,20260525,512361,,Cupid Breweries & Di,    29.1600,    30.0000,    27.7100,    27.7600,     119189,        600,             3343618
VSWS,B,20260525,512379,,Cressanda Railway So,     2.5200,     2.5700,     2.4200,     2.4400,     696526,        957,             1713299
VSWS,B,20260525,512381,,Starteck Finance,   250.0000,   250.0000,   249.0000,   250.0000,       3470,         17,              865715
VSWS,B,20260525,512393,,Shardul Securities,    26.0000,    31.9900,    26.0000,    28.6000,        687,         13,               19644
VSWS,B,20260525,512399,,Sera Invest & Financ,    52.4500,    52.4500,    48.0000,    48.5700,     127219,        494,             6364306
VSWS,B,20260525,512405,,I Power Solutions,    16.3900,    16.3900,    16.3900,    16.3900,        100,          1,                1639
VSWS,B,20260525,512415,,Mercury Trade Links,     5.5500,     5.8000,     5.5000,     5.7800,      87843,        143,              496374
VSWS,B,20260525,512437,,Apollo Finvest,   338.6500,   347.9500,   331.4500,   337.8000,        573,         45,              193090
VSWS,B,20260525,512441,,Enbee Trade,     0.3900,     0.4000,     0.3900,     0.4000,     907541,        219,              358106
VSWS,B,20260525,512443,,Ganon Products,    14.3000,    14.4000,    13.6700,    14.2300,      12088,         42,              169557
VSWS,B,20260525,512453,,Shri Jagdamba Poly,   604.5500,   613.7000,   600.4000,   607.4500,        662,         50,              401076
VSWS,B,20260525,512455,,Lloyds Metals & Ener,  1745.3500,  1808.7000,  1745.3500,  1800.2500,      47816,       2309,            85838931
VSWS,B,20260525,512463,,Lloyds Enterprises,    68.0000,    72.2000,    68.0000,    71.2700,     353641,       2154,            24923385
VSWS,B,20260525,512477,,Betex India,   442.0000,   461.0000,   410.0000,   442.0000,        286,         14,              124343
VSWS,B,20260525,512479,,Virya Resources,   418.0000,   418.0000,   418.0000,   418.0000,          1,          1,                 418
VSWS,B,20260525,512481,,Polytex India,     5.0200,     5.1000,     4.7700,     4.7800,       2146,         40,               10600
VSWS,B,20260525,512485,,Dhanlaxmi Cotex,   126.3500,   126.3500,   126.3500,   126.3500,         13,          1,                1642
VSWS,B,20260525,512489,,Oasis Securities,    15.1000,    15.1000,    14.4000,    14.4000,         47,          4,                 697
VSWS,B,20260525,512493,,Garnet International,    59.7000,    61.0000,    59.5200,    60.5000,      21191,         29,             1282252
VSWS,B,20260525,512499,,Shalimar Productions,     0.4900,     0.4900,     0.4900,     0.4900,      19776,         96,                9690
VSWS,B,20260525,512519,,Donear Industries,    93.9500,    94.0000,    91.0000,    91.0000,       1660,         58,              151786
VSWS,B,20260525,512527,,Super Sales India,   844.0000,   845.0000,   820.0000,   828.8000,       1162,         23,              969018
VSWS,B,20260525,512529,,Viyash Scientific,   250.7000,   261.9500,   249.1500,   260.6500,     136004,       1465,            34852662
VSWS,B,20260525,512531,,State Trading Corp,   119.6000,   119.6000,   116.0000,   116.3000,        989,         24,              115836
VSWS,B,20260525,512559,,Kohinoor Foods,    25.0000,    25.5000,    24.5100,    24.9300,       6040,        265,              150073
VSWS,B,20260525,512565,,Neelkanth,    45.6500,    45.6500,    45.6500,    45.6500,          9,          3,                 410
VSWS,B,20260525,512573,,Avanti Feeds,  1327.1500,  1372.7500,  1320.2500,  1346.3500,      42796,       2054,            57718594
VSWS,B,20260525,512587,,Zodiac JRD MKJ,    34.8800,    34.8800,    33.3500,    34.2400,       1253,         18,               42903
VSWS,B,20260525,512589,,Sita Enterprises,   165.0000,   170.0000,   157.0000,   167.6000,       1536,         44,              253561
VSWS,B,20260525,512591,,Pulsar International,     0.6100,     0.6600,     0.6000,     0.6000,   36161962,       3368,            22294822
VSWS,B,20260525,512595,,KD Green Industries,    67.0100,    68.9900,    65.5200,    66.8000,      47822,        531,             3195858
VSWS,B,20260525,512599,,Adani Enterprises,  2728.6500,  2858.0000,  2728.6500,  2849.3000,     290535,      17551,           816685681
VSWS,B,20260525,512600,,Astal Laboratories,    74.2200,    77.8900,    70.0000,    71.6900,      25586,        286,             1885464
VSWS,B,20260525,512604,,Haria Exports,     6.8000,     6.8000,     6.8000,     6.8000,        877,          8,                5963
VSWS,B,20260525,512608,,Bhandari Hosiery Exp,     3.1300,     3.3400,     3.1300,     3.2100,      79795,        110,              258945
VSWS,B,20260525,512618,,R L F,     8.8300,     9.7000,     8.8300,     9.1500,       1128,         14,               10869
VSWS,B,20260525,512624,,Regent Enterprises,     6.0800,     6.1000,     5.4000,     5.4700,     214857,        201,             1238416
VSWS,B,20260525,512626,,Orbit Exports,   166.0000,   166.0000,   150.0000,   165.5000,       5789,        103,              905719
VSWS,B,20260525,512634,,Savera Industries,   146.2000,   152.6500,   146.2000,   150.0000,      10369,         96,             1553938
VSWS,B,20260525,513005,,Chrome Silicon,    48.5000,    48.5000,    44.7000,    45.0700,       2503,         50,              113394
VSWS,B,20260525,513023,,Nava,   607.0000,   623.3000,   602.6500,   613.1000,      28432,       1563,            17513095
VSWS,B,20260525,513043,,Remi Edelstahl Tubul,   194.9500,   194.9500,   170.6000,   176.0500,       2085,         51,              371248
VSWS,B,20260525,513059,,GS Auto Inter,    17.7500,    19.3000,    17.7500,    17.9400,      92560,        369,             1705830
VSWS,B,20260525,513063,,Trans-Freight Cont,    25.1300,    25.1300,    21.0500,    23.7300,       2207,         25,               52290
VSWS,B,20260525,513097,,Shivalik Bimetal,   685.0000,   721.0000,   685.0000,   697.0000,      60578,       4248,            42826129
VSWS,B,20260525,513108,,Gandhi Special Tubes,   978.7500,   978.7500,   940.8500,   961.4500,       4157,        262,             3995049
VSWS,B,20260525,513117,,Amforge Ind,     8.4500,     8.4500,     8.0000,     8.2400,        554,         19,                4522
VSWS,B,20260525,513119,,Onix Solar Energy,   739.0500,   739.0500,   739.0500,   739.0500,      10870,         50,             8033473
VSWS,B,20260525,513121,,Oricon Enterprises,    62.5300,    63.4200,    61.9300,    63.4000,       4822,        131,              303022
VSWS,B,20260525,513173,,Steel Strips Infra,    18.7000,    21.4600,    18.7000,    20.5000,       3682,         31,               73997
VSWS,B,20260525,513228,,Pennar Industries,   153.6500,   155.0000,   150.9500,   151.3500,      59101,        539,             9052451
VSWS,B,20260525,513250,,Jyoti Structures,    12.5400,    12.6500,    12.4100,    12.4900,     446290,        546,             5594698
VSWS,B,20260525,513252,,Jay Ushin,   889.0000,   950.0000,   888.2000,   948.1000,        492,         22,              463080
VSWS,B,20260525,513262,,Steel Strips Wheels,   209.1000,   216.3500,   209.1000,   210.9500,      21581,        377,             4594507
VSWS,B,20260525,513269,,Man Industries (I),   586.3500,   586.3500,   552.6000,   557.6000,      39859,        959,            22646256
VSWS,B,20260525,513295,,IMEC Services,   150.1000,   156.9500,   147.5000,   150.5500,       1050,         63,              157872
VSWS,B,20260525,513303,,Modern Steels,    13.2300,    13.9900,    13.2000,    13.8000,       5284,         39,               70624
VSWS,B,20260525,513307,,Belding India,  1427.3000,  1427.3000,  1416.0000,  1427.3000,       2344,         73,             3343578
VSWS,B,20260525,513337,,Gujarat Toolroom,     0.5900,     0.6000,     0.5800,     0.5800,    2932623,       1126,             1717728
VSWS,B,20260525,513343,,Grand Foundry,    11.5200,    11.5200,    11.5200,    11.5200,        700,          4,                8064
VSWS,B,20260525,513349,,Ajmera Realty & Infr,   122.9500,   140.9000,   119.1000,   131.5500,     186919,       2506,            24928511
VSWS,B,20260525,513353,,Cochin Minerals,   270.0000,   280.0000,   270.0000,   273.8000,       4705,         93,             1284888
VSWS,B,20260525,513361,,India Homes,    22.5900,    23.0000,    22.0000,    22.6300,    1465826,        579,            33064058
VSWS,B,20260525,513369,,Krishanveer Forge,   124.8500,   124.8500,   118.2500,   120.7500,       3053,         41,              368484
VSWS,B,20260525,513375,,Carborundum Univer,  1057.4500,  1073.7500,  1053.1500,  1057.7500,       7042,        737,             7491397
VSWS,B,20260525,513377,,M M T C,    64.6100,    65.7200,    64.5900,    64.8000,     104888,       1043,             6819357
VSWS,B,20260525,513397,,Vallabh Steels,    10.2200,    10.2200,    10.2200,    10.2200,          2,          1,                  20
VSWS,B,20260525,513401,,Ashiana Ispat,    17.4200,    19.2400,    17.4200,    19.2400,      22281,         33,              389299
VSWS,B,20260525,513403,,P M Telelinnks,    12.8100,    12.8100,    12.8100,    12.8100,       1238,          5,               15858
VSWS,B,20260525,513418,,Smiths & Founders (I,     4.8800,     4.9000,     4.6500,     4.7000,       6218,         36,               29593
VSWS,B,20260525,513422,,Bloom Industries,    34.7600,    36.6000,    34.7600,    36.5900,        214,          6,                7724
VSWS,B,20260525,513436,,Shah Alloys,    77.3000,    77.3000,    69.9500,    69.9500,        100,          8,                7006
VSWS,B,20260525,513452,,Elango Industries,    13.5900,    13.5900,    13.5900,    13.5900,      11456,         11,              155687
VSWS,B,20260525,513456,,Kanishk Steel,    61.8500,    61.8500,    57.9000,    58.1200,      14283,         61,              849622
VSWS,B,20260525,513460,,Mahalaxmi Seamless,     7.1000,     7.4000,     7.0500,     7.4000,        764,          6,                5513
VSWS,B,20260525,513472,,Simplex Casting,   455.0000,   460.9500,   451.2000,   458.5500,       4956,         86,             2260460
VSWS,B,20260525,513488,,Shree Steel Wire,    20.5000,    21.7300,    20.4000,    21.5000,        114,          8,                2470
VSWS,B,20260525,513496,,Sizemasters Technolo,   372.0000,   398.0000,   372.0000,   397.7500,        442,         26,              171865
VSWS,B,20260525,513498,,Southern Magnesium,    86.9900,    86.9900,    80.4000,    80.5600,       2572,         61,              210002
VSWS,B,20260525,513502,,Baroda Extrusions,     9.0100,     9.2300,     8.7500,     9.0200,     188457,        286,             1687477
VSWS,B,20260525,513509,,Kalyani Forge,   614.0000,   640.0000,   602.3500,   631.5500,        487,        110,              302981
VSWS,B,20260525,513511,,Panchmahal Steels,   323.0000,   329.9500,   315.0000,   315.0500,        497,         32,              159409
VSWS,B,20260525,513513,,Aditya Ispat,     9.9000,    10.4800,     9.9000,    10.4700,        388,         12,                3967
VSWS,B,20260525,513517,,Steelcast,   288.7500,   294.8000,   284.4000,   286.7500,        673,         36,              195812
VSWS,B,20260525,513519,,Pitti Engineering,   956.3500,   956.3500,   929.0500,   934.9000,       1059,        125,              997371
VSWS,B,20260525,513528,,Glittek Granites,    42.3800,    43.9900,    41.5000,    42.7300,      27909,        126,             1187676
VSWS,B,20260525,513532,,Pradeep Metals,   395.0000,   430.0000,   395.0000,   424.6000,       6872,        582,             2882489
VSWS,B,20260525,513536,,Gujarat Natural Reso,    95.8000,    98.3000,    94.6000,    96.5200,       9137,        357,              879227
VSWS,B,20260525,513540,,Tamilnadu Steel Tube,    19.9500,    19.9500,    19.9500,    19.9500,        200,          1,                3990
VSWS,B,20260525,513544,,Mardia Samyoung,    66.3300,    66.3300,    66.3100,    66.3100,        719,         22,               47683
VSWS,B,20260525,513548,,Sharda Ispat,   159.6000,   159.6000,   148.4500,   148.5000,        258,         13,               39106
VSWS,B,20260525,513554,,Mahamaya Steel Ind,   887.9500,   887.9500,   851.0000,   877.4500,        244,         18,              213514
VSWS,B,20260525,513566,,Nova Iron & Steel,    12.3200,    12.5000,    11.8200,    12.4500,       1844,         28,               22369
VSWS,B,20260525,513575,,Sterling Powergensys,    29.5600,    29.9900,    29.5000,    29.9000,       5765,         51,              171190
VSWS,B,20260525,513599,,Hindustan Copper,   555.0000,   555.0000,   542.0000,   545.6000,     486184,      11117,           266321261
VSWS,B,20260525,513642,,Axel Polymers,    44.0000,    44.0000,    44.0000,    44.0000,        174,          2,                7656
VSWS,B,20260525,513683,,NLC India,   349.1000,   352.2500,   339.4000,   341.8000,      97917,       1879,            33812610
VSWS,B,20260525,513687,,Spectra Industries,     4.8200,     4.8200,     4.8200,     4.8200,        215,          4,                1036
VSWS,B,20260525,513693,,KIC Metaliks,    34.1100,    34.1100,    33.1800,    33.4500,        701,         15,               23583
VSWS,B,20260525,513699,,Solid Stone Company,    28.5500,    28.5500,    26.5800,    26.6100,        106,         22,                2832
VSWS,B,20260525,513709,,Shilp Gravures,   169.9500,   170.0000,   158.2000,   162.0000,       6273,         92,             1020103
VSWS,B,20260525,513713,,White Organic Agro,     3.7600,     3.9800,     3.7500,     3.7800,       9976,         67,               38038
VSWS,B,20260525,513729,,Aro Granite Indu,    25.4600,    25.5200,    25.1000,    25.3800,         34,          7,                 862
VSWS,B,20260525,514010,,Rudra Ecovation,    19.0500,    20.1700,    19.0500,    20.0100,      40383,        125,              802073
VSWS,B,20260525,514028,,Rajkamal Synthetics,    35.4000,    39.2000,    35.3500,    39.2000,        404,          8,               14301
VSWS,B,20260525,514030,,Deepak Spinners,   117.7000,   117.7000,   108.4000,   111.0500,      12556,        147,             1394946
VSWS,B,20260525,514043,,Himatsingka Seide,    77.0600,    81.1200,    77.0600,    79.7900,      61188,        583,             4846557
VSWS,B,20260525,514045,,B S L,   111.0000,   134.0000,   111.0000,   125.3000,         86,          6,               10586
VSWS,B,20260525,514060,,Newtrac Foods & Bev,     5.1900,     5.3100,     5.0200,     5.1300,      27665,         74,              143344
VSWS,B,20260525,514087,,PBM Polytex,    59.0000,    59.7000,    56.0100,    59.5500,        813,         12,               47322
VSWS,B,20260525,514113,,Adinath Textiles,    18.4400,    20.3800,    18.4400,    20.3800,       2890,         26,               58167
VSWS,B,20260525,514128,,Konark Synthetics,    44.6200,    44.6200,    42.0000,    42.0000,         36,          3,                1540
VSWS,B,20260525,514138,,Suryalata Spinning,   375.0000,   375.0000,   361.0000,   370.2000,        233,         17,               84571
VSWS,B,20260525,514140,,Suryavanshi Spinning,    15.0000,    15.0000,    15.0000,    15.0000,        623,          5,                9345
VSWS,B,20260525,514142,,T T,     8.0200,     8.0200,     7.4300,     7.4900,       5859,         63,               44361
VSWS,B,20260525,514162,,Welspun Living,   139.6500,   141.7500,   137.8000,   138.3000,     125437,       1452,            17439450
VSWS,B,20260525,514165,,Indian Acrylics,     5.7600,     5.9900,     5.7400,     5.9200,      23817,         81,              138924
VSWS,B,20260525,514167,,Ganesha Ecosphere,   949.9500,   954.7500,   893.5500,   944.5000,      20074,       1628,            18540866
VSWS,B,20260525,514171,,Ceeta Industries,    47.0000,    49.2700,    46.9900,    48.4900,       6220,         63,              297979
VSWS,B,20260525,514175,,Vardhman Polytex,     6.5300,     6.8500,     6.4300,     6.4500,      24012,         75,              158748
VSWS,B,20260525,514183,,Black Rose Indus,   102.0100,   102.8600,   100.5000,   101.1700,       6765,        262,              684540
VSWS,B,20260525,514197,,S & T Corporation,     4.5000,     4.5000,     4.1000,     4.4700,      19294,         90,               82692
VSWS,B,20260525,514211,,Sumeet Industries,    29.1500,    30.2500,    28.9000,    29.8000,      49243,        166,             1453275
VSWS,B,20260525,514221,,K-Lifestyle & Ind,     0.2200,     0.2300,     0.2200,     0.2200,      94428,         92,               20774
VSWS,B,20260525,514223,,Ramgopal Polytex,    18.5000,    18.5000,    18.5000,    18.5000,       1333,         11,               24660
VSWS,B,20260525,514234,,Sangam India,   496.4500,   516.0000,   494.0000,   512.0000,       1823,        156,              925694
VSWS,B,20260525,514238,,MKVentures Capital,   995.0000,   999.0500,   990.2000,   990.4000,        575,         30,              571679
VSWS,B,20260525,514240,,Kush Industries,     7.3800,     7.9200,     6.6700,     7.0100,      28965,         73,              205321
VSWS,B,20260525,514260,,Surbhi Industries,   249.0000,   249.6500,   247.0000,   249.6500,      24882,        206,             6209513
VSWS,B,20260525,514264,,Seasons Textiles,    17.6000,    18.4800,    17.2600,    17.9000,       1586,         17,               27644
VSWS,B,20260525,514266,,Zenith Fibres,    51.6500,    53.5000,    51.0000,    52.0000,        267,          8,               13883
VSWS,B,20260525,514272,,Bhilwara Spinners,   121.9500,   121.9500,   115.0000,   117.0000,      19682,         79,             2281471
VSWS,B,20260525,514274,,Varvee Global,    68.4800,    70.9000,    65.0500,    65.2000,      20470,        254,             1374322
VSWS,B,20260525,514280,,Sanrhea Technical,   134.0000,   134.0000,   127.1000,   133.9500,        244,         12,               31704
VSWS,B,20260525,514286,,Ashima,    16.2800,    17.0000,    15.1500,    15.9200,      20885,         78,              331156
VSWS,B,20260525,514300,,Pioneer Embroideries,    27.2300,    27.2300,    25.9000,    26.8800,       1033,         15,               26788
VSWS,B,20260525,514302,,Vippy Spinpro,   178.0000,   178.0000,   162.0000,   173.3000,       5011,         42,              861957
VSWS,B,20260525,514312,,Jaihind Industries,    40.0000,    42.0000,    40.0000,    40.0000,       3357,         29,              134291
VSWS,B,20260525,514316,,Raghuvir Synthetics,   106.8000,   106.8000,   101.2500,   102.0000,        407,         14,               41389
VSWS,B,20260525,514318,,Jattashankar Industr,   448.0000,   448.0000,   400.0000,   421.0000,         21,          6,                9029
VSWS,B,20260525,514322,,Kamadgiri Fashion,   122.1000,   128.3000,   122.1000,   128.3000,         76,          7,                9511
VSWS,B,20260525,514324,,Omnitex Industries,   745.0000,   745.0000,   709.6000,   740.0000,        183,         19,              134667
VSWS,B,20260525,514326,,Patspin India,     7.3000,     7.3300,     7.1000,     7.1600,       1719,         17,               12324
VSWS,B,20260525,514330,,One Global Service,   470.8000,   478.6500,   448.2500,   451.7000,      17487,        719,             8013766
VSWS,B,20260525,514332,,Neo Infracon,    42.0000,    42.0000,    41.6900,    41.6900,         42,          4,                1751
VSWS,B,20260525,514348,,Winsome Yarns,     1.9900,     1.9900,     1.9900,     1.9900,          1,          1,                   1
VSWS,B,20260525,514354,,Premier Polyfilm,    60.0000,    60.0000,    55.8000,    55.9800,       8244,         64,              472676
VSWS,B,20260525,514358,,Everlon Financials,   112.8500,   112.8500,   106.6000,   109.8000,        199,          9,               21858
VSWS,B,20260525,514360,,K&R Rail Engineering,    26.9300,    28.1200,    26.9300,    27.9500,      53048,        524,             1473327
VSWS,B,20260525,514378,,Yarn Syndicate,    15.0200,    17.5000,    14.6900,    16.4000,       1340,         29,               21606
VSWS,B,20260525,514386,,Gujarat Cotex,     8.3400,     8.3400,     8.3400,     8.3400,      24121,        154,              201169
VSWS,B,20260525,514400,,Garware Synthetics,    20.8600,    20.8600,    20.6500,    20.6600,       4270,         11,               88217
VSWS,B,20260525,514402,,Eco Hotels & Resorts,    13.9400,    14.5300,    13.8500,    13.9600,      20951,         85,              292178
VSWS,B,20260525,514414,,Oxford Industries,    22.6500,    22.6500,    22.6500,    22.6500,       1200,         13,               27180
VSWS,B,20260525,514418,,Mangalam Organics,   571.0000,   571.0000,   556.7500,   560.0000,        107,          7,               60269
VSWS,B,20260525,514428,,Hindustan Adhesives,   319.5000,   319.5000,   304.5500,   315.0000,        155,         16,               48222
VSWS,B,20260525,514440,,Blue Pearl Agriventu,    20.4900,    20.4900,    18.9800,    19.0400,      41127,        359,              798227
VSWS,B,20260525,514442,,Sri KPR Industries,    19.6500,    20.8700,    19.6500,    20.3800,       2467,         71,               49885
VSWS,B,20260525,514448,,Jyoti Resins & Adhes,   863.3500,   944.0000,   863.3500,   913.6000,      24676,       1744,            22302677
VSWS,B,20260525,514450,,Mahalaxmi Rubtech,   177.9500,   178.9500,   177.9500,   178.9500,         18,          6,                3207
VSWS,B,20260525,514454,,Southern Latex,    27.1600,    32.6800,    27.1600,    30.6400,       1890,         54,               55643
VSWS,B,20260525,514460,,Oswal Yarns,    15.0000,    15.0000,    15.0000,    15.0000,        259,          5,                3885
VSWS,B,20260525,514470,,Winsome Textile Ind,    86.1100,    89.4300,    85.5500,    88.4500,       7758,        112,              686767
VSWS,B,20260525,515008,,Modern Insulators,   413.2500,   431.7500,   411.5000,   431.7500,     128403,        879,            54837132
VSWS,B,20260525,515018,,Regency Ceramics,    40.0300,    43.9900,    40.0300,    40.3500,        302,          4,               13275
VSWS,B,20260525,515030,,Asahi India Glass,   858.5000,   866.5000,   850.0500,   853.2000,       1837,        173,             1577675
VSWS,B,20260525,515037,,Murudeshwar Ceramics,    33.8200,    34.4400,    33.5200,    33.5600,       8223,         99,              277125
VSWS,B,20260525,515043,,Saint-Gobain Sekurit,   106.5000,   110.2900,   106.5000,   107.6300,      78785,        502,             8482193
VSWS,B,20260525,515055,,Anant Raj,   515.6000,   515.6000,   506.5000,   507.7000,      59503,       1269,            30326975
VSWS,B,20260525,515059,,Madhusudan Ind,    37.0000,    39.2000,    37.0000,    39.0000,       4795,         16,              185173
VSWS,B,20260525,515085,,Restile Ceramics,     7.6900,     7.7900,     7.1200,     7.4300,      22322,         78,              165158
VSWS,B,20260525,515093,,Madhav Granite,    38.5000,    38.5000,    38.5000,    38.5000,         50,          1,                1925
VSWS,B,20260525,515127,,Ramasigns Industries,     1.0200,     1.0200,     0.9400,     1.0200,       9836,         24,                9933
VSWS,B,20260525,515147,,Haldyn Glass,   113.4000,   120.0000,   111.3500,   113.9500,      36985,        555,             4318238
VSWS,B,20260525,516003,,Duroply Industries,   134.2000,   137.9500,   132.8500,   133.7500,       8829,         41,             1190124
VSWS,B,20260525,516016,,Shreyans Industries,   140.2500,   153.7500,   140.2500,   149.3000,        294,         15,               43870
VSWS,B,20260525,516020,,Agio Paper & Industr,     3.9400,     3.9400,     3.9400,     3.9400,         24,          1,                  94
VSWS,B,20260525,516022,,Star Paper Mills,   141.0000,   144.5000,   139.2500,   142.7000,        223,         13,               31464
VSWS,B,20260525,516030,,PAKKA,    90.0000,    93.1100,    89.2200,    89.4900,       4284,        177,              390424
VSWS,B,20260525,516032,,Tahmar Enterprises,     6.9500,     6.9500,     6.6000,     6.7300,       6055,         37,               40621
VSWS,B,20260525,516038,,KS Smart Technologie,   202.0000,   202.8000,   202.0000,   202.8000,       4010,         58,              812794
VSWS,B,20260525,516062,,National Plywood Ind,     3.0700,     3.0700,     2.9500,     2.9500,       5959,         15,               17788
VSWS,B,20260525,516064,,Arrow Greentech,   474.7500,   475.0000,   432.0500,   457.9000,       8515,        564,             3841055
VSWS,B,20260525,516072,,Vishnu Chemicals,   611.2000,   611.2500,   596.1000,   603.3500,       2702,        205,             1625982
VSWS,B,20260525,516078,,Jumbo Bag,    63.8500,    63.8500,    59.1500,    59.2500,        895,         22,               54816
VSWS,B,20260525,516082,,NR Agarwal Ind,   460.0000,   460.0000,   460.0000,   460.0000,          1,          1,                 460
VSWS,B,20260525,516092,,3P Land Holdings,    31.1600,    31.5700,    30.5300,    31.1000,        375,         20,               11767
VSWS,B,20260525,516096,,Sangal Papers,   155.7000,   155.9000,   155.7000,   155.7000,        302,          5,               47041
VSWS,B,20260525,516098,,Ventura Textiles,     8.5100,     9.3800,     8.5100,     8.8800,       3772,         47,               33339
VSWS,B,20260525,516106,,Shree Karthik Papers,     6.6800,     6.6800,     6.3100,     6.4500,        881,         11,                5709
VSWS,B,20260525,516108,,South India Paper,    94.9000,    94.9000,    90.5100,    94.3800,       3112,         24,              290075
VSWS,B,20260525,516110,,Family Care Hospital,     3.0900,     3.2000,     2.9600,     3.0800,      45620,        149,              140381
VSWS,B,20260525,517015,,Vindhya Telelinks,  1590.3000,  1790.9000,  1590.3000,  1768.9500,      14656,       1921,            25531999
VSWS,B,20260525,517035,,RIR Power Electronic,   177.0000,   194.9000,   176.2500,   181.7500,     371594,       4346,            68982075
VSWS,B,20260525,517041,,Ador Welding,  1070.9000,  1086.6500,  1070.9000,  1084.8000,        795,         59,              856552
VSWS,B,20260525,517059,,Salzer Electronics,   650.0000,   675.0000,   637.0000,   649.3000,      21262,       1125,            13881783
VSWS,B,20260525,517063,,Jetking Infotrain,   101.6000,   105.9000,   101.6000,   105.8000,       1902,         56,              200314
VSWS,B,20260525,517077,,Ind-Agiv Commerce,    44.4500,    44.4500,    44.4500,    44.4500,         50,          1,                2222
VSWS,B,20260525,517096,,Aplab,   115.9000,   116.0000,   108.4500,   111.4700,       2364,         28,              268563
VSWS,B,20260525,517119,,PCS Technology,    18.6000,    19.9800,    18.6000,    19.3900,        986,         31,               19065
VSWS,B,20260525,517146,,Usha Martin,   467.4000,   479.9500,   467.4000,   474.0000,      13380,        589,             6338224
VSWS,B,20260525,517166,,SPEL Semiconductor,   155.0000,   157.0000,   152.4000,   152.8500,      73230,       1165,            11301825
VSWS,B,20260525,517168,,Subros,   728.3500,   745.9500,   728.3500,   733.6500,       3625,        274,             2679609
VSWS,B,20260525,517170,,Edvenswa Enterprises,    32.6500,    32.6500,    31.0000,    32.6500,      67848,         83,             2188630
VSWS,B,20260525,517172,,Pervasive Commoditie,     1.5800,     1.5800,     1.5800,     1.5800,         45,          1,                  71
VSWS,B,20260525,517174,,Honeywell Automation, 35499.9500, 35499.9500, 34000.0000, 34450.3000,       1103,        504,            38123707
VSWS,B,20260525,517201,,Switching Technolo,    86.0500,    92.6300,    86.0500,    88.0100,       1000,         27,               90663
VSWS,B,20260525,517206,,Lumax Industries,  5725.0000,  5796.0000,  5585.0000,  5788.5500,       1203,        299,             6846102
VSWS,B,20260525,517214,,DiGiSPICE Technologi,    19.7200,    19.9400,    19.0000,    19.4400,      16922,         46,              327116
VSWS,B,20260525,517230,,Aurique,     4.8800,     4.8800,     4.8800,     4.8800,          1,          1,                   4
VSWS,B,20260525,517236,,Calcom Vision,    81.0100,    84.2000,    81.0100,    82.5600,       6130,         72,              510494
VSWS,B,20260525,517238,,Dynavision,   195.0000,   195.0000,   192.8500,   192.8500,         21,          3,                4071
VSWS,B,20260525,517246,,BCC Fuba India,   163.0000,   163.0000,   157.0000,   159.5500,       5920,         85,              942675
VSWS,B,20260525,517258,,Precision Electronic,   156.0000,   156.0000,   148.0000,   149.1000,        820,         28,              123748
VSWS,B,20260525,517264,,Fine Line Circuits,    66.2800,    66.6600,    62.3200,    64.0000,       1833,         36,              117764
VSWS,B,20260525,517271,,HBL Engineering,   746.7500,   783.2000,   738.3500,   759.3000,     231262,       7591,           175338563
VSWS,B,20260525,517273,,S&S Power Switchgear,   373.2500,   373.2500,   373.2500,   373.2500,         21,          4,                7838
VSWS,B,20260525,517286,,RNIT AI Solutions,    63.7600,    63.7600,    62.4900,    62.4900,     107898,        159,             6780766
VSWS,B,20260525,517288,,Gujarat Poly Electro,    62.0000,    62.0000,    59.1000,    59.5900,       2738,         56,              166372
VSWS,B,20260525,517300,,Gujarat Ind Power,   152.5500,   159.6000,   152.1000,   156.3000,      27223,        500,             4251494
VSWS,B,20260525,517320,,Magnus Steel & Infra,   156.1500,   156.1500,   156.1500,   156.1500,       6615,        132,             1032932
VSWS,B,20260525,517330,,C M I,     3.3400,     3.3700,     3.3400,     3.3700,       6374,          9,               21289
VSWS,B,20260525,517334,,Samvardhana Motherso,   138.1000,   138.7000,   135.1000,   135.9500,     709259,       5806,            96790191
VSWS,B,20260525,517336,,Modern Malleables,    69.2100,    69.2100,    69.2100,    69.2100,       3300,         12,              228393
VSWS,B,20260525,517344,,Mindteck (India),   203.5000,   210.8000,   200.1000,   205.0500,      13180,        253,             2724266
VSWS,B,20260525,517354,,Havells India,  1214.2500,  1214.4000,  1200.8000,  1204.1000,      12428,       1096,            15012289
VSWS,B,20260525,517356,,ACI Infocom,     1.2900,     1.2900,     1.2100,     1.2400,      30833,        135,               38465
VSWS,B,20260525,517360,,SBEC Systems,    17.9100,    18.8000,    17.0200,    17.1000,       1358,         15,               23717
VSWS,B,20260525,517370,,Incap,    87.9500,    93.8500,    86.0000,    89.9500,       1987,         33,              179058
VSWS,B,20260525,517372,,Gujarat Intrux,   436.2000,   438.0000,   432.5000,   434.7000,        975,         66,              424006
VSWS,B,20260525,517380,,Igarashi Motors Indi,   385.5000,   394.8500,   385.5000,   389.7000,       1804,        135,              704655
VSWS,B,20260525,517385,,Symphony,   715.1500,   729.6500,   715.1500,   721.8500,       5117,        524,             3703226
VSWS,B,20260525,517393,,Reganto Enterprises,     8.7800,     8.7800,     8.1000,     8.5700,      50317,        152,              431022
VSWS,B,20260525,517397,,Pan Electronics,    28.7000,    29.1000,    27.1600,    27.1600,       6629,         65,              180966
VSWS,B,20260525,517399,,VXL Instruments,     3.4000,     3.5600,     3.2300,     3.5600,       2586,         18,                8548
VSWS,B,20260525,517411,,Shyam Telecom,    19.3100,    19.3100,    19.3100,    19.3100,         30,          2,                 579
VSWS,B,20260525,517415,,Lee & Nee Softwares,     7.0200,     7.4200,     7.0100,     7.4200,      18843,         62,              138550
VSWS,B,20260525,517417,,Patels Airtemp,   309.8000,   318.3000,   297.0000,   308.8500,       4305,        112,             1337177
VSWS,B,20260525,517421,,Butterfly Gandhimath,   678.7000,   683.9500,   656.6500,   677.9000,       4352,        298,             2911416
VSWS,B,20260525,517423,,Integra Switchgear,   150.2500,   150.2500,   143.0500,   143.0500,       1410,         12,              211494
VSWS,B,20260525,517429,,Athena Global Techno,    72.7200,    75.0000,    69.0000,    75.0000,       1856,         10,              134550
VSWS,B,20260525,517431,,Narmada Macplast,    21.9000,    21.9000,    20.4000,    20.9000,      51128,        243,             1069346
VSWS,B,20260525,517437,,Dutron Polymers,   112.1000,   116.0000,   112.1000,   116.0000,         38,          3,                4298
VSWS,B,20260525,517447,,RS Software (India),    33.2500,    33.4500,    32.0500,    32.5200,       1993,         31,               65460
VSWS,B,20260525,517449,,Magna Electro Cast,  1204.9500,  1204.9500,  1127.0500,  1184.6500,       1082,         56,             1280481
VSWS,B,20260525,517467,,Marsons,   157.0000,   158.3000,   151.1500,   151.7500,     105406,       1234,            16362793
VSWS,B,20260525,517477,,Elnet Technologies,   341.7500,   347.5000,   338.5500,   340.0000,       2945,         37,             1004838
VSWS,B,20260525,517494,,Accel,    13.5000,    13.9700,    13.5000,    13.8800,       9948,         60,              137465
VSWS,B,20260525,517498,,Websol Energy Sys,   109.5000,   112.9000,   109.0000,   111.2000,     223853,       1824,            24903680
VSWS,B,20260525,517500,,Roto Pumps,    59.3000,    59.3000,    57.0000,    57.5200,      11707,        273,              683082
VSWS,B,20260525,517506,,TTK Prestige,   528.8500,   532.1500,   521.0000,   524.5000,       6422,        454,             3378530
VSWS,B,20260525,517514,,D&H India,   250.6000,   257.3000,   244.0000,   247.8000,       5186,         68,             1293675
VSWS,B,20260525,517522,,Rajratan Global Wire,   428.6000,   428.6000,   414.2000,   423.8500,       2215,        146,              936568
VSWS,B,20260525,517530,,Surana Tele & Power,    17.7000,    18.7500,    17.7000,    18.0300,      17119,         92,              308005
VSWS,B,20260525,517536,,Onward Technologies,   269.4000,   272.2000,   263.8500,   269.4500,       5977,        186,             1607198
VSWS,B,20260525,517544,,Centum Electronics,  3249.9500,  3285.0000,  3170.0000,  3175.9000,      20088,        362,            65330696
VSWS,B,20260525,517546,,Alfa Transformers,    41.7600,    42.0000,    40.5000,    41.6700,       8668,        125,              358937
VSWS,B,20260525,517554,,NHC Foods,     1.1500,     1.1800,     1.1500,     1.1800,    1511916,        289,             1782793
VSWS,B,20260525,517556,,PVP Ventures,    26.3900,    26.9000,    25.8100,    26.0100,      19918,        109,              524174
VSWS,B,20260525,517562,,Trigyn Technologies,    58.5100,    59.9900,    57.6400,    58.9900,       9174,        127,              542249
VSWS,B,20260525,517564,,Clenon Enterprises,    45.1200,    47.4900,    45.1200,    47.4900,        195,          6,                8964
VSWS,B,20260525,517569,,KEI Industries,  5325.0000,  5345.0000,  5266.0000,  5280.2500,       8218,       1629,            43501259
VSWS,B,20260525,518011,,Keerthi Industries,    46.8500,    46.8500,    42.2600,    45.1800,       1452,         33,               63932
VSWS,B,20260525,518053,,Sri Chakra Cement,    52.6000,    52.7500,    50.9900,    52.0600,       2802,         41,              146116
VSWS,B,20260525,518075,,Suraj Products,   214.1500,   224.7000,   213.0000,   223.0000,        606,         37,              133863
VSWS,B,20260525,518091,,Anjani Portland,   119.9500,   119.9500,   119.4000,   119.4000,         58,          2,                6929
VSWS,B,20260525,519003,,Modi Naturals,   453.0000,   520.8000,   444.0000,   459.6000,       5899,        532,             2735987
VSWS,B,20260525,519031,,Shah Foods,   170.1500,   170.1500,   170.1500,   170.1500,         15,          3,                2552
VSWS,B,20260525,519091,,Tasty Bite Eatables,  7643.5000,  7727.0000,  7550.0000,  7623.9500,        122,         50,              935557
VSWS,B,20260525,519097,,Ritesh International,    53.8000,    57.6900,    53.0000,    53.9900,       3804,         76,              206076
VSWS,B,20260525,519105,,AVT Natural Products,    69.3800,    70.1000,    67.4100,    69.1700,       3891,         49,              269862
VSWS,B,20260525,519126,,Hindustan Foods,   523.0000,   539.1500,   516.8500,   537.2500,       2352,        251,             1245487
VSWS,B,20260525,519136,,Nahar Industrial,   111.1000,   114.5000,   111.1000,   112.2000,       3214,         57,              364186
VSWS,B,20260525,519152,,Vadilal Enterprises,  9880.0000,  9990.0000,  9840.0500,  9940.0500,          7,          7,               69450
VSWS,B,20260525,519156,,Vadilal Industries,  4382.1000,  4399.0000,  4340.0000,  4379.8500,        360,         68,             1573069
VSWS,B,20260525,519183,,ADF Foods,   284.4500,   290.0000,   276.2500,   277.8500,      10069,        402,             2844448
VSWS,B,20260525,519191,,Retro Green Revoluti,     1.6200,     1.6200,     1.5000,     1.5700,      48194,         51,               74335
VSWS,B,20260525,519214,,Williamson Financial,     6.5500,     6.8500,     6.5500,     6.8500,        673,          6,                4605
VSWS,B,20260525,519216,,Ajanta Soya,    24.9000,    24.9000,    23.7900,    24.2800,      29512,        196,              719076
VSWS,B,20260525,519224,,Williamson Magor,    28.0000,    28.0000,    28.0000,    28.0000,          1,          1,                  28
VSWS,B,20260525,519230,,Kisaan Parivar Indus,    17.9600,    17.9600,    17.2600,    17.5800,       3547,         24,               62713
VSWS,B,20260525,519234,,Superior Industrial,    33.0000,    33.0000,    33.0000,    33.0000,         50,          3,                1650
VSWS,B,20260525,519238,,Saptarishi Agro Ind,    30.3200,    33.5000,    30.3200,    33.2800,       1164,         14,               38974
VSWS,B,20260525,519242,,Sarda Proteins,    88.7000,    88.7000,    88.7000,    88.7000,         20,          1,                1774
VSWS,B,20260525,519260,,Sanwaria Consumer,     0.4900,     0.4900,     0.4900,     0.4900,      13671,          8,                6698
VSWS,B,20260525,519262,,Prima Agro,    15.2000,    16.1500,    15.2000,    16.1500,        464,         17,                7407
VSWS,B,20260525,519279,,Madhur Industries,     7.6900,     7.6900,     7.3200,     7.3200,       6977,         10,               53646
VSWS,B,20260525,519285,,Tarai Foods,     5.9800,     6.2000,     5.9800,     5.9900,        825,         10,                4939
VSWS,B,20260525,519287,,Modern Dairies,    38.2100,    38.7000,    35.5000,    35.8800,      65699,        376,             2399381
VSWS,B,20260525,519295,,Bambino Agro Ind,   208.5000,   210.9500,   205.0000,   210.2000,        669,         42,              140160
VSWS,B,20260525,519299,,Prime Industries,    41.8000,    46.2000,    41.8000,    45.2000,      12906,         38,              590628
VSWS,B,20260525,519307,,Vikas WSP,     0.9700,     1.0000,     0.9400,     0.9800,      46767,         65,               46093
VSWS,B,20260525,519331,,VSF Projects,    31.0000,    38.0000,    31.0000,    32.1000,      13398,         79,              437360
VSWS,B,20260525,519353,,Novyra Pharmachem,    13.9300,    13.9300,    13.9300,    13.9300,       1600,          4,               22288
VSWS,B,20260525,519359,,Poona Dal & Oil Ind,    65.4000,    67.2900,    65.4000,    66.1000,         40,          4,                2671
VSWS,B,20260525,519367,,Transglobe Foods,   505.0000,   505.0000,   500.0000,   505.0000,         41,          4,               20655
VSWS,B,20260525,519383,,Anik Industries,    42.9600,    45.5500,    42.9600,    45.5500,        612,         11,               27753
VSWS,B,20260525,519397,,Sharat Industries,   157.4500,   158.7500,   154.8500,   158.1500,      81499,        373,            12825383
VSWS,B,20260525,519421,,K S E,   196.0000,   199.4000,   192.9500,   194.9000,      18932,        275,             3697728
VSWS,B,20260525,519439,,Pioneer Agro Extract,    27.6400,    27.6400,    26.5000,    26.5000,        100,          2,                2752
VSWS,B,20260525,519457,,Virat Crane Ind,    35.0800,    35.1100,    34.0000,    34.8900,       6386,         76,              222555
VSWS,B,20260525,519463,,IB Infotech Enter,   649.0000,   649.4000,   649.0000,   649.4000,       2059,        120,             1336881
VSWS,B,20260525,519471,,Ambar Protein Indust,   179.0000,   183.1000,   179.0000,   183.1000,         15,          4,                2697
VSWS,B,20260525,519475,,Chordia Food Product,    71.0000,    71.8700,    69.0000,    69.0700,         61,          6,                4214
VSWS,B,20260525,519477,,CIAN Agro Ind & Infr,  1570.0000,  1597.3500,  1551.7500,  1597.3500,     141240,       2679,           223169189
VSWS,B,20260525,519479,,Omega Ag Seeds,     9.5000,     9.9700,     9.5000,     9.9700,        756,          4,                7431
VSWS,B,20260525,519500,,BKV Industries,     9.6300,     9.9000,     9.5000,     9.7600,       1074,         18,               10343
VSWS,B,20260525,519506,,NCC Blue Water Prod,    23.7500,    23.7500,    22.5700,    22.5700,       1700,          6,               38959
VSWS,B,20260525,519528,,Norben Tea & Exports,    85.0000,    85.9000,    83.8500,    83.8500,        336,         61,               28661
VSWS,B,20260525,519532,,Asian Tea & Exports,    10.4500,    10.4500,     9.8000,    10.2900,       9959,         67,              102295
VSWS,B,20260525,519552,,Heritage Foods,   333.0000,   333.0000,   329.1000,   331.8500,     412536,        532,           136555465
VSWS,B,20260525,519566,,Simran Farms,   175.6000,   178.0000,   166.0500,   175.3000,       6817,         59,             1177993
VSWS,B,20260525,519574,,Hindustan Agrigen,    46.5700,    47.5000,    44.0000,    44.2700,        529,         24,               23711
VSWS,B,20260525,519600,,CCL Products India,  1071.9500,  1082.2000,  1053.0500,  1058.6000,       8527,        534,             9087047
VSWS,B,20260525,519602,,Kellton Tech Solu,    15.6500,    16.1000,    15.3500,    15.8700,     188415,        971,             2971171
VSWS,B,20260525,519604,,Suryo Foods & Ind,    20.4700,    20.4700,    19.0700,    19.0900,       2216,         13,               44039
VSWS,B,20260525,519606,,Integrated Proteins,   134.0000,   135.0000,   134.0000,   134.0000,       2872,         31,              385154
VSWS,B,20260525,519612,,Lake Shore Realty,    64.1500,    67.5000,    63.5600,    63.5600,      10483,         52,              667523
VSWS,B,20260525,520008,,RICO Auto Industries,   119.6000,   122.8000,   119.2000,   119.7500,      50356,        603,             6090907
VSWS,B,20260525,520021,,Omax Autos,   230.0500,   230.0500,   230.0500,   230.0500,      19646,        116,             4519562
VSWS,B,20260525,520043,,Munjal Showa,   138.5500,   140.0000,   135.5000,   139.6500,       3817,        506,              524920
VSWS,B,20260525,520051,,Jamna Auto Ind,   116.4500,   118.8000,   115.7000,   117.5500,      51665,        534,             6063435
VSWS,B,20260525,520056,,TVS Holdings, 13490.2500, 13690.9500, 13490.2500, 13580.9000,         94,         44,             1281232
VSWS,B,20260525,520057,,JTEKT India,   129.4500,   130.9500,   126.8000,   127.5000,       6173,        168,              791164
VSWS,B,20260525,520059,,Munjal Auto Ind,    91.6600,    93.7500,    91.3800,    93.4500,      24987,        341,             2311429
VSWS,B,20260525,520066,,Jay Bharat Maruti,   120.0000,   123.9500,   117.3500,   120.8700,     109184,       1506,            13171714
VSWS,B,20260525,520073,,RACL Geartech,  1426.1500,  1469.9000,  1396.0000,  1423.4000,       3481,        282,             4981583
VSWS,B,20260525,520075,,Samkrg Pistons,   114.8500,   114.9500,   112.5000,   112.8000,       1291,         25,              147144
VSWS,B,20260525,520086,,Sical Logistics,    66.7400,    66.7400,    64.0100,    64.5000,       2315,         21,              153066
VSWS,B,20260525,520111,,Ratnamani Metals,  2563.1000,  2610.5500,  2530.8500,  2534.3000,        840,        187,             2164329
VSWS,B,20260525,520113,,Vesuvius India,   470.0000,   474.8000,   464.4000,   466.5000,       2011,        152,              945149
VSWS,B,20260525,520119,,Automotive Stampings,   496.8500,   517.0500,   496.8500,   511.6000,       1544,        136,              784496
VSWS,B,20260525,520121,,Arcee Industries,    14.5500,    14.5500,    13.8800,    13.8800,        131,          3,                1838
VSWS,B,20260525,520123,,ABC India,    65.2500,    65.2500,    62.9200,    63.0500,       1937,         26,              122423
VSWS,B,20260525,520127,,Balurghat Techno,    13.6100,    14.2500,    13.0600,    13.0600,      25276,         43,              330276
VSWS,B,20260525,520141,,Sibar Auto Parts,     7.2500,     7.9800,     7.2500,     7.6600,       1406,         18,               10644
VSWS,B,20260525,520151,,Transworld Shipping,   161.7500,   167.8500,   160.0000,   161.4500,       1064,         52,              172798
VSWS,B,20260525,520155,,Starlog Enterprises,    39.5500,    40.0000,    39.1300,    39.9900,       1439,         11,               56864
VSWS,B,20260525,521005,,Titan Intech,     0.9600,     0.9700,     0.9000,     0.9300,    9219231,       1652,             8633358
VSWS,B,20260525,521014,,Eurotex Industries,    15.8500,    16.6100,    15.2800,    15.3800,       2403,          9,               37986
VSWS,B,20260525,521016,,Indo Count Ind,   302.2000,   312.7500,   302.2000,   311.3000,      15058,        507,             4630752
VSWS,B,20260525,521018,,Maral Overseas,    59.0000,    59.0000,    59.0000,    59.0000,       1040,         10,               61360
VSWS,B,20260525,521034,,Soma Textiles,   102.1000,   104.8500,   101.8000,   102.8000,       1077,         53,              110219
VSWS,B,20260525,521036,,Source Industries (I,    14.1000,    14.1000,    14.1000,    14.1000,         89,          1,                1254
VSWS,B,20260525,521054,,Kakatiya Textiles,     9.4000,     9.4000,     9.4000,     9.4000,        231,          2,                2171
VSWS,B,20260525,521062,,Perfect-Octave Media,     4.1400,     4.1900,     4.0800,     4.1600,      28591,         20,              117352
VSWS,B,20260525,521064,,Trident,    24.3600,    24.8700,    24.3600,    24.6300,     696454,       2013,            17152167
VSWS,B,20260525,521070,,Alok Industries,    12.4700,    12.8400,    12.3500,    12.6400,     450395,       1361,             5658430
VSWS,B,20260525,521080,,Pasari Spinning Mill,     7.0600,     7.7100,     6.2500,     7.0100,       8985,         24,               62918
VSWS,B,20260525,521097,,Amarjothi Spinning,   162.9500,   162.9500,   159.8000,   162.4000,       1659,         39,              268337
VSWS,B,20260525,521105,,Olympia Industries,    29.4900,    33.0000,    29.0000,    30.5000,       2948,         31,               88654
VSWS,B,20260525,521109,,Nagreeka Exports,    26.8000,    27.9800,    26.2000,    26.9100,       1461,         26,               39264
VSWS,B,20260525,521113,,Suditi Industries,    93.7500,    95.0000,    91.1000,    93.3000,      21117,        123,             1953535
VSWS,B,20260525,521131,,Shree Bhavya Fabrics,    23.5500,    23.8000,    22.5100,    23.4000,       2042,         26,               47699
VSWS,B,20260525,521137,,Eureka Industries,     7.9300,     7.9300,     7.9300,     7.9300,     860548,        104,             6824145
VSWS,B,20260525,521141,,Aditya Spinners,    15.9200,    15.9800,    15.1500,    15.8900,       3491,         36,               55321
VSWS,B,20260525,521149,,Prime Urban Develop,     8.2000,     8.2000,     7.9000,     8.1800,       1836,         13,               14793
VSWS,B,20260525,521161,,Sri Lakshmi Saraswat,    23.0000,    23.0000,    23.0000,    23.0000,         14,          2,                 322
VSWS,B,20260525,521163,,Zodiac Clothing Co,    77.0000,    78.6800,    75.8300,    75.8300,         71,          6,                5499
VSWS,B,20260525,521167,,Maxgrow India,    50.1800,    52.8200,    50.1800,    50.4000,      17863,        123,              897809
VSWS,B,20260525,521178,,Sri Ramkrishna Mills,    43.0500,    43.0500,    41.3300,    42.9900,        872,         16,               36395
VSWS,B,20260525,521180,,Super Spinning Mills,     5.2500,     5.6500,     5.0000,     5.0700,      20227,         36,              105054
VSWS,B,20260525,521188,,United Textiles,    16.5000,    17.3200,    15.6800,    17.3200,       2452,         11,               42054
VSWS,B,20260525,521194,,SIL Investments,   435.0000,   435.0000,   390.4000,   428.0000,        414,         83,              173190
VSWS,B,20260525,521200,,Suryalakshmi Cotton,    58.2500,    61.6500,    58.2500,    59.8900,        772,         11,               46882
VSWS,B,20260525,521206,,Samtex Fashions,     1.4100,     1.4600,     1.4100,     1.4600,       3426,         34,                4931
VSWS,B,20260525,521210,,Cityman,    15.5000,    15.5000,    14.6000,    14.6000,          6,          3,                  90
VSWS,B,20260525,521216,,Dhanlaxmi Roto Spin,    82.0000,    82.0000,    78.0500,    78.2900,        747,         41,               58775
VSWS,B,20260525,521220,,Damodar Industries,    31.5000,    31.5000,    29.5000,    30.4500,        771,         21,               23700
VSWS,B,20260525,521222,,Sanblue Corporation,    36.1000,    36.1500,    36.1000,    36.1500,         23,          3,                 830
VSWS,B,20260525,521226,,Uniroyal Industries,    19.5000,    20.0000,    18.0000,    20.0000,       1094,         24,               21013
VSWS,B,20260525,521228,,Tatia Global Venture,     2.4700,     2.4700,     2.4200,     2.4300,      32402,        175,               79318
VSWS,B,20260525,521234,,Sri Nachammai Cotton,    31.9900,    31.9900,    28.2600,    28.2600,        207,          7,                6421
VSWS,B,20260525,521238,,Bharat Global Develo,   111.9000,   117.5500,   111.9000,   113.8000,      10391,        290,             1183425
VSWS,B,20260525,521240,,Sambandam Spinning,   111.6000,   115.0000,   110.1000,   114.9500,       6869,         23,              783554
VSWS,B,20260525,521242,,Kandagiri Spinning,    40.1000,    40.1000,    40.1000,    40.1000,        558,          3,               22375
VSWS,B,20260525,521244,,MKP Mobility,   121.5500,   121.5500,   121.5500,   121.5500,          1,          1,                 121
VSWS,B,20260525,521246,,Paras Petrofils,     2.1300,     2.1800,     2.0500,     2.1300,      12036,         71,               25223
VSWS,B,20260525,521248,,Kitex Garments,   159.7000,   168.4000,   159.7000,   162.8500,      81077,        964,            13337347
VSWS,B,20260525,522001,,Cranex,    80.0000,    85.7900,    77.0000,    79.6000,       2276,         51,              179883
VSWS,B,20260525,522004,,Batliboi,    80.1500,    80.4000,    78.2100,    79.4100,       1672,         44,              131711
VSWS,B,20260525,522005,,Austin Engg,   134.3000,   134.3000,   126.4500,   130.2500,        684,         22,               88791
VSWS,B,20260525,522014,,United Drilling Tool,   232.9500,   239.0000,   226.7000,   230.6000,       1849,        128,              425807
VSWS,B,20260525,522017,,Fluidomat,   722.0000,   732.9500,   705.0000,   709.6000,       2332,        155,             1658695
VSWS,B,20260525,522027,,EMA India,   747.0000,   747.0000,   747.0000,   747.0000,        452,         15,              337644
VSWS,B,20260525,522029,,Windsor Machines,   294.5000,   295.7500,   285.6000,   290.4000,        586,         42,              170740
VSWS,B,20260525,522034,,Shanthi Gears,   443.0000,   443.0000,   440.0000,   442.5000,        257,         57,              113551
VSWS,B,20260525,522036,,Miven Machine Tools,    99.9900,    99.9900,    94.5700,    96.5000,         17,         10,                1672
VSWS,B,20260525,522064,,Honda India Power,  2241.0000,  2254.3500,  2221.5500,  2234.6000,        130,         30,              291184
VSWS,B,20260525,522074,,Elgi Equipments,   564.7000,   572.9500,   560.9000,   567.9500,      27385,       1040,            15544112
VSWS,B,20260525,522091,,United Van Der Horst,    35.2500,    35.2500,    34.8000,    35.0000,       2995,         28,              105259
VSWS,B,20260525,522101,,Kilburn Engineering,   485.0000,   487.0000,   475.0000,   477.2500,      10732,        865,             5140274
VSWS,B,20260525,522105,,Birla Precision Tech,    44.4200,    47.8000,    41.9600,    46.8900,     236616,       1148,            10557223
VSWS,B,20260525,522108,,Yuken India,   668.2500,   680.1000,   660.0500,   675.1000,        723,        238,              483722
VSWS,B,20260525,522113,,Timken India,  3767.4500,  3775.0000,  3610.0000,  3618.9000,       4361,        906,            16028295
VSWS,B,20260525,522122,,Voith Paper Fabrics,  1548.7000,  1594.2500,  1526.2000,  1529.7000,        456,         64,              704464
VSWS,B,20260525,522134,,Artson,   160.0000,   172.8000,   158.0000,   168.3000,       6304,        145,             1051946
VSWS,B,20260525,522152,,Solitaire Machine,   101.0000,   103.9800,   101.0000,   103.0200,       1350,         64,              138382
VSWS,B,20260525,522163,,Diamond Power Infra,   196.9500,   198.8500,   193.7500,   196.5500,     146227,       1456,            28716321
VSWS,B,20260525,522165,,Indsil Hydro Power &,    42.4900,    43.4500,    42.1900,    42.7500,      26581,         89,             1138792
VSWS,B,20260525,522183,,ITL Industries,   329.0000,   329.0000,   316.0000,   318.2000,        757,         46,              241619
VSWS,B,20260525,522195,,Frontier Springs,  1590.7500,  1692.9000,  1590.7500,  1626.1500,       5767,        677,             9429275
VSWS,B,20260525,522205,,Praj Industries,   394.4500,   395.9500,   384.1500,   393.5500,      84221,       2719,            32963447
VSWS,B,20260525,522207,,Rasandik Engg,    67.1000,    68.9800,    66.9000,    67.1000,       3192,         38,              215726
VSWS,B,20260525,522209,,Yogi Infra Projects,     8.8000,     8.8100,     8.4800,     8.4800,      22662,         18,              199421
VSWS,B,20260525,522215,,HLE Glascoat,   327.8000,   336.5500,   325.6500,   329.6500,       5142,        231,             1708284
VSWS,B,20260525,522217,,Gujarat Apollo Ind,   384.0000,   405.9000,   384.0000,   395.3000,       2953,        190,             1172679
VSWS,B,20260525,522229,,Taneja Aerospace,   283.1000,   298.5000,   283.1000,   291.8500,      24377,        597,             7107732
VSWS,B,20260525,522231,,Conart Engineers,   116.7500,   118.0000,   101.3000,   107.8000,      24287,        324,             2661913
VSWS,B,20260525,522235,,Minal Industries,     2.3400,     2.4700,     2.3100,     2.3700,      11758,         68,               28005
VSWS,B,20260525,522237,,Shivagrico Implement,    24.4900,    24.5800,    24.0000,    24.5800,       1792,         10,               43396
VSWS,B,20260525,522241,,M M Forgings,   454.8500,   464.8000,   454.8500,   464.1000,       2209,        361,             1017425
VSWS,B,20260525,522245,,Iykot Hitech Tool,    19.1600,    19.1600,    19.1600,    19.1600,        164,          3,                3142
VSWS,B,20260525,522249,,Mayur Uniquoters,   735.6500,   765.0000,   704.6000,   748.0000,      52742,       2021,            38915019
VSWS,B,20260525,522251,,Cenlub Industries,   189.8000,   189.8000,   185.0000,   187.2000,       5516,        127,             1030037
VSWS,B,20260525,522257,,Rajoo Engineers,    54.0000,    58.3000,    54.0000,    57.7400,      65338,        468,             3723619
VSWS,B,20260525,522261,,Dolphin Offshore Ent,   406.9500,   412.2500,   406.4000,   408.1500,        529,         82,              216879
VSWS,B,20260525,522267,,Veejay Lakshmi Engg,    36.0000,    37.5000,    36.0000,    37.5000,        252,          9,                9197
VSWS,B,20260525,522273,,Ahmedabad Steelcraft,   164.8000,   170.8000,   154.8000,   168.9500,       4478,         33,              719833
VSWS,B,20260525,522275,,GE Vernova T&D India,  4890.6500,  4954.3500,  4732.4000,  4776.1000,      40072,       5193,           193406641
VSWS,B,20260525,522281,,Ram Ratna Wires,   438.8000,   475.0000,   438.7500,   470.4000,      33962,       1017,            15825126
VSWS,B,20260525,522285,,Jayaswals Neco Ind,   104.3500,   105.5000,   103.3000,   104.5000,     158184,       1563,            16524264
VSWS,B,20260525,522287,,Kalpataru Projects I,  1264.8000,  1281.3500,  1264.3000,  1273.3000,      27180,        756,            34610068
VSWS,B,20260525,522289,,NMS Global,    64.3600,    78.6600,    64.3600,    78.6600,      64342,        147,             4361565
VSWS,B,20260525,522292,,Candour Techtex,    82.7500,    95.9500,    82.7500,    93.0500,      67589,        458,             6027087
VSWS,B,20260525,522294,,T & I Global,   164.0500,   177.8500,   163.0000,   166.1000,       2802,         52,              464405
VSWS,B,20260525,522295,,Control Print,   629.9500,   649.3500,   619.1500,   621.6500,       1125,        106,              711000
VSWS,B,20260525,522650,,Bemco Hydraulics,    90.0100,    93.0000,    88.0000,    89.5400,      17602,        153,             1582656
VSWS,B,20260525,523007,,Ansal Buildwell,    90.0200,    92.0000,    89.1200,    91.2800,       5261,         55,              476427
VSWS,B,20260525,523011,,Weizmann,    84.2900,    84.2900,    84.2900,    84.2900,         10,          1,                 842
VSWS,B,20260525,523019,,BN Rathi Securities,    17.0300,    17.7000,    17.0300,    17.4700,      38201,        135,              668951
VSWS,B,20260525,523021,,Rishi Techtex,    38.5000,    41.0100,    38.5000,    39.1700,       1299,         13,               53032
VSWS,B,20260525,523023,,Sinclairs Hotels,    74.7600,    77.6400,    74.1800,    75.0500,      11062,        171,              838652
VSWS,B,20260525,523025,,Safari Industries,  1534.0000,  1544.8500,  1499.0000,  1514.2000,       4103,        587,             6201228
VSWS,B,20260525,523054,,Binayak Tex Proc,  2040.0000,  2040.0000,  2040.0000,  2040.0000,          2,          1,                4080
VSWS,B,20260525,523062,,JJ Finance Corpn,    44.0200,    44.0200,    43.0300,    43.0300,        589,          7,               25875
VSWS,B,20260525,523100,,Cosmo Ferrites,   161.9000,   163.3500,   159.6000,   163.3500,      10143,         79,             1649019
VSWS,B,20260525,523105,,Cropster Agro,     6.0500,     6.0600,     5.6900,     5.8000,     286130,        449,             1657041
VSWS,B,20260525,523113,,Futuristic Secu,    33.8300,    33.8300,    33.8300,    33.8300,          5,          1,                 169
VSWS,B,20260525,523120,,Thrive Future Habita,   106.0000,   108.5000,   104.0000,   105.1000,       6424,         40,              683379
VSWS,B,20260525,523127,,EIH Associated Hotel,   320.2500,   327.5000,   316.9500,   321.0000,       1415,        106,              453106
VSWS,B,20260525,523144,,Medi Caps,    26.7100,    26.9900,    26.0600,    26.3600,       2155,         47,               56645
VSWS,B,20260525,523160,,Foseco Crucible (I),  1240.0000,  1240.0000,  1201.0000,  1233.7000,       2087,        106,             2566910
VSWS,B,20260525,523186,,B&A Packaging India,   180.9000,   188.0000,   178.0000,   178.0000,        109,         11,               19759
VSWS,B,20260525,523204,,Aban Offshore,    16.9300,    17.0000,    16.9100,    16.9100,      21794,        104,              368688
VSWS,B,20260525,523207,,Kokuyo Camlin,    87.0700,    87.8000,    86.5000,    87.5000,       1940,        270,              169787
VSWS,B,20260525,523222,,SRM Energy,    17.7600,    17.7600,    17.7600,    17.7600,      14036,         27,              249279
VSWS,B,20260525,523229,,Bharat Seats,   188.7500,   191.2500,   187.5000,   188.8000,      15448,        344,             2920900
VSWS,B,20260525,523232,,Continental Petro,   101.8800,   101.8800,   100.0000,   101.3000,        304,          7,               30666
VSWS,B,20260525,523242,,NB Footwear,     8.4100,     9.2800,     8.4100,     8.5200,       8500,         21,               74258
VSWS,B,20260525,523248,,Machino Plastics,   269.0000,   281.4500,   255.0000,   267.3500,       1272,         67,              339768
VSWS,B,20260525,523260,,Pearl Polymers,    19.0000,    19.4800,    19.0000,    19.2400,          2,          2,                  38
VSWS,B,20260525,523261,,Venky's (India),  1507.4500,  1516.9500,  1497.1000,  1505.7500,       4206,        265,             6328636
VSWS,B,20260525,523269,,Advani Hotels,    53.1000,    54.6700,    53.1000,    53.3000,       3862,         93,              207004
VSWS,B,20260525,523277,,GV Films,     0.2800,     0.3000,     0.2800,     0.2900,    2556043,        556,              725755
VSWS,B,20260525,523283,,Superhouse,   153.4500,   154.0000,   153.4500,   154.0000,         30,          8,                4608
VSWS,B,20260525,523289,,Rama Vision,   153.0000,   164.8000,   153.0000,   162.7000,       3266,         82,              529076
VSWS,B,20260525,523301,,TCPL Packaging,  2610.0500,  2610.0500,  2581.0000,  2584.0500,         10,          9,               25930
VSWS,B,20260525,523309,,Shri Gang Ind & Alli,    73.0000,    74.5500,    73.0000,    74.0000,       1550,         34,              114805
VSWS,B,20260525,523319,,Balmer Lawrie & Co,   180.5000,   188.7000,   180.5000,   183.4500,      20192,        441,             3751219
VSWS,B,20260525,523323,,Kovai Medical,  5455.9500,  5456.0000,  5330.0000,  5345.4000,        527,        150,             2835099
VSWS,B,20260525,523329,,Eldeco Housing,   848.0000,   848.0000,   803.3500,   803.3500,         30,         18,               24993
VSWS,B,20260525,523351,,Standard Shoe Sole,    18.6200,    18.6200,    18.6200,    18.6200,        300,          2,                5586
VSWS,B,20260525,523367,,DCM Shriram,  1112.5500,  1116.0000,  1086.5000,  1090.3000,       7077,        713,             7783449
VSWS,B,20260525,523369,,DCM Shriram Ind,    42.2400,    42.2400,    39.4100,    39.5500,       4224,         98,              169490
VSWS,B,20260525,523371,,Mawana Sugars,   102.1000,   107.0000,    97.7000,    98.2000,       5234,         54,              532533
VSWS,B,20260525,523373,,Mini Diamonds,    15.1400,    15.1500,    15.0000,    15.0200,     187141,        276,             2815415
VSWS,B,20260525,523384,,Maha Rashtra Apex,    49.4700,    51.7200,    49.4700,    51.3200,       2457,         95,              124515
VSWS,B,20260525,523385,,Nilkamal,  1255.4000,  1300.3500,  1221.6000,  1287.7500,        502,        110,              637954
VSWS,B,20260525,523387,,Homre,     2.8900,     2.8900,     2.8900,     2.8900,      86994,         64,              251412
VSWS,B,20260525,523391,,Nahar Poly Films,   254.8000,   258.4000,   250.1000,   253.4500,        439,         24,              110382
VSWS,B,20260525,523395,,3M India, 34449.3000, 34449.3000, 33180.2500, 33643.0500,       1030,        454,            34785224
VSWS,B,20260525,523398,,Bosch Home Comfort I,  1383.1500,  1383.1500,  1360.0000,  1370.8500,        245,         46,              336083
VSWS,B,20260525,523405,,J M Financial,   131.4000,   133.0000,   129.6500,   132.6000,      52754,       1050,             6938618
VSWS,B,20260525,523411,,ADC India Communicat,  2340.0000,  2429.4000,  2315.0000,  2429.4000,       2719,        212,             6572899
VSWS,B,20260525,523419,,Tamilnadu Telecomm,     8.7100,    10.1000,     8.7100,     9.2400,       1869,         28,               17773
VSWS,B,20260525,523445,,Reliance Indl Infra,   753.9500,   767.6000,   753.9000,   758.5000,       5805,        303,             4426401
VSWS,B,20260525,523449,,Sharp India,   105.5800,   105.5800,   105.5800,   105.5800,       8803,         28,              929420
VSWS,B,20260525,523457,,Linde India,  7340.0000,  7351.0000,  7245.0000,  7258.2500,        679,        178,             4953526
VSWS,B,20260525,523465,,Ind Bank Housing,    48.1100,    48.1100,    48.0000,    48.0000,        616,          8,               29584
VSWS,B,20260525,523467,,Jai Mata Glass,     1.7400,     1.7800,     1.6700,     1.7100,     147973,        141,              255047
VSWS,B,20260525,523475,,Lotus Chocolate,   678.0000,   695.0000,   670.0000,   671.2500,      11674,        529,             7905309
VSWS,B,20260525,523483,,Pacific Industries,   149.0000,   149.0000,   136.0000,   141.0000,        343,         16,               48160
VSWS,B,20260525,523489,,Chennai Meenakshi,    39.8000,    41.7000,    37.2500,    41.2200,       1441,         23,               57767
VSWS,B,20260525,523537,,APM Industries,    42.6500,    45.0000,    42.2600,    44.5800,      16791,         60,              740812
VSWS,B,20260525,523539,,Precision Wires (I),   444.4500,   467.1000,   434.5500,   442.0000,     321085,       8823,           143922693
VSWS,B,20260525,523550,,Krypton Industries,    37.0000,    37.3500,    34.0000,    34.9100,       8321,         45,              293747
VSWS,B,20260525,523558,,Swiss Military Consu,    18.3800,    18.3800,    17.6500,    17.6800,     160442,        394,             2865826
VSWS,B,20260525,523566,,Martin Burn,    48.9900,    48.9900,    44.0100,    44.1100,        900,         15,               39746
VSWS,B,20260525,523574,,Future Enterprises,     0.4900,     0.4900,     0.4900,     0.4900,       7005,         16,                3432
VSWS,B,20260525,523586,,Indian Toners,   250.9500,   253.0000,   246.0500,   248.6500,       1629,         93,              407047
VSWS,B,20260525,523594,,Kunststoffe Indus,    27.0000,    27.0000,    23.0000,    23.7100,       5393,        104,              128416
VSWS,B,20260525,523598,,Shipping Corporation,   318.1500,   321.7000,   300.7500,   302.8000,     970911,      14979,           299852304
VSWS,B,20260525,523606,,Sika Interplant Sys,   913.7000,   939.0000,   913.7000,   934.5500,       8606,        710,             8003376
VSWS,B,20260525,523610,,I T I,   290.3000,   295.6000,   290.0000,   290.7500,      36727,        993,            10752210
VSWS,B,20260525,523618,,Dredging Corp,  1063.0500,  1100.0000,  1020.0500,  1073.4500,      18779,       1642,            19981114
VSWS,B,20260525,523620,,Phaarmasia,    80.5000,    80.8400,    80.5000,    80.8400,        162,          3,               13062
VSWS,B,20260525,523630,,National Fertiliser,    77.7900,    77.7900,    76.5900,    77.5300,      54651,        879,             4224311
VSWS,B,20260525,523638,,IP Rings,   125.0500,   125.0500,   120.0000,   123.5000,       1615,         35,              197867
VSWS,B,20260525,523642,,PI Industries,  2785.8500,  2856.2000,  2785.8500,  2848.1000,      82341,       3091,           232870714
VSWS,B,20260525,523648,,Plastiblends India,   175.0500,   177.9000,   173.7000,   176.7000,       8971,        222,             1579494
VSWS,B,20260525,523650,,Yash Innoventures,    47.0000,    48.7400,    45.4100,    46.0700,     226060,         41,            10514279
VSWS,B,20260525,523660,,Waterbase,    47.9100,    49.0000,    47.1500,    47.5500,      15721,         92,              750359
VSWS,B,20260525,523672,,Flex Foods,    43.3900,    43.3900,    40.0000,    40.3300,       4280,         64,              176152
VSWS,B,20260525,523676,,Golkunda Diamonds,   248.3000,   254.7500,   248.3000,   250.0000,       1701,         34,              425271
VSWS,B,20260525,523694,,Apcotex Industries,   495.5500,   530.4500,   485.4000,   494.3500,      13201,        514,             6700952
VSWS,B,20260525,523696,,Fortis Malar Hospita,    55.4000,    55.4000,    53.0700,    54.7300,       8588,        181,              465851
VSWS,B,20260525,523704,,Mastek,  1657.9000,  1673.7500,  1633.9000,  1671.0000,       2292,        346,             3804206
VSWS,B,20260525,523708,,Eimco Elecon,  1618.0500,  1637.5500,  1589.0500,  1601.5000,        591,         75,              953711
VSWS,B,20260525,523712,,JMG Corporation,     6.1400,     6.1400,     5.6100,     6.1100,      22451,         28,              132350
VSWS,B,20260525,523716,,Ashiana Housing,   378.8000,   381.5500,   372.6500,   378.4500,       8943,        378,             3381114
VSWS,B,20260525,523722,,Svam Software,     6.2900,     6.2900,     6.2900,     6.2900,       1698,         14,               10680
VSWS,B,20260525,523732,,Ecoboard Industries,    63.0000,    63.0000,    58.0000,    60.0600,      18716,         54,             1124032
VSWS,B,20260525,523736,,Dhunseri Ventures,   249.7000,   250.2500,   246.0000,   246.4500,       1053,        105,              261794
VSWS,B,20260525,523752,,Trans India House Im,     4.4900,     4.6100,     4.3100,     4.4000,      50426,        142,              223547
VSWS,B,20260525,523754,,Mahindra EPC Irrigat,   114.1000,   119.7500,   114.1000,   119.2000,      25400,         71,             3027576
VSWS,B,20260525,523782,,Mitshi India,    16.8800,    16.8800,    15.5000,    16.7200,        234,         12,                3794
VSWS,B,20260525,523790,,Shukra Jewellery,     8.0600,     8.8200,     8.0600,     8.8200,        400,          2,                3452
VSWS,B,20260525,523792,,Mazda,   194.5000,   216.8000,   194.5000,   211.8500,       4438,        218,              939296
VSWS,B,20260525,523796,,Viceroy Hotels,   144.2000,   144.2000,   135.0000,   140.3500,      15964,         82,             2214601
VSWS,B,20260525,523826,,Sovereign Diamonds,    22.4400,    23.4400,    21.9900,    22.2700,       1153,         37,               25949
VSWS,B,20260525,523828,,Menon Bearings,   151.6500,   154.5500,   149.1000,   149.5000,       2539,        128,              382345
VSWS,B,20260525,523832,,Mukat Pipes,    20.5000,    21.7500,    20.5000,    21.2000,       2637,         41,               57214
VSWS,B,20260525,523836,,Gujarat Raffia,    45.9000,    47.1900,    45.0500,    47.1900,      27672,         96,             1303929
VSWS,B,20260525,523838,,Simplex Infrastructu,   220.0000,   240.5500,   220.0000,   238.0000,      13533,        321,             3182755
VSWS,B,20260525,523840,,Innovative Tech Pack,    14.4500,    14.4500,    13.5000,    13.9600,       4024,         30,               56207
VSWS,B,20260525,523842,,Super Tannery,     6.8700,     7.2300,     6.7200,     6.9800,      56390,        136,              391446
VSWS,B,20260525,523844,,Constronics Infra,    47.3900,    47.3900,    43.0000,    43.4300,        554,         11,               24199
VSWS,B,20260525,523850,,Axtel Industries,   469.4500,   474.0000,   460.0000,   460.9000,      10174,        222,             4722006
VSWS,B,20260525,523862,,Grand Oak Canyons Di,    26.2400,    27.7000,    24.7600,    25.5300,       4290,         48,              112988
VSWS,B,20260525,523874,,East India Drums & B,   109.0000,   109.5500,   109.0000,   109.5500,       8057,         56,              882518
VSWS,B,20260525,523888,,Megamont,   164.3500,   164.3500,   164.3500,   164.3500,        622,         10,              102225
VSWS,B,20260525,523896,,AVI Products India,    45.2800,    45.2800,    45.2800,    45.2800,         20,          1,                 905
VSWS,B,20260525,524000,,Poonawalla Fincorp,   408.4000,   408.4000,   397.2000,   398.9500,      54528,       2922,            21889814
VSWS,B,20260525,524019,,Kingfa Science & Tec,  5152.6000,  5320.0000,  5109.3500,  5240.4500,        289,        105,             1500403
VSWS,B,20260525,524037,,Rama Phosphates,   122.0000,   123.7500,   121.1000,   121.4000,       1466,        112,              178946
VSWS,B,20260525,524038,,Venlon Enterprises,     4.9000,     4.9100,     4.2600,     4.4000,         83,         15,                 369
VSWS,B,20260525,524051,,Polyplex Corp,   985.0000,   990.6500,   909.0000,   913.1000,       7815,        577,             7346644
VSWS,B,20260525,524075,,Albert David,   714.9500,   748.9500,   714.9500,   728.0000,        126,          4,               90443
VSWS,B,20260525,524080,,Haryana Leather Chem,    68.0000,    70.0000,    65.2000,    65.6500,        730,         12,               48336
VSWS,B,20260525,524091,,Carysil,  1092.1000,  1141.6000,  1072.8500,  1116.2500,      29392,       2457,            32554823
VSWS,B,20260525,524109,,Kabra Extrusion Tech,   216.0000,   235.2000,   216.0000,   229.0000,        423,         37,               96956
VSWS,B,20260525,524129,,Vinyl Chemicals,   282.0000,   282.0000,   266.2000,   269.3500,       9993,        387,             2727784
VSWS,B,20260525,524136,,Pee Cee Cosma Sope,   338.0000,   353.9000,   320.0000,   333.9500,       3604,        144,             1230068
VSWS,B,20260525,524156,,T C M,    50.8000,    50.8000,    48.0000,    48.2800,       5262,         29,              256044
VSWS,B,20260525,524164,,IOL Chemical & Pharm,   119.0600,   125.9900,   119.0600,   124.0800,     407239,       3549,            50134928
VSWS,B,20260525,524174,,Kesar Petroproducts,    22.3000,    23.2700,    22.3000,    23.0900,      67113,        167,             1533937
VSWS,B,20260525,524200,,Vinati Organics,  1326.4500,  1360.0000,  1325.3000,  1337.3000,       5050,        563,             6790970
VSWS,B,20260525,524202,,Lactose India,   122.0500,   125.0000,   115.4500,   121.1500,      12226,        110,             1475810
VSWS,B,20260525,524204,,Teesta Agro Ind,   124.0000,   124.0000,   120.0500,   120.2000,        136,          8,               16365
VSWS,B,20260525,524208,,Aarti Industries,   477.2000,   487.7500,   477.2000,   482.3500,      40870,       1458,            19755347
VSWS,B,20260525,524210,,Pentokey Organy,    37.1200,    37.6100,    37.0000,    37.6100,        112,          8,                4185
VSWS,B,20260525,524212,,Wanbury,   291.0000,   291.0000,   280.1000,   283.1500,       7831,         82,             2236594
VSWS,B,20260525,524218,,Resonance Specialtie,   129.1800,   131.0000,   127.0400,   127.4800,      11530,        144,             1480416
VSWS,B,20260525,524226,,Gujarat Amb Exports,   165.6000,   166.0000,   161.0000,   162.3500,      33886,        472,             5524811
VSWS,B,20260525,524230,,R C F,   132.1500,   132.2000,   129.8000,   130.7500,     132287,       1250,            17330756
VSWS,B,20260525,524238,,Gujarat Inject Keral,   107.2000,   107.2000,   105.8000,   107.2000,      19904,         50,             2132182
VSWS,B,20260525,524280,,Kopran,   163.2500,   195.8000,   163.2500,   188.6000,    1113259,       9580,           214010761
VSWS,B,20260525,524288,,Aimco Pesticides,    62.9000,    62.9000,    57.2200,    58.9800,       1107,         17,               64099
VSWS,B,20260525,524314,,Gujarat Terce Lab,    34.6000,    35.7300,    34.6000,    35.1900,       7551,         24,              266401
VSWS,B,20260525,524322,,Kabra Drugs,    24.2700,    25.8000,    23.5600,    24.4100,      54046,        157,             1320275
VSWS,B,20260525,524324,,Seya Industries,    15.4300,    15.4300,    15.3900,    15.4000,       1051,         13,               16208
VSWS,B,20260525,524330,,Jayant Agro Organics,   240.2000,   240.2000,   225.5000,   229.5000,        433,         64,               99496
VSWS,B,20260525,524332,,BCL Industries,    35.5400,    36.9200,    32.7000,    34.8500,     234528,       1051,             8435262
VSWS,B,20260525,524336,,Shree Hari Chem Expo,   112.0000,   112.0000,   111.0000,   111.8000,        125,          7,               13897
VSWS,B,20260525,524342,,Indo Borax & Chem,   322.0000,   339.1500,   322.0000,   333.8500,      21268,        364,             7047759
VSWS,B,20260525,524348,,Aarti Drugs,   389.9500,   398.0000,   389.0500,   394.1000,       6798,        208,             2675344
VSWS,B,20260525,524370,,Bodal Chemicals,    76.0000,    78.9500,    74.0000,    75.9900,      44160,        910,             3385197
VSWS,B,20260525,524372,,Orchid Pharma,   710.6000,   720.0000,   695.0000,   715.6500,       1439,        161,             1018105
VSWS,B,20260525,524394,,Vimta Laboratories,   460.6000,   461.5000,   454.6000,   459.4000,       4001,        233,             1836243
VSWS,B,20260525,524396,,Biofil Chemicals,    31.8000,    32.1400,    30.0000,    31.1600,        268,         16,                8363
VSWS,B,20260525,524400,,Ishita Drugs,    76.0000,    87.1000,    76.0000,    80.3400,      10000,         48,              812740
VSWS,B,20260525,524404,,Marksans Pharma,   214.4500,   221.5000,   214.0000,   220.2500,      92700,       1590,            20217893
VSWS,B,20260525,524408,,Universal Starch,   157.9500,   165.0000,   152.1000,   158.8500,       2103,         23,              334007
VSWS,B,20260525,524412,,Aarey Drugs,    81.5000,    84.2000,    81.5000,    82.4600,        184,         15,               15254
VSWS,B,20260525,524414,,Norris Medicines,    13.9900,    13.9900,    13.0000,    13.0000,       1282,         26,               16819
VSWS,B,20260525,524434,,Asian Petroproducts,    11.0000,    11.0000,     9.0300,     9.7000,       8284,         39,               79224
VSWS,B,20260525,524440,,Camex,    42.4000,    42.4000,    36.5200,    37.0800,      31644,        210,             1196060
VSWS,B,20260525,524444,,Evexia Lifecare,     1.6200,     1.6300,     1.6200,     1.6300,   16697978,       1208,            27210297
VSWS,B,20260525,524458,,Indo Euro Indchem,    10.9800,    10.9800,     9.1000,     9.7300,      15132,         51,              146298
VSWS,B,20260525,524470,,Syncom Formulations,    14.6300,    16.5100,    14.5700,    15.8400,    1398444,       2975,            22096274
VSWS,B,20260525,524480,,Riddhi Siddhi Gluco,   681.0000,   735.0000,   681.0000,   699.8000,       5716,        122,             4008669
VSWS,B,20260525,524488,,SVC Industries,     2.6400,     2.6400,     2.5100,     2.5300,      24689,         51,               62650
VSWS,B,20260525,524494,,Ipca Lab,  1603.3500,  1613.8500,  1567.0000,  1573.1500,       5125,        834,             8143346
VSWS,B,20260525,524500,,Kilitch Drugs,   185.1500,   195.0000,   184.3000,   185.0000,      11309,        363,             2130138
VSWS,B,20260525,524502,,Raaj Medisafe India,    90.7300,    90.7300,    90.7300,    90.7300,        100,          1,                9073
VSWS,B,20260525,524506,,Coral Laboratories,   470.0000,   516.3000,   465.0000,   499.4000,       4056,        148,             2034704
VSWS,B,20260525,524516,,Bacil Pharma,    54.6900,    54.6900,    50.7000,    53.4600,        586,         21,               30878
VSWS,B,20260525,524518,,Krebs Biochemicals &,    59.3200,    59.3200,    59.3200,    59.3200,         24,          1,                1423
VSWS,B,20260525,524520,,KMC Speciality Hospi,    94.8800,    96.5000,    94.8800,    96.0200,     129513,       1270,            12379719
VSWS,B,20260525,524522,,Laffans Petrochem,    30.7500,    30.7500,    28.4000,    28.4000,        903,          7,               26159
VSWS,B,20260525,524534,,Bhaskar Agrochemical,   158.0000,   159.9500,   148.6000,   150.1000,       1290,         31,              192430
VSWS,B,20260525,524542,,Sukhjit Starch & Che,   188.4500,   198.0000,   188.0000,   196.0000,       1250,        201,              242982
VSWS,B,20260525,524548,,Sharma East India Ho,    95.0100,   101.5000,    95.0100,   101.5000,         10,          5,                 980
VSWS,B,20260525,524558,,Neuland Laboratories, 17011.2000, 17011.2000, 16668.0000, 16742.4500,        902,        272,            15157532
VSWS,B,20260525,524570,,Poddar Pigments,   245.2500,   248.0000,   245.2500,   248.0000,        183,         37,               45372
VSWS,B,20260525,524572,,Pharmaids Pharma,    29.0600,    30.3900,    27.2600,    27.7400,      28407,        236,              806461
VSWS,B,20260525,524576,,Vivid Global Ind,    22.1100,    22.5000,    20.7100,    21.0800,       7192,         62,              152582
VSWS,B,20260525,524580,,Priya,    25.0000,    25.0000,    25.0000,    25.0000,          5,          2,                 125
VSWS,B,20260525,524582,,Tirupati Starch,   144.0000,   144.0000,   129.1000,   133.9500,       1046,         30,              138487
VSWS,B,20260525,524590,,Hemo Organic,    20.2100,    20.2100,    20.2100,    20.2100,       3717,         17,               75120
VSWS,B,20260525,524592,,Jaysynth Orgochem,    12.4700,    12.9700,    11.7500,    12.2100,      44799,        131,              542987
VSWS,B,20260525,524594,,Aeonx Digital Techno,   135.0000,   137.0000,   135.0000,   135.6500,        224,         11,               30440
VSWS,B,20260525,524602,,Bandaram Pharma Pack,    29.2500,    29.2500,    29.2500,    29.2500,        146,          5,                4270
VSWS,B,20260525,524606,,Beryl Drugs,    20.8000,    20.8000,    19.0100,    19.0100,        310,         10,                6284
VSWS,B,20260525,524614,,IEL,     5.7000,     6.0800,     5.5000,     5.7300,     190841,        229,             1100518
VSWS,B,20260525,524622,,iStreet Network,    43.3200,    45.0800,    43.3200,    45.0800,      18553,         39,              828543
VSWS,B,20260525,524624,,Gagan Gases,    22.6200,    22.6200,    22.6200,    22.6200,       4689,         16,              106065
VSWS,B,20260525,524628,,Parker Agrochem Exp,    15.9900,    15.9900,    15.9900,    15.9900,          3,          1,                  47
VSWS,B,20260525,524632,,Shukra Pharmaceutica,    29.0100,    29.8800,    27.5900,    28.0200,     466204,       1615,            13088037
VSWS,B,20260525,524634,,Alufluoride,   532.1500,   535.0000,   487.0000,   494.9000,     115159,       2857,            58042375
VSWS,B,20260525,524636,,Oxygenta Pharma,    52.6000,    53.5000,    50.2000,    51.0300,       5900,         70,              306817
VSWS,B,20260525,524640,,Archit Organosys,    52.8000,    52.8000,    50.0000,    51.4100,      15699,        137,              803719
VSWS,B,20260525,524642,,Sikozy Realtors,     1.3100,     1.3700,     1.3100,     1.3100,      28760,         17,               37676
VSWS,B,20260525,524648,,Indo Amines,   126.9500,   132.5000,   126.8500,   131.1500,      18423,        436,             2391913
VSWS,B,20260525,524654,,Natural Capsules,   150.1000,   158.5000,   150.0000,   154.2500,       6912,        123,             1060478
VSWS,B,20260525,524661,,Welcure Drugs & Phar,     0.2900,     0.3000,     0.2900,     0.2900,    6240806,        599,             1846956
VSWS,B,20260525,524663,,Bharat Immuno & Bio,    17.5000,    17.8000,    17.1000,    17.3900,      14374,        140,              251073
VSWS,B,20260525,524667,,Savita Oil Technolog,   434.8000,   435.0000,   423.2500,   424.4000,       4193,        155,             1803127
VSWS,B,20260525,524669,,Hester Biosciences,  1900.0000,  1910.9000,  1884.4500,  1885.2500,        409,         54,              776416
VSWS,B,20260525,524675,,Kabsons Industries,    19.0000,    20.6600,    19.0000,    19.5400,       4872,         58,               99019
VSWS,B,20260525,524687,,Basant Agro Tech,    13.0000,    13.6700,    12.5000,    12.6600,      72655,        230,              936073
VSWS,B,20260525,524703,,Sandu Pharmaceutical,    39.9000,    41.0000,    39.0700,    39.9600,       3927,         35,              157742
VSWS,B,20260525,524709,,NACL Industries,   159.4000,   161.6000,   152.1500,   157.3000,      27187,        549,             4256010
VSWS,B,20260525,524711,,Vista Pharmaceutical,     7.3000,     7.3200,     6.9000,     7.2700,      11110,         30,               79092
VSWS,B,20260525,524715,,Sun Pharmaceutical,  1840.3000,  1849.1500,  1824.6000,  1841.3000,      89694,       6590,           164879715
VSWS,B,20260525,524717,,Titan Bio Tech,   472.5500,   472.5500,   468.0000,   472.5500,      28004,        299,            13228834
VSWS,B,20260525,524723,,Arvaya Healthcare,    57.9900,    57.9900,    57.9900,    57.9900,        200,          3,               11598
VSWS,B,20260525,524727,,Span Divergent,    36.6700,    36.6700,    36.6700,    36.6700,          5,          1,                 183
VSWS,B,20260525,524731,,Jenburkt Pharma,  1166.6000,  1174.9000,  1134.4000,  1171.4000,       1519,         99,             1765422
VSWS,B,20260525,524735,,Hikal,   208.4500,   214.9000,   206.5500,   213.6500,      13087,        343,             2758464
VSWS,B,20260525,524742,,Caplin Point Lab,  2061.0500,  2090.0000,  2031.6000,  2075.2000,      14959,       1799,            30922605
VSWS,B,20260525,524743,,Fischer Medical Vent,    38.2800,    38.4500,    37.5000,    37.8000,      89616,        444,             3412224
VSWS,B,20260525,524748,,Link Pharma Chem,    28.7000,    29.4900,    28.0000,    28.0000,        575,         12,               16154
VSWS,B,20260525,524752,,Decipher Labs,     7.1700,     7.1700,     7.0200,     7.0200,       6691,         21,               47154
VSWS,B,20260525,524768,,Emmessar Biotech,    26.4000,    26.4000,    24.9000,    26.2000,         58,          7,                1515
VSWS,B,20260525,524774,,NGL Fine Chem,  2834.5000,  3000.0000,  2815.0000,  2864.8000,       7641,       1316,            22408599
VSWS,B,20260525,524790,,Everest Organics,   292.0000,   292.0000,   254.5000,   261.9500,       2369,         68,              616407
VSWS,B,20260525,524804,,Aurobindo Pharma,  1451.0500,  1465.0000,  1433.9000,  1453.4500,      84950,       8993,           123244599
VSWS,B,20260525,524808,,Phyto Chem (India),    23.7000,    25.5000,    23.7000,    25.2500,      15980,         15,              403328
VSWS,B,20260525,524816,,Natco Pharma,  1162.9000,  1176.9500,  1152.1500,  1172.8000,      34349,       2730,            39933132
VSWS,B,20260525,524818,,Dynamic Industries,   113.7000,   114.0000,   110.0000,   110.0000,       1366,         15,              153768
VSWS,B,20260525,524820,,Panama Petrochem,   347.2500,   348.9000,   333.3000,   334.4000,       7257,        177,             2473888
VSWS,B,20260525,524824,,Bal Pharma,    84.2500,    88.8100,    82.6000,    88.5700,       1949,         83,              168965
VSWS,B,20260525,524828,,BDH Industries,   364.9500,   376.8000,   357.9000,   358.1500,        269,         31,               97840
VSWS,B,20260525,526001,,Jauss Polymers,    24.6300,    24.6300,    24.6300,    24.6300,       2604,         19,               64136
VSWS,B,20260525,526025,,Globus Power Generat,    14.4000,    14.4000,    13.4700,    13.9400,       3191,         42,               44797
VSWS,B,20260525,526027,,Cubex Tubings,    91.0900,    92.0600,    89.7400,    90.4000,       4332,        129,              394905
VSWS,B,20260525,526043,,Polymechplast Mach,    57.8000,    58.8000,    54.0100,    54.8900,       2343,         47,              130634
VSWS,B,20260525,526071,,Stellant Securities,   577.0000,   577.0000,   541.0500,   554.5000,        652,         75,              361144
VSWS,B,20260525,526073,,Galaxy Bearings,   513.4500,   535.5500,   500.0000,   520.4000,       1475,         62,              766858
VSWS,B,20260525,526075,,Rekvina Laboratories,    36.4500,    38.2700,    34.6300,    38.2700,       7447,         33,              275844
VSWS,B,20260525,526081,,SC Agrotech,    24.0000,    25.3700,    23.6400,    25.2200,        172,          7,                4299
VSWS,B,20260525,526095,,Ravi Leela Granites,    41.0000,    41.0000,    39.5000,    40.4000,        528,          7,               21324
VSWS,B,20260525,526115,,Manor Estate & Ind,    10.0100,    10.0100,     9.0700,     9.0700,       5758,          8,               52226
VSWS,B,20260525,526117,,Shervani Industrial,   291.0000,   309.4500,   285.1500,   289.3500,        850,         69,              247649
VSWS,B,20260525,526125,,BN Agrochem,   339.2000,   339.2000,   332.0000,   339.0000,       1183,         33,              396378
VSWS,B,20260525,526133,,Supertex Industries,     5.7800,     5.8000,     5.7400,     5.8000,       5616,         15,               32552
VSWS,B,20260525,526137,,Shetron,   105.0000,   105.9500,   101.7500,   102.7000,       1549,         13,              159754
VSWS,B,20260525,526139,,Transgene Biotek,     3.1200,     3.3500,     3.0200,     3.2600,      62492,         58,              205384
VSWS,B,20260525,526143,,MPL Plastics,     6.0100,     6.3800,     6.0100,     6.3500,       2371,         13,               14274
VSWS,B,20260525,526159,,Nikhil Adhesives,    88.0000,    90.1000,    86.0000,    89.8100,      28753,        269,             2544256
VSWS,B,20260525,526161,,Spenta International,   101.9900,   102.0000,   101.9900,   101.9900,         71,          4,                7241
VSWS,B,20260525,526169,,Multibase India,   199.4000,   199.4000,   192.0500,   193.3500,      18373,        426,             3574632
VSWS,B,20260525,526173,,Andrew Yule,    26.1500,    26.6200,    25.6900,    26.3800,     117667,        453,             3079544
VSWS,B,20260525,526179,,Ludlow Jute & Specia,   372.4000,   379.0500,   365.0000,   378.5500,       8860,         95,             3325879
VSWS,B,20260525,526187,,Ashram Online.com,     5.8000,     5.9000,     5.8000,     5.9000,        202,          4,                1191
VSWS,B,20260525,526193,,Royal Cushion Vinyl,    14.5500,    16.7300,    14.5500,    15.9100,       7136,         65,              107520
VSWS,B,20260525,526211,,Suraj Industries,    48.4900,    55.5200,    45.5200,    55.5200,      23739,        114,             1237741
VSWS,B,20260525,526217,,Hitech Corporation,   170.8500,   171.7000,   162.5000,   167.3000,       3468,        187,              580392
VSWS,B,20260525,526227,,Filatex India,    42.8600,    43.6900,    41.9600,    43.3700,      37109,        240,             1601430
VSWS,B,20260525,526231,,Standard Surfactants,    51.0000,    51.0000,    50.0000,    50.0000,        174,          6,                8702
VSWS,B,20260525,526237,,Morgan Ventures,    50.9900,    51.5000,    48.6000,    49.4100,        765,         27,               38302
VSWS,B,20260525,526241,,Amrapali Industries,    17.9900,    17.9900,    17.5300,    17.9400,       3667,         60,               65240
VSWS,B,20260525,526247,,Premier Explosives,   597.6500,   714.7000,   596.9500,   714.7000,     397185,       9229,           272522937
VSWS,B,20260525,526251,,Mid East Portfolio,    20.2400,    22.3600,    20.2400,    22.3600,       4824,         19,              101878
VSWS,B,20260525,526263,,Mold Tek Techno,   121.9000,   123.0000,   119.3000,   119.9000,       3710,        140,              446066
VSWS,B,20260525,526269,,Crestchem,   139.4000,   139.4000,   125.1000,   125.6000,       1897,         47,              243069
VSWS,B,20260525,526299,,Mphasis,  2181.7000,  2269.0500,  2181.7000,  2244.0500,       7462,       1337,            16790050
VSWS,B,20260525,526315,,Divyashakti,    50.5000,    50.5000,    47.8000,    48.7000,       4849,         58,              233851
VSWS,B,20260525,526325,,Orient Press,    60.1200,    64.8500,    60.0000,    64.7000,        335,         11,               20670
VSWS,B,20260525,526335,,Shreyas Intermediate,     7.0000,     7.3500,     7.0000,     7.2900,        317,          7,                2300
VSWS,B,20260525,526345,,Panjon,    22.5000,    22.5000,    21.8000,    22.1400,       1320,         18,               28858
VSWS,B,20260525,526355,,Duro Pack,    48.0100,    54.9500,    48.0100,    54.7600,        920,         25,               49435
VSWS,B,20260525,526365,,Swarnsarita Jewels I,    31.4800,    33.4400,    31.4800,    32.1100,      12734,         53,              410267
VSWS,B,20260525,526367,,Ganesh Housing,   689.8000,   710.0000,   689.8000,   706.1000,       1474,        161,             1034715
VSWS,B,20260525,526371,,N M D C,    88.2400,    90.4000,    88.2400,    90.1700,    1190147,       7259,           106695385
VSWS,B,20260525,526373,,Cindrella Hotels,    53.8000,    53.8000,    49.5900,    49.6000,        152,         14,                7567
VSWS,B,20260525,526381,,Patel Integrated Log,    12.2000,    12.4900,    12.0100,    12.4100,      10410,         41,              126380
VSWS,B,20260525,526397,,Alphageo (I),   228.7500,   228.7500,   222.9000,   222.9500,        248,         39,               55994
VSWS,B,20260525,526407,,Hampton Sky Realty,    10.1100,    10.6500,    10.0400,    10.5000,      25253,         85,              262704
VSWS,B,20260525,526409,,Kkalpana Industries,     7.3600,     7.3600,     6.8500,     6.9800,     152042,        173,             1070055
VSWS,B,20260525,526415,,OK Play India,     4.6600,     4.7600,     4.6600,     4.7300,     458516,        342,             2173701
VSWS,B,20260525,526423,,Kriti Industries (I),    71.4800,    73.0000,    67.7000,    70.9600,       4766,         35,              330943
VSWS,B,20260525,526433,,ASM Technologies,  3389.0000,  3400.0000,  3212.0500,  3276.0000,      24701,       2428,            81907727
VSWS,B,20260525,526435,,Perfectpac,    78.8500,    83.4000,    76.0200,    77.0000,       1012,         39,               79169
VSWS,B,20260525,526439,,Ambitious Plastomac,    11.0000,    11.0000,    11.0000,    11.0000,         72,          7,                 792
VSWS,B,20260525,526441,,Vision Cinemas,     1.2100,     1.3700,     1.2100,     1.3000,      49646,         55,               64291
VSWS,B,20260525,526443,,Artificial Electroni,   138.4000,   141.5500,   133.5000,   141.5500,     201840,       1049,            28191050
VSWS,B,20260525,526445,,Indrayani Biotech,    10.6500,    10.6500,    10.2000,    10.2100,      74470,        131,              768104
VSWS,B,20260525,526468,,Euro Leder Fashion,    17.9800,    17.9800,    16.0100,    16.1600,        750,         29,               12281
VSWS,B,20260525,526471,,Winsome Breweries,    22.3200,    22.9200,    22.3200,    22.5900,       6121,         88,              137911
VSWS,B,20260525,526473,,Elegant Floriculture,     5.7600,     5.8000,     5.3500,     5.4100,      62506,        181,              340707
VSWS,B,20260525,526477,,South Asian Enter,    48.4700,    48.4700,    48.4700,    48.4700,          2,          1,                  96
VSWS,B,20260525,526479,,Sky Industries,    86.5100,    89.0000,    86.5000,    86.5700,        728,         19,               63180
VSWS,B,20260525,526481,,Phoenix Intl,    30.1100,    31.4300,    29.1500,    30.6300,       3038,         36,               93021
VSWS,B,20260525,526488,,Bhudevi Infra Projec,   237.5000,   238.3500,   222.0000,   236.0500,      15558,         59,             3667344
VSWS,B,20260525,526490,,Pratik Panels,     6.8100,     7.3000,     6.6000,     6.7100,     150907,        107,             1047720
VSWS,B,20260525,526492,,Rishiroop,    91.0100,    95.9000,    91.0100,    93.7900,       1397,         37,              131087
VSWS,B,20260525,526500,,Sterling Green Woods,    21.2500,    21.2500,    21.2500,    21.2500,         15,          1,                 318
VSWS,B,20260525,526504,,Dolphin Medical Serv,     7.1700,     7.1700,     6.8300,     7.1700,    1061353,        169,             7609690
VSWS,B,20260525,526506,,Systematix Corporate,    67.5200,    67.5200,    65.0000,    65.3600,        152,         63,                9944
VSWS,B,20260525,526508,,Shahi Shipping,    13.2200,    13.7000,    12.8600,    13.1900,       9811,         40,              127355
VSWS,B,20260525,526519,,Alpine Housing Dev C,    85.3000,    94.2500,    85.3000,    92.8400,       1089,         15,              100858
VSWS,B,20260525,526530,,IIRM Holdings India,   122.9000,   124.7400,   121.0000,   123.1000,      18721,         95,             2317286
VSWS,B,20260525,526532,,Square Four Projects,     9.3000,     9.3000,     8.8900,     9.2200,         21,          8,                 194
VSWS,B,20260525,526544,,SGL Resources,     3.1000,     3.1900,     2.9300,     2.9800,     172240,        132,              512259
VSWS,B,20260525,526546,,Choksi Laboratories,   137.5500,   146.0000,   137.5500,   139.4000,       2340,         57,              326734
VSWS,B,20260525,526550,,Country Club Hospita,    13.2000,    13.8900,    12.7500,    12.9900,       1670,         30,               21636
VSWS,B,20260525,526570,,Midwest Gold,  4406.7500,  4590.0000,  4186.4500,  4546.8500,       4353,        455,            19314761
VSWS,B,20260525,526574,,Enterprise Inter,    20.2000,    21.4600,    19.4300,    21.4600,       1050,         17,               22112
VSWS,B,20260525,526582,,TPL Plastech,    64.1500,    65.8000,    64.0500,    64.4600,       3402,         55,              220602
VSWS,B,20260525,526586,,Wim Plast,   346.1500,   355.8000,   341.2000,   351.2500,       3795,        333,             1329259
VSWS,B,20260525,526588,,Photoquip India,    14.3000,    14.9500,    14.3000,    14.9500,         33,          3,                 492
VSWS,B,20260525,526596,,Liberty Shoes,   244.7000,   254.0000,   244.7000,   250.3000,       1864,        259,              460776
VSWS,B,20260525,526604,,Lippi Systems,    77.5000,    77.5000,    77.5000,    77.5000,       6558,         14,              508245
VSWS,B,20260525,526608,,Electrotherm (India),   765.0000,   789.0000,   751.0000,   767.8500,       1573,        174,             1202887
VSWS,B,20260525,526612,,Blue Dart Express,  4865.0000,  4956.0000,  4865.0000,  4891.0500,        897,        298,             4409236
VSWS,B,20260525,526614,,Expo Engineering & P,    57.0100,    58.7500,    55.0000,    56.0000,      17352,         38,              986281
VSWS,B,20260525,526616,,National Plastic Ind,    48.0000,    48.2000,    47.2500,    47.6600,       3731,         19,              178494
VSWS,B,20260525,526622,,MFL India,     0.4100,     0.4200,     0.4000,     0.4200,     417394,        307,              172380
VSWS,B,20260525,526638,,Texel Industries,    71.0100,    72.9600,    70.0000,    70.3400,       7068,        151,              502730
VSWS,B,20260525,526640,,Royale Manor Hotels,    29.0200,    33.9000,    29.0200,    32.9000,       1748,         22,               53118
VSWS,B,20260525,526642,,Mirza International,    30.2200,    31.6000,    30.2200,    30.9800,       2173,         73,               66855
VSWS,B,20260525,526650,,Tourism Finance Corp,    73.5000,    74.6000,    71.7500,    73.1000,     210073,        756,            15310824
VSWS,B,20260525,526654,,Thakkars Developers,   135.8500,   135.8500,   133.0000,   133.0000,          3,          2,                 401
VSWS,B,20260525,526666,,Bhartiya Intl,   728.0000,   753.8000,   723.1500,   743.4000,        580,         48,              422866
VSWS,B,20260525,526668,,Kamat Hotels (India),   163.9500,   166.0000,   163.8000,   165.3000,       1294,         28,              214340
VSWS,B,20260525,526675,,Tirth Plastic,    29.2500,    29.2500,    27.9500,    29.2400,       1189,         30,               34532
VSWS,B,20260525,526677,,DSJ Keep Learning,     1.9600,     2.1800,     1.9600,     2.1500,       3320,         22,                7011
VSWS,B,20260525,526703,,Ecoplast,   475.0000,   475.0000,   464.0000,   475.0000,         57,         11,               27019
VSWS,B,20260525,526705,,Elegant Marbles,   182.0500,   189.0000,   182.0500,   185.0500,       2338,         60,              432265
VSWS,B,20260525,526709,,BITS,     9.0000,     9.0000,     8.6000,     8.8000,     113625,        424,             1001816
VSWS,B,20260525,526711,,Adarsh Plant Protect,    30.2200,    32.8400,    30.1400,    30.1400,       5181,         22,              156446
VSWS,B,20260525,526717,,HCP Plastene Bulkpac,   250.0000,   262.6500,   246.7500,   249.9000,       4476,        113,             1143137
VSWS,B,20260525,526721,,Nicco Parks & Resort,    68.9400,    70.7700,    68.5000,    69.0600,       1191,         41,               82831
VSWS,B,20260525,526723,,NTC Industries,   152.0000,   158.0000,   150.0000,   154.2000,       4996,         69,              770783
VSWS,B,20260525,526725,,Sandesh,  1030.0000,  1030.0000,  1025.5000,  1026.4000,         11,          3,               11285
VSWS,B,20260525,526727,,Garnet Construction,    84.1000,    92.0000,    84.1000,    87.4900,      14015,        118,             1228786
VSWS,B,20260525,526729,,Goldiam Internation,   397.9500,   412.3000,   393.9000,   407.2500,      27134,        631,            10961972
VSWS,B,20260525,526731,,Bright Brothers,   249.6500,   260.0000,   234.1000,   255.2000,       3836,         61,              946783
VSWS,B,20260525,526739,,Narmada Gelatines,   412.0000,   460.0000,   400.0000,   439.7000,      77634,       1063,            34123676
VSWS,B,20260525,526747,,PG Foils,   214.9500,   219.9500,   206.2500,   217.2000,       3126,         90,              675333
VSWS,B,20260525,526755,,Velan Hotels,     6.6000,     6.6000,     6.5000,     6.5300,         45,          7,                 295
VSWS,B,20260525,526761,,Howard Hotels,    22.7500,    24.6700,    22.7500,    24.4800,         30,          8,                 729
VSWS,B,20260525,526775,,Valiant Commu,  1238.0000,  1249.9500,  1156.6500,  1186.2500,      25481,        847,            31354794
VSWS,B,20260525,526783,,Dr Agrawal's Eye Hos,  5101.1500,  5101.1500,  4935.0000,  4983.9500,         98,         61,              492935
VSWS,B,20260525,526795,,Mahasagar Travels,     5.4900,     5.4900,     5.4900,     5.4900,        100,          1,                 549
VSWS,B,20260525,526797,,Greenply Industries,   259.2000,   269.0000,   259.2000,   261.1500,       5745,        298,             1519775
VSWS,B,20260525,526799,,Union Quality Plast,    16.9400,    16.9400,    16.5000,    16.5000,         53,          6,                 888
VSWS,B,20260525,526807,,SEAMEC,  1676.7500,  1690.8500,  1616.6500,  1629.8500,       5030,        604,             8320679
VSWS,B,20260525,526813,,Raghunath Intl,    11.2000,    11.2600,    11.2000,    11.2600,        151,          3,                1691
VSWS,B,20260525,526817,,Cheviot Company,  1141.0000,  1141.0000,  1130.0500,  1138.1000,        245,         34,              278755
VSWS,B,20260525,526821,,Dai Ichi Karkaria,   250.8500,   262.3500,   250.0000,   256.7000,       1695,         55,              432632
VSWS,B,20260525,526823,,Rajeswari Infrastruc,     4.3900,     4.3900,     4.0000,     4.3800,       9630,         53,               41620
VSWS,B,20260525,526827,,Spice Islands Indust,   369.9500,   376.0000,   365.1000,   367.7500,      16502,        253,             6071791
VSWS,B,20260525,526829,,Confidence Petroleum,    57.6000,    61.9000,    56.8000,    61.2900,     217685,        999,            13043556
VSWS,B,20260525,526839,,Shelter Infra Projec,    17.0600,    17.5100,    17.0600,    17.5000,        410,         11,                7072
VSWS,B,20260525,526841,,Shakti Press,    29.3900,    31.0000,    29.3900,    29.5900,     121290,        483,             3622828
VSWS,B,20260525,526847,,Ashirwad Steels,    26.4300,    26.4300,    24.2600,    25.3200,       1037,         33,               26358
VSWS,B,20260525,526849,,Banaras Beads,   115.8500,   116.0000,   113.2500,   113.2500,        109,         30,               12412
VSWS,B,20260525,526853,,Bilcare,    65.0000,    66.7000,    60.0500,    61.5900,      11088,        198,              686656
VSWS,B,20260525,526859,,ISF,     0.8800,     0.8800,     0.8800,     0.8800,      34120,         29,               30025
VSWS,B,20260525,526861,,Rishi Laser,   135.0000,   135.0000,   123.2500,   125.2000,        837,         24,              105027
VSWS,B,20260525,526865,,Jainco Projects,     4.4000,     4.4000,     4.4000,     4.4000,         18,          2,                  79
VSWS,B,20260525,526869,,Kumbhat Financial,    20.6200,    22.7100,    20.6200,    22.7100,        952,          6,               19632
VSWS,B,20260525,526871,,Intec Capital,    14.7000,    15.3000,    14.1800,    14.6600,       4951,         36,               73372
VSWS,B,20260525,526873,,Rajasthan Securities,    46.0500,    46.1500,    46.0500,    46.0500,       1976,         19,               91149
VSWS,B,20260525,526877,,Siddheswari Garments,    16.7500,    18.4600,    16.7500,    16.8000,        773,         10,               12992
VSWS,B,20260525,526881,,63 Moons Technologie,   680.2500,   692.9000,   637.6500,   644.9000,      12406,        778,             8258007
VSWS,B,20260525,526883,,Shikhar Consultants,    12.7000,    12.7000,    12.7000,    12.7000,         15,          1,                 190
VSWS,B,20260525,526885,,Sarla Performance,    96.7800,    98.9600,    95.0000,    97.8000,       8368,        132,              805735
VSWS,B,20260525,526887,,Indo Credit Capital,    11.7700,    12.3500,    11.1900,    11.1900,       1827,         24,               21674
VSWS,B,20260525,526891,,Market Creators,    13.5000,    13.5000,    13.5000,    13.5000,          6,          2,                  81
VSWS,B,20260525,526899,,Himalaya Food Intern,    10.2000,    10.4900,     9.1600,    10.0000,      77668,        203,              785990
VSWS,B,20260525,526901,,Sonal Adhesives,    39.0000,    39.0000,    37.3700,    38.9000,        308,         14,               11801
VSWS,B,20260525,526905,,Padmanabh Industries,    10.1600,    10.4000,     9.9600,    10.4000,        522,          5,                5282
VSWS,B,20260525,526921,,21st Century Mgmt,    32.3000,    33.4700,    32.3000,    33.4700,        766,         14,               25625
VSWS,B,20260525,526931,,Hariyana Ship Break,   100.3000,   103.4500,   100.3000,   102.3500,        822,         52,               83674
VSWS,B,20260525,526935,,Kalind,    92.0000,    92.5000,    87.5200,    87.6000,     305427,        512,            27263279
VSWS,B,20260525,526941,,Vaishno Cement Co,     4.0500,     4.0500,     4.0500,     4.0500,       3900,          3,               15795
VSWS,B,20260525,526945,,Tyroon Tea Company,    98.8700,    98.8700,    93.3000,    97.7100,        168,         12,               16466
VSWS,B,20260525,526947,,La Opala RG,   171.8000,   176.9500,   171.2000,   175.5000,       4696,        142,              819213
VSWS,B,20260525,526951,,Stylam Industries,  2760.0500,  2925.0000,  2760.0500,  2856.3500,       3720,        430,            10667106
VSWS,B,20260525,526953,,Venus Remedies,  1104.0000,  1137.0500,  1104.0000,  1137.0500,      12908,        265,            14641878
VSWS,B,20260525,526961,,Last Mile Enterprise,     9.8300,     9.8300,     9.0500,     9.7000,     672090,        259,             6136200
VSWS,B,20260525,526965,,Gujarat Craft & Ind,   106.0500,   108.8500,    98.9500,   100.5500,       8752,        127,              896124
VSWS,B,20260525,526967,,Heera Ispat,     8.5900,     8.5900,     7.9900,     8.2400,      14156,         20,              119306
VSWS,B,20260525,526971,,Dhoot Industrial Fin,   190.2500,   209.0000,   188.1000,   206.4500,       9665,        102,             1959632
VSWS,B,20260525,526981,,Shri Bajrang Allianc,   164.9500,   164.9500,   164.5000,   164.5000,         36,          3,                5928
VSWS,B,20260525,526983,,Ashoka Refineries,    14.0400,    14.0400,    14.0400,    14.0400,        900,          1,               12636
VSWS,B,20260525,526987,,Urja Global,    10.6400,    10.8800,    10.6400,    10.7700,     148583,        683,             1596422
VSWS,B,20260525,527001,,Ashapura Minechem,   683.3500,   687.8500,   667.8500,   677.9000,      46653,       1430,            31623918
VSWS,B,20260525,527005,,Shree Pacetronix,   134.2000,   139.9500,   125.7000,   138.9500,       1526,         48,              198032
VSWS,B,20260525,530001,,Gujarat Alkalies,   688.9500,   712.1000,   683.0000,   703.4500,       8384,        671,             5811647
VSWS,B,20260525,530005,,India Cements,   400.7000,   407.5000,   398.9500,   403.3500,       3896,        692,             1569755
VSWS,B,20260525,530007,,JK Tyre & Industries,   375.0000,   388.3500,   375.0000,   386.5000,     163265,       4261,            62744137
VSWS,B,20260525,530017,,Standard Industries,    16.0000,    17.0000,    15.5500,    16.5300,      19341,        176,              316186
VSWS,B,20260525,530019,,Jubilant Pharmova,  1010.5000,  1015.0000,   957.0000,  1007.1000,      11957,       1154,            11696278
VSWS,B,20260525,530023,,Investment Trust Of,   100.1000,   101.5000,    95.0000,    99.9000,       2191,         35,              218950
VSWS,B,20260525,530025,,Samyak International,    14.5500,    14.9000,    14.5000,    14.8800,       3685,          9,               53626
VSWS,B,20260525,530027,,Aadi Industries,     9.6000,     9.6000,     9.0300,     9.0300,       4722,         44,               42688
VSWS,B,20260525,530037,,Sparkle Gold Rock,    68.0000,    72.8000,    61.6700,    68.5100,       1057,         27,               75153
VSWS,B,20260525,530043,,Acknit Industries,   274.8000,   275.0000,   274.4500,   274.8000,         61,         11,               16762
VSWS,B,20260525,530045,,Titan Securities,    44.5700,    46.8500,    44.0100,    44.8000,      34785,        154,             1570660
VSWS,B,20260525,530053,,Real Eco-Energy,     4.5100,     4.6900,     4.4000,     4.5400,      36594,        175,              166013
VSWS,B,20260525,530055,,Harmony Capital Serv,    88.7600,    88.7600,    88.7600,    88.7600,          1,          1,                  88
VSWS,B,20260525,530057,,Vivanza Biosciences,     1.7700,     1.8100,     1.7700,     1.7700,      28224,         30,               49973
VSWS,B,20260525,530063,,Yashraj Containeurs,     4.8800,     5.1000,     4.6500,     5.0900,       2097,         18,               10349
VSWS,B,20260525,530065,,Lords Ishwar Hotels,    15.4800,    15.4800,    15.4700,    15.4700,          4,          2,                  61
VSWS,B,20260525,530067,,CSL Finance,   235.0000,   239.7000,   235.0000,   239.1000,         27,          4,                6447
VSWS,B,20260525,530073,,Sanghvi Movers,   356.0000,   380.0000,   356.0000,   379.2000,      89736,       1346,            33259140
VSWS,B,20260525,530075,,Antelopus Selan Ener,   692.7000,   732.3500,   675.9000,   732.3500,      40443,       1120,            29215332
VSWS,B,20260525,530077,,Puretrop Fruits,   165.1000,   172.9000,   165.1000,   167.0000,       4212,         60,              711032
VSWS,B,20260525,530079,,Faze Three,   502.8000,   502.8000,   502.8000,   502.8000,         95,          4,               47766
VSWS,B,20260525,530109,,Anupam Finserv,     2.0700,     2.1900,     2.0600,     2.1100,     378470,        273,              800411
VSWS,B,20260525,530111,,Raj Packaging Ind,    31.9200,    32.0000,    28.3100,    30.9500,       3124,         23,               96999
VSWS,B,20260525,530117,,Privi Speciality Che,  3368.6500,  3368.6500,  3283.5000,  3296.0000,       6466,       1231,            21410724
VSWS,B,20260525,530119,,Natraj Proteins,    38.0600,    39.8900,    36.3700,    37.5100,       9634,         89,              359476
VSWS,B,20260525,530125,,Samrat Pharmachem,   230.0000,   241.0000,   230.0000,   232.2500,       2763,         56,              643427
VSWS,B,20260525,530129,,Nile,  1892.0000,  1900.0000,  1750.0000,  1812.2500,       3845,        622,             7071152
VSWS,B,20260525,530133,,Amco India,    68.0000,    68.0000,    65.0500,    66.8900,        469,         19,               30911
VSWS,B,20260525,530135,,Optiemus Infracom,   424.0000,   433.6500,   421.9500,   429.2500,       8438,        267,             3621387
VSWS,B,20260525,530139,,Kreon Fin Services,    32.9900,    32.9900,    30.9500,    31.3400,        670,         19,               21079
VSWS,B,20260525,530141,,Gyan Deve & Builders,    54.2000,    63.7000,    54.0000,    59.1800,       5076,         95,              307560
VSWS,B,20260525,530145,,Kisan Mouldings,    37.2700,    38.6000,    36.2200,    37.2300,     142686,       1547,             5360606
VSWS,B,20260525,530163,,Kerala Ayurveda,   212.0500,   214.4000,   208.5000,   211.7000,       3072,         79,              650664
VSWS,B,20260525,530167,,Moongipa Capital Fin,    16.4600,    16.4600,    16.0000,    16.4300,      30027,         14,              480444
VSWS,B,20260525,530169,,Mohit Paper Mills,    28.1000,    28.9900,    27.5700,    27.8600,        547,         15,               15528
VSWS,B,20260525,530171,,Daulat Securities,    30.2500,    32.4900,    30.2500,    30.6500,        529,         32,               16331
VSWS,B,20260525,530175,,Odyssey Technologies,    42.3300,    44.4900,    40.2500,    40.7600,      21036,        137,              873976
VSWS,B,20260525,530179,,RSC International,    28.0700,    28.8900,    26.1500,    26.7400,      40471,        114,             1065867
VSWS,B,20260525,530185,,Surat Trade & Mercan,     4.5200,     4.7000,     4.0800,     4.4300,     100632,        325,              454918
VSWS,B,20260525,530187,,Atharv Enterprises,     3.6100,     3.9000,     3.6100,     3.8900,       1761,         12,                6416
VSWS,B,20260525,530197,,Fundviser Capital,   440.5500,   440.5500,   432.0000,   432.0000,        471,         11,              203514
VSWS,B,20260525,530199,,Themis Medicare,   101.4800,   102.1700,    99.6400,    99.8900,       5368,         88,              537274
VSWS,B,20260525,530201,,Kallam Textiles,     3.0800,     3.0800,     2.9000,     2.9600,      18466,         50,               54277
VSWS,B,20260525,530207,,Brawn Biotech,    20.5000,    20.5000,    20.1300,    20.1300,        122,          3,                2480
VSWS,B,20260525,530213,,Fortune Inter,    87.0000,    87.0000,    79.0000,    79.5000,        438,         16,               34842
VSWS,B,20260525,530215,,Kings Infra Ventures,   117.3000,   123.5000,   117.1500,   118.9500,      11109,        127,             1317303
VSWS,B,20260525,530217,,Swojas Foods,     7.3900,     7.3900,     6.7100,     6.9700,      80345,         86,              555777
VSWS,B,20260525,530231,,Subhash Silk Mills,    95.0000,    95.0000,    93.5000,    93.5000,        205,          4,               19473
VSWS,B,20260525,530233,,Auro Laboratories,   263.1500,   278.7000,   263.1500,   267.7500,      11541,         61,             3142437
VSWS,B,20260525,530235,,KJMC Financial Serv,    53.5000,    57.4000,    53.5000,    53.5000,        201,         16,               10999
VSWS,B,20260525,530239,,Suven Life Sciences,   270.8000,   275.7000,   266.0000,   271.0500,      44501,        818,            12104131
VSWS,B,20260525,530245,,Aryaman Fin Services,   589.0000,   614.4500,   589.0000,   599.5000,        276,         20,              165353
VSWS,B,20260525,530249,,Bridge Securities,    14.8100,    15.8000,    14.3600,    15.0000,      33676,         47,              501739
VSWS,B,20260525,530251,,Risa International,     0.5100,     0.5200,     0.5000,     0.5100,      86961,         72,               44170
VSWS,B,20260525,530253,,Rajasthan Tube Mfg,    13.2700,    13.4500,    12.3900,    12.9800,       9023,         85,              115793
VSWS,B,20260525,530255,,Kay Power and Paper,    10.4100,    11.2200,    10.2000,    10.3300,       9282,         57,               96064
VSWS,B,20260525,530259,,Inter State Oil Carr,    35.1200,    35.9500,    33.0000,    34.4600,       2280,         35,               79696
VSWS,B,20260525,530263,,Global Cap Market,     0.5100,     0.5300,     0.5000,     0.5300,     232973,        145,              120439
VSWS,B,20260525,530267,,Arigato Universe,    64.2100,    64.2100,    58.1100,    60.3600,        660,         25,               41498
VSWS,B,20260525,530271,,Rich Universe Networ,    12.3000,    12.3000,    11.1500,    11.1500,       1048,          9,               12662
VSWS,B,20260525,530281,,Quantum Digital,    19.6400,    19.6500,    19.5500,    19.6500,       1034,         10,               20267
VSWS,B,20260525,530289,,SP Capital Financing,    56.0000,    56.0000,    55.4000,    55.4000,         26,          2,                1455
VSWS,B,20260525,530291,,Paos Industries,    50.6000,    50.6000,    50.6000,    50.6000,        363,          1,               18367
VSWS,B,20260525,530299,,Kothari Products,    73.0200,    74.9000,    73.0200,    73.1700,        308,         73,               22697
VSWS,B,20260525,530305,,Piccadily Agro Ind,   569.2500,   610.0000,   569.2500,   598.1500,      33589,       2337,            20002621
VSWS,B,20260525,530307,,Chaman Lal Setia,   269.3500,   315.5000,   269.3500,   298.4000,      44270,       1284,            12997314
VSWS,B,20260525,530309,,Chandra Prabhu,    14.9900,    14.9900,    14.4000,    14.7100,      41963,         45,              613921
VSWS,B,20260525,530313,,Kimia Biosciences,    35.6000,    35.9400,    34.0000,    35.4500,       4361,         47,              152828
VSWS,B,20260525,530315,,Hindustan Tin Works,   106.3000,   113.0000,   106.3000,   110.5500,       4197,         95,              468127
VSWS,B,20260525,530317,,Godavari Drugs,   121.5500,   128.0000,   121.5500,   126.9500,       7071,         60,              889114
VSWS,B,20260525,530331,,Premco Global,   392.0000,   398.9500,   387.5000,   387.7500,       1083,         57,              425636
VSWS,B,20260525,530341,,Mukesh Babu Fin Ser,   119.8000,   127.7500,   119.8000,   127.7500,         11,          3,                1341
VSWS,B,20260525,530343,,Genus Power Infrastr,   323.9500,   326.5000,   320.0500,   325.2000,      21924,       1002,             7094210
VSWS,B,20260525,530355,,Asian Energy Service,   371.1000,   376.9000,   352.7000,   357.8500,      33461,       1160,            12110515
VSWS,B,20260525,530357,,KBS India,     1.2900,     1.3200,     1.2900,     1.3000,      50544,         85,               66206
VSWS,B,20260525,530361,,Prabhhans Industries,    28.0000,    29.3000,    27.3500,    27.6300,       1887,         28,               52489
VSWS,B,20260525,530363,,Ugar Sugar Works,    42.8200,    42.8200,    41.1100,    42.2100,       6900,        149,              287503
VSWS,B,20260525,530365,,Orient Bell,   310.7000,   363.0000,   310.7000,   359.7500,       3875,        285,             1323454
VSWS,B,20260525,530367,,NRB Bearings,   377.0500,   388.4000,   377.0500,   385.4000,      69249,       1537,            26542430
VSWS,B,20260525,530369,,Vamshi Rubber,    41.9500,    45.9000,    41.3000,    44.9900,       4498,         49,              194635
VSWS,B,20260525,530377,,Nila Infrastructures,     7.9500,     8.2200,     7.9500,     8.1800,       1142,         15,                9232
VSWS,B,20260525,530393,,DB (Intl) Stock Brok,    31.0000,    31.6400,    30.5300,    31.3000,       3182,        173,               98653
VSWS,B,20260525,530401,,Vinyoflex,    50.5000,    55.0000,    50.0000,    51.5300,        683,         18,               35304
VSWS,B,20260525,530405,,Jindal Capital,    33.6000,    34.9400,    33.6000,    33.7000,       2154,         27,               72895
VSWS,B,20260525,530407,,Epic Energy,    39.1000,    40.5000,    38.6600,    39.3800,       5575,         31,              223753
VSWS,B,20260525,530419,,Sumedha Fiscal Serv,    43.0000,    46.5000,    42.6400,    42.9800,      15219,        117,              687044
VSWS,B,20260525,530421,,Kuwer Industries,    12.4600,    12.4600,    12.4600,    12.4600,         13,          2,                 161
VSWS,B,20260525,530427,,Choksi Asia,   137.5000,   139.2000,   129.1000,   132.2000,       5380,        105,              728075
VSWS,B,20260525,530429,,Ashish Polyplast,    31.5900,    31.5900,    28.2300,    28.3400,       2292,         22,               66242
VSWS,B,20260525,530433,,Shiva Global Agro In,    42.2300,    42.2300,    38.2600,    38.7000,      36441,        150,             1414312
VSWS,B,20260525,530439,,Siddha Ventures,     4.4000,     4.4000,     4.0100,     4.4000,       5352,         23,               23495
VSWS,B,20260525,530445,,Sumeru Industries,     1.6900,     1.7400,     1.6500,     1.6900,       6831,         34,               11581
VSWS,B,20260525,530449,,Rungta Irrigation,    51.0000,    52.7000,    50.0100,    52.6900,        763,         10,               38505
VSWS,B,20260525,530457,,GTT Data Solutions,    51.5500,    52.6000,    50.5000,    50.6400,      14104,         89,              721277
VSWS,B,20260525,530459,,Valson Industries,    30.0000,    31.0000,    29.3200,    29.6000,       2677,         21,               79358
VSWS,B,20260525,530461,,Saboo Sodium Chloro,    12.9500,    12.9500,    12.6400,    12.7000,      14762,         67,              188168
VSWS,B,20260525,530475,,Tinna Rubber & Infra,   795.0000,   874.3500,   775.1500,   786.2500,      64741,       3857,            54015202
VSWS,B,20260525,530477,,Vikram Thermo,   159.3500,   161.0000,   152.0000,   160.0000,       7236,        172,             1139791
VSWS,B,20260525,530495,,Stratmont Industries,    78.2700,    78.2700,    77.5000,    78.2700,      57191,         44,             4475139
VSWS,B,20260525,530499,,AK Capital Services,  1625.7500,  1629.9500,  1592.1000,  1629.0000,       1846,        171,             3005173
VSWS,B,20260525,530517,,Relaxo Footwears,   297.4000,   302.9500,   293.6000,   298.6500,      14371,        561,             4299277
VSWS,B,20260525,530521,,Virat Industries,   515.5000,   539.7000,   500.0000,   512.1000,        100,         20,               52232
VSWS,B,20260525,530525,,Rajnish Retail,     2.4200,     2.4200,     2.4200,     2.4200,     106593,         77,              257955
VSWS,B,20260525,530533,,Terai Tea Company,   109.8000,   110.7500,   106.3000,   109.7500,        118,         12,               12973
VSWS,B,20260525,530545,,Cosco (India),   186.2500,   195.0000,   186.0000,   193.9500,        882,         29,              171346
VSWS,B,20260525,530547,,Ken Financial Serv,    14.2700,    14.2700,    14.2700,    14.2700,         14,          1,                 199
VSWS,B,20260525,530549,,Shilpa Medicare,   502.9500,   529.8000,   495.6000,   511.9000,     209679,       7065,           107497796
VSWS,B,20260525,530555,,Paramount Commu,    59.9700,    65.3800,    57.8000,    65.3800,    1161444,       4105,            74171143
VSWS,B,20260525,530557,,NCL Research & Fin,     0.5900,     0.5900,     0.5500,     0.5600,    4423837,       1012,             2503566
VSWS,B,20260525,530565,,Koiya International,    10.9800,    10.9800,    10.9800,    10.9800,        530,          6,                5819
VSWS,B,20260525,530577,,Ladderup Finance,    60.0000,    60.0000,    60.0000,    60.0000,         20,          1,                1200
VSWS,B,20260525,530579,,U Y Fincorp,    15.2300,    15.5000,    14.5600,    14.7800,      33686,         87,              504216
VSWS,B,20260525,530581,,Ekam Leasing & Fin,     7.4600,     7.5000,     7.4600,     7.5000,         51,          2,                 382
VSWS,B,20260525,530585,,Swastika Investmart,    66.0000,    66.0000,    61.3100,    63.7300,      17590,        124,             1094408
VSWS,B,20260525,530589,,Prima Plastics,   118.3000,   122.7000,   115.0000,   118.3000,      21882,        201,             2614901
VSWS,B,20260525,530595,,TeleCanor Global,    20.2400,    20.2400,    18.9300,    18.9300,      17582,        117,              335941
VSWS,B,20260525,530601,,Jagsonpal Services,    54.0000,    54.0000,    49.6000,    49.6000,       1660,          8,               82566
VSWS,B,20260525,530609,,Carnation Industries,    80.7100,    84.9000,    80.7100,    84.9000,        922,         17,               74456
VSWS,B,20260525,530611,,Sturdy Industries,     0.2600,     0.2700,     0.2600,     0.2600,     149809,         54,               39652
VSWS,B,20260525,530615,,Garg Furnace,   131.9500,   131.9500,   122.0000,   122.8000,       4805,         61,              597273
VSWS,B,20260525,530617,,Sampre Nutritions,    13.8100,    13.8200,    13.5000,    13.8200,     215610,        203,             2977237
VSWS,B,20260525,530621,,Akar Auto Industries,    95.0000,    95.6500,    93.5000,    93.9700,       1960,         26,              185626
VSWS,B,20260525,530627,,Vipul Organics,   205.9000,   205.9000,   200.2000,   201.7000,       1405,         18,              283263
VSWS,B,20260525,530643,,Eco Recycling,   439.9000,   459.0000,   436.9500,   457.5500,      14293,        473,             6396948
VSWS,B,20260525,530655,,Goodluck India,  1450.0000,  1469.3500,  1393.0000,  1419.5500,      14823,       1170,            21188662
VSWS,B,20260525,530663,,Goyal Associates,     0.9000,     0.9000,     0.8400,     0.8400,     242335,         76,              204215
VSWS,B,20260525,530665,,Zenith Health Care,     3.2000,     3.2700,     3.1600,     3.2200,      15070,        102,               48758
VSWS,B,20260525,530675,,York Exports,    61.0500,    61.0500,    61.0500,    61.0500,         74,          5,                4517
VSWS,B,20260525,530677,,Supreme Holdings & H,    49.0500,    49.4500,    48.6000,    48.7000,       1072,         35,               52436
VSWS,B,20260525,530689,,Lykis,    45.0000,    48.5000,    45.0000,    46.8500,      26259,         98,             1218095
VSWS,B,20260525,530695,,Prime Property Dev,    22.7500,    22.7500,    21.2200,    22.0000,        877,         25,               19222
VSWS,B,20260525,530697,,Zenlabs Ethica,    30.9900,    35.5000,    30.4900,    32.9900,      47914,        182,             1595910
VSWS,B,20260525,530699,,Raj Rayon Industries,    19.8000,    20.2800,    19.6600,    20.2800,       2224,         30,               44518
VSWS,B,20260525,530705,,Anirit Ventures,    60.0400,    60.0400,    58.8400,    60.0400,       2962,         24,              177802
VSWS,B,20260525,530709,,Gowra Leasing & Fin,    84.8500,    84.8500,    80.0000,    81.4800,        756,         19,               60886
VSWS,B,20260525,530711,,Jagan Lamps,    48.2500,    52.3500,    48.2500,    52.3500,       1256,         31,               64761
VSWS,B,20260525,530723,,Asit C Mehta Fin Ser,   117.0000,   117.0000,   117.0000,   117.0000,         11,          1,                1287
VSWS,B,20260525,530733,,Encode Packaging I,    12.7300,    12.7300,    12.5000,    12.5000,         11,          2,                 138
VSWS,B,20260525,530741,,Ovobel Foods,   147.9500,   155.0000,   144.2000,   152.1500,      19791,        289,             2991371
VSWS,B,20260525,530745,,ACS Technologies,    34.3800,    34.4500,    33.8500,    34.4500,      35772,        333,             1229098
VSWS,B,20260525,530747,,Challani Capital,    20.0000,    21.2000,    19.5500,    19.8500,        325,         19,                6487
VSWS,B,20260525,530759,,Sterling Tools,   235.8500,   239.2000,   230.6000,   234.2500,       2690,         97,              630950
VSWS,B,20260525,530765,,Agarwal Fortune Indi,    23.1000,    23.5000,    23.1000,    23.5000,        170,          5,                3991
VSWS,B,20260525,530771,,KLG Capital Services,    19.3600,    19.3600,    19.3000,    19.3000,          8,          3,                 154
VSWS,B,20260525,530779,,Dynamic Portfolio,    20.1600,    20.1600,    18.2500,    19.2100,        575,          9,               11581
VSWS,B,20260525,530787,,Inland Printers,    48.4000,    48.4000,    46.5300,    46.5300,          3,          3,                 141
VSWS,B,20260525,530789,,Ceejay Finance,   186.4500,   186.4500,   182.8500,   182.8500,         22,          5,                4057
VSWS,B,20260525,530795,,Suncity Synthetics,     9.1000,     9.1000,     8.2400,     8.2400,       3348,          5,               29359
VSWS,B,20260525,530797,,Shree Ganesh Elasto,    18.9500,    18.9500,    18.9500,    18.9500,          1,          1,                  18
VSWS,B,20260525,530799,,Anna Infrastructures,    30.6500,    32.5000,    30.6500,    32.5000,        111,          5,                3603
VSWS,B,20260525,530803,,Bhageria Industries,   153.5000,   155.3000,   152.8500,   153.7500,       2322,         46,              355244
VSWS,B,20260525,530805,,Onesource Industries,     6.9000,     7.2300,     6.6000,     6.7800,      16115,         95,              109507
VSWS,B,20260525,530809,,BNR Udyog,    30.6000,    30.9000,    28.9600,    28.9600,        456,         11,               13232
VSWS,B,20260525,530813,,K R B L,   343.2500,   362.0000,   343.2500,   357.8500,      27954,        774,             9897347
VSWS,B,20260525,530821,,S S P D L,    14.9500,    14.9500,    13.5500,    14.8900,       3014,         17,               41925
VSWS,B,20260525,530825,,Daikaffil Chemicals,    30.0500,    31.8500,    29.9700,    29.9700,      43057,        132,             1304873
VSWS,B,20260525,530829,,Cil Securities,    39.2600,    39.9000,    37.7000,    39.8700,        589,          8,               23361
VSWS,B,20260525,530839,,Clio Infotech,     8.7800,     9.3400,     8.7800,     9.3400,       6680,         29,               59269
VSWS,B,20260525,530843,,Cupid,   120.8500,   124.9500,   120.8500,   124.6500,    1841707,       8348,           227587050
VSWS,B,20260525,530845,,Sunshield Chemicals,   880.0000,   890.0000,   850.0000,   861.1000,       1465,        134,             1277866
VSWS,B,20260525,530853,,Hipolin,    92.8000,    92.8000,    92.8000,    92.8000,        280,          5,               25984
VSWS,B,20260525,530855,,GDL Leasing & Fin,    65.5000,    65.5000,    65.0000,    65.0000,       1411,         12,               92112
VSWS,B,20260525,530871,,Chembond Material Te,   175.0000,   175.0000,   169.9000,   171.6000,        344,         32,               58679
VSWS,B,20260525,530879,,Capital India Financ,    26.7900,    26.7900,    24.8200,    25.0400,       3420,         36,               85472
VSWS,B,20260525,530881,,Arunjyoti Bio Ventur,     5.7000,     5.7200,     5.5500,     5.5800,     562459,        746,             3159426
VSWS,B,20260525,530883,,Super Crop Safe,     9.7200,    10.4500,     9.7200,    10.3500,     121473,        161,             1253172
VSWS,B,20260525,530889,,Audroc,     3.8000,     3.8000,     3.8000,     3.8000,        698,         16,                2652
VSWS,B,20260525,530897,,NG Industries,   120.0000,   120.0000,   115.1500,   115.7500,        543,         18,               63597
VSWS,B,20260525,530899,,Asia Pack,    51.5000,    51.5000,    47.5000,    47.5000,        217,         12,               10338
VSWS,B,20260525,530907,,SI Capital & Fin Ser,    24.5000,    24.5000,    24.2300,    24.2300,         95,          6,                2320
VSWS,B,20260525,530919,,Remsons Industries,    92.6500,    95.0000,    90.6500,    93.6000,      22032,        311,             2051305
VSWS,B,20260525,530925,,Ramsons Projects,    88.0000,    88.0000,    85.5000,    85.5000,       1207,         37,              103956
VSWS,B,20260525,530929,,RRP Defense,   736.1500,   736.1500,   736.1500,   736.1500,        588,         27,              432856
VSWS,B,20260525,530931,,Stanpacks (India),    10.4800,    11.0000,    10.4800,    11.0000,       4401,         11,               47643
VSWS,B,20260525,530943,,Aqylon Nexus,    60.6700,    62.2900,    58.9000,    62.2900,     297672,        640,            18421932
VSWS,B,20260525,530951,,Raminfo,    47.0000,    47.6900,    45.5100,    47.0400,       9189,         91,              427984
VSWS,B,20260525,530953,,Sunil Agro Foods,    82.6900,    82.6900,    78.0000,    82.4500,        505,          7,               39573
VSWS,B,20260525,530959,,Diana Tea Company,    26.0600,    27.0000,    26.0600,    26.9700,       4232,         21,              113093
VSWS,B,20260525,530961,,Vikas EcoTech,     1.2800,     1.3500,     1.2800,     1.3500,     934202,       5885,             1250912
VSWS,B,20260525,530965,,Indian Oil Corp,   143.5000,   145.3000,   143.1500,   143.9000,    2032285,      16540,           293215316
VSWS,B,20260525,530973,,Alfa Ica (India),    81.5000,    81.5000,    81.4000,    81.4000,        289,          4,               23526
VSWS,B,20260525,530977,,Shri Keshav Cements,   160.0000,   160.0000,   149.8500,   158.4500,       1295,         46,              197613
VSWS,B,20260525,530979,,India Home Loan,    31.9800,    31.9800,    30.3000,    31.3900,       1226,         33,               38477
VSWS,B,20260525,530985,,JPT Securities,    19.0000,    19.9500,    19.0000,    19.4800,       3037,         22,               58858
VSWS,B,20260525,530991,,Roopa Industries,    51.0300,    53.9800,    51.0300,    53.9800,          4,          2,                 210
VSWS,B,20260525,530993,,Sarthak Global,    41.9900,    41.9900,    40.1100,    41.0000,         42,          4,                1719
VSWS,B,20260525,530997,,Unique Organic,   111.8000,   114.0000,   105.5000,   106.5300,       1337,         38,              144369
VSWS,B,20260525,530999,,Balaji Amines,  1878.5500,  1956.8000,  1841.0000,  1920.2500,      21470,       1588,            40934710
VSWS,B,20260525,531015,,Venmax Drugs Pharma,    24.0000,    24.0000,    22.6000,    23.8900,       1946,         30,               45978
VSWS,B,20260525,531017,,Arihant's Securities,    23.0000,    25.0000,    21.5000,    22.5600,       4781,         41,              113624
VSWS,B,20260525,531025,,Visagar Fin Services,     0.3600,     0.3900,     0.3500,     0.3900,    1564364,        448,              585670
VSWS,B,20260525,531033,,Regal Entertainment,    16.4000,    16.9000,    16.3000,    16.4600,       5791,         19,               95254
VSWS,B,20260525,531035,,Eraaya Lifespaces,    33.5800,    34.6900,    33.0100,    33.7200,      71882,        179,             2437704
VSWS,B,20260525,531041,,Competent Automobile,   355.0000,   379.0000,   355.0000,   372.9500,        173,         21,               63343
VSWS,B,20260525,531049,,Neelkanth Rockmine,    20.6200,    21.6200,    19.6000,    20.3600,       2966,         24,               61350
VSWS,B,20260525,531067,,Contil India,    25.2500,    25.2500,    20.8000,    23.8900,       7487,         63,              172961
VSWS,B,20260525,531069,,Vijay Solvex,   585.0000,   614.9500,   585.0000,   600.0000,        710,         32,              425102
VSWS,B,20260525,531082,,Alankit,     8.5700,     9.1800,     8.5700,     9.1500,      57486,        257,              521186
VSWS,B,20260525,531091,,United Credit,    31.0000,    31.0000,    26.0000,    27.6600,       3620,         39,               98657
VSWS,B,20260525,531092,,Om Infra,    88.3100,    88.9400,    87.8200,    88.4200,        735,         36,               64955
VSWS,B,20260525,531099,,Centuple Global,    47.9000,    47.9000,    45.0000,    45.1800,       6144,         32,              277610
VSWS,B,20260525,531109,,Ishan Dyes And Chemi,    61.2500,    65.0500,    61.2500,    63.7700,       1852,         28,              119025
VSWS,B,20260525,531111,,Gothi Plascon (India,    38.0000,    38.1100,    34.5500,    34.5500,        700,          6,               26310
VSWS,B,20260525,531112,,Balu Forge Industrie,   476.2000,   483.7000,   462.0500,   467.2000,      45596,       1814,            21614215
VSWS,B,20260525,531119,,Ceenik Exports (I),   201.1000,   212.0000,   201.1000,   203.9000,       1585,         48,              327403
VSWS,B,20260525,531120,,Patel Engineering,    26.2000,    26.5200,    26.1000,    26.2700,     161270,        929,             4242824
VSWS,B,20260525,531126,,Kati Patang Lifestyl,    17.0000,    17.8700,    16.4100,    17.4900,       5973,         32,              103265
VSWS,B,20260525,531129,,Inani Marbles & Ind,    11.8000,    11.8000,    11.4500,    11.4600,       3572,         21,               41170
VSWS,B,20260525,531137,,Gemstone Investments,     1.5300,     1.6500,     1.5300,     1.5600,      34263,        116,               54181
VSWS,B,20260525,531144,,EL Forge,    18.4300,    18.8900,    18.0100,    18.2400,      30882,        106,              568299
VSWS,B,20260525,531146,,Medicamen Biotech,   268.0000,   274.2500,   266.8500,   270.8500,       1678,         93,              452244
VSWS,B,20260525,531147,,Alicon Castalloy,   656.2500,   663.9500,   650.0000,   660.2000,       1503,        156,              985349
VSWS,B,20260525,531153,,Diligent Industries,     2.2500,     2.3000,     2.2100,     2.2600,      96177,        160,              216745
VSWS,B,20260525,531156,,Alfavision Overseas,     9.8800,    10.7000,     9.8800,     9.9400,     205253,        103,             2032350
VSWS,B,20260525,531158,,Catvision,    21.0900,    21.0900,    19.0500,    19.7800,       2093,         28,               42024
VSWS,B,20260525,531161,,ABM Knowledgeware,   252.9000,   252.9000,   238.0000,   238.7500,       1925,         70,              462131
VSWS,B,20260525,531162,,Emami,   403.5000,   408.2500,   402.0000,   404.4500,      27452,        968,            11127454
VSWS,B,20260525,531163,,Kemistar Corporation,    63.9900,    63.9900,    60.1000,    62.8900,       1325,         17,               81106
VSWS,B,20260525,531168,,Associated Ceramics,   170.2500,   177.9000,   165.0000,   174.2500,        288,         19,               48489
VSWS,B,20260525,531169,,SKP Securities,   104.0000,   104.0000,    96.0000,    97.0400,       4254,        126,              416205
VSWS,B,20260525,531173,,Syschem (India),    53.2500,    53.2500,    49.0000,    49.3900,     149303,        428,             7625099
VSWS,B,20260525,531176,,Mefcom Capital Mkt,    12.4900,    12.4900,    11.5200,    11.8300,       4738,         48,               55940
VSWS,B,20260525,531178,,Hemang Resources,    13.7000,    14.3800,    13.7000,    14.3000,        152,          7,                2156
VSWS,B,20260525,531179,,Arman Financial Serv,  1736.9000,  1800.0000,  1701.1500,  1718.0500,       1606,        231,             2818444
VSWS,B,20260525,531190,,Eforu Entertainment,    89.2500,    89.2500,    81.0100,    87.4900,        720,          8,               58401
VSWS,B,20260525,531199,,Glance Finance,   159.0000,   160.0000,   159.0000,   159.9000,         28,          7,                4469
VSWS,B,20260525,531201,,Shilchar Technologie,  4106.0000,  4160.0000,  4029.1500,  4080.5500,       3393,        618,            13899425
VSWS,B,20260525,531203,,Tradewell Holdings,    58.0000,    58.0000,    58.0000,    58.0000,         35,          3,                2030
VSWS,B,20260525,531205,,Spright Agro,     0.5400,     0.5400,     0.5300,     0.5400,    3122209,        740,             1685535
VSWS,B,20260525,531209,,Nucleus Software Exp,   824.4500,   824.4500,   761.8500,   775.3500,       5122,        458,             3993823
VSWS,B,20260525,531210,,Colinz Laboratories,    46.2000,    46.2000,    46.1800,    46.2000,        366,          8,               16908
VSWS,B,20260525,531212,,Nalin Lease Finance,    43.0000,    44.8400,    42.9000,    42.9400,        876,         15,               37630
VSWS,B,20260525,531213,,Manappuram Finance,   327.3000,   333.8000,   324.9500,   325.5500,     216240,       3138,            71126849
VSWS,B,20260525,531215,,RTS Power Corp,   126.0500,   132.0000,   126.0500,   131.0000,       4856,         29,              631620
VSWS,B,20260525,531216,,Comfort Intech,     6.7000,     7.0000,     6.4500,     6.5000,     216824,        588,             1435727
VSWS,B,20260525,531219,,Shyama Computronics,     3.1500,     3.1500,     3.1500,     3.1500,       2600,          5,                8190
VSWS,B,20260525,531221,,Mayur Floorings,    18.6800,    18.6800,    18.6800,    18.6800,          3,          3,                  56
VSWS,B,20260525,531223,,Anjani Synthetics,    22.5000,    23.8600,    22.5000,    23.3200,       6528,         77,              151715
VSWS,B,20260525,531225,,XTGlobal Infotech,    33.9000,    33.9000,    30.6100,    32.3700,       6500,        319,              209498
VSWS,B,20260525,531228,,Rander Corporation,     9.1200,     9.4800,     9.1200,     9.1200,       4177,         17,               38097
VSWS,B,20260525,531233,,Rasi Electrodes,    13.0400,    13.5000,    13.0000,    13.1500,       9976,         78,              131454
VSWS,B,20260525,531234,,Scoobee Day Garments,    71.9500,    72.5000,    70.0000,    72.5000,       1386,         31,               99174
VSWS,B,20260525,531235,,Citi Port Fin Serv,    42.2300,    42.2300,    42.2300,    42.2300,         10,          2,                 422
VSWS,B,20260525,531237,,Dhruva Capital Serv,   406.9000,   412.0500,   406.2000,   412.0500,       2594,         14,             1060269
VSWS,B,20260525,531240,,Shamrock Industrial,    22.4400,    22.4400,    22.4400,    22.4400,         13,          2,                 291
VSWS,B,20260525,531241,,Linc,    99.5000,   100.8500,    98.7000,   100.8500,       1946,         29,              194005
VSWS,B,20260525,531246,,Prima Industries,    17.6900,    17.8500,    16.5600,    17.8300,        391,          8,                6484
VSWS,B,20260525,531253,,India Gelatine,   348.0000,   358.9000,   340.6500,   350.3000,       3567,        178,             1245077
VSWS,B,20260525,531254,,Optimus Finance,    15.0100,    15.7100,    14.7100,    15.3200,     323883,        281,             4965306
VSWS,B,20260525,531255,,Paragon Finance,    53.0000,    53.0000,    48.7000,    48.7300,        256,         14,               12949
VSWS,B,20260525,531257,,Vellora Impact,    18.0000,    18.9800,    17.9600,    18.4200,      95872,         49,             1751165
VSWS,B,20260525,531259,,Esha Media Research,    28.5500,    28.5500,    28.5500,    28.5500,          1,          1,                  28
VSWS,B,20260525,531260,,Refex Renewables & I,   311.8500,   311.8500,   311.8500,   311.8500,       1743,         20,              543554
VSWS,B,20260525,531262,,Equilateral Enterpri,    24.4000,    24.4000,    22.5200,    22.5200,       2787,          7,               65334
VSWS,B,20260525,531265,,Progrex Ventures,    29.5800,    29.5800,    29.5800,    29.5800,        900,          5,               26622
VSWS,B,20260525,531266,,VST Tillers Tractors,  4700.6500,  4787.0500,  4691.3000,  4741.4000,        251,         83,             1190527
VSWS,B,20260525,531268,,B2B Software Techno,    24.2600,    25.1800,    24.2600,    24.8400,       7172,        151,              177333
VSWS,B,20260525,531273,,Radhe Developers (I),     1.6500,     1.6700,     1.6100,     1.6600,     142479,        159,              233099
VSWS,B,20260525,531274,,Kinetic Trust,    32.0000,    32.0000,    29.0300,    29.6200,         26,          7,                 805
VSWS,B,20260525,531278,,Elixir Capital,   116.0000,   118.0000,   115.3000,   116.9000,       2459,         24,              287499
VSWS,B,20260525,531279,,Trishakti Industries,   149.2000,   150.5000,   141.5000,   143.4500,      11540,        175,             1672707
VSWS,B,20260525,531280,,Pankaj Polymers,    69.0000,    69.0000,    64.2000,    64.3100,      10308,         30,              667682
VSWS,B,20260525,531281,,Marble City India,    90.1500,    99.0000,    90.1500,    97.9600,       3462,         42,              334577
VSWS,B,20260525,531283,,Cindrella Financial,     9.4500,     9.4500,     9.4500,     9.4500,        418,          2,                3950
VSWS,B,20260525,531286,,Adhata Global,    35.8200,    35.8200,    35.8000,    35.8000,        495,          6,               17723
VSWS,B,20260525,531287,,National Plastic Tec,   222.0500,   227.0500,   216.0000,   224.4500,       1515,         60,              335886
VSWS,B,20260525,531288,,Lead Financial Ser,    18.4200,    18.4200,    18.4200,    18.4200,          1,          1,                  18
VSWS,B,20260525,531289,,National Fittings,   180.3000,   185.9500,   174.7500,   174.7500,      24273,        235,             4301538
VSWS,B,20260525,531297,,Artefact Projects,    58.7300,    59.2900,    58.0000,    58.1500,       3722,         67,              217684
VSWS,B,20260525,531300,,Amit International,     3.1500,     3.1500,     3.1500,     3.1500,      14954,         13,               47105
VSWS,B,20260525,531301,,Tusaldah,   157.0500,   165.0000,   156.8000,   165.0000,         47,          5,                7387
VSWS,B,20260525,531304,,Nutech Global,    22.5800,    22.5800,    22.5800,    22.5800,         25,          1,                 564
VSWS,B,20260525,531306,,DHP India,   530.0000,   540.0000,   521.1000,   529.9500,        743,         29,              397921
VSWS,B,20260525,531307,,RRIL,    20.2100,    20.5500,    20.0000,    20.0800,       6083,         30,              122023
VSWS,B,20260525,531310,,Available Finance,   157.5000,   160.5000,   156.2000,   158.0000,       1091,        123,              171992
VSWS,B,20260525,531314,,Integra Capital,    16.0200,    16.0200,    16.0200,    16.0200,         25,          1,                 400
VSWS,B,20260525,531319,,Maruti Global Indust,    40.9500,    41.0300,    39.5000,    41.0300,       2756,         35,              112866
VSWS,B,20260525,531322,,Sri Havisha Hospital,     1.5500,     1.5700,     1.5500,     1.5700,       3713,         25,                5756
VSWS,B,20260525,531323,,Jayatma Industries,    12.6000,    12.6000,    12.6000,    12.6000,         37,          1,                 466
VSWS,B,20260525,531324,,Roselabs Finance,    19.4700,    21.4700,    19.4700,    21.4700,         20,          3,                 409
VSWS,B,20260525,531328,,Kretto Syscon,     0.5700,     0.5700,     0.5600,     0.5600,    3634456,        296,             2038292
VSWS,B,20260525,531335,,Zydus Wellness,   499.8500,   499.8500,   484.8500,   486.7500,      13158,        605,             6461510
VSWS,B,20260525,531338,,Milestone Global,    19.5000,    19.5000,    19.0100,    19.0100,       1408,          8,               26874
VSWS,B,20260525,531340,,Bervin Inv & Leas,    69.1500,    69.1500,    62.6100,    62.6100,         12,          3,                 761
VSWS,B,20260525,531341,,Ashtasidhhi Industri,    17.5500,    17.5500,    17.5500,    17.5500,         54,          5,                 947
VSWS,B,20260525,531344,,Container Corp,   514.1000,   514.1000,   507.4500,   512.3000,      27153,       1021,            13852793
VSWS,B,20260525,531346,,Eastern Treads,    28.1600,    28.6900,    27.6100,    28.5000,          4,          4,                 112
VSWS,B,20260525,531349,,Panacea Biotec,   420.0000,   431.0000,   417.7000,   418.6000,       7571,        250,             3180333
VSWS,B,20260525,531352,,Peeti Securities,    19.0000,    19.0000,    19.0000,    19.0000,        200,          2,                3800
VSWS,B,20260525,531357,,Mercury Ev-Tech,    30.7900,    30.9000,    30.2000,    30.3400,      60415,        548,             1847470
VSWS,B,20260525,531358,,Choice International,   685.0000,   693.0000,   680.3000,   689.0000,      26462,       1159,            18229729
VSWS,B,20260525,531359,,Shriram Asset Mgmt,   299.9500,   308.9000,   285.0000,   299.4500,       1501,         83,              443112
VSWS,B,20260525,531360,,Golechha Global Fina,    33.0000,    33.0000,    33.0000,    33.0000,          1,          1,                  33
VSWS,B,20260525,531364,,Ekansh Concepts,   206.0500,   228.9000,   206.0500,   226.7500,       3319,         62,              732129
VSWS,B,20260525,531370,,Sparc Electrex,     5.4000,     5.5000,     5.4000,     5.4500,       1711,          6,                9317
VSWS,B,20260525,531373,,Byke Hospitality,    35.5700,    36.9900,    35.3500,    36.0200,       4594,         79,              166871
VSWS,B,20260525,531380,,Centenial Surgical,    89.3300,    93.7400,    89.3300,    93.6500,         76,          5,                7113
VSWS,B,20260525,531381,,Arihant Foundations,   922.9500,   922.9500,   800.0000,   849.1500,       1925,        193,             1605074
VSWS,B,20260525,531387,,Hasti Finance,     7.4000,     7.4000,     7.4000,     7.4000,         42,          3,                 310
VSWS,B,20260525,531390,,Upsurge Invt & Fin,    63.5000,    64.9800,    61.0000,    62.6400,       5379,         50,              334166
VSWS,B,20260525,531395,,Padam Cotton Yarns,     0.9300,     0.9300,     0.8900,     0.9100,     881926,        594,              805956
VSWS,B,20260525,531396,,Pagaria Energy,     7.9600,     7.9800,     7.9600,     7.9800,       1302,          4,               10363
VSWS,B,20260525,531398,,Source Natural Foods,   125.0000,   125.0000,   107.0000,   107.6500,       1128,         40,              122980
VSWS,B,20260525,531399,,GG Automotive Gears,   136.5000,   139.0500,   131.5500,   135.5500,      13522,        200,             1843385
VSWS,B,20260525,531400,,Almondz Global Sec,    14.1300,    14.1300,    13.6900,    13.9500,       7692,         20,              106074
VSWS,B,20260525,531402,,LWS Knitwear,    16.5800,    17.5500,    16.5800,    17.1000,      27187,         27,              462290
VSWS,B,20260525,531406,,ANS Industries,    16.1500,    16.1500,    16.1500,    16.1500,        100,          1,                1615
VSWS,B,20260525,531409,,Alchemist Corp,    30.4300,    30.4300,    30.4300,    30.4300,       2599,          3,               79087
VSWS,B,20260525,531411,,Tuni Textile Mills,     1.0300,     1.0600,     1.0200,     1.0400,     166721,        208,              173432
VSWS,B,20260525,531412,,Radix Industries (I),   176.0000,   189.4500,   176.0000,   189.4500,        100,         10,               18124
VSWS,B,20260525,531413,,Kiran Print Pack,    28.6500,    28.6500,    28.6500,    28.6500,       2509,          5,               71882
VSWS,B,20260525,531416,,Narendra Properties,    34.2400,    37.0000,    34.2400,    37.0000,        137,          8,                5006
VSWS,B,20260525,531417,,Mega Corporation,     3.0800,     3.3200,     3.0800,     3.1700,      97792,        160,              309556
VSWS,B,20260525,531420,,Bokadia Films,    19.7000,    19.7000,    19.7000,    19.7000,        328,          9,                6461
VSWS,B,20260525,531426,,Tamil Nadu Newsprint,   150.7000,   152.7000,   149.8000,   151.3000,       2454,         98,              370559
VSWS,B,20260525,531431,,Shakti Pumps (India),   506.2500,   516.0000,   506.2500,   511.3000,      44295,       1187,            22644324
VSWS,B,20260525,531433,,Sungold Capital,     3.0000,     3.0000,     3.0000,     3.0000,          1,          1,                   3
VSWS,B,20260525,531436,,Saffron Industries,    31.1000,    32.8000,    31.0000,    31.3200,       6725,         40,              210429
VSWS,B,20260525,531437,,Prakash Woollen & Sy,    24.9600,    26.0000,    24.7000,    24.7000,        405,         10,               10074
VSWS,B,20260525,531439,,Aion-Tech Solutions,    41.0000,    43.3000,    40.0000,    41.7900,      27840,        293,             1151380
VSWS,B,20260525,531441,,Lyons Corporate,    17.8000,    17.8000,    17.8000,    17.8000,          5,          1,                  89
VSWS,B,20260525,531444,,Vardhman Concrete,     7.3200,     7.3200,     7.3200,     7.3200,        163,          4,                1193
VSWS,B,20260525,531449,,GRM Overseas,   163.1000,   166.5500,   154.7500,   156.6500,     274367,       1718,            44139562
VSWS,B,20260525,531453,,Mohit Industries,    23.0000,    23.9500,    22.9000,    22.9000,        508,         11,               11722
VSWS,B,20260525,531454,,Polylink Polymers,    18.5500,    19.4800,    18.5500,    18.9900,       2782,         36,               52840
VSWS,B,20260525,531456,,Minaxi Textiles,     1.5200,     1.5300,     1.4100,     1.5300,       3843,         20,                5842
VSWS,B,20260525,531458,,Boston Commerce,     7.8500,     7.8500,     7.6000,     7.6000,       2012,          3,               15294
VSWS,B,20260525,531460,,Continental Controls,     8.3500,     8.3500,     7.9500,     8.3500,        547,          7,                4442
VSWS,B,20260525,531463,,Global Infra & Fin,    35.8700,    35.8700,    35.8700,    35.8700,         18,          5,                 645
VSWS,B,20260525,531465,,Nouveau Global Vent,     0.4900,     0.4900,     0.4900,     0.4900,       1538,          9,                 753
VSWS,B,20260525,531471,,Duke Offshore,    16.6500,    17.1400,    16.6500,    16.9500,       1926,         39,               32296
VSWS,B,20260525,531472,,Cybele Industries,    43.3800,    43.3800,    40.5200,    41.0200,       1061,         15,               43533
VSWS,B,20260525,531486,,Filmcity Media,     2.1900,     2.2300,     2.0400,     2.2200,       1420,         27,                3016
VSWS,B,20260525,531489,,CG Vak Software,   208.0000,   208.0000,   195.3000,   196.0500,      10844,        250,             2154127
VSWS,B,20260525,531494,,Navkar Urbanstructur,     0.8300,     0.8700,     0.8200,     0.8600,     380051,        100,              322273
VSWS,B,20260525,531495,,Blue Coast Hotels,    31.0000,    32.6800,    30.2000,    32.6700,        258,         11,                8305
VSWS,B,20260525,531496,,Omkar Overseas,     9.7400,     9.7400,     9.7400,     9.7400,       4500,          3,               43830
VSWS,B,20260525,531497,,Madhucon Projects,     5.5100,     5.7800,     5.2600,     5.3200,       8877,         76,               48844
VSWS,B,20260525,531499,,Sybly Industries,     1.7800,     1.7800,     1.7800,     1.7800,        500,          1,                 890
VSWS,B,20260525,531500,,Rajesh Exports,   110.0000,   113.7500,   108.2500,   113.7000,      37498,        618,             4213079
VSWS,B,20260525,531502,,Esaar (India),    10.3500,    10.7500,    10.3400,    10.4900,       3705,         35,               38793
VSWS,B,20260525,531503,,Maris Spinners,    31.2100,    31.2100,    31.2100,    31.2100,         20,          1,                 624
VSWS,B,20260525,531505,,Indergiri Finance,    16.2600,    17.0700,    16.0000,    17.0700,        800,          4,               13144
VSWS,B,20260525,531506,,Shukra Bullions,    43.7400,    43.7400,    43.7400,    43.7400,          1,          1,                  43
VSWS,B,20260525,531508,,Eveready Industries,   321.0000,   323.0000,   316.5500,   318.1500,       3284,        109,             1048024
VSWS,B,20260525,531512,,Orient Tradelink,     8.5500,     8.5500,     8.5500,     8.5500,      30322,         39,              259253
VSWS,B,20260525,531515,,Mahan Industries,    10.5600,    10.5600,    10.5600,    10.5600,        554,         11,                5850
VSWS,B,20260525,531518,,Vikas Proppant & Gra,     0.2900,     0.3000,     0.2900,     0.2900,     132367,         80,               39036
VSWS,B,20260525,531521,,Desh Rakshak Aushdh,    33.2100,    33.2100,    33.2100,    33.2100,        900,          5,               29889
VSWS,B,20260525,531525,,ACE Software Exports,   116.0000,   121.2000,   113.1000,   120.6500,      15224,        122,             1814587
VSWS,B,20260525,531529,,Softrak Venture Inv,     1.7900,     1.8400,     1.7300,     1.7500,   22648164,        118,            39636376
VSWS,B,20260525,531531,,Hatsun Agro Products,   903.8500,   945.0000,   903.8500,   938.0500,       2347,        218,             2178803
VSWS,B,20260525,531533,,Accedere,    59.7700,    59.7700,    54.5000,    58.4900,       1565,         22,               87758
VSWS,B,20260525,531537,,Mizzen Ventures,   155.4000,   155.4000,   152.1000,   155.4000,      39708,         39,             6170475
VSWS,B,20260525,531539,,Rishabh Digha Steel,    33.5000,    33.5000,    30.1100,    32.0000,        503,          9,               15226
VSWS,B,20260525,531540,,Maruti Infra,    13.5900,    13.5900,    12.8000,    13.1900,      33129,        114,              431239
VSWS,B,20260525,531541,,Kobo Biotech,     3.4200,     3.4200,     3.4200,     3.4200,      10611,         15,               36289
VSWS,B,20260525,531543,,Jindal Worldwide,    26.4300,    26.8600,    26.2500,    26.6900,      31721,        173,              846958
VSWS,B,20260525,531548,,Somany Ceramics,   539.4500,   539.4500,   515.0000,   517.2500,       3319,        253,             1736803
VSWS,B,20260525,531550,,Jhaveri Credits,   183.5000,   183.5000,   175.5000,   182.7000,         55,         12,                9891
VSWS,B,20260525,531552,,RTCL,    14.8500,    15.5000,    14.0000,    14.5600,       8916,         28,              132882
VSWS,B,20260525,531553,,Disha Resources,    21.8000,    21.8000,    21.7900,    21.8000,        782,         19,               17046
VSWS,B,20260525,531556,,Coral India Finance,    33.0500,    33.3000,    31.4500,    32.5600,       3548,        386,              114582
VSWS,B,20260525,531557,,Amit Securities,    52.9200,    52.9200,    48.0000,    52.8900,        978,          7,               47219
VSWS,B,20260525,531568,,Tridev InfraEstates,     6.0100,     6.0100,     6.0100,     6.0100,         25,          1,                 150
VSWS,B,20260525,531569,,Sanjivani Paranteral,   146.3500,   150.0000,   145.4000,   147.5000,       7496,        105,             1110379
VSWS,B,20260525,531572,,Ranjit Securities,    64.0500,    64.5000,    61.4700,    61.4700,        325,         10,               20266
VSWS,B,20260525,531574,,Vas Infrastructure,    11.3300,    11.3300,    11.3300,    11.3300,        131,          2,                1484
VSWS,B,20260525,531578,,KMF Builders & Devel,     6.5400,     6.5500,     6.2300,     6.2700,        666,         10,                4343
VSWS,B,20260525,531582,,Beryl Securities,    27.8900,    27.8900,    27.8900,    27.8900,        300,          2,                8367
VSWS,B,20260525,531583,,Rap Corp,    31.3500,    32.2000,    30.0000,    31.7000,        325,          8,               10180
VSWS,B,20260525,531591,,BAMPSL Securities,    18.7700,    19.0000,    18.5100,    18.6600,       3021,         30,               56793
VSWS,B,20260525,531592,,Genpharmasec,     1.2800,     1.2800,     1.2800,     1.2800,     651853,        122,              834371
VSWS,B,20260525,531594,,Incon Engineers,    16.0500,    16.0500,    15.2900,    15.9200,         13,          6,                 207
VSWS,B,20260525,531595,,Capri Global Capital,   193.9000,   193.9000,   188.5500,   189.5500,     115518,      10202,            22057850
VSWS,B,20260525,531599,,F D C,   372.0000,   372.6000,   363.9000,   369.9500,      10162,        588,             3730322
VSWS,B,20260525,531608,,Gorani Industries,    46.0000,    49.5900,    45.0600,    49.1400,        675,         26,               30779
VSWS,B,20260525,531609,,KG Petrochem,   197.0000,   197.0000,   197.0000,   197.0000,          2,          1,                 394
VSWS,B,20260525,531613,,Meyer Apparel,     1.8000,     1.8500,     1.8000,     1.8500,       5198,         13,                9489
VSWS,B,20260525,531624,,Country Condo's,     4.8700,     5.0900,     4.8700,     4.9000,       2706,         32,               13274
VSWS,B,20260525,531626,,Orosil Smiths India,     6.9900,     7.0000,     5.5500,     5.9800,     641727,        625,             4139086
VSWS,B,20260525,531628,,Tejassvi Aaharam,    36.5300,    36.5300,    36.5300,    36.5300,       5008,         16,              182942
VSWS,B,20260525,531633,,Lincoln Pharm,   748.8500,   748.8500,   715.5500,   717.2000,       2744,        206,             1997276
VSWS,B,20260525,531635,,Silver Oak (India),    81.6800,    83.7900,    79.0600,    82.5100,       1447,         61,              116563
VSWS,B,20260525,531637,,Praveg,   255.0500,   265.0000,   255.0000,   263.5000,       6879,        344,             1778207
VSWS,B,20260525,531638,,Suraj,   237.0000,   239.9500,   235.0000,   239.7500,        121,          9,               28861
VSWS,B,20260525,531642,,Marico,   808.9000,   832.0000,   808.9000,   824.4000,      41874,       2170,            34323110
VSWS,B,20260525,531644,,Tokyo Finance,    18.4800,    19.5700,    18.4800,    19.1500,        476,          9,                9207
VSWS,B,20260525,531651,,National General,    63.8000,    63.8000,    59.0000,    62.8200,       1986,         15,              120371
VSWS,B,20260525,531652,,UVS Hosp & Services,    98.0000,    98.0000,    87.2500,    88.3500,       9652,         52,              851874
VSWS,B,20260525,531658,,Abate As Industries,    10.2500,    10.5900,    10.0400,    10.1000,       6712,         53,               68250
VSWS,B,20260525,531661,,Hittco Tools,     9.7200,    10.4500,     9.7200,    10.0000,        698,         14,                6841
VSWS,B,20260525,531663,,Yuvraaj Hygiene Prod,     7.4000,     7.4000,     7.0000,     7.0500,      41230,         90,              293369
VSWS,B,20260525,531667,,RR Metalmakers India,    30.9800,    30.9800,    29.6500,    29.9200,        371,         21,               11468
VSWS,B,20260525,531668,,Vision Corporation,     2.6100,     2.7900,     2.5700,     2.6500,        937,         10,                2439
VSWS,B,20260525,531671,,Karnawati Innovation,     1.5600,     1.6100,     1.5000,     1.5100,      33669,         89,               51787
VSWS,B,20260525,531672,,Inani Securities,    23.2600,    23.3700,    23.0700,    23.0700,       1214,          5,               28131
VSWS,B,20260525,531673,,Anka India,    24.5500,    25.7500,    24.1000,    25.4900,       3774,         32,               96456
VSWS,B,20260525,531676,,Emrock Corporation,   281.4500,   291.0000,   281.4500,   291.0000,       7840,         23,             2222295
VSWS,B,20260525,531680,,Mayur Leather,    18.9000,    18.9200,    17.8000,    18.4800,       2413,         35,               45480
VSWS,B,20260525,531681,,Amerise Biosciences,     0.6900,     0.7100,     0.6900,     0.7100,      12683,         19,                8863
VSWS,B,20260525,531685,,Frontline Financial,    10.3100,    10.3100,    10.3100,    10.3100,          3,          1,                  30
VSWS,B,20260525,531688,,Prithvi Exchange (I),   112.2000,   116.5000,   109.3500,   112.9500,       3963,         73,              444914
VSWS,B,20260525,531692,,Khyati Multimedia,     3.1800,     3.4900,     3.1800,     3.4800,      14926,          9,               51922
VSWS,B,20260525,531694,,Rainbow Foundations,    45.1000,    47.3000,    42.8800,    45.0100,      10779,         47,              487550
VSWS,B,20260525,531716,,Tricom Fruit Product,     1.8000,     1.8000,     1.7500,     1.8000,       8299,         18,               14936
VSWS,B,20260525,531717,,Vidhi Specialty Food,   293.8500,   306.1000,   293.8500,   305.7000,       1676,         62,              505906
VSWS,B,20260525,531719,,Bhagiradha Chemicals,   244.5500,   248.5000,   244.3500,   245.3000,        662,         36,              162334
VSWS,B,20260525,531723,,GACM Technologies,     0.5200,     0.5300,     0.5100,     0.5200,     985158,        158,              515038
VSWS,B,20260525,531726,,Panchsheel Organics,   149.4500,   154.4000,   142.0000,   144.9500,      18418,        222,             2717737
VSWS,B,20260525,531727,,Menon Pistons,    58.7600,    60.9000,    58.7600,    60.2500,       5045,         69,              301084
VSWS,B,20260525,531737,,Greencrest Fin Ser,     0.5000,     0.5000,     0.4900,     0.4900,     143134,         89,               70465
VSWS,B,20260525,531739,,Gennex Laboratories,    12.6800,    12.9900,    12.1100,    12.6700,    2978211,       1173,            37753818
VSWS,B,20260525,531744,,Gini Silk Mills,    55.3000,    58.9900,    55.3000,    56.0600,       1665,         26,               94257
VSWS,B,20260525,531746,,Prajay Engineers,    20.2000,    22.4600,    20.2000,    20.9600,       8404,        275,              178229
VSWS,B,20260525,531752,,Biogen Pharma Ind,     0.3600,     0.3700,     0.3400,     0.3600,    9272587,       1593,             3285928
VSWS,B,20260525,531758,,GK Consultants,    12.8500,    13.9900,    12.5000,    13.2500,       2189,         20,               27392
VSWS,B,20260525,531761,,Apollo Pipes,   525.7000,   528.0000,   515.5500,   521.2500,      13734,        525,             7167566
VSWS,B,20260525,531762,,Unjha Formulations,    19.4000,    20.0000,    19.4000,    20.0000,       1100,          3,               21340
VSWS,B,20260525,531768,,Poly Medicure,  1634.6500,  1634.6500,  1514.0000,  1538.3500,      20512,       2006,            32236164
VSWS,B,20260525,531769,,PFL Infotech,     4.1300,     4.1300,     4.1300,     4.1300,         86,          3,                 355
VSWS,B,20260525,531771,,Shraddha Prime Proje,   157.5000,   162.2500,   157.5000,   159.5500,      39342,        121,             6284463
VSWS,B,20260525,531778,,Kachchh Minerals,    27.0000,    29.2000,    27.0000,    28.0100,       1035,         14,               29107
VSWS,B,20260525,531779,,Padmanabh Alloy,    12.7500,    13.0500,    12.7500,    13.0100,        429,          7,                5539
VSWS,B,20260525,531780,,Kaiser Corporation,     6.7000,     6.9500,     6.5100,     6.6100,      20945,        194,              139462
VSWS,B,20260525,531784,,KCL Infra Projects,     1.3100,     1.3200,     1.2900,     1.3000,     114543,        149,              149632
VSWS,B,20260525,531794,,Seshachal Technologi,    95.3000,    95.3000,    95.3000,    95.3000,       1550,          8,              147715
VSWS,B,20260525,531795,,Atul Auto,   493.2500,   495.0000,   486.2000,   489.9500,       4427,        151,             2171125
VSWS,B,20260525,531797,,Scan Projects,   127.0500,   127.0500,   127.0000,   127.0000,        532,          5,               67580
VSWS,B,20260525,531802,,Prerna Infrabuild,    25.3600,    27.4200,    24.5500,    25.7300,       8383,         79,              213922
VSWS,B,20260525,531810,,Metal Coatings (I),    58.1200,    61.8800,    58.1200,    61.0000,        699,         10,               41113
VSWS,B,20260525,531812,,SGN Telecoms,     0.5200,     0.5500,     0.5200,     0.5500,      16173,         22,                8641
VSWS,B,20260525,531814,,Tirupati Sarjan,     9.3100,     9.3100,     8.8900,     9.0000,       2586,         23,               23245
VSWS,B,20260525,531822,,Rodium Realty,   166.2000,   167.9500,   152.5000,   159.5500,        750,         19,              118822
VSWS,B,20260525,531832,,Nagarjuna Agri Tech,    40.5700,    40.5700,    40.5700,    40.5700,       3186,          9,              129256
VSWS,B,20260525,531834,,Natura Hue Chem,    31.0900,    31.0900,    31.0900,    31.0900,       2945,         12,               91560
VSWS,B,20260525,531840,,IEC Education,    25.2000,    25.9900,    24.4700,    25.9000,      99284,         60,             2482907
VSWS,B,20260525,531841,,Indus Finance,   108.9000,   115.5000,   108.9000,   113.2800,      24564,        143,             2736643
VSWS,B,20260525,531842,,Lahoti Overseas,    44.9800,    44.9800,    41.3000,    42.0700,       4170,         32,              177214
VSWS,B,20260525,531845,,Zenith Steel Pipes,     5.4600,     5.9900,     5.4600,     5.9600,      60654,         75,              357621
VSWS,B,20260525,531846,,Trinity League (I),     9.5100,     9.9800,     9.5100,     9.9800,        959,          7,                9132
VSWS,B,20260525,531847,,Asian Star Company,   660.1000,   699.9000,   660.0000,   666.0000,         10,          6,                6646
VSWS,B,20260525,531859,,Oriental Rail Infras,   144.5000,   149.9000,   144.3500,   145.1500,      33098,        402,             4832763
VSWS,B,20260525,531861,,Joindre Capital Ser,    48.5000,    50.2500,    46.8800,    48.6400,       3757,         57,              184728
VSWS,B,20260525,531862,,Bharat Agri Fert,    30.5500,    32.4000,    30.5000,    32.0600,      40324,        186,             1271217
VSWS,B,20260525,531867,,Unitech Intl,     3.5500,     3.6200,     3.5500,     3.6200,        429,         22,                1543
VSWS,B,20260525,531869,,Sacheta Metals,     3.9400,     3.9700,     3.8000,     3.8800,     160232,        137,              623706
VSWS,B,20260525,531870,,Popular Estate Manag,    18.5200,    18.5200,    18.5200,    18.5200,          5,          2,                  92
VSWS,B,20260525,531878,,Anjani Finance,     9.2300,     9.2300,     9.2100,     9.2200,         48,          6,                 442
VSWS,B,20260525,531888,,Rexnord Electronics,    64.5000,    66.6800,    64.5000,    65.4800,        199,         17,               12999
VSWS,B,20260525,531889,,Nurture Well Industr,    24.7000,    25.4800,    24.1000,    24.4900,     657071,       1859,            16200566
VSWS,B,20260525,531893,,Sawaca Enterprises,     0.3400,     0.3600,     0.3400,     0.3600,     525811,        339,              186652
VSWS,B,20260525,531900,,CCL International,    25.4000,    25.4000,    24.7800,    24.9000,        243,         17,                6092
VSWS,B,20260525,531902,,Gallops Enterprise,    18.1300,    18.1300,    18.1300,    18.1300,        126,          3,                2284
VSWS,B,20260525,531909,,Croissance,     1.4700,     1.4700,     1.4600,     1.4700,      81597,         71,              119944
VSWS,B,20260525,531910,,JOJO,   251.6500,   251.6500,   228.0000,   237.8000,       9990,        119,             2413570
VSWS,B,20260525,531911,,Galaxy Agrico Export,    57.0000,    61.4300,    56.1000,    59.0000,     365089,         74,            21886691
VSWS,B,20260525,531913,,Castora Agri Commodi,    18.2900,    18.3500,    16.6200,    18.0300,     129357,        272,             2224975
VSWS,B,20260525,531918,,Hindustan Appliances,   100.8900,   100.8900,    99.0000,    99.0000,        147,          7,               14805
VSWS,B,20260525,531921,,Agarwal Ind Corp,   423.8500,   441.9000,   421.7500,   424.2000,       3158,        218,             1362481
VSWS,B,20260525,531923,,Dhampure Specialty,   117.5000,   121.0000,   116.5000,   120.1000,       1513,         43,              179374
VSWS,B,20260525,531925,,52 Weeks Entertainme,     1.1400,     1.1400,     1.1200,     1.1300,       1245,         12,                1413
VSWS,B,20260525,531928,,Golden Carpets,    12.7100,    12.7200,    12.7100,    12.7100,       2003,          5,               25458
VSWS,B,20260525,531929,,Innocorp,     4.4000,     4.4000,     4.2200,     4.2200,        115,          7,                 505
VSWS,B,20260525,531930,,Sarthak Industries,    25.5500,    26.5000,    25.5500,    26.5000,        213,          5,                5548
VSWS,B,20260525,531931,,SAI Capital,   155.0000,   160.0000,   154.4000,   157.8500,       2218,         70,              350445
VSWS,B,20260525,531936,,Blue Chip India,     2.4700,     2.5000,     2.4700,     2.5000,      38933,        102,               97128
VSWS,B,20260525,531944,,Lexoraa Industries,    17.8000,    17.8000,    16.3500,    16.3500,        701,          7,               12326
VSWS,B,20260525,531950,,Vertex Securities,     2.7700,     2.8700,     2.6000,     2.7600,      32471,         74,               88974
VSWS,B,20260525,531952,,Riba Textiles,    65.4000,    65.4000,    62.4100,    62.5200,       1305,         24,               82634
VSWS,B,20260525,531959,,Newtime Infrastructu,     1.8900,     1.9000,     1.8400,     1.8600,     128911,        141,              240400
VSWS,B,20260525,531960,,June Industries,     5.2900,     5.2900,     5.2900,     5.2900,       9177,         18,               48546
VSWS,B,20260525,531962,,Shree Metalloys,    37.1500,    41.9400,    37.1500,    40.5500,       5174,         57,              205714
VSWS,B,20260525,531971,,Popees Baby Care (I),   146.2000,   146.2000,   144.7500,   144.7500,       1375,          8,              199066
VSWS,B,20260525,531977,,Chartered Logistics,     6.7700,     6.8800,     6.6000,     6.7300,      44234,        112,              296156
VSWS,B,20260525,531978,,Ambika Cotton Mills,  1580.0000,  1621.0000,  1580.0000,  1604.5000,        300,         53,              480958
VSWS,B,20260525,531979,,Hind Aluminium Ind,   104.1500,   109.0000,   104.1500,   105.5500,       6143,        149,              656907
VSWS,B,20260525,531982,,Spectrum Foods,    12.4000,    12.8500,    12.0700,    12.3300,      31004,         66,              383925
VSWS,B,20260525,531989,,Deccan Polypacks,    36.9000,    38.7300,    35.0600,    35.0600,        550,          6,               19356
VSWS,B,20260525,531991,,Amraworld Agrico,     0.5500,     0.5500,     0.5300,     0.5400,      18868,         34,               10278
VSWS,B,20260525,531996,,Odyssey Corporation,     7.3900,     7.3900,     6.2500,     6.8700,      76230,        168,              518832
VSWS,B,20260525,531997,,Ikoma Technologies,    67.5000,    67.8500,    67.5000,    67.8500,      87946,        168,             5956643
VSWS,B,20260525,532001,,Inducto Steel,    50.9000,    50.9000,    50.9000,    50.9000,        202,          3,               10281
VSWS,B,20260525,532005,,Sam Industries,    45.7200,    45.7200,    41.0000,    41.4400,        305,         17,               12747
VSWS,B,20260525,532007,,Shreevatsaa Finance,    39.2500,    40.3900,    36.5600,    36.5600,       1645,         35,               62097
VSWS,B,20260525,532011,,Vashu Bhagnani Indus,    82.7000,    82.7000,    82.7000,    82.7000,     200693,         33,            16597311
VSWS,B,20260525,532015,,Gravity India,    13.0000,    13.9900,    12.6700,    12.6700,     333062,        431,             4401033
VSWS,B,20260525,532016,,Espire Hospitality,   224.0000,   224.0000,   208.0000,   212.9000,        316,         51,               67730
VSWS,B,20260525,532019,,LCC Infotech,     4.4600,     4.4700,     4.4600,     4.4700,      10001,          5,               44684
VSWS,B,20260525,532022,,Filatex Fashions,     0.2300,     0.2400,     0.2300,     0.2400,    5687955,        462,             1352914
VSWS,B,20260525,532029,,Sindhu Trade Links,    27.0000,    27.6000,    26.7100,    26.7600,     291393,        396,             7863073
VSWS,B,20260525,532039,,Zenotech Laboratorie,    43.5200,    46.1800,    43.5200,    46.1800,      20183,        150,              920495
VSWS,B,20260525,532041,,Hindustan Bio Scienc,     8.7900,     9.0300,     8.5100,     8.6100,       2816,         57,               24793
VSWS,B,20260525,532051,,Swelect Energy Syste,   627.8000,   656.0000,   608.1000,   611.4500,       3021,        343,             1897916
VSWS,B,20260525,532053,,Wallfort Fin Ser,    75.0000,    75.0100,    70.5000,    71.2500,       8770,         56,              626383
VSWS,B,20260525,532054,,KDDL,  2873.4500,  2879.3500,  2763.6500,  2793.4000,       2067,        265,             5843974
VSWS,B,20260525,532056,,Trustedge Capital,   158.5000,   163.0000,   150.9000,   155.1000,       2485,         52,              387229
VSWS,B,20260525,532057,,Abhinav Capital Ser,   110.1500,   124.9000,   110.1500,   120.0000,        181,         11,               21861
VSWS,B,20260525,532067,,3B Blackbio DX,  1206.0000,  1247.9500,  1206.0000,  1231.5500,       1039,        212,             1277904
VSWS,B,20260525,532070,,Gujjubhai Industries,   175.1000,   178.6000,   171.6000,   174.7000,      65761,        120,            11488014
VSWS,B,20260525,532072,,Interworld Digital,     0.2200,     0.2300,     0.2100,     0.2100,     397831,        198,               88182
VSWS,B,20260525,532078,,Monind,    28.7200,    28.7200,    28.7200,    28.7200,         15,          1,                 430
VSWS,B,20260525,532090,,Atvo Enterprises,    24.5300,    24.5300,    24.5300,    24.5300,      58825,         53,             1442977
VSWS,B,20260525,532092,,Epuja Spiritech,     1.5600,     1.6200,     1.4900,     1.5300,     466465,        146,              704307
VSWS,B,20260525,532100,,Indo-City Infotech,    10.0600,    11.2000,    10.0600,    11.1800,        767,         12,                8014
VSWS,B,20260525,532102,,SBEC Sugar,    34.2000,    34.2000,    28.9900,    29.8400,       5279,         49,              155526
VSWS,B,20260525,532113,,Brijlaxmi Leas & Fin,    11.9800,    11.9800,    10.9800,    10.9800,       9132,         24,              106344
VSWS,B,20260525,532123,,BSEL Algo,     4.6400,     4.8400,     4.6400,     4.8100,     102775,        293,              487562
VSWS,B,20260525,532124,,Reliable Ventures,    21.7500,    21.7500,    20.4700,    20.4700,        403,         11,                8609
VSWS,B,20260525,532131,,Triumph Intl Finance,    21.9300,    21.9300,    19.8500,    19.8500,        613,         14,               13320
VSWS,B,20260525,532134,,Bank of Baroda,   269.1000,   272.9000,   264.4000,   271.6500,    6287782,       4116,          1696021093
VSWS,B,20260525,532139,,G Tech Info Training,     9.9800,     9.9800,     9.9800,     9.9800,        151,          3,                1506
VSWS,B,20260525,532140,,Mohite Industries,     2.5400,     2.5600,     2.4600,     2.5100,      52268,         81,              131253
VSWS,B,20260525,532141,,Andhra Cement,    55.0000,    56.6800,    55.0000,    55.4900,       2133,         77,              118951
VSWS,B,20260525,532143,,SKM Egg Products,   183.9500,   186.2500,   175.2500,   181.9000,     212315,       3420,            38556701
VSWS,B,20260525,532144,,Welspun Corp,  1285.0000,  1321.7000,  1285.0000,  1296.2500,      13971,       1119,            18162283
VSWS,B,20260525,532145,,H S India,    11.5000,    11.9800,    11.0500,    11.9500,       1221,         18,               14314
VSWS,B,20260525,532149,,Bank of India,   141.4000,   146.4000,   141.4000,   146.0500,     861593,       4954,           124093606
VSWS,B,20260525,532150,,Indraprastha Medical,   364.5000,   376.9000,   360.0000,   364.6000,      18564,       1330,             6807090
VSWS,B,20260525,532154,,Johnson Pharmacare,     0.5400,     0.5600,     0.5400,     0.5400,     663374,        457,              362187
VSWS,B,20260525,532155,,Gail (India),   163.0000,   170.7500,   162.6000,   168.7000,    1576196,      18113,           265242019
VSWS,B,20260525,532156,,Vaibhav Global,   223.1500,   233.0000,   223.1500,   229.2500,      24405,        521,             5594999
VSWS,B,20260525,532159,,Trescon,     8.6700,     9.5000,     8.6700,     9.0700,       1835,         16,               16500
VSWS,B,20260525,532160,,Gujarat State Finan,    10.6400,    10.9800,    10.1500,    10.6600,       5084,         55,               54311
VSWS,B,20260525,532162,,JK Paper,   380.9000,   394.6000,   380.0500,   392.9000,      19662,        731,             7624744
VSWS,B,20260525,532163,,Saregama India,   405.5500,   408.8500,   395.8500,   398.9500,      73666,       1155,            29628138
VSWS,B,20260525,532172,,Adroit Infotech,     9.0000,     9.0000,     8.6600,     8.9100,      25435,         53,              224427
VSWS,B,20260525,532173,,Cyber Tech Systems,   151.1500,   151.1500,   146.0000,   147.8000,       8382,        340,             1243134
VSWS,B,20260525,532174,,ICICI Bank,  1274.9000,  1293.0000,  1271.2000,  1291.6000,     423856,      14267,           543217429
VSWS,B,20260525,532175,,Cyient,   903.0000,   924.3000,   903.0000,   917.9500,      33339,       1965,            30548946
VSWS,B,20260525,532178,,Engineers India,   219.9500,   229.6000,   217.0000,   228.6500,     416201,       5863,            93431705
VSWS,B,20260525,532180,,Dhanlaxmi Bank,    34.2700,    34.4100,    33.3600,    33.5400,     178131,        577,             6018962
VSWS,B,20260525,532181,,Gujarat Mineral Deve,   655.5000,   664.4000,   651.9000,   655.1000,      94573,       2543,            62133091
VSWS,B,20260525,532183,,Gayatri Sugars,     8.6300,     9.6600,     8.6300,     8.8400,     266656,        337,             2434918
VSWS,B,20260525,532187,,IndusInd Bank,   913.6500,   933.0000,   913.6500,   926.0000,      48128,       3124,            44590927
VSWS,B,20260525,532189,,India Tourism Deve,   552.6000,   560.0500,   552.1000,   554.2500,       3305,        178,             1837696
VSWS,B,20260525,532209,,Jammu & Kashmir Bank,   141.0000,   142.9000,   139.9000,   140.7500,     118103,       1029,            16651277
VSWS,B,20260525,532210,,City Union Bank,   251.0500,   253.0000,   249.4500,   249.7000,      68169,       2274,            17089301
VSWS,B,20260525,532212,,Archies,    14.9700,    14.9800,    14.5100,    14.9800,       1208,          8,               18003
VSWS,B,20260525,532215,,Axis Bank,  1304.3000,  1314.8000,  1294.5500,  1311.7000,     158798,       5015,           207117240
VSWS,B,20260525,532216,,HB Stockholdings,    59.2900,    62.0000,    59.2900,    60.0000,       1479,         29,               88720
VSWS,B,20260525,532217,,CMX Holdings,    24.9900,    24.9900,    23.0000,    23.2400,       1141,         25,               26819
VSWS,B,20260525,532218,,South Indian Bank,    41.4400,    41.4400,    40.8000,    40.9800,     236788,       1568,             9701294
VSWS,B,20260525,532219,,Energy Development,    17.2500,    17.4100,    16.8600,    16.9100,       2448,         59,               41582
VSWS,B,20260525,532221,,Sonata Software,   268.4500,   277.9000,   267.3500,   273.8500,      36370,       1332,             9935827
VSWS,B,20260525,532230,,Bengal Tea,   147.0000,   154.9000,   147.0000,   154.9000,         15,          5,                2277
VSWS,B,20260525,532234,,National Aluminium,   414.1500,   414.1500,   400.2000,   403.0000,     260761,       5059,           105225842
VSWS,B,20260525,532240,,India Nippon Elect,   795.0000,   828.6500,   795.0000,   812.5000,       5739,        379,             4677819
VSWS,B,20260525,532256,,Nalwa Sons Invest,  5719.5500,  5719.5500,  5616.9000,  5635.8000,         62,         27,              350986
VSWS,B,20260525,532259,,Apar Industries, 12997.9500, 13077.0000, 12415.0500, 12485.6500,       3699,       1249,            47095290
VSWS,B,20260525,532262,,TCI Industries,  1320.0000,  1320.0000,  1320.0000,  1320.0000,         25,          1,               33000
VSWS,B,20260525,532268,,Accelya Solutions (I,  1146.0000,  1146.0000,  1115.0000,  1139.6500,        964,         76,             1095415
VSWS,B,20260525,532271,,Orchasp,     1.9500,     2.0600,     1.9500,     2.0200,      62703,         38,              127601
VSWS,B,20260525,532275,,Landmarc Leisure,     1.8200,     1.8500,     1.7800,     1.8400,      50971,        111,               92632
VSWS,B,20260525,532281,,HCL Technologies,  1168.7000,  1177.5000,  1162.1000,  1166.5500,      61843,       3379,            72287136
VSWS,B,20260525,532284,,TCFC Finance,    29.9500,    29.9500,    28.1000,    28.1100,       1506,         20,               43104
VSWS,B,20260525,532285,,Geojit Financial Ser,    74.9500,    76.5000,    73.6800,    75.4800,      38370,        283,             2886336
VSWS,B,20260525,532286,,Jindal Steel,  1222.0500,  1222.0500,  1209.9000,  1213.2000,      14860,       1055,            18079529
VSWS,B,20260525,532290,,B L B,    16.0000,    16.3800,    16.0000,    16.3800,       2100,         12,               34394
VSWS,B,20260525,532296,,Glenmark Pharma,  2265.5000,  2361.9000,  2265.4500,  2335.6000,      51204,       4994,           119566415
VSWS,B,20260525,532300,,Wockhardt,  1590.0000,  1648.1500,  1572.0000,  1639.3500,      66643,       3730,           107358547
VSWS,B,20260525,532303,,Integrated Hitech,     3.8100,     3.9900,     3.6500,     3.8800,       2212,         12,                8452
VSWS,B,20260525,532304,,KJMC Corporate Adv,    55.0000,    55.0000,    51.1000,    54.8900,        456,         17,               23615
VSWS,B,20260525,532305,,Ind Swift Lab,   134.3500,   135.9000,   129.5000,   132.0500,     203287,        844,            26851266
VSWS,B,20260525,532309,,GE Power India,   760.9500,   768.0000,   749.8000,   768.0000,      40765,        584,            31220318
VSWS,B,20260525,532310,,Shree Rama Multi-Tec,    45.8700,    46.5700,    45.1000,    45.1400,       2770,         60,              125762
VSWS,B,20260525,532313,,Mahindra Lifespace,   341.0000,   346.1500,   334.4000,   335.7500,      10378,        329,             3530325
VSWS,B,20260525,532315,,Groarc Industries I,     6.5800,     6.8100,     6.1100,     6.6000,       8869,         53,               58246
VSWS,B,20260525,532320,,Vaarad Ventures,     8.6700,     9.6900,     8.6300,     9.4000,       2544,         24,               23109
VSWS,B,20260525,532321,,Zydus Lifesciences,  1050.0000,  1074.7500,  1042.0000,  1073.0500,     121730,       5098,           128959280
VSWS,B,20260525,532323,,Shiva Cement,    16.9000,    17.9000,    16.7500,    17.4600,      87285,        412,             1510996
VSWS,B,20260525,532324,,Cinevista,    16.2400,    16.2400,    16.2400,    16.2400,       1000,          1,               16240
VSWS,B,20260525,532326,,Intense Technologies,   101.0000,   101.0000,    97.6000,   100.0000,      13402,        430,             1333059
VSWS,B,20260525,532329,,Danlaw Technologies,   778.0000,   821.0500,   776.5000,   805.2500,       7216,        286,             5787240
VSWS,B,20260525,532331,,Ajanta Pharma,  3118.0000,  3136.7000,  3070.9000,  3082.2500,       1319,        334,             4096918
VSWS,B,20260525,532333,,HB Portfolio,    63.0000,    63.5000,    60.1300,    60.4500,        730,         26,               44765
VSWS,B,20260525,532334,,HB Estate Developers,    78.0000,    78.0000,    72.8100,    76.1500,         40,          7,                2932
VSWS,B,20260525,532335,,Ambica Agarbathies,    23.7700,    23.7700,    23.2700,    23.4400,         63,          9,                1474
VSWS,B,20260525,532336,,Baron Infotech,     1.7300,     1.7300,     1.7300,     1.7300,      60668,         13,              104955
VSWS,B,20260525,532339,,Compucom Software,    13.3500,    13.9900,    13.2600,    13.3700,       4242,         75,               56758
VSWS,B,20260525,532340,,Omni AX's Software,     3.7000,     3.7000,     3.5600,     3.6200,       2122,         10,                7625
VSWS,B,20260525,532341,,IZMO,   718.1000,   719.0000,   685.0000,   693.7500,       7108,        469,             4981403
VSWS,B,20260525,532343,,TVS Motor Company,  3473.4500,  3499.9000,  3422.0000,  3470.0000,     187782,       5814,           653392497
VSWS,B,20260525,532344,,Madala Holdings,   171.0000,   196.9000,   170.0000,   180.1000,        995,         54,              178584
VSWS,B,20260525,532348,,Subex,    11.1600,    11.3900,    11.0800,    11.1300,     117383,        292,             1318714
VSWS,B,20260525,532349,,Transport Corp,   905.6000,   925.7000,   903.2000,   913.2500,        688,         74,              631044
VSWS,B,20260525,532350,,Padmalaya Telefilms,     4.0900,     4.0900,     3.7300,     4.0900,       7902,         15,               31946
VSWS,B,20260525,532351,,Aksh Optifibre,     6.1700,     6.1700,     6.1500,     6.1500,      58645,         37,              361773
VSWS,B,20260525,532354,,Virgo Global,     5.5000,     5.6300,     5.5000,     5.5100,       3264,         28,               18141
VSWS,B,20260525,532355,,Picturehouse Media,     6.7800,     6.7800,     6.7800,     6.7800,       2828,         14,               19173
VSWS,B,20260525,532356,,Triveni Engineering,   384.1000,   384.1000,   371.0000,   377.5000,      10589,        501,             3968832
VSWS,B,20260525,532357,,Mukta Arts,    63.5100,    66.8400,    63.5100,    64.9800,      24007,        234,             1589821
VSWS,B,20260525,532359,,Hit Kit Global Solut,     3.1100,     3.4200,     3.1000,     3.2700,     183551,        233,              589416
VSWS,B,20260525,532362,,Nagpur Power & Ind,   161.0500,   161.0500,   140.2500,   156.2500,       3431,         39,              532456
VSWS,B,20260525,532365,,Dynacons Systems,  1798.6500,  1925.6500,  1771.3500,  1892.6500,      40612,       3030,            76012293
VSWS,B,20260525,532366,,PNB Gilts,    79.4200,    82.3300,    78.3100,    79.3600,      74559,        627,             5963805
VSWS,B,20260525,532368,,Brightcom Group,    10.8000,    11.1000,    10.5500,    10.9100,    1426155,       1768,            15553560
VSWS,B,20260525,532369,,Ramco Industries,   286.8500,   301.3500,   286.8000,   292.4500,       3920,        159,             1155661
VSWS,B,20260525,532370,,Ramco Systems,   494.0000,   515.9500,   473.5000,   482.8500,     278946,       6985,           138911916
VSWS,B,20260525,532371,,Tata Teleservices M,    42.3600,    43.2000,    42.3600,    42.8500,     233995,       1326,            10031879
VSWS,B,20260525,532372,,Virinchi,    16.2000,    17.1000,    16.2000,    16.7600,       6654,         70,              110781
VSWS,B,20260525,532373,,WEP Solutions Ltd,    24.4500,    25.9500,    23.5100,    25.9500,      13910,         50,              355694
VSWS,B,20260525,532374,,Sterlite Technologie,   463.4500,   463.4500,   463.4500,   463.4500,      83881,       1412,            38874649
VSWS,B,20260525,532375,,Tips Music,   693.6000,   693.6000,   640.4500,   645.0500,      23752,       1580,            15545260
VSWS,B,20260525,532376,,Umiya Buildcon,    84.2400,    84.2400,    80.8000,    81.3100,        310,          6,               25296
VSWS,B,20260525,532378,,Universal Arts,     5.6500,     5.6500,     5.2000,     5.2000,      10009,          9,               52548
VSWS,B,20260525,532379,,First Fintec,     6.6500,     6.9700,     6.6500,     6.6500,       5710,         16,               37971
VSWS,B,20260525,532380,,Baba Arts,    14.6500,    14.6500,    13.2700,    13.3700,     246002,        221,             3544011
VSWS,B,20260525,532382,,Balaji Telefilms,    93.9900,    96.6900,    93.7500,    94.1800,      18822,        364,             1796451
VSWS,B,20260525,532384,,Tyche Industries,   140.9500,   140.9500,   130.0000,   137.4000,      21398,        119,             2898877
VSWS,B,20260525,532386,,California Software,    20.9900,    21.4900,    20.1100,    20.5400,      18455,         89,              380033
VSWS,B,20260525,532387,,Pritish Nandy Commun,    19.8200,    19.8200,    18.4100,    19.2800,       1539,         24,               29508
VSWS,B,20260525,532388,,Indian Overseas Bank,    33.5000,    33.9800,    33.5000,    33.7000,     307041,       1422,            10383041
VSWS,B,20260525,532390,,Taj GVK Hotels & Res,   320.7500,   332.0000,   319.6500,   327.9500,       9434,        238,             3060988
VSWS,B,20260525,532392,,Creative Eye,     6.6300,     7.2000,     6.6300,     7.0000,        929,         19,                6592
VSWS,B,20260525,532395,,Axiscades Technologi,  2019.9500,  2086.0000,  1988.3000,  2044.8500,       6961,        723,            14160731
VSWS,B,20260525,532397,,Konndor Industries,    13.8300,    14.5200,    13.8300,    14.5200,       2024,          4,               29311
VSWS,B,20260525,532398,,Usha Martin Educatio,     4.7500,     5.1900,     4.7500,     5.1900,       9084,         16,               45297
VSWS,B,20260525,532400,,Birlasoft,   331.4500,   337.0000,   327.2500,   330.8000,      99187,       2213,            33004952
VSWS,B,20260525,532402,,USG Tech Solutions,    12.0000,    12.9900,    11.8000,    12.5800,     250813,        619,             3177463
VSWS,B,20260525,532404,,Saven Technologies,    37.8900,    37.8900,    35.5000,    35.7600,       5199,        136,              188120
VSWS,B,20260525,532406,,Avantel,   165.2000,   172.9000,   163.1500,   171.7000,     321515,       2830,            54299098
VSWS,B,20260525,532407,,Moschip Technologies,   204.2500,   211.5000,   202.5000,   206.2500,     187439,       2311,            38910231
VSWS,B,20260525,532408,,Sigma Advanced Syste,   366.7000,   366.7000,   355.0000,   366.7000,     132366,        754,            48451458
VSWS,B,20260525,532410,,Transcorp Internat,    30.9800,    30.9800,    26.6000,    26.9000,      11309,        179,              319226
VSWS,B,20260525,532413,,Cerebra Integrated,     3.1300,     3.2800,     3.1100,     3.2600,      90946,         99,              292167
VSWS,B,20260525,532416,,Next Mediaworks,     4.1100,     4.2000,     4.0700,     4.0800,       1400,         20,                5758
VSWS,B,20260525,532419,,Smartlink Holdings,   159.9000,   159.9000,   154.6500,   154.9500,        538,         16,               83994
VSWS,B,20260525,532424,,Godrej Consumer Prod,  1035.4000,  1042.0000,  1012.5000,  1022.4000,     139154,       3639,           142126557
VSWS,B,20260525,532425,,Genus Prime Infra,    27.0400,    27.0400,    27.0400,    27.0400,       5268,         21,              142446
VSWS,B,20260525,532430,,BF Utilities,   569.6500,   569.6500,   545.1500,   549.8000,       4323,        216,             2406265
VSWS,B,20260525,532432,,United Spirits,  1287.3000,  1302.0000,  1278.0000,  1285.0000,     123058,       3566,           159482206
VSWS,B,20260525,532439,,Olectra Greentech,  1215.8000,  1241.9500,  1214.7500,  1217.6500,      20268,       1063,            24836071
VSWS,B,20260525,532440,,MPS,  1788.0000,  1808.3500,  1768.4000,  1784.9000,        405,         82,              723395
VSWS,B,20260525,532443,,CERA Sanitaryware,  5816.6500,  5829.4500,  5717.1500,  5726.8000,        652,        200,             3757015
VSWS,B,20260525,532444,,T.Spiritual World,     1.3000,     1.3900,     1.3000,     1.3900,       1065,          8,                1479
VSWS,B,20260525,532454,,Bharti Airtel,  1890.1000,  1890.1000,  1862.4500,  1875.0500,     137104,       7562,           256977984
VSWS,B,20260525,532455,,Shalimar Wires Indus,    17.0500,    17.2500,    16.1900,    17.0500,       5712,         43,               96579
VSWS,B,20260525,532456,,Compuage Infocom,     1.4000,     1.4000,     1.3500,     1.3500,        565,          2,                 766
VSWS,B,20260525,532457,,Gulshan Polyols,   190.0000,   190.0000,   176.0000,   179.8000,      36799,        748,             6671887
VSWS,B,20260525,532460,,Ponni Sugars (Erode),   307.2000,   307.8000,   301.6000,   305.5500,        616,        191,              187859
VSWS,B,20260525,532461,,Punjab National Bank,   103.7500,   106.5000,   103.5000,   106.2000,     787091,       6999,            82679881
VSWS,B,20260525,532466,,Oracle Fin & Serv So,  9525.0000,  9830.3000,  9500.0000,  9699.1000,      11551,       3826,           111923990
VSWS,B,20260525,532467,,Hazoor Multi Project,    26.5700,    27.7400,    26.3500,    26.9100,      93799,        458,             2517662
VSWS,B,20260525,532468,,Kama Holdings,  2606.4500,  2627.1500,  2571.0000,  2601.1500,       3210,        195,             8346887
VSWS,B,20260525,532475,,Aptech,    98.2500,   115.5000,    97.7000,   112.1000,     762447,       4568,            86773713
VSWS,B,20260525,532477,,Union Bank of India,   161.5500,   169.5000,   161.5500,   168.9500,     881301,       6220,           146554591
VSWS,B,20260525,532478,,United Breweries,  1321.5000,  1328.7500,  1317.0500,  1322.1000,      20705,       2255,            27412751
VSWS,B,20260525,532481,,Noida Toll Bridge Co,     7.4800,     7.4800,     6.7900,     6.7900,     107504,        253,              751506
VSWS,B,20260525,532482,,Granules India,   751.6500,   763.5000,   751.6500,   758.1500,      17248,        725,            13097318
VSWS,B,20260525,532483,,Canara Bank,   129.8500,   134.2000,   129.8500,   133.7500,    1940894,      10389,           256969602
VSWS,B,20260525,532485,,Balmer Lawrie Invest,    73.7300,    73.7300,    72.5000,    72.6600,      32794,        365,             2389628
VSWS,B,20260525,532486,,Pokarna,   845.9000,   885.1000,   843.2500,   856.8000,       2753,        236,             2374315
VSWS,B,20260525,532488,,Divi's Laboratories,  6829.9500,  6946.6000,  6693.0000,  6759.7500,     121654,       5610,           830304321
VSWS,B,20260525,532493,,Astra Microwave Prod,  1181.4000,  1254.5000,  1181.4000,  1237.1000,      98622,       4373,           120783322
VSWS,B,20260525,532497,,Radico Khaitan,  3613.7500,  3613.7500,  3535.7000,  3539.6000,       5247,       1018,            18649200
VSWS,B,20260525,532500,,Maruti Suzuki India, 13053.1000, 13235.0000, 13053.1000, 13170.7000,      29049,       5472,           382516444
VSWS,B,20260525,532503,,Rajapalayam Mills,   797.7000,   820.0000,   797.7000,   808.9500,        678,        107,              549299
VSWS,B,20260525,532504,,Navin Fluorine Int,  7151.6000,  7458.9500,  7151.6000,  7443.6000,      15537,       2447,           114059027
VSWS,B,20260525,532505,,Uco Bank,    24.8700,    25.6000,    24.8700,    25.5400,     563966,       2344,            14303664
VSWS,B,20260525,532507,,BAG Films & Media,     5.1500,     5.2000,     4.9500,     5.1700,      18768,         78,               95117
VSWS,B,20260525,532508,,Jindal Stainless,   737.3500,   743.3500,   729.1500,   732.1500,     120036,        712,            88206167
VSWS,B,20260525,532509,,Suprajit Engineering,   439.0000,   447.0000,   437.0000,   445.4000,       9469,        569,             4189909
VSWS,B,20260525,532513,,TVS Electronics,   484.9500,   548.4000,   481.8500,   530.0000,      81358,       2367,            42920684
VSWS,B,20260525,532514,,Indraprastha Gas,   158.1500,   162.4500,   157.1500,   160.4500,     133983,       2174,            21399982
VSWS,B,20260525,532515,,TV Today Network,   111.1000,   112.3000,   109.4000,   110.9000,       3062,         31,              341720
VSWS,B,20260525,532521,,Palred Technologies,    42.6000,    46.3300,    42.6000,    46.3300,        175,          7,                7921
VSWS,B,20260525,532522,,Petronet LNG,   273.8000,   284.2000,   273.8000,   282.0500,     161430,       5501,            45369296
VSWS,B,20260525,532523,,Biocon,   430.3500,   432.4500,   427.0000,   429.8500,     111902,       4181,            48029371
VSWS,B,20260525,532524,,PTC India,   194.6000,   198.0000,   189.8500,   192.0000,     102918,       2231,            19763896
VSWS,B,20260525,532525,,Bank of Maharashtra,    81.0300,    82.1900,    80.7000,    81.2200,     873281,       5187,            70848964
VSWS,B,20260525,532527,,Ramkrishna Forgings,   555.1000,   575.5000,   555.1000,   571.4000,       7978,        363,             4540664
VSWS,B,20260525,532528,,Datamatics Global Se,   791.7500,   795.0000,   765.6000,   771.6500,      12473,        604,             9664400
VSWS,B,20260525,532529,,New Delhi Television,    76.4900,    79.9500,    76.4900,    78.2700,      19326,        233,             1515744
VSWS,B,20260525,532531,,Strides Pharma Scien,  1159.9500,  1195.4500,  1148.5500,  1189.1500,       8336,        560,             9835358
VSWS,B,20260525,532538,,UltraTech Cement, 11575.9500, 11795.0000, 11575.9500, 11722.8500,      10258,       3312,           119889225
VSWS,B,20260525,532539,,UNO Minda,  1102.5000,  1123.1500,  1102.4500,  1117.3500,      22253,       2069,            24853544
VSWS,B,20260525,532540,,Tata Consultancy Ser,  2349.8000,  2349.8000,  2293.3000,  2307.7500,      62982,       5315,           145338964
VSWS,B,20260525,532541,,Coforge,  1404.2500,  1414.8500,  1376.4000,  1397.7000,      83189,       3769,           115932488
VSWS,B,20260525,532543,,GP Petroleums,    32.5600,    33.6300,    32.5500,    33.2500,       4946,        235,              164288
VSWS,B,20260525,532548,,Century Plyboards (I,   793.2000,   825.6000,   769.3000,   779.1000,     911163,       6386,           723663144
VSWS,B,20260525,532553,,Welspun Enterprises,   505.3500,   510.9500,   499.0000,   500.7000,       4270,        353,             2157864
VSWS,B,20260525,532555,,N T P C,   392.8000,   392.8000,   386.5000,   390.0500,     324697,       5033,           126466047
VSWS,B,20260525,532604,,S A L Steel,    57.8900,    59.5000,    56.5000,    56.7800,      11018,         60,              629981
VSWS,B,20260525,532605,,JBM Auto,   642.3500,   645.9000,   636.3500,   638.1000,      35191,       1098,            22525524
VSWS,B,20260525,532610,,Dwarikesh Sugar Indu,    44.4900,    44.5000,    43.2500,    43.5400,      49700,        329,             2173188
VSWS,B,20260525,532612,,Indoco Remedies,   199.6500,   204.0500,   195.5000,   195.9000,       3201,        416,              634210
VSWS,B,20260525,532613,,VIP Clothing,    25.4700,    26.7500,    25.0000,    26.6500,      16514,         65,              426247
VSWS,B,20260525,532614,,Impex Ferro Tech,     1.8000,     1.9500,     1.7800,     1.9000,      37323,         32,               70971
VSWS,B,20260525,532616,,XChanging Solutions,    70.0000,    70.0000,    66.3400,    66.9400,      16162,        102,             1088309
VSWS,B,20260525,532621,,Morarjee Textiles,     9.9700,     9.9700,     9.9700,     9.9700,       2000,          3,               19940
VSWS,B,20260525,532624,,Jindal Photo,  1008.4000,  1020.0000,  1005.1500,  1019.8000,        200,         22,              201636
VSWS,B,20260525,532626,,Pondy Oxides & Chem,  1495.3500,  1555.0000,  1479.0000,  1505.0000,      59105,       4346,            89532589
VSWS,B,20260525,532627,,Jaiprakash Power Ven,    19.0900,    19.4000,    18.8100,    18.8900,   10663297,      12381,           203282716
VSWS,B,20260525,532628,,3i Infotech,    17.3400,    17.7000,    17.3400,    17.4900,      19053,        167,              333553
VSWS,B,20260525,532630,,Gokaldas Exports,   709.6000,   726.5000,   704.0000,   714.5500,      76132,       1587,            54438826
VSWS,B,20260525,532633,,Alldigi Tech,   832.0000,   835.6000,   822.0500,   825.0000,        154,         29,              128013
VSWS,B,20260525,532636,,IIFL Finance,   464.8000,   488.0000,   464.8000,   481.5000,     218691,       5121,           105048687
VSWS,B,20260525,532637,,Mangalam Drugs & Org,    29.3000,    30.8000,    29.0000,    29.1700,      21931,         68,              641966
VSWS,B,20260525,532638,,Shoppers Stop,   337.6000,   341.4500,   328.5500,   336.8500,       1401,        449,              467281
VSWS,B,20260525,532640,,Cyber Media (India),    17.6300,    17.9500,    17.5800,    17.9500,       1202,          7,               21527
VSWS,B,20260525,532641,,Nandan Denim,     2.6200,     2.7300,     2.6200,     2.6700,     191598,        241,              512093
VSWS,B,20260525,532642,,JSW Holdings, 12800.0500, 12800.0500, 12510.0000, 12538.9000,        315,        118,             3992325
VSWS,B,20260525,532644,,JK Cement,  5560.0000,  5573.0000,  5410.0000,  5440.0000,      98894,        666,           538078589
VSWS,B,20260525,532645,,Beeyu Overseas,     2.6500,     2.8500,     2.6500,     2.7000,       3760,         18,               10080
VSWS,B,20260525,532648,,Yes Bank,    22.1000,    22.3900,    22.0300,    22.3000,    9029539,      28644,           200486414
VSWS,B,20260525,532649,,Nectar Lifesciences,    12.1900,    12.5900,    11.7600,    12.0400,      76492,        153,              929830
VSWS,B,20260525,532650,,MSP Steel & Power,    42.0000,    43.2200,    42.0000,    42.7900,      35439,        178,             1518527
VSWS,B,20260525,532652,,Karnataka Bank,   265.3500,   267.0000,   262.2000,   264.4000,      44157,       1301,            11646977
VSWS,B,20260525,532654,,Mcleod Russel India,    73.7800,    73.7800,    73.7800,    73.7800,      13715,         33,             1011892
VSWS,B,20260525,532656,,Facor Alloys,     2.7200,     2.8400,     2.7200,     2.7300,      94239,        161,              259207
VSWS,B,20260525,532660,,Vivimed Labs,     6.5000,     6.6400,     6.4000,     6.6400,       1767,         13,               11643
VSWS,B,20260525,532661,,Rane (Madras),   930.5000,   954.0500,   919.6500,   927.8500,       7782,        465,             7277012
VSWS,B,20260525,532662,,HT Media,    22.4000,    22.4000,    21.1700,    21.6000,      11286,         45,              243368
VSWS,B,20260525,532663,,Sasken Technologies,  1879.0000,  1944.5500,  1793.9000,  1929.4000,      11100,       1137,            20921567
VSWS,B,20260525,532666,,FCS Software Solutio,     1.5000,     1.5700,     1.5000,     1.5500,     281154,        166,              432975
VSWS,B,20260525,532667,,Suzlon Energy,    54.7900,    54.8900,    53.0900,    53.8800,    9888972,      25054,           536248036
VSWS,B,20260525,532668,,Aurionpro Solutions,   831.7000,   837.8500,   819.2500,   824.3500,      10261,        554,             8519621
VSWS,B,20260525,532670,,Shree Renuka Sugars,    23.9500,    24.1200,    23.5600,    23.6500,     348827,       1336,             8288392
VSWS,B,20260525,532673,,K M Sugar Mills,    27.1500,    28.1300,    27.0000,    27.5000,      16896,        181,              462192
VSWS,B,20260525,532674,,Bannari Amman Spg Mi,    25.6000,    25.6000,    24.1000,    24.4800,       5521,        137,              135393
VSWS,B,20260525,532676,,PBA Infrastructure,     9.8400,     9.8400,     9.0700,     9.2600,       8627,         33,               80163
VSWS,B,20260525,532683,,AIA Engineering,  4008.2500,  4088.7000,  3951.4000,  3980.7000,       1253,        353,             5037087
VSWS,B,20260525,532684,,Everest Kanto Cylind,   116.9500,   119.3000,   115.0500,   117.1500,      28767,        405,             3377216
VSWS,B,20260525,532686,,Kernex Microsystems,  1360.3500,  1474.8000,  1360.3500,  1463.6500,      14431,       1098,            20879380
VSWS,B,20260525,532687,,Repro India,   401.5500,   401.5500,   378.3000,   391.9000,       3499,        101,             1366078
VSWS,B,20260525,532689,,PVR Inox,   982.2500,  1004.8500,   979.0000,   981.7000,       8980,        622,             8918657
VSWS,B,20260525,532694,,Avio Smart Market St,     7.3100,     7.8500,     7.3100,     7.3500,      52901,        215,              389422
VSWS,B,20260525,532695,,Celebrity Fashions,     7.5000,     7.8700,     7.5000,     7.6400,       1758,         17,               13449
VSWS,B,20260525,532696,,Educomp Solutions,     0.9500,     0.9900,     0.9200,     0.9900,       9269,         18,                9102
VSWS,B,20260525,532698,,Nitin Spinners,   508.3000,   508.3000,   495.9500,   501.6000,       3143,        165,             1573125
VSWS,B,20260525,532699,,Royal Orchid Hotels,   329.2000,   340.7500,   329.2000,   340.0000,       2464,         81,              837417
VSWS,B,20260525,532700,,Entertainment Networ,   110.0500,   110.0500,   108.0500,   109.0000,         90,          8,                9830
VSWS,B,20260525,532701,,Cella Space,    14.6900,    14.6900,    13.7700,    14.0700,        995,         23,               14052
VSWS,B,20260525,532705,,Jagran Prakashan,    70.0000,    70.4000,    68.5900,    69.8100,      20151,        203,             1404167
VSWS,B,20260525,532707,,Dynemic Products,   227.0000,   233.0000,   226.5500,   230.5500,        313,         14,               71680
VSWS,B,20260525,532708,,GVK Power & Infra,     3.0900,     3.0900,     3.0900,     3.0900,      76728,         82,              237089
VSWS,B,20260525,532710,,Sadbhav Engineering,     8.7200,     9.3400,     8.7200,     9.3100,      47901,         91,              436513
VSWS,B,20260525,532712,,Reliance Communicati,     0.9100,     0.9200,     0.9100,     0.9100,     432572,        222,              395844
VSWS,B,20260525,532713,,Sakuma Exports,     1.7800,     1.8000,     1.7300,     1.7700,      65751,        126,              116212
VSWS,B,20260525,532714,,KEC International,   487.4000,   508.7500,   487.4000,   507.3000,     368654,       3613,           186170167
VSWS,B,20260525,532716,,Gillanders Arbuthnot,    91.5000,    92.4000,    90.5100,    91.6000,        187,         38,               17122
VSWS,B,20260525,532717,,Indo Tech Transforme,  2350.0000,  2429.1500,  2330.0000,  2429.1500,       1064,         48,             2557193
VSWS,B,20260525,532719,,B L Kashyap & Sons,    57.7700,    58.5000,    56.9300,    57.4400,      15148,        210,              874475
VSWS,B,20260525,532720,,Mahindra & Mah Fin S,   305.1000,   313.7500,   303.7500,   308.5500,     110790,       2574,            34317485
VSWS,B,20260525,532721,,VISA Chrome,    49.0600,    52.5600,    49.0600,    52.4500,       3840,         30,              199324
VSWS,B,20260525,532722,,Nitco,    96.5000,    99.2000,    95.4700,    96.4800,      31116,        366,             3022458
VSWS,B,20260525,532723,,MPDL,    37.8500,    38.0000,    34.0600,    37.9800,        105,         12,                3681
VSWS,B,20260525,532725,,Solar Industries, 18399.7000, 18474.9500, 18005.2000, 18378.5000,       5164,       1315,            94537390
VSWS,B,20260525,532726,,Gallantt Ispat,   702.6500,   714.0000,   695.8500,   699.4000,       8517,        392,             6006100
VSWS,B,20260525,532728,,Malu Paper Mills,    30.5100,    33.2000,    30.5100,    32.8100,        141,         10,                4494
VSWS,B,20260525,532729,,Uttam Sugar Mills,   245.0000,   246.9500,   244.3500,   245.6000,       1521,         48,              373669
VSWS,B,20260525,532730,,STL Global,    11.5400,    11.5400,    11.5400,    11.5400,         10,          1,                 115
VSWS,B,20260525,532732,,Kewal Kiran Clothing,   433.9000,   449.9500,   433.9000,   445.7500,        822,        285,              365999
VSWS,B,20260525,532733,,Sun TV Network,   490.8000,   508.0000,   480.9500,   493.8000,      78867,       2938,            39111156
VSWS,B,20260525,532734,,Godawari Power & Isp,   294.7000,   295.3000,   284.0000,   285.0500,     134786,       1524,            38793847
VSWS,B,20260525,532735,,R Systems Internatio,   271.9500,   273.5000,   265.6500,   266.9500,      14073,        470,             3779217
VSWS,B,20260525,532737,,Emkay Global & Fin,   242.0000,   242.0000,   223.0000,   223.9500,        215,         12,               48075
VSWS,B,20260525,532738,,Twamev Construction,    23.2400,    23.5500,    21.9800,    23.3800,     262099,        242,             6051229
VSWS,B,20260525,532740,,Lokesh Machines,   252.5500,   269.9500,   252.5500,   262.4000,       1526,         33,              397834
VSWS,B,20260525,532741,,Kamdhenu,    24.7900,    25.3200,    24.7000,    24.9600,      54995,        254,             1375313
VSWS,B,20260525,532742,,Paushak,   463.0000,   465.0000,   452.2500,   454.9500,       1493,        219,              684058
VSWS,B,20260525,532744,,GTN Textiles,     9.4700,     9.4700,     9.1200,     9.2400,        897,         16,                8282
VSWS,B,20260525,532745,,Inditrade Capital,     2.6000,     2.7500,     2.4900,     2.5000,      20042,         51,               51672
VSWS,B,20260525,532748,,Prime Focus,   242.7500,   250.0000,   230.2000,   243.5500,      22403,        333,             5294307
VSWS,B,20260525,532749,,Allcargo Logistics,     8.6300,     8.9400,     8.6300,     8.9000,     716035,       1165,             6329459
VSWS,B,20260525,532754,,GMR Airports,    96.1300,    97.3400,    96.1300,    96.8600,     587892,       6143,            56938098
VSWS,B,20260525,532755,,Tech Mahindra,  1425.0000,  1445.5000,  1421.1500,  1434.8500,      37258,       2121,            53488825
VSWS,B,20260525,532756,,CIE Automotive India,   459.1000,   464.9500,   455.1000,   461.4000,      19171,       1121,             8832187
VSWS,B,20260525,532757,,Voltamp Transformers,  9319.6500,  9319.6500,  9119.7500,  9222.8500,       2273,        394,            20977080
VSWS,B,20260525,532759,,Atlantaa,    42.6000,    43.2300,    42.6000,    43.0300,       4321,        133,              185528
VSWS,B,20260525,532761,,HandsOn Global Manag,    61.3000,    63.0000,    60.0400,    60.0400,        791,         13,               49058
VSWS,B,20260525,532762,,Action Construction,   897.3000,   906.7500,   883.1500,   885.4000,      14786,        698,            13223129
VSWS,B,20260525,532764,,GeeCee Ventures,   335.0500,   335.9500,   321.5000,   325.5500,        147,         26,               47903
VSWS,B,20260525,532767,,Gayatri Projects,    17.0200,    17.7400,    17.0200,    17.7400,      59962,         70,             1062240
VSWS,B,20260525,532768,,Fiem Industries,  2258.6500,  2282.8000,  2233.0000,  2272.3500,       1933,        280,             4377337
VSWS,B,20260525,532771,,JHS Svendgaard Labor,     8.6000,     8.9400,     8.4400,     8.6000,       6565,         85,               56869
VSWS,B,20260525,532772,,DCB Bank,   184.6500,   185.2000,   181.5500,   182.7000,      15058,        595,             2761675
VSWS,B,20260525,532773,,Global Vectra Helico,   173.1500,   173.9000,   168.0000,   168.7500,        560,         41,               95212
VSWS,B,20260525,532774,,Inspirisys Solutions,   120.0200,   125.0000,   120.0200,   120.0200,      13664,        111,             1646542
VSWS,B,20260525,532775,,GTL Infrastructure,     1.3100,     1.3800,     1.3100,     1.3500,    7885997,      10639,            10634096
VSWS,B,20260525,532776,,Shivam Autotech,    17.9900,    18.8900,    17.9900,    18.8900,      22291,         19,              411332
VSWS,B,20260525,532777,,Info Edge (India),   962.3500,   969.0000,   909.2000,   937.5500,     416099,      18209,           386178249
VSWS,B,20260525,532779,,Torrent Power,  1520.7500,  1520.7500,  1470.0000,  1474.9000,      18552,       1517,            27487574
VSWS,B,20260525,532780,,Parsvnath Developers,     4.2300,     4.2300,     4.2300,     4.2300,     177713,        126,              751725
VSWS,B,20260525,532782,,Sutlej Textiles and,    36.3900,    37.3500,    36.0000,    36.0000,        161,         14,                5869
VSWS,B,20260525,532783,,LT Foods,   397.1000,   408.0000,   397.1000,   404.7500,      18066,        639,             7310241
VSWS,B,20260525,532784,,Sobha,  1374.8000,  1401.0000,  1374.8000,  1395.6000,       3917,        470,             5450842
VSWS,B,20260525,532785,,Ruchira Papers,   125.9000,   126.0000,   124.7500,   126.0000,        181,         25,               22732
VSWS,B,20260525,532790,,Tanla Platforms,   517.5500,   531.5000,   517.5500,   521.1000,      20631,        795,            10811058
VSWS,B,20260525,532794,,Zee Media Corp,     8.0000,     8.1300,     7.8800,     8.0200,      41139,        223,              330833
VSWS,B,20260525,532795,,Siti Networks,     0.4900,     0.4900,     0.4900,     0.4900,       4045,         10,                1982
VSWS,B,20260525,532796,,Lumax Auto Technolog,  1622.1500,  1655.0000,  1585.7500,  1589.8500,      16567,       1840,            26785041
VSWS,B,20260525,532797,,Autoline Industries,    87.6200,    87.6200,    83.0000,    83.0700,       7087,         95,              601775
VSWS,B,20260525,532798,,Network 18 Media,    32.4300,    32.4500,    31.4300,    31.5500,     187819,       1047,             6001116
VSWS,B,20260525,532799,,Hubtown,   209.0000,   212.0000,   207.1000,   208.7000,      13970,        293,             2929306
VSWS,B,20260525,532801,,Cambridge Tech Enter,    31.7500,    32.5200,    31.1000,    32.1400,        566,         15,               18357
VSWS,B,20260525,532804,,Technocraft Industri,  2619.2500,  2641.5000,  2616.5500,  2619.3000,        180,         25,              473341
VSWS,B,20260525,532805,,Redington,   224.9500,   226.6000,   222.0000,   224.1000,      91206,       1200,            20439501
VSWS,B,20260525,532806,,AI Champdany Industr,    33.5000,    33.7800,    30.6700,    31.7400,       1336,         32,               44183
VSWS,B,20260525,532807,,Cineline India,    81.0000,    82.0000,    77.6100,    80.0000,        183,         32,               14527
VSWS,B,20260525,532808,,Pearl Global Industr,  1639.9000,  1645.1000,  1612.3500,  1628.9000,      52697,        263,            85125943
VSWS,B,20260525,532809,,Firstsource Solution,   271.4000,   281.9500,   265.8000,   280.5000,     815244,      32924,           225972659
VSWS,B,20260525,532810,,Power Finance Corpor,   440.2500,   443.7000,   435.2000,   439.1500,     113522,       2572,            49857557
VSWS,B,20260525,532811,,Ahluwalia Contracts,   815.0500,   815.1000,   804.6500,   807.7500,        984,        195,              796147
VSWS,B,20260525,532812,,Transwarranty Financ,    13.9800,    13.9800,    12.8700,    12.8700,        159,         10,                2067
VSWS,B,20260525,532814,,Indian Bank,   835.3500,   849.8500,   834.9000,   839.7000,     141304,       6171,           118792536
VSWS,B,20260525,532815,,SMS Pharmaceuticals,   388.5500,   388.5500,   362.0000,   370.2500,      27307,        866,            10136793
VSWS,B,20260525,532817,,Oriental Trimex,     6.4500,     6.4900,     6.2600,     6.3900,       9185,         36,               58374
VSWS,B,20260525,532820,,E-Land Apparel,    14.9800,    16.1400,    13.8500,    14.1900,      14901,         45,              212740
VSWS,B,20260525,532822,,Vodafone Idea,    13.9600,    14.0900,    13.8000,    14.0500,   52288431,     163956,           730460151
VSWS,B,20260525,532825,,Jagjanani Textiles,     4.9900,     4.9900,     4.6200,     4.6200,       3005,          9,               13927
VSWS,B,20260525,532826,,Raj Television Netwo,    20.6100,    21.2000,    20.6100,    20.9500,       6132,         26,              128627
VSWS,B,20260525,532827,,Page Industries, 39496.7000, 40100.0000, 38450.0000, 38547.1000,       1250,        672,            49064100
VSWS,B,20260525,532828,,AMD Industries,    46.0000,    46.8000,    43.1500,    44.1500,       2153,         22,               99199
VSWS,B,20260525,532829,,Lehar Footwears,   253.0000,   258.0000,   241.2000,   244.5500,      64068,       1072,            15952149
VSWS,B,20260525,532830,,Astral,  1571.0500,  1571.0500,  1541.0000,  1552.5000,      10636,       1080,            16521276
VSWS,B,20260525,532832,,Embassy Developments,    60.6500,    64.8000,    60.6500,    62.8000,     131995,       2129,             8306880
VSWS,B,20260525,532834,,Camlin Fine Sciences,   120.5500,   125.0000,   120.5500,   122.7500,      65032,        733,             8002788
VSWS,B,20260525,532835,,ICRA,  5423.0000,  5501.0000,  5413.1000,  5437.9000,        184,         43,             1002674
VSWS,B,20260525,532839,,Dish TV India,     3.4500,     3.5500,     3.3900,     3.4900,     224204,        366,              777033
VSWS,B,20260525,532841,,Sahyadri Industries,   305.6000,   307.0000,   300.0000,   306.6500,       1443,        128,              442104
VSWS,B,20260525,532842,,Sree Rayalaseema Hi-,   534.7500,   538.6000,   525.9500,   533.0000,        353,         62,              188344
VSWS,B,20260525,532843,,Fortis Healthcare,   975.0000,   984.2000,   963.5500,   970.1500,      91904,       4956,            89406953
VSWS,B,20260525,532845,,TGB Banquets & Hotel,     8.6500,     9.4000,     8.6500,     9.0600,       5010,         57,               45149
VSWS,B,20260525,532847,,Hilton Metal Forging,    21.8000,    22.6300,    21.8000,    22.0400,       9970,         79,              222104
VSWS,B,20260525,532848,,Delta Corp,    72.7000,    73.9800,    72.3000,    73.2500,     108636,        794,             7932010
VSWS,B,20260525,532850,,MIC Electronics,    43.8100,    44.5000,    43.6400,    43.7600,      73183,        565,             3216917
VSWS,B,20260525,532851,,Insecticides (India),   751.3000,   756.2500,   739.1000,   748.2000,       1647,        111,             1232685
VSWS,B,20260525,532853,,Asahi Songwon Colors,   239.2000,   243.0000,   231.0000,   238.0000,       2325,         70,              560446
VSWS,B,20260525,532855,,Haryana Capfin,   144.0000,   146.0000,   143.4000,   146.0000,         99,          5,               14324
VSWS,B,20260525,532856,,Time Technoplast,   174.8500,   180.3500,   174.8500,   177.8000,     112414,       1418,            20096524
VSWS,B,20260525,532859,,Hinduja Global Solu,   414.4500,   415.0000,   404.0500,   409.8000,       1186,        130,              487085
VSWS,B,20260525,532864,,Nelcast,   137.6000,   140.4000,   136.0000,   137.0000,       4251,        115,              585116
VSWS,B,20260525,532866,,Quintegra Solutions,     2.0100,     2.0100,     1.8900,     1.8900,          8,          3,                  15
VSWS,B,20260525,532867,,V2 Retail,   239.6000,   242.4000,   234.2000,   238.3500,      55494,        629,            13221334
VSWS,B,20260525,532868,,DLF,   589.5500,   596.0000,   589.2500,   592.3500,     207855,       1999,           123237132
VSWS,B,20260525,532869,,Tarmat,    52.0500,    52.0500,    51.7000,    52.0200,        337,          6,               17434
VSWS,B,20260525,532870,,Ankit Metal & Power,     1.5200,     1.6000,     1.5200,     1.6000,      12477,         24,               19635
VSWS,B,20260525,532872,,Sun Pharma Adv Resr,   216.0500,   239.0000,   212.1000,   233.2000,    2436578,      24482,           553128613
VSWS,B,20260525,532873,,Housing Dev & Infra,     1.9900,     2.0000,     1.9400,     1.9700,      19498,         32,               38639
VSWS,B,20260525,532875,,Allied Digital Servi,   122.1500,   125.3000,   122.1500,   124.1500,      11030,        307,             1369315
VSWS,B,20260525,532878,,Alpa Laboratories,    65.1500,    68.6700,    65.1500,    67.7600,        537,         23,               36573
VSWS,B,20260525,532879,,Sir Shadi Lal Enterp,   280.0000,   280.0000,   250.0000,   255.2500,       2351,         44,              607626
VSWS,B,20260525,532880,,Omaxe,    74.5000,    77.6500,    74.4800,    76.7900,       7175,        342,              548534
VSWS,B,20260525,532884,,Refex Industries,   285.1500,   288.9000,   280.6500,   283.6500,      59093,       1508,            16818864
VSWS,B,20260525,532885,,Central Bank of Indi,    31.3000,    31.3400,    31.1000,    31.2900,    2532666,       5379,            79222319
VSWS,B,20260525,532886,,SEL Manufacturing Co,    29.8400,    30.9900,    29.0200,    29.2700,       3833,         83,              112129
VSWS,B,20260525,532887,,Neueon Corporation,    24.4100,    24.4100,    24.4100,    24.4100,       2599,          2,               63441
VSWS,B,20260525,532888,,Asian Granito India,    61.9500,    64.5000,    61.9500,    62.9200,      75025,        553,             4771690
VSWS,B,20260525,532889,,K P R Mill,   942.0500,   963.9000,   936.9500,   949.8000,       6233,        445,             5933074
VSWS,B,20260525,532890,,Take Solutions,    29.2500,    30.2500,    29.2500,    29.7500,     452370,        247,            13472700
VSWS,B,20260525,532891,,Puravankara,   226.4500,   233.7000,   226.0000,   230.0000,      32504,        899,             7464192
VSWS,B,20260525,532892,,Motilal Oswal Financ,   854.9000,   874.3000,   851.5500,   870.7500,      81763,       2865,            70664179
VSWS,B,20260525,532893,,VTM,    72.5000,    73.5000,    65.6500,    66.5800,     237135,       1292,            16329964
VSWS,B,20260525,532894,,Indowind Energy,     9.8900,    10.0000,     9.6500,     9.8900,      14598,         62,              144952
VSWS,B,20260525,532895,,Nagreeka Capital & I,    30.0000,    30.0000,    30.0000,    30.0000,          2,          1,                  60
VSWS,B,20260525,532896,,Magnum Ventures,    20.3600,    20.3600,    19.5200,    20.3000,       1862,         58,               37669
VSWS,B,20260525,532898,,Power Grid Corp of I,   297.9500,   298.4000,   294.2000,   295.2500,     259129,       6484,            76569365
VSWS,B,20260525,532899,,Kaveri Seed Company,  1001.0000,  1001.0000,   920.8000,   922.9000,       2065,        304,             1916044
VSWS,B,20260525,532900,,Paisalo Digital,    50.9000,    50.9000,    49.7000,    49.9600,     236019,        589,            11846956
VSWS,B,20260525,532902,,Consolidated Const C,    16.1600,    16.1600,    15.1900,    15.4600,       7516,         46,              115969
VSWS,B,20260525,532904,,Supreme Infrastructu,    82.1100,    82.9000,    82.0000,    82.0000,      38202,         21,             3132668
VSWS,B,20260525,532906,,Maan Aluminium,   143.4500,   146.9500,   141.8000,   142.1000,       4332,        136,              625013
VSWS,B,20260525,532907,,IL&FS Eng & Const Co,    27.9500,    29.3300,    26.8000,    28.1000,       1240,         11,               34671
VSWS,B,20260525,532911,,Parle Industries,     6.0600,     6.0600,     6.0600,     6.0600,     299870,        159,             1817212
VSWS,B,20260525,532915,,Religare Enterprises,   242.2500,   246.0000,   235.7000,   236.7000,      37244,        556,             9008585
VSWS,B,20260525,532916,,Barak Valley Cements,    41.9300,    43.5000,    41.8000,    43.0000,       1744,         52,               74676
VSWS,B,20260525,532918,,Rathi Bars,    25.5000,    25.6500,    25.0000,    25.0500,       1665,         42,               41760
VSWS,B,20260525,532921,,Adani Ports & Specia,  1807.4000,  1814.0500,  1793.3000,  1802.9500,      81495,       4821,           146884656
VSWS,B,20260525,532922,,Edelweiss Financial,   110.8500,   112.8000,   110.5000,   111.9500,     139024,       1131,            15543118
VSWS,B,20260525,532923,,Renaissance Global,   101.3700,   105.0100,   101.2200,   104.2000,      10698,        175,             1105444
VSWS,B,20260525,532924,,Kolte-Patil Develope,   353.2000,   387.0000,   353.2000,   382.9000,      18363,        514,             6922092
VSWS,B,20260525,532926,,Jyothy Labs,   204.2500,   208.1500,   202.7000,   203.4000,      99810,       2990,            20390765
VSWS,B,20260525,532927,,eClerx Services,  1575.7000,  1621.2000,  1569.8000,  1586.8000,      12924,       1082,            20650045
VSWS,B,20260525,532928,,Transformers & Recti,   315.6500,   318.5000,   312.0500,   314.0000,      98374,       1722,            30943782
VSWS,B,20260525,532929,,Brigade Enterprises,   673.3500,   683.9500,   668.1000,   669.8000,      12849,        863,             8669083
VSWS,B,20260525,532930,,BGR Energy Systems,   288.9000,   305.0000,   288.3000,   297.8000,      19835,        308,             5890554
VSWS,B,20260525,532932,,Manaksia,    63.9500,    65.3400,    61.5100,    62.7700,       6722,        100,              424569
VSWS,B,20260525,532933,,Porwal Auto Componen,    53.5500,    54.6800,    53.2500,    54.4600,       2845,         27,              153600
VSWS,B,20260525,532934,,PPAP Automotive,   213.2500,   213.2500,   211.2000,   213.1000,        260,         19,               55226
VSWS,B,20260525,532935,,Aries Agro,   361.7500,   365.0000,   361.7000,   362.5500,        110,         25,               39892
VSWS,B,20260525,532937,,Kuantum Papers,    82.0000,    82.0000,    79.4500,    80.0700,       2568,         82,              205836
VSWS,B,20260525,532939,,Reliance Power,    27.4200,    27.6000,    26.5000,    26.7200,    3114317,       7592,            83947932
VSWS,B,20260525,532940,,J Kumar Infraproject,   500.0000,   520.5500,   492.4500,   508.0000,      11934,        849,             6044945
VSWS,B,20260525,532941,,Cords Cable Industri,   199.6000,   235.8000,   195.2000,   235.8000,      48272,       1518,            10894724
VSWS,B,20260525,532942,,KNR Constructions,   134.2000,   135.3000,   132.5000,   133.4500,      49883,       1013,             6685873
VSWS,B,20260525,532944,,OnMobile Global,    51.8000,    51.8000,    50.6300,    51.6800,       4331,         87,              222002
VSWS,B,20260525,532945,,SEPC Ltd,     7.9600,     8.1900,     7.7000,     7.8700,    2505766,       1813,            19832578
VSWS,B,20260525,532946,,Bang Overseas,    38.7000,    38.7000,    38.7000,    38.7000,         10,          1,                 387
VSWS,B,20260525,532947,,IRB Infra Developers,    22.3200,    22.5200,    21.5500,    21.6500,    2154289,       4877,            47144339
VSWS,B,20260525,532951,,GSS Infotech,    13.7400,    14.3800,    13.5000,    13.9100,       3760,         17,               53261
VSWS,B,20260525,532952,,Nahar Capital and Fi,   255.0500,   261.4500,   253.4500,   258.1500,        274,         77,               70052
VSWS,B,20260525,532953,,V-Guard Industries,   306.0500,   312.0000,   303.5000,   306.9000,      57710,       2052,            17756513
VSWS,B,20260525,532955,,REC,   340.6500,   345.2500,   339.8500,   342.3500,     127818,       1957,            43819773
VSWS,B,20260525,532957,,Gokak Textiles,    63.9900,    63.9900,    62.7100,    62.7100,         48,          7,                3044
VSWS,B,20260525,532966,,Titagarh Rail System,   767.2000,   839.7000,   767.2000,   832.5500,     474629,      16400,           388541038
VSWS,B,20260525,532967,,Kiri Industries,   400.3500,   407.8000,   394.0500,   396.2500,       8560,        297,             3430104
VSWS,B,20260525,532974,,Aditya Birla Money,   137.5000,   143.7500,   137.5000,   141.9000,       7769,        180,             1107818
VSWS,B,20260525,532975,,Telogica,    10.3100,    10.3100,     9.5000,    10.2500,      14130,         37,              142745
VSWS,B,20260525,532976,,Jai Balaji Industrie,    71.0500,    73.9000,    71.0500,    72.8900,      25375,        221,             1852925
VSWS,B,20260525,532977,,Bajaj Auto, 10799.2500, 10799.2500, 10431.3000, 10491.3000,      19144,       3126,           202740054
VSWS,B,20260525,532978,,Bajaj Finserv,  1798.2000,  1811.7000,  1784.3000,  1807.2000,      18266,       1428,            32909003
VSWS,B,20260525,532980,,Gokul Refoils & Sol,    38.4000,    41.5100,    38.4000,    41.5000,      22351,        106,              921831
VSWS,B,20260525,532983,,RPG Life Sciences,  2295.0000,  2315.9500,  2249.1000,  2257.2000,        369,         76,              840613
VSWS,B,20260525,532985,,Kotak S&P BSE Sx ETF,    83.4800,    83.5000,    82.2100,    83.2600,       2981,        122,              247708
VSWS,B,20260525,532986,,Niraj Cement Structu,    29.0000,    29.2000,    28.4500,    28.6300,       2910,         24,               84462
VSWS,B,20260525,532989,,Bafna Pharmaceutical,   133.5500,   136.3000,   133.5000,   136.3000,        412,         21,               55876
VSWS,B,20260525,532993,,Sejal Glass,   783.0000,   783.0000,   767.0000,   780.7000,        186,         17,              144495
VSWS,B,20260525,532994,,Archidply Industries,    81.0000,    82.0700,    79.3400,    81.8600,       1550,         65,              125520
VSWS,B,20260525,533001,,Somi Conveyor Beltin,   106.0000,   106.0000,   104.1500,   105.4500,        801,         89,               84668
VSWS,B,20260525,533007,,LGB Forge,     6.8400,     6.8400,     6.5100,     6.7800,      65153,        177,              437502
VSWS,B,20260525,533012,,Landmark Property De,     6.8400,     7.1000,     6.6300,     6.9200,      16394,         40,              111977
VSWS,B,20260525,533014,,Sicagen India,    53.0000,    58.0000,    52.5100,    56.7800,       5629,         80,              318435
VSWS,B,20260525,533019,,Simplex Papers,  1515.0000,  1515.0000,  1480.1000,  1480.1000,         45,         13,               67616
VSWS,B,20260525,533022,,20 Microns,   179.9500,   208.0500,   179.9500,   196.8500,     106714,       3090,            21149020
VSWS,B,20260525,533023,,ZF Comm Vehicle Cont, 14884.8000, 15220.9000, 14884.4500, 14980.3500,        715,        351,            10747961
VSWS,B,20260525,533029,,Alkali Metals,    72.7500,    74.8500,    71.3600,    71.8000,        906,        111,               66647
VSWS,B,20260525,533033,,ISGEC Heavy Engineer,  1097.5000,  1097.5000,  1054.1500,  1061.3500,       2831,        266,             3033842
VSWS,B,20260525,533047,,Indian Metals & Ferr,  1436.1000,  1534.5500,  1436.1000,  1495.7500,       6629,        661,             9871192
VSWS,B,20260525,533048,,Teamo Productions HQ,     0.5200,     0.5500,     0.5200,     0.5300,     482607,        128,              257699
VSWS,B,20260525,533056,,Vedavaag Systems,    20.3800,    20.7200,    20.2200,    20.3500,      12608,        110,              256803
VSWS,B,20260525,533080,,Mold-Tek Packaging,   686.6000,   726.0000,   681.0000,   704.6500,      40812,       2717,            29073968
VSWS,B,20260525,533088,,Mahindra Holidays &,   223.3000,   225.5000,   221.0000,   222.5500,      14037,        330,             3131819
VSWS,B,20260525,533090,,Landsmill Green,     0.9400,     0.9500,     0.9000,     0.9200,     726582,        230,              671515
VSWS,B,20260525,533093,,Raj Oil Mills,    45.3400,    46.0000,    45.3400,    45.5000,        363,         11,               16577
VSWS,B,20260525,533095,,Bengal & Assam Co,  6455.9500,  6588.0000,  6455.0000,  6575.0500,         64,         28,              418657
VSWS,B,20260525,533096,,Adani Power,   221.6500,   234.5000,   220.3500,   233.5000,    3165560,      18407,           721732248
VSWS,B,20260525,533098,,NHPC,    78.5100,    79.4600,    78.3600,    79.0100,     565740,       3490,            44580547
VSWS,B,20260525,533100,,Premier Energy & Inf,     6.7000,     6.8900,     6.3900,     6.8800,      66060,         52,              447295
VSWS,B,20260525,533101,,Suryaamba Spinning,   130.0000,   130.0000,   122.8000,   126.1000,        215,          9,               26780
VSWS,B,20260525,533104,,Globus Spirits,   888.0000,   888.0000,   871.6000,   883.7500,       9209,        417,             8082395
VSWS,B,20260525,533106,,Oil India,   493.3000,   494.4500,   481.0500,   482.7500,     310486,       5454,           151304565
VSWS,B,20260525,533107,,Swan Defence And Hea,  1885.0000,  1930.0000,  1885.0000,  1925.6500,        534,         78,             1014714
VSWS,B,20260525,533108,,Bhilwara Technical T,    35.9000,    35.9000,    34.2500,    34.5000,       4172,         26,              146881
VSWS,B,20260525,533110,,Shree Precoated Stee,    11.9500,    11.9500,    11.9500,    11.9500,        541,          4,                6464
VSWS,B,20260525,533121,,Expleo Solutions,   915.0000,   915.7500,   895.5000,   901.8000,       1027,        127,              932536
VSWS,B,20260525,533122,,RattanIndia Power,     9.2000,     9.3000,     9.1800,     9.2000,    1089150,       3194,            10055519
VSWS,B,20260525,533137,,Den Networks,    26.9600,    27.6400,    26.9600,    27.5400,      47848,        200,             1310382
VSWS,B,20260525,533138,,Astec Lifesciences,   765.1500,   770.7500,   750.8500,   755.8500,       1635,        193,             1239936
VSWS,B,20260525,533146,,D-Link (India),   461.0500,   468.1500,   455.0000,   462.6500,       6035,        618,             2791040
VSWS,B,20260525,533148,,JSW Energy,   557.9500,   559.0000,   551.5000,   557.1500,      77033,       2883,            42765805
VSWS,B,20260525,533149,,Yunik Managing Advis,     7.1200,     7.9000,     7.1200,     7.1200,       2529,          9,               18514
VSWS,B,20260525,533150,,Godrej Properties,  1760.1500,  1770.0000,  1749.1000,  1766.6500,      21395,       1429,            37662542
VSWS,B,20260525,533151,,D B Corp,   207.0500,   209.1000,   206.0000,   207.1000,       3429,        150,              712360
VSWS,B,20260525,533152,,MBL Infrastructure,    26.2800,    26.2800,    25.0500,    26.2800,       5603,         28,              145821
VSWS,B,20260525,533155,,Jubilant FoodWorks,   440.2500,   446.0000,   436.0500,   438.8000,     149473,       1862,            65852203
VSWS,B,20260525,533156,,Vascon Engineers,    34.8900,    34.8900,    34.0000,    34.4000,      12966,         80,              444770
VSWS,B,20260525,533158,,Thangamayil Jeweller,  3855.0000,  3886.2500,  3774.6500,  3828.9500,       2408,        375,             9210132
VSWS,B,20260525,533160,,Valor Estate,   117.0000,   121.1000,   117.0000,   121.1000,     118243,        383,            14290057
VSWS,B,20260525,533161,,Emmbi Industries,    91.5000,    91.5000,    82.1000,    86.0100,       2623,         33,              227353
VSWS,B,20260525,533162,,Hathway Cable & Data,    10.1500,    10.5600,    10.1500,    10.4600,     163903,        530,             1700009
VSWS,B,20260525,533164,,Texmo Pipes and Prod,    46.1500,    46.5000,    44.7000,    44.8600,       5533,        215,              254443
VSWS,B,20260525,533166,,Sundaram Multi Pap,     1.4000,     1.4900,     1.3900,     1.4100,      88674,         86,              126396
VSWS,B,20260525,533167,,Coromandel Engineeri,    81.3900,    81.3900,    76.5000,    78.4100,       7225,         54,              566244
VSWS,B,20260525,533168,,Rossell India,    52.3500,    56.6000,    52.3500,    55.3800,       8256,        160,              459935
VSWS,B,20260525,533169,,Man Infraconstructio,   119.0000,   121.0500,   114.5000,   115.1000,     314349,        625,            36347057
VSWS,B,20260525,533170,,Tamboli Industries,   174.0000,   182.8500,   174.0000,   175.3000,        157,         23,               27866
VSWS,B,20260525,533172,,Invesco India Gold,   136.0000,   138.0000,   136.0000,   137.3500,       2101,         27,              286288
VSWS,B,20260525,533177,,IL & FS Transportati,     2.2600,     2.3700,     2.2600,     2.3400,       2917,         13,                6754
VSWS,B,20260525,533179,,Persistent Systems,  4985.7500,  5075.9500,  4973.9000,  5037.7500,      23582,       3139,           118660439
VSWS,B,20260525,533181,,Intrasoft Technologi,    83.5800,    84.0000,    82.0000,    84.0000,        656,         19,               53869
VSWS,B,20260525,533192,,KCP Sugar & Ind Corp,    24.5000,    24.8300,    23.9000,    24.2900,       3661,         55,               88608
VSWS,B,20260525,533193,,Kirloskar Electric,   120.0000,   125.8000,   114.3000,   125.8000,      43035,        224,             5343010
VSWS,B,20260525,533202,,Satchmo Holdings,     5.5900,     5.5900,     5.5900,     5.5900,      65049,         87,              363623
VSWS,B,20260525,533203,,Tarapur Transformers,    21.9700,    22.4700,    21.0700,    22.1900,      10783,        603,              237235
VSWS,B,20260525,533206,,SJVN,    73.9300,    74.7000,    73.7600,    74.2400,     376369,       2581,            27976574
VSWS,B,20260525,533208,,Emami Paper Mills,    80.2500,    80.2500,    79.0800,    79.8700,        671,         21,               53426
VSWS,B,20260525,533210,,Kriti Nutrients,    91.2000,    93.9500,    91.2000,    93.9500,        234,          3,               21712
VSWS,B,20260525,533212,,GKB Ophthalmics,    68.0000,    70.7400,    68.0000,    70.4400,       3383,         25,              236470
VSWS,B,20260525,533217,,Hindustan Media Vent,    62.6000,    64.0000,    62.6000,    63.0600,       1140,         44,               72277
VSWS,B,20260525,533218,,Emami Realty,    84.5300,    87.9700,    84.5300,    87.9700,      13776,         41,             1175545
VSWS,B,20260525,533221,,Asian Hotels (West),   233.9000,   233.9000,   233.9000,   233.9000,         48,          6,               11227
VSWS,B,20260525,533227,,Asian Hotels (East),   170.0000,   171.8000,   164.9500,   165.8000,       2769,        278,              463015
VSWS,B,20260525,533229,,Bajaj Consumer Care,   581.2000,   581.2000,   546.0000,   562.8500,      57802,       1707,            32449580
VSWS,B,20260525,533230,,HDFC Gold ETF,   134.1900,   135.1900,   134.1100,   134.8400,     130127,        948,            17549873
VSWS,B,20260525,533239,,Prakash Steelage,     4.3000,     4.4100,     4.3000,     4.3900,      21748,        116,               94604
VSWS,B,20260525,533244,,ICICI Pru Gold,   135.0000,   135.8300,   134.5000,   135.0600,     189883,       2466,            25676394
VSWS,B,20260525,533248,,Gujarat Pipavav Port,   152.9000,   157.2000,   152.9000,   155.3500,     118170,       1580,            18268154
VSWS,B,20260525,533252,,Welspun Inv & Comm,  1948.6500,  1948.6500,  1918.0000,  1936.1500,         56,         12,              107974
VSWS,B,20260525,533257,,Indosolar,   403.5000,   404.0000,   391.0000,   397.1000,       2632,        100,             1051966
VSWS,B,20260525,533259,,Health X Platform,   292.9500,   333.0000,   290.0000,   322.9000,       4484,        408,             1431099
VSWS,B,20260525,533260,,CP Capital,    94.2000,    94.2000,    94.2000,    94.2000,        155,          3,               14601
VSWS,B,20260525,533262,,Ramky Infrastructure,   441.0000,   471.8000,   441.0000,   460.8500,       5466,        240,             2523759
VSWS,B,20260525,533263,,Orient Green Power C,    11.1000,    11.2200,    11.0000,    11.0300,     419673,       1030,             4655136
VSWS,B,20260525,533267,,Cantabil Retail Indi,   219.4500,   220.4500,   216.0000,   217.2500,       6257,        185,             1372936
VSWS,B,20260525,533269,,VA Tech Wabag,  1479.2500,  1479.2500,  1442.2000,  1452.3000,      16407,       1000,            23914189
VSWS,B,20260525,533271,,Ashoka Buildcon,   123.8000,   125.5000,   122.8500,   123.4000,      93133,       1430,            11557316
VSWS,B,20260525,533272,,Jupiter Wagons,   279.2000,   303.9000,   279.2000,   296.2000,     770865,      11095,           227735117
VSWS,B,20260525,533273,,Oberoi Realty,  1666.7500,  1720.0000,  1666.7500,  1712.7000,      33222,       3622,            56538901
VSWS,B,20260525,533274,,Prestige Estates Pro,  1417.6000,  1420.5000,  1393.4000,  1400.7000,      37645,       3198,            52915968
VSWS,B,20260525,533275,,Shah Metacorp,     5.2000,     5.4100,     5.1200,     5.2500,     285850,        291,             1492113
VSWS,B,20260525,533278,,Coal India,   461.6500,   462.5000,   456.1500,   458.0000,     209412,       3370,            96047935
VSWS,B,20260525,533282,,Gravita India,  1646.2000,  1683.9500,  1646.2000,  1657.3500,      16197,       1296,            26958508
VSWS,B,20260525,533284,,RPP Infra Projects,    70.3200,    75.3600,    70.3200,    72.3800,      21967,        290,             1601018
VSWS,B,20260525,533285,,RDB Infra and Power,    27.4600,    27.4600,    25.5300,    26.4500,      68645,        295,             1803283
VSWS,B,20260525,533286,,MOIL,   303.8500,   310.2000,   302.0000,   302.9500,      20534,        987,             6261697
VSWS,B,20260525,533287,,Zee Learn,     5.9100,     6.4700,     5.6100,     6.1300,     603431,        852,             3721860
VSWS,B,20260525,533289,,Kesar Terminals & In,    66.0000,    66.0000,    66.0000,    66.0000,         32,          4,                2112
VSWS,B,20260525,533292,,A2Z Infra Engineerin,    15.6000,    15.6000,    14.7300,    14.7500,      67769,        166,             1008886
VSWS,B,20260525,533293,,Kirloskar Oil Engine,  1679.6500,  1735.6500,  1658.0000,  1702.2000,      17418,       2012,            29556121
VSWS,B,20260525,533294,,Ravi Kumar Distiller,    19.3500,    22.0000,    19.3500,    21.2900,       4101,         36,               87931
VSWS,B,20260525,533295,,Punjab & Sind Bank,    23.8600,    24.1000,    23.7300,    24.0300,     116108,        603,             2777625
VSWS,B,20260525,533296,,Future Market Networ,    10.2800,    11.1000,    10.2800,    11.1000,      39347,         54,              407819
VSWS,B,20260525,533298,,Surana Solar,    27.1900,    27.7300,    26.5800,    27.0200,       4534,        128,              122987
VSWS,B,20260525,533301,,Shekhawati Industrie,    13.9900,    14.8400,    13.8100,    14.8400,       5621,         25,               82583
VSWS,B,20260525,533302,,Kalyani Investment C,  4956.8000,  5025.0000,  4956.0000,  5021.3500,        570,        160,             2855345
VSWS,B,20260525,533303,,BF Investment,   398.0000,   401.7500,   393.7000,   395.0000,        682,         65,              271343
VSWS,B,20260525,533306,,Summit Securities,  1639.9500,  1639.9500,  1578.9000,  1606.4000,        677,         36,             1086109
VSWS,B,20260525,533315,,Innovassynth Techno,    75.0000,    83.5000,    73.2000,    80.8200,      81484,        483,             6527466
VSWS,B,20260525,533316,,STEL Holdings,   464.0000,   476.8000,   461.5000,   473.9000,       1793,        138,              836788
VSWS,B,20260525,533326,,Texmaco Rail & Engin,   110.6000,   115.0000,   109.0500,   113.3000,     335193,       2238,            37551679
VSWS,B,20260525,533329,,Indian Terrain Fashi,    32.7100,    33.5700,    32.0000,    33.0900,       3374,        121,              109212
VSWS,B,20260525,533333,,Fineotex Chemical,    33.7900,    39.8800,    33.5000,    39.1100,    6750855,      11164,           250455446
VSWS,B,20260525,533336,,Dhunseri Investments,   861.9500,   873.0500,   856.0000,   873.0500,         55,         10,               47420
VSWS,B,20260525,533339,,Zen Technologies,  1610.4500,  1623.9500,  1593.5000,  1608.4000,      45048,       2371,            72559489
VSWS,B,20260525,533343,,Lovable Lingerie,    71.1900,    73.8500,    71.0000,    72.0100,        318,         19,               23027
VSWS,B,20260525,533344,,PTC India Financial,    30.6800,    31.0000,    30.6200,    30.6600,      25209,        138,              776932
VSWS,B,20260525,533385,,Motilal Oswal NASDAQ,   330.7000,   330.7000,   330.7000,   330.7000,      13135,        211,             4343744
VSWS,B,20260525,533398,,Muthoot Finance,  3280.4000,  3374.0000,  3280.4000,  3353.4500,      34491,       4135,           115697626
VSWS,B,20260525,533400,,Future Consumer,     0.3400,     0.3400,     0.3400,     0.3400,     127765,         58,               43440
VSWS,B,20260525,533407,,True Green Bio Energ,   162.0000,   162.0000,   158.8000,   158.8000,       1635,         34,              260834
VSWS,B,20260525,533408,,Aditya Birla Sun LGG,   138.0000,   139.0500,   138.0000,   138.7200,      15570,        229,             2160183
VSWS,B,20260525,533427,,VMS Industries,    23.6000,    24.9900,    22.8000,    23.4600,      25465,        139,              608177
VSWS,B,20260525,533451,,Karma Energy,    45.9900,    45.9900,    44.9400,    45.9900,        560,         20,               25667
VSWS,B,20260525,533452,,Delphi World Money,    11.0500,    11.0500,    10.4100,    10.4400,       5433,         44,               57362
VSWS,B,20260525,533470,,Rushil Decor,    16.8100,    16.8100,    15.6700,    15.7400,     184945,        163,             2963867
VSWS,B,20260525,533477,,Enkei Wheels (India),   417.5000,   417.5000,   388.4000,   401.0000,       1662,         74,              666243
VSWS,B,20260525,533482,,Kridhan Infra,     3.1500,     3.2900,     3.1300,     3.1300,       6845,         26,               22026
VSWS,B,20260525,533499,,Bharatiya Global Inf,     3.0600,     3.1500,     2.8500,     3.1100,       7452,         13,               22496
VSWS,B,20260525,533506,,Inventure Grow & Sec,     1.0000,     1.0200,     0.9800,     1.0000,     298497,        142,              299880
VSWS,B,20260525,533519,,L&T Finance,   274.3500,   280.6000,   273.0000,   279.4000,    1101841,       3458,           307112678
VSWS,B,20260525,533520,,Indiabulls,    19.1500,    20.0600,    19.0000,    19.9800,     597445,        861,            11734864
VSWS,B,20260525,533540,,Tree House Education,     6.8200,     7.0800,     6.8200,     7.0000,        592,         21,                4131
VSWS,B,20260525,533543,,Brooks Laboratories,    54.5000,    56.8000,    54.5000,    56.8000,      21742,         62,             1232158
VSWS,B,20260525,533552,,Rupa & Company,   149.1000,   149.6500,   147.0000,   148.8500,       3338,        125,              495824
VSWS,B,20260525,533553,,TD Power Systems,  1314.2500,  1328.0000,  1281.8500,  1301.9000,      53908,       2509,            70488425
VSWS,B,20260525,533570,,Axis MF Axis GoldETF,   131.0000,   132.0200,   130.6600,   131.7400,      23152,        321,             3043995
VSWS,B,20260525,533573,,Alembic Pharmaceutic,   772.8000,   772.8000,   753.0500,   762.8500,       4092,        445,             3107054
VSWS,B,20260525,533576,,Vaswani Industries,    54.1100,    55.0200,    53.8300,    54.0500,       5036,         57,              274781
VSWS,B,20260525,533581,,PG Electroplast,   478.0000,   478.9500,   470.0500,   471.5000,     199527,       3467,            94532517
VSWS,B,20260525,533602,,Lesha Industries,     0.9700,     0.9700,     0.9300,     0.9500,     148199,        156,              141451
VSWS,B,20260525,533605,,Setubandhan Infrastr,     0.6000,     0.6000,     0.6000,     0.6000,        205,          2,                 123
VSWS,B,20260525,533608,,RDB Rasayans,   151.0000,   158.8500,   150.0000,   152.2500,      11488,        122,             1765978
VSWS,B,20260525,533629,,Tijaria Polypipes,     4.4100,     4.6900,     4.3900,     4.6900,        552,          6,                2444
VSWS,B,20260525,533632,,Onelife Capital Advi,    26.0000,    26.5600,    26.0000,    26.3600,      20169,         88,              533572
VSWS,B,20260525,533638,,Flexituff Ventur Int,     6.9200,     7.2500,     6.5100,     7.2000,       1098,         13,                7912
VSWS,B,20260525,533644,,Ujaas Energy,   144.5000,   144.5000,   140.4500,   141.9000,       9821,        221,             1399084
VSWS,B,20260525,533655,,Triveni Turbine,   706.9500,   714.8500,   688.4500,   693.3000,     117473,       2733,            82183805
VSWS,B,20260525,533676,,Indo Thai Securities,   253.2500,   259.6000,   235.6000,   239.7500,      54297,        822,            13505647
VSWS,B,20260525,533704,,Essar Shipping,    24.6900,    24.6900,    22.8000,    23.6100,     164832,        395,             3865284
VSWS,B,20260525,533719,,LIC MF Gold ETF,   142.4500,   142.7000,   141.4600,   141.8500,       1562,         62,              221790
VSWS,B,20260525,533758,,APL Apollo Tubes,  1886.7500,  1908.5000,  1875.2000,  1898.7000,      16867,       1427,            31914146
VSWS,B,20260525,533761,,GPT Infraprojects,   116.8500,   120.6500,   116.8500,   118.2500,       7869,        133,              931449
VSWS,B,20260525,533896,,Fervent Synergies,    16.9500,    18.7500,    16.7300,    18.2500,        356,         20,                6433
VSWS,B,20260525,533941,,Thomas Scott (India),   256.9000,   263.1000,   252.0000,   255.1000,        477,         42,              123526
VSWS,B,20260525,533982,,Tera Software,   339.0000,   345.0000,   336.6000,   339.2000,        283,         56,               96597
VSWS,B,20260525,534060,,PMC Fincorp,     1.9100,     1.9100,     1.8800,     1.8900,     524434,        446,              991290
VSWS,B,20260525,534063,,Futuristic Solutions,    44.4900,    44.4900,    44.0000,    44.0000,        239,          7,               10516
VSWS,B,20260525,534064,,Alliance Integrated,     1.6600,     1.7500,     1.6300,     1.6600,     587684,        202,              970882
VSWS,B,20260525,534076,,RHI Magnesita India,   392.8000,   408.4500,   392.8000,   403.5000,      15612,        505,             6289098
VSWS,B,20260525,534091,,Multi Commodity Exch,  3281.0500,  3345.0000,  3241.1000,  3313.7500,     234248,      17018,           773248749
VSWS,B,20260525,534139,,Schneider Electric I,  1310.9500,  1373.4500,  1310.9500,  1365.7000,      66742,       2373,            91049390
VSWS,B,20260525,534190,,Olympic Cards,     3.0800,     3.0900,     2.8600,     2.8600,       5431,         15,               16669
VSWS,B,20260525,534309,,NBCC (India),    95.9300,    99.4800,    95.4100,    96.7800,    1622744,       8763,           158445064
VSWS,B,20260525,534312,,MT Educare,     1.7000,     1.7000,     1.6200,     1.6200,       4729,         12,                7677
VSWS,B,20260525,534328,,Hexa Tradex,   160.0500,   167.9000,   160.0500,   167.9000,        148,          8,               24060
VSWS,B,20260525,534338,,Max Heights Infrastr,    13.2500,    13.4600,    13.2500,    13.4600,       3132,         13,               42053
VSWS,B,20260525,534369,,Tribhovandas Bhimji,   135.0000,   136.7000,   135.0000,   136.1000,       5149,        115,              701058
VSWS,B,20260525,534392,,Vardhman Special Ste,   289.0000,   289.0000,   271.5000,   274.8000,        916,         59,              252070
VSWS,B,20260525,534422,,Looks Health Service,     5.7500,     5.9600,     5.5600,     5.7100,       7421,         46,               42265
VSWS,B,20260525,534425,,Speciality Restauran,   110.9500,   114.6000,   110.9500,   114.4500,       3634,         32,              413659
VSWS,B,20260525,534532,,Lypsa Gems & Jewelle,     5.0100,     5.0900,     4.8400,     4.9600,       6829,         58,               34432
VSWS,B,20260525,534535,,String Metaverse,     8.7700,     9.4200,     8.7700,     8.7700,    2900471,        631,            25454707
VSWS,B,20260525,534597,,RattanIndia Enterpri,    35.1200,    35.6900,    34.8700,    34.9700,      82930,       1078,             2921636
VSWS,B,20260525,534598,,Sampann Utpadan Indi,    26.8000,    28.3000,    26.6000,    27.7000,      10118,        110,              279668
VSWS,B,20260525,534600,,JTL Industries,    71.2000,    72.3500,    69.2500,    69.4700,      51261,        558,             3638391
VSWS,B,20260525,534612,,Advance Metering Tec,    20.0000,    20.0000,    19.4000,    19.9900,       2984,         29,               58325
VSWS,B,20260525,534615,,North Eastern Carry,    15.3600,    15.5800,    15.2200,    15.4500,       2422,         31,               37020
VSWS,B,20260525,534618,,Waaree Renewable,   969.6500,   986.0000,   962.9000,   976.8000,      24750,       1196,            24082319
VSWS,B,20260525,534623,,Jupiter Infomedia,    63.0000,    63.0000,    62.9500,    63.0000,     288175,        132,            18155020
VSWS,B,20260525,534639,,Vinayak Polycon Int,    23.9000,    23.9000,    23.9000,    23.9000,          1,          1,                  23
VSWS,B,20260525,534674,,Ducon Infratechnolog,     3.5700,     3.5900,     3.3300,     3.5900,     219469,        142,              784263
VSWS,B,20260525,534675,,Prozone Realty,    51.5600,    52.0900,    50.2500,    51.2400,      13304,        132,              684123
VSWS,B,20260525,534691,,Comfort Commotrade,    16.2700,    16.2700,    14.8100,    15.0000,       4673,         28,               71638
VSWS,B,20260525,534732,,Caspian Corp Service,    37.8000,    39.0000,    36.1600,    37.1400,       1796,         40,               67080
VSWS,B,20260525,534733,,Aerpace Industries,    22.6600,    23.7900,    22.6600,    23.0900,     141327,        285,             3287014
VSWS,B,20260525,534741,,Virtual Global Edu,     0.5800,     0.5800,     0.5500,     0.5700,     259522,        192,              146365
VSWS,B,20260525,534742,,Zuari Agro Chemicals,   214.7500,   221.8000,   214.7500,   221.3500,      10385,        345,             2276303
VSWS,B,20260525,534748,,Steel Exchange India,    10.3800,    10.7600,     9.9700,    10.4200,     674010,       1197,             7049443
VSWS,B,20260525,534755,,Trio Mercantile & Tr,     1.0900,     1.0900,     1.0000,     1.0000,      16445,         19,               17924
VSWS,B,20260525,534796,,CDG Petchem,   181.8500,   185.5500,   181.8500,   185.5500,       4196,         15,              767804
VSWS,B,20260525,534804,,CARE Ratings,  1730.1500,  1745.2000,  1671.7000,  1682.2500,       2023,        328,             3431684
VSWS,B,20260525,534809,,PC Jeweller,     8.4500,     9.0100,     8.4400,     8.9300,    3481798,       4125,            30343195
VSWS,B,20260525,534816,,Indus Towers,   434.4000,   441.9500,   430.0500,   438.8000,     267830,       3381,           116327674
VSWS,B,20260525,534920,,iSera Lifesciences,    77.4900,    77.4900,    77.4900,    77.4900,        400,          6,               30996
VSWS,B,20260525,534976,,V-Mart Retail,   641.0000,   661.2000,   641.0000,   658.0500,       7545,        428,             4941763
VSWS,B,20260525,535136,,Nibe,  1530.0500,  1597.0000,  1390.0500,  1411.8000,      80130,       4686,           118227991
VSWS,B,20260525,535204,,Mukta Agriculture,     3.1000,     3.1000,     3.0300,     3.0300,       1684,         15,                5108
VSWS,B,20260525,535205,,Mystic Electronics,     4.2400,     4.2400,     3.6000,     3.6300,      62891,        104,              240375
VSWS,B,20260525,535267,,Comfort Fincap,     7.7900,     7.9700,     7.5500,     7.7500,      21883,         62,              168716
VSWS,B,20260525,535276,,SBI ETF SENSEX,   853.0500,   853.0500,   828.0000,   848.2800,       8436,        378,             7125764
VSWS,B,20260525,535322,,Repco Home Finance,   389.7500,   396.8000,   386.5500,   396.2000,       7476,        267,             2927873
VSWS,B,20260525,535387,,Lakhotia Polyesters,    68.0000,    68.0000,    61.7500,    61.7800,       1626,         22,              100905
VSWS,B,20260525,535431,,GCM Securities,     0.6500,     0.6600,     0.6400,     0.6500,      63249,         95,               40981
VSWS,B,20260525,535458,,NRB Industrial Beari,    30.9000,    31.0000,    29.9000,    30.3500,       5989,         32,              180072
VSWS,B,20260525,535514,,Prime Capital Market,     6.0900,     6.0900,     6.0800,     6.0900,       1551,          5,                9443
VSWS,B,20260525,535566,,KIFS Financial Ser,   122.2500,   132.9000,   122.2500,   125.5500,        377,         20,               46983
VSWS,B,20260525,535601,,Sreeleathers,   186.1500,   192.5500,   186.1500,   192.1000,        156,         31,               29479
VSWS,B,20260525,535602,,Sharda Motor Industr,   851.8500,   859.4000,   831.8000,   841.5500,      11284,        775,             9523765
VSWS,B,20260525,535621,,S V Global Mill,   136.9500,   136.9500,   136.9500,   136.9500,        221,          3,               30265
VSWS,B,20260525,535648,,Just Dial,   519.7000,   529.5000,   519.7000,   524.3000,       6566,        558,             3443596
VSWS,B,20260525,535657,,ObjectOne Informatio,     7.7100,     7.7100,     7.4200,     7.5600,       4190,         24,               31326
VSWS,B,20260525,535667,,India Finsec,   184.3000,   195.0000,   184.3000,   192.3000,       1134,          8,              217868
VSWS,B,20260525,535693,,Brahmaputra Infrastr,   164.2000,   173.9500,   164.2000,   168.7000,      13334,        209,             2253387
VSWS,B,20260525,535719,,Ampvolts,    37.0200,    38.0000,    35.1600,    35.6500,      33640,        191,             1216900
VSWS,B,20260525,535730,,Khoobsurat,     0.5600,     0.5700,     0.5400,     0.5500,     825349,        267,              457862
VSWS,B,20260525,535754,,Orient Cement,   137.7000,   138.8500,   137.2500,   138.6500,       5371,        177,              741145
VSWS,B,20260525,535755,,Aditya Birla Fashion,    67.5200,    69.0000,    67.0000,    67.4600,     236660,       1821,            16065068
VSWS,B,20260525,535789,,Sammaan Capital,   163.3500,   169.2500,   161.8000,   168.6000,    4391096,      13745,           736077617
VSWS,B,20260525,535910,,Money Masters Leasin,     0.7700,     0.7900,     0.7600,     0.7900,      53483,         42,               41418
VSWS,B,20260525,535916,,Alacrity Securities,    69.6900,    69.7000,    64.1100,    65.7400,      16802,        118,             1129467
VSWS,B,20260525,535958,,Integra Essentia,     1.5700,     1.6500,     1.5700,     1.6000,     591441,        231,              946844
VSWS,B,20260525,536073,,Julien Agro Infratec,     1.5800,     1.6400,     1.5200,     1.5700,     205992,        222,              327339
VSWS,B,20260525,536264,,Tiger Logistics (I),    34.2500,    36.9800,    34.2500,    35.2800,      15630,         83,              551805
VSWS,B,20260525,536493,,JK Agri Genetics,   331.1500,   347.9500,   331.1500,   335.3500,        877,         21,              295146
VSWS,B,20260525,536507,,Future Lifestyle Fas,     1.6000,     1.6000,     1.5400,     1.5400,      10780,         10,               16606
VSWS,B,20260525,536565,,Novelix Pharmaceutic,    56.8900,    56.8900,    53.5000,    53.8400,        507,         19,               27441
VSWS,B,20260525,536659,,PVV Infra,     4.4500,     4.4700,     3.9400,     3.9900,    5115385,       2005,            20726206
VSWS,B,20260525,536672,,VCU Data Management,     8.6500,     8.6500,     8.3100,     8.3600,      18484,        100,              156526
VSWS,B,20260525,536709,,Ind Renewable Energy,    10.5300,    11.4900,    10.5300,    10.7000,      12144,         56,              133668
VSWS,B,20260525,536737,,Amrapali Capital & F,    28.1600,    28.1600,    28.1600,    28.1600,       1200,          1,               33792
VSWS,B,20260525,536773,,Jindal Poly Invest,  1034.3000,  1043.9500,  1015.7000,  1027.7500,        410,         99,              421238
VSWS,B,20260525,536846,,Yuranus Infra,   112.1500,   115.0000,   112.0000,   113.5000,          9,          3,                1020
VSWS,B,20260525,536960,,M Oswal Nifty Midcap,    66.0700,    66.7800,    65.2400,    66.6900,      40192,        280,             2667312
VSWS,B,20260525,536965,,B P Capital,     9.0100,     9.4500,     9.0000,     9.4100,      17519,         15,              164069
VSWS,B,20260525,536974,,Captain Polyplast,    82.0000,    82.3000,    78.9000,    79.3500,      96399,        580,             7718862
VSWS,B,20260525,537007,,ICICI Pru Nifty 50,   267.7600,   271.0000,   267.7600,   270.7300,      24813,        637,             6700847
VSWS,B,20260525,537008,,ICICI Pru Nifty 100,    27.0600,    28.2500,    27.0600,    27.7200,        774,         48,               21473
VSWS,B,20260525,537069,,Arnold Holdings,    13.7000,    14.0000,    13.0900,    13.4900,       4126,         30,               54853
VSWS,B,20260525,537253,,Sunil Healthcare,    63.7000,    65.0000,    61.2500,    64.9800,       2963,         35,              188476
VSWS,B,20260525,537254,,JTL Defence,   360.3000,   360.3000,   360.3000,   360.3000,       3093,         55,             1114407
VSWS,B,20260525,537259,,Suyog Telematics,   805.4000,   808.0500,   766.1500,   778.1500,       1244,        170,              987828
VSWS,B,20260525,537291,,Nath Bio-Genes (Indi,   177.0000,   177.0000,   173.0000,   175.0500,       1741,        149,              303780
VSWS,B,20260525,537292,,Agri-Tech (India),   107.3000,   107.3000,    99.1000,    99.1000,         35,          4,                3520
VSWS,B,20260525,537326,,Chemtech Industrial,    81.9500,    81.9500,    79.1000,    81.3300,       8701,        109,              705307
VSWS,B,20260525,537392,,Keto Motors,   133.9600,   133.9600,   133.9600,   133.9600,        874,         25,              117081
VSWS,B,20260525,537483,,Nippon India ETF Ni,   265.0800,   265.3500,   262.8100,   264.6000,       1980,         73,              522023
VSWS,B,20260525,537536,,Denis Chem Lab,    71.5000,    73.7000,    69.1300,    72.0500,      14554,         93,             1030825
VSWS,B,20260525,537582,,Unishire Urban Infra,     1.4700,     1.4800,     1.4000,     1.4000,      30000,          3,               43500
VSWS,B,20260525,537707,,Laddu Gopal Online S,     0.7700,     0.7700,     0.7300,     0.7500,     455331,        171,              340202
VSWS,B,20260525,537708,,Kotak Nifty 50 ETF,   264.7400,   265.6700,   263.7200,   265.6600,       2519,         68,              666176
VSWS,B,20260525,537709,,Shree Hanuman Sugar,     4.0000,     4.1900,     4.0000,     4.0200,      17165,         48,               70699
VSWS,B,20260525,537750,,Kiran Vyapar,   178.8000,   179.2000,   170.1000,   171.5000,      19697,        164,             3435926
VSWS,B,20260525,537766,,B C Power Controls,     2.0100,     2.1800,     1.7800,     2.0200,      80796,        240,              161592
VSWS,B,20260525,537785,,Race Eco Chain,   121.7000,   127.0000,   121.7000,   127.0000,         41,          6,                4995
VSWS,B,20260525,537800,,Mangalam Indl Fin,     0.6100,     0.6200,     0.6000,     0.6100,    3327674,        791,             2040158
VSWS,B,20260525,537820,,Viji Finance,     3.8100,     3.9700,     3.8100,     3.9000,      22789,         27,               88186
VSWS,B,20260525,537839,,HBG Hotels,    99.5000,   100.0000,    95.6500,    95.7600,        862,         17,               83416
VSWS,B,20260525,537840,,Raunaq International,    46.4000,    46.4000,    42.1400,    44.6400,       5702,         15,              240829
VSWS,B,20260525,537985,,Infronics Systems,    17.6600,    17.6600,    17.0200,    17.5800,       1099,         17,               19326
VSWS,B,20260525,538057,,CPSE ETF*,   103.8500,   104.9400,   103.4200,   103.9100,      99721,       1088,            10366321
VSWS,B,20260525,538081,,Haria Apparels,     5.5000,     5.5000,     5.4000,     5.4000,       2345,         10,               12730
VSWS,B,20260525,538092,,Shri Vasuprada Plant,    96.0000,   105.9500,    95.9500,    97.0500,       3500,         30,              338721
VSWS,B,20260525,538119,,R&B Denims,    10.8500,    11.2500,    10.8400,    10.9500,     104791,        379,             1152364
VSWS,B,20260525,538212,,Sharp Investments,     0.3900,     0.4000,     0.3900,     0.4000,     219395,         87,               87110
VSWS,B,20260525,538268,,Wonderla Holidays,   487.6500,   488.2500,   475.3000,   481.1000,       3448,        295,             1671434
VSWS,B,20260525,538273,,Response Informatics,    23.4800,    23.4800,    23.4800,    23.4800,         44,          1,                1033
VSWS,B,20260525,538351,,A F Enterprises,     1.7000,     1.7300,     1.7000,     1.7100,      21003,         75,               36015
VSWS,B,20260525,538365,,Incredible Indus,    37.1000,    37.1000,    36.1400,    36.8000,        561,         10,               20699
VSWS,B,20260525,538395,,Nam Securities,    84.9900,    84.9900,    80.7500,    83.7700,         42,         11,                3509
VSWS,B,20260525,538401,,Maestros Electronics,   141.0000,   141.0000,   135.7500,   140.2500,       2482,         41,              346881
VSWS,B,20260525,538422,,Jackson Investments,     0.4500,     0.4700,     0.4400,     0.4500,     149395,        174,               67930
VSWS,B,20260525,538446,,Moneyboxx Finance,    74.8700,    74.8700,    72.5000,    72.6700,        533,         30,               38833
VSWS,B,20260525,538451,,Worth Invest & Trad,     4.7200,     4.7200,     4.7200,     4.7200,      17228,         70,               81316
VSWS,B,20260525,538464,,Thirani Projects,     4.2200,     4.4700,     4.2200,     4.3000,       4069,          8,               17770
VSWS,B,20260525,538465,,Amarnath Securities,    13.0400,    13.0400,    13.0400,    13.0400,         76,          5,                 991
VSWS,B,20260525,538476,,Capital Trade Links,    18.4400,    18.4400,    16.6000,    16.7100,       7486,         69,              127057
VSWS,B,20260525,538520,,Shivamshree Business,     2.4200,     2.4200,     2.4200,     2.4200,        429,          4,                1038
VSWS,B,20260525,538521,,Yaan Enterprises,   101.0000,   101.0000,    84.7500,    92.6500,       7135,         66,              683158
VSWS,B,20260525,538537,,Pipan Oils,   177.7500,   177.7500,   174.2500,   174.2500,        221,         12,               39279
VSWS,B,20260525,538539,,Annvrridhhi Ventures,     9.9300,    10.3400,     9.9300,    10.0500,       5057,         56,               50929
VSWS,B,20260525,538540,,Raama Finance,    12.4500,    12.4500,    12.1000,    12.4500,     159310,        129,             1983325
VSWS,B,20260525,538546,,Bansal Roofing Produ,   129.9500,   134.9000,   129.0000,   129.8000,      43213,        562,             5647020
VSWS,B,20260525,538556,,Arman Holdings,   109.5000,   110.8500,   105.0000,   106.6500,      87485,        296,             9460414
VSWS,B,20260525,538562,,Skipper,   464.7000,   487.0000,   456.8500,   480.3000,      40399,       1280,            19241295
VSWS,B,20260525,538563,,SMT Engineering,   391.0500,   391.0500,   389.0000,   389.0000,         24,          5,                9379
VSWS,B,20260525,538564,,James Warren Tea,   294.8000,   294.8000,   286.1500,   293.5500,       1749,         61,              507801
VSWS,B,20260525,538565,,Vistar Amar,   215.0000,   218.0000,   210.1000,   210.1000,        893,         26,              190623
VSWS,B,20260525,538567,,Gulf Oil Lubricants,   915.9000,   941.0000,   900.0500,   924.9000,       2832,        390,             2623407
VSWS,B,20260525,538568,,Fruition Venture,    31.3700,    33.6100,    31.3700,    33.4000,        106,         10,                3552
VSWS,B,20260525,538569,,Triveni Enterprises,     1.0200,     1.1000,     1.0200,     1.0800,      16871,         25,               17860
VSWS,B,20260525,538579,,Zinema Media & Enter,    18.4900,    18.4900,    18.4900,    18.4900,      20000,          2,              369800
VSWS,B,20260525,538596,,Cemantic Infra-Tech,     5.5300,     5.5300,     5.3600,     5.3600,        163,          9,                 883
VSWS,B,20260525,538597,,TTI Enterprise,     8.7500,     9.5900,     8.7400,     8.7400,      14295,         43,              125875
VSWS,B,20260525,538598,,Vishal Fabrics,    20.7100,    22.0000,    20.3700,    20.4400,     102240,        394,             2116429
VSWS,B,20260525,538607,,Toyam Sports,     0.7300,     0.7400,     0.7200,     0.7400,     944289,        304,              691291
VSWS,B,20260525,538609,,Gajanan Securities S,    63.0000,    63.0000,    58.1500,    59.0300,       2228,        118,              132529
VSWS,B,20260525,538610,,Unison Metals,     0.9300,     0.9900,     0.8900,     0.9900,    2383170,        534,             2311363
VSWS,B,20260525,538611,,Real Touch Finance,    49.8700,    49.8700,    45.1300,    49.0000,        255,          8,               11691
VSWS,B,20260525,538634,,Vasundhara Rasayans,   122.2500,   125.0000,   118.0000,   122.3500,       3799,         55,              464858
VSWS,B,20260525,538635,,Snowman Logistics,    39.9900,    39.9900,    37.7400,    37.9100,       4900,         86,              186306
VSWS,B,20260525,538646,,QGO Finance,    41.5100,    47.0000,    41.5100,    43.9900,       9731,         47,              438189
VSWS,B,20260525,538666,,Sharda Cropchem,   891.0500,   959.4000,   891.0500,   949.6000,      39402,       1273,            36976191
VSWS,B,20260525,538668,,Meghna Infracon Infr,   768.7500,   784.3500,   766.9500,   779.9000,     173204,       1051,           134338445
VSWS,B,20260525,538674,,City Online Services,     6.6300,     6.6300,     6.3700,     6.5000,        179,          9,                1157
VSWS,B,20260525,538683,,Nippon I S&P BSE Sen,   873.9800,   874.9900,   865.0000,   873.8600,       7926,        320,             6911956
VSWS,B,20260525,538685,,Shemaroo Entertainme,   103.3000,   105.0000,   103.3000,   103.9500,        644,         16,               66643
VSWS,B,20260525,538706,,Ultracab (India),     7.4800,     8.0000,     7.4800,     7.7200,     233374,        488,             1811512
VSWS,B,20260525,538707,,Rajasthan Cylinders,    30.8300,    33.3300,    30.4000,    32.9900,       1096,         33,               34007
VSWS,B,20260525,538708,,Econo Trade (India),     7.8500,     7.8500,     7.5100,     7.8300,       4069,         37,               31642
VSWS,B,20260525,538713,,Atishay,   196.5500,   200.0000,   192.0000,   195.0000,       8372,        102,             1646802
VSWS,B,20260525,538714,,Sangam Finserv,    39.4500,    42.9000,    39.4500,    41.9000,        846,         21,               34824
VSWS,B,20260525,538715,,Dhabriya Polywood,   376.3000,   382.0000,   364.0500,   374.7500,      11319,        182,             4245640
VSWS,B,20260525,538716,,Aryaman Capital Mark,   420.2000,   420.2000,   400.0500,   417.4500,         28,          9,               11612
VSWS,B,20260525,538730,,PDS,   290.5000,   302.4500,   288.9000,   299.3500,       4919,        153,             1467229
VSWS,B,20260525,538732,,Vibrant Global Cap,    55.6400,    55.6400,    53.9500,    53.9500,       3217,         35,              175155
VSWS,B,20260525,538734,,Ceinsys Tech,   918.0000,   926.9000,   900.9500,   903.0000,      18936,       1003,            17263520
VSWS,B,20260525,538742,,Panabyte Technologie,    25.7600,    26.3400,    25.5000,    26.3400,       3822,         23,               99791
VSWS,B,20260525,538743,,Mudunuru,     7.9800,     8.4000,     7.9800,     8.4000,       2103,         11,               17202
VSWS,B,20260525,538765,,JLA Infraville Shopp,     6.1600,     6.1600,     6.1600,     6.1600,      10000,          2,               61600
VSWS,B,20260525,538770,,Crane Infrastructure,    13.3500,    14.3000,    12.4500,    13.9400,       1483,         26,               19777
VSWS,B,20260525,538772,,Niyogin Fintech,    45.1000,    45.1000,    42.7000,    42.9800,      43677,        210,             1897091
VSWS,B,20260525,538777,,Asia Capital,    68.2700,    68.2700,    68.2700,    68.2700,       2311,          7,              157771
VSWS,B,20260525,538778,,Kalyan Capitals,     9.3700,    10.0000,     9.1500,     9.8100,     119132,        312,             1153711
VSWS,B,20260525,538786,,Citizen Solar,   232.3500,   232.3500,   232.3500,   232.3500,      17810,        111,             4138153
VSWS,B,20260525,538787,,Goenka Business & Fi,     9.7500,     9.9500,     9.1200,     9.2700,       6211,         61,               58061
VSWS,B,20260525,538788,,Gilada Finance & Inv,    12.8200,    12.8200,    12.3700,    12.5000,       1566,         23,               19610
VSWS,B,20260525,538795,,Shree Ajit Pulp and,   319.9500,   319.9500,   298.0000,   315.0000,        554,         14,              168063
VSWS,B,20260525,538812,,Aanchal Ispat,    43.7900,    43.7900,    43.7900,    43.7900,        621,         10,               27193
VSWS,B,20260525,538817,,Captain Pipes,    10.5600,    10.7600,    10.2500,    10.3400,     127596,        443,             1329626
VSWS,B,20260525,538833,,Kaizen Agro Infrabui,     8.8100,     8.9600,     8.0300,     8.5500,       5577,         37,               48478
VSWS,B,20260525,538834,,JMJ Fintech,    10.2400,    10.4900,    10.1500,    10.3900,      17828,         58,              184281
VSWS,B,20260525,538835,,Intellect Design Are,   698.8500,   725.9000,   698.8500,   713.3500,      33277,       1733,            23926661
VSWS,B,20260525,538836,,Monte Carlo Fashions,   551.1000,   566.2000,   542.1500,   546.4000,       3085,        219,             1701789
VSWS,B,20260525,538837,,Jeevan Scientific Te,    82.0100,    87.0000,    80.5000,    85.2200,      26426,        102,             2232877
VSWS,B,20260525,538838,,Indo Cotspin,    31.4100,    31.4100,    31.4100,    31.4100,         46,          3,                1444
VSWS,B,20260525,538857,,Scintilla Commercial,    10.4800,    11.0300,    10.4800,    11.0200,      97685,         27,             1025359
VSWS,B,20260525,538860,,Panafic Industrials,     0.9800,     0.9800,     0.9700,     0.9800,     172166,         29,              168700
VSWS,B,20260525,538862,,My Money Securities,    47.9700,    47.9700,    40.7000,    44.9300,       1358,         23,               61103
VSWS,B,20260525,538868,,Continental Securiti,    13.6100,    14.6600,    13.6100,    13.6400,      62204,        136,              856214
VSWS,B,20260525,538874,,Nexus Surgical & Med,    22.4900,    22.4900,    21.0000,    21.0100,       1632,         16,               36303
VSWS,B,20260525,538875,,Sellwin Traders,     4.8500,     5.0400,     4.6700,     4.8700,     160843,        249,              789008
VSWS,B,20260525,538881,,Galada Finance,    37.5200,    37.5200,    37.5200,    37.5200,          1,          1,                  37
VSWS,B,20260525,538882,,Emerald Finance,    59.0000,    63.4900,    59.0000,    62.7100,      34763,        242,             2169541
VSWS,B,20260525,538890,,M K Exim (India),    59.0000,    61.8100,    54.1000,    54.5200,     136447,        478,             7702785
VSWS,B,20260525,538891,,Magellanic Cloud,    26.5300,    28.4500,    26.1400,    26.9600,     322903,       1231,             8838066
VSWS,B,20260525,538894,,Octal Credit Capital,    18.7500,    19.7500,    18.1000,    19.7500,        446,         15,                8356
VSWS,B,20260525,538895,,Mihika Industries,    13.4200,    13.4200,    13.4000,    13.4100,         37,          3,                 496
VSWS,B,20260525,538896,,Kanchi Karpooram,   386.7000,   386.7000,   378.2500,   378.2500,        300,         11,              114845
VSWS,B,20260525,538897,,Shri Niwas Leas & Fi,    11.0900,    11.1600,    11.0900,    11.1600,      29647,         15,              329089
VSWS,B,20260525,538902,,Dhunseri Tea & Indus,   140.0000,   143.2500,   140.0000,   142.9500,        109,         15,               15395
VSWS,B,20260525,538918,,Vani Commercials,     9.0000,     9.4000,     8.9000,     9.1000,       3036,         15,               27451
VSWS,B,20260525,538920,,Vintage Coffee & Bev,   131.0000,   140.8500,   130.3000,   139.3500,     187669,       1723,            25889302
VSWS,B,20260525,538922,,Cosyn,    21.9900,    21.9900,    21.1100,    21.8900,         37,          5,                 808
VSWS,B,20260525,538923,,Sofcom Systems,    22.8000,    22.8000,    21.3500,    21.9900,     275829,        349,             6137437
VSWS,B,20260525,538926,,Naturite Agro Produc,   172.9500,   172.9500,   161.0500,   161.0500,       3438,         31,              553869
VSWS,B,20260525,538928,,Karnavati Finance,     1.3400,     1.4300,     1.3400,     1.3600,      11533,         40,               15690
VSWS,B,20260525,538935,,Abhishek Finlease,    65.4600,    65.4600,    65.4600,    65.4600,          1,          1,                  65
VSWS,B,20260525,538942,,Mercantile Ventures,    27.5000,    30.4800,    26.6700,    28.9500,       1947,         63,               53018
VSWS,B,20260525,538943,,Sonal Mercantile,    88.0000,    88.0000,    82.1000,    85.3000,       6501,         12,              536353
VSWS,B,20260525,538952,,Abhinav Leasing & Fi,     1.1600,     1.2000,     1.1600,     1.2000,       4940,         17,                5821
VSWS,B,20260525,538961,,Genus Paper & Boards,    12.8000,    13.4900,    12.6200,    12.7500,      27857,         72,              353966
VSWS,B,20260525,538962,,Minda Corporation,   588.5500,   603.2500,   578.0000,   583.3500,     176897,       5697,           104433984
VSWS,B,20260525,538964,,Mercury Laboratories,   773.0000,   888.3000,   773.0000,   888.2500,       3498,        194,             3030566
VSWS,B,20260525,538965,,Concord Drugs,    77.0000,    83.5000,    77.0000,    77.9800,       2066,         47,              164466
VSWS,B,20260525,538970,,Wardwizard Innovatio,     6.8600,     7.0200,     6.8000,     6.9900,     689407,       1015,             4771083
VSWS,B,20260525,538975,,Shree Securities,     0.2200,     0.2200,     0.2100,     0.2100,     656973,        217,              138814
VSWS,B,20260525,538979,,Greenlam Industries,   280.6000,   280.6000,   247.2500,   250.5000,     183035,       2928,            48066737
VSWS,B,20260525,538987,,Talbros Engineering,   696.0500,   709.5000,   696.0500,   701.9000,       4109,        113,             2878296
VSWS,B,20260525,538992,,SAR Auto Products,  2348.0000,  2348.0000,  2340.0000,  2340.0000,         22,          5,               51536
VSWS,B,20260525,539005,,Jayatma Enterprises,    51.8500,    54.4400,    51.8500,    54.4400,       1072,          6,               56096
VSWS,B,20260525,539006,,PTC Industries, 16479.4000, 16479.4000, 15969.0500, 16270.7000,        360,        179,             5811492
VSWS,B,20260525,539011,,Chennai Ferrous Indu,    96.9500,    97.9400,    94.9800,    95.2500,        651,         75,               62903
VSWS,B,20260525,539012,,Megri Soft,    81.0000,    87.0000,    81.0000,    81.0300,        571,         12,               46540
VSWS,B,20260525,539013,,Gita Renewable Energ,    76.1600,    81.8000,    76.1600,    80.9900,        401,         22,               31897
VSWS,B,20260525,539014,,Kalpa Commercial,     9.2200,     9.2200,     8.4300,     8.9800,       7235,         23,               62135
VSWS,B,20260525,539015,,Ortel Communications,     1.5200,     1.5200,     1.5200,     1.5200,       4336,          4,                6590
VSWS,B,20260525,539016,,Neil Industries,     6.2200,     6.4900,     6.2100,     6.4900,       2256,         12,               14033
VSWS,B,20260525,539017,,Star Housing Finance,     7.4000,     7.6100,     7.4000,     7.4600,     118026,        145,              885531
VSWS,B,20260525,539018,,Beekay Steel Industr,   382.7500,   384.0000,   380.0500,   380.2500,        333,         20,              127014
VSWS,B,20260525,539031,,SBI MF - ETF BSE 100,   279.3700,   282.5700,   279.3700,   281.2200,        545,         40,              152878
VSWS,B,20260525,539040,,Tirupati Innovar,     9.3000,    10.2600,     9.3000,    10.2600,    1090713,        772,            11052815
VSWS,B,20260525,539041,,Ganesha Ecoverse,    23.4100,    24.0000,    22.8000,    23.0300,      75000,         49,             1741787
VSWS,B,20260525,539042,,AGI Infra,   385.3500,   390.7000,   381.7000,   383.0000,      27009,        521,            10445638
VSWS,B,20260525,539044,,Manaksia Steels,    69.6800,    69.6800,    69.6800,    69.6800,      17810,         32,             1241000
VSWS,B,20260525,539045,,Manaksia Aluminium C,    34.1800,    36.3000,    34.1300,    35.2100,       8898,        116,              311977
VSWS,B,20260525,539046,,Manaksia Coated Meta,   102.0000,   108.0000,   101.7500,   107.1000,      18974,        277,             2018905
VSWS,B,20260525,539056,,Imagicaaworld Entert,    43.8900,    44.0700,    43.0500,    43.7000,      20496,        158,              894660
VSWS,B,20260525,539083,,Inox Wind,    95.7500,    98.4000,    95.7500,    97.0000,     306796,       2237,            29819792
VSWS,B,20260525,539090,,Rajputana Inv & Fin,    34.2500,    34.4900,    34.2500,    34.4900,          7,          5,                 240
VSWS,B,20260525,539091,,Consecutive Commodit,     0.8700,     0.9800,     0.8700,     0.9100,     125779,        171,              115194
VSWS,B,20260525,539096,,Aananda Lakshmi Spin,    11.5100,    12.0500,    11.5100,    12.0500,       2739,          9,               31531
VSWS,B,20260525,539097,,UR Sugar Industries,     2.7900,     2.9000,     2.6200,     2.8200,      85320,         96,              235512
VSWS,B,20260525,539098,,Filtra Consultants,    47.7500,    60.9500,    47.7500,    60.9500,       6000,          3,              329300
VSWS,B,20260525,539111,,Sheshadri Industries,    19.5000,    19.5100,    19.5000,    19.5100,        538,         10,               10496
VSWS,B,20260525,539112,,SAB Industries,   171.9500,   171.9500,   155.6500,   155.6500,         40,          8,                6623
VSWS,B,20260525,539113,,Paul Merchants,   541.3000,   563.9500,   541.0000,   563.9500,         39,          9,               21332
VSWS,B,20260525,539115,,Alan Scott Enterpris,   272.2500,   272.2500,   255.0000,   261.8000,        923,         45,              238749
VSWS,B,20260525,539117,,Sujala Trading & Hol,    20.5000,    21.0200,    20.4000,    20.7300,      67990,        184,             1415177
VSWS,B,20260525,539118,,VRL Logistics,   240.0000,   242.7000,   239.1500,   239.9000,       7675,        622,             1850634
VSWS,B,20260525,539120,,Grameva,    68.1600,    68.1600,    68.1600,    68.1600,       1153,          7,               78588
VSWS,B,20260525,539121,,Palco Metals,   149.5000,   149.5000,   123.0000,   125.9500,       7138,        173,              933493
VSWS,B,20260525,539122,,Bodhtree Consulting,    16.8000,    16.8000,    15.3200,    15.3600,        172,          9,                2730
VSWS,B,20260525,539123,,V B Industries,     6.7800,     6.7800,     6.3900,     6.7000,       1229,         18,                8234
VSWS,B,20260525,539124,,Sarvottam Finvest,    19.0200,    23.9900,    19.0200,    21.9900,        579,         16,               11826
VSWS,B,20260525,539126,,MEP Infra Developers,     0.9600,     0.9600,     0.9600,     0.9600,       3192,          7,                3064
VSWS,B,20260525,539132,,Wardwizard Foods & B,    11.8100,    12.1900,    11.8100,    12.1700,     174737,        177,             2115477
VSWS,B,20260525,539141,,UFO Moviez India,    72.5900,    75.9300,    72.5900,    73.9400,      11105,        216,              832396
VSWS,B,20260525,539143,,Panth Infinity,    11.2500,    12.1900,    11.2200,    11.6500,      79325,        146,              940684
VSWS,B,20260525,539148,,Shivalik Rasayan,   263.5500,   269.2000,   259.7500,   262.8000,       1053,         58,              280211
VSWS,B,20260525,539149,,Integrated Cap Ser,     5.0900,     5.0900,     4.6100,     4.8500,      10903,         41,               54636
VSWS,B,20260525,539150,,PNC Infratech,   215.4500,   217.3000,   211.0000,   212.7500,      31281,        696,             6661040
VSWS,B,20260525,539151,,Arfin India,    95.6900,    97.8400,    93.8700,    96.7600,      30654,        405,             2950069
VSWS,B,20260525,539174,,Helpage Finlease,    24.0000,    24.0000,    23.0000,    23.5000,         52,          5,                1198
VSWS,B,20260525,539175,,Bluegod Entertainmen,     2.1500,     2.1500,     2.1500,     2.1500,       7391,         19,               15890
VSWS,B,20260525,539176,,Hawa Engineers,    92.0000,    92.0000,    85.1000,    85.3300,        104,         10,                8906
VSWS,B,20260525,539177,,Authum Investment &,   513.6000,   520.0000,   493.6000,   500.4000,      22692,       1265,            11403651
VSWS,B,20260525,539189,,Adhbhut Infrastructu,    16.6800,    16.6800,    16.6800,    16.6800,       5803,         12,               96794
VSWS,B,20260525,539195,,POCL Enterprises,   191.0000,   193.0000,   176.1000,   181.1500,      49794,        549,             9113917
VSWS,B,20260525,539196,,Amba Enterprises,   120.2500,   123.4500,   118.0000,   119.6000,       7019,        127,              846981
VSWS,B,20260525,539199,,SG Finserve,   588.5000,   593.4500,   578.4000,   578.8000,      10948,        400,             6424633
VSWS,B,20260525,539200,,Noble Polymers,     3.1800,     3.1800,     3.1800,     3.1800,      11210,          8,               35647
VSWS,B,20260525,539201,,Satia Industries,    65.8900,    65.8900,    54.3600,    58.7300,      46493,        462,             2700369
VSWS,B,20260525,539206,,Genomic Valley Biote,    26.5400,    26.5400,    26.5400,    26.5400,         30,          1,                 796
VSWS,B,20260525,539216,,Garment Mantra Lifes,     1.2700,     1.2700,     1.2400,     1.2500,     342702,        234,              428226
VSWS,B,20260525,539217,,Srestha Finvest,     0.2500,     0.2600,     0.2500,     0.2500,    2228049,        419,              567902
VSWS,B,20260525,539218,,Saumya Consultants,   120.6000,   120.6000,   120.6000,   120.6000,          1,          1,                 120
VSWS,B,20260525,539219,,Mauria Udyog,    10.1400,    10.1400,     9.7200,    10.0000,      27022,         54,              269871
VSWS,B,20260525,539220,,Mishka Exim,    41.0000,    41.0000,    41.0000,    41.0000,       1900,         10,               77900
VSWS,B,20260525,539221,,Sportking India,   167.6500,   167.8500,   161.6000,   166.0500,      18309,        349,             3015958
VSWS,B,20260525,539222,,Growington Ventures,     0.8200,     0.8300,     0.8000,     0.8100,    2432942,        577,             1949218
VSWS,B,20260525,539224,,HCKK Ventures,    45.2700,    45.2700,    45.2700,    45.2700,       1124,         10,               50883
VSWS,B,20260525,539226,,Rudra Global Infra P,    18.8300,    19.7700,    18.8300,    18.9500,      20666,         40,              392449
VSWS,B,20260525,539227,,Loyal Equipments,   170.0000,   174.5000,   163.0000,   164.9000,       3879,         77,              644974
VSWS,B,20260525,539228,,Gala Global Products,     1.8500,     1.8500,     1.8500,     1.8500,       5450,         20,               10082
VSWS,B,20260525,539251,,Balkrishna Paper Mil,    19.3000,    19.7600,    18.5500,    18.6000,       3519,         39,               66631
VSWS,B,20260525,539252,,Shyam Century Ferrou,     5.0100,     5.0800,     4.7500,     4.9500,      36163,        169,              179248
VSWS,B,20260525,539254,,Adani Energy Solutio,  1380.0000,  1410.9500,  1357.8500,  1404.1000,     282616,      10694,           392833369
VSWS,B,20260525,539255,,Star Delta Transform,   569.8000,   569.8000,   536.0500,   545.0000,       1356,         86,              738430
VSWS,B,20260525,539267,,Samsrita Labs,    15.4500,    15.5200,    15.4400,    15.5200,       2801,          6,               43252
VSWS,B,20260525,539268,,Syngene Internationa,   469.5000,   472.4500,   458.0000,   462.6000,      22005,       1407,            10231499
VSWS,B,20260525,539275,,Mangalam Seeds,   135.5000,   138.5000,   129.1000,   137.9000,        662,         28,               88987
VSWS,B,20260525,539276,,Kaya,   245.1500,   247.2500,   245.1500,   247.1500,         68,          6,               16690
VSWS,B,20260525,539277,,Alstone Textiles (I),     0.1600,     0.1600,     0.1600,     0.1600,    5478560,       1485,              876569
VSWS,B,20260525,539278,,Symbiox Invest & Tra,     1.7900,     1.7900,     1.7300,     1.7700,       4348,         15,                7779
VSWS,B,20260525,539288,,AVI Polymers,    16.0500,    16.0500,    16.0500,    16.0500,     177705,        396,             2852165
VSWS,B,20260525,539289,,Aurum Proptech,   180.3500,   182.1500,   176.6000,   178.7000,       8477,        250,             1515159
VSWS,B,20260525,539290,,Oswal Green Tech,    25.9400,    25.9500,    25.0200,    25.3300,      17563,        199,              447827
VSWS,B,20260525,539291,,Vasudhagama Enterpri,     1.0800,     1.0800,     1.0800,     1.0800,      91921,         90,               99274
VSWS,B,20260525,539300,,Sunrakshakk Industri,   320.0000,   324.9500,   314.6500,   321.5000,      16329,        484,             5200955
VSWS,B,20260525,539301,,Arvind Smartspaces,   632.9000,   632.9000,   607.3000,   608.5500,       1258,        127,              771181
VSWS,B,20260525,539302,,Power Mech Projects,  2570.2000,  2598.9500,  2537.3000,  2546.5000,       4999,        613,            12853455
VSWS,B,20260525,539309,,Rama Steel Tubes,     5.3900,     5.3900,     5.2700,     5.3100,     261183,        597,             1387796
VSWS,B,20260525,539310,,Thinkink Picturez,     0.2000,     0.2100,     0.2000,     0.2000,    3295156,        323,              670922
VSWS,B,20260525,539312,,UTI BSE SEN ETF,   848.3900,   848.3900,   828.0000,   841.1800,        425,         33,              357854
VSWS,B,20260525,539313,,UTI Nifty 50 ETF,   262.0300,   265.0000,   262.0300,   264.9600,      19595,         66,             5166710
VSWS,B,20260525,539314,,Universal Autofoundr,    57.2000,    57.2000,    54.7600,    56.4300,       2107,         47,              117132
VSWS,B,20260525,539331,,Veto Switchgears And,   112.9000,   115.2000,   111.6000,   113.6500,       1915,        116,              218092
VSWS,B,20260525,539332,,Navkar Corporation,    96.2000,    98.5000,    95.6000,    96.9000,      36849,        287,             3592190
VSWS,B,20260525,539334,,Shree Pushkar Chemic,   348.7500,   354.4000,   346.8000,   347.9000,       4244,        163,             1483420
VSWS,B,20260525,539335,,Callista Industries,   157.5000,   157.5000,   157.5000,   157.5000,        327,          3,               51502
VSWS,B,20260525,539336,,Gujarat Energy,   380.0000,   384.5500,   375.4500,   377.4500,      23523,       1150,             8937412
VSWS,B,20260525,539337,,Waaree Technologies,   255.0500,   270.0000,   255.0500,   257.9000,      18375,         88,             4776117
VSWS,B,20260525,539346,,Sadbhav Infrastructu,     2.7200,     2.7700,     2.6600,     2.7300,      20679,         62,               56301
VSWS,B,20260525,539353,,Sal Automotive,   219.9500,   219.9500,   200.0000,   200.7500,        221,         31,               45690
VSWS,B,20260525,539354,,Polyspin Exports,    30.8600,    30.8600,    28.4100,    28.4400,        265,         13,                7707
VSWS,B,20260525,539359,,Pritika Auto Industr,    14.7400,    14.7500,    13.8700,    14.0300,      90953,        426,             1279778
VSWS,B,20260525,539383,,Mahaveer Infoway,    11.7600,    12.5900,    11.7600,    12.5900,       2039,         14,               24713
VSWS,B,20260525,539384,,Krishna Capital & Se,    56.4500,    56.4500,    56.4500,    56.4500,        726,          4,               40982
VSWS,B,20260525,539391,,Acme Resources,    30.7800,    32.9300,    30.7800,    32.0000,        606,         32,               19510
VSWS,B,20260525,539398,,Vishal Bearings,    64.0500,    64.0500,    60.1000,    60.7300,       3473,         58,              217327
VSWS,B,20260525,539399,,Bella Casa Fashion &,   237.0000,   280.0000,   235.0000,   252.2000,       1025,        193,              252568
VSWS,B,20260525,539400,,Mallcom (India),  1039.0000,  1039.0000,  1010.0000,  1034.0500,        617,         65,              625499
VSWS,B,20260525,539402,,Naksh Precious Metal,     4.6500,     4.6500,     4.4700,     4.4700,       3165,         26,               14291
VSWS,B,20260525,539404,,Satin Creditcare Net,   210.6500,   218.8500,   210.6500,   216.1000,       7185,        215,             1555907
VSWS,B,20260525,539405,,Decorous Invest & Tr,    15.3700,    15.3700,    15.2900,    15.2900,       2001,          4,               30595
VSWS,B,20260525,539407,,Generic Eng Con & Pr,    39.1500,    40.6900,    39.0700,    40.4500,       4061,         64,              160853
VSWS,B,20260525,539408,,Kuber Udyog,    29.7600,    29.7600,    29.7600,    29.7600,       3831,          9,              114010
VSWS,B,20260525,539409,,Neeraj Paper Marketi,    21.0000,    21.0000,    21.0000,    21.0000,          1,          1,                  21
VSWS,B,20260525,539428,,Tejnaksh Healthcare,    14.7100,    15.6900,    14.7100,    15.1400,       7925,         30,              117484
VSWS,B,20260525,539435,,Richfield Fin Ser,    26.9600,    28.3000,    26.9600,    28.2000,       1076,         12,               30218
VSWS,B,20260525,539436,,Coffee Day Enterpris,    25.0100,    25.4500,    24.4500,    25.2300,      65021,        376,             1626948
VSWS,B,20260525,539437,,IDFC First Bank,    69.5900,    69.9400,    69.0900,    69.4300,    1898304,      11025,           131925674
VSWS,B,20260525,539448,,InterGlobe Aviation,  4500.1000,  4536.7500,  4446.1000,  4499.2500,      84013,       7961,           378981928
VSWS,B,20260525,539449,,IGC Industries Ltd,     2.4000,     2.4000,     2.3000,     2.3500,      39631,         74,               94210
VSWS,B,20260525,539450,,S H Kelkar & Company,   128.6000,   139.8500,   128.6000,   136.2000,      41153,        698,             5611034
VSWS,B,20260525,539455,,Ecofinity Atomix,    51.0600,    51.9900,    49.2100,    50.2300,       4051,         27,              203199
VSWS,B,20260525,539468,,Typhoon Financial Se,    33.1600,    36.6400,    33.1600,    36.6400,        186,          7,                6567
VSWS,B,20260525,539469,,Panorama Studios Int,    41.7500,    48.0000,    41.7500,    45.3800,    1074166,       1846,            49213802
VSWS,B,20260525,539470,,Shree Ganesh Biotech,     0.6000,     0.6200,     0.5900,     0.6000,     710242,        295,              424496
VSWS,B,20260525,539479,,GTV Engineering,    70.4800,    70.4900,    66.9000,    67.5600,      39024,        219,             2664011
VSWS,B,20260525,539480,,LIC Nomura MF ETF Ni,   260.0000,   267.5500,   260.0000,   267.3700,        253,          9,               67455
VSWS,B,20260525,539486,,Geetanjali Cre & Cap,     7.0200,     7.0200,     7.0200,     7.0200,        433,          4,                3039
VSWS,B,20260525,539487,,LIC Nomura - Sensex,   860.5000,   860.5000,   860.5000,   860.5000,          2,          1,                1721
VSWS,B,20260525,539492,,Garbi Finvest,    11.9500,    11.9500,    10.7200,    10.9800,       2171,         35,               24697
VSWS,B,20260525,539494,,Smart Finsec,     8.2300,     8.7200,     8.2300,     8.6800,      11008,         76,               94032
VSWS,B,20260525,539495,,Rajkot Investment Tr,    45.2500,    45.2500,    43.1100,    43.1100,        354,          6,               16009
VSWS,B,20260525,539506,,Adcon Capital Servic,     0.5100,     0.5500,     0.4900,     0.4900,     410250,        230,              210746
VSWS,B,20260525,539515,,Quint Digital,    41.9500,    43.0000,    41.0000,    41.0000,       4206,         33,              177885
VSWS,B,20260525,539516,,HDFC Nifty 50 ETF,   266.0100,   269.5000,   263.8900,   269.0900,       4283,        158,             1146448
VSWS,B,20260525,539517,,HDFC BSE Sensex ETF,    85.3200,    86.4600,    84.6300,    86.3400,      70492,        138,             6018220
VSWS,B,20260525,539518,,Uday Jewellery Indus,   156.5000,   159.7500,   150.3500,   152.9500,      41359,        126,             6425896
VSWS,B,20260525,539519,,Sattva Sukun Lifecar,     0.7500,     0.7800,     0.7300,     0.7500,     297209,        126,              222177
VSWS,B,20260525,539522,,Grovy India,    42.0000,    42.0000,    39.5000,    39.9400,       1107,         20,               43828
VSWS,B,20260525,539523,,Alkem Laboratories,  5400.7500,  5445.9000,  5385.2000,  5400.0500,        806,        306,             4358507
VSWS,B,20260525,539524,,Dr Lal PathLabs,  1696.0500,  1696.0500,  1587.4000,  1617.4000,       9570,       1729,            15510848
VSWS,B,20260525,539526,,Suncare Traders,     0.5100,     0.5100,     0.5000,     0.5100,     147864,        132,               74566
VSWS,B,20260525,539527,,Creative Castings,   558.4000,   558.4000,   555.9500,   555.9500,          7,          4,                3899
VSWS,B,20260525,539528,,Aayush Wellness,    32.4000,    32.8700,    31.5000,    31.8700,     119590,        661,             3836434
VSWS,B,20260525,539533,,Elitecon Internation,    31.8100,    32.4200,    31.2400,    31.4700,     153876,        667,             4863198
VSWS,B,20260525,539542,,Lux Industries,  1300.0500,  1379.0000,  1300.0500,  1362.2000,       3086,        344,             4193346
VSWS,B,20260525,539544,,Abhishek Infraventur,     8.9200,     8.9200,     8.9200,     8.9200,       1649,          8,               14709
VSWS,B,20260525,539545,,Apoorva Leasing Fin,    35.3000,    35.4000,    35.0100,    35.3500,        198,         11,                6996
VSWS,B,20260525,539546,,Agribio Spirits,   295.0500,   302.9500,   293.0000,   299.3000,      45079,        178,            13414547
VSWS,B,20260525,539551,,Narayana Hrudayalaya,  1937.0500,  1965.0000,  1895.6500,  1938.9000,      60239,       6001,           116753229
VSWS,B,20260525,539552,,F Mec Inter Fin Ser,    80.9900,    80.9900,    76.0000,    77.5800,      43597,        741,             3427784
VSWS,B,20260525,539559,,Deep Health AI India,     2.3200,     2.3400,     2.2800,     2.3100,     454382,        690,             1052592
VSWS,B,20260525,539561,,Supha Pharmachem,     0.3800,     0.3800,     0.3800,     0.3800,     620575,        278,              235818
VSWS,B,20260525,539562,,Aarnav Fashions,    22.1000,    24.7800,    22.1000,    23.9000,       5689,         72,              135509
VSWS,B,20260525,539584,,Sharanam Infraprojec,     0.1900,     0.1900,     0.1900,     0.1900,    1799826,        291,              341966
VSWS,B,20260525,539593,,Shivansh Finserve,     8.5200,     9.2900,     8.5200,     9.2900,        318,          7,                2944
VSWS,B,20260525,539594,,Mishtann Foods,     4.3500,     4.4200,     4.3000,     4.3100,    1084227,       1875,             4689340
VSWS,B,20260525,539596,,Delta Indl Resources,    13.7700,    13.8400,    12.5100,    12.5100,       2525,         14,               34902
VSWS,B,20260525,539598,,Credent Global Finan,    32.4900,    32.8100,    28.9900,    29.5400,      24833,        158,              741854
VSWS,B,20260525,539599,,Kotia Enterprises,    27.0000,    27.0000,    26.0000,    26.5000,         55,         10,                1469
VSWS,B,20260525,539607,,Blue Cloud Softech S,    18.7300,    18.9300,    18.6400,    18.7700,     589439,       1314,            11070858
VSWS,B,20260525,539620,,Kanoria Energy & Inf,    15.5900,    16.3000,    15.1200,    15.4000,       5819,         39,               89187
VSWS,B,20260525,539621,,BCL Enterprises,     0.5800,     0.5800,     0.5800,     0.5800,     315128,         32,              182774
VSWS,B,20260525,539636,,Precision Camshafts,   156.9500,   162.4000,   153.1000,   154.4000,      52138,        879,             8229514
VSWS,B,20260525,539658,,TeamLease Services,  1385.0000,  1403.8000,  1385.0000,  1390.4000,        723,        171,             1007344
VSWS,B,20260525,539659,,Vikram Kamats Hospit,    43.3900,    43.3900,    42.0100,    42.8400,       1237,         14,               52529
VSWS,B,20260525,539660,,Best Agrolife,    19.2500,    19.2500,    18.0000,    18.1500,      88135,        470,             1612666
VSWS,B,20260525,539661,,Ace Men Engg Works,    93.5700,   103.0000,    93.5700,    99.7400,       2051,         31,              201676
VSWS,B,20260525,539662,,BFL Asset Finvest,     8.3100,     8.6600,     8.3100,     8.6500,       4119,         18,               35062
VSWS,B,20260525,539669,,RGF Capital Markets,     1.2800,     1.2800,     1.2300,     1.2800,     210014,        103,              267322
VSWS,B,20260525,539673,,Radhagobind Commerci,     3.3900,     3.3900,     3.1000,     3.1400,      11124,         12,               34800
VSWS,B,20260525,539678,,Quick Heal Technolog,   199.0000,   206.0000,   193.5500,   195.1000,      97591,       1524,            19337636
VSWS,B,20260525,539679,,Kapil Raj Finance,     2.9000,     3.0000,     2.8500,     2.9000,      91023,         97,              264052
VSWS,B,20260525,539682,,Mobavenue AI Tech,  1200.0000,  1200.0000,  1170.0000,  1184.7500,      10842,        500,            12842621
VSWS,B,20260525,539686,,K P Energy,   364.6500,   373.0000,   361.6500,   368.4000,      20760,        440,             7622628
VSWS,B,20260525,539692,,Interactive Financia,    15.0000,    15.0000,    13.5000,    14.4400,      22138,        116,              305164
VSWS,B,20260525,539697,,Hiliks Technologies,    55.0100,    60.5500,    55.0000,    56.9900,       3216,         54,              181184
VSWS,B,20260525,539724,,Hypersoft Technologi,   149.9000,   149.9000,   148.5000,   149.5000,      14897,         32,             2223729
VSWS,B,20260525,539725,,Gokul Agro Resources,   220.9500,   223.9500,   215.8000,   218.5000,      31909,        807,             6975718
VSWS,B,20260525,539730,,Fredun Pharmaceutica,  2573.0000,  2620.0000,  2250.0000,  2384.1000,      38131,       2255,            94140496
VSWS,B,20260525,539742,,Simbhaoli Sugars,     8.1800,     8.3800,     8.1800,     8.1800,       9963,         29,               81537
VSWS,B,20260525,539760,,Relicab Cable Manufa,    35.9000,    35.9000,    34.5200,    35.7000,       3841,        109,              135655
VSWS,B,20260525,539761,,Vantage Knowledge Ac,     1.0700,     1.1600,     1.0700,     1.1000,     195498,        230,              215670
VSWS,B,20260525,539762,,Modern Engineering &,    42.3000,    42.3000,    37.9800,    41.0400,      43891,        261,             1725672
VSWS,B,20260525,539767,,Mega Nirman & Indust,    39.8000,    41.9800,    39.6900,    39.7900,        935,         17,               37236
VSWS,B,20260525,539770,,Darjeeling Industrie,    37.0000,    38.8500,    35.1500,    38.5400,       1161,         38,               43962
VSWS,B,20260525,539773,,Advik Capital,     1.4500,     1.5000,     1.3100,     1.4200,     356915,        401,              506255
VSWS,B,20260525,539784,,LIC MF Nifty 100,   271.2800,   273.1000,   271.0100,   272.7100,        210,         17,               57004
VSWS,B,20260525,539785,,Pudumjee Paper Produ,    84.3000,    85.0000,    82.3000,    82.6400,      12377,        104,             1029376
VSWS,B,20260525,539787,,HealthCare Global En,   666.9500,   666.9500,   644.7500,   656.7000,     214733,        668,           139256223
VSWS,B,20260525,539798,,Umiya Tubes,    34.6800,    36.4100,    34.3100,    36.4000,      37407,         92,             1341285
VSWS,B,20260525,539799,,Bharat Wire Ropes,   221.8500,   224.5000,   220.5000,   222.0500,      12649,        297,             2813010
VSWS,B,20260525,539800,,CHD Chemicals,     5.7700,     6.0000,     5.7700,     5.8000,       5020,         13,               29081
VSWS,B,20260525,539807,,AvenuesAI,    13.9800,    14.2500,    13.8800,    13.9700,     518659,        815,             7276135
VSWS,B,20260525,539814,,LE Lavoir,   149.5000,   153.9000,   143.5000,   144.9000,       7423,        113,             1081430
VSWS,B,20260525,539834,,Balgopal Commercial,   162.8500,   162.8500,   155.0000,   155.0000,        329,          8,               53365
VSWS,B,20260525,539835,,Superior Finlease,     1.9600,     2.0400,     1.9600,     1.9800,      71527,         34,              145190
VSWS,B,20260525,539837,,Raghav Productivity,   950.0000,   965.8500,   942.5500,   949.8500,       5752,        387,             5474969
VSWS,B,20260525,539841,,Lancer Container Lin,     9.7500,    10.0000,     9.3200,     9.6700,     272277,        684,             2619109
VSWS,B,20260525,539843,,NINtec Systems,   648.9000,   670.0000,   625.5000,   648.0500,        303,         42,              198114
VSWS,B,20260525,539854,,Halder Venture,   229.0000,   229.0000,   216.1000,   217.0000,        349,         16,               77064
VSWS,B,20260525,539861,,SKIL Infrastructure,     1.0000,     1.0000,     0.9500,     1.0000,       6794,         13,                6709
VSWS,B,20260525,539871,,Thyrocare Technologi,   477.2000,   495.0000,   466.8500,   493.4500,      31838,       1307,            15442022
VSWS,B,20260525,539872,,Bajaj Healthcare,   305.2000,   309.3500,   301.6000,   304.3000,       9573,        426,             2920530
VSWS,B,20260525,539875,,RSD Finance,    95.4600,    95.4600,    87.9900,    89.9800,        812,         39,               75029
VSWS,B,20260525,539876,,Crompton Greaves Con,   299.5500,   299.5500,   293.1000,   293.3500,      66514,       1212,            19626678
VSWS,B,20260525,539883,,Pilani Invest & Ind,  4658.5000,  4685.0000,  4538.9500,  4591.2500,         53,         28,              245869
VSWS,B,20260525,539884,,Darshan Orna,     2.3000,     2.3300,     2.2900,     2.3000,      18948,         70,               43735
VSWS,B,20260525,539889,,Parag Milk Foods,   213.1500,   213.7500,   210.6500,   211.4500,      17853,        405,             3784485
VSWS,B,20260525,539894,,Madhav Infra Project,     8.2600,     8.6000,     8.0900,     8.2700,     100450,        252,              844971
VSWS,B,20260525,539895,,Spice Lounge Food Wo,    20.6200,    20.6200,    20.5000,    20.6200,      93790,        226,             1933555
VSWS,B,20260525,539900,,Dalmia Indl Developm,    12.2200,    12.2200,    12.0000,    12.1400,        327,          9,                3992
VSWS,B,20260525,539911,,Svarnim Trade Udyog,     9.8000,     9.8000,     9.7000,     9.7000,        917,          9,                8897
VSWS,B,20260525,539917,,Nagarjuna Fertilizer,     3.9600,     3.9600,     3.6100,     3.7700,     135214,        142,              504224
VSWS,B,20260525,539921,,Shanti Educational I,   200.4000,   201.1000,   195.3500,   196.4000,     283457,       2395,            56239937
VSWS,B,20260525,539938,,Medico Intercontinen,    21.5900,    21.9800,    21.0000,    21.4200,       1522,         29,               32859
VSWS,B,20260525,539939,,Yash Chemex,    53.9500,    53.9500,    53.6000,    53.6500,        730,         20,               39341
VSWS,B,20260525,539945,,ICICI Pru Nifty50 Va,    13.7300,    13.9000,    13.4000,    13.8800,      67466,        231,              934624
VSWS,B,20260525,539946,,Bazel International,    19.0500,    19.9700,    19.0500,    19.9700,       9512,         38,              189153
VSWS,B,20260525,539947,,Jindal Leasefin,    80.6200,    80.6200,    80.6200,    80.6200,        248,          8,               19993
VSWS,B,20260525,539956,,TAAL Tech,  2846.7000,  2865.9500,  2777.6000,  2853.8000,        286,         63,              807009
VSWS,B,20260525,539957,,Mahanagar Gas,  1075.8500,  1084.8000,  1058.2000,  1074.5000,       9454,        699,            10164953
VSWS,B,20260525,539963,,Zeal Aqua,    14.2800,    14.5400,    13.8500,    14.2500,     104276,        257,             1479969
VSWS,B,20260525,539978,,Quess Corp,   206.4500,   207.6500,   203.9000,   206.3500,       8760,        325,             1800564
VSWS,B,20260525,539979,,Digjam,    48.0000,    48.3200,    47.2000,    47.2000,          7,          3,                 335
VSWS,B,20260525,539980,,ICICI Pru BSE MCap S,    18.7000,    18.7300,    18.1200,    18.5000,      16049,         83,              296861
VSWS,B,20260525,539982,,Advance Syntex,     5.7600,     5.7600,     5.2200,     5.7200,       4706,         15,               27049
VSWS,B,20260525,539984,,Hindusthan Insulator,  1210.6000,  1210.6000,  1210.6000,  1210.6000,      11884,         72,            14386770
VSWS,B,20260525,539985,,Titaanium Ten Enter,    27.7400,    29.1200,    27.7400,    29.1200,       2000,          2,               56860
VSWS,B,20260525,539986,,Commercial Syn Bags,   154.0500,   154.8500,   153.0000,   153.4000,       1843,         51,              283303
VSWS,B,20260525,539991,,Confidence Futuristi,    35.4000,    35.4500,    33.8500,    34.3300,      14357,        137,              498114
VSWS,B,20260525,539992,,Lloyds Engineering W,    70.3500,    75.9900,    70.1000,    74.7700,    1125713,       5035,            83052833
VSWS,B,20260525,539997,,Kwality Pharmaceutic,  2146.0500,  2315.0000,  2146.0500,  2230.5500,      13370,       1323,            30136982
VSWS,B,20260525,540005,,LTM,  4001.2000,  4008.7500,  3901.4500,  3991.8000,      25276,       4066,           100102484
VSWS,B,20260525,540006,,East West Freight Ca,     2.7200,     2.8200,     2.6800,     2.7900,      46051,         91,              127614
VSWS,B,20260525,540008,,AB SL BSE Sensex ETF,    75.3900,    77.0600,    75.3900,    76.3300,        148,         19,               11338
VSWS,B,20260525,540023,,Colorchips New Media,    13.5200,    14.5600,    13.5200,    14.3000,       1847,         26,               25719
VSWS,B,20260525,540025,,Advanced Enzyme Tech,   375.2500,   387.4000,   375.2500,   376.5000,      14746,        324,             5629513
VSWS,B,20260525,540026,,Ladam Affordable Hou,     7.3000,     7.3000,     6.5100,     7.0100,       1816,         11,               13135
VSWS,B,20260525,540047,,Dilip Buildcon,   431.5000,   439.0000,   428.8000,   435.9000,       3116,        512,             1354270
VSWS,B,20260525,540048,,S P Apparels,   782.5000,   801.0000,   765.2500,   769.6500,       1440,        132,             1118363
VSWS,B,20260525,540061,,Bigbloc Construction,    55.9100,    57.4600,    55.0000,    55.7600,      42089,        180,             2340609
VSWS,B,20260525,540062,,Golden Crest Educati,   331.0000,   331.8000,   331.0000,   331.7000,         15,          4,                4975
VSWS,B,20260525,540063,,ECS Biztech,     9.1700,     9.5900,     8.7200,     8.8100,       6902,         26,               63051
VSWS,B,20260525,540065,,RBL Bank,   340.6500,   346.6000,   338.0000,   343.2000,     150486,       3353,            51507155
VSWS,B,20260525,540066,,AMS Polymers,    69.9900,    69.9900,    67.9000,    67.9000,          2,          2,                 137
VSWS,B,20260525,540073,,BLS International Se,   269.0500,   271.8500,   268.0000,   269.1500,     172933,       2706,            46681854
VSWS,B,20260525,540078,,Mitsu Chem Plast,   152.0000,   159.4000,   147.0000,   159.2000,      50201,        397,             7882118
VSWS,B,20260525,540079,,Sprayking,     1.3600,     1.3600,     1.3100,     1.3400,     217001,        162,              290679
VSWS,B,20260525,540080,,Dhatre Udyog,     4.9300,     4.9800,     4.8000,     4.9000,      21208,        126,              104037
VSWS,B,20260525,540083,,TV Vision,     5.0000,     5.4900,     5.0000,     5.4700,       3308,          9,               16757
VSWS,B,20260525,540097,,Gamco,    38.3000,    42.9000,    38.3000,    41.3900,      73104,        119,             3028697
VSWS,B,20260525,540115,,L&T Technology Servi,  3430.3500,  3582.0000,  3430.3500,  3547.2500,      10745,       2049,            37975704
VSWS,B,20260525,540124,,GNA Axles,   375.7500,   381.2000,   371.2000,   378.9500,       3943,        409,             1485275
VSWS,B,20260525,540125,,Radhika Jeweltech,    57.3300,    58.9400,    57.1000,    57.3800,      23971,        291,             1389652
VSWS,B,20260525,540132,,Sabrimala Ind India,    16.0700,    16.9800,    15.1600,    15.7100,      15077,         70,              241652
VSWS,B,20260525,540133,,ICICI Pru Life Insur,   524.3000,   528.2500,   522.0000,   526.5000,      42534,       1373,            22343977
VSWS,B,20260525,540134,,Ishaan Infrastruc &,    16.9000,    16.9000,    16.9000,    16.9000,        187,          3,                3160
VSWS,B,20260525,540135,,ARC Finance,     0.5400,     0.5500,     0.5400,     0.5500,    1688544,        848,              921860
VSWS,B,20260525,540136,,HPL Electric & Power,   373.4000,   380.0000,   369.2500,   372.3500,      27552,        620,            10310098
VSWS,B,20260525,540143,,Sagarsoft (India),    74.8000,    74.8100,    68.0000,    74.4700,       1574,         37,              115574
VSWS,B,20260525,540145,,Valiant Organics,   285.5000,   292.1500,   281.6000,   288.6500,       3252,        214,              932874
VSWS,B,20260525,540146,,Aditya Consumer Mark,    33.0100,    33.0100,    33.0000,    33.0000,       2000,          2,               66010
VSWS,B,20260525,540147,,Shashijit Infraproje,     2.6300,     2.6800,     2.5000,     2.5000,      66522,         60,              168849
VSWS,B,20260525,540153,,Endurance Technologi,  2773.9000,  2809.9500,  2749.2500,  2797.8500,       6320,        909,            17563852
VSWS,B,20260525,540159,,Purple Agrotech Indu,     5.4000,     5.4000,     5.4000,     5.4000,         46,          1,                 248
VSWS,B,20260525,540168,,Supra Pacific Financ,    30.0000,    31.1100,    28.5900,    30.3700,     148228,        385,             4475605
VSWS,B,20260525,540173,,PNB Housing Finance,  1060.7000,  1098.0000,  1060.7000,  1085.4000,      44959,       2504,            48919024
VSWS,B,20260525,540174,,Southern Infoconsult,    24.6500,    24.6500,    21.0600,    22.4300,       2421,         37,               57819
VSWS,B,20260525,540175,,Regency Fincorp,    32.1500,    36.5000,    32.1500,    33.1800,     120665,        260,             4113652
VSWS,B,20260525,540180,,Varun Beverages,   541.6500,   545.0000,   525.8000,   530.7500,     917487,      11838,           489271105
VSWS,B,20260525,540181,,Salem Erode Investme,    37.9000,    37.9000,    37.8000,    37.8100,        312,          6,               11793
VSWS,B,20260525,540189,,Unipro Technologies,    22.9900,    23.0000,    21.8500,    21.8500,        320,         10,                7205
VSWS,B,20260525,540190,,Franklin Industries,     0.4100,     0.4100,     0.4000,     0.4000,    1577759,        579,              636606
VSWS,B,20260525,540192,,LKP Securities,    18.1000,    18.8300,    17.3400,    18.3000,      10264,         72,              188819
VSWS,B,20260525,540198,,Osiajee Texfab,   400.1500,   415.5000,   396.0000,   412.0500,       8084,        110,             3325300
VSWS,B,20260525,540199,,Corporate Merchant B,    65.1500,    65.1500,    65.1500,    65.1500,        107,          6,                6971
VSWS,B,20260525,540203,,Sheela Foam,   648.6500,   650.9500,   631.0000,   634.0000,      24931,       1006,            15939523
VSWS,B,20260525,540204,,EIKO Lifesciences,    49.2000,    49.5500,    48.6500,    49.3800,      10160,         54,              498819
VSWS,B,20260525,540205,,Aditya Vision,   540.0000,   540.0000,   529.8500,   535.7500,       5204,        530,             2785947
VSWS,B,20260525,540210,,Heads UP Ventures,     6.9600,     7.3000,     6.9600,     7.2800,        151,          7,                1089
VSWS,B,20260525,540212,,TCI Express,   505.0000,   516.4500,   500.0000,   515.0000,       1760,        196,              888077
VSWS,B,20260525,540222,,Laurus Labs,  1343.4500,  1363.0000,  1340.1500,  1357.7000,      28461,       1862,            38435303
VSWS,B,20260525,540243,,New Light Industries,     1.4000,     1.4900,     1.3800,     1.3800,      31116,        126,               43763
VSWS,B,20260525,540252,,Viram Suvarn,    11.9900,    11.9900,    10.3800,    11.1900,     354230,        593,             4030930
VSWS,B,20260525,540254,,Marg Techno Projects,    34.0000,    34.1700,    34.0000,    34.1700,        603,         10,               20582
VSWS,B,20260525,540259,,Shangar Decor,     0.2300,     0.2400,     0.2200,     0.2300,    1114913,        170,              255762
VSWS,B,20260525,540266,,Globe Multi Ventures,    23.3300,    23.9000,    22.7500,    23.5700,      13891,        104,              324962
VSWS,B,20260525,540268,,TruCap Finance,     6.3300,     6.3300,     6.0500,     6.0600,       2089,          6,               13202
VSWS,B,20260525,540293,,Pricol,   567.4500,   573.8500,   561.4000,   567.1000,      38566,       1247,            21899581
VSWS,B,20260525,540310,,Classic Filaments,    51.3000,    51.3000,    51.3000,    51.3000,       2109,         15,              108191
VSWS,B,20260525,540311,,JITF Infralogistics,   284.8500,   288.0000,   282.3000,   287.9000,       1150,         27,              328604
VSWS,B,20260525,540358,,RMC Switchgears,   401.0000,   404.0000,   383.0000,   388.0500,      20553,        325,             7980991
VSWS,B,20260525,540359,,Parmax Pharma,    36.0600,    38.8500,    33.1600,    36.7100,       3478,         32,              125814
VSWS,B,20260525,540360,,Leading Lea Fin & In,     1.3800,     1.3900,     1.3600,     1.3900,     986200,        132,             1366707
VSWS,B,20260525,540361,,Danube Industries,     5.6100,     5.9100,     5.5600,     5.7100,     138814,        192,              792644
VSWS,B,20260525,540366,,Music Broadcast,     6.2100,     6.2100,     6.0000,     6.1700,       2531,          9,               15531
VSWS,B,20260525,540376,,Avenue Supermarts,  4135.8500,  4152.0000,  4078.0000,  4094.7500,      11814,       2768,            48510755
VSWS,B,20260525,540377,,IFL Enterprises,     0.4100,     0.4200,     0.4000,     0.4100,    2657136,        630,             1082177
VSWS,B,20260525,540386,,Ontic Finserve,     1.2600,     1.2600,     1.2300,     1.2600,     290027,        100,              364505
VSWS,B,20260525,540393,,Sarthak Metals,    81.0000,    81.0000,    75.1100,    75.3100,       1776,         24,              135283
VSWS,B,20260525,540395,,Chemcrux Enterprises,    93.2000,    95.4000,    91.0000,    93.2600,       3467,        115,              319705
VSWS,B,20260525,540396,,Manomay Tex India,   185.4000,   195.9000,   180.0000,   189.2500,       2243,         63,              406575
VSWS,B,20260525,540401,,Maximus Internationa,    10.2200,    10.9900,    10.2200,    10.8300,      32625,         93,              343103
VSWS,B,20260525,540403,,CL Educate,    45.7500,    46.6900,    45.7500,    46.5100,       5565,         41,              255671
VSWS,B,20260525,540404,,Prime Fresh,   217.6000,   226.7500,   217.6000,   220.2000,       2016,         88,              447904
VSWS,B,20260525,540405,,Oceanic Foods,    57.0000,    58.9900,    56.7500,    57.3600,       2604,         30,              149723
VSWS,B,20260525,540425,,Shankara Building Pr,   128.9500,   128.9500,   127.0000,   128.7000,       1540,         21,              196918
VSWS,B,20260525,540455,,Escorp Asset Managem,   102.0000,   103.5000,   100.0000,   102.0000,        781,         21,               79438
VSWS,B,20260525,540467,,Parmeshwari Silk Mil,   120.9500,   120.9500,   120.9500,   120.9500,          1,          1,                 120
VSWS,B,20260525,540481,,Classic Leasing & Fi,    50.9000,    50.9000,    48.5000,    48.5000,       1852,         20,               90937
VSWS,B,20260525,540492,,Starlineps Enterpris,    11.1900,    11.1900,    10.6100,    11.0100,     430564,        459,             4699668
VSWS,B,20260525,540497,,S Chand & Company,   180.0000,   183.7000,   170.6500,   172.6000,      16235,        512,             2872989
VSWS,B,20260525,540515,,Kanungo Financiers,     9.0000,     9.0000,     9.0000,     9.0000,        100,          1,                 900
VSWS,B,20260525,540519,,Meera Industries,    59.2700,    59.2700,    58.9000,    58.9000,      13543,         37,              799330
VSWS,B,20260525,540530,,Housing & Urban Dev,   206.5500,   210.0500,   206.5500,   207.9500,     131982,       1134,            27515618
VSWS,B,20260525,540544,,PSP Projects,   761.4000,   780.2500,   761.4000,   773.1500,       2081,        181,             1611363
VSWS,B,20260525,540545,,Guru Krupa Gems & Je,    37.6400,    41.0000,    37.6400,    39.9400,      67308,        138,             2595387
VSWS,B,20260525,540570,,Variman Global Enter,     4.2800,     4.6000,     4.2500,     4.3600,      91247,        133,              398945
VSWS,B,20260525,540575,,Star Cement,   228.6000,   228.6000,   213.7500,   218.7500,      45830,        874,            10006182
VSWS,B,20260525,540590,,Riddhi Corporate Ser,    60.5200,    62.0000,    59.0000,    60.1800,       5556,         72,              335552
VSWS,B,20260525,540595,,Tejas Networks,   471.7000,   487.5000,   467.1500,   471.2500,     219124,       4157,           104721566
VSWS,B,20260525,540596,,Eris Lifesciences,  1343.5500,  1362.9500,  1340.0000,  1352.4500,       4739,        458,             6387150
VSWS,B,20260525,540597,,Indus Aluminium Recy,    16.3300,    16.3300,    15.2500,    16.3300,      13925,         15,              222934
VSWS,B,20260525,540602,,GTPL Hathway,    68.0000,    68.0000,    66.6000,    66.8000,       1327,         98,               88730
VSWS,B,20260525,540611,,AU Small Finance Ban,   978.9500,  1007.8000,   978.9500,   998.8500,      61174,       4701,            61223611
VSWS,B,20260525,540612,,ICICIPru Nfty100LowV,    21.6200,    21.8700,    21.5500,    21.7100,      42448,        114,              920487
VSWS,B,20260525,540613,,Gautam Exim,   166.0000,   175.1000,   166.0000,   175.1000,       1500,          2,              255825
VSWS,B,20260525,540614,,G G Engineering,     0.4900,     0.5100,     0.4900,     0.5000,    4066091,       1011,             2025833
VSWS,B,20260525,540615,,7NR Retail,     5.7000,     6.1100,     5.7000,     5.9000,      14568,         85,               86441
VSWS,B,20260525,540642,,Salasar Techno Engin,     7.0000,     7.2700,     7.0000,     7.1600,     518979,        782,             3723684
VSWS,B,20260525,540648,,Palash Securities,    97.0000,    97.0000,    96.0000,    96.0000,         83,         56,                7993
VSWS,B,20260525,540649,,Avadh Sugar & Energy,   488.9500,   488.9500,   457.5000,   464.9000,       1080,         48,              509523
VSWS,B,20260525,540650,,Magadh Sugar & Energ,   475.0000,   476.8500,   470.2500,   472.0500,        111,         24,               52434
VSWS,B,20260525,540654,,Globalspace Technolo,    24.1100,    24.1100,    22.9100,    22.9100,      46629,        110,             1069606
VSWS,B,20260525,540669,,UTI Nifty Next 50 ET,    76.0600,    76.3500,    75.1300,    76.3500,       1069,         45,               81388
VSWS,B,20260525,540673,,SIS,   395.0000,   397.0000,   384.5000,   389.3500,       1598,        536,              621757
VSWS,B,20260525,540678,,Cochin Shipyard,  1543.8500,  1556.5000,  1524.9000,  1528.6500,     106279,       5619,           163531290
VSWS,B,20260525,540679,,Haleos Labs,  1700.0000,  1700.0000,  1650.0000,  1650.0000,         76,         26,              127400
VSWS,B,20260525,540680,,KIOCL,   390.6500,   402.0000,   389.0000,   397.0500,      14126,        572,             5616955
VSWS,B,20260525,540681,,Chothani Foods,     8.7000,     8.7000,     8.7000,     8.7000,       2500,          1,               21750
VSWS,B,20260525,540686,,Smruthi Organics,   122.7500,   122.7500,   117.1500,   119.4500,       1181,         18,              141192
VSWS,B,20260525,540691,,Aditya Birla Capital,   364.0500,   364.9000,   360.0000,   363.5000,     133490,       2679,            48454779
VSWS,B,20260525,540692,,Apex Frozen Foods,   450.3500,   473.8000,   450.3500,   461.8500,      42533,       1179,            19704718
VSWS,B,20260525,540693,,Shish Industries,    11.6000,    12.9900,    11.6000,    12.1300,     478928,        609,             5872611
VSWS,B,20260525,540694,,ANG Lifesciences Ind,    29.0000,    30.9900,    28.4000,    28.8900,       1345,         27,               39486
VSWS,B,20260525,540696,,KCD Industries India,     4.8400,     4.8400,     4.0100,     4.1800,     227759,        273,              970341
VSWS,B,20260525,540699,,Dixon Technologies (, 11850.0000, 11888.9000, 11601.0000, 11826.4000,      56466,      11470,           664409630
VSWS,B,20260525,540700,,Bharat Road Network,    20.4000,    20.5700,    20.3000,    20.3000,       1834,         14,               37266
VSWS,B,20260525,540701,,Dishman Carbogen Amc,   196.0000,   205.7000,   195.9000,   199.7000,      38221,        595,             7646022
VSWS,B,20260525,540702,,Lasa Supergenerics,     8.3500,     8.3500,     8.0000,     8.2500,       8391,         49,               69261
VSWS,B,20260525,540703,,Pro CLB Global,    32.5000,    32.5000,    32.5000,    32.5000,       1101,          9,               35782
VSWS,B,20260525,540704,,Matrimony.com,   416.5000,   422.5000,   416.5000,   418.0000,        268,         40,              112562
VSWS,B,20260525,540709,,Reliance Home Financ,     2.1600,     2.2800,     2.1000,     2.2400,     297311,        353,              641656
VSWS,B,20260525,540710,,Capacit'e Infraproje,   217.0500,   225.9500,   217.0500,   225.1500,      12175,        294,             2717268
VSWS,B,20260525,540716,,ICICI Lombard Gen In,  1802.3500,  1860.0000,  1802.3500,  1853.7500,       7621,       1521,            14096018
VSWS,B,20260525,540717,,Polo Queen Indl & Fi,    19.4000,    19.4900,    18.6000,    18.9500,      45917,        310,              877423
VSWS,B,20260525,540718,,Aayush Art & Bullion,  1170.0000,  1174.9000,  1164.7500,  1170.8000,      59625,        468,            69874825
VSWS,B,20260525,540719,,SBI Life Ins Co,  1883.3500,  1903.7500,  1880.7000,  1901.4500,      19732,        930,            37312454
VSWS,B,20260525,540724,,Prataap Snacks,   986.4000,   995.5500,   968.5000,   981.8000,        564,         53,              554408
VSWS,B,20260525,540725,,Share India Securiti,   143.0000,   143.2000,   139.5000,   140.1000,      35879,        378,             5068238
VSWS,B,20260525,540726,,Trident Texofab,    41.6500,    43.7200,    41.6500,    43.0400,       5382,        105,              233248
VSWS,B,20260525,540727,,Poojawestern Metalik,    20.6000,    20.6000,    19.1000,    19.4900,      76899,        367,             1491318
VSWS,B,20260525,540728,,Sayaji Industries,   120.0100,   125.9700,   120.0100,   125.9700,       5150,         60,              643180
VSWS,B,20260525,540729,,Vanta Bioscience,    24.4500,    24.4500,    24.4500,    24.4500,        750,          1,               18337
VSWS,B,20260525,540730,,Mehai Technology,     1.4300,     1.4300,     1.3700,     1.4000,     488931,        436,              684715
VSWS,B,20260525,540735,,IRIS RegTech Solutio,   256.8500,   276.0500,   256.8000,   263.0000,        890,         45,              238762
VSWS,B,20260525,540737,,Shree Ganesh Remedie,   632.0000,   658.0000,   621.3000,   653.7500,      21411,        401,            13812872
VSWS,B,20260525,540738,,Shreeji Translogisti,     9.1000,     9.7900,     8.7700,     8.9700,      72113,        192,              655264
VSWS,B,20260525,540743,,Godrej Agrovet,   623.5500,   623.5500,   570.8000,   572.5500,     139986,       1226,            81326254
VSWS,B,20260525,540749,,MAS Financial Servic,   309.5500,   313.9500,   304.2000,   305.0000,       3531,        152,             1082377
VSWS,B,20260525,540750,,Indian Energy Exchan,   127.6000,   129.6500,   127.3500,   127.5500,     340881,       4189,            43737731
VSWS,B,20260525,540755,,General Insurance Co,   382.3000,   393.5000,   382.0500,   390.7500,      25791,        619,            10039335
VSWS,B,20260525,540757,,Sheetal Cool Product,   442.0000,   442.0000,   420.5500,   421.5000,       1201,         55,              509191
VSWS,B,20260525,540762,,Tube Investments of,  3024.9500,  3099.0000,  3024.9000,  3046.2500,       7367,       1210,            22553813
VSWS,B,20260525,540767,,Nippon Life (I) Asse,  1101.5500,  1104.9000,  1091.0000,  1099.2500,      16066,       1942,            17631872
VSWS,B,20260525,540768,,Mahindra Logistics,   360.6500,   360.6500,   353.6000,   356.8000,       3324,        148,             1184345
VSWS,B,20260525,540769,,New India Assurance,   164.6500,   168.7000,   164.1000,   166.1000,      60475,        726,            10064642
VSWS,B,20260525,540774,,IFGL Refractories,   172.5500,   179.1500,   172.5500,   176.8500,        621,         92,              109420
VSWS,B,20260525,540775,,Khadim India,   106.2000,   106.3500,   102.2000,   103.1000,       9888,        202,             1035680
VSWS,B,20260525,540776,,5paisa Capital,   320.0000,   324.7500,   318.4000,   320.3500,       1026,         69,              329051
VSWS,B,20260525,540777,,HDFC Life Insurance,   629.6500,   629.6500,   616.6500,   619.8000,      40357,       1538,            24999506
VSWS,B,20260525,540782,,Sanghvi Brands,    14.0800,    14.0800,    14.0800,    14.0800,       1000,          1,               14080
VSWS,B,20260525,540786,,Sharika Enterprises,    11.3900,    11.9900,    11.3800,    11.9500,      56513,        156,              663708
VSWS,B,20260525,540787,,ICICI PMF BHARAT 22,   121.0500,   122.2100,   120.4100,   121.6400,      18289,        394,             2221757
VSWS,B,20260525,540788,,Aspira Pathlab & Dia,   116.9900,   119.0000,   107.6900,   118.9000,      28005,        149,             3179656
VSWS,B,20260525,540789,,Diligent Media Corpo,     2.9500,     3.2000,     2.8700,     2.9500,       3722,         26,               11227
VSWS,B,20260525,540795,,Dynamic Cables,   307.2000,   325.5500,   304.0000,   322.9500,      15890,        594,             5017077
VSWS,B,20260525,540796,,Ratnabhumi Developer,   265.0000,   265.0000,   265.0000,   265.0000,         40,          2,               10600
VSWS,B,20260525,540797,,Shalby,   159.3000,   180.0000,   159.3000,   173.5500,       4166,        140,              724703
VSWS,B,20260525,540809,,MRC Agrotech,    42.8900,    42.8900,    39.3000,    40.1700,      61695,        296,             2463660
VSWS,B,20260525,540821,,Crystal Business Sys,     2.4600,     2.4600,     2.3000,     2.4600,     252015,        248,              615093
VSWS,B,20260525,540824,,Astron Paper & Board,     4.2000,     4.2000,     4.0000,     4.0000,       2467,         17,                9903
VSWS,B,20260525,540829,,Chandrima Mercantile,     6.7300,     6.8600,     6.7000,     6.7300,      74915,        167,              505206
VSWS,B,20260525,540850,,Jhandewalas Foods,    30.0000,    30.7600,    29.0800,    29.0800,       6000,          6,              180190
VSWS,B,20260525,540874,,7Seas Entertainment,    81.8900,    83.3500,    79.0100,    81.7100,      24762,        108,             1997740
VSWS,B,20260525,540879,,Apollo Micro Systems,   358.1000,   420.0000,   358.1000,   410.8000,    6694645,      56143,          2632417970
VSWS,B,20260525,540900,,Newgen Software Tech,   441.4000,   446.9500,   435.2500,   436.0000,     196472,       2979,            86409706
VSWS,B,20260525,540901,,Praxis Home Retail,     7.4400,     7.4400,     7.2500,     7.2500,         86,          5,                 637
VSWS,B,20260525,540902,,Amber Enterprises In,  7449.9500,  7516.9500,  7377.9500,  7458.8500,      18171,       2753,           135394699
VSWS,B,20260525,540904,,Tirupati Foam,    88.3500,    88.3500,    88.3500,    88.3500,         10,          1,                 883
VSWS,B,20260525,540914,,SRU Steels,     1.6600,     1.6600,     1.5800,     1.6100,     172590,        216,              275666
VSWS,B,20260525,540923,,Ashoka Metcast,    16.2300,    16.5600,    15.8300,    16.0000,       1794,         18,               28937
VSWS,B,20260525,540935,,Galaxy Surfactants,  1848.0000,  1861.6000,  1834.1500,  1840.1000,        424,         92,              781666
VSWS,B,20260525,540936,,Gautam Gems,     3.1500,     3.3500,     3.1200,     3.2500,       6443,         70,               20747
VSWS,B,20260525,540937,,Medico Remedies,    56.9900,    56.9900,    47.0000,    49.0000,      13873,        167,              673246
VSWS,B,20260525,540952,,Lorenzini Apparels,     7.1800,     7.2100,     6.8500,     7.1500,       9716,         58,               68682
VSWS,B,20260525,540953,,Kenvi Jewels,     2.1400,     2.1900,     2.1000,     2.1100,     104229,        144,              223508
VSWS,B,20260525,540954,,Indian Wood Products,    34.9500,    35.5100,    33.4700,    35.5000,       1377,         31,               48708
VSWS,B,20260525,540955,,Tasty Dairy Speciali,     4.8600,     4.8600,     4.8500,     4.8500,      13832,         24,               67110
VSWS,B,20260525,540956,,Bhatia Commu & Retai,    23.9200,    24.6000,    23.5000,    24.1400,     141128,        279,             3419932
VSWS,B,20260525,540961,,Shiva Mills,    65.9000,    65.9000,    63.0600,    65.0000,        163,          6,               10482
VSWS,B,20260525,540975,,Aster DM Healthcare,   770.0000,   770.0000,   742.5000,   746.1500,      12959,        843,             9724602
VSWS,B,20260525,540980,,Yamuna Syndicate, 28500.0000, 29300.0000, 28500.0000, 29299.0000,          8,          6,              231996
VSWS,B,20260525,541005,,Kanco Tea & Ind,    64.0000,    65.9900,    63.2000,    64.9900,        123,         11,                7988
VSWS,B,20260525,541019,,H G Infra Engineerin,   596.8500,   608.5000,   596.8500,   602.8500,       7196,        754,             4340142
VSWS,B,20260525,541083,,Inflame Appliances,   270.0000,   270.0000,   246.0000,   248.3000,      32750,         65,             8225862
VSWS,B,20260525,541096,,Bharat Parenterals,  1308.0000,  1394.8000,  1308.0000,  1335.1500,        521,         36,              700880
VSWS,B,20260525,541097,,DSP Nifty 1D Rate Li,   999.9900,  1000.0100,   999.9900,  1000.0000,      18097,         18,            18096850
VSWS,B,20260525,541143,,Bharat Dynamics,  1329.3000,  1332.6000,  1309.0500,  1325.7500,     234286,       2137,           308725217
VSWS,B,20260525,541144,,Active Clothing Co,   132.0000,   148.0000,   131.9500,   141.0500,     114722,        921,            16418541
VSWS,B,20260525,541152,,Goyal Aluminiums,     6.6300,     7.0900,     6.6100,     6.9000,      24007,        133,              166764
VSWS,B,20260525,541153,,Bandhan Bank,   196.1500,   199.4000,   195.1500,   196.9500,     728795,       5323,           143800839
VSWS,B,20260525,541154,,Hindustan Aeronautic,  4390.0000,  4438.3500,  4385.5000,  4426.2000,      72463,       7189,           320114594
VSWS,B,20260525,541161,,Dharan Infra-Epc,     0.1900,     0.1900,     0.1900,     0.1900,     169274,         55,               32162
VSWS,B,20260525,541163,,Sandhar Technologies,   639.6500,   735.0000,   627.0000,   705.8500,     412908,      14637,           288443371
VSWS,B,20260525,541167,,Yasho Industries,  2029.9000,  2215.7500,  2018.0000,  2105.6500,       2978,        524,             6301766
VSWS,B,20260525,541195,,Mishra Dhatu Nigam,   421.8000,   427.5000,   412.0000,   416.7000,      91640,       1768,            38472989
VSWS,B,20260525,541206,,OBCL,    54.0000,    54.0000,    53.0000,    53.0000,        907,         24,               48761
VSWS,B,20260525,541228,,Taylormade Renewable,   102.0000,   102.0000,    99.0500,    99.6000,       5533,        103,              555609
VSWS,B,20260525,541233,,Lemon Tree Hotels,   114.6000,   118.3000,   114.2500,   116.7000,     144419,       1470,            16904129
VSWS,B,20260525,541269,,Chemfab Alkalis,   403.0000,   403.0000,   395.0000,   396.3000,         32,          4,               12728
VSWS,B,20260525,541276,,Hardwyn India,    25.8300,    26.1400,    24.7700,    25.1300,     377878,        514,             9616413
VSWS,B,20260525,541299,,Dr Lalchandani Labs,     9.3200,     9.7500,     9.3100,     9.5300,      32000,          8,              299720
VSWS,B,20260525,541301,,Orient Electric,   187.2500,   187.3000,   183.0000,   185.3000,      10582,        191,             1954197
VSWS,B,20260525,541302,,Dhruv Consultancy Se,    29.0000,    31.5000,    29.0000,    31.5000,         25,          3,                 727
VSWS,B,20260525,541303,,Akshar Spintex,     0.4800,     0.5000,     0.4800,     0.4900,     156253,         60,               76971
VSWS,B,20260525,541304,,Indo Us Bio-Tech,   103.0000,   103.0000,   100.4000,   101.1000,        743,        108,               75498
VSWS,B,20260525,541313,,ICICI Prud BSE 500 E,    38.3100,    38.9800,    38.0600,    38.5800,      11942,        101,              462955
VSWS,B,20260525,541336,,Indostar Capital Fin,   216.4000,   216.4000,   210.2500,   210.9000,       1694,         69,              361895
VSWS,B,20260525,541337,,Milestone Furniture,    25.2100,    27.6000,    25.2000,    27.6000,      84000,         13,             2125680
VSWS,B,20260525,541338,,U H Zaveri,    14.3000,    14.3000,    13.2300,    13.5000,      15123,         45,              206795
VSWS,B,20260525,541347,,Parvati Sweetners &,     7.3600,     7.3600,     6.7800,     6.9000,       5192,         55,               36039
VSWS,B,20260525,541352,,Megastar Foods,   303.0000,   314.1500,   285.0000,   293.3000,      21659,        619,             6539786
VSWS,B,20260525,541353,,Innovators Facade Sy,   140.0000,   144.0000,   137.0000,   137.7500,      46400,         44,             6477280
VSWS,B,20260525,541358,,Unifinz Capital Indi,    97.0100,    99.0000,    95.0000,    95.0000,       2968,         30,              284063
VSWS,B,20260525,541400,,Zim Laboratories,   102.0000,   104.0000,    99.5000,   100.0300,       2362,         39,              239877
VSWS,B,20260525,541402,,Affordable Robotic &,   172.2500,   174.9000,   170.0000,   170.7500,       3223,         34,              551805
VSWS,B,20260525,541403,,Dollar Industries,   284.4000,   284.4500,   269.5000,   272.8000,      23816,        766,             6536747
VSWS,B,20260525,541418,,Nakoda Group of Indu,    39.3300,    39.3300,    39.3300,    39.3300,        176,          4,                6922
VSWS,B,20260525,541444,,Palm Jewels,    15.5500,    15.7500,    15.0800,    15.2300,      16884,         32,              254796
VSWS,B,20260525,541445,,Waa Solar,    58.2500,    58.2500,    55.9600,    57.7200,      12800,         16,              730336
VSWS,B,20260525,541450,,Adani Green Energy,  1388.1000,  1420.0000,  1365.5000,  1411.1500,     369259,      11225,           514632564
VSWS,B,20260525,541503,,Unick Fix-A-Form & P,    45.0000,    45.0000,    45.0000,    45.0000,         51,          4,                2295
VSWS,B,20260525,541540,,Solara Active Pharma,   545.0000,   557.8500,   545.0000,   555.2500,      10706,        413,             5903742
VSWS,B,20260525,541546,,Gayatri Highways,     2.2500,     2.4300,     2.2500,     2.4300,      92637,        128,              220316
VSWS,B,20260525,541556,,RITES,   204.0000,   208.7000,   204.0000,   207.2500,      54260,       1199,            11245889
VSWS,B,20260525,541557,,Fine Organic Industr,  4610.3000,  4656.0000,  4551.0000,  4556.4500,        837,        351,             3843295
VSWS,B,20260525,541578,,Varroc Engineering,   561.9000,   584.7500,   561.9000,   583.4000,       9380,        358,             5436139
VSWS,B,20260525,541601,,Rajnish Wellness,     0.4500,     0.4700,     0.4500,     0.4600,    3342868,        600,             1538020
VSWS,B,20260525,541627,,Gujarat Winding Syst,     8.4600,     8.4600,     8.4500,     8.4600,        731,          6,                6180
VSWS,B,20260525,541634,,Raw Edge Industrial,    20.4300,    20.9000,    19.1500,    19.1800,       5608,         54,              109409
VSWS,B,20260525,541702,,Ashnisha Industries,     4.5400,     4.5500,     4.5400,     4.5500,    4151491,       2134,            18872936
VSWS,B,20260525,541729,,HDFC Asset Managemen,  2775.6500,  2808.6500,  2754.6500,  2758.5500,      33708,       2597,            93657311
VSWS,B,20260525,541735,,Vivanta Industries,     1.8600,     1.9400,     1.8200,     1.8600,     347675,        313,              648230
VSWS,B,20260525,541741,,Fratelli Vineyards,    74.2100,    75.9900,    73.1300,    74.8400,       2287,         26,              168773
VSWS,B,20260525,541770,,CreditAccess Grameen,  1291.6500,  1324.6000,  1290.0000,  1304.9000,       8584,        843,            11240927
VSWS,B,20260525,541771,,Amin Tannery,     1.6500,     1.7700,     1.6100,     1.7000,      57042,         84,               97542
VSWS,B,20260525,541778,,Deep Polymers,    36.2200,    37.8700,    36.2200,    36.7800,       3984,         70,              147736
VSWS,B,20260525,541809,,ICICIPru Nifty N ETF,    74.6100,    74.7600,    73.9600,    74.6600,      32400,        278,             2415375
VSWS,B,20260525,541865,,Add-Shop E-Retail,     6.9500,     8.0000,     6.9500,     7.2500,      37679,        135,              276878
VSWS,B,20260525,541890,,Space Incubatrics Te,     0.2200,     0.2300,     0.2200,     0.2200,     537359,        123,              120071
VSWS,B,20260525,541929,,Synergy Green Indust,   475.9000,   519.0000,   475.9000,   515.7000,        379,        117,              193079
VSWS,B,20260525,541946,,ICICI Pru BSE L Rate,  1000.0000,  1000.0100,  1000.0000,  1000.0000,      75411,         43,            75411000
VSWS,B,20260525,541956,,IRCON International,   141.0000,   143.5000,   141.0000,   142.6000,     181270,       2540,            25869851
VSWS,B,20260525,541967,,Sky Gold & Diamonds,   474.0500,   490.0500,   473.0000,   484.6000,      55341,       1896,            26734686
VSWS,B,20260525,541972,,SBI - ETF Sensex Nex,   913.9500,   919.8100,   913.2600,   916.0800,        376,         28,              344671
VSWS,B,20260525,541974,,Manorama Industries,  1391.0500,  1416.2000,  1374.0000,  1409.9500,       8674,        644,            12044619
VSWS,B,20260525,541988,,Aavas Financiers,  1391.8500,  1418.8500,  1361.6000,  1374.8000,       5961,        873,             8232304
VSWS,B,20260525,542011,,Garden Reach Shipbui,  2735.0000,  2753.3000,  2664.1500,  2675.6500,     109605,       6633,           296660840
VSWS,B,20260525,542012,,A-1,    10.5000,    10.5000,     9.6600,     9.6600,    1173587,       1686,            11533515
VSWS,B,20260525,542013,,Dolfin Rubbers,   170.1000,   178.0000,   170.1000,   171.2500,       1007,         30,              174564
VSWS,B,20260525,542019,,Shubham Polyspin,    57.2000,    61.5000,    57.2000,    59.1700,       2763,         73,              164332
VSWS,B,20260525,542020,,AKI India,     4.9600,     4.9700,     4.8500,     4.9000,       5289,         27,               25918
VSWS,B,20260525,542025,,Sun Retail,     0.3600,     0.3600,     0.3600,     0.3600,      48000,          1,               17280
VSWS,B,20260525,542034,,S M Gold,    12.7400,    12.7400,    12.1800,    12.6100,      12033,         60,              150964
VSWS,B,20260525,542046,,Vivid Mercantile,     6.8000,     7.2700,     6.8000,     7.1700,      70645,        126,              504983
VSWS,B,20260525,542057,,BCPL Railway Infrast,    75.9200,    76.8800,    71.5800,    73.8000,       5798,        188,              431219
VSWS,B,20260525,542066,,Adani Total Gas,   658.7500,   666.6000,   652.8000,   658.8000,     333872,       6346,           220370571
VSWS,B,20260525,542123,,Phosphate Company,   148.0000,   148.0000,   148.0000,   148.0000,        170,          4,               25160
VSWS,B,20260525,542131,,Mirae Asset Nifty 50,   257.1600,   259.7500,   256.5500,   259.6400,      15176,        100,             3933884
VSWS,B,20260525,542141,,Techno Elect & Eng,  1354.9500,  1384.6500,  1325.0000,  1370.6000,      20044,       1459,            27213108
VSWS,B,20260525,542145,,Roni Households,    41.0000,    42.7900,    41.0000,    42.7900,      36000,         20,             1493208
VSWS,B,20260525,542155,,Diksha Greens,     1.0800,     1.1200,     1.0800,     1.0800,      38000,         15,               42160
VSWS,B,20260525,542176,,Aryan Shares & Stock,    20.4500,    21.4500,    20.4500,    21.0000,        237,          5,                4956
VSWS,B,20260525,542206,,Nivaka Fashions,     1.0600,     1.0700,     0.9700,     0.9800,     374427,        131,              370724
VSWS,B,20260525,542216,,Dalmia Bharat,  1814.4000,  1842.4000,  1794.9000,  1822.2500,      14294,       2049,            25965537
VSWS,B,20260525,542230,,Aditya Birla SLNN50,    71.9800,    75.1000,    71.9800,    74.0400,        937,         31,               69038
VSWS,B,20260525,542231,,Nila Spaces,    12.9500,    13.1800,    12.8200,    12.9000,      56531,        330,              733998
VSWS,B,20260525,542232,,Shankar Lal Rampal D,    43.0000,    43.0000,    41.5000,    42.6700,       1531,         29,               63858
VSWS,B,20260525,542233,,Trejhara Solutions,   148.7500,   150.7500,   147.1000,   147.5000,      12119,        546,             1803740
VSWS,B,20260525,542248,,Deccan Health Care,    12.7900,    12.7900,    12.4000,    12.4400,      14026,         58,              175100
VSWS,B,20260525,542285,,Axita Cotton,     7.9200,     7.9200,     7.7000,     7.8000,      47774,        290,              371072
VSWS,B,20260525,542323,,KPI Green Energy,   430.0000,   438.0000,   430.0000,   436.0500,      39342,       1117,            17067232
VSWS,B,20260525,542332,,Hi-Klass Trading & I,    85.8500,    86.5000,    85.8500,    86.5000,        809,          7,               69953
VSWS,B,20260525,542333,,RPSG Ventures,   929.0000,   935.9500,   916.7500,   931.8000,       2714,        265,             2526759
VSWS,B,20260525,542337,,Spencer's Retail,    37.0900,    37.7700,    36.5000,    37.7500,       3083,         29,              113719
VSWS,B,20260525,542351,,Gloster,   652.0500,   694.7000,   651.3000,   672.5500,       3300,        240,             2228153
VSWS,B,20260525,542367,,Xelpmoc Design and T,   106.6500,   108.4500,   100.0500,   102.9500,        399,        153,               40582
VSWS,B,20260525,542376,,SPA Capital Services,   204.0000,   204.0000,   204.0000,   204.0000,          1,          1,                 204
VSWS,B,20260525,542383,,Ritco Logistics,   264.7500,   274.0000,   263.2000,   263.5000,        756,         34,              200604
VSWS,B,20260525,542399,,Chalet Hotels,   795.9000,   798.6000,   788.6000,   794.6500,       2339,        552,             1858039
VSWS,B,20260525,542437,,Anmol India,    11.3000,    11.5700,    11.2000,    11.5100,       1495,         28,               17016
VSWS,B,20260525,542446,,Jonjua Overseas,     3.8000,     3.8000,     3.7600,     3.7600,      48210,         10,              181510
VSWS,B,20260525,542459,,Kranti Industries,    59.2900,    64.9600,    59.2900,    62.6300,       1621,         14,               99962
VSWS,B,20260525,542460,,Anup Engineering,  1976.0000,  2045.9000,  1966.5500,  1975.9000,        718,        390,             1439676
VSWS,B,20260525,542484,,Arvind Fashions,   459.0000,   470.0000,   450.3500,   465.2500,      12193,        743,             5609370
VSWS,B,20260525,542513,,UTI BSE Sen N 50,    89.2400,    91.8800,    89.2400,    91.3000,       1646,         20,              150145
VSWS,B,20260525,542579,,Ashapuri Gold Orname,     4.3100,     4.5800,     4.3100,     4.4000,     441086,        866,             1947115
VSWS,B,20260525,542580,,Aartech Solonics,    42.0000,    43.5000,    42.0000,    42.9800,       1224,         30,               52681
VSWS,B,20260525,542592,,Humming Bird Educati,    21.2700,    21.2700,    21.2700,    21.2700,       1250,          1,               26587
VSWS,B,20260525,542597,,MSTC,   428.0000,   435.0000,   427.6500,   429.8500,       5382,        336,             2322915
VSWS,B,20260525,542627,,Chandni Machines,    58.0000,    62.5500,    55.3600,    62.5500,       2003,         30,              119143
VSWS,B,20260525,542628,,Northern Spirits,   128.9500,   130.0500,   126.9000,   127.5000,       4588,         85,              589752
VSWS,B,20260525,542649,,Rail Vikas Nigam,   274.0000,   276.0500,   272.0000,   272.5500,     488895,       7258,           133742805
VSWS,B,20260525,542650,,Metropolis Healthcar,   528.6500,   528.6500,   513.4500,   524.3000,       6861,        635,             3564023
VSWS,B,20260525,542651,,KPIT Technologies,   752.3500,   772.4500,   752.3500,   756.0500,     149580,       4846,           114302956
VSWS,B,20260525,542652,,Polycab India,  9321.0000,  9425.0000,  9296.4500,  9397.0500,       8629,       2562,            80924671
VSWS,B,20260525,542654,,V R Films & Studios,    14.4800,    14.4800,    14.0100,    14.4800,       1756,          9,               25271
VSWS,B,20260525,542655,,Vikas Lifecare,     1.4500,     1.5000,     1.4500,     1.4800,     587090,       2305,              861684
VSWS,B,20260525,542665,,Neogen Chemicals,  1680.4000,  1838.5000,  1679.4500,  1755.6500,      11015,       1582,            19508897
VSWS,B,20260525,542666,,GKP Printing & Pack,     6.2600,     6.4900,     6.2000,     6.2900,       7798,         43,               49478
VSWS,B,20260525,542668,,Evans Electric,    66.1000,    68.0000,    66.0000,    67.0000,      13000,         10,              872290
VSWS,B,20260525,542669,,BMW Industries,    54.4500,    56.0000,    52.5500,    55.5200,     550008,       2051,            30417929
VSWS,B,20260525,542670,,Artemis Elect & Proj,    16.9900,    16.9900,    16.1500,    16.2100,      23303,         43,              382822
VSWS,B,20260525,542679,,Dhanashree Electro,   165.0000,   173.6000,   165.0000,   173.6000,        634,         19,              107653
VSWS,B,20260525,542684,,Prakash Pipes,   195.6500,   201.9000,   195.6500,   200.6500,       7700,        252,             1535790
VSWS,B,20260525,542685,,Digicontent,    26.7000,    27.9900,    26.7000,    26.7000,        392,         29,               10677
VSWS,B,20260525,542721,,Anand Rayons,    52.1500,    53.5000,    51.5000,    51.9600,      13322,        165,              692067
VSWS,B,20260525,542725,,SBC Exports,    38.2200,    39.5600,    38.2200,    38.7300,     562790,        686,            21819942
VSWS,B,20260525,542726,,IndiaMART InterMESH,  2002.6500,  2037.0000,  2002.6500,  2028.5500,       2256,        278,             4581178
VSWS,B,20260525,542727,,City Pulse Multivent,  2280.0000,  2309.9500,  2270.0000,  2309.1500,       1350,         13,             3110622
VSWS,B,20260525,542729,,DCM Nouvelle,   145.1000,   155.7000,   145.1000,   153.1500,        211,          9,               31356
VSWS,B,20260525,542730,,ICICI Pru Nifty Bank,    55.4800,    56.7400,    55.4800,    56.6100,      34211,        360,             1930745
VSWS,B,20260525,542747,,Nippon I S&P BSN50,    88.9200,    91.0000,    88.4000,    89.6900,       4586,        157,              410553
VSWS,B,20260525,542752,,Affle 3i,  1439.6500,  1484.0000,  1439.6000,  1460.0000,      22336,       1423,            32652428
VSWS,B,20260525,542758,,ICICI Pru Nifty Pvt,    27.2100,    28.5000,    26.8300,    27.2400,     243698,        649,             6575184
VSWS,B,20260525,542759,,Spandana Sphoorty Fi,   257.7500,   263.0500,   255.1000,   261.8500,      17191,        474,             4474330
VSWS,B,20260525,542760,,Sterling & Wilson Re,   198.7500,   201.9500,   196.5500,   197.1000,      91833,       1395,            18286917
VSWS,B,20260525,542770,,Alphalogic Techsys,    58.7000,    58.7000,    54.0000,    56.0000,       2893,         50,              160199
VSWS,B,20260525,542772,,360 ONE WAM,  1120.0000,  1143.9000,  1120.0000,  1141.8500,     113621,       2247,           128822856
VSWS,B,20260525,542773,,IIFL Capital Service,   349.1000,   349.1000,   343.9500,   345.9500,      11491,        405,             3994019
VSWS,B,20260525,542774,,Mufin Green Finance,   123.0000,   124.3000,   121.0000,   123.8000,     101295,        472,            12456373
VSWS,B,20260525,542802,,Galactico Corporate,     2.0500,     2.1000,     2.0300,     2.0500,      64247,        157,              132381
VSWS,B,20260525,542803,,Vaxfab Enterprises,    52.5000,    52.5000,    50.1000,    51.9200,       2769,         35,              142559
VSWS,B,20260525,542812,,Gujarat Flurochemica,  3844.6500,  3870.0000,  3808.0000,  3830.8500,       1629,        266,             6260797
VSWS,B,20260525,542830,,Indian Railway Cater,   533.2000,   540.0000,   533.2000,   537.8000,     114956,       5570,            61721013
VSWS,B,20260525,542851,,Gensol Engineering,    18.7800,    19.5000,    18.7800,    18.7800,      52912,        305,              995671
VSWS,B,20260525,542852,,Vishwaraj Sugar Indu,     5.5000,     5.5000,     5.2600,     5.4300,      19677,        228,              106942
VSWS,B,20260525,542857,,Greenpanel Industrie,   196.6500,   201.6000,   191.9500,   198.4000,      17845,        450,             3512973
VSWS,B,20260525,542862,,Shahlon Silk Industr,    20.1300,    21.5000,    20.1300,    21.3700,      21658,         54,              443824
VSWS,B,20260525,542863,,Aditya Birla SL Nift,    55.4700,    56.5400,    55.4700,    56.4500,       1057,         29,               59253
VSWS,B,20260525,542865,,Anuroop Packaging,    14.8600,    14.8600,    13.3200,    14.7800,       7419,         48,              108097
VSWS,B,20260525,542866,,Colab Platforms,   153.5500,   153.5500,   153.5500,   153.5500,        656,         64,              100728
VSWS,B,20260525,542867,,CSB Bank,   360.4500,   367.0000,   360.4500,   365.3000,       9626,        240,             3514949
VSWS,B,20260525,542904,,Ujjivan Small Financ,    52.7100,    55.1700,    52.0200,    54.8800,    1032511,       5679,            55382363
VSWS,B,20260525,542905,,Hindware Home Innova,   247.6500,   247.6500,   234.3500,   237.5000,     207722,        145,            49344815
VSWS,B,20260525,542907,,Prince Pipes & Fitti,   279.7000,   282.0000,   270.7500,   271.5500,      31377,       1219,             8691011
VSWS,B,20260525,542909,,BHARAT Bond ETF 2030,  1564.0000,  1571.3500,  1561.7500,  1564.6200,        668,         47,             1044196
VSWS,B,20260525,542910,,Valencia Nutrition,    74.0000,    74.0000,    74.0000,    74.0000,       1500,          1,              111000
VSWS,B,20260525,542911,,Assam Entrade,   721.0000,   721.0000,   693.5000,   693.5000,        202,          8,              145287
VSWS,B,20260525,542918,,Gian Life Care,     6.2900,     6.2900,     5.8800,     5.8900,      12082,         26,               71861
VSWS,B,20260525,542919,,Artemis Medicare Ser,   285.0000,   291.7000,   280.1500,   287.6500,      21423,        660,             6119829
VSWS,B,20260525,542920,,Sumitomo Chemical I,   470.2500,   482.0000,   467.9500,   478.0500,      38031,       1394,            18067780
VSWS,B,20260525,542921,,ICICI Pru Nifty Midc,    23.4500,    23.7500,    23.3000,    23.4900,      38934,        194,              915399
VSWS,B,20260525,542922,,Mirae Ass Nif Next50,   718.1100,   729.0000,   712.3600,   727.8500,       2338,        124,             1699972
VSWS,B,20260525,542923,,Tranway21 Technologi,     4.1000,     4.1000,     4.0800,     4.0800,      20000,          2,               81800
VSWS,B,20260525,542934,,Chandra Bhagat Pharm,    38.0000,    41.8000,    38.0000,    40.0000,      34000,         15,             1359960
VSWS,B,20260525,543064,,Cohance Lifesciences,   424.8500,   439.8000,   422.3500,   434.8000,      88478,       3021,            38187505
VSWS,B,20260525,543066,,SBI Cards And Paymen,   625.3000,   632.0000,   623.5000,   630.3000,      48651,       1830,            30555945
VSWS,B,20260525,543171,,RO Jewels,     1.6200,     1.6200,     1.6200,     1.6200,      34424,         29,               55766
VSWS,B,20260525,543172,,Cospower Engineering,  1305.0000,  1314.1000,  1075.2000,  1163.7500,      10750,         35,            12576900
VSWS,B,20260525,543187,,Hitachi Energy India, 35740.6000, 36025.0000, 35040.3500, 35610.6500,       9242,       3513,           327642927
VSWS,B,20260525,543193,,DJ Mediaprint & Logi,    97.5000,    99.0000,    95.5900,    98.7000,      37736,        143,             3686479
VSWS,B,20260525,543194,,Nirmitee Robotics In,   115.0000,   115.0000,   115.0000,   115.0000,        900,          1,              103500
VSWS,B,20260525,543207,,Natural Biocon (I),     3.4500,     3.6100,     3.3200,     3.5900,      38461,         98,              131779
VSWS,B,20260525,543208,,Regis Industries,     2.2800,     2.3700,     2.2700,     2.3400,      22837,        102,               52992
VSWS,B,20260525,543209,,Billwin Industries,    25.8000,    25.8000,    25.8000,    25.8000,       3000,          1,               77400
VSWS,B,20260525,543210,,Aarti Surfactants,   380.8500,   398.0000,   380.8500,   396.0500,        612,        110,              240150
VSWS,B,20260525,543211,,Bonlon Industries,    44.0300,    47.6200,    44.0300,    46.1000,       8832,        151,              410857
VSWS,B,20260525,543212,,Borosil,   231.8500,   233.5000,   224.9500,   227.2000,       4414,        215,             1008435
VSWS,B,20260525,543213,,Rossari Biotech,   527.5000,   546.0000,   521.9500,   539.0500,       9436,        489,             5068093
VSWS,B,20260525,543214,,NDR Auto Components,   806.6000,   832.0000,   798.5000,   827.0000,       1479,        101,             1208149
VSWS,B,20260525,543216,,BHARAT Bond ETF - Ap,  1396.9300,  1396.9300,  1393.3500,  1393.3500,         14,         10,               19524
VSWS,B,20260525,543218,,Suratwwala Business,    26.4000,    28.1300,    25.0300,    26.7400,        583,         29,               15009
VSWS,B,20260525,543219,,ICICI Pru Nifty Alph,    26.6300,    27.0000,    26.6300,    26.9700,      36028,         77,              965495
VSWS,B,20260525,543220,,Max Healthcare Insti,  1025.0000,  1029.0000,   994.2500,  1000.6000,     480751,       7759,           481997170
VSWS,B,20260525,543221,,ICICI Pru Nifty IT,    32.2400,    32.4000,    32.0100,    32.1800,      12983,        124,              417956
VSWS,B,20260525,543223,,Max India,   157.9000,   157.9000,   152.2000,   157.5500,       2306,        303,              355343
VSWS,B,20260525,543224,,HDFC Nifty Banking E,    55.6300,    56.7900,    55.6300,    56.7400,     188748,        353,            10625771
VSWS,B,20260525,543226,,UTI NIFTY Bank ETF,    55.8800,    57.1800,    55.8800,    57.0400,    4961871,         45,           281337894
VSWS,B,20260525,543227,,Happiest Minds Techn,   370.7500,   376.1500,   370.6000,   373.0000,      24709,        880,             9227704
VSWS,B,20260525,543228,,Route Mobile,   514.3500,   523.7000,   511.3000,   516.9000,      11958,        470,             6201637
VSWS,B,20260525,543229,,Samrat Forgings,   200.0000,   200.0000,   193.2000,   193.2000,         86,          7,               16731
VSWS,B,20260525,543230,,Advait Energy Transi,  2054.9500,  2124.9000,  1993.6500,  2099.6500,       4336,        561,             8883499
VSWS,B,20260525,543231,,Archidply Decor,    78.9900,    78.9900,    78.9900,    78.9900,          1,          1,                  78
VSWS,B,20260525,543232,,Computer Age Mgmt Se,   769.2000,   781.6000,   765.8500,   769.6500,      49856,       1727,            38559368
VSWS,B,20260525,543233,,Chemcon Speciality C,   189.9500,   194.9500,   185.3500,   193.0500,      12053,        498,             2295038
VSWS,B,20260525,543234,,SecMark Consultancy,   118.7500,   122.6000,   118.7000,   122.6000,        918,          5,              109364
VSWS,B,20260525,543235,,Angel One,   344.3500,   348.6000,   342.5000,   346.5500,     604352,       9139,           209001930
VSWS,B,20260525,543236,,Atam Valves,    73.0000,    75.0000,    72.7000,    72.8900,        118,         15,                8713
VSWS,B,20260525,543237,,Mazagon Dock Shipbui,  2493.9500,  2503.4000,  2460.3000,  2472.0000,      39595,       3366,            98428275
VSWS,B,20260525,543238,,UTI Asset Management,   953.0500,   963.1500,   953.0500,   957.9000,       2052,        184,             1970245
VSWS,B,20260525,543239,,G M Polyplast,    65.0000,    65.0000,    65.0000,    65.0000,       4900,          1,              318500
VSWS,B,20260525,543240,,Likhitha Infrastruct,   200.2000,   211.0000,   198.6000,   210.7500,       3284,         71,              672625
VSWS,B,20260525,543241,,Veer Global Infracon,   142.5500,   148.5000,   142.5500,   144.0000,       5798,         42,              836628
VSWS,B,20260525,543242,,Hemisphere Propertie,   144.0000,   147.3000,   144.0000,   145.6000,      32366,        567,             4717223
VSWS,B,20260525,543243,,Equitas Small Financ,    67.1500,    68.3500,    66.8800,    68.1600,      70108,        877,             4754453
VSWS,B,20260525,543244,,Shine Fashions (I),    28.5000,    28.5000,    28.5000,    28.5000,      28000,          6,              798000
VSWS,B,20260525,543245,,Gland Pharma,  2375.5000,  2391.2500,  2319.6000,  2332.4500,      17002,       1706,            40148108
VSWS,B,20260525,543246,,Mirae Asst Nifty 100,    40.8500,    41.0800,    40.8500,    41.0600,       2536,         11,              103757
VSWS,B,20260525,543248,,Restaurant Brands As,    68.0000,    68.5000,    67.7000,    68.1100,      59451,        347,             4039320
VSWS,B,20260525,543249,,TARC,   131.0000,   136.0500,   131.0000,   133.3500,      21762,        242,             2902449
VSWS,B,20260525,543250,,M Oswal Nifty 5 Yr B,    63.1000,    63.4400,    63.1000,    63.1100,        400,          3,               25243
VSWS,B,20260525,543251,,Ravinder Heights,    39.0000,    39.5500,    37.0000,    37.3400,       4373,         45,              168201
VSWS,B,20260525,543252,,Fairchem Organics,   621.6500,   622.1000,   602.8000,   613.8000,        468,         69,              286645
VSWS,B,20260525,543253,,Mrs Bectors Food Spe,   182.2000,   182.2000,   178.5000,   178.9500,      31492,        647,             5651296
VSWS,B,20260525,543254,,Antony Waste Handlin,   476.0500,   482.2000,   470.5000,   471.8000,       6768,        282,             3219344
VSWS,B,20260525,543255,,Nippon INft InfraBee,   971.9000,   974.9900,   970.0100,   974.0100,        336,         94,              326907
VSWS,B,20260525,543256,,Rita Finance & Leasi,    17.0000,    17.0000,    16.3400,    16.9900,       3108,         15,               51537
VSWS,B,20260525,543257,,Indian Railway Fin C,    98.8500,   101.0000,    98.8500,   100.4500,    1351710,       9880,           135437074
VSWS,B,20260525,543258,,Indigo Paints,   999.7000,  1018.0000,   966.1000,   995.3000,      13932,       1318,            13799357
VSWS,B,20260525,543259,,Home First Finance C,  1079.6500,  1100.0000,  1066.1000,  1079.8000,     106105,        813,           114624051
VSWS,B,20260525,543260,,Stove Kraft,   561.9000,   561.9000,   552.0000,   553.8500,       3394,        141,             1884016
VSWS,B,20260525,543262,,MRP Agro,    88.0000,    89.6500,    83.0000,    89.0000,      23000,         23,             1996020
VSWS,B,20260525,543263,,SMC Global Securitie,    63.1900,    63.6200,    62.0000,    62.0900,       2989,         40,              186814
VSWS,B,20260525,543264,,Nureca,   276.7500,   276.7500,   269.0000,   271.4500,        169,         11,               45877
VSWS,B,20260525,543265,,RailTel Corporation,   325.2000,   330.0500,   323.5000,   328.5000,      64288,       1728,            21069593
VSWS,B,20260525,543266,,Heranba Industries,   193.1000,   194.6500,   189.0500,   189.7000,       2005,         91,              384332
VSWS,B,20260525,543267,,Davangere Sugar Co,     4.6400,     4.6400,     3.9800,     4.1000,   18167706,       2418,            74766549
VSWS,B,20260525,543268,,DRC Systems India,    14.3700,    15.4800,    14.3700,    15.1700,       6140,         35,               93051
VSWS,B,20260525,543270,,MTAR Technologies,  8199.0000,  8228.0000,  7817.2500,  7955.6500,     317551,      31217,          2551741495
VSWS,B,20260525,543271,,Jubilant Ingrevia,   740.8000,   740.8000,   719.1500,   731.2500,       7311,        580,             5323040
VSWS,B,20260525,543272,,Easy Trip Planners,     8.0400,     8.2100,     7.9600,     7.9900,    1115546,       1436,             8974929
VSWS,B,20260525,543273,,Knowledge Marine & E,  2126.0000,  2126.0000,  2020.7000,  2045.8000,       6884,        614,            14119874
VSWS,B,20260525,543275,,Anupam Rasayan India,  1396.8500,  1396.8500,  1342.8500,  1371.2500,      14305,        860,            19487415
VSWS,B,20260525,543276,,Craftsman Automation,  8870.8500,  8903.7500,  8630.0500,  8676.2500,       8244,        563,            72526447
VSWS,B,20260525,543277,,Laxmi Organic Indust,   154.4500,   157.7500,   153.0500,   154.4000,      22092,        727,             3435851
VSWS,B,20260525,543278,,Kalyan Jewellers Ind,   360.8000,   360.8000,   355.1500,   358.0000,     146974,       2931,            52581514
VSWS,B,20260525,543279,,Suryoday Small Fin,   159.6500,   164.6000,   159.6500,   161.6500,      10315,        228,             1682421
VSWS,B,20260525,543280,,Nazara Technologies,   286.0500,   292.7000,   282.9000,   290.6000,      46209,       2604,            13399261
VSWS,B,20260525,543281,,Suvidhaa Infoserve,     2.8700,     2.8700,     2.6600,     2.7000,      51451,         67,              139506
VSWS,B,20260525,543282,,Niks Technology,   413.2500,   435.0000,   413.2500,   417.6000,       1500,          4,              626400
VSWS,B,20260525,543283,,United Foodbrands,   464.4500,   508.5500,   462.2500,   502.7500,      52890,       2354,            25927779
VSWS,B,20260525,543284,,EKI Energy Services,    83.5000,    87.6100,    83.4900,    87.6100,      28865,        319,             2508981
VSWS,B,20260525,543285,,Rajeshwari Cans,    18.5000,    18.8600,    18.5000,    18.8500,      12400,         20,              232748
VSWS,B,20260525,543286,,Artemis ADR Marketpl,    64.3800,    67.0000,    64.3800,    67.0000,     192000,         12,            12753960
VSWS,B,20260525,543287,,Lodha Developers,   900.3000,   909.1500,   897.1000,   904.6500,     235243,       1487,           211820495
VSWS,B,20260525,543288,,Deep Industries,   476.9500,   484.0000,   467.1500,   468.5500,       9079,        547,             4310187
VSWS,B,20260525,543289,,Kuberan Global Edu S,    32.6500,    32.6500,    32.6500,    32.6500,       6000,          1,              195900
VSWS,B,20260525,543291,,Mirae Asset NYSE FAN,   196.4800,   196.4800,   196.4800,   196.4800,       4171,         65,              819518
VSWS,B,20260525,543292,,ICICI Pru Nifty Heal,   161.1500,   161.9100,   160.1500,   161.1500,       8718,        319,             1406221
VSWS,B,20260525,543298,,Vineet Laboratories,    35.6000,    36.0000,    35.4000,    35.4000,        832,          7,               29939
VSWS,B,20260525,543299,,Shyam Metalics & Ene,   958.9500,   978.3500,   939.7000,   963.1500,      18926,        966,            18176154
VSWS,B,20260525,543300,,Sona BLW Precision F,   599.9500,   603.3000,   592.8000,   594.2500,      60298,       2884,            36018795
VSWS,B,20260525,543306,,Dodla Dairy,  1077.7000,  1096.7500,  1063.0000,  1089.4000,       1119,        130,             1212643
VSWS,B,20260525,543308,,Krishna Institute of,   764.1000,   775.3000,   745.0000,   757.1500,      11752,        994,             8887731
VSWS,B,20260525,543310,,Times Green Energy (,    48.9900,    48.9900,    48.9900,    48.9900,       4000,          1,              195960
VSWS,B,20260525,543311,,India Pesticides,   172.3000,   181.7500,   172.1500,   176.2000,     166759,       2359,            29421521
VSWS,B,20260525,543312,,Focus Business Solut,   140.0000,   144.9500,   140.0000,   144.9500,       4266,          2,              607798
VSWS,B,20260525,543317,,G R Infraprojects,   940.0500,   952.4500,   938.0000,   946.4000,       1700,        235,             1608919
VSWS,B,20260525,543318,,Clean Science & Tech,   758.1000,   764.3000,   743.0000,   746.3500,      10951,       1227,             8246431
VSWS,B,20260525,543320,,Eternal,   244.0000,   249.2500,   244.0000,   247.7500,     849461,       9813,           210021586
VSWS,B,20260525,543321,,Tatva Chintan Pharma,  1183.4000,  1207.2000,  1178.1000,  1182.3500,       4029,        331,             4798708
VSWS,B,20260525,543322,,Alivus Life Sciences,  1045.0500,  1064.2000,  1033.0000,  1048.0000,      64684,        569,            67747810
VSWS,B,20260525,543323,,Mirae Asset Nifty Fi,    26.8500,    27.0800,    26.7400,    27.0500,      23567,         82,              633337
VSWS,B,20260525,543324,,Gretex Corporate Ser,   397.2000,   409.0000,   390.7000,   403.3500,       5735,        202,             2303237
VSWS,B,20260525,543325,,Rolex Rings,   145.3000,   147.5500,   143.1000,   143.8000,      46146,        667,             6701691
VSWS,B,20260525,543326,,ICICI Pru Nifty FMCG,    54.1900,    54.2300,    53.5800,    53.7600,      60257,        298,             3243328
VSWS,B,20260525,543327,,Exxaro Tiles,     6.6200,     6.7200,     6.6100,     6.6300,      23919,         66,              159357
VSWS,B,20260525,543328,,Krsnaa Diagnostics,   572.0000,   574.4500,   546.4500,   555.1500,       1666,        140,              933809
VSWS,B,20260525,543329,,Windlas Biotech,   800.0000,   804.8500,   770.1000,   787.3500,       5401,        357,             4197863
VSWS,B,20260525,543330,,Devyani Internationa,   114.8500,   117.3000,   114.8500,   116.0000,      59217,        893,             6887520
VSWS,B,20260525,543331,,Meghmani Organics,    50.4500,    51.6300,    50.4500,    51.1400,     202346,        740,            10368908
VSWS,B,20260525,543332,,Epigral,  1345.0000,  1345.0000,  1227.5500,  1243.3500,       2765,        560,             3432497
VSWS,B,20260525,543333,,CarTrade Tech,  1801.2000,  1812.7000,  1770.0000,  1789.6500,      33262,       2563,            59592054
VSWS,B,20260525,543334,,Nuvoco Vistas Corpor,   325.9000,   332.0000,   321.9500,   324.2500,       6849,        309,             2225740
VSWS,B,20260525,543335,,Aptus Value Hsg Fin,   261.2000,   267.3500,   261.2000,   262.3000,      40168,        635,            10615324
VSWS,B,20260525,543336,,Chemplast Sanmar,   238.1000,   246.2500,   237.6500,   244.9000,      17982,        897,             4357841
VSWS,B,20260525,543341,,Sharpline Broadcast,    10.6600,    11.9000,    10.6600,    10.7000,       1941,         17,               20793
VSWS,B,20260525,543348,,Axis NIFTY Healthcar,   162.8200,   162.8200,   158.6400,   159.6600,         24,          6,                3843
VSWS,B,20260525,543349,,Acutaas Chemicals,  2939.9500,  2956.0500,  2869.6500,  2920.0000,      39310,       2149,           113777227
VSWS,B,20260525,543350,,Vijaya Dignostic Cen,  1253.9500,  1253.9500,  1212.0000,  1219.3000,     154796,        632,           187969324
VSWS,B,20260525,543357,,Axis NIFTY India Con,   116.5800,   117.1100,   116.5800,   117.1100,         76,          3,                8882
VSWS,B,20260525,543358,,Sansera Engineering,  2904.3000,  2943.8000,  2860.9000,  2908.3000,      11070,        794,            32208423
VSWS,B,20260525,543363,,Prevest Denpro,   403.9500,   403.9500,   395.0000,   396.6500,       6600,         22,             2636700
VSWS,B,20260525,543364,,Markolines Pavement,   165.4500,   169.0000,   164.5000,   166.1500,      76925,        844,            12848648
VSWS,B,20260525,543365,,Mirae Asset S&P 500,    82.2300,    82.2300,    82.2300,    82.2300,        534,         12,               43910
VSWS,B,20260525,543366,,SBL Infratech,    42.1000,    42.1000,    42.1000,    42.1000,       1200,          1,               50520
VSWS,B,20260525,543367,,Paras Defence & Spac,   825.8500,   869.8000,   808.0500,   854.8000,     257179,       8093,           219613221
VSWS,B,20260525,543373,,Shri Venkatesh Refin,   254.9500,   254.9500,   254.9500,   254.9500,       1000,          1,              254950
VSWS,B,20260525,543374,,Aditya Birla SL AMC,  1011.7500,  1046.8500,  1008.5000,  1015.6000,      11629,       1073,            11981668
VSWS,B,20260525,543376,,Samor Reality,   103.0000,   103.0000,    95.9800,   100.3300,       1348,         38,              131862
VSWS,B,20260525,543378,,CWD,   287.7000,   290.0000,   280.0500,   282.3000,       3500,          7,             1001025
VSWS,B,20260525,543383,,ICICI Pru NIC ETF,   117.9700,   118.4800,   117.2700,   118.0200,        467,         14,               54951
VSWS,B,20260525,543384,,FSN E-Commerce Ventu,   277.8500,   281.0000,   267.7000,   270.0000,     449423,       5401,           123301566
VSWS,B,20260525,543386,,Fino Payments Bank,   128.8000,   128.8000,   123.9000,   125.3000,       5576,        167,              698465
VSWS,B,20260525,543387,,SJS Enterprises,  2010.0000,  2026.5500,  1979.0000,  2012.3500,       5857,        599,            11706078
VSWS,B,20260525,543388,,DSP Nifty 50 Equal W,   339.7600,   339.7600,   339.7600,   339.7600,         10,          1,                3397
VSWS,B,20260525,543389,,Sigachi Industries,    20.3800,    20.8700,    20.1000,    20.2100,      64757,        274,             1319942
VSWS,B,20260525,543390,,PB Fintech,  1817.2500,  1830.0000,  1786.6500,  1792.7500,       9305,       1345,            16812746
VSWS,B,20260525,543391,,Suyog Gurbax Funi Ro,   103.2500,   104.0000,   102.0000,   102.6500,       6750,          9,              696637
VSWS,B,20260525,543396,,One 97 Communication,  1120.2000,  1127.0000,  1094.0000,  1098.0500,     137073,       5159,           152348691
VSWS,B,20260525,543397,,Sapphire Foods India,   181.3000,   186.4500,   180.7500,   184.8500,      35019,       1402,             6439413
VSWS,B,20260525,543398,,Latent View Analytic,   327.3500,   331.9000,   320.7500,   321.8000,      32818,        768,            10691440
VSWS,B,20260525,543399,,Tarsons Products,   220.9500,   261.9000,   211.1500,   214.2000,      83654,       2704,            19846469
VSWS,B,20260525,543400,,Omnipotent Industrie,     3.4200,     3.4300,     3.2300,     3.3600,      26000,         10,               87720
VSWS,B,20260525,543401,,Go Fashion (India),   307.6000,   332.9500,   299.4000,   329.8000,      76783,       1455,            24802996
VSWS,B,20260525,543411,,Hi-Tech Pipes,    86.7600,    92.7500,    86.5000,    91.9700,     149597,       1525,            13579214
VSWS,B,20260525,543412,,Star Health & Allied,   523.0500,   531.0500,   518.7500,   526.0500,     398253,       1609,           209103776
VSWS,B,20260525,543413,,Tega Industries,  1604.4000,  1635.0000,  1599.9500,  1610.6500,       4043,        347,             6541513
VSWS,B,20260525,543414,,Mirae Asset HS TECH,    23.5400,    23.5400,    23.5400,    23.5400,      11872,         37,              279466
VSWS,B,20260525,543415,,Anand Rathi Wealth,  3779.5500,  3779.5500,  3583.0000,  3619.8000,       7973,        751,            28733966
VSWS,B,20260525,543416,,Zodiac Energy,   310.0000,   323.0000,   310.0000,   322.0000,       2085,         85,              661718
VSWS,B,20260525,543417,,RateGain Travel Tech,   728.1500,   744.1000,   698.8000,   725.7000,      82735,       2831,            60053979
VSWS,B,20260525,543418,,BHARAT Bond ETF-Ap32,  1301.3800,  1310.3400,  1301.3800,  1305.3000,        314,         19,              410385
VSWS,B,20260525,543419,,Shriram Properties,    87.0100,    95.0100,    85.4700,    91.0500,     445260,       3429,            40811258
VSWS,B,20260525,543420,,Jet Freight Logistic,    21.3500,    21.3500,    20.1700,    20.2200,      21245,         81,              435500
VSWS,B,20260525,543425,,C E Info Systems,   866.3500,   882.7500,   863.0000,   867.1000,      11582,        985,            10086029
VSWS,B,20260525,543426,,Metro Brands,  1078.6500,  1098.0000,  1061.8000,  1071.1000,     204577,        328,           218922145
VSWS,B,20260525,543427,,Medplus Health Servi,   899.0000,   905.5500,   876.7000,   899.4500,      13467,        649,            12074799
VSWS,B,20260525,543428,,Data Patterns (I),  4010.7000,  4148.5000,  3970.0000,  4093.7000,      89499,       7546,           365745375
VSWS,B,20260525,543433,,HP Adhesives,    36.2500,    36.7600,    35.4200,    36.1600,       2763,         77,              100132
VSWS,B,20260525,543434,,Supriya Lifescience,   772.6500,   787.1000,   756.3000,   766.1000,      23234,       1102,            17955282
VSWS,B,20260525,543437,,Motilal Oswal NasQ50,   137.0700,   137.0700,   137.0700,   137.0700,       1138,         17,              155985
VSWS,B,20260525,543438,,DSP Nifty Midc150 Ql,   246.6900,   246.6900,   242.9300,   242.9800,        211,         11,               51566
VSWS,B,20260525,543440,,DSP Nifty 50 ETF,   249.6400,   251.9000,   249.6400,   251.9000,       2094,         32,              526422
VSWS,B,20260525,543441,,CMS Info Systems,   308.3500,   314.0000,   305.0000,   310.4500,      13587,        584,             4217938
VSWS,B,20260525,543442,,Brand Concepts,   214.9000,   216.0000,   207.6000,   210.0500,        495,         25,              105959
VSWS,B,20260525,543443,,Ascensive Educare,    16.8000,    20.3500,    16.8000,    20.3500,     390000,         21,             6682500
VSWS,B,20260525,543449,,Wonder Electricals,    95.4000,    97.3500,    94.0000,    95.8500,      24919,        182,             2391393
VSWS,B,20260525,543450,,ICICI Pru Nifty Auto,    27.3500,    27.4600,    27.1000,    27.3200,      22261,        179,              607505
VSWS,B,20260525,543451,,AGS Transact Technol,     2.2500,     2.2500,     2.2500,     2.2500,       5760,         10,               12960
VSWS,B,20260525,543452,,ICICI Prudential Sil,   265.8200,   267.9300,   265.3600,   267.1000,     193608,       1975,            51710458
VSWS,B,20260525,543453,,Alkosign,    56.7500,    56.7500,    56.7500,    56.7500,       1125,          1,               63843
VSWS,B,20260525,543454,,Mirae Asset Nifty (I,   161.5100,   161.9800,   161.0300,   161.3800,        761,         36,              122941
VSWS,B,20260525,543458,,AWL Agri Business,   198.3000,   198.3000,   192.6500,   193.1000,      99682,       2521,            19408293
VSWS,B,20260525,543462,,Dev Information Tech,    29.3000,    30.5000,    28.8600,    29.2900,       5174,        114,              151426
VSWS,B,20260525,543463,,Vedant Fashions,   415.1000,   422.9500,   415.1000,   418.8000,       3554,        432,             1490451
VSWS,B,20260525,543464,,Maruti Interior Prod,    67.7200,    69.0000,    67.7200,    68.6000,      15000,         10,             1020880
VSWS,B,20260525,543465,,MO Nifty 200 Momentu,    61.2800,    62.7100,    61.2800,    62.4700,       7048,         53,              438260
VSWS,B,20260525,543470,,Softtech Engineers,   390.1000,   390.1000,   390.1000,   390.1000,         68,          1,               26526
VSWS,B,20260525,543471,,Aditya Birla SunLife,   265.3000,   267.7100,   265.3000,   266.9900,     126962,       1461,            33873641
VSWS,B,20260525,543472,,Aditya Birla SLN IT,    32.2500,    32.3300,    31.5000,    31.5000,        998,         30,               31659
VSWS,B,20260525,543473,,Aditya Birla SLNH ET,    15.7500,    16.2100,    15.7500,    16.1900,      31110,        179,              502662
VSWS,B,20260525,543474,,Aditya Birla SL NF 5,    27.6100,    28.0700,    27.6100,    28.0100,      43048,        692,             1202906
VSWS,B,20260525,543480,,ICICI Prud 5 Yr Benc,    64.4000,    64.5200,    64.3000,    64.5200,       2503,          3,              160943
VSWS,B,20260525,543481,,Mirae Asset Nifty MC,    23.0000,    23.3000,    23.0000,    23.1800,     148588,        460,             3439927
VSWS,B,20260525,543482,,Eureka Forbes,   468.6500,   469.0000,   462.3000,   466.6000,      11270,        644,             5250453
VSWS,B,20260525,543489,,Gateway Distriparks,    55.4500,    56.4000,    55.4500,    55.7900,      31500,        271,             1767647
VSWS,B,20260525,543490,,GMR Power & Urban In,   107.1000,   110.9000,   107.1000,   107.6000,     218278,       1500,            23801443
VSWS,B,20260525,543497,,Bhatia Colour Chem,    52.4700,    52.4700,    48.5500,    52.0500,      20800,         40,             1056660
VSWS,B,20260525,543498,,Motherson Sumi Wirin,    39.8900,    40.7500,    39.2700,    39.3200,    1613177,       3784,            64422315
VSWS,B,20260525,543499,,Achyut Healthcare,     5.8400,     5.9300,     5.4500,     5.7500,     125150,        307,              723159
VSWS,B,20260525,543500,,Evoq Remedies,     3.4500,     3.4500,     3.3000,     3.3100,      20000,          5,               67120
VSWS,B,20260525,543501,,M Oswal BSE Low Vol,    36.8500,    37.0400,    36.5400,    37.0300,         68,          8,                2514
VSWS,B,20260525,543512,,AVRO India,    10.4000,    11.4000,    10.1000,    11.3500,     220531,        547,             2411913
VSWS,B,20260525,543513,,Uma Exports,    25.9000,    25.9000,    24.8500,    25.8000,       1347,         25,               34208
VSWS,B,20260525,543514,,Veranda Learning Sol,   242.0500,   242.0500,   233.8000,   237.7500,       9585,        163,             2267989
VSWS,B,20260525,543515,,Sunrise Efficient Ma,    53.3000,    53.9800,    51.5100,    53.5100,      25125,         23,             1341078
VSWS,B,20260525,543516,,Dhyaani Tradeventtur,     4.6200,     4.9200,     4.6200,     4.6500,      92400,         16,              431844
VSWS,B,20260525,543517,,Hariom Pipe Industri,   401.1500,   413.1000,   375.9500,   413.1000,      93839,       2642,            36990571
VSWS,B,20260525,543518,,Eighty Jewellers,    35.0000,    35.0000,    35.0000,    35.0000,       3000,          1,              105000
VSWS,B,20260525,543519,,Shashwat Furnishing,    80.4000,    80.4000,    80.4000,    80.4000,       3000,          1,              241200
VSWS,B,20260525,543520,,Global Longlife Hosp,    12.5000,    12.7900,    11.8000,    11.8300,      51000,          7,              605780
VSWS,B,20260525,543522,,Nanavati Ventures,   103.2500,   104.0000,   103.2500,   103.9000,      47250,          8,             4895775
VSWS,B,20260525,543523,,Campus Activewear,   237.1000,   246.8500,   231.1000,   236.8000,      41445,       1222,             9944445
VSWS,B,20260525,543524,,Rainbow Children's M,  1364.3500,  1373.8500,  1316.6500,  1350.1000,      25826,       1798,            34628085
VSWS,B,20260525,543525,,Silver Touch Technol,   150.9500,   153.0000,   144.0000,   146.1500,      89811,        651,            13136510
VSWS,B,20260525,543526,,Life Insurance Corp,   825.5000,   846.1000,   822.0500,   837.2000,     406946,      11532,           340364066
VSWS,B,20260525,543527,,Prudent Corporate Ad,  2642.1000,  2695.8500,  2642.1000,  2683.5500,        367,         96,              983341
VSWS,B,20260525,543528,,Venus Pipes & Tubes,  1428.8500,  1450.0000,  1405.0500,  1421.4500,       4145,        358,             5932918
VSWS,B,20260525,543529,,Delhivery,   448.0500,   460.0000,   448.0500,   455.2000,     406101,       2376,           185232919
VSWS,B,20260525,543530,,Paradeep Phosphates,   128.7500,   131.4000,   126.5000,   128.6000,     183044,       1790,            23703543
VSWS,B,20260525,543531,,Tierra Agrotech,    39.5800,    45.4900,    39.5800,    42.4800,       7103,         26,              301440
VSWS,B,20260525,543532,,Ethos,  2401.7000,  2510.7500,  2401.7000,  2433.4000,       1444,        251,             3552623
VSWS,B,20260525,543533,,eMudhra,   472.9500,   486.7000,   471.3500,   484.2000,       1933,        316,              919071
VSWS,B,20260525,543534,,Aether Industries,  1058.3000,  1087.6500,  1058.3000,  1076.0500,      16113,       1270,            17307008
VSWS,B,20260525,543535,,WE WIN Ltd,    55.2500,    56.3700,    52.6500,    52.6900,       1283,         12,               70460
VSWS,B,20260525,543538,,Goel Food Products,    13.5300,    14.7700,    13.4800,    14.7700,       8000,          4,              110600
VSWS,B,20260525,543539,,Modis Navnirman,   352.1000,   352.1000,   342.5000,   342.5000,        893,         24,              307681
VSWS,B,20260525,543542,,Kesar India,  1250.2500,  1251.5000,  1241.5500,  1242.9500,      10200,         51,            12723820
VSWS,B,20260525,543543,,B-Right Realestate,   955.0000,   955.0000,   924.4000,   950.0000,       1600,          4,             1511760
VSWS,B,20260525,543544,,Jayant Infratech,    56.5500,    56.5500,    55.9000,    55.9000,       1500,          2,               84337
VSWS,B,20260525,543545,,Veerkrupa Jewellers,     0.7000,     0.7300,     0.6800,     0.7200,      83500,          5,               58951
VSWS,B,20260525,543546,,Healthy Life Agritec,     6.9600,     7.0100,     6.6200,     6.6200,     160000,         60,             1066460
VSWS,B,20260525,543547,,Ddev Plastiks Indust,   243.7500,   245.1500,   235.0000,   236.6000,      15768,        398,             3745518
VSWS,B,20260525,543563,,M Oswal BSE Health,    49.0300,    49.0300,    47.7500,    47.8700,       3434,         41,              166231
VSWS,B,20260525,543568,,ICICI Pru Nifty 200,    30.9400,    31.4000,    30.9400,    31.3100,      19140,        137,              598428
VSWS,B,20260525,543569,,HDFC Nifty 100 ETF,    25.6800,    25.9800,    25.6800,    25.7600,        400,         32,               10331
VSWS,B,20260525,543570,,HDFC Nifty Next 50 E,    71.7300,    72.4500,    71.3800,    71.8900,       5224,         42,              374944
VSWS,B,20260525,543571,,ICICI Prud Nifty Inf,    96.8400,    97.1900,    96.5600,    96.9400,       6987,        126,              676705
VSWS,B,20260525,543572,,DSP Silver ETF,   257.9400,   258.8100,   257.4900,   258.4300,       6658,        226,             1718173
VSWS,B,20260525,543573,,Syrma SGS Technology,  1045.6000,  1080.0000,  1036.9000,  1056.7500,     101631,       3965,           107807680
VSWS,B,20260525,543574,,AB SL Nifty 200 Q 30,    21.2000,    21.3000,    21.0600,    21.2000,       1832,         24,               38786
VSWS,B,20260525,543575,,AB SL Nfty 200 Momen,    30.7500,    31.2000,    30.7500,    31.1900,       3649,         28,              113669
VSWS,B,20260525,543576,,M Oswal BSE Enhanced,   117.1800,   118.5700,   116.9900,   118.3700,      10849,        186,             1275930
VSWS,B,20260525,543578,,Olatech Solutions,   108.0000,   109.9500,   106.1000,   107.8000,      19425,         21,             2094107
VSWS,B,20260525,543579,,Naturo Agrotech (I),     2.1700,     2.3900,     2.1700,     2.3900,      12000,          3,               26920
VSWS,B,20260525,543590,,Rhetan TMT,    29.0100,    29.6100,    29.0100,    29.5600,     160140,        523,             4710310
VSWS,B,20260525,543591,,Dreamfolks Services,    75.0100,    77.8300,    75.0100,    77.0200,       1693,        113,              130208
VSWS,B,20260525,543592,,HDFC Silver ETF,   257.8400,   257.8400,   255.2100,   256.2600,     165167,       1624,            42253863
VSWS,B,20260525,543593,,Dhampur Bio Organics,   104.9500,   107.7500,   103.5000,   106.0000,      14764,         90,             1558512
VSWS,B,20260525,543594,,Dipna Pharmachem,     7.9800,     7.9800,     7.4700,     7.5000,      15000,          5,              114510
VSWS,B,20260525,543596,,Tamilnad Mercantile,   684.5000,   692.3000,   682.3000,   684.1500,       5540,        414,             3805795
VSWS,B,20260525,543597,,Virtuoso Optoelectro,   348.0000,   358.8000,   340.0000,   353.9500,      29250,         79,            10308212
VSWS,B,20260525,543599,,Ksolves India,   286.4000,   288.9000,   283.7000,   288.1000,       2110,         84,              604383
VSWS,B,20260525,543600,,Harsha Engg Internat,   415.0000,   420.7000,   399.0000,   401.7500,      17001,        578,             6962072
VSWS,B,20260525,543605,,HDFC Nifty 100 Quali,    57.9300,    57.9300,    57.2100,    57.2100,        234,          3,               13534
VSWS,B,20260525,543606,,Containe Technologie,    25.4000,    25.4000,    25.4000,    25.4000,       2000,          2,               50800
VSWS,B,20260525,543607,,HDFC Nifty Growth Se,   114.0000,   114.5400,   113.0300,   114.1500,        645,         52,               73429
VSWS,B,20260525,543608,,HDFC Nfty50 Value 20,   128.3800,   128.7100,   127.5100,   128.7100,       3072,         12,              391786
VSWS,B,20260525,543614,,Tips Films,   380.2000,   405.0000,   380.2000,   395.0000,        950,         60,              377641
VSWS,B,20260525,543615,,Silicon Rental Solut,    83.1400,    83.1400,    79.3800,    83.0000,      12800,         15,             1048680
VSWS,B,20260525,543616,,Trident Lifeline,   250.0000,   259.8000,   249.9000,   253.4500,      39600,         66,             9989790
VSWS,B,20260525,543619,,Concord Control Syst,  2800.0000,  2800.0000,  2681.0000,  2705.0000,       4800,         23,            13141250
VSWS,B,20260525,543620,,Insolation Energy,   139.9000,   148.2500,   138.1500,   146.9500,     173234,       1366,            24872543
VSWS,B,20260525,543623,,Vedant Asset,    40.3600,    40.3600,    40.3600,    40.3600,      12000,          8,              484320
VSWS,B,20260525,543626,,Electronics Mart (I),   120.0000,   120.0000,   113.2000,   116.6000,      98263,       1128,            11350386
VSWS,B,20260525,543627,,HDFC Nifty 100 Low V,    20.1600,    20.3300,    20.1600,    20.3300,       1999,          4,               40304
VSWS,B,20260525,543628,,HDFC Nifty 200 Momen,    30.3400,    31.2000,    30.3400,    30.9900,       7570,         51,              235102
VSWS,B,20260525,543635,,Piramal Pharma,   176.7000,   180.6500,   175.1500,   179.3500,     145749,       2071,            26018072
VSWS,B,20260525,543636,,DC Infotech & Commun,   290.0000,   290.0000,   287.5500,   287.5500,        272,          9,               78527
VSWS,B,20260525,543637,,Pace E-Commerce Vent,    14.9400,    14.9900,    13.5700,    14.0300,      58800,         39,              846156
VSWS,B,20260525,543638,,Tracxn Technologies,    30.5600,    34.2700,    30.5600,    33.1600,       5709,         85,              190630
VSWS,B,20260525,543643,,Narmada Agrobase,    37.7400,    38.0700,    36.9000,    37.1000,      16211,        353,              605994
VSWS,B,20260525,543644,,InfoBeans Technologi,   152.3000,   156.5000,   150.7500,   155.3000,      25347,        431,             3920788
VSWS,B,20260525,543645,,Hindprakash Industri,   145.0000,   145.0000,   128.3000,   131.0000,        283,         16,               36823
VSWS,B,20260525,543650,,DCX Systems,   202.5000,   213.7000,   202.5000,   211.0500,     116341,       1727,            24442124
VSWS,B,20260525,543651,,DAPS Advertising,    19.6100,    23.3900,    19.6100,    23.3900,       8000,          2,              172000
VSWS,B,20260525,543652,,Fusion Finance,   180.0500,   182.2500,   175.2000,   176.1500,      13781,        516,             2454273
VSWS,B,20260525,543653,,Bikaji Foods Interna,   651.3500,   658.0000,   635.2000,   640.5500,      18622,       1167,            11936887
VSWS,B,20260525,543654,,Global Health,  1237.2500,  1267.4500,  1235.6500,  1248.4500,      38117,       1001,            47606325
VSWS,B,20260525,543656,,Technopack Polymers,    12.2500,    12.2500,    12.2500,    12.2500,       8000,          2,               98000
VSWS,B,20260525,543657,,Archean Chemical Ind,   534.0500,   548.2500,   530.0000,   544.1500,      20559,       2378,            11141843
VSWS,B,20260525,543663,,Five-Star Business F,   452.1000,   458.3500,   446.0000,   456.3000,      17625,       1360,             7958977
VSWS,B,20260525,543664,,Kaynes Technology I,  3389.9000,  3409.8000,  3300.0000,  3399.0500,     145179,      16311,           488736712
VSWS,B,20260525,543665,,HDFC Nifty IT ETF,    30.6200,    31.1600,    30.6200,    30.9800,       1361,         30,               42061
VSWS,B,20260525,543666,,HDFC Nifty Pvt Bank,    26.8800,    27.4400,    26.7000,    27.3200,      16712,         70,              455646
VSWS,B,20260525,543667,,Inox Green Energy Se,   180.0500,   186.6000,   176.8500,   178.0000,      79320,       1204,            14334154
VSWS,B,20260525,543668,,B&B Triplewall Conta,   198.0000,   198.0000,   198.0000,   198.0000,         10,          1,                1980
VSWS,B,20260525,543669,,Keystone Realtors,   395.8000,   404.0000,   394.0500,   400.2000,       1581,        246,              632211
VSWS,B,20260525,543670,,Vinny Overseas,     1.1200,     1.1400,     1.0500,     1.1000,     109769,         74,              120666
VSWS,B,20260525,543671,,AAA Technologies,    92.8800,    95.0000,    92.5800,    93.6300,        892,         28,               83894
VSWS,B,20260525,543677,,ICICI Pru Nif Fin Se,    32.5800,    33.0000,    32.3900,    32.8000,      25281,        166,              826437
VSWS,B,20260525,543678,,Ambo Agritec,    16.5100,    17.1000,    16.5100,    17.1000,       2000,          2,               33610
VSWS,B,20260525,543686,,Sirca Paints India,   421.3500,   426.2000,   418.8000,   420.7000,       9028,        230,             3809093
VSWS,B,20260525,543687,,Dharmaj Crop Guard,   271.0500,   272.0000,   269.1000,   269.2000,        517,         20,              139857
VSWS,B,20260525,543688,,Sarveshwar Foods,     3.7000,     3.7900,     3.7000,     3.7400,     252374,        327,              944106
VSWS,B,20260525,543689,,Uniparts India,   565.4000,   572.9500,   554.9000,   558.5000,       5738,        304,             3247800
VSWS,B,20260525,543700,,ICICIPru Nfty10 Benc,   258.0000,   258.0000,   256.0300,   256.0300,         53,          3,               13575
VSWS,B,20260525,543709,,PNGS Gargi Fashion J,   827.6000,   827.6000,   803.0000,   806.1500,       6750,         48,             5486631
VSWS,B,20260525,543710,,ICICI Pru Nfty Commo,   104.4100,   105.5700,   104.2900,   105.5300,       1541,         54,              161699
VSWS,B,20260525,543711,,Sula Vineyards,   162.0000,   162.9500,   158.8000,   159.5500,      31907,        610,             5103485
VSWS,B,20260525,543712,,Abans Financial Ser,   201.2000,   201.2000,   201.0000,   201.0000,       1051,         53,              211261
VSWS,B,20260525,543713,,Droneacharya Aerial,    39.2500,    39.3100,    37.7000,    38.3200,      74000,         74,             2834210
VSWS,B,20260525,543714,,Landmark Cars,   363.8000,   390.0000,   363.7500,   383.9500,       7252,        361,             2754085
VSWS,B,20260525,543720,,KFin Technologies,   829.0000,   837.2500,   821.3500,   829.1500,     151081,       2874,           125191831
VSWS,B,20260525,543725,,Elin Electronics,   118.7000,   124.0000,   117.0000,   120.6500,      15477,        316,             1866286
VSWS,B,20260525,543732,,Radiant Cash Mgnt Se,    40.0500,    41.8500,    40.0500,    41.6000,       2241,         62,               92996
VSWS,B,20260525,543738,,DSP Nifty Bank ETF,    56.6100,    56.6900,    56.1000,    56.3200,        480,         12,               26995
VSWS,B,20260525,543743,,Aeroflex Neu,    89.9200,    90.5300,    89.9200,    90.5300,        105,         25,                9444
VSWS,B,20260525,543745,,SVS Ventures,     8.8000,     9.7500,     8.1000,     8.4300,     912000,         72,             8188680
VSWS,B,20260525,543746,,Logica Infoway,   175.0000,   178.0000,   174.0000,   175.0000,      16200,         19,             2846400
VSWS,B,20260525,543747,,Kamdhenu Ventures,     5.2600,     5.5000,     5.2600,     5.3200,      79783,        176,              424843
VSWS,B,20260525,543748,,Aarti Pharmalabs,   715.0000,   739.4500,   715.0000,   733.5500,       8042,        598,             5873767
VSWS,B,20260525,543754,,Transvoy Logistics I,    90.0000,    95.0000,    83.7600,    83.7900,      17600,         20,             1544072
VSWS,B,20260525,543766,,Ashika Credit Capita,   379.9000,   379.9000,   362.2000,   367.5500,      51148,        633,            19044339
VSWS,B,20260525,543767,,Bodhi Tree Multimedi,     6.6200,     6.7000,     6.4100,     6.5000,       3358,         42,               21995
VSWS,B,20260525,543768,,NMDC Steel,    44.1400,    45.5900,    44.1400,    45.0300,     300000,       2168,            13494628
VSWS,B,20260525,543774,,HDFC BSE 500 ETF,    36.9000,    36.9300,    36.5000,    36.7200,        234,         16,                8615
VSWS,B,20260525,543775,,HDFC NIFTY Smallcap,   169.8400,   171.3000,   169.8400,   171.1900,      50972,        703,             8705192
VSWS,B,20260525,543776,,HDFC NIFTY Midcap 15,    22.5800,    23.1400,    22.5800,    23.0200,      31561,        202,              724730
VSWS,B,20260525,543781,,Mirae Asset Gold ETF,   153.9900,   153.9900,   152.5100,   153.3500,      20945,        376,             3210869
VSWS,B,20260525,543782,,Sealmatic India,   380.0000,   390.1000,   370.0000,   375.3500,      88740,        276,            33619698
VSWS,B,20260525,543787,,Macfos,  1147.5000,  1182.9500,  1131.1000,  1131.1500,       7425,         36,             8580016
VSWS,B,20260525,543798,,Patron Exim,     2.9000,     2.9000,     2.6600,     2.6700,      28000,          7,               77200
VSWS,B,20260525,543799,,S V J Enterprises,   379.0000,   395.0000,   379.0000,   395.0000,       2250,          3,              864750
VSWS,B,20260525,543805,,Resgen,    58.2500,    61.8900,    58.2500,    61.4500,       9000,         11,              541507
VSWS,B,20260525,543806,,ITCONS E-Solutions,   366.5000,   366.6000,   354.1000,   359.4000,       8600,         16,             3094750
VSWS,B,20260525,543811,,Airan,    16.4600,    16.7300,    16.2000,    16.4700,       1622,         19,               26796
VSWS,B,20260525,543812,,Divgi Torqtransfer S,   718.9500,   744.0000,   705.6000,   738.1500,       2497,        214,             1829148
VSWS,B,20260525,543813,,Aditya Birla SL Cris,   999.9900,   999.9900,   999.9900,   999.9900,        200,          2,              199998
VSWS,B,20260525,543819,,ICICI Prud Nifty PSU,    82.3400,    84.9200,    82.3400,    84.2900,      14776,        240,             1232802
VSWS,B,20260525,543828,,Sudarshan Pharma Ind,    33.8300,    34.7500,    31.8700,    34.2700,     140000,         29,             4702160
VSWS,B,20260525,543829,,Global Surfaces,    53.7200,    55.9600,    52.7900,    55.4600,       1478,        100,               79874
VSWS,B,20260525,543830,,Labelkraft Technolog,    63.0000,    63.0000,    63.0000,    63.0000,       2000,          1,              126000
VSWS,B,20260525,543831,,Bright Outdoor Media,   385.0000,   399.8000,   380.0000,   399.8000,       8625,          9,             3305418
VSWS,B,20260525,543848,,Dev Labtech Venture,    29.8500,    29.8500,    29.8500,    29.8500,       8000,          2,              238800
VSWS,B,20260525,543853,,Axis S&P BSE Sensex,    76.7500,    78.9200,    76.7500,    78.4000,        393,         13,               30807
VSWS,B,20260525,543860,,J A Finance,    88.0000,    88.0000,    88.0000,    88.0000,         89,          3,                7832
VSWS,B,20260525,543861,,Udayshivakumar Infra,    21.9900,    22.3800,    21.5000,    21.8500,        137,         11,                2954
VSWS,B,20260525,543874,,Maiden Forgings,    78.0000,    82.9000,    78.0000,    79.2300,       7000,          7,              550900
VSWS,B,20260525,543875,,Mirae Ass Nfty 8-13,    29.1300,    29.7100,    29.1300,    29.6800,         14,          3,                 410
VSWS,B,20260525,543895,,Exhicon Events Media,   468.0000,   479.7500,   455.1000,   457.1500,      38250,         96,            17685787
VSWS,B,20260525,543896,,Avalon Technologies,  1471.9500,  1535.2500,  1463.7000,  1511.9000,      32703,       2753,            49542619
VSWS,B,20260525,543898,,BEML Land Assets,   189.7500,   192.0000,   187.8500,   191.6500,       1019,         29,              193135
VSWS,B,20260525,543900,,UTI Silver ETF,   258.1800,   259.2600,   257.4600,   258.7100,      18448,        242,             4767989
VSWS,B,20260525,543901,,Robust Hotels,   196.0000,   196.0000,   196.0000,   196.0000,          2,          2,                 392
VSWS,B,20260525,543902,,Retina Paints,    51.1000,    51.1000,    48.0000,    48.7300,      14000,          7,              686060
VSWS,B,20260525,543903,,DSP Gold ETF,   152.5000,   153.6100,   152.5000,   153.1600,       1396,         60,              213805
VSWS,B,20260525,543904,,Mankind Pharma,  2501.1000,  2512.5000,  2440.1500,  2456.8000,      20677,       2614,            51061226
VSWS,B,20260525,543910,,AVG Logistics,   166.7000,   166.7000,   152.7500,   155.8500,       2967,         56,              464877
VSWS,B,20260525,543911,,Atal Realtech,    29.7600,    30.0800,    29.2400,    29.9100,      85761,        167,             2544237
VSWS,B,20260525,543912,,Power & Instrumentat,   103.4000,   105.7000,   102.7500,   104.9500,       2015,         59,              209830
VSWS,B,20260525,543914,,Swati Projects,    32.0000,    33.4900,    31.1200,    32.0100,       3988,         53,              127575
VSWS,B,20260525,543915,,Pavna Industries,    17.6500,    18.8700,    17.5200,    18.8700,       1959,         21,               35058
VSWS,B,20260525,543916,,Hemant Surgical Indu,   429.0000,   429.0000,   403.1000,   415.2000,      29600,         57,            12340780
VSWS,B,20260525,543917,,Sigma Solve,    38.0000,    39.9000,    37.7700,    38.2400,      15150,        222,              583535
VSWS,B,20260525,543918,,GHCL Textiles,    90.3000,    94.2000,    90.2500,    93.7200,       6866,        168,              632829
VSWS,B,20260525,543919,,M K Proteins,     5.0300,     5.1100,     4.8800,     5.0400,      33185,        153,              166507
VSWS,B,20260525,543920,,CFF Fluid Control,   768.0000,   773.9500,   747.1000,   753.9000,      14600,         61,            11082380
VSWS,B,20260525,543922,,Mirae Asset Silver E,   257.0000,   261.2400,   257.0000,   260.6600,      12952,        178,             3364291
VSWS,B,20260525,543923,,IKIO Technologies,   155.5000,   156.8500,   153.7000,   154.6500,       6569,        225,             1017277
VSWS,B,20260525,543924,,Sonalis Consumer Pro,    43.0000,    45.0100,    42.5200,    43.0400,      26000,         13,             1134140
VSWS,B,20260525,543926,,Bizotic Commercial,   717.0000,   717.0000,   706.9500,   710.6000,       5600,         11,             3981900
VSWS,B,20260525,543927,,Asian Warehousing,    43.8000,    43.8000,    33.4400,    34.0400,       2244,         27,               80867
VSWS,B,20260525,543928,,Cosmic CRF,  1059.0000,  1079.8000,   983.6500,   983.6500,      45900,        321,            46286100
VSWS,B,20260525,543929,,HMA Agro Industries,    24.1500,    24.8000,    24.1500,    24.5300,      24715,        239,              605164
VSWS,B,20260525,543930,,Uravi Defence & Tech,   119.3000,   121.5000,   118.5000,   120.4500,        601,         27,               71973
VSWS,B,20260525,543931,,Veefin Solutions,   341.1000,   347.8500,   324.9500,   330.1000,      49600,        164,            16486910
VSWS,B,20260525,543932,,Ideaforge Technology,   813.8000,   813.8000,   813.8000,   813.8000,      14267,        140,            11610484
VSWS,B,20260525,543933,,Cyient DLM,   426.0500,   441.0000,   418.3000,   437.4500,      20530,        622,             8896903
VSWS,B,20260525,543934,,Machhar Industries,   355.0000,   376.9000,   341.0500,   341.0500,        857,         23,              301395
VSWS,B,20260525,543935,,DSP Nifty IT ETF,    30.5600,    30.8000,    30.4900,    30.8000,        423,          9,               12964
VSWS,B,20260525,543936,,Senco Gold,   354.5000,   361.5000,   351.7500,   353.4500,      59377,       1562,            21190732
VSWS,B,20260525,543938,,Acceleratebs India,   140.0000,   140.0000,   140.0000,   140.0000,        640,          1,               89600
VSWS,B,20260525,543939,,Kaka Industries,   187.9000,   187.9000,   181.2500,   181.2500,      13500,         13,             2466400
VSWS,B,20260525,543940,,Jio Financial Servic,   241.0000,   243.6000,   240.2000,   241.8000,     647126,       4782,           156506339
VSWS,B,20260525,543941,,Ahasolar Technologie,    92.9900,    95.0000,    92.1500,    92.1500,       4000,         10,              373976
VSWS,B,20260525,543942,,Utkarsh Small Financ,    13.3100,    13.6400,    13.3100,    13.4100,     172702,        383,             2316441
VSWS,B,20260525,543943,,Asarfi Hospital,   193.0000,   197.9000,   193.0000,   196.9500,      12000,         12,             2354700
VSWS,B,20260525,543944,,Mirae Asset Nifty Ba,   559.4900,   563.5000,   559.4900,   563.5000,          8,          4,                4487
VSWS,B,20260525,543945,,Netweb Technologies,  3890.0000,  3909.7500,  3792.0000,  3844.2000,      70706,       6108,           271785748
VSWS,B,20260525,543946,,Mirae Asset Nfty 1 D,  1000.0000,  1000.0100,  1000.0000,  1000.0000,     101790,         27,           101790002
VSWS,B,20260525,543947,,DSP BSE Sensex ETF,    78.1600,    78.1600,    77.0300,    77.0700,        599,          4,               46600
VSWS,B,20260525,543948,,DSP Nifty PSU Bank,    82.3800,    84.1800,    82.3800,    83.7500,       2024,         26,              168043
VSWS,B,20260525,543949,,DSP Nifty Pvt Bank E,    27.3400,    27.3400,    26.8300,    27.2200,       4022,          7,              109230
VSWS,B,20260525,543950,,Yatharth Hosp & Trau,   870.0500,   889.8000,   801.0000,   820.1000,      93197,       4683,            78483606
VSWS,B,20260525,543952,,NIIT Learning System,   213.8000,   221.9500,   210.0000,   218.6500,      24489,        816,             5255270
VSWS,B,20260525,543953,,Khazanchi Jewellers,   637.4500,   648.0000,   633.0000,   642.9000,      27750,         63,            17777250
VSWS,B,20260525,543954,,Allcargo Terminals,    25.4600,    26.0400,    25.0100,    25.4000,       7245,        123,              186013
VSWS,B,20260525,543955,,Transindia Real Est,    24.3500,    25.4300,    24.3500,    24.7400,       1640,         56,               40554
VSWS,B,20260525,543956,,ICICI Pru Nfty 200 Q,    20.9000,    21.0100,    20.8600,    20.9200,       4444,         20,               92862
VSWS,B,20260525,543957,,Redtape,   135.6500,   136.0000,   130.5000,   132.5500,     101890,       5446,            13541661
VSWS,B,20260525,543958,,VL E-Governance & IT,    14.9000,    14.9000,    13.6200,    14.5700,       7933,         78,              113686
VSWS,B,20260525,543959,,SBFC Finance,    93.0000,    93.8300,    91.6200,    93.2600,      34314,        441,             3186439
VSWS,B,20260525,543960,,Concord Biotech,  1152.1500,  1180.0000,  1128.3000,  1133.3500,      10457,        759,            11943720
VSWS,B,20260525,543963,,Shelter Pharma,    30.5500,    30.9900,    30.5500,    30.6300,      15000,          5,              460590
VSWS,B,20260525,543965,,TVS Supply Chain Sol,   124.6000,   125.2000,   119.8000,   120.9500,      47405,        554,             5746767
VSWS,B,20260525,543969,,Pyramid Technoplast,   174.4000,   176.6000,   168.6000,   171.8500,       2778,        143,              478760
VSWS,B,20260525,543970,,Shoora Designs,    60.1500,    60.1500,    60.1500,    60.1500,       3000,          2,              180450
VSWS,B,20260525,543971,,Bondada Engineering,   352.0000,   352.8500,   335.0000,   340.0500,     141600,        482,            48511690
VSWS,B,20260525,543972,,Aeroflex Industries,   409.4000,   417.2500,   401.2500,   414.4000,     114958,       2382,            47040737
VSWS,B,20260525,543973,,HDFC Nifty 1D Rate L,  1061.9500,  1061.9500,  1061.9500,  1061.9500,       3126,          2,             3319655
VSWS,B,20260525,543974,,Vishnu Prakash R Pun,    40.8500,    41.9000,    40.6100,    41.3800,      24368,        236,             1008101
VSWS,B,20260525,543976,,Shradha AI Technolog,    27.0000,    27.6900,    26.5500,    26.9700,      14718,        201,              399420
VSWS,B,20260525,543977,,Rishabh Instruments,   519.0000,   562.9500,   518.4500,   550.4000,      29654,       1545,            16294179
VSWS,B,20260525,543978,,Ratnaveer Precision,   185.9000,   185.9000,   174.1500,   176.3500,     117623,        895,            20950087
VSWS,B,20260525,543980,,Jupiter Life Line Ho,  1355.0500,  1380.3000,  1340.9500,  1349.3000,       3343,        426,             4535746
VSWS,B,20260525,543981,,R R Kabel,  1994.3000,  2009.2000,  1956.0000,  1989.8500,      26557,       1528,            52798660
VSWS,B,20260525,543982,,Quest Flow Controls,   255.9500,   255.9500,   255.9500,   255.9500,       2800,         14,              716660
VSWS,B,20260525,543983,,EMS,   326.0500,   338.4000,   325.0000,   336.1500,      13728,        512,             4551708
VSWS,B,20260525,543984,,Samhi Hotels,   153.0000,   164.4500,   153.0000,   162.5000,     129929,       1645,            20749407
VSWS,B,20260525,543985,,Zaggle Prepaid Ocean,   219.0000,   219.7500,   213.0000,   217.2500,      48152,        948,            10408724
VSWS,B,20260525,543986,,South West Pinnacle,   259.4000,   262.3000,   240.6000,   244.1000,      20856,        527,             5169077
VSWS,B,20260525,543988,,Nuvama Wealth Manage,  1480.1500,  1518.8500,  1480.1500,  1503.7500,       5420,        648,             8165311
VSWS,B,20260525,543989,,Sai Silks (Kalamandi,   105.1500,   105.1500,   102.0000,   102.5500,      42464,        342,             4389899
VSWS,B,20260525,543990,,Signatureglobal (Ind,   819.8500,   842.4000,   809.3500,   813.8500,      21871,        719,            18073525
VSWS,B,20260525,543991,,Techknowgreen Soluti,   115.0000,   116.7500,   115.0000,   116.7500,       1200,          3,              138800
VSWS,B,20260525,543992,,Yatra Online,    96.3000,   103.8500,    96.3000,   101.6500,     241213,       1471,            24001726
VSWS,B,20260525,543993,,ARCL Organics,   174.7000,   174.7000,   168.0000,   171.0000,        575,         27,               98053
VSWS,B,20260525,543994,,JSW Infrastructure,   278.0500,   281.7000,   276.7000,   277.6500,     146507,       3212,            40854047
VSWS,B,20260525,543995,,Manoj Vaibhav Gems N,   163.1500,   163.1500,   149.0000,   152.4500,       8670,        264,             1330260
VSWS,B,20260525,543996,,Updater Services,   174.7500,   182.0000,   171.0000,   180.1500,      18392,        361,             3269816
VSWS,B,20260525,543997,,Organic Recycling Sy,   240.7000,   242.5000,   239.0000,   239.1500,      63600,         86,            15341730
VSWS,B,20260525,543998,,Valiant Laboratories,    77.5000,    80.0000,    75.0100,    78.5000,        916,         18,               71233
VSWS,B,20260525,543999,,Mirae Asset S&P BSE,    78.3800,    78.5000,    78.0700,    78.4900,       3666,         53,              287494
VSWS,B,20260525,544000,,City Crops Agro,    19.9900,    19.9900,    19.9900,    19.9900,       6000,          1,              119940
VSWS,B,20260525,544001,,Sunita Tools,   727.6000,   727.6000,   702.1000,   703.5000,      17250,        122,            12220206
VSWS,B,20260525,544002,,Vivaa Tradecom,    44.0000,    44.0000,    44.0000,    44.0000,       2000,          1,               88000
VSWS,B,20260525,544003,,Plaza Wires,    47.0000,    48.8800,    47.0000,    47.1500,       5675,         51,              271887
VSWS,B,20260525,544004,,IRM Energy,   276.3500,   285.1500,   271.8000,   274.8000,      40922,        644,            11442856
VSWS,B,20260525,544006,,Mirae Asset Nifty IT,    30.5200,    30.7800,    30.4000,    30.5100,      29976,         86,              915062
VSWS,B,20260525,544007,,Mirae Ass Nft 200 Al,    25.6200,    26.1500,    25.6200,    26.0600,      47003,        153,             1221650
VSWS,B,20260525,544008,,Max Estates,   420.0000,   445.0000,   419.9500,   438.7000,      26132,        372,            11489433
VSWS,B,20260525,544009,,Blue Jet Healthcare,   444.7000,   484.6000,   426.5000,   482.5000,     141645,       4069,            66642252
VSWS,B,20260525,544010,,SBI Nifty 1D Rate ET,   999.9900,   999.9900,   999.9900,   999.9900,         10,          1,                9999
VSWS,B,20260525,544012,,Cello World,   387.4500,   387.5000,   378.0000,   381.1500,      16484,        949,             6277156
VSWS,B,20260525,544014,,Honasa Consumer,   385.1000,   393.7500,   382.0500,   391.1000,     623235,      10329,           241747863
VSWS,B,20260525,544015,,Mish Designs,    36.3500,    38.1400,    36.3500,    38.1400,       1000,          2,               37245
VSWS,B,20260525,544020,,ESAF Small Finance B,    28.5500,    29.6300,    28.1000,    28.9800,      40668,        291,             1172615
VSWS,B,20260525,544021,,Protean eGov Technol,   650.2500,   658.0500,   628.2500,   630.6000,      63196,       2839,            40340624
VSWS,B,20260525,544022,,ASK Automotive,   457.3500,   458.2500,   451.0500,   452.4500,       6970,        313,             3168543
VSWS,B,20260525,544023,,Kalyani Cast-Tech,   622.0500,   641.1500,   622.0000,   639.9500,       6250,         23,             3953212
VSWS,B,20260525,544026,,Indian Ren Energy De,   130.1500,   132.4000,   129.2500,   129.6500,     471797,       3056,            61663041
VSWS,B,20260525,544027,,Fedbank Financial Se,   154.8500,   165.4000,   154.4500,   164.7000,     152482,       2064,            24776353
VSWS,B,20260525,544028,,Tata Technologies,   675.9500,   678.0000,   664.0500,   677.0500,      68844,       1867,            46326676
VSWS,B,20260525,544029,,Gandhar Oil Refinery,   166.6500,   171.9000,   166.5000,   170.8500,      60747,        710,            10300389
VSWS,B,20260525,544030,,Flair Writing Indust,   295.5500,   301.7000,   290.5000,   298.5000,      24688,        718,             7276282
VSWS,B,20260525,544035,,Swashthik Plascon,    21.8900,    21.8900,    19.0000,    20.4700,     193600,         29,             3935280
VSWS,B,20260525,544036,,Deepak Chemtex,    88.4000,    90.0000,    88.4000,    89.5500,       4000,          5,              358360
VSWS,B,20260525,544037,,Amic Forging,  1770.0000,  1799.8000,  1721.2000,  1743.6500,     167600,        812,           294952060
VSWS,B,20260525,544042,,Bajel Projects,   179.9000,   183.5000,   179.9000,   181.5000,       4394,        114,              799926
VSWS,B,20260525,544043,,Baroda BNP Paribas G,   154.5800,   154.5800,   151.1000,   151.7400,        270,         17,               40884
VSWS,B,20260525,544044,,India Shelter Financ,   785.6500,   789.7000,   777.0000,   779.7000,       1744,        210,             1361424
VSWS,B,20260525,544045,,DOMS Industries,  2208.7500,  2233.3000,  2192.7500,  2206.6000,       2882,        313,             6389469
VSWS,B,20260525,544046,,INOX India,  1453.4500,  1465.9500,  1430.4500,  1440.0500,       3669,        293,             5315579
VSWS,B,20260525,544047,,Siyaram Recycling In,    38.5400,    38.5400,    37.6500,    38.4400,     192000,         89,             7335285
VSWS,B,20260525,544053,,Motisons Jewellers,    11.8900,    12.0300,    11.6700,    11.7300,      89916,        319,             1060007
VSWS,B,20260525,544054,,Suraj Estate Develop,   218.8000,   226.3500,   218.8000,   223.2000,       2401,        106,              537259
VSWS,B,20260525,544055,,Muthoot Microfin,   184.4000,   184.9000,   176.0500,   178.3000,      21862,        570,             3936178
VSWS,B,20260525,544057,,Happy Forgings,  1410.0500,  1410.0500,  1358.8000,  1377.9000,       7140,        523,             9804469
VSWS,B,20260525,544058,,Credo Brands Marketi,    90.0100,    90.9200,    86.1000,    86.3500,      22693,        332,             1990730
VSWS,B,20260525,544059,,Shanti Spintex,    51.0000,    51.0000,    51.0000,    51.0000,       2000,          1,              102000
VSWS,B,20260525,544060,,RBZ Jewellers,   123.9000,   125.0500,   122.4000,   123.5500,       1246,         46,              153654
VSWS,B,20260525,544061,,Azad Engineering,  2067.3500,  2101.3500,  2031.9000,  2042.3500,      15081,        985,            30998057
VSWS,B,20260525,544066,,Sundaram Clayton,  1351.2000,  1381.5000,  1326.8000,  1377.7500,        531,         83,              717996
VSWS,B,20260525,544067,,Innova Captab,   864.9500,   882.6500,   834.8000,   850.5500,       2586,        319,             2215626
VSWS,B,20260525,544072,,AIK Pipes and Polyme,    25.5000,    25.6200,    25.0000,    25.6200,       2400,          3,               60896
VSWS,B,20260525,544073,,Manoj Ceramic,    66.1000,    71.3400,    64.5600,    70.0000,      17000,         13,             1162620
VSWS,B,20260525,544074,,Shri Balaji Valve Co,   109.0000,   110.1200,   109.0000,   109.7600,      11400,         18,             1252986
VSWS,B,20260525,544079,,Digidrive Distributo,    19.5500,    20.2000,    19.1100,    19.1100,       6424,         46,              124275
VSWS,B,20260525,544081,,Jyoti CNC Automation,   671.9000,   683.5000,   669.0500,   670.9500,      25004,       1004,            16923343
VSWS,B,20260525,544083,,Shree Marutinandan T,    58.5000,    60.0000,    58.1500,    58.1500,       1500,          3,               88325
VSWS,B,20260525,544088,,Medi Assist Healthca,   373.0000,   380.3000,   363.8500,   365.7500,      22337,        490,             8261157
VSWS,B,20260525,544089,,Zerodha Nifty 1D Rat,   114.2100,   114.2300,   114.2100,   114.2200,    1093874,        662,           124939274
VSWS,B,20260525,544090,,Sayaji Hotels (Pune),   842.0000,   842.0000,   834.8000,   834.8000,          6,          2,                5016
VSWS,B,20260525,544091,,Qualitek Labs,   384.0000,   417.3000,   384.0000,   410.0000,       3600,          9,             1468920
VSWS,B,20260525,544092,,Bajaj Finserv Nifty,   239.2000,   246.6100,   238.2000,   246.5000,        236,         18,               57761
VSWS,B,20260525,544093,,Bajaj Fin Nifty Bank,    55.0500,    56.2900,    53.9400,    55.8300,       1955,         44,              109052
VSWS,B,20260525,544094,,Euphoria Infotech (I,    36.6500,    36.6500,    36.6500,    36.6500,       1200,          1,               43980
VSWS,B,20260525,544095,,EPACK Durable,   236.2500,   238.0000,   232.6500,   234.8500,      36706,        535,             8622036
VSWS,B,20260525,544100,,Nova Agritech,    28.4800,    29.0500,    28.2000,    28.7200,       6776,        153,              193596
VSWS,B,20260525,544102,,UTI Nifty IT ETF,   301.7200,   304.6100,   301.7200,   304.6100,         86,          3,               26179
VSWS,B,20260525,544103,,UTI Nifty 5 Yr Bench,    64.4600,    64.4600,    64.4600,    64.4600,       4000,          2,              257840
VSWS,B,20260525,544106,,Mayank Cattle Food,   194.0000,   198.0000,   193.1500,   196.9000,      34800,         53,             6814950
VSWS,B,20260525,544107,,BLS E-Services,   211.5500,   213.8000,   208.0000,   211.6500,      13022,        184,             2732781
VSWS,B,20260525,544108,,Gabriel Pet Straps,   170.0000,   170.0000,   170.0000,   170.0000,       1800,          3,              306000
VSWS,B,20260525,544109,,DSP Nifty Healthcare,   158.7100,   158.7100,   158.3000,   158.3000,        461,          3,               73112
VSWS,B,20260525,544110,,HDFC Nifty PSU Bank,    82.9300,    83.2100,    82.7500,    83.2100,       1445,         41,              120062
VSWS,B,20260525,544111,,Apeejay Surrendra Pk,   118.1000,   122.9000,   118.1000,   122.1500,       6905,        233,              835176
VSWS,B,20260525,544112,,Jasch Gauging Techno,   518.0500,   528.3000,   515.5000,   518.0000,        984,         33,              512297
VSWS,B,20260525,544117,,Signpost India,   290.5500,   309.1500,   288.6500,   306.8000,       6553,        357,             1969763
VSWS,B,20260525,544118,,Jana Small Fin Bank,   454.4000,   481.8500,   449.3000,   479.8500,      21755,        588,            10262970
VSWS,B,20260525,544119,,Rashi Peripherals,   543.0500,   550.8500,   542.5500,   547.0500,       7672,        363,             4199955
VSWS,B,20260525,544120,,Capital Small Financ,   280.9500,   287.0000,   277.0000,   278.2500,        718,         82,              201697
VSWS,B,20260525,544121,,Rudra Gas Enterprise,    75.0000,    76.0000,    73.5800,    74.0700,       6000,          6,              447230
VSWS,B,20260525,544122,,Entero Healthcare So,  1370.0000,  1390.0000,  1273.2500,  1354.0500,       6722,        596,             9168671
VSWS,B,20260525,544123,,LIC MF Nifty Midcap,    61.9300,    62.4300,    61.8700,    62.2400,       1998,         28,              124236
VSWS,B,20260525,544124,,Vibhor Steel Tubes,   120.9000,   121.7000,   117.0000,   118.8500,       2118,        168,              252745
VSWS,B,20260525,544129,,Juniper Hotels,   198.7500,   201.5000,   194.6500,   197.8500,      82583,       1530,            16385804
VSWS,B,20260525,544130,,Mirae A N Scap 250 M,    44.9600,    45.6100,    44.9600,    45.5500,      77497,        215,             3526815
VSWS,B,20260525,544131,,GPT Healthcare,   140.0000,   143.9000,   139.0000,   140.1000,       1907,         81,              266982
VSWS,B,20260525,544132,,Zerodha Gold ETF,    24.8400,    24.9900,    24.7700,    24.8600,     467677,       1409,            11622525
VSWS,B,20260525,544133,,Exicom Tele-systems,   159.7000,   159.7000,   149.3500,   152.4000,     239259,       3737,            37000359
VSWS,B,20260525,544134,,Platinum Industries,   227.7500,   231.5000,   225.3000,   227.8500,       3502,        136,              796410
VSWS,B,20260525,544135,,Mukka Proteins,    22.3500,    23.2800,    22.3500,    23.1100,      16603,        167,              381776
VSWS,B,20260525,544136,,R K Swamy,    97.7000,    99.4600,    97.0100,    98.8500,        525,         72,               51643
VSWS,B,20260525,544138,,J G Chemicals,   399.8000,   415.1000,   398.3500,   406.2500,       6064,        255,             2460096
VSWS,B,20260525,544139,,Koura Fine Diamond J,    37.2600,    37.2600,    37.2600,    37.2600,       2000,          1,               74520
VSWS,B,20260525,544140,,Gopal Snacks,   292.3000,   297.9500,   292.1000,   292.7500,       3005,        125,              882261
VSWS,B,20260525,544141,,Pune E-Stock Broking,   286.9000,   288.5000,   280.0500,   282.3000,      12000,         12,             3421920
VSWS,B,20260525,544142,,Ship Corp Land & Ast,    45.5500,    46.4000,    45.5500,    45.9800,      48995,        409,             2254412
VSWS,B,20260525,544143,,Royal Sense,   141.7000,   141.7000,   141.7000,   141.7000,        500,          1,               70850
VSWS,B,20260525,544144,,Popular Vehicles & S,   108.8500,   108.8500,   106.0000,   106.0000,        294,         30,               31364
VSWS,B,20260525,544149,,Krystal Integrated S,   594.8000,   594.8000,   579.2500,   582.8500,        446,         51,              261442
VSWS,B,20260525,544150,,KP Green Engineering,   426.9000,   426.9000,   407.1000,   411.6000,      49750,        158,            20713225
VSWS,B,20260525,544151,,Chatha Foods,    70.8000,    70.8900,    69.0000,    70.8900,      13000,          8,              918660
VSWS,B,20260525,544156,,Gconnect Logi & Supp,    13.0000,    13.0000,    13.0000,    13.0000,       1500,          1,               19500
VSWS,B,20260525,544157,,Vruddhi Eng Works,   222.0000,   223.4500,   222.0000,   223.4500,       1000,          2,              222725
VSWS,B,20260525,544158,,SRM Contractors,   514.0000,   535.0000,   514.0000,   530.4000,      12750,        362,             6750918
VSWS,B,20260525,544159,,DSP BSE Liquid Rate,  1127.9500,  1127.9700,  1127.9500,  1127.9700,      16287,         28,            18371218
VSWS,B,20260525,544160,,Jay Kailash Namkeen,    39.2500,    40.5400,    38.9700,    40.5400,      73600,         45,             2947424
VSWS,B,20260525,544161,,D P Abhushan,   971.9500,   987.1000,   967.0000,   972.7000,        533,         66,              519830
VSWS,B,20260525,544162,,Bharti Hexacom,  1545.5500,  1560.5500,  1541.0000,  1545.9500,       5816,        657,             8995258
VSWS,B,20260525,544163,,Greenhitech Ventures,    70.1000,    70.1000,    70.0000,    70.0000,       5000,          3,              350200
VSWS,B,20260525,544165,,Shivam Chemicals,    95.1000,   109.0000,    95.1000,   107.5000,      27000,         15,             2817300
VSWS,B,20260525,544166,,Emmforce Autotech,   124.0000,   124.0000,   122.5000,   122.5000,       4800,          4,              589920
VSWS,B,20260525,544167,,JNK India,   392.0500,   399.2000,   376.2500,   380.3500,      28211,        942,            10902800
VSWS,B,20260525,544168,,Varyaa Creations,    29.9800,    29.9900,    29.9800,    29.9900,       2000,          2,               59970
VSWS,B,20260525,544169,,Amkay Products,    63.0000,    63.0000,    63.0000,    63.0000,       2000,          1,              126000
VSWS,B,20260525,544170,,Dolphin Kitchen Uten,    10.3000,    10.5300,    10.1000,    10.1000,      28000,         11,              285600
VSWS,B,20260525,544171,,Storage Techno & Aut,    40.4200,    40.4200,    38.1100,    38.1100,       6400,          8,              254232
VSWS,B,20260525,544172,,Indegene,   510.0000,   525.1000,   510.0000,   517.4000,       6330,        349,             3267800
VSWS,B,20260525,544174,,TBO Tek,  1205.9500,  1216.8500,  1191.0000,  1215.8000,       1287,        172,             1548845
VSWS,B,20260525,544175,,TGIF Agribusiness,    98.0000,   100.0000,    94.0100,    98.5200,       8400,          7,              820920
VSWS,B,20260525,544176,,Aadhar Housing Finan,   498.2000,   498.2000,   468.4500,   473.8500,       5229,        593,             2480826
VSWS,B,20260525,544177,,Aztec Fluids & Machi,    93.8000,    93.8000,    90.9000,    92.0000,       6000,          5,              557450
VSWS,B,20260525,544179,,Go Digit General Ins,   309.0000,   309.8500,   304.4000,   306.2500,       4260,        244,             1310219
VSWS,B,20260525,544180,,M A Nfty MidSCap400,    51.5000,    51.5000,    50.5600,    51.1600,     182736,        290,             9337893
VSWS,B,20260525,544181,,Awfis Space Solution,   346.8000,   375.7000,   340.8000,   359.8000,      75083,       1855,            27187340
VSWS,B,20260525,544182,,Bajaj F Nfty 1D RL,  1082.9500,  1082.9500,  1082.9300,  1082.9300,        306,          7,              331376
VSWS,B,20260525,544184,,Borosil Scientific,   138.6000,   141.0000,   137.3000,   137.9500,       7190,        150,              997599
VSWS,B,20260525,544185,,Adtech Systems,    57.1100,    62.4000,    57.1100,    61.0100,       1629,         49,               98582
VSWS,B,20260525,544186,,Forbes Precision Too,   170.0000,   181.0000,   162.0500,   166.0000,      56797,        800,             9760830
VSWS,B,20260525,544187,,Kronox Lab Sciences,   137.6500,   138.5000,   136.0000,   138.0500,       1773,         54,              243343
VSWS,B,20260525,544189,,Sattrix Information,   380.0500,   380.0500,   370.5000,   370.5000,       6000,          9,             2262475
VSWS,B,20260525,544191,,Purple Finance,    68.1600,    70.0000,    66.2600,    68.1100,      20253,         73,             1389800
VSWS,B,20260525,544192,,Le Travenues Techno,   174.2000,   177.8500,   173.8000,   177.2500,     123029,       1436,            21707186
VSWS,B,20260525,544193,,Zerodha Nifty Midcap,    11.2900,    11.5300,    11.2600,    11.3800,     125575,        566,             1423511
VSWS,B,20260525,544194,,Zerodha Nifty 100 ET,    10.3000,    10.5000,    10.2900,    10.4400,      79943,        189,              831092
VSWS,B,20260525,544195,,United Cotfab,    17.0000,    17.0000,    17.0000,    17.0000,       4000,          2,               68000
VSWS,B,20260525,544196,,Baroda BNP Paribas N,    54.9800,    55.7100,    54.9800,    55.7100,         43,          3,                2388
VSWS,B,20260525,544197,,JHS Svendgaard Retai,    21.7000,    21.7000,    19.2600,    21.6800,        601,          3,               12303
VSWS,B,20260525,544198,,Dee Development Engi,   549.6000,   549.6000,   534.3000,   549.6000,      29910,        256,            16434534
VSWS,B,20260525,544199,,GEM Enviro Managemen,    42.6700,    43.3100,    41.8000,    43.1600,      12000,         15,              511424
VSWS,B,20260525,544200,,Akme Fintrade (India,     9.2500,     9.5300,     9.0700,     9.4500,     170111,        118,             1595111
VSWS,B,20260525,544201,,Dindigul Farm Produc,    18.3900,    20.0000,    18.3900,    19.2000,      40000,         17,              762540
VSWS,B,20260525,544202,,Stanley Lifestyles,   160.0500,   168.2000,   160.0000,   163.7500,      18044,        583,             2975619
VSWS,B,20260525,544203,,Allied Blenders & Di,   539.0000,   547.4500,   534.1000,   536.0000,      30266,        821,            16372537
VSWS,B,20260525,544204,,Vraj Iron & Steel,   123.0500,   124.3500,   121.2500,   123.9000,       1647,         82,              202549
VSWS,B,20260525,544205,,National Peroxide,   613.9500,   613.9500,   594.5000,   605.4500,        952,         68,              572074
VSWS,B,20260525,544206,,SBI Silver ETF,   261.8300,   262.7500,   261.0600,   262.3300,      71068,        717,            18620850
VSWS,B,20260525,544207,,Reliable Data Servic,   130.8500,   133.2000,   130.4000,   131.9000,        437,         28,               57813
VSWS,B,20260525,544209,,Bansal Wire Industri,   316.1500,   322.4000,   315.3000,   321.8500,       1563,         63,              498732
VSWS,B,20260525,544210,,Emcure Pharmaceutica,  1713.0000,  1740.0500,  1708.8000,  1736.7000,       2630,        666,             4540255
VSWS,B,20260525,544212,,Mirae A Nifty EV & N,    30.7800,    30.8800,    30.5000,    30.6100,      12321,         96,              377935
VSWS,B,20260525,544213,,Aelea Commodities,   159.9000,   165.0000,   155.0000,   156.8000,      67200,        110,            10739820
VSWS,B,20260525,544214,,Three M Paper Boards,    26.9000,    26.9000,    25.6500,    26.7500,      56000,         16,             1494560
VSWS,B,20260525,544215,,SBI Nifty50 Equal We,    32.0600,    34.0000,    32.0600,    33.2300,       2877,         69,               94812
VSWS,B,20260525,544216,,ICICI Pru Nifty Oil,    11.6100,    11.7800,    11.6000,    11.6800,     181596,        514,             2116675
VSWS,B,20260525,544217,,Sanstar,   117.9300,   118.4600,   102.8000,   103.8100,     148647,       1354,            15922341
VSWS,B,20260525,544218,,Aditya Birla SL Nify,    10.7700,    10.9900,    10.6400,    10.8800,       5656,         76,               61352
VSWS,B,20260525,544219,,VVIP Infratech,   116.7000,   119.0000,   113.0000,   114.2000,      23400,         23,             2749650
VSWS,B,20260525,544221,,Kizi Apparels,    14.1200,    14.1200,    14.1200,    14.1200,       3000,          1,               42360
VSWS,B,20260525,544222,,Akums Drugs & Pharma,   531.0000,   531.8000,   515.3000,   521.0000,      11205,        544,             5852200
VSWS,B,20260525,544223,,Ceigall India,   339.0000,   349.5000,   338.4500,   341.2500,      11597,        494,             3982007
VSWS,B,20260525,544224,,Afcom Holdings,   921.0000,   956.0000,   903.0000,   945.2000,     129720,        661,           120305136
VSWS,B,20260525,544225,,Ola Electric Mobilit,    36.5000,    38.1500,    36.3500,    37.9000,    9544800,      15888,           356017635
VSWS,B,20260525,544226,,Brainbees Solutions,   235.2000,   237.6000,   231.7500,   232.7500,      67376,       1228,            15745151
VSWS,B,20260525,544227,,Unicommerce ESolutio,    86.1000,    90.5000,    86.1000,    88.7300,      25331,        336,             2238421
VSWS,B,20260525,544229,,ICICI Pru Nifty Meta,    13.6500,    13.6500,    13.2600,    13.4100,     407104,       1005,             5452534
VSWS,B,20260525,544230,,Saraswati Saree Depo,    62.2100,    62.6000,    60.8800,    62.4000,       1892,         33,              117513
VSWS,B,20260525,544232,,Interarch Building S,  1797.1000,  1828.0000,  1771.0000,  1818.9000,       4226,        361,             7563486
VSWS,B,20260525,544235,,Orient Technologies,   275.3000,   282.3000,   275.3000,   279.2000,       9700,        275,             2706159
VSWS,B,20260525,544236,,Resourceful Automobi,    56.6100,    59.4900,    56.6100,    59.4600,       4800,          4,              282024
VSWS,B,20260525,544238,,Premier Energies,   995.0000,  1005.2500,   977.1500,   984.1500,     195998,      53230,           193260303
VSWS,B,20260525,544239,,Ecos (I) Mobility &,   132.5000,   138.0000,   132.5000,   136.7500,      14282,        336,             1931866
VSWS,B,20260525,544240,,Raymond Lifestyle,   713.0000,   734.1000,   712.7000,   728.8500,      10022,        476,             7261161
VSWS,B,20260525,544241,,Mirae A N500 Mcap 50,    15.9200,    16.2500,    15.9200,    16.2400,      20756,         60,              336243
VSWS,B,20260525,544242,,Travels & Rentals,    20.1400,    20.1400,    20.1400,    20.1400,       9000,          3,              181260
VSWS,B,20260525,544243,,Baazar Style Retail,   340.5500,   350.9000,   340.1000,   345.8500,      10376,        246,             3593874
VSWS,B,20260525,544244,,Gala Precision Engin,   880.6500,   884.4500,   852.6500,   877.7500,       2792,        320,             2444489
VSWS,B,20260525,544245,,Naturewings Holidays,    85.0000,    85.0000,    85.0000,    85.0000,       1600,          1,              136000
VSWS,B,20260525,544246,,Revathi Equipment In,   698.0000,   837.6000,   698.0000,   801.7500,       4576,        434,             3707665
VSWS,B,20260525,544247,,DSP Nifty Top 10 Equ,    87.8000,    88.3200,    87.7300,    88.1100,       8299,        110,              730243
VSWS,B,20260525,544248,,Mach Travel Solution,   138.5500,   143.7500,   138.0000,   143.7500,       3000,          3,              418440
VSWS,B,20260525,544249,,Shree Tiru Bala Agro,    30.5000,    31.3000,    30.0000,    30.4000,       2886,         73,               88246
VSWS,B,20260525,544250,,Sanofi Consumer Heal,  4722.9000,  4722.9000,  4582.0000,  4609.2500,        397,        126,             1836606
VSWS,B,20260525,544251,,Share Samadhan,    37.5500,    39.6700,    37.5500,    38.5100,       6400,          4,              245264
VSWS,B,20260525,544252,,Bajaj Housing Financ,    83.1300,    84.0200,    82.9400,    83.3100,     637482,       6878,            53075350
VSWS,B,20260525,544253,,Kross,   190.0000,   194.9000,   190.0000,   192.9000,      13120,        377,             2526890
VSWS,B,20260525,544254,,Tolins Tyres,   112.6000,   112.6000,   105.1000,   106.5000,       4116,        113,              438195
VSWS,B,20260525,544256,,P N Gadgil Jewellers,   520.3000,   533.0000,   520.3000,   527.5500,      12328,        567,             6469775
VSWS,B,20260525,544257,,Sodhani Academy of F,   188.9500,   188.9500,   174.9500,   174.9500,       1500,          3,              269450
VSWS,B,20260525,544258,,Western Carriers (In,    97.7000,   100.1000,    97.7000,    98.6000,       1814,         78,              180671
VSWS,B,20260525,544259,,Popular Foundations,    26.5000,    26.5000,    26.5000,    26.5000,       3000,          1,               79500
VSWS,B,20260525,544260,,Northern Arc Capital,   280.0500,   291.7000,   280.0500,   286.4500,      28140,        604,             8055809
VSWS,B,20260525,544261,,Arkade Developers,   115.6500,   119.9500,   114.6000,   119.2500,      14628,        204,             1720887
VSWS,B,20260525,544262,,Manba Finance,   107.4500,   109.0500,   105.5500,   107.5500,       5905,         90,              628305
VSWS,B,20260525,544263,,KRN Heat Exchanger &,  1121.0000,  1159.0000,  1066.0000,  1081.5500,      15957,        913,            17737405
VSWS,B,20260525,544264,,Diffusion Engineers,   323.9000,   334.0000,   320.0000,   326.1000,       4443,        193,             1459775
VSWS,B,20260525,544265,,Nexxus Petro Industr,    87.5000,    87.5000,    87.5000,    87.5000,       4800,          1,              420000
VSWS,B,20260525,544266,,Mirae Asset Nifty PS,    82.2300,    83.3000,    82.2100,    83.0100,        828,         20,               68575
VSWS,B,20260525,544267,,Subam Papers,   218.0000,   218.0500,   214.1000,   215.5500,       6400,          7,             1388960
VSWS,B,20260525,544268,,Mirae Asset Nifty Me,    13.2800,    13.7000,    13.2800,    13.4400,     273452,        525,             3664011
VSWS,B,20260525,544269,,Neopolitan Pizza & F,     8.0800,     8.0800,     8.0800,     8.0800,      18000,          3,              145440
VSWS,B,20260525,544270,,Khyati Global Ventur,    57.5900,    57.5900,    57.5900,    57.5900,       1200,          1,               69108
VSWS,B,20260525,544271,,Garuda Const & Engin,   171.3000,   173.7500,   171.0000,   171.5500,      30465,        433,             5250254
VSWS,B,20260525,544272,,Shiv Texchem,   144.7500,   146.8500,   144.7500,   146.8500,       8800,         20,             1284380
VSWS,B,20260525,544273,,Mangalam Global Ente,    13.8400,    13.8400,    12.9000,    13.2100,      31122,        140,              410459
VSWS,B,20260525,544274,,Hyundai Motor India,  1855.3500,  1904.0000,  1855.3500,  1886.9000,      61206,       5167,           115573567
VSWS,B,20260525,544275,,ICICI Pru Nfty200 Va,    15.8900,    16.0800,    15.6000,    15.9400,      26795,        121,              425554
VSWS,B,20260525,544276,,Deepak Builders & En,    76.8300,    79.0000,    76.3700,    77.3500,        656,         36,               50808
VSWS,B,20260525,544277,,Waaree Energies,  3010.8000,  3028.4000,  2975.0000,  2984.8500,      85638,       7283,           256694136
VSWS,B,20260525,544278,,OCCL,   118.6900,   123.9200,   113.0000,   114.2200,     124969,       1024,            14749029
VSWS,B,20260525,544279,,Godavari Biorefineri,   313.0000,   313.0500,   291.0000,   293.0000,      29277,        974,             8759471
VSWS,B,20260525,544280,,Afcons Infrastructur,   300.0500,   305.7000,   300.0500,   303.2500,      17426,        314,             5281614
VSWS,B,20260525,544281,,A B Infrabuild,    15.6000,    15.6000,    12.6600,    13.3600,      26088,        162,              347960
VSWS,B,20260525,544282,,Sagility,    41.6000,    41.9500,    41.3500,    41.8200,    1194095,       3098,            49786956
VSWS,B,20260525,544283,,ACME Solar Holdings,   293.8500,   303.3500,   287.0000,   301.0000,     194042,       5827,            57807970
VSWS,B,20260525,544284,,Mirae A Nfty 1D R L,  1086.7800,  1086.8000,  1086.7800,  1086.7800,       3029,         38,             3291869
VSWS,B,20260525,544285,,Swiggy,   251.5000,   254.7000,   249.4500,   250.0500,     300610,       3435,            75560805
VSWS,B,20260525,544286,,Niva Bupa Health Ins,    86.7300,    86.7300,    83.5800,    84.9500,    1430142,       1066,           121477999
VSWS,B,20260525,544288,,BlackBuck,   503.6500,   527.2000,   498.0000,   515.1000,      44389,       1888,            22857951
VSWS,B,20260525,544289,,NTPC Green Energy,   104.3500,   104.3500,   100.1000,   102.0000,    2119181,       9817,           215208775
VSWS,B,20260525,544290,,Enviro Infra Enginee,   188.4000,   213.4000,   188.4000,   209.9500,     449948,       5380,            93414163
VSWS,B,20260525,544291,,Rajesh Power Service,   859.0000,   859.0000,   840.0000,   843.4500,      47600,        388,            40353545
VSWS,B,20260525,544292,,Onesource Spec Pharm,  1834.9500,  1844.9500,  1781.3000,  1809.3000,      19070,       2010,            34391875
VSWS,B,20260525,544293,,Suraksha Diagnostic,   316.0500,   316.0500,   297.0000,   298.3500,       3509,        177,             1059101
VSWS,B,20260525,544294,,Rossell Techsys,   928.5000,  1081.1500,   928.5000,  1020.4500,      84346,       4348,            86351513
VSWS,B,20260525,544296,,Nisus Finance Servic,   218.7500,   218.7500,   204.0000,   205.9000,      32400,         70,             6778000
VSWS,B,20260525,544301,,Odigma Consultancy S,    27.0300,    27.6000,    26.0000,    26.0000,      17123,        190,              455268
VSWS,B,20260525,544302,,Innovana Thinklabs,   380.8000,   380.8000,   348.2000,   350.0000,       2664,        106,              940275
VSWS,B,20260525,544303,,Toss The Coin,   242.5000,   242.5000,   210.5500,   226.0500,       7800,         12,             1705275
VSWS,B,20260525,544305,,One Mobikwik Systems,   195.6500,   196.6000,   190.5500,   191.2500,      62691,        640,            12100426
VSWS,B,20260525,544306,,Sai Life Sciences,  1121.0000,  1185.0000,  1107.7000,  1177.9000,      35591,       1359,            41102674
VSWS,B,20260525,544307,,Vishal Mega Mart,   123.0500,   123.0500,   119.8500,   121.1000,    1677993,       2040,           202050226
VSWS,B,20260525,544308,,Hilltone Software &,    48.5000,    49.9900,    46.5000,    48.0000,       2084,         17,               99405
VSWS,B,20260525,544309,,Inventurus Knowledge,  1619.2000,  1659.0000,  1609.0000,  1648.7500,      13276,       1797,            21630226
VSWS,B,20260525,544310,,Yash Highvoltage,   750.0000,   793.0000,   740.8000,   749.8500,     193000,        393,           146347362
VSWS,B,20260525,544311,,International Gemolo,   375.3500,   385.1500,   372.7000,   374.1000,      43388,       2287,            16432162
VSWS,B,20260525,544313,,NACDAC Infrastructur,    29.3500,    29.3500,    29.3500,    29.3500,       4000,          1,              117400
VSWS,B,20260525,544314,,Sanathan Textiles,   407.8000,   412.4500,   398.2500,   402.9500,        895,         59,              360336
VSWS,B,20260525,544315,,Concord Enviro Syste,   274.1500,   294.0000,   273.6500,   279.8000,       4738,        229,             1339887
VSWS,B,20260525,544316,,DAM Capital Advisors,   157.9500,   158.0000,   152.0500,   152.9000,      99041,       1070,            15319573
VSWS,B,20260525,544317,,Transrail Lighting,   508.1000,   515.3500,   497.7000,   510.7500,      62702,       1579,            31761344
VSWS,B,20260525,544318,,Mamata Machinery,   407.0500,   428.5000,   405.0000,   415.4500,      21083,        720,             8794164
VSWS,B,20260525,544319,,Senores Pharmaceutic,  1113.3500,  1157.8500,  1113.3500,  1151.1000,      74304,       1024,            84736600
VSWS,B,20260525,544320,,Carraro India,   595.0500,   619.0000,   595.0500,   608.1000,      17511,       1254,            10667833
VSWS,B,20260525,544321,,Ventive Hospitality,   619.5000,   631.7500,   606.7500,   629.5500,       1537,        108,              951236
VSWS,B,20260525,544322,,Unimech Aerospace &,   937.4000,   975.0000,   937.4000,   952.1000,       5604,        379,             5365119
VSWS,B,20260525,544323,,Mirae A Nfty I New A,    10.9500,    11.0900,    10.9500,    11.0300,       9037,         36,               99787
VSWS,B,20260525,544324,,Citichem India,    18.5000,    18.5000,    18.5000,    18.5000,       2000,          1,               37000
VSWS,B,20260525,544325,,ITC Hotels,   156.4000,   157.2500,   155.5500,   156.3000,     115916,       2168,            18111221
VSWS,B,20260525,544326,,Edelweiss BSE Cap M,    25.1800,    25.1800,    24.8000,    25.0300,       1453,         30,               36228
VSWS,B,20260525,544327,,Technichem Organics,    43.3300,    43.3300,    43.3200,    43.3200,      20000,          9,              866420
VSWS,B,20260525,544328,,Indo Farm Equipment,   129.1000,   132.7000,   127.6000,   131.5000,      24611,        532,             3204000
VSWS,B,20260525,544329,,Leo Dryfruits & Spic,    50.1000,    54.0000,    48.5100,    48.5100,      28000,         14,             1425300
VSWS,B,20260525,544330,,Parmeshwar Metal,   195.0000,   200.0000,   195.0000,   199.9000,      14000,          7,             2788200
VSWS,B,20260525,544331,,Davin Sons Retail,    36.9000,    36.9000,    36.9000,    36.9000,       4000,          2,              147600
VSWS,B,20260525,544332,,Fabtech Tech Clean,   339.7000,   360.0000,   335.0000,   356.5000,      23200,         49,             7990120
VSWS,B,20260525,544333,,Standard Engineering,   132.5000,   137.1000,   132.1000,   136.3000,       6520,        130,              874498
VSWS,B,20260525,544334,,Indobell Insulations,    58.3100,    58.3100,    58.3100,    58.3100,       3000,          3,              174930
VSWS,B,20260525,544335,,B R Goyal Infrastruc,   121.0000,   121.8000,   121.0000,   121.8000,       3000,          3,              363800
VSWS,B,20260525,544336,,Quadrant Future Tek,   293.6500,   293.6500,   287.3500,   288.7000,       8231,        200,             2383337
VSWS,B,20260525,544337,,Avax Apparels and Or,    49.8500,    49.9000,    49.8500,    49.9000,      24000,          3,             1197200
VSWS,B,20260525,544339,,Laxmi Dental,   261.0500,   275.5000,   242.9500,   247.0500,     344138,       6659,            91089190
VSWS,B,20260525,544340,,Rikhav Securities,    48.0500,    48.6900,    48.0000,    48.0000,     249600,         66,            11984976
VSWS,B,20260525,544341,,Landmark Global Lear,    20.4000,    20.7300,    20.4000,    20.5800,       9600,          5,              196848
VSWS,B,20260525,544342,,Stallion India Fluor,   168.5000,   179.9000,   168.5000,   175.8500,     177536,       2405,            31155858
VSWS,B,20260525,544343,,Capitalnumbers Infot,    77.0000,    80.9500,    75.0000,    77.7500,      30000,         54,             2329100
VSWS,B,20260525,544344,,SPR Auto Technologie,  3255.4500,  3323.1000,  3225.0000,  3237.4000,       3517,        583,            11501884
VSWS,B,20260525,544345,,Denta Water and Infr,   285.8000,   289.8000,   279.7000,   286.2500,      11595,        436,             3302528
VSWS,B,20260525,544346,,RDB Real Estate Cons,   139.9500,   141.5500,   136.3000,   139.7000,       1348,         26,              185562
VSWS,B,20260525,544347,,CLN Energy,   370.0000,   370.0000,   340.1500,   351.0500,       6800,         29,             2428880
VSWS,B,20260525,544348,,GB Logistics Commerc,    39.6500,    40.8500,    38.6500,    39.0900,      27600,         17,             1083840
VSWS,B,20260525,544349,,H M Electro Mech Ltd,    43.5000,    43.5000,    41.5700,    41.6000,      12800,          8,              542464
VSWS,B,20260525,544350,,Dr Agarwal's Health,   484.0500,   485.1000,   475.0000,   480.5000,       5039,        327,             2416198
VSWS,B,20260525,544351,,Malpani Pipes And Fi,    63.7800,    67.4500,    63.4900,    67.2600,      35200,         22,             2289216
VSWS,B,20260525,544353,,Amwill Health Care,    30.8500,    32.3800,    30.8500,    32.3800,       8400,          7,              266724
VSWS,B,20260525,544354,,Solarium Green Energ,   198.9500,   198.9500,   193.5000,   193.9000,      12900,         30,             2514660
VSWS,B,20260525,544355,,Jubilant Agri And Co,  1825.1000,  1869.3000,  1820.0000,  1825.0000,        336,         71,              620671
VSWS,B,20260525,544356,,AJAX Engineering,   564.7500,   578.6500,   563.4500,   575.4000,       1366,        156,              783050
VSWS,B,20260525,544361,,Covance Softsol,   171.3000,   171.3000,   171.3000,   171.3000,       8850,          8,             1516005
VSWS,B,20260525,544362,,Hexaware Technologie,   511.6500,   518.5000,   502.3000,   505.9500,      32137,       1335,            16472438
VSWS,B,20260525,544363,,Union Gold ETF,   154.6600,   154.6600,   154.2400,   154.2400,          2,          2,                 308
VSWS,B,20260525,544364,,Indef Manufacturing,   280.2000,   286.4500,   277.3000,   280.4500,       3231,        166,              908695
VSWS,B,20260525,544367,,Quality Power Electr,  1158.0000,  1174.0000,  1070.0000,  1081.3000,      26302,       1160,            29060601
VSWS,B,20260525,544368,,Swasth Foodtech Indi,    15.2000,    18.4000,    14.0000,    18.4000,      15600,         13,              237480
VSWS,B,20260525,544369,,Beezaasan Explotech,   234.9000,   267.9000,   233.0000,   249.2000,     177600,        179,            44393560
VSWS,B,20260525,544370,,Nukleus Office Solut,   207.0000,   210.9000,   207.0000,   207.0000,       3000,          5,              625260
VSWS,B,20260525,544371,,Vikram Aroma,    65.8000,    68.0000,    63.0100,    63.0500,       2403,         69,              156158
VSWS,B,20260525,544375,,360 One Gold ETF,   155.3100,   155.3100,   153.3500,   154.1700,        810,         28,              124919
VSWS,B,20260525,544376,,Mirae Asset BSE Sele,    43.5400,    43.5400,    43.3200,    43.3200,       2967,         11,              128540
VSWS,B,20260525,544378,,PDP Shipping & Proj,    51.0000,    56.0000,    51.0000,    53.5000,       2000,          2,              107000
VSWS,B,20260525,544379,,Prabha Energy,   164.0000,   164.0000,   159.4000,   160.5000,       2363,         50,              381017
VSWS,B,20260525,544380,,ICICI Pru BSE Liq R,  1063.4700,  1063.4700,  1063.4500,  1063.4700,       1189,          9,             1264452
VSWS,B,20260525,544382,,Axis Nifty500 Value,    33.4800,    34.6100,    33.4300,    34.1200,       4448,         45,              152519
VSWS,B,20260525,544383,,Paradeep Parivahan,   151.0000,   172.8500,   149.0500,   168.7500,     374400,        215,            58542420
VSWS,B,20260525,544384,,Zerodha Silver ETF,    27.0400,    27.2600,    26.9500,    27.1800,     848156,       1163,            23024339
VSWS,B,20260525,544385,,SBI BSE PSU Bank ETF,    47.4200,    47.8800,    47.2900,    47.8800,       1005,         28,               47867
VSWS,B,20260525,544386,,Spectrum Electrical,  1435.0000,  1435.0000,  1381.4500,  1383.0500,        646,         58,              912467
VSWS,B,20260525,544387,,Desco Infratech,   243.0500,   248.0000,   236.0000,   238.1000,      29000,         44,             7013675
VSWS,B,20260525,544388,,Identixweb,    72.7000,    74.9900,    66.7000,    71.2200,      10000,          5,              722680
VSWS,B,20260525,544389,,360 One Silver ETF,   261.8200,   264.1500,   261.1700,   262.9800,       2370,        112,              621689
VSWS,B,20260525,544390,,Siemens Energy India,  3553.2500,  3620.0000,  3425.0000,  3552.4500,      24967,       2662,            86958898
VSWS,B,20260525,544393,,Infonative Solutions,    27.5000,    27.5000,    27.5000,    27.5000,       1600,          1,               44000
VSWS,B,20260525,544394,,Icici Pru Nfty Ev &,    29.5200,    30.6600,    29.5200,    30.6600,       5176,         88,              157792
VSWS,B,20260525,544395,,STL Networks,    26.1700,    26.2500,    25.5100,    26.2500,      40024,        144,             1047469
VSWS,B,20260525,544396,,Network People Serv,  1040.8000,  1043.7500,  1016.2500,  1032.6000,        886,         57,              910263
VSWS,B,20260525,544397,,Ather Energy,   885.8000,   924.9000,   876.7000,   920.9000,     302378,      11162,           273067601
VSWS,B,20260525,544399,,Srigee Dlm,    72.0000,    73.1000,    72.0000,    72.9500,       8400,          7,              608460
VSWS,B,20260525,544400,,Manoj Jewellers,    44.0000,    44.9000,    42.9100,    43.8300,      20000,         10,              879220
VSWS,B,20260525,544402,,Jash Engineering,   392.6000,   407.0000,   392.6000,   402.1000,       4515,        285,             1813218
VSWS,B,20260525,544403,,Aditya Birla Lifesty,   102.0500,   104.0000,   102.0500,   102.5000,      51850,        951,             5335651
VSWS,B,20260525,544404,,Borana Weaves,   321.5000,   322.3500,   318.2000,   319.9000,        549,         93,              176082
VSWS,B,20260525,544405,,Belrise Industries,   215.9500,   217.4500,   204.4000,   210.5000,    1368013,      10602,           288270126
VSWS,B,20260525,544406,,Unified Data Tech So,   426.0000,   433.0000,   418.5000,   430.1500,      48000,        115,            20554680
VSWS,B,20260525,544407,,Aegis Vopak Terminal,   209.0500,   213.5500,   205.3500,   208.1500,      71036,       1732,            14898588
VSWS,B,20260525,544408,,Leela Palaces Hotels,   422.2500,   423.7500,   411.5500,   414.2500,       7698,        288,             3198958
VSWS,B,20260525,544409,,Astonea Labs,   230.0000,   235.9500,   217.0000,   231.0000,      28000,         25,             6421800
VSWS,B,20260525,544410,,Prostarm Info System,   137.0000,   148.8000,   137.0000,   142.2000,     113324,       1728,            16159454
VSWS,B,20260525,544411,,Scoda Tubes,   136.9000,   140.5000,   136.8500,   138.7000,      15611,        312,             2164722
VSWS,B,20260525,544412,,3B Films,    19.5000,    19.5000,    18.7000,    18.7000,       6000,          2,              114600
VSWS,B,20260525,544413,,Digitide Solutions,    84.6800,    87.7700,    84.6800,    85.8500,       4391,        123,              378170
VSWS,B,20260525,544414,,Bluspring Enterprise,    67.6900,    68.9000,    66.1200,    68.3800,      12252,        191,              822446
VSWS,B,20260525,544415,,Nippon India BSE Sen,    43.0000,    43.3700,    42.5500,    42.7700,        185,         14,                7914
VSWS,B,20260525,544416,,Krishival Foods,   378.0000,   400.0000,   377.0500,   397.2500,       1644,         77,              646608
VSWS,B,20260525,544417,,Aten Papers & Foam,    20.8400,    21.8400,    20.8400,    20.8600,      12000,          7,              252096
VSWS,B,20260525,544418,,Oswal Pumps,   365.5000,   369.7000,   359.0500,   360.8000,      31722,        953,            11561561
VSWS,B,20260525,544419,,Arisinfra Solutions,   122.1000,   127.6000,   119.3000,   125.4000,     604537,       1835,            74941207
VSWS,B,20260525,544420,,Raymond Realty,   560.1500,   613.8500,   560.1500,   613.8500,      86977,       2413,            52236574
VSWS,B,20260525,544421,,Ellenbarrie Industri,   284.1500,   284.1500,   257.7500,   265.5500,      65018,       1719,            17207653
VSWS,B,20260525,544422,,Abram Food,    66.7700,    66.7700,    66.0000,    66.7700,       7200,          6,              479820
VSWS,B,20260525,544423,,Kalpataru,   345.0000,   345.0000,   332.8000,   336.1500,       3767,        435,             1266518
VSWS,B,20260525,544424,,Globe Civil Projects,    47.0000,    47.0000,    43.7100,    44.4100,       6187,         73,              272832
VSWS,B,20260525,544425,,AJC Jewel Manufactur,    99.7500,    99.7500,    98.0000,    98.0000,       4800,          4,              472500
VSWS,B,20260525,544426,,Icon Facilitators,    52.4000,    52.4000,    52.3000,    52.3000,       3600,          3,              188460
VSWS,B,20260525,544427,,ICICI Prudential Nif,     9.7200,     9.7900,     9.6900,     9.7600,      14075,         37,              136744
VSWS,B,20260525,544428,,Supertech EV,    49.0000,    50.2700,    46.3100,    46.3500,      18000,         14,              868584
VSWS,B,20260525,544429,,HDB Financial Servic,   656.0500,   672.2500,   656.0500,   670.5500,      35607,       3101,            23704641
VSWS,B,20260525,544430,,Sambhv Steel Tubes,   108.9000,   110.6000,   107.1000,   107.5500,      47271,        318,             5120701
VSWS,B,20260525,544431,,Ace Alpha Tech,   113.0000,   121.8000,   113.0000,   121.8000,       6000,          6,              711050
VSWS,B,20260525,544432,,Indogulf Cropscience,    63.2700,    64.2500,    62.0500,    62.5400,       9439,        109,              597947
VSWS,B,20260525,544433,,Valencia India,    18.0000,    18.5000,    17.7200,    17.8200,      10800,          7,              194976
VSWS,B,20260525,544434,,Neetu Yoshi,   122.0000,   122.0000,   115.1500,   118.4000,      71200,         78,             8430240
VSWS,B,20260525,544435,,Adcounty Media India,   118.0000,   120.0000,   115.0000,   115.1000,      33600,         40,             3927840
VSWS,B,20260525,544436,,Vandan Foods,    33.2500,    34.1000,    33.2000,    33.3600,      82800,         52,             2752236
VSWS,B,20260525,544437,,Marc Loire Fashions,    48.0200,    52.6400,    48.0200,    52.6400,       2400,          2,              120792
VSWS,B,20260525,544438,,Mirae Asset Nifty In,    12.2700,    12.2700,    12.1700,    12.2100,      47400,         21,              579094
VSWS,B,20260525,544439,,Crizac,   204.0000,   224.1500,   204.0000,   224.1500,     207316,        713,            46286423
VSWS,B,20260525,544440,,Cryogenic OGS,   212.2500,   212.3500,   205.1000,   212.3500,      29250,         37,             6152362
VSWS,B,20260525,544441,,Meta Infotech,    78.6000,    81.8700,    78.6000,    80.8400,       8800,         11,              708168
VSWS,B,20260525,544442,,Chemkart India,   135.0000,   135.0000,   127.0000,   129.5000,       6000,          9,              775440
VSWS,B,20260525,544443,,Travel Food Services,  1115.1500,  1169.7500,  1115.1500,  1153.1500,       4499,        684,             5164411
VSWS,B,20260525,544444,,Glen Industries,    73.6000,    73.6800,    71.0600,    72.4100,      30000,         25,             2166936
VSWS,B,20260525,544446,,Advent Hotels Intl,   145.0000,   159.7500,   145.0000,   152.8000,      41866,        847,             6445901
VSWS,B,20260525,544447,,Smartworks Coworking,   451.0000,   466.8000,   449.7000,   456.1000,       2753,        194,             1268082
VSWS,B,20260525,544448,,Pashupati Cotspin,    92.3300,    97.0000,    91.3700,    95.7900,       3892,        312,              365487
VSWS,B,20260525,544449,,Anthem Biosciences,   781.9500,   785.6500,   761.4500,   764.9000,      29560,       3333,            22686196
VSWS,B,20260525,544450,,Chembond Chemicals,   197.8500,   199.0000,   195.0000,   195.0000,       1025,         32,              202738
VSWS,B,20260525,544451,,Monika Alcobev,   230.0000,   233.0000,   226.0000,   229.5000,       6400,          8,             1477800
VSWS,B,20260525,544452,,Swastika Castal,    49.0700,    49.0700,    49.0000,    49.0000,       6000,          3,              294240
VSWS,B,20260525,544453,,Monarch Surveyors An,   229.9500,   232.0000,   226.0000,   231.7000,       4800,          7,             1105860
VSWS,B,20260525,544454,,Indiqube Spaces,   164.3000,   167.6000,   164.3000,   165.5500,       1362,         34,              226354
VSWS,B,20260525,544455,,GNG Electronics,   451.4000,   456.8000,   443.0000,   445.6000,      21219,        611,             9531922
VSWS,B,20260525,544456,,R M Drip & Sprinkler,    19.1200,    19.3700,    18.7400,    19.0300,     119258,       1195,             2260786
VSWS,B,20260525,544457,,Brigade Hotel Ventur,    60.7000,    61.9500,    60.7000,    61.7100,       2260,        196,              139126
VSWS,B,20260525,544458,,Shree Refrigerations,   248.9000,   249.1500,   232.1500,   238.3000,     304000,        527,            73764950
VSWS,B,20260525,544459,,Shanti Gold Internat,   239.3000,   239.3000,   221.1000,   224.9000,      40349,        742,             9294896
VSWS,B,20260525,544460,,Patel Chem Specialit,    90.6700,    90.6700,    85.0000,    87.0000,      36800,         22,             3180352
VSWS,B,20260525,544461,,Euro Panel Products,   214.7000,   214.7000,   184.4000,   184.7500,       1714,         26,              323926
VSWS,B,20260525,544463,,Repono,    64.0000,    64.0000,    57.6500,    58.0500,      38400,         27,             2313504
VSWS,B,20260525,544465,,Laxmi India Finance,   117.7000,   119.9500,   115.0000,   115.0000,       3538,         42,              412224
VSWS,B,20260525,544466,,Aditya Infotech,  2460.0000,  2600.0000,  2449.7500,  2557.8000,      21458,       2218,            54706809
VSWS,B,20260525,544467,,National Secu Deposi,   815.1000,   815.9000,   805.0000,   808.6000,     568744,      27971,           461489800
VSWS,B,20260525,544469,,Sri Lotus Developers,   141.9500,   142.9000,   139.9000,   141.3500,      49835,        469,             7028272
VSWS,B,20260525,544470,,M & B Engineering,   299.8000,   316.9000,   294.7500,   311.2000,      12269,        435,             3762523
VSWS,B,20260525,544471,,Takyon Networks,    28.2300,    28.2300,    28.2300,    28.2300,       8000,          4,              225840
VSWS,B,20260525,544473,,Groww BSE Power ETF,    12.4500,    12.4600,    12.2000,    12.2800,     243030,        253,             2982795
VSWS,B,20260525,544474,,BLT Logistics,    28.7000,    28.7000,    28.7000,    28.7000,       1600,          1,               45920
VSWS,B,20260525,544475,,Essex Marine,    46.1500,    46.1900,    44.0000,    46.0700,      58000,         28,             2634200
VSWS,B,20260525,544476,,Jeena Sikho Lifecare,   651.4000,   659.8000,   627.1500,   635.1000,      38030,       1387,            24224093
VSWS,B,20260525,544477,,Highway Infrastructu,    47.1000,    49.6800,    47.1000,    48.0700,       2498,         59,              121817
VSWS,B,20260525,544478,,SBI NIFTY 1DR LiqETF,  1040.2400,  1040.2400,  1040.2400,  1040.2400,          1,          1,                1040
VSWS,B,20260525,544479,,All Time Plastics,   240.9000,   242.5500,   232.3000,   238.4500,       5829,        223,             1377529
VSWS,B,20260525,544480,,JSW Cement,   138.2500,   141.9500,   133.2000,   135.1000,    1294586,       9618,           179582077
VSWS,B,20260525,544482,,Star Imaging And Pat,    69.4500,    76.7500,    69.4500,    75.6400,     130000,         66,             9229300
VSWS,B,20260525,544483,,Icodex Publishing So,    43.5000,    43.5000,    43.5000,    43.5000,       1200,          1,               52200
VSWS,B,20260525,544484,,BlueStone Jewellery,   471.3500,   488.7000,   471.3500,   485.2000,       8848,        545,             4282416
VSWS,B,20260525,544485,,Regaal Resources,    91.0000,    91.0000,    89.0000,    89.3100,      13424,        105,             1207260
VSWS,B,20260525,544486,,Zerodha Nfty 8-13 Yr,    29.7600,    29.7700,    29.6900,    29.7200,       3393,         23,              100845
VSWS,B,20260525,544487,,Patel Retail,   201.2500,   201.2500,   198.8500,   199.8500,       1724,         46,              345257
VSWS,B,20260525,544488,,Vikram Solar,   200.0000,   204.0000,   199.8500,   200.9500,      91730,       1393,            18526484
VSWS,B,20260525,544489,,LGT Global Hospitali,    47.8000,    47.8000,    45.5400,    47.8000,       4800,          4,              226728
VSWS,B,20260525,544490,,Shreeji Shipping Glo,   435.1500,   462.0000,   435.1500,   460.2000,      20078,        408,             9186228
VSWS,B,20260525,544491,,Gem Aromatics,   159.4500,   159.4500,   151.3500,   154.0500,       3485,         68,              535710
VSWS,B,20260525,544492,,Mangal Electrical In,   319.9500,   330.2000,   310.0000,   317.8500,       3715,         94,             1208038
VSWS,B,20260525,544494,,Globtier Infotech,    17.9900,    18.1900,    17.9900,    18.1900,       3200,          2,               57888
VSWS,B,20260525,544495,,NIS Management,    52.0000,    60.1200,    51.2000,    58.0000,      15600,         12,              887976
VSWS,B,20260525,544496,,Vikran Engineering,    75.0000,    75.6000,    69.0500,    70.6100,     879176,       6439,            63855308
VSWS,B,20260525,544497,,Anlon Healthcare,    14.2600,    14.2700,    13.6800,    13.7500,     180882,        291,             2510264
VSWS,B,20260525,544498,,Oval Projects Engine,    50.0000,    50.0000,    49.1000,    49.1000,       3200,          2,              158560
VSWS,B,20260525,544499,,Career Point Edutech,   174.9500,   180.0000,   174.0000,   175.0000,        471,         50,               83217
VSWS,B,20260525,544500,,Abril Paper Tech,    36.0000,    37.7000,    35.5100,    37.7000,       8000,          4,              292420
VSWS,B,20260525,544501,,SUGS Lloyd,   126.5000,   132.5000,   126.2500,   132.0500,     106000,         92,            13950400
VSWS,B,20260525,544502,,Amanta Healthcare,   131.0000,   135.0000,   128.9000,   132.7000,       5772,        123,              759288
VSWS,B,20260525,544504,,Goel Construction Co,   373.0000,   379.9500,   362.0000,   373.4500,      21600,         40,             7987260
VSWS,B,20260525,544505,,Austere Systems,    47.6000,    50.0000,    47.6000,    50.0000,       4000,          2,              195200
VSWS,B,20260525,544506,,Sharvaya Metals,   120.5000,   123.5000,   118.0000,   123.5000,      17400,         24,             2095650
VSWS,B,20260525,544507,,Zerodha Nifty Smallc,    10.1000,    10.4900,    10.1000,    10.3500,     296029,        247,             3061928
VSWS,B,20260525,544508,,Vashishtha Luxury Fa,    61.2500,    67.2000,    61.2100,    67.2000,       9600,          8,              625500
VSWS,B,20260525,544509,,Krupalu Metals,    33.0600,    33.0600,    33.0600,    33.0600,       3200,          2,              105792
VSWS,B,20260525,544510,,Nilachal Carbo Metal,    95.5000,   100.0000,    94.7500,    97.9000,      22400,         13,             2188064
VSWS,B,20260525,544511,,Karbonsteel Engineer,   112.0000,   114.7500,   112.0000,   114.0000,       4800,          6,              543000
VSWS,B,20260525,544512,,Shringar House Of Ma,   215.0500,   217.1500,   213.5000,   216.2500,      21904,        262,             4727305
VSWS,B,20260525,544513,,Dev Accelerator,    40.0000,    40.0000,    39.0000,    39.0800,       4146,         29,              165671
VSWS,B,20260525,544515,,Urban Company,   121.9500,   126.7500,   120.6000,   124.3500,     451731,       3476,            56184751
VSWS,B,20260525,544516,,Airfloa Rail Technol,   322.0000,   322.0000,   307.5500,   315.3500,      92000,         88,            29002300
VSWS,B,20260525,544517,,Shankara Buildpro,  1070.4500,  1078.1500,  1039.5500,  1057.6000,       6738,        446,             7122561
VSWS,B,20260525,544518,,L T Elevator,   231.0000,   236.0000,   223.4000,   234.4500,     155200,         89,            35636400
VSWS,B,20260525,544519,,Euro Pratik Sales,   260.7000,   260.7000,   245.7500,   246.8500,       5897,        203,             1482669
VSWS,B,20260525,544520,,Sampat Aluminium,    52.4800,    52.4800,    49.0000,    49.0000,       3600,          3,              182268
VSWS,B,20260525,544521,,VMS TMT,    48.0000,    48.9000,    47.7000,    47.9500,       5071,         36,              243599
VSWS,B,20260525,544522,,A B Cotspin India Lt,   221.0000,   221.0000,   212.5500,   218.0000,       1209,        137,              261216
VSWS,B,20260525,544523,,Ivalue Infosolutions,   243.2500,   251.2000,   243.2500,   245.0000,        663,         38,              163741
VSWS,B,20260525,544524,,JD Cables,   215.9000,   229.9000,   215.0000,   224.6000,     128000,        146,            28564680
VSWS,B,20260525,544525,,GK Energy,   125.8000,   129.0000,   125.8000,   127.4000,      47305,        379,             6037537
VSWS,B,20260525,544526,,Saatvik Green Energy,   429.0500,   448.2000,   429.0500,   445.6500,       5042,        299,             2231611
VSWS,B,20260525,544527,,Atlanta Electricals,  1715.5000,  1750.7000,  1674.1000,  1701.4500,       8231,        796,            14182948
VSWS,B,20260525,544528,,Ganesh Consumer Prod,   218.9500,   218.9500,   201.8000,   203.6500,       5023,        283,             1054675
VSWS,B,20260525,544529,,Aptus Pharma,   181.5000,   181.5000,   179.5000,   179.5000,      15000,          3,             2710500
VSWS,B,20260525,544530,,Anand Rathi Share An,   539.1500,   540.9500,   532.2000,   537.0000,      20899,        523,            11240431
VSWS,B,20260525,544531,,True Colors,   161.0000,   163.7000,   151.0000,   152.6000,     126600,        161,            19922340
VSWS,B,20260525,544532,,Solarworld Energy So,   227.1500,   227.1500,   219.6000,   223.0000,      41654,        672,             9331253
VSWS,B,20260525,544533,,Seshaasai Technologi,   267.8500,   272.7500,   265.0000,   268.8000,       3966,        149,             1067966
VSWS,B,20260525,544534,,Jaro Inst of Tech Mg,   582.4000,   593.9000,   571.0000,   578.3500,      24694,        713,            14284591
VSWS,B,20260525,544535,,Bharatrohan Airborne,   111.8000,   113.5000,   108.6500,   112.6000,      36800,         22,             4128400
VSWS,B,20260525,544536,,Wealth First Portfol,   918.9500,   930.2500,   911.4000,   911.4000,         64,         13,               59081
VSWS,B,20260525,544537,,Jain Resource Recycl,   387.1500,   394.4000,   382.3000,   392.4000,     165709,       2782,            64352265
VSWS,B,20260525,544538,,Praruh Technologies,    53.5000,    54.0000,    53.5000,    53.7500,       4000,          2,              215000
VSWS,B,20260525,544539,,Solvex Edibles,    35.3100,    37.0000,    35.1400,    37.0000,       8000,          5,              287616
VSWS,B,20260525,544540,,Epack Prefab Technol,   192.6000,   194.2000,   189.2000,   191.1000,      25818,        480,             4951284
VSWS,B,20260525,544541,,Systematic Industrie,   208.0000,   217.3000,   208.0000,   214.9500,      46200,         58,             9847410
VSWS,B,20260525,544542,,Justo Realfintech,    99.9500,    99.9500,    98.0000,    99.9500,       3000,          3,              297900
VSWS,B,20260525,544543,,BMW Ventures,    60.1100,    63.3600,    60.1100,    62.2100,       7207,        106,              446806
VSWS,B,20260525,544544,,Telge Projects,   102.5500,   102.5500,   102.0500,   102.0500,       2400,          2,              245520
VSWS,B,20260525,544545,,TruAlt Bioenergy,   439.9500,   494.1000,   420.0000,   483.7500,     116733,       3690,            53429673
VSWS,B,20260525,544546,,Chatterbox Technolog,    63.9900,    64.3600,    62.3000,    64.3100,       8400,          6,              534672
VSWS,B,20260525,544547,,Jinkushal Industries,    83.8500,    83.8500,    81.8000,    81.8000,       2563,         27,              210227
VSWS,B,20260525,544548,,Gujarat Peanut And A,    81.0000,    81.0000,    80.9000,    80.9000,      14400,          9,             1165904
VSWS,B,20260525,544549,,Earkart,   140.0000,   140.0000,   125.2000,   139.8500,       6000,          6,              819900
VSWS,B,20260525,544550,,Pace Digitek,   194.3000,   195.1500,   188.1000,   190.1000,     130140,       1193,            24881264
VSWS,B,20260525,544553,,M P K Steels (I),   118.1000,   122.0000,   118.1000,   121.9000,       4800,          3,              579200
VSWS,B,20260525,544554,,KVS Castings,    56.0000,    56.0000,    55.9900,    56.0000,      48000,         16,             2687940
VSWS,B,20260525,544555,,Ameenji Rubber,   150.2500,   154.0000,   149.2500,   152.1500,      16800,          9,             2532000
VSWS,B,20260525,544557,,Glottis,    72.5600,    72.5600,    67.0000,    69.4500,      13862,        149,              955813
VSWS,B,20260525,544558,,Fabtech Technologies,   150.5000,   158.0000,   150.5000,   156.7000,      10295,        256,             1588958
VSWS,B,20260525,544559,,OM Metallogic,    21.2000,    21.4000,    20.6000,    21.2800,      12800,          8,              271360
VSWS,B,20260525,544560,,Sodhani Capital,    60.0000,    60.0000,    60.0000,    60.0000,       8000,          4,              480000
VSWS,B,20260525,544561,,Chiraharit,    11.2500,    11.2500,    11.2500,    11.2500,       6000,          1,               67500
VSWS,B,20260525,544562,,Advance Agrolife,   105.5500,   108.0000,   103.9000,   105.8500,      11513,        180,             1233893
VSWS,B,20260525,544563,,Zelio E Mobility,   480.1000,   480.1000,   480.1000,   480.1000,      11000,         11,             5281100
VSWS,B,20260525,544564,,Om Freight Forwarder,    89.0600,    89.2600,    86.3700,    86.4300,       1331,         64,              116656
VSWS,B,20260525,544566,,Sunsky Logistics,    64.4500,    64.4500,    64.4500,    64.4500,       3000,          1,              193350
VSWS,B,20260525,544567,,Infinity Infoway,   366.0500,   366.0500,   365.0000,   365.0000,       1600,          2,              584840
VSWS,B,20260525,544568,,DSM Fresh Foods,   106.9500,   109.1000,   103.1000,   105.6500,     158400,        119,            16600620
VSWS,B,20260525,544569,,Tata Motors,   385.6000,   399.2500,   385.6000,   395.4500,    1207606,      25601,           477313091
VSWS,B,20260525,544570,,WeWork India Managem,   568.8000,   577.1500,   549.3000,   573.1000,      36755,        953,            20833555
VSWS,B,20260525,544572,,SKF India (Industria,  2122.5000,  2156.8000,  2027.1500,  2081.7000,       1686,        254,             3494590
VSWS,B,20260525,544574,,Tata Capital,   302.0000,   311.7000,   302.0000,   309.7000,    2184476,      15988,           665800888
VSWS,B,20260525,544575,,Mittal Sections,    28.6000,    30.0000,    28.6000,    30.0000,       3000,          3,               87600
VSWS,B,20260525,544576,,LG Electronics India,  1499.8500,  1549.1000,  1499.8500,  1534.2000,      53548,       7654,            82070140
VSWS,B,20260525,544577,,Worth Peripherals,   133.1000,   133.1000,   127.5000,   128.3000,        187,         17,               24300
VSWS,B,20260525,544578,,Rubicon Research,   951.5500,   963.9500,   940.4000,   943.4500,      15471,       1466,            14681809
VSWS,B,20260525,544580,,Canara Robeco Asset,   243.0500,   251.0000,   240.8500,   248.7000,      23527,        718,             5831419
VSWS,B,20260525,544581,,DSP Nifty500 Flexica,     9.7300,     9.8200,     9.7300,     9.8000,       1850,         33,               18109
VSWS,B,20260525,544582,,Shlokka Dyes,    24.6000,    25.0400,    24.5500,    25.0400,       4800,          4,              118548
VSWS,B,20260525,544583,,Canara HSBC Life Ins,   139.2500,   142.2000,   138.9500,   139.2500,      25748,        879,             3618684
VSWS,B,20260525,544584,,SK Minerals & Additi,   381.6000,   381.6000,   346.5000,   381.6000,     256000,        152,            96363400
VSWS,B,20260525,544586,,Zerodha Nifty 50 ETF,     9.7000,     9.7000,     9.4500,     9.5700,      28160,        165,              269299
VSWS,B,20260525,544587,,Midwest,  1342.3000,  1349.4500,  1255.0000,  1258.7500,       2441,        196,             3122835
VSWS,B,20260525,544594,,Game Changers Texfab,   108.0500,   108.0500,   108.0000,   108.0000,       2400,          2,              259260
VSWS,B,20260525,544595,,Orkla India,   630.2000,   638.0500,   625.5500,   628.2500,       3068,        202,             1930055
VSWS,B,20260525,544596,,Safecure Services,    28.5000,    28.5000,    27.3500,    28.5000,       8400,          7,              235428
VSWS,B,20260525,544597,,Piramal Finance,  1961.8500,  1975.4000,  1925.0000,  1939.3000,       8382,        882,            16371824
VSWS,B,20260525,544598,,Accuracy Shipping,     5.8000,     5.8500,     5.8000,     5.8500,      14590,         42,               85320
VSWS,B,20260525,544599,,Studds Accessories,   450.0500,   454.9000,   445.6000,   450.5000,       1595,        172,              716459
VSWS,B,20260525,544600,,Lenskart Solutions,   516.2500,   519.1500,   500.0500,   503.6000,    4648620,      19961,          2328210490
VSWS,B,20260525,544601,,Choice Gold ETF,   154.6800,   159.3800,   154.6800,   156.3300,         29,          6,                4513
VSWS,B,20260525,544603,,Billionbrains Garage,   189.6500,   191.9500,   188.8000,   189.4000,    2305723,      14247,           438607639
VSWS,B,20260525,544604,,Mirae Asset Nifty En,    41.3800,    41.3800,    40.3800,    40.7200,      27012,        185,             1098665
VSWS,B,20260525,544605,,Mirae Asset Nifty Sm,    16.9300,    17.0300,    16.9200,    17.0100,     140851,        136,             2387447
VSWS,B,20260525,544606,,Pine Labs,   145.7000,   147.6000,   137.4500,   146.1500,     841309,      12695,           120969115
VSWS,B,20260525,544607,,Shining Tools,    75.5000,    75.5000,    71.7300,    71.7300,       4800,          4,              352752
VSWS,B,20260525,544608,,Emmvee Photovoltaic,   269.2000,   290.4500,   265.0000,   290.0000,     447508,       5789,           126268243
VSWS,B,20260525,544609,,Physicswallah,   110.0500,   111.7500,   110.0500,   111.0000,     255810,       1562,            28364817
VSWS,B,20260525,544610,,Workmates Core2cloud,   324.0000,   324.0000,   300.0000,   305.6000,      24000,         39,             7394850
VSWS,B,20260525,544611,,Mahamaya Lifescience,   170.1500,   170.1500,   166.0000,   166.5000,      16800,         14,             2834700
VSWS,B,20260525,544612,,Tenneco Clean Air In,   604.0000,   633.5000,   604.0000,   617.8500,     171347,       5230,           106624473
VSWS,B,20260525,544613,,Fujiyama Power Syste,   279.5500,   283.6000,   271.5000,   283.6000,      30813,        611,             8619476
VSWS,B,20260525,544614,,Capillary Techno Ind,   514.5000,   525.1500,   514.5000,   524.7000,        375,         30,              195442
VSWS,B,20260525,544615,,KSR Footwear,    37.2300,    38.8800,    36.5600,    37.9900,       1966,         17,               74635
VSWS,B,20260525,544616,,Gallard Steel,   164.0000,   171.0500,   161.0000,   161.0000,       3000,          3,              496050
VSWS,B,20260525,544617,,Excelsoft Technologi,    91.1100,    92.0600,    86.7000,    87.5200,     407211,       4006,            36636245
VSWS,B,20260525,544618,,Edelweiss BSE Sensex,    76.8700,    76.8700,    76.4400,    76.4400,         44,          7,                3369
VSWS,B,20260525,544619,,Sudeep Pharma,   708.9500,   729.0000,   694.0000,   696.9500,      21872,        855,            15428510
VSWS,B,20260525,544620,,DSP MSCI India ETF,    29.0800,    29.2700,    29.0800,    29.2700,        213,          8,                6194
VSWS,B,20260525,544621,,SSMD Agrotech India,    58.8800,    64.4000,    58.7500,    60.8800,      26000,         25,             1560690
VSWS,B,20260525,544622,,Kwality Wall's (Indi,    26.6700,    27.2300,    26.2300,    26.3700,     711694,       2909,            18976790
VSWS,B,20260525,544625,,Logiciel Solutions,    44.1000,    46.3000,    44.1000,    46.3000,       2400,          4,              109590
VSWS,B,20260525,544626,,Exato Technologies,   357.2000,   357.2000,   346.0000,   356.1000,       8000,          8,             2833000
VSWS,B,20260525,544627,,Purple Wave Infocom,   118.0000,   125.9000,   117.5000,   124.4000,      97000,         48,            11706200
VSWS,B,20260525,544628,,Astron Multigrain,    18.1000,    18.1000,    18.1000,    18.1000,       2000,          1,               36200
VSWS,B,20260525,544629,,Ravelcare,   172.0000,   172.0000,   172.0000,   172.0000,       2000,          2,              344000
VSWS,B,20260525,544630,,Helloji Holidays,   125.0000,   125.0000,   125.0000,   125.0000,      24000,          9,             3000000
VSWS,B,20260525,544631,,Creative Newtech,   651.9000,   660.8000,   648.1000,   649.2000,        573,         53,              376788
VSWS,B,20260525,544632,,Meesho,   199.3000,   201.7500,   195.0000,   196.2500,     933022,       8174,           185190890
VSWS,B,20260525,544633,,Vidya Wires,    89.4500,    95.4000,    89.4500,    93.5300,     459091,       2660,            42780429
VSWS,B,20260525,544634,,Aequs,   215.0000,   220.0000,   211.0000,   216.2000,     119621,       1593,            25839557
VSWS,B,20260525,544635,,Luxury Time,    82.6200,    82.6200,    79.4500,    79.5500,      25600,         12,             2100176
VSWS,B,20260525,544636,,Western Overseas Stu,    19.2200,    19.2200,    19.2200,    19.2200,       4000,          2,               76880
VSWS,B,20260525,544637,,Methodhub Software,    92.1700,    92.1700,    91.0000,    92.1700,      18000,         21,             1655778
VSWS,B,20260525,544638,,Bandhan Gold ETF,   154.7400,   159.6500,   154.7400,   157.2600,       1129,         47,              177929
VSWS,B,20260525,544639,,Bandhan Silver ETF,   266.8900,   268.8500,   265.6500,   267.3600,        899,         38,              240433
VSWS,B,20260525,544640,,Riddhi Display Equip,    35.5000,    36.5000,    35.5000,    36.5000,       2400,          2,               86400
VSWS,B,20260525,544641,,K V Toys India,   226.2500,   265.0000,   226.2500,   263.8000,      31800,         50,             8006430
VSWS,B,20260525,544642,,Wakefit Innovations,   136.9500,   137.6000,   129.0000,   132.1500,      70604,        654,             9339461
VSWS,B,20260525,544643,,Prodocs Solutions,   178.2500,   178.2500,   178.2500,   178.2500,       1000,          1,              178250
VSWS,B,20260525,544644,,Corona Remedies,  1793.1500,  1793.1500,  1689.7000,  1699.3500,        678,        109,             1159069
VSWS,B,20260525,544645,,Park Medi World,   263.5000,   281.9500,   263.0000,   278.7000,     216261,       4082,            59400812
VSWS,B,20260525,544646,,Shipwaves Online,     3.8000,     3.9500,     3.8000,     3.8500,      80000,          8,              308400
VSWS,B,20260525,544647,,Nephrocare Health Se,   614.9500,   626.3000,   614.3000,   619.6000,      22533,       1305,            14015959
VSWS,B,20260525,544648,,Unisem Agritech,    59.0000,    59.0000,    56.0000,    56.5000,      14000,          7,              802000
VSWS,B,20260525,544654,,Dsp Nifty Smallcap 2,    16.9300,    17.0800,    16.9300,    17.0600,       6664,          8,              113622
VSWS,B,20260525,544656,,HRS Aluglaze,   238.8500,   240.0000,   233.0000,   240.0000,       7200,          6,             1709700
VSWS,B,20260525,544657,,Pajson Agro India,   197.0000,   201.0000,   193.0000,   197.6500,      31200,         25,             6182640
VSWS,B,20260525,544658,,ICICI Pru Asset Mgt,  3250.0000,  3363.0000,  3250.0000,  3344.3500,      44920,       9005,           149345730
VSWS,B,20260525,544660,,Mirae Asset Nifty To,     8.6000,     8.6200,     8.6000,     8.6200,       1675,         13,               14425
VSWS,B,20260525,544662,,Simandhar Impex,   149.0000,   149.0000,   147.0500,   147.0500,        557,          5,               82977
VSWS,B,20260525,544663,,Neptune Logitek,    40.0000,    40.0200,    40.0000,    40.0200,       2000,          2,               80020
VSWS,B,20260525,544664,,KSH International,   724.0000,   748.4000,   676.3500,   694.3000,      39547,       1824,            28204697
VSWS,B,20260525,544665,,Global Ocean Logisti,   136.0000,   150.1500,   136.0000,   150.1500,      22400,         14,             3314800
VSWS,B,20260525,544666,,Gujarat Kidney And S,   143.9500,   148.4500,   139.7000,   140.7000,      49680,        929,             7173208
VSWS,B,20260525,544667,,Dachepalli Publisher,    79.8500,    82.9000,    79.8500,    80.0000,      26400,          4,             2116500
VSWS,B,20260525,544668,,Nanta Tech,   342.0000,   359.1000,   342.0000,   358.9500,       5400,          9,             1914000
VSWS,B,20260525,544669,,Admach Systems,   264.1000,   269.5000,   256.0000,   256.0000,      10200,         17,             2659170
VSWS,B,20260525,544670,,Bai-Kakaji Polymers,   175.0000,   175.0000,   169.8000,   170.0000,       9000,         13,             1543050
VSWS,B,20260525,544671,,Apollo Techno Indust,    95.5000,    99.0000,    95.0000,    98.4300,      10000,         10,              962310
VSWS,B,20260525,544672,,Wealth Company Gold,   159.9500,   159.9500,   156.6100,   156.6100,         15,          8,                2357
VSWS,B,20260525,544674,,DSP Nifty Next 50 ET,    70.8100,    72.0000,    70.8100,    71.1700,       1333,          9,               94777
VSWS,B,20260525,544675,,Gabion Technologies,    69.1000,    72.1500,    64.0100,    65.6000,     113600,         60,             7737456
VSWS,B,20260525,544676,,Yajur Fibres,    45.0100,    45.0100,    44.5200,    44.9800,      11200,         13,              503504
VSWS,B,20260525,544678,,Bharat Coking Coal,    36.4500,    36.7500,    35.8100,    36.0500,    1567612,       4244,            56767666
VSWS,B,20260525,544679,,Amagi Media Labs,   391.3500,   411.8500,   386.3000,   406.2500,      16434,        804,             6511385
VSWS,B,20260525,544680,,Narmadesh Brass Indu,   389.3000,   409.6000,   389.3000,   407.0000,      13440,         45,             5396088
VSWS,B,20260525,544681,,Indo SMC,   247.1000,   272.8500,   247.1000,   272.8500,     283000,        208,            74773250
VSWS,B,20260525,544682,,GRE Renew Enertech,   163.5000,   171.2000,   163.5000,   171.2000,      25200,         19,             4303560
VSWS,B,20260525,544683,,Aritas Vinyl,    14.5000,    15.3000,    14.1600,    14.5000,      24000,          8,              349680
VSWS,B,20260525,544684,,Digilogic Systems,   103.4900,   104.0000,    99.0000,   103.4800,      64800,         45,             6645348
VSWS,B,20260525,544685,,Shadowfax Technologi,   201.7000,   209.5500,   195.3500,   199.6500,     371289,       8271,            74650259
VSWS,B,20260525,544686,,Shayona Engineering,   130.0000,   144.9500,   130.0000,   141.8000,      19000,         16,             2663850
VSWS,B,20260525,544687,,Hannah Joseph Hospit,    74.5000,    74.5000,    72.0000,    72.0000,       6000,          3,              437000
VSWS,B,20260525,544688,,Kasturi Metal Compos,    55.0000,    55.9300,    51.8000,    51.8000,      10000,          5,              549160
VSWS,B,20260525,544693,,Kanishk Aluminium In,    34.2500,    34.2500,    33.4400,    33.4400,      12800,          8,              429584
VSWS,B,20260525,544694,,Accretion Nutraveda,   252.0000,   252.1000,   252.0000,   252.1000,       2000,          2,              504100
VSWS,B,20260525,544695,,MSafe Equipments,   159.0000,   163.5000,   159.0000,   159.7500,      94000,         89,            15171050
VSWS,B,20260525,544698,,Pan HR Solution,    64.5500,    67.9500,    64.5500,    67.9500,       8000,          5,              532704
VSWS,B,20260525,544699,,Aye Finance,   143.3000,   149.5000,   142.6500,   145.1500,     123693,       1747,            18130426
VSWS,B,20260525,544700,,Fractal Analytics,   922.2500,   949.0500,   922.2500,   939.1000,      11835,        751,            11132312
VSWS,B,20260525,544701,,Mirae Ass Nfty 500 H,    20.2400,    20.2700,    20.1200,    20.2400,      15611,         38,              315640
VSWS,B,20260525,544702,,DCM Shriram Internat,    60.3000,    61.8000,    59.6300,    60.5700,       3712,         53,              223613
VSWS,B,20260525,544703,,DCM Shriram Fine Che,    27.0300,    27.0300,    26.0000,    26.0200,       5137,        842,              136031
VSWS,B,20260525,544704,,Mirae A Nifty Ind In,    12.1000,    12.1400,    12.0800,    12.1400,       2038,          9,               24698
VSWS,B,20260525,544705,,Mirae Asset BSE (I),    76.8100,    76.8200,    75.7900,    76.7600,      13909,        118,             1064976
VSWS,B,20260525,544707,,Fractal Industries,   214.9500,   214.9500,   214.9000,   214.9000,       3600,          2,              773730
VSWS,B,20260525,544708,,Yashhtej Industries,    66.1500,    66.2000,    62.1300,    65.5000,      39600,         17,             2559192
VSWS,B,20260525,544709,,Gaudium IVF And Wome,   116.2500,   120.0000,   113.4500,   119.8000,      18581,        222,             2204162
VSWS,B,20260525,544710,,Accord Transf & Swit,    57.7700,    63.8000,    57.7700,    62.4700,     123000,         39,             7554000
VSWS,B,20260525,544711,,Kiaasa Retail,    43.0000,    44.5000,    41.5000,    42.5000,      35000,         32,             1493560
VSWS,B,20260525,544716,,Shree Ram Twistex,    44.9400,    44.9400,    43.0000,    43.2900,       8747,         97,              384409
VSWS,B,20260525,544717,,Clean Max Enviro Ene,  1130.5500,  1144.6000,  1091.6500,  1095.7000,      20781,       1261,            22953725
VSWS,B,20260525,544718,,PNGS Reva Diamond Je,   402.1000,   417.0000,   398.5500,   403.7000,       9308,        413,             3780241
VSWS,B,20260525,544719,,A Birla SLife BSE T,   160.0000,   160.0000,   159.7000,   159.7000,         10,          2,                1597
VSWS,B,20260525,544720,,Omnitech Engineering,   460.0500,   465.7000,   409.5500,   429.8000,     123142,       3064,            54047104
VSWS,B,20260525,544721,,Groww BSE Hospitals,    52.2900,    52.2900,    51.2900,    51.3300,       8474,         48,              438464
VSWS,B,20260525,544722,,SBI Nifty Midcap 150,    63.5400,    64.0000,    63.0500,    63.5300,      14563,         49,              923744
VSWS,B,20260525,544723,,Sedemac Mechatronics,  2019.1500,  2073.0000,  1971.2500,  2065.6500,       6454,        869,            13076675
VSWS,B,20260525,544724,,Elfin Agro India,    71.0000,    71.0000,    70.5000,    70.5000,      15000,          5,             1062000
VSWS,B,20260525,544725,,DSP BSE Top 10 Banks,    16.1700,    16.7000,    16.1700,    16.5500,       3271,         19,               53272
VSWS,B,20260525,544726,,Kotyark Industries,   459.8000,   459.8000,   432.1500,   434.7500,      15179,        419,             6681245
VSWS,B,20260525,544731,,Rajputana Stainless,   132.0000,   136.8500,   131.2000,   131.5500,      66621,       1152,             9009054
VSWS,B,20260525,544732,,Innovision,   312.1500,   312.1500,   308.0000,   309.0000,       1740,        101,              537995
VSWS,B,20260525,544733,,GSP Crop Science,   454.3500,   467.3500,   434.9500,   440.1000,      11471,        553,             5224788
VSWS,B,20260525,544735,,Novus Loyalty,   146.5000,   151.0000,   143.5500,   143.5500,      23000,         20,             3385900
VSWS,B,20260525,544736,,HSBC Gold ETF,   139.0000,   139.0000,   136.0100,   137.4000,         21,          8,                2881
VSWS,B,20260525,544737,,Mirae Asst Nifty 50,    16.9500,    16.9500,    16.7000,    16.7500,      41403,         24,              693478
VSWS,B,20260525,544738,,Speciality Medicines,   201.2500,   219.3000,   201.2500,   219.3000,       4000,          4,              841050
VSWS,B,20260525,544739,,Central Mine Plannin,   237.7500,   245.7000,   232.7500,   244.7000,     266565,       2811,            64003398
VSWS,B,20260525,544740,,Tipco Engineering In,   157.3000,   162.1000,   155.0000,   162.1000,     131200,         60,            21172800
VSWS,B,20260525,544741,,Highness Microelectr,   157.0000,   157.0000,   147.0500,   150.5500,      25200,         21,             3840300
VSWS,B,20260525,544742,,Sai Parenteral's,   514.9500,   514.9500,   487.2000,   489.7000,      19725,        773,             9780073
VSWS,B,20260525,544743,,Amir Chand Jagdish K,   128.1500,   129.8000,   126.0000,   126.4000,      20060,        641,             2562140
VSWS,B,20260525,544744,,Powerica,   560.0000,   569.9500,   549.5500,   554.7000,      40181,       2957,            22535383
VSWS,B,20260525,544745,,SBI Nfty Midcap 150,    22.9700,    23.3400,    22.4800,    22.4800,       1858,         21,               41923
VSWS,B,20260525,544746,,Safety Controls & De,    93.2000,    94.0000,    88.0000,    89.0700,      54400,         29,             4888272
VSWS,B,20260525,544747,,Emiac Technologies,   102.0000,   102.0000,   101.5000,   101.5000,       7200,          6,              732600
VSWS,B,20260525,544748,,One Point One Soluti,    61.2200,    62.4200,    60.2700,    61.1100,     223765,        816,            13787364
VSWS,B,20260525,544750,,Om Power Transmissio,   193.1000,   193.1000,   187.7000,   189.0000,      33621,        440,             6369042
VSWS,B,20260525,544751,,Mehul Telecom,    98.5000,   100.0000,    79.4000,    98.0500,      32400,         22,             3152040
VSWS,B,20260525,544754,,OnEMI Technology Sol,   236.3500,   254.4000,   234.1000,   252.7000,     255720,       4830,            63092762
VSWS,B,20260525,544755,,Recode Studios,   206.7500,   210.0000,   202.0500,   209.3500,      36000,         42,             7481160
VSWS,B,20260525,544756,,United Polyfab Gujar,    36.5000,    36.5000,    34.0000,    34.2400,       2846,         34,               97579
VSWS,B,20260525,544757,,Bombay Super Hybrid,    93.6100,   103.4000,    93.6100,    96.8000,        591,         12,               57226
VSWS,B,20260525,544759,,Goldline Pharmaceuti,    46.2600,    46.2600,    46.2600,    46.2600,     174000,         55,             8049240
VSWS,B,20260525,544760,,DSP Nifty FMCG ETF,    50.4500,    50.4900,    50.3000,    50.4300,       1431,         50,               72034
VSWS,B,20260525,544761,,Edelweiss Nifty Next,    72.8900,    72.8900,    70.5000,    70.5500,        151,          7,               10659
VSWS,B,20260525,544762,,SBI Nifty200 Valu 30,    15.6000,    15.6100,    15.5600,    15.5800,       3518,         16,               54825
VSWS,B,20260525,544763,,Sbi Nifty SMLCAP 250,    16.8800,    17.0600,    16.8800,    17.0600,       1108,         26,               18822
VSWS,B,20260525,555555,,ICICI Pru BSE Sensex,   871.0000,   877.0300,   870.7400,   874.8100,        557,         32,              487096
VSWS,B,20260525,570002,,Future Enter Type B,     2.5700,     2.7300,     2.5300,     2.7300,       3440,         16,                8913
VSWS,B,20260525,570004,,Jain Irrigation DVR,    22.7500,    23.0000,    22.3000,    22.9500,        143,         43,                3246
VSWS,B,20260525,570005,,GACM Techno Type B,     0.5000,     0.5200,     0.4900,     0.5100,     267436,         89,              135458
VSWS,B,20260525,590003,,Karur Vysya Bank,   289.0000,   294.3500,   289.0000,   292.0500,      95366,       2421,            27888181
VSWS,B,20260525,590005,,Veedol Corporation,  1449.8000,  1451.6500,  1424.2500,  1428.1500,        672,        113,              961347
VSWS,B,20260525,590006,,Amrutanjan Health Ca,   554.2500,   571.8000,   553.3000,   560.6000,       2124,        255,             1191736
VSWS,B,20260525,590013,,Xpro India,  1142.0000,  1151.4000,  1104.0000,  1119.3500,       1772,        290,             1983695
VSWS,B,20260525,590018,,Hisar Metal Indus,   157.9500,   157.9500,   154.9500,   154.9500,          2,          2,                 312
VSWS,B,20260525,590021,,Bharat Rasayan,  1394.5000,  1470.6000,  1394.5000,  1437.1000,       1539,        231,             2240774
VSWS,B,20260525,590022,,Eastern Silk Indus,    57.1000,    57.1500,    57.1000,    57.1500,       2393,         18,              136690
VSWS,B,20260525,590024,,Fert & Chem Travan,   875.4000,   895.0000,   875.4000,   883.6000,      17529,        779,            15543548
VSWS,B,20260525,590025,,Ginni Filaments,    44.0500,    45.9400,    43.9100,    45.0200,      73779,        783,             3287281
VSWS,B,20260525,590030,,Southern Petrochem,    75.5400,    75.5400,    71.4100,    71.9200,      80693,        693,             5864797
VSWS,B,20260525,590031,,De Nora India,   731.3500,   733.0000,   715.0000,   724.4500,        414,         57,              300374
VSWS,B,20260525,590041,,Kavveri Defence & Wi,    62.4600,    66.2800,    62.4600,    66.2800,      60829,        366,             4009120
VSWS,B,20260525,590051,,Saksoft,   139.6500,   152.2500,   139.6500,   143.8500,      93433,       1319,            13756865
VSWS,B,20260525,590056,,Salona Cotspin,   276.9500,   283.9500,   270.2500,   283.9500,          4,          4,                1108
VSWS,B,20260525,590057,,Equippp Social Impac,    14.7000,    15.7000,    14.7000,    15.4900,        338,          7,                5052
VSWS,B,20260525,590062,,Andhra Sugars,    88.6200,    89.3100,    86.4400,    86.5800,      27517,        279,             2397955
VSWS,B,20260525,590065,,India Motor Parts &,  1173.9500,  1173.9500,  1113.4000,  1128.8500,        529,         50,              597259
VSWS,B,20260525,590066,,K C P,   162.4500,   165.8000,   160.6000,   163.7000,      12713,        388,             2081163
VSWS,B,20260525,590068,,Khaitan (India),   135.0000,   135.0000,   134.9500,   135.0000,         84,          6,               11338
VSWS,B,20260525,590070,,Radaan Mediaworks (I,     3.1200,     3.1300,     3.0000,     3.1000,       2502,         26,                7572
VSWS,B,20260525,590071,,Sundaram Finance,  4549.8000,  4549.8000,  4364.0000,  4379.8000,       1706,        422,             7564365
VSWS,B,20260525,590072,,Sundaram Brake Linin,   659.0000,   768.0000,   659.0000,   768.0000,      10417,        107,             7993694
VSWS,B,20260525,590073,,Wheels (I),  1689.7000,  1689.7000,  1613.0000,  1638.9500,       6872,        950,            11272286
VSWS,B,20260525,590075,,Lambodhara Textile,   105.0000,   121.0000,   103.7000,   104.5500,         41,         22,                4327
VSWS,B,20260525,590078,,Maithan Alloys,   945.0000,   955.1500,   942.0000,   943.2500,       1757,        182,             1663174
VSWS,B,20260525,590086,,Orissa Minerals Deve,  4074.9500,  4113.4500,  4063.3500,  4082.1500,        681,        122,             2787345
VSWS,B,20260525,590095,,Nippon India ETF Gol,   130.5400,   130.8700,   130.1600,   130.5200,     936316,       6210,           122246526
VSWS,B,20260525,590096,,Nippon INft 1D RLBeE,  1000.0000,  1000.0100,   999.9900,   999.9900,      89357,        366,            89356695
VSWS,B,20260525,590097,,Kotak - Gold ETF,   131.7000,   132.3700,   131.5100,   131.8500,      51435,        841,             6779590
VSWS,B,20260525,590098,,SBI ETF Gold,   134.5300,   134.9100,   134.0100,   134.6700,     108866,       1599,            14656695
VSWS,B,20260525,590099,,Quantum Gold ETF,   130.8000,   131.0000,   130.5800,   130.6800,       4882,        196,              638287
VSWS,B,20260525,590101,,UTI - Gold ETF,   133.7400,   133.7400,   132.5700,   132.8200,      35432,        415,             4706679
VSWS,B,20260525,590103,,Nippon INft 50 BeES,   270.4100,   272.4000,   269.7600,   271.9700,     196283,       2448,            53274250
VSWS,B,20260525,590104,,Nippon INft N50 JrBe,   754.8200,   766.1800,   754.8200,   764.7200,      47821,       2710,            36445995
VSWS,B,20260525,590106,,NipponINft BnkBees,   561.9400,   572.7500,   561.7900,   571.3500,      58187,       1050,            33041717
VSWS,B,20260525,590107,,Kotak Nty PSU Bk ETF,   822.6000,   830.2000,   785.0000,   824.8300,       2725,         77,             2216838
VSWS,B,20260525,590108,,Nippon INft PSU BBeE,    91.0700,    92.6900,    89.8300,    92.2300,     190804,        973,            17428744
VSWS,B,20260525,590109,,Nippon INft50 Sha Be,   466.3600,   470.3400,   463.4300,   466.7600,        441,         53,              205902
VSWS,B,20260525,590110,,Quantum Nifty 50 ETF,   262.6000,   263.2000,   262.2000,   263.0300,        519,         26,              136448
VSWS,B,20260525,590113,,Nippon India ETF Hng,   532.5500,   540.1600,   532.5500,   536.3300,       6348,        472,             3411191
VSWS,B,20260525,590115,,Motilal Oswal Nfty,   248.8800,   250.5100,   247.9600,   250.4400,        471,         25,              117503
VSWS,B,20260525,590134,,Madras Fertilizers,    68.1500,    69.4700,    68.1500,    68.9900,       5567,         85,              383263
VSWS,B,20260525,590136,,Kotak Nifty Bank ETF,    56.3900,    57.4400,    56.3900,    57.3600,     191670,        552,            10915558
VSWS,B,20260525,590137,,SBI ETF Nifty Bank,   556.2300,   567.0000,   556.2300,   566.4400,       2332,        172,             1316602
VSWS,B,20260525,590138,,SBI ETF Nifty 50,   254.7300,   258.2000,   254.7300,   256.9800,      78137,       1213,            20045548
VSWS,B,20260525,590139,,Kotak Nifty 1D Rate,  1105.7700,  1105.7900,  1105.7700,  1105.7900,      17598,         26,            19459531
VSWS,B,20260525,590140,,Tata Gold ETF,    15.3800,    15.3800,    15.2700,    15.3200,    2519893,       3731,            38603649
VSWS,B,20260525,590141,,Nippon India ETF Nif,    32.1300,    32.3500,    31.9600,    32.1300,     459504,       1704,            14785882
VSWS,B,20260525,590142,,Nippon Ind NftPh ETF,    25.8500,    25.8500,    25.2000,    25.3400,     398623,        713,            10089682
VSWS,B,20260525,590143,,Nippon INft 8-13 YGS,    29.1000,    29.2400,    29.1000,    29.1800,     282426,         75,             8249692
VSWS,B,20260525,590144,,Nippon India ETF Nif,   232.6600,   235.4100,   232.6600,   234.2600,      53849,        792,            12621342
VSWS,B,20260525,590145,,Nippon India Silver,   255.0500,   256.7300,   254.6900,   256.1100,     606033,       4975,           155056897
VSWS,B,20260525,590146,,MOswal Gold ETF,   156.3100,   156.6500,   155.5100,   156.4000,        844,         23,              132008
VSWS,B,20260525,590147,,MOswal Silver ETF,   260.0100,   264.5000,   260.0100,   263.4700,       1878,         65,              494180
VSWS,B,20260525,590148,,MO Nfty Scap 250 ETF,    16.8700,    17.2800,    16.8700,    17.0700,      36500,        117,              622501
VSWS,B,20260525,590149,,Motilal Oswa Nifty C,    56.7600,    57.1700,    56.2700,    56.8900,      22955,        184,             1299553
VSWS,B,20260525,590150,,MO Nifty Realty ETF,    78.2000,    78.6200,    77.9100,    78.5000,       8710,        175,              682429
VSWS,B,20260525,590151,,M Oswal Nifty 500 M,    53.0600,    53.2500,    52.6800,    53.0800,      79065,        202,             4183742
VSWS,B,20260525,590152,,M Oswal Nifty I Defe,    99.8200,   102.1800,    97.8000,   101.3200,      42776,        442,             4322321
VSWS,B,20260525,590153,,Motilal Oswal Nifty,    23.4500,    23.4500,    23.2000,    23.4000,      33776,        170,              789076
VSWS,B,20260525,590154,,Kotak Nifty Alpha 50,    50.7100,    51.2300,    50.3800,    51.0900,     142651,        294,             7264135
VSWS,B,20260525,590155,,Groww Silver ETF,    26.3700,    26.4900,    25.9900,    26.2900,      59725,        187,             1569657
VSWS,B,20260525,590156,,Groww Gold ETF,    15.3000,    15.7500,    14.5000,    15.4200,      59422,        246,              922967
VSWS,B,20260525,590157,,Groww Nifty India De,    90.9100,    92.7400,    90.9100,    91.9000,      22788,        257,             2087632
VSWS,B,20260525,590158,,Groww Nfty I Railway,    32.0000,    32.1800,    31.4100,    31.7200,      12334,        200,              390914
VSWS,B,20260525,590159,,Groww Nifty 1D Rate,   109.1900,   109.2000,   109.1900,   109.2000,         13,          4,                1419
VSWS,N,20260525,NIX000000011,IX,INDIA VIX,17.9100,17.9100,16.3900,16.7000,0,0,0
VSWS,N,20260525,NIX000000008,IX,NIFTY 100,24899.8500,25025.6000,24883.1000,25001.7000,0,0,0
VSWS,N,20260525,NIX000000025,IX,NIFTY 200,13803.2000,13862.5500,13794.5000,13849.1000,0,0,0
VSWS,N,20260525,NIX000000001,IX,NIFTY 50,23940.2500,24054.4500,23922.8500,24031.7000,5207566049,34440178,1195811717855
VSWS,N,20260525,NIX000000005,IX,NIFTY 500,22859.5000,22949.9500,22849.1000,22929.4500,0,0,0
VSWS,N,20260525,NIX000000045,IX,NIFTY ALPHA 50,52692.4500,52974.8500,52612.0000,52873.3000,0,0,0
VSWS,N,20260525,NIX000000052,IX,NIFTY ALPHALOWVOL,26096.0500,26235.0500,26074.6500,26201.4500,0,0,0
VSWS,N,20260525,NIX000000084,IX,NIFTY AQL 30,22551.4000,22625.1500,22449.1500,22499.0000,0,0,0
VSWS,N,20260525,NIX000000085,IX,NIFTY AQLV 30,20096.8500,20131.3500,20038.2500,20090.6000,0,0,0
VSWS,N,20260525,NIX000000021,IX,NIFTY AUTO,26400.4500,26655.6000,26319.6000,26463.0500,0,0,0
VSWS,N,20260525,NIX000000007,IX,NIFTY BANK,54610.5500,55405.2000,54590.7000,55293.6500,0,0,0
VSWS,N,20260525,NIX000000079,IX,NIFTY CAPITAL MKT,5615.8500,5666.6500,5593.6000,5648.9000,0,0,0
VSWS,N,20260525,NIX000000125,IX,NIFTY CHEMICALS,29445.0000,29692.2000,29304.2000,29624.5000,0,0,0
VSWS,N,20260525,NIX000000027,IX,NIFTY COMMODITIES,10329.7500,10356.3000,10272.6000,10345.5000,0,0,0
VSWS,N,20260525,NIX000000056,IX,NIFTY CONSR DURBL,35616.6000,35769.1000,35436.7500,35671.0500,0,0,0
VSWS,N,20260525,NIX000000028,IX,NIFTY CONSUMPTION,11427.7500,11456.9500,11376.1000,11414.1500,0,0,0
VSWS,N,20260525,NIX000000102,IX,NIFTY COREHOUSING,15212.9000,15242.0500,15147.5000,15215.2500,0,0,0
VSWS,N,20260525,NIX000000089,IX,NIFTY CORP MAATR,38739.9000,38978.9000,38629.4000,38947.6000,0,0,0
VSWS,N,20260525,NIX000000032,IX,NIFTY CPSE,7198.7500,7198.8000,7137.1000,7156.6500,0,0,0
VSWS,N,20260525,NIX000000026,IX,NIFTY DIV OPPS 50,5949.9000,5954.8500,5925.5000,5938.5000,0,0,0
VSWS,N,20260525,NIX000000014,IX,NIFTY ENERGY,40609.1500,40689.4000,40387.4500,40578.8000,0,0,0
VSWS,N,20260525,NIX000000086,IX,NIFTY EV,3039.2500,3057.0500,3036.0500,3050.7000,0,0,0
VSWS,N,20260525,NIX000000029,IX,NIFTY FIN SERVICE,25805.8000,26145.7500,25797.9500,26102.1500,0,0,0
VSWS,N,20260525,NIX000000103,IX,NIFTY FINSEREXBNK,31841.6500,32135.9000,31813.0000,32080.3000,0,0,0
VSWS,N,20260525,NIX000000051,IX,NIFTY FINSRV25 50,28176.6500,28537.9500,28173.2500,28493.1500,0,0,0
VSWS,N,20260525,NIX000000015,IX,NIFTY FMCG,50572.8000,50721.1000,50062.1500,50157.7500,0,0,0
VSWS,N,20260525,NIX000000122,IX,NIFTY FPI 150,1546.1000,1550.7500,1543.7000,1549.4000,0,0,0
VSWS,N,20260525,NIX000000033,IX,NIFTY GROWSECT 15,10902.9000,10933.2000,10874.9000,10891.2500,0,0,0
VSWS,N,20260525,NIX000000055,IX,NIFTY HEALTHCARE,15698.8000,15752.2500,15638.8500,15704.9000,0,0,0
VSWS,N,20260525,NIX000000087,IX,NIFTY HIGHBETA 50,4197.8500,4219.2500,4187.3500,4214.6000,0,0,0
VSWS,N,20260525,NIX000000104,IX,NIFTY HOUSING,11992.3000,12077.9000,11971.3000,12065.6500,0,0,0
VSWS,N,20260525,NIX000000077,IX,NIFTY IND DEFENCE,9182.8500,9264.6000,9136.3500,9219.6500,0,0,0
VSWS,N,20260525,NIX000000066,IX,NIFTY IND DIGITAL,7895.3500,7904.7000,7845.9000,7862.4500,0,0,0
VSWS,N,20260525,NIX000000078,IX,NIFTY IND TOURISM,7325.5000,7371.1500,7295.5000,7356.6000,0,0,0
VSWS,N,20260525,NIX000000062,IX,NIFTY INDIA MFG,15935.7500,15965.0500,15894.8000,15947.5000,0,0,0
VSWS,N,20260525,NIX000000013,IX,NIFTY INFRA,9460.8000,9471.8500,9425.3000,9460.2000,0,0,0
VSWS,N,20260525,NIX000000127,IX,NIFTY INFRALOG,12111.7500,12158.6000,12082.5500,12149.6000,0,0,0
VSWS,N,20260525,NIX000000124,IX,NIFTY INTERNET,1224.1000,1227.0000,1217.5000,1218.8500,0,0,0
VSWS,N,20260525,NIX000000105,IX,NIFTY IPO,2088.9500,2104.9000,2087.9500,2103.5500,0,0,0
VSWS,N,20260525,NIX000000002,IX,NIFTY IT,29103.6500,29177.8000,28831.3000,28979.8500,0,0,0
VSWS,N,20260525,NIX000000059,IX,NIFTY LARGEMID250,16446.9500,16491.8500,16426.1000,16476.0000,0,0,0
VSWS,N,20260525,NIX000000090,IX,NIFTY LOW VOL 50,24469.3000,24508.2500,24395.0000,24438.0500,0,0,0
VSWS,N,20260525,NIX000000061,IX,NIFTY M150 QLTY50,23897.2000,23939.5000,23793.4000,23823.0000,0,0,0
VSWS,N,20260525,NIX000000023,IX,NIFTY MEDIA,1387.7500,1398.8000,1374.5000,1378.4500,0,0,0
VSWS,N,20260525,NIX000000022,IX,NIFTY METAL,13355.7000,13385.8500,13271.6500,13345.6500,0,0,0
VSWS,N,20260525,NIX000000065,IX,NIFTY MICROCAP250,23489.2000,23659.7500,23443.6500,23631.3500,0,0,0
VSWS,N,20260525,NIX000000039,IX,NIFTY MIDCAP LIQUID 15,16833.3000,16908.7500,16771.3000,16881.4000,0,0,0
VSWS,N,20260525,NIX000000063,IX,NIFTY MID SELECT,14529.1500,14577.3500,14495.6500,14559.9000,0,0,0
VSWS,N,20260525,NIX000000006,IX,NIFTY MIDCAP 100,61952.4500,62034.7000,61777.0000,61966.6000,0,0,0
VSWS,N,20260525,NIX000000046,IX,NIFTY MIDCAP 150,22703.3500,22725.6500,22645.7500,22694.3500,0,0,0
VSWS,N,20260525,NIX000000010,IX,NIFTY MIDCAP 50,17637.8500,17672.3000,17588.4000,17650.6000,0,0,0
VSWS,N,20260525,NIX000000049,IX,NIFTY MIDSML 400,20568.1000,20608.4500,20537.1000,20583.9000,0,0,0
VSWS,N,20260525,NIX000000070,IX,NIFTY MIDSML HLTH,48498.8500,48590.3000,48284.4000,48454.5000,0,0,0
VSWS,N,20260525,NIX000000016,IX,NIFTY MNC,32209.5500,32276.1500,31992.0500,32058.2000,0,0,0
VSWS,N,20260525,NIX000000091,IX,NIFTY MOBILITY,21611.8500,21765.3500,21580.3500,21694.0500,0,0,0
VSWS,N,20260525,NIX000000106,IX,NIFTY MS FIN SERV,22289.7500,22469.2000,22269.9000,22413.7000,0,0,0
VSWS,N,20260525,NIX000000107,IX,NIFTY MS IND CONS,17987.0500,17991.4000,17786.9000,17828.4000,0,0,0
VSWS,N,20260525,NIX000000108,IX,NIFTY MS IT TELCM,9346.6500,9410.9500,9271.3500,9386.4500,0,0,0
VSWS,N,20260525,NIX000000072,IX,NIFTY MULTI INFRA,14528.6000,14555.0000,14503.1000,14546.6000,0,0,0
VSWS,N,20260525,NIX000000071,IX,NIFTY MULTI MFG,16292.3500,16352.4000,16265.0500,16340.7500,0,0,0
VSWS,N,20260525,NIX000000099,IX,NIFTY MULTI MQ 50,42863.1500,42949.3000,42722.2000,42892.0500,0,0,0
VSWS,N,20260525,NIX000000088,IX,NIFTY NEW CONSUMP,11037.9000,11068.5000,11008.0500,11031.3500,0,0,0
VSWS,N,20260525,NIX000000003,IX,NIFTY NEXT 50,70444.0500,70909.7500,70390.9000,70815.8500,0,0,0
VSWS,N,20260525,NIX000000109,IX,NIFTY NONCYC CONS,14835.3000,14843.1500,14730.0000,14756.6000,0,0,0
VSWS,N,20260525,NIX000000057,IX,NIFTY OIL AND GAS,11512.3500,11561.1500,11483.9500,11524.6000,0,0,0
VSWS,N,20260525,NIX000000017,IX,NIFTY PHARMA,24615.1500,24762.9000,24543.7500,24674.7000,0,0,0
VSWS,N,20260525,NIX000000018,IX,NIFTY PSE,10473.5000,10493.3500,10420.7000,10481.9500,0,0,0
VSWS,N,20260525,NIX000000019,IX,NIFTY PSU BANK,8102.4000,8258.0500,8093.2500,8238.1000,0,0,0
VSWS,N,20260525,NIX000000041,IX,NIFTY PRIVATE BANK,26639.7500,26978.3000,26626.8000,26927.1000,0,0,0
VSWS,N,20260525,NIX000000092,IX,NIFTY QLTY LV 30,16366.3000,16392.5500,16278.8000,16315.0000,0,0,0
VSWS,N,20260525,NIX000000133,IX,NIFTY RAILWAYSPSU,3117.7500,3138.2500,3115.1000,3132.2500,0,0,0
VSWS,N,20260525,NIX000000012,IX,NIFTY REALTY,783.1000,787.4000,780.8000,786.0500,0,0,0
VSWS,N,20260525,NIX000000110,IX,NIFTY RURAL,15276.2000,15333.0000,15257.3000,15312.9000,0,0,0
VSWS,N,20260525,NIX000000020,IX,NIFTY SERV SECTOR,30222.2000,30426.0500,30193.8500,30388.0000,0,0,0
VSWS,N,20260525,NIX000000111,IX,NIFTY SHARIAH 25,7869.9000,7871.4000,7829.7500,7841.6500,0,0,0
VSWS,N,20260525,NIX000000123,IX,NIFTY SME EMERGE,13747.0500,13804.6000,13737.7000,13778.0500,0,0,0
VSWS,N,20260525,NIX000000093,IX,NIFTY SML250 Q50,24818.5500,25002.9000,24794.9000,24856.8000,0,0,0
VSWS,N,20260525,NIX000000024,IX,NIFTY SMLCAP 100,18130.2000,18216.8500,18118.5500,18202.7000,0,0,0
VSWS,N,20260525,NIX000000048,IX,NIFTY SMLCAP 250,16923.8000,17000.2500,16908.6000,16976.4000,0,0,0
VSWS,N,20260525,NIX000000047,IX,NIFTY SMLCAP 50,8929.1500,8987.8500,8921.9500,8977.9000,0,0,0
VSWS,N,20260525,NIX000000069,IX,NIFTY TATA 25 CAP,14327.8000,14389.1000,14302.3500,14362.9500,0,0,0
VSWS,N,20260525,NIX000000121,IX,NIFTY TMMQ 50,44711.0000,44779.3500,44525.1000,44709.3500,0,0,0
VSWS,N,20260525,NIX000000083,IX,NIFTY TOP 10 EW,8633.4500,8678.2500,8622.0500,8669.0000,0,0,0
VSWS,N,20260525,NIX000000094,IX,NIFTY TOP 15 EW,9662.2500,9714.1500,9652.2000,9702.8000,0,0,0
VSWS,N,20260525,NIX000000101,IX,NIFTY TOP 20 EW,8551.6500,8597.9500,8544.1500,8586.7000,0,0,0
VSWS,N,20260525,NIX000000064,IX,NIFTY TOTAL MKT,12868.1500,12920.3000,12862.6500,12909.1000,0,0,0
VSWS,N,20260525,NIX000000112,IX,NIFTY TRANS LOGIS,23892.1500,24084.1500,23870.3500,23989.1500,0,0,0
VSWS,N,20260525,NIX000000126,IX,NIFTY WAVES,1911.8000,1923.3000,1903.4500,1914.8500,0,0,0
VSWS,N,20260525,NIX000000095,IX,NIFTY100 ALPHA 30,17887.9500,18009.5500,17872.7500,17988.8000,0,0,0
VSWS,N,20260525,NIX000000096,IX,NIFTY100 ENH ESG,4885.9000,4902.3500,4880.5500,4897.4000,0,0,0
VSWS,N,20260525,NIX000000043,IX,NIFTY100 EQL WGT,34028.4500,34185.2000,34000.4000,34148.8000,0,0,0
VSWS,N,20260525,NIX000000060,IX,NIFTY100 ESG,4852.6500,4868.9000,4847.3500,4864.0000,0,0,0
VSWS,N,20260525,NIX000000031,IX,NIFTY100 LIQ 15,7177.3500,7223.9500,7164.5000,7215.2500,0,0,0
VSWS,N,20260525,NIX000000044,IX,NIFTY100 LOWVOL30,19792.5500,19846.5000,19776.7500,19824.3000,0,0,0
VSWS,N,20260525,NIX000000040,IX,NIFTY100 QUALTY30,5572.0000,5577.6500,5545.6500,5554.1000,0,0,0
VSWS,N,20260525,NIX000000054,IX,NIFTY100ESGSECLDR,4007.5500,4023.0000,4001.0000,4019.6000,0,0,0
VSWS,N,20260525,NIX000000067,IX,NIFTY200 ALPHA 30,25975.1500,26203.6000,25946.1000,26143.7500,0,0,0
VSWS,N,20260525,NIX000000050,IX,NIFTY200 QUALTY30,20346.3500,20360.7000,20198.9000,20210.5500,0,0,0
VSWS,N,20260525,NIX000000097,IX,NIFTY200 VALUE 30,15564.1000,15629.1500,15530.9000,15608.9000,0,0,0
VSWS,N,20260525,NIX000000053,IX,NIFTY200MOMENTM30,30654.6500,30847.4500,30631.3000,30801.0000,0,0,0
VSWS,N,20260525,NIX000000042,IX,NIFTY50 EQL WGT,32735.6000,32826.0500,32671.2000,32796.6500,0,0,0
VSWS,N,20260525,NIX000000035,IX,NIFTY50 PR 1X INV,220.0000,220.1500,218.9500,219.1500,0,0,0
VSWS,N,20260525,NIX000000034,IX,NIFTY50 PR 2X LEV,11947.6500,12060.5500,11931.9500,12038.1500,0,0,0
VSWS,N,20260525,NIX000000113,IX,NIFTY50 SHARIAH,4367.1500,4370.0500,4339.1500,4343.2000,0,0,0
VSWS,N,20260525,NIX000000037,IX,NIFTY50 TR 1X INV,179.6000,179.7000,178.7000,178.9000,0,0,0
VSWS,N,20260525,NIX000000036,IX,NIFTY50 TR 2X LEV,17979.1500,18149.0000,17955.6000,18115.2500,0,0,0
VSWS,N,20260525,NIX000000119,IX,NIFTY50 USD,8586.3500,8818.9000,8544.2500,8746.8000,0,0,0
VSWS,N,20260525,NIX000000038,IX,NIFTY50 VALUE 20,12105.7500,12144.5000,12071.0000,12129.9500,0,0,0
VSWS,N,20260525,NIX000000098,IX,NIFTY500 EW,14328.9500,14375.8500,14319.0000,14356.4500,0,0,0
VSWS,N,20260525,NIX000000120,IX,NIFTY500 FLEXICAP,9747.9000,9767.0500,9717.0000,9734.7500,0,0,0
VSWS,N,20260525,NIX000000128,IX,NIFTY500 HEALTH,20222.1000,20273.5500,20136.3500,20223.7000,0,0,0
VSWS,N,20260525,NIX000000114,IX,NIFTY500 LMS EQL,17892.3500,17946.5500,17883.3500,17932.7000,0,0,0
VSWS,N,20260525,NIX000000117,IX,NIFTY500 LOWVOL50,22264.9500,22284.2000,22173.4000,22224.7500,0,0,0
VSWS,N,20260525,NIX000000118,IX,NIFTY500 MQVLV50,31213.7500,31261.9500,31083.2500,31158.5500,0,0,0
VSWS,N,20260525,NIX000000058,IX,NIFTY500 MULTICAP,16076.6000,16133.3500,16069.7000,16120.2000,0,0,0
VSWS,N,20260525,NIX000000116,IX,NIFTY500 QLTY50,19880.9500,19887.0000,19773.5500,19791.6000,0,0,0
VSWS,N,20260525,NIX000000115,IX,NIFTY500 SHARIAH,6927.7500,6930.0500,6897.0500,6908.4500,0,0,0
VSWS,N,20260525,NIX000000100,IX,NIFTY500 VALUE 50,16682.6500,16710.5000,16625.2500,16691.3000,0,0,0
VSWS,N,20260525,NIX000000080,IX,NIFTY500MOMENTM50,53472.2500,53719.8000,53431.5500,53637.2000,0,0,0
VSWS,N,20260525,NIX000000134,IX,NIFTYCONGLOMERATE,14680.9000,14772.7500,14660.0000,14759.9500,0,0,0
VSWS,N,20260525,NIX000000068,IX,NIFTYM150MOMNTM50,63325.7500,63535.4500,63256.4500,63431.9000,0,0,0
VSWS,N,20260525,NIX000000081,IX,NIFTYMS400 MQ 100,50975.9000,51074.1000,50803.7000,50953.6500,0,0,0
VSWS,N,20260525,NIX000000082,IX,NIFTYSML250MQ 100,45380.0500,45605.1500,45306.2500,45478.9000,0,0,0
VSWS,N,20260525,20MICRONS,EQ,20 Microns,180.0000,207.9500,180.0000,196.6700,3644363,42178,729406207
VSWS,N,20260525,21STCENMGM,EQ,21st Century Mgmt,32.8800,32.8800,32.8800,32.8800,210,2,6905
VSWS,N,20260525,360ONE,EQ,360 ONE WAM,1125.4000,1144.4000,1119.1000,1142.4000,725309,30983,823308976
VSWS,N,20260525,3BBLACKBIO,EQ,3B Blackbio DX,1218.9000,1258.9000,1203.1000,1236.2000,3584,729,4404872
VSWS,N,20260525,3IINFOLTD,EQ,3i Infotech,17.6000,17.7000,17.3800,17.4700,154937,850,2717644
VSWS,N,20260525,3MINDIA,EQ,3M India,33950.0000,34300.0000,33185.0000,33615.0000,13508,5842,455659935
VSWS,N,20260525,3PLAND,EQ,3P Land Holdings,31.2900,31.2900,30.0500,30.8700,21429,275,665021
VSWS,N,20260525,5PAISA,EQ,5paisa Capital,315.2500,323.9000,315.2500,319.9500,29575,1360,9481003
VSWS,N,20260525,63MOONS,EQ,63 Moons Technologie,682.0500,692.9500,636.3000,643.3500,281779,6774,185430688
VSWS,N,20260525,A2ZINFRA,EQ,A2Z Infra Engineerin,15.5300,15.6200,14.7600,14.7800,490530,605,7292670
VSWS,N,20260525,AAATECH,EQ,AAA Technologies,93.1800,94.3800,92.8400,93.5800,3793,181,354898
VSWS,N,20260525,AADHARHFC,EQ,Aadhar Housing Finan,480.0000,480.7000,468.5000,473.2500,417629,19189,198173861
VSWS,N,20260525,AAKAAR,SM,Aakaar Medical Techn,72.5000,72.9500,72.5000,72.9500,17600,9,1283200
VSWS,N,20260525,AAKASH,BE,Aakash Exploration S,8.9100,9.2900,8.9000,8.9400,132493,329,1190002
VSWS,N,20260525,AAREYDRUGS,BE,Aarey Drugs,83.7300,83.7300,81.5000,81.8400,8025,96,662869
VSWS,N,20260525,AARNAV,EQ,Aarnav Fashions,23.1500,25.0000,23.1500,23.6300,22986,265,559458
VSWS,N,20260525,AARON,EQ,Aaron Industries,123.8000,129.1700,120.5100,125.9700,25112,676,3163073
VSWS,N,20260525,AARTECH,EQ,Aartech Solonics,42.2900,43.9000,42.2900,42.8600,183357,675,7879316
VSWS,N,20260525,AARTIDRUGS,EQ,Aarti Drugs,393.0000,399.0000,388.6000,394.4500,137035,4313,53985942
VSWS,N,20260525,AARTIIND,EQ,Aarti Industries,479.0000,487.9000,477.9000,482.6000,418896,12916,202434217
VSWS,N,20260525,AARTIPHARM,EQ,Aarti Pharmalabs,714.1500,741.4000,714.1500,732.4500,160880,11618,117417546
VSWS,N,20260525,AARTISURF,EQ,Aarti Surfactants,381.2000,400.8500,381.2000,395.6500,9191,667,3623619
VSWS,N,20260525,AARVI,EQ,Aarvi Encon,132.0000,132.0000,124.5100,127.1200,75890,909,9713840
VSWS,N,20260525,AATMAJ,SM,Aatmaj Healthcare,20.2000,20.3000,20.2000,20.3000,6000,2,121600
VSWS,N,20260525,AAVAS,EQ,Aavas Financiers,1399.9000,1416.7000,1361.9000,1375.0000,37767,5372,52091225
VSWS,N,20260525,ABAN,BE,Aban Offshore,17.0100,17.0100,17.0000,17.0000,17811,59,302811
VSWS,N,20260525,ABANSENT,BE,ABans Enterprises,28.3700,28.3800,26.0500,28.3800,29133,137,814859
VSWS,N,20260525,ABB,EQ,ABB India,6734.0000,6826.0000,6712.5000,6755.0000,263153,26417,1783572692
VSWS,N,20260525,ABBOTINDIA,EQ,Abbott India,27885.0000,27965.0000,27400.0000,27705.0000,11197,5117,309228465
VSWS,N,20260525,ABCAPITAL,EQ,Aditya Birla Capital,363.0000,364.9500,360.0000,363.6500,2791387,32676,1013282808
VSWS,N,20260525,ABCOTS,EQ,A B Cotspin India Lt,219.0000,219.0000,212.0000,216.8300,55211,1412,11934990
VSWS,N,20260525,ABDL,EQ,Allied Blenders & Di,541.0000,547.1500,534.0000,536.0000,145903,4392,78965240
VSWS,N,20260525,ABFRL,EQ,Aditya Birla Fashion,68.0000,69.0000,67.0500,67.3600,3625639,21672,245857291
VSWS,N,20260525,ABGSEC,EQ,Aditya BSL CRISIL BB,110.8700,111.4800,110.7300,110.9000,310,6,34403
VSWS,N,20260525,ABHAPOWER,SM,Abha Power And Steel,37.0000,37.0000,29.0500,31.9000,116800,64,3647840
VSWS,N,20260525,ABINFRA,EQ,A B Infrabuild,13.1800,14.0000,12.7700,13.3400,960315,1663,12918029
VSWS,N,20260525,ABLBL,EQ,Aditya Birla Lifesty,102.5500,104.0000,102.0200,102.3900,391645,8565,40317444
VSWS,N,20260525,ABMINTLLTD,EQ,ABM International,44.1900,46.3900,44.1900,45.9500,205,15,9363
VSWS,N,20260525,ABMKNO,EQ,ABM Knowledgeware,230.6500,248.9000,225.0000,245.3800,1060,82,253680
VSWS,N,20260525,ABREL,EQ,Aditya Birla Real Es,1257.0000,1307.6000,1255.3000,1285.8000,218318,16737,281494822
VSWS,N,20260525,ABSL10BANK,EQ,A Birla SLife BSE T,163.4200,164.3900,163.4200,164.3700,141286,65,23217451
VSWS,N,20260525,ABSLAMC,EQ,Aditya Birla SL AMC,1012.2000,1047.1000,1005.0000,1016.2000,406460,29370,418948782
VSWS,N,20260525,ABSLBANETF,EQ,Aditya Birla SL Nift,55.7500,56.7200,55.7500,56.6400,90696,471,5106305
VSWS,N,20260525,ABSLLIQUID,EQ,Aditya Birla SL Cris,1000.0000,1000.0100,999.9900,999.9900,2714,14,2713993
VSWS,N,20260525,ABSLMSCIN,EQ,Aditya Birla Sun Lif,29.2200,29.2200,29.0700,29.2000,637,7,18536
VSWS,N,20260525,ABSLNN50ET,EQ,Aditya Birla SLNN50,73.9800,74.3400,73.0000,74.2200,6800,276,504251
VSWS,N,20260525,ABSLPSE,EQ,Aditya Birla SL Nify,10.7900,10.9700,10.7400,10.8800,142275,464,1544336
VSWS,N,20260525,ABSMARINE,SM,ABS Marine Services,309.0000,314.8000,285.2000,290.2500,264500,413,78259175
VSWS,N,20260525,ACC,EQ,A C C,1368.9000,1394.1000,1365.7000,1382.3000,184811,11297,254715649
VSWS,N,20260525,ACCELYA,EQ,Accelya Solutions (I,1148.8000,1148.8000,1129.6000,1142.5000,4418,583,5027628
VSWS,N,20260525,ACCENTMIC,SM,Accent Microcell,423.1000,445.0000,423.1000,434.8000,38000,55,16437875
VSWS,N,20260525,ACCORD,ST,Accord Synergy,55.6500,55.6500,55.6500,55.6500,4000,1,222600
VSWS,N,20260525,ACCPL,ST,Accretion Pharmaceut,111.5500,117.1000,111.5500,117.1000,32400,25,3764160
VSWS,N,20260525,ACCURACY,EQ,Accuracy Shipping,5.6900,5.9900,5.6900,5.8600,132941,402,779646
VSWS,N,20260525,ACE,EQ,Action Construction,886.5000,907.7000,884.0000,885.4500,220584,12246,197726247
VSWS,N,20260525,ACEINTEG,EQ,Ace Integrated Solut,20.4400,20.4400,19.9600,20.1600,2867,62,57543
VSWS,N,20260525,ACETEC,SM,Acetech E-Commerce,123.9000,135.0000,123.9000,134.5000,436800,26,56721600
VSWS,N,20260525,ACI,EQ,Archean Chemical Ind,535.0000,548.4000,530.2000,544.7500,164596,9313,89240784
VSWS,N,20260525,ACL,EQ,Andhra Cement,55.2500,57.7000,55.0000,55.2500,17502,307,980894
VSWS,N,20260525,ACMESOLAR,EQ,ACME Solar Holdings,292.9000,303.5000,286.8500,300.6000,3592647,54620,1069648927
VSWS,N,20260525,ACSTECH,EQ,ACS Technologies,34.0400,34.5500,33.6100,34.4000,36546,523,1247396
VSWS,N,20260525,ACTIVEINFR,SM,Active Infrastructur,181.0000,181.0000,181.0000,181.0000,600,1,108600
VSWS,N,20260525,ACUTAAS,EQ,Acutaas Chemicals,2920.0000,2963.3000,2864.2000,2923.8000,333972,31413,970339960
VSWS,N,20260525,ADANIENSOL,EQ,Adani Energy Solutio,1381.2000,1412.0000,1357.6000,1404.3000,3046325,68215,4238743531
VSWS,N,20260525,ADANIENT,EQ,Adani Enterprises,2739.8000,2858.8000,2739.3000,2849.7000,3277924,123831,9232160984
VSWS,N,20260525,ADANIGREEN,EQ,Adani Green Energy,1381.0000,1420.7000,1365.8000,1411.1000,4194567,72686,5854311011
VSWS,N,20260525,ADANIPORTS,EQ,Adani Ports & Specia,1809.0000,1813.3000,1793.0000,1802.9000,1516143,49906,2732591120
VSWS,N,20260525,ADANIPOWER,EQ,Adani Power,221.0000,234.6000,220.3100,233.3800,73847208,294237,16931066154
VSWS,N,20260525,ADDICTIVE,SM,Addictive Learning T,77.2000,77.2000,77.0000,77.0000,10000,7,770700
VSWS,N,20260525,ADFFOODS,EQ,ADF Foods,285.0000,290.0000,276.3000,277.4500,384800,11064,108668860
VSWS,N,20260525,ADISOFT,SM,Adisoft Technologies,202.3500,203.5000,196.0000,202.1500,50400,59,10113760
VSWS,N,20260525,ADL,EQ,Archidply Decor,77.5000,77.5000,74.4000,77.0700,2048,32,156794
VSWS,N,20260525,ADOR,EQ,Ador Welding,1089.3000,1089.3000,1073.2000,1079.8000,8413,884,9078577
VSWS,N,20260525,ADROITINFO,EQ,Adroit Infotech,8.9300,9.1000,8.6000,8.8200,127697,440,1122860
VSWS,N,20260525,ADSL,EQ,Allied Digital Servi,123.4800,125.4000,123.0600,124.1200,163859,2927,20357777
VSWS,N,20260525,ADVAIT,EQ,Advait Energy Transi,2040.0000,2124.0000,1993.6000,2103.0000,51104,5333,105455668
VSWS,N,20260525,ADVANCE,EQ,Advance Agrolife,105.9000,108.2900,104.2000,105.2400,129976,1580,13806715
VSWS,N,20260525,ADVANIHOTR,EQ,Advani Hotels,53.3600,54.4100,53.1100,53.3100,27648,628,1483343
VSWS,N,20260525,ADVENTHTL,EQ,Advent Hotels Intl,146.9500,159.9000,145.0900,152.5000,559114,8039,86178727
VSWS,N,20260525,ADVENZYMES,EQ,Advanced Enzyme Tech,380.9000,387.6000,375.3000,376.8500,134842,4378,51332622
VSWS,N,20260525,AEGISLOG,EQ,Aegis Logistics,726.0000,741.1000,726.0000,730.9500,433218,19787,318723721
VSWS,N,20260525,AEGISVOPAK,EQ,Aegis Vopak Terminal,210.0200,213.7000,205.3600,207.8800,633853,13909,132711201
VSWS,N,20260525,AEPL,EQ,Artemis Elect & Proj,16.3500,16.9300,16.0200,16.3300,39649,151,654553
VSWS,N,20260525,AEQUS,EQ,Aequs,215.0000,219.9700,210.7800,215.6400,2349820,28591,508171826
VSWS,N,20260525,AEROENTER,EQ,Aeroflex Enterprises,99.0200,101.6000,97.5200,98.0700,282839,1655,27990221
VSWS,N,20260525,AEROFLEX,EQ,Aeroflex Industries,410.0000,417.4500,401.0000,414.3500,1972411,26913,809604388
VSWS,N,20260525,AERON,SM,Aeron Composite,84.3000,89.8500,81.0000,83.5500,60000,55,5055100
VSWS,N,20260525,AERONEU,EQ,Aeroflex Neu,88.0600,92.9500,88.0600,89.9100,56052,578,5095671
VSWS,N,20260525,AESTHETIK,SM,Aesthetik Engineers,73.9000,76.5000,73.9000,75.0000,5000,5,375400
VSWS,N,20260525,AETHER,EQ,Aether Industries,1070.0000,1086.0000,1061.8000,1074.5000,273224,26575,293775319
VSWS,N,20260525,AFCONS,EQ,Afcons Infrastructur,301.2500,305.5000,301.2500,303.0500,250115,5308,75809762
VSWS,N,20260525,AFFLE,EQ,Affle 3i,1446.3000,1484.4000,1439.9000,1468.2000,196288,16262,287692797
VSWS,N,20260525,AFFORDABLE,BE,Affordable Robotic &,174.1100,174.1100,164.6000,171.3100,9218,149,1574488
VSWS,N,20260525,AFIL,BE,Akme Fintrade (India,9.1600,9.6300,9.0100,9.5600,2599603,1102,24523427
VSWS,N,20260525,AFSL,EQ,Abans Financial Ser,201.5100,202.0900,201.0000,201.0400,70055,173,14082583
VSWS,N,20260525,AGARIND,EQ,Agarwal Ind Corp,414.7000,440.5000,414.7000,424.4500,55423,2570,23884933
VSWS,N,20260525,AGARWALEYE,EQ,Dr Agarwal's Health,483.9000,484.4000,474.6500,479.7000,54567,4252,26159926
VSWS,N,20260525,AGARWALTUF,SM,Agarwal Toughened Gl,121.3000,124.9500,121.3000,123.2500,34800,26,4274880
VSWS,N,20260525,AGI,EQ,AGI Greenpac,584.9000,603.0000,582.5000,596.2500,146495,5763,87457043
VSWS,N,20260525,AGIIL,EQ,AGI Infra,386.7000,390.9500,382.0000,382.9000,1634213,6305,629600309
VSWS,N,20260525,AGNI,SM,Agni Green Power,20.0000,20.0000,20.0000,20.0000,2500,1,50000
VSWS,N,20260525,AGRITECH,EQ,Agri-Tech (India),107.0300,108.9000,105.1000,108.4600,1706,106,183297
VSWS,N,20260525,AGROPHOS,EQ,Agro Phos India,30.7800,30.7800,30.0000,30.0000,5571,67,168360
VSWS,N,20260525,AGSTRA,BZ,AGS Transact Technol,2.2400,2.2400,2.2400,2.2400,88530,166,198307
VSWS,N,20260525,AHCL,EQ,Anlon Healthcare,13.9900,14.1900,13.7000,13.7800,869177,2120,12057740
VSWS,N,20260525,AHLADA,EQ,Ahlada Engineers,39.9500,41.2800,39.8100,40.1600,14467,147,583153
VSWS,N,20260525,AHLEAST,EQ,Asian Hotels (East),166.9000,170.9500,164.4100,165.6400,4318,351,723299
VSWS,N,20260525,AHLUCONT,EQ,Ahluwalia Contracts,810.0000,818.3000,802.6000,807.3000,27266,2998,22056301
VSWS,N,20260525,AHLWEST,BE,Asian Hotels (West),649.8500,649.8500,649.8500,649.8500,2102,31,1365985
VSWS,N,20260525,AIAENG,EQ,AIA Engineering,4036.1000,4090.0000,3932.7000,3972.8000,28184,6122,113221987
VSWS,N,20260525,AIIL,EQ,Authum Investment &,515.0000,520.8500,493.0000,502.8500,359183,21222,180948525
VSWS,N,20260525,AILIMITED,ST,Abhishek Integration,44.1000,44.1000,44.1000,44.1000,1500,1,66150
VSWS,N,20260525,AIMTRON,SM,Aimtron Electronics,1149.0000,1160.0000,1121.1000,1143.4500,35600,166,40837420
VSWS,N,20260525,AIRAN,EQ,Airan,16.1100,16.6500,16.1000,16.1900,51352,252,835791
VSWS,N,20260525,AIROLAM,EQ,Airo Lam,83.0100,84.8500,82.7900,83.6400,861,56,72536
VSWS,N,20260525,AJANTPHARM,EQ,Ajanta Pharma,3119.8000,3137.3000,3070.0000,3081.5000,48670,13726,150827346
VSWS,N,20260525,AJAXENGG,EQ,AJAX Engineering,569.9500,579.9500,563.8000,574.2500,37510,2510,21473994
VSWS,N,20260525,AJMERA,EQ,Ajmera Realty & Infr,122.1500,141.0000,118.9900,131.3700,6852546,50266,924113522
VSWS,N,20260525,AJOONI,EQ,Ajooni Biotech,4.1600,4.2300,4.1200,4.2200,230101,370,961904
VSWS,N,20260525,AKANKSHA,ST,Akanksha Power & Inf,85.7500,85.7500,85.7500,85.7500,1000,1,85750
VSWS,N,20260525,AKASH,EQ,Akash Infra Projects,28.9500,28.9500,27.5500,27.6500,2470,96,69111
VSWS,N,20260525,AKCAPIT,EQ,AK Capital Services,1630.0000,1670.0000,1575.4000,1651.2000,1018,168,1665727
VSWS,N,20260525,AKG,EQ,AKG Exim,11.0100,11.3900,11.0100,11.1400,7927,98,88330
VSWS,N,20260525,AKI,EQ,AKI India,4.9900,4.9900,4.8100,4.8800,38927,141,191264
VSWS,N,20260525,AKIKO,ST,Akiko Global Service,273.3500,279.5000,259.7000,260.6500,9600,12,2527680
VSWS,N,20260525,AKSHAR,EQ,Akshar Spintex,0.4900,0.5000,0.4800,0.4800,1067157,382,515139
VSWS,N,20260525,AKSHARCHEM,EQ,Aksharchem (India),197.9500,204.3900,197.9500,201.0700,433,23,86471
VSWS,N,20260525,AKSHOPTFBR,BE,Aksh Optifibre,6.1700,6.1700,6.0000,6.0000,248850,203,1513148
VSWS,N,20260525,AKUMS,EQ,Akums Drugs & Pharma,530.0000,531.8500,514.9000,521.0000,118872,7304,61928696
VSWS,N,20260525,ALANKIT,EQ,Alankit,8.6200,9.2400,8.6000,9.1300,281203,1129,2530392
VSWS,N,20260525,ALBERTDAVD,EQ,Albert David,705.8000,727.9500,705.8000,722.8000,1143,129,820501
VSWS,N,20260525,ALCODIS,ST,Alcokraft Distilleri,73.0000,73.0000,72.8000,72.9000,2500,4,182281
VSWS,N,20260525,ALEMBICLTD,EQ,Alembic,88.1900,89.5000,86.5000,87.6200,313434,3412,27611301
VSWS,N,20260525,ALGOQUANT,EQ,Algoquant Fintech,60.4100,61.2500,58.2800,59.0900,1047536,5146,62098743
VSWS,N,20260525,ALICON,EQ,Alicon Castalloy,657.5500,670.9500,650.1500,661.4000,11947,1081,7855389
VSWS,N,20260525,ALIVUS,EQ,Alivus Life Sciences,1039.5000,1066.9000,1031.8000,1049.7000,108258,8346,113642227
VSWS,N,20260525,ALKALI,EQ,Alkali Metals,72.4000,75.0000,70.1000,71.4600,50905,714,3707395
VSWS,N,20260525,ALKEM,EQ,Alkem Laboratories,5485.0000,5485.0000,5388.5000,5400.5000,41636,10788,225161247
VSWS,N,20260525,ALKYLAMINE,EQ,Alkyl Amines,1727.0000,1799.0000,1727.0000,1745.3000,119272,17141,209918708
VSWS,N,20260525,ALLCARGO,EQ,Allcargo Logistics,8.6500,8.9100,8.6500,8.8700,4547062,4186,40171150
VSWS,N,20260525,ALLDIGI,EQ,Alldigi Tech,828.0000,837.5500,818.2000,828.0500,3855,334,3193166
VSWS,N,20260525,ALLETEC,SM,All E Technologies,162.9500,164.0000,160.1500,162.9000,9200,23,1496040
VSWS,N,20260525,ALLTIME,EQ,All Time Plastics,239.5000,244.7700,232.5000,238.6100,133567,1856,31762790
VSWS,N,20260525,ALMONDZ,EQ,Almondz Global Sec,14.0000,14.0100,13.8200,13.9700,142035,514,1984871
VSWS,N,20260525,ALOKINDS,EQ,Alok Industries,12.5000,12.8500,12.3800,12.6100,10035175,13825,126259283
VSWS,N,20260525,ALPA,EQ,Alpa Laboratories,68.1600,69.9900,67.0000,68.0000,14526,225,987847
VSWS,N,20260525,ALPEXSOLAR,SM,Alpex Solar,968.9000,998.0000,955.0000,983.6000,70400,533,68401295
VSWS,N,20260525,ALPHA,EQ,Kotak Nifty Alpha 50,50.3600,51.2500,50.3600,50.8100,1860148,3349,94235564
VSWS,N,20260525,ALPHAETF,EQ,Mirae Ass Nft 200 Al,26.0400,26.1500,25.8800,26.0800,810801,1054,21061701
VSWS,N,20260525,ALPHAGEO,EQ,Alphageo (I),228.2000,233.0000,222.4000,223.0000,2191,115,491098
VSWS,N,20260525,ALPL30IETF,EQ,ICICI Pru Nifty Alph,26.7900,27.2000,26.7900,27.0100,253609,1350,6835841
VSWS,N,20260525,ALUWIND,SM,Aluwind Infra-Tech,49.0000,49.0000,47.4000,48.9500,15000,10,725925
VSWS,N,20260525,AMAGI,EQ,Amagi Media Labs,393.4000,414.9500,386.1000,404.3000,109376,4487,43478254
VSWS,N,20260525,AMANTA,EQ,Amanta Healthcare,130.0900,135.0000,129.3200,132.2700,125109,1636,16497555
VSWS,N,20260525,AMBAAUTO,SM,Amba Auto Sales And,109.7500,118.0000,108.0500,111.9000,34000,31,3776150
VSWS,N,20260525,AMBALALSA,EQ,Ambalal Sarabhai,32.9000,33.7400,32.0000,32.4700,71948,703,2362005
VSWS,N,20260525,AMBER,EQ,Amber Enterprises In,7440.0000,7515.0000,7374.5000,7461.5000,383538,35607,2858500984
VSWS,N,20260525,AMBEY,ST,Dhansa Labs,25.0000,25.7500,25.0000,25.7500,6000,3,151600
VSWS,N,20260525,AMBICAAGAR,EQ,Ambica Agarbathies,23.1100,24.4900,23.1100,23.6400,4724,95,110366
VSWS,N,20260525,AMBIKCO,EQ,Ambika Cotton Mills,1551.5000,1627.5000,1551.5000,1605.1000,7956,1297,12747049
VSWS,N,20260525,AMBUJACEM,EQ,Ambuja Cements,437.1000,444.6500,437.1000,441.9500,3029764,30219,1337242397
VSWS,N,20260525,AMCL,SM,ANB Metal Cast,505.5000,509.8000,501.0000,502.0000,4800,10,2417340
VSWS,N,20260525,AMDIND,EQ,AMD Industries,46.9000,46.9000,45.0000,46.6100,9658,210,446173
VSWS,N,20260525,AMEYA,SM,Ameya Precision Engi,111.5000,111.5000,111.5000,111.5000,1000,1,111500
VSWS,N,20260525,AMIABLE,SM,Amiable Logistics (I,60.0000,68.0500,55.4000,68.0500,8000,5,488640
VSWS,N,20260525,AMIRCHAND,EQ,Amir Chand Jagdish K,128.4900,129.9000,125.9200,126.3400,362984,3597,46226342
VSWS,N,20260525,AMJLAND,EQ,AMJ Land Holdings,37.8000,38.9900,37.1200,38.0100,9970,271,380349
VSWS,N,20260525,AMNPLST,EQ,Amines & Plast,189.9800,199.4000,189.9800,193.4300,5102,183,998660
VSWS,N,20260525,AMRUTANJAN,EQ,Amrutanjan Health Ca,555.6000,572.4000,555.0000,562.8500,24964,1677,14052269
VSWS,N,20260525,ANANDRATHI,EQ,Anand Rathi Wealth,3619.8000,3640.0000,3580.2000,3617.3000,191835,17642,691120548
VSWS,N,20260525,ANANTRAJ,EQ,Anant Raj,514.0500,514.0500,506.0000,507.5000,912547,18766,464918339
VSWS,N,20260525,ANDHRAPAP,EQ,Andhra Paper,64.9900,65.0900,62.5000,62.9200,81178,711,5146868
VSWS,N,20260525,ANDHRSUGAR,EQ,Andhra Sugars,88.8800,89.9400,86.4100,86.8400,318847,3318,27933600
VSWS,N,20260525,ANGELONE,EQ,Angel One,342.0000,348.7000,342.0000,346.4500,8423076,99254,2913600863
VSWS,N,20260525,ANIKINDS,BE,Anik Industries,45.7000,45.7000,42.0000,44.3100,9865,77,425678
VSWS,N,20260525,ANKITMETAL,BZ,Ankit Metal & Power,1.6300,1.6300,1.5200,1.5800,70693,42,109349
VSWS,N,20260525,ANLON,ST,Anlon Technology Sol,610.0000,614.0000,610.0000,614.0000,14800,24,9083860
VSWS,N,20260525,ANMOL,EQ,Anmol India,11.4100,11.5700,11.0000,11.3900,44029,272,499088
VSWS,N,20260525,ANNAPURNA,SM,Annapurna Swadisht,143.9000,143.9000,139.0000,140.5500,29000,75,4112288
VSWS,N,20260525,ANONDITA,SM,Anondita Medicare,1103.0500,1123.4000,1011.5000,1042.6500,49600,215,53504160
VSWS,N,20260525,ANSALAPI,BZ,Ansal Prop & Infrast,4.1000,4.1000,4.1000,4.1000,696,9,2854
VSWS,N,20260525,ANTELOPUS,EQ,Antelopus Selan Ener,695.9500,730.3500,677.0000,730.3500,235861,5939,167241506
VSWS,N,20260525,ANTGRAPHIC,EQ,Antarctica,0.8300,0.8400,0.7900,0.8100,196982,269,160657
VSWS,N,20260525,ANTHEM,EQ,Anthem Biosciences,777.1000,786.4000,761.2500,765.3500,393832,29739,302619840
VSWS,N,20260525,ANUHPHR,EQ,Anuh Pharma,75.5800,76.9000,75.5800,76.2900,22246,508,1695512
VSWS,N,20260525,ANUP,EQ,Anup Engineering,1970.1000,2048.6000,1965.6000,1977.7000,26720,4477,53590971
VSWS,N,20260525,ANURAS,EQ,Anupam Rasayan India,1390.0000,1390.0000,1341.3000,1371.1000,490980,18845,667662173
VSWS,N,20260525,ANYA,SM,Anya Polytech & Fert,17.0000,17.3000,17.0000,17.1000,40000,6,685000
VSWS,N,20260525,AONEGOLD,EQ,Angel One Gold ETF,14.7700,14.8100,14.6700,14.7600,389500,1703,5743056
VSWS,N,20260525,AONELIQUID,EQ,Angel One Nifty 1D R,1060.8500,1060.8500,1060.8300,1060.8300,23833,165,25282953
VSWS,N,20260525,AONENIFTY,EQ,Angel One Nifty 50 E,9.4700,9.8800,9.4700,9.8500,324518,1587,3192105
VSWS,N,20260525,AONESILVER,EQ,Angel One Silver ETF,10.1200,10.4000,9.8100,10.2100,793775,1106,8093154
VSWS,N,20260525,AONETMMQ50,EQ,Angel One Nifty Tot,10.3200,10.8700,10.2900,10.3400,175020,314,1821397
VSWS,N,20260525,AONETOTAL,EQ,Angel One Nifty Tota,11.8200,11.8200,11.5100,11.6200,392411,1924,4550519
VSWS,N,20260525,APARINDS,EQ,Apar Industries,12832.0000,13079.0000,12412.0000,12480.0000,93225,22198,1180014503
VSWS,N,20260525,APCL,EQ,Anjani Portland,121.0600,123.0000,119.7000,121.8500,10373,162,1262235
VSWS,N,20260525,APCOTEXIND,EQ,Apcotex Industries,506.2500,533.9000,486.0500,494.9000,257005,7055,130342346
VSWS,N,20260525,APEX,EQ,Apex Frozen Foods,457.5000,473.9000,453.5500,461.9000,687793,14799,318038308
VSWS,N,20260525,APEXECO,ST,Apex Ecotech,205.2500,205.2500,200.0000,204.0000,11200,14,2274960
VSWS,N,20260525,APLAPOLLO,EQ,APL Apollo Tubes,1900.0000,1908.9000,1875.0000,1898.6000,622447,37557,1177836127
VSWS,N,20260525,APLLTD,EQ,Alembic Pharmaceutic,764.9500,764.9500,753.0000,762.3000,91871,5176,69817482
VSWS,N,20260525,APOLLO,EQ,Apollo Micro Systems,360.0000,419.8000,360.0000,408.2000,89965101,659293,35459150165
VSWS,N,20260525,APOLLOHOSP,EQ,Apollo Hospitals,8430.0000,8443.0000,8375.0000,8404.0000,364945,34078,3067522616
VSWS,N,20260525,APOLLOPIPE,EQ,Apollo Pipes,525.6500,530.0000,515.0500,521.2000,230835,8062,120490599
VSWS,N,20260525,APOLLOTYRE,EQ,Apollo Tyres,376.0000,392.9000,375.0000,388.3500,3668821,57027,1415244145
VSWS,N,20260525,APOLSINHOT,EQ,Apollo Sindoori Hote,1130.9000,1240.9000,1130.9000,1200.1000,1980,227,2395401
VSWS,N,20260525,APRAMEYA,SM,Aprameya Engineering,173.0500,180.0000,170.0000,178.3500,26500,41,4637175
VSWS,N,20260525,APS,SM,Australian Premium S,352.0000,352.0000,337.0000,343.8000,48750,163,16649538
VSWS,N,20260525,APSISAERO,ST,Apsis Aerocom,327.1000,327.4000,325.0000,327.4000,26400,21,8637720
VSWS,N,20260525,APTECHT,EQ,Aptech,97.2000,115.4600,97.2000,112.0000,9826900,30387,1114755208
VSWS,N,20260525,APTUS,EQ,Aptus Value Hsg Fin,261.7500,267.4000,261.7500,262.5500,525433,13676,138695836
VSWS,N,20260525,AQYLON,EQ,Aqylon Nexus,60.6000,62.4500,58.8200,62.2900,3902022,11917,240451820
VSWS,N,20260525,ARCHIDPLY,EQ,Archidply Industries,79.5500,81.9500,78.5200,81.3400,18256,363,1464597
VSWS,N,20260525,ARCHIES,EQ,Archies,14.9400,14.9700,14.5200,14.7900,12237,61,181641
VSWS,N,20260525,ARCIIL,ST,Arc Insulation & Ins,60.0000,60.0000,57.3500,59.0000,5000,5,296250
VSWS,N,20260525,ARE&M,EQ,Amara Raja Energy &,828.5500,897.5000,825.2000,883.4000,7833748,187335,6903849888
VSWS,N,20260525,ARENTERP,EQ,Rajdarshan Ind,37.5000,45.9800,37.5000,38.2700,2837,104,118409
VSWS,N,20260525,ARFIN,EQ,Arfin India,94.5100,97.8000,93.7200,96.3800,2704600,6465,259260531
VSWS,N,20260525,ARHAM,SM,Arham Technologies,144.0000,151.0000,144.0000,147.8500,55000,41,8127150
VSWS,N,20260525,ARIES,EQ,Aries Agro,352.4500,368.0000,352.4500,364.5500,25818,995,9381310
VSWS,N,20260525,ARIHANT,EQ,Arihant Foundations,895.6000,919.0000,806.4000,851.6500,3572,551,3023020
VSWS,N,20260525,ARIHANTCAP,EQ,Arihant Capital Mkt,69.6000,69.6000,67.9100,68.7100,124372,1032,8554205
VSWS,N,20260525,ARIHANTSUP,EQ,Arihant Superstructu,243.4500,253.8000,240.5500,243.3500,49822,1338,12308347
VSWS,N,20260525,ARIS,EQ,Arisinfra Solutions,121.8000,127.5400,119.5000,123.6100,4048384,20257,497442317
VSWS,N,20260525,ARISTO,ST,Aristo Bio-Tech & Li,109.8000,109.8000,109.8000,109.8000,800,1,87840
VSWS,N,20260525,ARKADE,EQ,Arkade Developers,114.3500,119.8000,114.3500,119.0700,245517,3088,28774353
VSWS,N,20260525,ARMANFIN,EQ,Arman Financial Serv,1710.0000,1799.0000,1704.1000,1717.4000,53519,4515,93292550
VSWS,N,20260525,ARMOUR,SM,Armour Security (Ind,21.2000,21.2000,21.2000,21.2000,2000,1,42400
VSWS,N,20260525,AROGRANITE,EQ,Aro Granite Indu,25.0200,26.3900,25.0200,25.3300,3218,76,82606
VSWS,N,20260525,ARROWGREEN,EQ,Arrow Greentech,460.1500,477.0000,430.5500,456.1500,166526,5192,75147424
VSWS,N,20260525,ARSHIYA,BZ,Arshiya,1.2100,1.2200,1.1700,1.2100,48269,84,57756
VSWS,N,20260525,ARSSBL,EQ,Anand Rathi Share An,537.0000,541.0000,532.1000,537.4500,202408,5417,108719445
VSWS,N,20260525,ARTEMISMED,EQ,Artemis Medicare Ser,284.6500,292.0000,280.1200,287.9200,381123,6699,108690594
VSWS,N,20260525,ARTNIRMAN,EQ,Art Nirman,41.1800,42.6000,40.2300,41.2500,2195,19,89141
VSWS,N,20260525,ARUNAYA,ST,Arunaya Organics,25.0500,25.0500,25.0500,25.0500,4000,2,100200
VSWS,N,20260525,ARVEE,EQ,Arvee Laboratories (,157.6500,164.4000,157.6500,163.6800,491,19,79223
VSWS,N,20260525,ARVIND,EQ,Arvind,485.0000,489.0000,480.1000,482.2500,261349,9626,126357718
VSWS,N,20260525,ARVINDFASN,EQ,Arvind Fashions,451.0000,471.0000,448.8000,465.6000,311985,21151,144126751
VSWS,N,20260525,ARVINDPORT,ST,Arvind Port & Infra,32.0000,33.8500,31.2000,33.8500,15000,9,475575
VSWS,N,20260525,ARVSMART,EQ,Arvind Smartspaces,620.0000,625.1000,606.0000,608.9000,42637,1950,26116035
VSWS,N,20260525,ASAHIINDIA,EQ,Asahi India Glass,856.0500,866.0000,850.2000,853.0500,43580,4941,37342587
VSWS,N,20260525,ASAHISONG,EQ,Asahi Songwon Colors,237.0900,242.2000,232.1500,234.9100,35614,911,8526586
VSWS,N,20260525,ASAL,EQ,Automotive Stampings,496.7000,516.8000,496.0500,513.7000,32011,1682,16310000
VSWS,N,20260525,ASALCBR,EQ,Associated Alcohols,807.1000,896.3500,807.1000,887.6000,225256,10950,197233784
VSWS,N,20260525,ASCOM,ST,Ascom Leasing & Inve,250.0000,250.0000,237.5000,237.5000,2500,4,600000
VSWS,N,20260525,ASHALOG,SM,Ashapura Logistics,60.0000,61.0000,56.0000,56.7500,31000,30,1809150
VSWS,N,20260525,ASHAPURMIN,EQ,Ashapura Minechem,680.0000,686.7500,667.1000,677.1000,599500,18156,406186180
VSWS,N,20260525,ASHIANA,EQ,Ashiana Housing,373.5000,382.0000,372.5500,379.8000,65561,1947,24819319
VSWS,N,20260525,ASHIKA,EQ,Ashika Credit Capita,374.2000,375.0000,361.0000,363.0000,159922,2965,59073302
VSWS,N,20260525,ASHIMASYN,EQ,Ashima,16.0000,16.0700,15.5500,15.8400,123231,601,1955635
VSWS,N,20260525,ASHOKA,EQ,Ashoka Buildcon,124.1900,125.4000,122.9600,123.2700,1287223,9702,159573084
VSWS,N,20260525,ASHOKAMET,EQ,Ashoka Metcast,16.4800,16.4800,15.8300,15.9500,5801,106,92994
VSWS,N,20260525,ASHOKLEY,EQ,Ashok Leyland,160.1000,165.8000,160.1000,164.0800,30680951,161872,5018775003
VSWS,N,20260525,ASHWINI,SM,Ashwini Container Mo,145.0000,145.0000,142.0000,142.0000,4000,4,571000
VSWS,N,20260525,ASIANENE,EQ,Asian Energy Service,375.0000,376.8000,352.1000,358.2500,579887,14188,209202269
VSWS,N,20260525,ASIANHOTNR,EQ,Asian Hotels (North),295.2000,307.4500,292.5500,304.1500,18299,691,5529925
VSWS,N,20260525,ASIANPAINT,EQ,Asian Paints,2672.0000,2684.1000,2653.2000,2657.8000,815621,47927,2175164618
VSWS,N,20260525,ASIANTILES,EQ,Asian Granito India,62.3300,64.6400,62.3300,62.6100,2921880,9145,186207715
VSWS,N,20260525,ASKAUTOLTD,EQ,ASK Automotive,457.9500,460.0000,451.3000,452.2000,71626,4245,32501943
VSWS,N,20260525,ASMS,EQ,Avio Smart Market St,7.2200,7.4900,7.2200,7.3500,382130,870,2821033
VSWS,N,20260525,ASPINWALL,EQ,Aspinwall & Company,227.0000,233.9500,227.0000,230.9300,4455,67,1023285
VSWS,N,20260525,ASPIRE,SM,Aspire & Innovative,14.3000,14.3000,14.3000,14.3000,2000,1,28600
VSWS,N,20260525,ASTAR,EQ,Asian Star Company,660.0000,701.0000,650.0000,699.9500,164,19,110878
VSWS,N,20260525,ASTEC,EQ,Astec Lifesciences,775.0000,775.3500,750.0000,752.9000,37108,2619,28124735
VSWS,N,20260525,ASTERDM,EQ,Aster DM Healthcare,767.6000,767.6000,742.0000,746.9000,414424,16909,310946822
VSWS,N,20260525,ASTRAL,EQ,Astral,1566.0000,1566.6000,1540.5000,1552.3000,434838,17985,675641679
VSWS,N,20260525,ASTRAMICRO,EQ,Astra Microwave Prod,1190.0000,1254.0000,1187.2000,1235.6000,1924065,73135,2361148753
VSWS,N,20260525,ASTRAZEN,EQ,AstraZeneca Pharma,8609.0000,8895.0000,8554.0000,8800.0000,9288,3202,81489859
VSWS,N,20260525,ASTRON,BE,Astron Paper & Board,4.0500,4.1300,3.8800,4.1100,32848,89,131119
VSWS,N,20260525,ATALREAL,EQ,Atal Realtech,29.7100,30.1000,29.2100,29.9900,6392905,3625,190565141
VSWS,N,20260525,ATAM,EQ,Atam Valves,74.4000,75.0000,72.0000,74.7800,20657,379,1523690
VSWS,N,20260525,ATCENERGY,ST,ATC Energies System,28.3000,30.8000,28.3000,29.5500,19200,14,567780
VSWS,N,20260525,ATGL,EQ,Adani Total Gas,659.0500,666.9000,652.8000,659.1500,3301936,47168,2181560693
VSWS,N,20260525,ATHERENERG,EQ,Ather Energy,891.6500,925.0000,876.4500,921.4000,3724909,87845,3362210321
VSWS,N,20260525,ATL,EQ,Allcargo Terminals,25.8000,26.2900,25.0000,25.3400,193351,1006,4954788
VSWS,N,20260525,ATLANTAA,EQ,Atlantaa,43.6000,43.6000,42.5100,42.8800,45485,734,1953938
VSWS,N,20260525,ATLANTAELE,EQ,Atlanta Electricals,1676.1000,1752.2000,1676.1000,1703.8000,184888,8555,318126523
VSWS,N,20260525,ATLASCYCLE,EQ,Atlas Cycle Haryana,100.0000,101.9900,98.1000,99.2700,17615,302,1765725
VSWS,N,20260525,ATMASTCO,ST,Atmastco,184.2000,186.0000,178.0000,180.0000,33600,65,6089400
VSWS,N,20260525,ATUL,EQ,Atul,7099.0000,7099.0000,7000.0000,7039.5000,14184,5820,100048761
VSWS,N,20260525,ATULAUTO,EQ,Atul Auto,485.0500,495.6500,485.0500,490.0500,123052,3804,60247608
VSWS,N,20260525,AUBANK,EQ,AU Small Finance Ban,987.0000,1007.5000,986.1000,999.3000,1494101,72761,1495569402
VSWS,N,20260525,AURIGROW,EQ,Auri Grow India,0.3100,0.3200,0.3100,0.3100,8697076,1163,2752823
VSWS,N,20260525,AURIONPRO,EQ,Aurionpro Solutions,820.2000,838.0000,819.0000,822.9500,124616,6397,103351878
VSWS,N,20260525,AUROIMPEX,SM,Auro Impex & Chemica,28.9000,31.5000,28.9000,31.0000,8000,5,242720
VSWS,N,20260525,AUROPHARMA,EQ,Aurobindo Pharma,1455.2000,1465.0000,1428.0000,1454.6000,2684468,96234,3895862736
VSWS,N,20260525,AURUM,EQ,Aurum Proptech,180.8800,181.9000,176.5300,178.3100,123809,2043,22134004
VSWS,N,20260525,AUSL,SM,Aditya Ultra Steel,21.5000,21.5000,21.5000,21.5000,2000,1,43000
VSWS,N,20260525,AUSOMENT,BE,Ausom Enterprise,130.1000,136.3700,129.8800,135.2500,4894,50,659003
VSWS,N,20260525,AUTOAXLES,EQ,Automotive Axles,1755.5000,1782.1000,1745.9000,1775.2000,5824,812,10282477
VSWS,N,20260525,AUTOBEES,EQ,Nippon India Nifty A,267.1600,273.4600,267.1600,271.4500,277673,3067,75510442
VSWS,N,20260525,AUTOIETF,EQ,ICICI Pru Nifty Auto,26.9600,27.4500,26.9600,27.2400,456468,2270,12463229
VSWS,N,20260525,AUTOIND,BE,Autoline Industries,84.4900,85.8900,80.4100,84.1600,94245,554,7908788
VSWS,N,20260525,AVADHSUGAR,BE,Avadh Sugar & Energy,470.0000,479.0000,456.2000,467.1000,6048,458,2849952
VSWS,N,20260525,AVAILFC,EQ,Available Finance,152.1000,161.0000,152.1000,157.0400,3495,201,549645
VSWS,N,20260525,AVALON,EQ,Avalon Technologies,1480.0000,1534.7000,1465.1000,1511.2000,602731,33763,912135163
VSWS,N,20260525,AVANA,ST,Avana Electrosystems,158.5000,159.0000,146.7000,156.4000,44000,20,6772600
VSWS,N,20260525,AVANTEL,EQ,Avantel,164.5000,172.7000,163.1000,171.7000,5340519,34240,903138859
VSWS,N,20260525,AVANTIFEED,EQ,Avanti Feeds,1322.1000,1373.0000,1321.8000,1346.7000,563663,32810,759172235
VSWS,N,20260525,AVATAR,ST,Avatar Industries,141.6500,141.6500,141.6500,141.6500,4000,2,566600
VSWS,N,20260525,AVG,EQ,AVG Logistics,158.4000,159.4700,151.3500,156.5200,33004,892,5141611
VSWS,N,20260525,AVIANSH,SM,Avi Ansh Textile,113.0000,113.5000,113.0000,113.5000,2000,2,226500
VSWS,N,20260525,AVL,EQ,Aditya Vision,544.9500,544.9500,529.6000,536.0000,463454,17521,247979523
VSWS,N,20260525,AVONMORE,EQ,Avonmore Capital,10.8000,12.2500,10.8000,11.4000,187870,824,2136365
VSWS,N,20260525,AVPINFRA,SM,AVP Infracon,73.9000,76.4000,72.9000,75.7000,82400,88,6158440
VSWS,N,20260525,AVROIND,EQ,AVRO India,10.6000,11.4000,10.1200,11.3900,754455,1412,8420009
VSWS,N,20260525,AVTNPL,EQ,AVT Natural Products,68.9000,69.9500,67.5300,69.3300,49327,548,3407012
VSWS,N,20260525,AWFIS,EQ,Awfis Space Solution,344.0500,376.7500,340.3000,360.6000,831146,20591,300960792
VSWS,N,20260525,AWHCL,EQ,Antony Waste Handlin,473.9500,483.9500,470.0500,473.0500,72086,4479,34289876
VSWS,N,20260525,AWL,EQ,AWL Agri Business,197.9900,198.1000,192.3300,193.0600,1955714,24832,380094343
VSWS,N,20260525,AXISBANK,EQ,Axis Bank,1300.4000,1314.5000,1293.9000,1311.2000,5671455,132926,7398528413
VSWS,N,20260525,AXISBNKETF,EQ,Axis NIFTY Bank,563.9500,569.7600,563.9500,568.9900,1388,36,786012
VSWS,N,20260525,AXISCADES,EQ,Axiscades Technologi,2024.1000,2087.5000,1989.0000,2045.0000,129086,8165,263379316
VSWS,N,20260525,AXISCETF,EQ,Axis NIFTY India Con,117.6400,117.6400,116.6900,117.0600,281,20,32867
VSWS,N,20260525,AXISGOLD,EQ,Axis MF Axis GoldETF,131.4400,132.4600,131.0000,131.4800,490812,3720,64569736
VSWS,N,20260525,AXISHCETF,EQ,Axis NIFTY Healthcar,160.4800,160.4800,159.0900,159.9200,41347,108,6617320
VSWS,N,20260525,AXISILVER,EQ,Axis Silver ETF,268.4800,268.4900,264.2200,266.0900,884530,4971,234977972
VSWS,N,20260525,AXISNIFTY,EQ,Axis NIFTY 50 ETF,267.6500,267.6500,258.2000,264.4300,17808,241,4701930
VSWS,N,20260525,AXISTECETF,EQ,Axis NIFTY IT ETF,318.0600,319.8900,315.7100,317.6000,3798,84,1205870
VSWS,N,20260525,AXISVALUE,EQ,Axis Nifty500 Value,34.1400,34.4200,33.8700,34.0800,253452,383,8643767
VSWS,N,20260525,AXITA,EQ,Axita Cotton,7.7600,7.8500,7.7100,7.8000,227953,1229,1770494
VSWS,N,20260525,AXSENSEX,EQ,Axis S&P BSE Sensex,78.9800,80.8000,78.4600,79.1800,8901,78,704849
VSWS,N,20260525,AYE,EQ,Aye Finance,145.0000,149.4500,142.3000,145.2600,2261884,21551,331505719
VSWS,N,20260525,AYMSYNTEX,EQ,AYM Syntex,204.6000,219.0000,204.6000,214.8800,11191,373,2409164
VSWS,N,20260525,AZAD,EQ,Azad Engineering,2049.9000,2104.7000,2026.2000,2040.7000,288931,20355,593658848
VSWS,N,20260525,BABAFP,SM,Baba Food Processing,25.7500,25.7500,25.7500,25.7500,1600,1,41200
VSWS,N,20260525,BAFNAPH,EQ,Bafna Pharmaceutical,139.0000,140.8000,135.5000,135.8400,1390,48,192310
VSWS,N,20260525,BAGFILMS,EQ,BAG Films & Media,5.1200,5.1900,5.0000,5.1000,63453,224,323543
VSWS,N,20260525,BAHETI,SM,Baheti Recycling Ind,607.5000,607.9000,597.1000,602.0000,14625,30,8822494
VSWS,N,20260525,BAIDFIN,EQ,Baid Finserv,10.2100,10.4900,10.2100,10.3100,71126,189,736458
VSWS,N,20260525,BAJAJ-AUTO,EQ,Bajaj Auto,10700.0000,10770.0000,10431.0000,10491.0000,564521,74358,5957826348
VSWS,N,20260525,BAJAJCON,EQ,Bajaj Consumer Care,578.0000,581.0000,545.0500,561.8000,1042902,34799,585140791
VSWS,N,20260525,BAJAJELEC,EQ,Bajaj Electricals,340.4500,340.4500,334.8000,338.1000,183111,4804,61885153
VSWS,N,20260525,BAJAJFINSV,EQ,Bajaj Finserv,1785.0000,1811.8000,1783.0000,1807.4000,456676,23233,822391962
VSWS,N,20260525,BAJAJHCARE,EQ,Bajaj Healthcare,305.5500,310.4000,301.1000,302.5000,87888,2574,26801625
VSWS,N,20260525,BAJAJHFL,EQ,Bajaj Housing Financ,83.4700,83.8800,82.9100,83.3000,4474226,31877,372363472
VSWS,N,20260525,BAJAJHIND,EQ,Bajaj Hindusthan Su,18.6700,18.7500,18.4100,18.5400,3537481,5902,65544626
VSWS,N,20260525,BAJAJHLDNG,EQ,Bajaj Holdings & Inv,10650.0000,10741.0000,10535.0000,10642.0000,33285,10126,354367929
VSWS,N,20260525,BAJAJINDEF,EQ,Indef Manufacturing,281.7000,285.0000,271.6000,280.5000,28267,822,7935221
VSWS,N,20260525,BAJAJST,EQ,Bajaj Steel,421.9500,424.9000,408.3500,411.2000,16220,734,6702111
VSWS,N,20260525,BAJEL,EQ,Bajel Projects,182.7000,183.5500,180.6700,181.3800,154323,2714,28089341
VSWS,N,20260525,BAJFINANCE,EQ,Bajaj Finance,926.1000,944.0000,924.4500,941.9000,7065528,119211,6615581615
VSWS,N,20260525,BALAJEE,EQ,Shree Tiru Bala Agro,30.2800,31.4400,29.1000,30.9400,24262,296,744920
VSWS,N,20260525,BALAJIPHOS,SM,Balaji Phosphates,105.0000,105.0000,98.0000,98.9500,11000,6,1096650
VSWS,N,20260525,BALAJITELE,EQ,Balaji Telefilms,92.6800,96.7000,92.6800,94.0800,286556,3368,27305122
VSWS,N,20260525,BALAMINES,EQ,Balaji Amines,1874.0000,1956.0000,1840.6000,1920.9000,597019,44024,1143462230
VSWS,N,20260525,BALAXI,BE,Balaxi Pharmaceutica,25.0000,25.9800,24.3700,24.9900,28874,137,730847
VSWS,N,20260525,BALKRISHNA,EQ,Balkrishna Paper Mil,19.0000,19.7700,18.4400,18.7800,25436,160,476235
VSWS,N,20260525,BALKRISIND,EQ,Balkrishna Ind,2229.4000,2248.9000,2210.1000,2219.1000,94164,9021,209772476
VSWS,N,20260525,BALMLAWRIE,EQ,Balmer Lawrie & Co,181.0500,188.9200,181.0500,183.3900,256159,3582,47422088
VSWS,N,20260525,BALPHARMA,EQ,Bal Pharma,82.2500,89.4500,82.1000,88.5600,65510,693,5729113
VSWS,N,20260525,BALRAMCHIN,EQ,Balrampur Chini Mill,535.1000,539.9500,530.3000,532.9500,213174,8127,113699129
VSWS,N,20260525,BALUFORGE,EQ,Balu Forge Industrie,477.0000,484.2000,462.2000,466.7000,727457,29274,343791288
VSWS,N,20260525,BANARBEADS,EQ,Banaras Beads,117.5900,117.5900,112.0000,114.0700,966,96,109626
VSWS,N,20260525,BANARISUG,EQ,Bannari Amman Sugar,3609.2000,3638.4000,3603.1000,3605.8000,144,59,519825
VSWS,N,20260525,BANCOINDIA,EQ,Banco Products,617.9500,629.7500,617.9500,624.7500,161923,9410,101170116
VSWS,N,20260525,BANDHANBNK,EQ,Bandhan Bank,196.5100,199.5800,195.2000,196.9700,11447061,59035,2257352120
VSWS,N,20260525,BANG,EQ,Bang Overseas,36.5600,38.0000,36.5600,37.1700,1251,53,46988
VSWS,N,20260525,BANK10ADD,EQ,DSP BSE Top 10 Banks,16.3000,18.9900,16.2900,16.5300,374134,147,6175806
VSWS,N,20260525,BANKA,BE,Banka Bioloo,82.0000,83.6400,82.0000,83.6400,7663,13,639949
VSWS,N,20260525,BANKADD,EQ,DSP Nifty Bank ETF,55.9900,56.5700,55.9200,56.5000,12295,131,690344
VSWS,N,20260525,BANKBARODA,EQ,Bank of Baroda,268.0000,273.0000,267.3000,272.2500,11731542,69849,3166927677
VSWS,N,20260525,BANKBEES,EQ,NipponINft BnkBees,563.2900,572.4000,562.4300,571.0200,1585802,13376,901785362
VSWS,N,20260525,BANKBETA,EQ,UTI NIFTY Bank ETF,56.4400,57.3100,56.3400,57.0300,289751,915,16446402
VSWS,N,20260525,BANKBETF,EQ,Bajaj Fin Nifty Bank,55.6100,56.2500,55.2600,56.0600,33615,230,1875681
VSWS,N,20260525,BANKETF,EQ,Mirae Asset Nifty Ba,554.9700,563.4100,554.3400,562.2300,9317,245,5202581
VSWS,N,20260525,BANKIETF,EQ,ICICI Pru Nifty Bank,56.1400,56.9700,55.7200,56.6700,4467405,5372,252089161
VSWS,N,20260525,BANKINDIA,EQ,Bank of India,141.6000,146.5000,141.1500,146.0100,12177599,39782,1755058940
VSWS,N,20260525,BANKNIFTY1,EQ,Kotak Nifty Bank ETF,57.8300,57.8300,56.2400,57.2500,1911114,2187,109018769
VSWS,N,20260525,BANKPSU,EQ,Mirae Asset Nifty PS,81.9400,83.3000,81.9400,83.1200,16252,216,1341099
VSWS,N,20260525,BANSALWIRE,EQ,Bansal Wire Industri,317.1500,321.3500,315.1500,320.5500,26345,891,8394036
VSWS,N,20260525,BANSWRAS,EQ,Banswara Syntex,131.7000,131.7000,121.7100,125.4500,15166,411,1920679
VSWS,N,20260525,BARFLEX,SM,Barflex Polyfilms,60.4500,60.4500,59.1000,59.1000,6000,3,357300
VSWS,N,20260525,BASF,EQ,BASF India,3519.9000,3552.1000,3500.0000,3515.0000,18523,3795,65387998
VSWS,N,20260525,BASILIC,SM,Basilic Fly Studio,240.0000,254.0000,237.0000,239.5500,36900,120,8915310
VSWS,N,20260525,BASML,EQ,Bannari Amman Spg Mi,25.0000,25.0000,24.1300,24.4200,53553,1090,1310754
VSWS,N,20260525,BATAINDIA,EQ,Bata India,692.0000,703.5000,689.4000,696.2000,136094,9622,94705386
VSWS,N,20260525,BATLIBOI,EQ,Batliboi,80.0000,80.0000,78.5000,78.9600,21735,274,1718020
VSWS,N,20260525,BAWEJA,SM,Baweja Studios,31.0000,31.0000,28.2000,29.8500,24000,28,703160
VSWS,N,20260525,BAYERCROP,EQ,Bayer Cropscience,4410.0000,4445.0000,4315.3000,4368.8000,13507,3704,59114384
VSWS,N,20260525,BBETF0432,EQ,BHARAT Bond ETF-Ap32,1301.0200,1308.0000,1300.0100,1302.3900,1130,70,1473247
VSWS,N,20260525,BBL,EQ,Bharat Bijlee,2806.0000,2816.2000,2734.1000,2747.2000,19017,3205,52705230
VSWS,N,20260525,BBNPNBETF,EQ,Baroda BNP Paribas N,54.1400,55.5000,53.8700,55.4800,2318,43,128363
VSWS,N,20260525,BBNPPGOLD,EQ,Baroda BNP Paribas G,152.6500,153.6000,152.3500,152.4000,15789,81,2409514
VSWS,N,20260525,BBOX,EQ,Black Box,975.0000,999.4000,968.0000,976.1500,1277983,30459,1258479130
VSWS,N,20260525,BBTC,EQ,Bombay Burmah,1533.8000,1552.0000,1522.2000,1546.6000,28611,3444,44108596
VSWS,N,20260525,BBTCL,EQ,B&B Triplewall Conta,188.1000,192.5000,188.0400,192.5000,2292,31,439554
VSWS,N,20260525,BCG,EQ,Brightcom Group,10.7800,11.0800,10.5200,10.8900,10500066,7966,114078506
VSWS,N,20260525,BCLIND,EQ,BCL Industries,35.7000,37.0000,32.3500,35.0100,2269568,6762,80822603
VSWS,N,20260525,BCONCEPTS,EQ,Brand Concepts,215.0000,215.0000,206.1500,209.7300,10416,413,2192363
VSWS,N,20260525,BCPL,EQ,BCPL Railway Infrast,76.0000,76.9600,71.8200,73.7300,33039,1044,2450703
VSWS,N,20260525,BDL,EQ,Bharat Dynamics,1321.0000,1331.7000,1309.0000,1326.1000,670808,21242,886300819
VSWS,N,20260525,BEACON,ST,Beacon Trusteeship,97.0500,101.4000,95.0000,95.6000,15000,14,1454150
VSWS,N,20260525,BEARDSELL,EQ,Beardsell,24.9600,24.9600,24.3000,24.4300,18007,104,443241
VSWS,N,20260525,BECTORFOOD,EQ,Mrs Bectors Food Spe,181.2400,181.2400,178.6100,178.8700,350703,7572,62894444
VSWS,N,20260525,BEDMUTHA,EQ,Bedmutha Industries,110.9100,110.9100,105.0000,107.9100,4945,109,528529
VSWS,N,20260525,BEEKAY,EQ,Beekay Steel Industr,387.0000,387.0000,379.0500,381.6000,3216,76,1232659
VSWS,N,20260525,BEL,EQ,Bharat Electronics,419.3000,422.5500,417.3000,421.8500,8862027,255572,3721627195
VSWS,N,20260525,BELLACASA,EQ,Bella Casa Fashion &,233.0000,274.9500,233.0000,250.7000,22735,1272,5713893
VSWS,N,20260525,BELRISE,EQ,Belrise Industries,216.0100,217.5000,204.6000,210.6400,12433776,101393,2617836667
VSWS,N,20260525,BEML,EQ,BEML,1848.5000,1879.9000,1814.6000,1823.8000,322157,18318,593156591
VSWS,N,20260525,BENGALASM,EQ,Bengal & Assam Co,6404.0000,6669.0000,6370.5000,6605.5000,238,69,1560658
VSWS,N,20260525,BEPL,EQ,Bhansali Engg Poly,94.6000,96.3000,94.4000,95.3900,605607,5020,57720585
VSWS,N,20260525,BERGEPAINT,EQ,Berger Paints India,507.0000,511.7500,501.8000,504.8500,222668,13596,112625122
VSWS,N,20260525,BESTAGRO,EQ,Best Agrolife,18.6000,18.8500,17.9000,18.1900,971712,1980,17788107
VSWS,N,20260525,BETA,EQ,Beta Drugs,1349.4000,1400.0000,1349.4000,1368.7000,39509,2536,54056853
VSWS,N,20260525,BEWLTD,SM,BEW Engineering,63.9500,64.2000,63.9500,64.2000,25000,46,1604125
VSWS,N,20260525,BFINVEST,EQ,BF Investment,395.0000,403.9500,393.8000,394.8000,32825,1356,13004419
VSWS,N,20260525,BFSI,EQ,Mirae Asset Nifty Fi,26.8200,27.0800,26.6100,27.0100,274191,839,7372951
VSWS,N,20260525,BFUTILITIE,EQ,BF Utilities,555.0500,568.6000,547.0000,552.0500,40719,1230,22605279
VSWS,N,20260525,BGLOBAL,BZ,Bharatiya Global Inf,3.0000,3.1500,2.8500,3.1200,38548,58,111604
VSWS,N,20260525,BGRENERGY,BE,BGR Energy Systems,281.0000,309.0000,281.0000,299.5500,80287,982,23722003
VSWS,N,20260525,BHADORA,SM,Bhadora Industries,70.6000,75.0000,67.5000,71.2000,28800,23,2047020
VSWS,N,20260525,BHAGCHEM,EQ,Bhagiradha Chemicals,246.0000,248.4000,243.7000,245.9500,33410,1000,8241698
VSWS,N,20260525,BHAGERIA,EQ,Bhageria Industries,153.1500,155.0000,152.2200,154.5200,21885,423,3374314
VSWS,N,20260525,BHAGYANGR,BE,Bhagyanagar India,273.9500,287.9000,268.0000,278.1000,177436,2173,49209999
VSWS,N,20260525,BHANDARI,BE,Bhandari Hosiery Exp,3.1900,3.2800,3.1900,3.2100,116941,253,376770
VSWS,N,20260525,BHARATCOAL,EQ,Bharat Coking Coal,36.5000,36.7400,35.8800,36.0300,14046388,29233,508702567
VSWS,N,20260525,BHARATFORG,EQ,Bharat Forge,1914.8000,1942.9000,1896.3000,1918.3000,831690,37305,1599913608
VSWS,N,20260525,BHARATGEAR,EQ,Bharat Gears,109.8100,115.0000,109.8000,113.3000,60007,1131,6767276
VSWS,N,20260525,BHARATRAS,EQ,Bharat Rasayan,1415.0000,1471.0000,1412.5000,1432.5000,23250,2532,33532838
VSWS,N,20260525,BHARATSE,EQ,Bharat Seats,186.0000,191.5900,186.0000,188.6500,129508,2701,24527956
VSWS,N,20260525,BHARATWIRE,EQ,Bharat Wire Ropes,223.0000,224.7500,220.2300,221.7000,174334,2347,38771817
VSWS,N,20260525,BHARTIARTL,EQ,Bharti Airtel,1892.5000,1892.5000,1863.1000,1874.8000,5903841,129359,11068438247
VSWS,N,20260525,BHARTIHEXA,EQ,Bharti Hexacom,1550.3000,1557.3000,1539.3000,1547.7000,42966,6477,66483567
VSWS,N,20260525,BHEL,EQ,Bharat Heavy Elect,412.0000,420.9500,409.9500,419.4000,11083538,79545,4599726673
VSWS,N,20260525,BI,EQ,Bilcare,65.3000,65.3000,59.6200,61.7900,5840,199,367073
VSWS,N,20260525,BIGBLOC,EQ,Bigbloc Construction,56.3900,57.2800,55.0000,55.4200,165769,1491,9257524
VSWS,N,20260525,BIKAJI,EQ,Bikaji Foods Interna,652.2000,658.2500,635.0500,640.5000,171883,12207,110067889
VSWS,N,20260525,BIKEWO,SM,Bikewo Green Tech,25.9500,28.2500,25.9500,27.8000,60000,27,1665300
VSWS,N,20260525,BIL,EQ,Bhartiya Intl,741.4500,749.0000,723.7000,732.6000,6188,295,4530614
VSWS,N,20260525,BILVYAPAR,BE,BIL Vyapar,4.6200,4.8300,4.6200,4.6200,37856,83,175396
VSWS,N,20260525,BIMETAL,EQ,Bimetal Bearings,577.0000,584.6000,563.1500,577.5500,182,30,105015
VSWS,N,20260525,BIOCON,EQ,Biocon,430.5500,432.5000,427.1500,430.0500,1976858,36963,848858847
VSWS,N,20260525,BIOFILCHEM,EQ,Biofil Chemicals,31.7700,32.1400,31.2100,31.5200,7865,120,248912
VSWS,N,20260525,BIOPOL,SM,Biopol Chemicals,115.3500,117.8000,111.0000,111.7000,68400,45,7730100
VSWS,N,20260525,BIRDYS,ST,Grill Splendour Serv,123.6500,123.6500,123.6500,123.6500,1200,1,148380
VSWS,N,20260525,BIRLACABLE,BE,Birla Cable,167.5200,167.5200,167.5200,167.5200,14041,119,2352148
VSWS,N,20260525,BIRLACORPN,EQ,Birla Corporation,1010.9500,1025.1500,993.5000,1007.0500,79130,9923,79485296
VSWS,N,20260525,BIRLAMONEY,EQ,Aditya Birla Money,143.0000,143.5000,139.2100,141.3500,66547,1027,9457095
VSWS,N,20260525,BIRLANU,EQ,BirlaNu,1382.4000,1382.4000,1342.3000,1355.0000,8302,1057,11252752
VSWS,N,20260525,BIRLAPREC,EQ,Birla Precision Tech,42.9900,48.1000,41.5100,47.0000,793723,4562,35957813
VSWS,N,20260525,BLACKBUCK,EQ,BlackBuck,503.4500,527.3000,497.7500,515.0000,1166467,31809,601553094
VSWS,N,20260525,BLACKROSE,EQ,Black Rose Indus,102.4000,102.4000,99.6500,101.2000,23282,406,2358394
VSWS,N,20260525,BLAL,EQ,BEML Land Assets,189.0000,192.9700,188.0000,190.0600,17097,462,3250794
VSWS,N,20260525,BLBLIMITED,BE,B L B,15.5700,16.3800,15.5700,16.2800,60868,157,978314
VSWS,N,20260525,BLIL,EQ,Balmer Lawrie Invest,73.0000,73.4800,72.5000,72.6700,82161,972,5980875
VSWS,N,20260525,BLISSGVS,EQ,Bliss GVS Pharma,322.3500,329.2000,305.1000,317.5500,9848192,81979,3113517776
VSWS,N,20260525,BLKASHYAP,EQ,B L Kashyap & Sons,58.2000,58.7000,56.9100,57.4100,277904,1937,16018945
VSWS,N,20260525,BLS,EQ,BLS International Se,271.0000,271.8500,267.5500,269.0500,1396114,31278,376691318
VSWS,N,20260525,BLSE,EQ,BLS E-Services,210.8000,214.5200,207.6600,212.0500,353592,3315,75079798
VSWS,N,20260525,BLUECHIP,EQ,Blue Chip India,2.1700,2.1700,2.1700,2.1700,8381,31,18187
VSWS,N,20260525,BLUECOAST,BE,Blue Coast Hotels,30.4000,32.6400,30.4000,32.1500,636,19,19984
VSWS,N,20260525,BLUEDART,EQ,Blue Dart Express,4865.0000,4960.0000,4865.0000,4886.0000,8935,2103,43866858
VSWS,N,20260525,BLUEJET,EQ,Blue Jet Healthcare,443.0000,485.1500,425.5500,481.4000,4169890,76393,1962797473
VSWS,N,20260525,BLUEPEBBLE,SM,Blue Pebble,83.3500,110.0000,83.3500,108.0000,11600,18,1189240
VSWS,N,20260525,BLUESTARCO,EQ,Blue Star,1675.0000,1681.8000,1642.0000,1652.3000,241058,14059,399887763
VSWS,N,20260525,BLUESTONE,EQ,BlueStone Jewellery,474.8000,488.7000,474.8000,484.4500,97051,7523,47037387
VSWS,N,20260525,BLUEWATER,ST,Blue Water Logistics,265.0000,270.0000,256.5000,257.0000,19000,17,4899800
VSWS,N,20260525,BLUSPRING,EQ,Bluspring Enterprise,67.3200,70.0000,66.1600,67.8500,202587,1563,13662619
VSWS,N,20260525,BMETRICS,SM,Bombay Metrics Suppl,37.5000,37.5000,37.5000,37.5000,800,1,30000
VSWS,N,20260525,BMWVENTLTD,EQ,BMW Ventures,60.9900,63.0000,60.9500,62.3300,79521,811,4938686
VSWS,N,20260525,BNAGROCHEM,BE,BN Agrochem,344.0000,344.0400,325.0000,334.4400,2191,105,732027
VSWS,N,20260525,BNALTD,EQ,B & A,358.2000,379.9000,350.1500,357.8000,215,21,76516
VSWS,N,20260525,BODALCHEM,EQ,Bodal Chemicals,74.5000,79.0000,74.0000,75.8000,884624,10722,67911474
VSWS,N,20260525,BOHRAIND,BE,Bohra Industries,19.5000,19.5000,18.2400,18.2400,8512,15,155261
VSWS,N,20260525,BOMDYEING,EQ,Bombay Dyeing,127.5000,127.9000,125.2600,126.2000,805752,7930,101916487
VSWS,N,20260525,BONLON,EQ,Bonlon Industries,43.8200,46.2400,43.8200,46.0300,11856,215,546746
VSWS,N,20260525,BORANA,EQ,Borana Weaves,320.2000,322.9500,318.0000,320.1000,16292,622,5221466
VSWS,N,20260525,BOROLTD,EQ,Borosil,233.5000,233.5000,223.9900,226.8500,216348,4217,49456982
VSWS,N,20260525,BORORENEW,EQ,Borosil Renewables,512.4000,518.0500,507.9000,515.8000,483558,10858,248667784
VSWS,N,20260525,BOROSCI,EQ,Borosil Scientific,139.0000,140.9000,137.3000,138.0900,121187,1386,16783798
VSWS,N,20260525,BOSCH-HCIL,EQ,Bosch Home Comfort I,1383.0000,1389.9000,1359.0000,1370.8000,5544,448,7582121
VSWS,N,20260525,BOSCHLTD,EQ,Bosch,36400.0000,36760.0000,36200.0000,36310.0000,21720,8769,792250880
VSWS,N,20260525,BPCL,EQ,Bharat Petroleum,305.0000,309.0000,304.0500,308.2500,14530864,89631,4461101917
VSWS,N,20260525,BPL,EQ,B P L,54.0000,55.8000,53.0100,55.3400,35467,831,1955105
VSWS,N,20260525,BRANDMAN,ST,Brandman Retail,175.2500,179.0000,171.0000,171.0000,49600,23,8545840
VSWS,N,20260525,BRIGADE,EQ,Brigade Enterprises,674.9500,683.8000,668.0000,669.5500,149059,10346,100354172
VSWS,N,20260525,BRIGHOTEL,EQ,Brigade Hotel Ventur,61.0000,61.9000,60.8500,61.6900,21828,512,1343303
VSWS,N,20260525,BRITANNIA,EQ,Britannia Industries,5370.0000,5370.0000,5309.5000,5327.0000,284971,32403,1518520826
VSWS,N,20260525,BRNL,EQ,Bharat Road Network,20.3000,20.8900,20.1500,20.3100,16862,232,342213
VSWS,N,20260525,BROOKS,BE,Brooks Laboratories,54.8900,56.4100,54.5400,56.4100,42943,144,2416325
VSWS,N,20260525,BSE,EQ,BSE,4250.0000,4303.0000,4215.0000,4291.2000,2791628,113966,11906016607
VSWS,N,20260525,BSE500IETF,EQ,ICICI Prud BSE 500 E,38.0700,38.9800,38.0700,38.5400,235099,2080,9055572
VSWS,N,20260525,BSHSL,BE,Bombay Super Hybrid,96.5400,100.0000,94.0500,96.3500,7094,89,683310
VSWS,N,20260525,BSL,EQ,B S L,123.1400,124.8900,122.8000,123.3000,1116,69,137870
VSWS,N,20260525,BSLGOLDETF,EQ,Aditya Birla Sun LGG,138.9400,139.0000,138.5100,138.7200,159127,2059,22076145
VSWS,N,20260525,BSLNIFTY,EQ,Aditya Birla SL NF 5,28.3000,28.3000,27.7100,28.0100,882851,7674,24615120
VSWS,N,20260525,BSLSENETFG,EQ,AB SL BSE Sensex ETF,75.2200,76.6000,75.2200,76.5900,5293,152,405160
VSWS,N,20260525,BSOFT,EQ,Birlasoft,330.0000,337.2500,327.3500,330.8000,803818,16518,267384550
VSWS,N,20260525,BTML,EQ,Bodhi Tree Multimedi,6.6000,6.7000,6.4300,6.4900,257653,310,1688656
VSWS,N,20260525,BTTL,EQ,Bhilwara Technical T,35.5500,36.6000,34.0500,34.4800,27163,248,945227
VSWS,N,20260525,BUILDPRO,EQ,Shankara Buildpro,1077.9000,1080.0000,1040.0000,1057.4000,39982,2998,42340036
VSWS,N,20260525,BULKCORP,SM,Bulkcorp Internation,45.0000,45.0000,41.6500,41.6500,3600,3,153960
VSWS,N,20260525,BUTTERFLY,EQ,Butterfly Gandhimath,670.0000,684.9000,658.1000,675.3000,36733,2645,24492648
VSWS,N,20260525,BVCL,EQ,Barak Valley Cements,42.1000,43.5000,41.9300,42.8100,16521,149,706902
VSWS,N,20260525,BYKE,EQ,Byke Hospitality,37.8700,37.8700,35.4100,35.8200,30142,470,1096811
VSWS,N,20260525,C2C,SM,C2C Advanced Systems,452.6000,460.0000,435.0000,438.1000,94800,467,43028963
VSWS,N,20260525,CALSOFT,BE,California Software,20.9800,21.5500,20.2500,20.3800,232720,522,4784810
VSWS,N,20260525,CAMLINFINE,EQ,Camlin Fine Sciences,121.0000,125.0900,121.0000,122.7300,874737,6641,107678237
VSWS,N,20260525,CAMPUS,EQ,Campus Activewear,240.9900,246.7800,230.0000,236.0500,1494292,22308,357225177
VSWS,N,20260525,CAMS,EQ,Computer Age Mgmt Se,765.1500,781.9500,765.1500,769.6500,1904876,41027,1470586700
VSWS,N,20260525,CANARYS,SM,Canarys Automations,20.8500,20.8500,19.8000,19.9000,24000,6,485000
VSWS,N,20260525,CANBK,EQ,Canara Bank,130.8000,134.2000,130.0000,133.7000,27988813,93767,3704484728
VSWS,N,20260525,CANFINHOME,EQ,Canfin Homes,844.9500,849.8000,822.1000,838.4000,445592,32804,373564727
VSWS,N,20260525,CANHLIFE,EQ,Canara HSBC Life Ins,139.9900,142.3800,139.0000,139.5200,365991,8451,51376784
VSWS,N,20260525,CANTABIL,EQ,Cantabil Retail Indi,218.5900,220.2200,216.5500,218.2500,132968,1885,29176552
VSWS,N,20260525,CAPACITE,EQ,Capacit'e Infraproje,218.3500,225.7500,216.9500,224.8000,252481,6058,56365322
VSWS,N,20260525,CAPILLARY,EQ,Capillary Techno Ind,516.9500,531.0000,516.9500,522.1000,15470,638,8065628
VSWS,N,20260525,CAPITALSFB,EQ,Capital Small Financ,277.0500,284.8000,277.0500,278.6500,28782,1028,8053101
VSWS,N,20260525,CAPLIPOINT,EQ,Caplin Point Lab,2059.4000,2092.5000,2033.4000,2077.9000,160356,14426,331496495
VSWS,N,20260525,CAPTRUST,BE,Capital Trust,14.3700,15.0000,14.2500,14.4600,17597,140,255142
VSWS,N,20260525,CARBORUNIV,EQ,Carborundum Univer,1056.8500,1073.7000,1053.0500,1057.4000,73452,7666,78032461
VSWS,N,20260525,CARERATING,EQ,CARE Ratings,1739.0000,1747.7000,1673.1000,1687.6000,37766,5172,64060680
VSWS,N,20260525,CARRARO,EQ,Carraro India,600.0000,619.6000,597.0500,606.7500,311192,10655,190131846
VSWS,N,20260525,CARTRADE,EQ,CarTrade Tech,1810.8000,1815.0000,1768.6000,1789.0000,265750,30399,475792345
VSWS,N,20260525,CARYSIL,EQ,Carysil,1099.9500,1143.8500,1073.4500,1116.5500,437590,22775,487032982
VSWS,N,20260525,CASHIETF,EQ,ICICI Pru BSE Liq R,1065.7500,1065.7500,1063.4500,1063.4500,330127,97,351075157
VSWS,N,20260525,CASTROLIND,EQ,Castrol India,182.5000,183.3300,182.0800,182.7500,523846,8240,95667151
VSWS,N,20260525,CBAZAAR,SM,Net Avenue Technolog,4.2500,4.2500,4.2500,4.2500,8000,1,34000
VSWS,N,20260525,CCAVENUE,EQ,AvenuesAI,14.0000,14.2300,13.8700,13.9700,8601485,7503,120504382
VSWS,N,20260525,CCCL,EQ,Consolidated Const C,15.6000,15.6000,15.1900,15.4200,131776,376,2028599
VSWS,N,20260525,CCHHL,EQ,Country Club Hospita,13.2300,14.0000,12.8200,13.3400,13658,214,181926
VSWS,N,20260525,CCL,EQ,CCL Products India,1070.0000,1084.1000,1053.1000,1059.0000,216044,16220,230014200
VSWS,N,20260525,CDSL,EQ,Central Depository S,1224.0000,1224.0000,1212.9000,1217.4000,1199970,33590,1461124021
VSWS,N,20260525,CEATLTD,EQ,Ceat,3315.3000,3360.0000,3289.1000,3331.3000,157605,16279,525026249
VSWS,N,20260525,CEDAAR,SM,Cedaar Textile,25.5000,26.4500,25.5000,26.4500,2000,2,51950
VSWS,N,20260525,CEIGALL,EQ,Ceigall India,349.0000,349.0000,338.3500,341.8500,464536,5334,159201249
VSWS,N,20260525,CEINSYS,EQ,Ceinsys Tech,919.0000,928.0000,900.0000,902.9000,48649,3235,44248152
VSWS,N,20260525,CELEBRITY,EQ,Celebrity Fashions,7.6600,7.8700,7.5600,7.5900,45353,102,346665
VSWS,N,20260525,CELLECOR,ST,Cellecor Gadgets,41.1000,41.9500,39.6000,41.9000,528000,78,21913500
VSWS,N,20260525,CELLO,EQ,Cello World,383.4000,388.8000,378.0000,380.5000,336027,12822,128024159
VSWS,N,20260525,CELLPOINT,SM,Cell Point (India),16.4000,17.4500,16.4000,17.4500,9600,5,164880
VSWS,N,20260525,CEMPRO,EQ,Cemindia Projects,871.0000,897.7000,869.6500,879.9500,497210,20405,438681522
VSWS,N,20260525,CENTENKA,EQ,Century Enka,521.8000,526.0000,504.0000,506.2000,186144,6034,95616405
VSWS,N,20260525,CENTEXT,EQ,Century Extrusions,20.2000,21.0000,19.9100,20.6200,96150,673,1962427
VSWS,N,20260525,CENTRALBK,EQ,Central Bank of Indi,31.2900,31.3300,31.1100,31.2700,34693379,31501,1084918247
VSWS,N,20260525,CENTRUM,EQ,Centrum Capital,22.9500,23.7900,22.7000,22.9000,243665,1086,5594548
VSWS,N,20260525,CENTUM,EQ,Centum Electronics,3210.0000,3324.0000,3164.6000,3171.9000,53052,7984,171009953
VSWS,N,20260525,CENTURYPLY,EQ,Century Plyboards (I,792.9500,825.0000,770.4000,778.0500,2169542,42664,1720022822
VSWS,N,20260525,CERA,EQ,CERA Sanitaryware,5800.5000,5828.0000,5702.5000,5729.0000,7499,2469,43251101
VSWS,N,20260525,CEREBRAINT,BZ,Cerebra Integrated,3.2400,3.3200,3.0500,3.2800,161360,205,504196
VSWS,N,20260525,CESC,EQ,C E S C,180.0000,186.4900,180.0000,185.5900,8424081,107642,1552520304
VSWS,N,20260525,CEWATER,EQ,Concord Enviro Syste,273.1000,294.9500,272.0000,280.5000,131991,5780,37185315
VSWS,N,20260525,CGCL,EQ,Capri Global Capital,192.1000,192.9900,188.4400,189.3000,1679289,13109,320721735
VSWS,N,20260525,CGPOWER,EQ,CG Power & Indl Solu,874.9000,884.4000,864.8000,867.9000,2222363,43669,1943898378
VSWS,N,20260525,CGRAPHICS,SM,Creative Graph Solut,139.2500,143.2000,137.0000,141.1000,24800,29,3480040
VSWS,N,20260525,CHALET,EQ,Chalet Hotels,808.0000,808.5000,784.3000,794.9000,91172,5735,72395855
VSWS,N,20260525,CHAMBLFERT,EQ,Chambal Fertilisers,458.0000,469.5000,456.1000,463.4500,1451716,30024,674528713
VSWS,N,20260525,CHAMUNDA,SM,Chamunda Electrical,49.5000,49.5000,45.5000,45.8000,18000,6,835650
VSWS,N,20260525,CHANDAN,SM,Chandan Healthcare,238.0000,238.0000,232.3000,233.9500,14400,17,3380320
VSWS,N,20260525,CHAVDA,SM,Chavda Infra,95.2000,97.4000,92.2500,93.8000,35000,31,3294100
VSWS,N,20260525,CHEMBOND,BE,Chembond Material Te,171.8200,174.8500,167.2500,170.2000,3804,74,648563
VSWS,N,20260525,CHEMBONDCH,BE,Chembond Chemicals,194.0000,200.9900,194.0000,198.0900,16681,210,3300239
VSWS,N,20260525,CHEMCON,EQ,Chemcon Speciality C,190.0000,194.0000,185.5200,192.3500,166739,3684,31776289
VSWS,N,20260525,CHEMFAB,BE,Chemfab Alkalis,404.0000,414.4500,390.0500,413.0000,2696,78,1078842
VSWS,N,20260525,CHEMICAL,EQ,Kotak Nifty Chemical,29.5200,29.8300,29.3600,29.6800,947058,1453,28004404
VSWS,N,20260525,CHEMPLASTS,EQ,Chemplast Sanmar,243.6500,246.4400,237.8500,243.8900,291386,8833,70742760
VSWS,N,20260525,CHENNPETRO,EQ,Chennai Petroleum,1023.9000,1043.4000,1021.6000,1030.6000,523407,17099,538807014
VSWS,N,20260525,CHEVIOT,EQ,Cheviot Company,1170.0000,1170.0000,1131.1000,1133.8000,2133,292,2436063
VSWS,N,20260525,CHOICEGOLD,EQ,Choice Gold ETF,156.3300,158.6700,156.1700,156.4400,6159,134,963317
VSWS,N,20260525,CHOICEIN,EQ,Choice International,682.8500,693.4000,679.5000,689.3000,655675,12688,451377542
VSWS,N,20260525,CHOLAFIN,EQ,Cholamandalam Invest,1566.0000,1600.0000,1548.5000,1591.0000,1668255,50700,2640183222
VSWS,N,20260525,CHOLAHLDNG,EQ,Cholamandalam Financ,1600.1000,1664.1000,1600.1000,1624.7000,141907,14594,231242623
VSWS,N,20260525,CIEINDIA,EQ,CIE Automotive India,456.0000,465.0000,453.9500,461.4500,331778,26592,152891480
VSWS,N,20260525,CIFL,EQ,Capital India Financ,25.1500,25.4900,24.8600,24.9900,33966,307,850411
VSWS,N,20260525,CINELINE,EQ,Cineline India,79.4700,80.9900,79.2200,79.6800,4194,84,334689
VSWS,N,20260525,CINEVISTA,EQ,Cinevista,15.7500,16.2500,15.7200,16.1700,2653,28,41951
VSWS,N,20260525,CIPLA,EQ,Cipla,1406.0000,1420.0000,1398.5000,1413.9000,668915,28463,941641484
VSWS,N,20260525,CKKRETAIL,ST,C K K Retail Mart,124.6500,130.8500,120.1000,130.8000,62400,28,8064760
VSWS,N,20260525,CLASSICEIL,ST,Classic Electrodes (,50.6000,50.7000,49.8000,50.3000,27200,17,1363280
VSWS,N,20260525,CLCIND,BE,CLC Industries,30.1400,30.1400,30.1400,30.1400,196,9,5907
VSWS,N,20260525,CLEAN,EQ,Clean Science & Tech,759.0000,763.8500,743.0000,745.4500,303492,17498,228231351
VSWS,N,20260525,CLEANMAX,EQ,Clean Max Enviro Ene,1143.5000,1145.2000,1091.0000,1095.5000,141124,12484,156588149
VSWS,N,20260525,CLEDUCATE,EQ,CL Educate,46.9900,46.9900,46.0000,46.5300,20367,224,944548
VSWS,N,20260525,CLSEL,EQ,Chaman Lal Setia,271.1500,316.4000,268.2500,298.0000,899324,18774,266446227
VSWS,N,20260525,CLSL,SM,Crop Life Science,41.6500,41.6500,41.6500,41.6500,2000,1,83300
VSWS,N,20260525,CMICABLES,BZ,C M I,3.3300,3.4900,3.1700,3.1900,24406,25,78053
VSWS,N,20260525,CMNL,SM,Chaman Metallics,127.0000,130.0000,127.0000,128.7500,6000,8,774638
VSWS,N,20260525,CMPDI,EQ,Central Mine Plannin,236.9300,245.7000,232.5200,244.6600,5374430,42919,1293672921
VSWS,N,20260525,CMSINFO,EQ,CMS Info Systems,308.9000,314.0000,305.0000,310.5500,429561,11247,133567376
VSWS,N,20260525,CNL,EQ,Creative Newtech,645.0000,660.0000,645.0000,654.9500,7931,483,5194456
VSWS,N,20260525,COALINDIA,EQ,Coal India,460.0000,462.5500,456.0000,458.0000,8441223,88668,3872624031
VSWS,N,20260525,COASTCORP,EQ,Coastal Corporation,58.9300,59.0500,57.0000,58.6900,88758,1122,5175957
VSWS,N,20260525,COCHINSHIP,EQ,Cochin Shipyard,1539.7000,1557.0000,1523.9000,1529.0000,740059,24537,1138534279
VSWS,N,20260525,COCKERILL,EQ,John Cockerill India,6240.5000,6599.5000,6229.0000,6544.0000,30320,6297,194260296
VSWS,N,20260525,COFFEEDAY,EQ,Coffee Day Enterpris,24.8700,25.5000,24.4200,25.2500,1191958,3845,29845006
VSWS,N,20260525,COFORGE,EQ,Coforge,1398.0000,1415.2000,1376.6000,1398.0000,1369562,49222,1913544655
VSWS,N,20260525,COHANCE,EQ,Cohance Lifesciences,422.0000,440.0000,422.0000,434.8500,1431260,39806,618686425
VSWS,N,20260525,COLPAL,EQ,Colgate,2185.7000,2195.7000,2080.6000,2097.0000,1433773,68522,3031393301
VSWS,N,20260525,COMFINTE,EQ,Comfort Intech,6.6600,6.9900,6.4000,6.4800,549927,1249,3629083
VSWS,N,20260525,COMMITTED,ST,Committed Cargo Care,262.3000,268.0000,262.1500,264.8500,4000,5,1057760
VSWS,N,20260525,COMMOIETF,EQ,ICICI Pru Nfty Commo,104.4100,105.5800,104.2700,105.0700,84183,792,8815440
VSWS,N,20260525,COMPINFO,BZ,Compuage Infocom,1.3900,1.3900,1.3400,1.3400,18505,39,25131
VSWS,N,20260525,COMPUSOFT,EQ,Compucom Software,13.7500,13.7500,13.3000,13.3800,25971,179,348744
VSWS,N,20260525,COMSYN,EQ,Commercial Syn Bags,155.1000,155.1000,153.0000,153.3200,8110,127,1245425
VSWS,N,20260525,CONCOR,EQ,Container Corp,509.0000,513.5000,506.9000,512.0500,720289,17165,367814189
VSWS,N,20260525,CONCORDBIO,EQ,Concord Biotech,1176.4000,1180.0000,1130.0000,1131.9000,104877,8558,120158956
VSWS,N,20260525,CONFIPET,EQ,Confidence Petroleum,57.7800,61.9900,56.7600,61.2200,2945450,10834,176986320
VSWS,N,20260525,CONNPLEX,SM,Connplex Cinemas,229.0000,229.0000,220.0000,220.6000,75200,88,16723040
VSWS,N,20260525,CONS,EQ,Kotak Nifty India Co,11.7800,11.7800,11.6500,11.6900,15090,147,176609
VSWS,N,20260525,CONSOFINVT,EQ,Consolidated Finvest,229.7000,241.1700,229.7000,234.3900,17199,323,4097474
VSWS,N,20260525,CONSUMBEES,EQ,Nippon INft (I) Cons,126.2900,127.0000,126.1300,126.5800,88143,1067,11160107
VSWS,N,20260525,CONSUMER,EQ,Mirae A Nfty I New A,10.9300,11.0900,10.8800,11.0500,82611,339,913249
VSWS,N,20260525,CONSUMIETF,EQ,ICICI Pru NIC ETF,118.0400,118.3900,117.3200,117.6100,17033,375,2009783
VSWS,N,20260525,CONTROLPR,EQ,Control Print,628.0000,652.1500,619.7000,622.5000,42592,1645,26923275
VSWS,N,20260525,COOLCAPS,SM,Cool Caps Industries,24.2000,25.6000,24.2000,25.1000,238750,100,6068938
VSWS,N,20260525,CORALFINAC,EQ,Coral India Finance,31.7000,35.2500,31.2500,33.1100,34449,812,1133953
VSWS,N,20260525,CORDSCABLE,EQ,Cords Cable Industri,199.8200,235.6000,197.4100,235.6000,739371,10903,165936370
VSWS,N,20260525,COROMANDEL,EQ,Coromandel Internati,1825.2000,1854.1000,1817.6000,1841.5000,468484,29563,860796243
VSWS,N,20260525,CORONA,EQ,Corona Remedies,1718.0000,1719.9000,1681.0000,1701.2000,40732,2995,69454144
VSWS,N,20260525,COSMOFIRST,EQ,Cosmo First,776.2000,792.0000,761.0000,768.1500,119455,5753,92280675
VSWS,N,20260525,COUNCODOS,EQ,Country Condo's,5.1800,5.1800,4.8000,4.8500,29269,124,144168
VSWS,N,20260525,CPCAP,BE,CP Capital,94.9000,96.0000,92.0000,92.5500,10776,71,1009737
VSWS,N,20260525,CPEDU,EQ,Career Point Edutech,175.7600,180.9500,174.0200,176.9600,15297,121,2705817
VSWS,N,20260525,CPPLUS,EQ,Aditya Infotech,2449.8000,2602.0000,2442.2000,2556.1000,530738,38424,1356270864
VSWS,N,20260525,CPS,SM,C P S Shapers,990.0000,990.0000,955.0000,989.0000,8100,13,7954050
VSWS,N,20260525,CPSEETF,EQ,CPSE ETF*,105.9000,105.9000,103.6200,103.9500,1267225,10611,131723161
VSWS,N,20260525,CRAFTSMAN,EQ,Craftsman Automation,8850.0000,8919.0000,8625.5000,8692.5000,33663,8406,295994258
VSWS,N,20260525,CRAMC,EQ,Canara Robeco Asset,244.5500,252.4500,241.1500,249.0000,449330,10421,111729009
VSWS,N,20260525,CRAYONS,SM,Crayons Advertising,33.0000,33.0000,32.0000,32.0000,7000,7,226050
VSWS,N,20260525,CREATIVEYE,EQ,Creative Eye,7.1500,7.1500,6.8000,7.0400,17283,148,120972
VSWS,N,20260525,CREDITACC,EQ,CreditAccess Grameen,1288.0000,1325.0000,1284.7000,1303.8000,298522,24149,391422743
VSWS,N,20260525,CREST,EQ,Crest Ventures,345.0000,358.4500,343.4000,350.1000,13929,333,4874795
VSWS,N,20260525,CRISIL,EQ,CRISIL,4121.0000,4121.0000,4001.0000,4026.7000,39609,7495,160682613
VSWS,N,20260525,CRIZAC,EQ,Crizac,206.5800,223.9900,205.0000,223.9900,786767,6700,172586410
VSWS,N,20260525,CROMPTON,EQ,Crompton Greaves Con,296.8000,298.2500,292.5500,293.5000,1618146,17533,477954775
VSWS,N,20260525,CROWN,EQ,Crown Lifters,119.4000,120.8900,115.0000,116.1500,21149,667,2494341
VSWS,N,20260525,CSBBANK,EQ,CSB Bank,364.0000,367.9500,362.8000,365.5000,199531,4938,72803799
VSWS,N,20260525,CSLFINANCE,EQ,CSL Finance,237.9700,249.0000,231.3800,239.3300,29596,377,7006307
VSWS,N,20260525,CSSL,SM,Clear Secured Servic,95.0000,95.0000,90.0000,93.0000,7000,7,652000
VSWS,N,20260525,CTE,EQ,Cambridge Tech Enter,32.5300,32.5300,31.0900,32.2300,8161,79,260858
VSWS,N,20260525,CUB,EQ,City Union Bank,251.8000,253.0500,249.2000,249.9000,897950,27171,224764144
VSWS,N,20260525,CUBEXTUB,EQ,Cubex Tubings,92.0500,93.0000,88.9500,89.9700,88734,1050,8050948
VSWS,N,20260525,CUDML,SM,Cash Ur Drive Market,164.9000,164.9000,154.0000,154.0000,4000,3,633900
VSWS,N,20260525,CUMMINSIND,EQ,Cummins India,5419.0000,5419.5000,5337.5000,5382.0000,284889,35431,1530252866
VSWS,N,20260525,CUPID,EQ,Cupid,121.0000,124.9500,121.0000,124.6900,13549225,45936,1676245951
VSWS,N,20260525,CURAA,BE,Cura Technologies,88.4000,92.9200,88.4000,89.7000,638,16,58945
VSWS,N,20260525,CURIS,SM,Curis Lifesciences,118.0000,122.0000,118.0000,122.0000,15000,13,1802200
VSWS,N,20260525,CURRENT,SM,Current Infraproject,118.4000,118.4000,117.0000,117.2000,6400,4,751920
VSWS,N,20260525,CYBERMEDIA,BE,Cyber Media (India),18.2500,18.2500,17.1200,17.6200,4223,99,74823
VSWS,N,20260525,CYBERTECH,EQ,Cyber Tech Systems,150.0000,150.0000,145.8700,147.8300,91894,1408,13599910
VSWS,N,20260525,CYIENT,EQ,Cyient,910.0000,925.0000,902.6500,918.0500,365567,24224,335438182
VSWS,N,20260525,CYIENTDLM,EQ,Cyient DLM,424.0000,441.8500,418.0000,437.8500,392830,12143,170383811
VSWS,N,20260525,DABUR,EQ,Dabur India,453.4000,455.7500,446.2500,447.2000,879387,18195,395448835
VSWS,N,20260525,DAICHI,EQ,Dai Ichi Karkaria,252.1000,262.0000,252.1000,256.0000,6911,91,1771213
VSWS,N,20260525,DALBHARAT,EQ,Dalmia Bharat,1796.7000,1844.4000,1793.0000,1822.6000,332543,22670,603719632
VSWS,N,20260525,DALMIASUG,EQ,Dalmia Bharat Sugar,345.0000,347.4000,338.1000,339.6500,74221,2621,25463122
VSWS,N,20260525,DAMCAPITAL,EQ,DAM Capital Advisors,158.1100,159.0000,152.0000,152.7400,1286307,40860,198552972
VSWS,N,20260525,DAMODARIND,EQ,Damodar Industries,30.4000,31.9000,30.4000,30.7200,3413,69,105621
VSWS,N,20260525,DANGEE,EQ,Dangee Dums,3.4300,3.4300,3.1600,3.2900,120995,195,406552
VSWS,N,20260525,DANISH,SM,Danish Power,851.0000,874.0000,851.0000,869.1000,34650,189,30043433
VSWS,N,20260525,DATAMATICS,EQ,Datamatics Global Se,790.1000,795.9500,766.8000,779.3500,162248,6844,126213940
VSWS,N,20260525,DATAPATTNS,EQ,Data Patterns (I),4020.0000,4148.0000,3970.0000,4096.0000,1081059,66386,4424567215
VSWS,N,20260525,DAVANGERE,EQ,Davangere Sugar Co,4.5900,4.5900,3.9800,4.1000,123494645,15803,508690282
VSWS,N,20260525,DBCORP,EQ,D B Corp,208.9000,209.2800,206.0000,206.8700,38808,1920,8049683
VSWS,N,20260525,DBEIL,EQ,Deepak Builders & En,76.2900,79.0000,76.1000,76.7300,23291,498,1801737
VSWS,N,20260525,DBL,EQ,Dilip Buildcon,430.0000,439.7000,428.5000,435.5500,132611,5417,57648018
VSWS,N,20260525,DBOL,BE,Dhampur Bio Organics,105.5000,107.5200,105.1500,105.9800,24281,416,2571464
VSWS,N,20260525,DBREALTY,BE,Valor Estate,118.0000,120.9400,116.3400,120.9400,660318,1961,79342461
VSWS,N,20260525,DBSTOCKBRO,EQ,DB (Intl) Stock Brok,29.2500,31.7900,29.2500,31.5100,34301,702,1062521
VSWS,N,20260525,DCAL,EQ,Dishman Carbogen Amc,199.9000,205.2900,195.5200,199.8300,735174,10533,147204061
VSWS,N,20260525,DCBBANK,EQ,DCB Bank,182.8500,185.4000,181.3500,182.5700,784556,9420,143795978
VSWS,N,20260525,DCCL,SM,Dar Credit & Capital,40.0000,41.7500,40.0000,41.7500,6000,2,247000
VSWS,N,20260525,DCG,SM,DCG Cables & Wires,67.0000,67.5000,65.0000,66.0000,6000,5,397800
VSWS,N,20260525,DCI,BE,DC Infotech & Commun,293.7000,299.7500,286.4000,289.2500,3659,133,1066099
VSWS,N,20260525,DCM,EQ,D C M,80.1500,89.9000,80.1500,88.2300,57123,755,4997722
VSWS,N,20260525,DCMFINSERV,BE,DCM Financial Serv,5.0500,5.3000,4.8200,5.1800,24900,72,127992
VSWS,N,20260525,DCMNVL,BE,DCM Nouvelle,153.0000,154.0000,148.0000,148.5400,2296,46,343959
VSWS,N,20260525,DCMSHRIRAM,EQ,DCM Shriram,1121.9000,1121.9000,1085.0000,1090.3000,60234,6450,66285898
VSWS,N,20260525,DCMSIL,BE,DCM Shriram Internat,61.2800,61.9000,59.3000,60.0800,65650,319,3975343
VSWS,N,20260525,DCMSRIND,EQ,DCM Shriram Ind,41.1300,41.9800,39.1000,39.6900,240843,1762,9641135
VSWS,N,20260525,DCW,EQ,D C W,47.4800,48.2900,47.3700,47.8900,557236,2635,26674123
VSWS,N,20260525,DCXINDIA,EQ,DCX Systems,204.0900,213.7600,203.0000,210.9200,2048117,20635,431385463
VSWS,N,20260525,DDEVPLSTIK,EQ,Ddev Plastiks Indust,242.2500,245.7500,234.0000,237.1000,360911,4249,85795539
VSWS,N,20260525,DECCANCE,EQ,Deccan Cements,605.0500,609.9500,588.0000,607.9000,23893,1300,14317805
VSWS,N,20260525,DECCANTRAN,SM,Deccan Transcon Leas,22.8500,22.8500,22.8500,22.8500,1200,1,27420
VSWS,N,20260525,DECNGOLD,EQ,Deccan Gold Mines,144.0000,150.2100,142.8500,148.2600,1258016,11262,184986679
VSWS,N,20260525,DEEDEV,BE,Dee Development Engi,549.9500,549.9500,529.0000,549.9500,810775,2549,445743900
VSWS,N,20260525,DEEPAKFERT,EQ,Deepak Fertilizers,1487.9000,1503.4000,1445.4000,1456.5000,477375,26625,698767837
VSWS,N,20260525,DEEPAKNTR,EQ,Deepak Nitrite,1746.6000,1764.2000,1740.1000,1745.9000,101746,10724,178072096
VSWS,N,20260525,DEEPINDS,EQ,Deep Industries,469.1000,484.0000,467.6500,471.8500,291726,7150,138225301
VSWS,N,20260525,DEFENCE,EQ,Mirae Asset BSE (I),75.8500,76.8500,75.6700,76.6900,254712,756,19499385
VSWS,N,20260525,DELAPLEX,SM,Delaplex,128.0000,128.0000,128.0000,128.0000,600,1,76800
VSWS,N,20260525,DELHIVERY,EQ,Delhivery,449.1000,460.2000,449.1000,455.4500,3126164,45059,1427109823
VSWS,N,20260525,DELPHIFX,EQ,Delphi World Money,11.7100,11.7100,10.3000,10.4200,222660,479,2373370
VSWS,N,20260525,DELTACORP,EQ,Delta Corp,73.2500,74.0000,72.2000,73.2600,1469988,7077,107405224
VSWS,N,20260525,DELTAMAGNT,EQ,Delta Manufacturing,62.2000,63.9800,59.0000,60.0000,5960,127,357190
VSWS,N,20260525,DELTIC,ST,Delta Autocorp,39.2500,40.5000,39.2500,40.5000,11000,8,440750
VSWS,N,20260525,DEN,EQ,Den Networks,27.0900,27.6900,27.0900,27.5300,367296,1655,10053857
VSWS,N,20260525,DENEERS,SM,De Neers Tools,235.2000,247.0000,233.0000,237.6500,18000,26,4307790
VSWS,N,20260525,DENORA,EQ,De Nora India,717.7000,738.6000,711.0000,714.1000,3033,385,2190102
VSWS,N,20260525,DENTA,EQ,Denta Water and Infr,284.9000,291.0000,279.2000,285.5000,294671,5757,84220961
VSWS,N,20260525,DENTALKART,SM,Vasa Denticity,421.2500,425.0000,402.0000,418.3000,25750,74,10689600
VSWS,N,20260525,DEVIT,EQ,Dev Information Tech,28.7700,30.3400,28.7700,29.3200,19688,773,579427
VSWS,N,20260525,DEVX,EQ,Dev Accelerator,39.9900,40.3200,38.7300,38.9200,138571,463,5494074
VSWS,N,20260525,DEVYANI,EQ,Devyani Internationa,114.9800,117.2300,114.5500,116.0400,643049,8052,74742498
VSWS,N,20260525,DGCONTENT,EQ,Digicontent,26.8300,28.4400,26.0200,26.7600,31486,214,864695
VSWS,N,20260525,DHAMPURSUG,EQ,Dhampur Sugar,146.0000,146.7900,144.6100,145.3300,128391,2200,18678350
VSWS,N,20260525,DHANBANK,EQ,Dhanlaxmi Bank,33.7600,34.5000,33.3000,33.5000,1561822,4848,52658199
VSWS,N,20260525,DHANLAXMI,SM,Dhanlaxmi Crop Scien,33.7500,35.8500,33.0000,34.7500,34000,17,1168500
VSWS,N,20260525,DHANUKA,EQ,Dhanuka Agritech,1190.1000,1194.7000,1162.0000,1172.4000,82856,9131,97071256
VSWS,N,20260525,DHARAN,BZ,Dharan Infra-Epc,0.1200,0.1300,0.1100,0.1300,44055369,2895,5524475
VSWS,N,20260525,DHARARAIL,SM,Dhara Rail Projects,137.0000,138.0000,132.5000,135.8500,84000,76,11371450
VSWS,N,20260525,DHARIWAL,SM,Dhariwalcorp,35.0000,35.0000,32.1000,32.7500,72000,22,2388600
VSWS,N,20260525,DHARMAJ,EQ,Dharmaj Crop Guard,270.0000,272.8500,269.2000,270.0000,26668,568,7216361
VSWS,N,20260525,DHRUV,BE,Dhruv Consultancy Se,32.5500,32.5500,30.7500,31.7500,812,16,26283
VSWS,N,20260525,DHUNINV,EQ,Dhunseri Investments,862.1000,888.9500,851.5500,881.0500,1069,114,931024
VSWS,N,20260525,DIACABS,EQ,Diamond Power Infra,196.5000,199.0000,193.9100,196.5900,3489335,23376,685912389
VSWS,N,20260525,DIAMINESQ,EQ,Diamines & Chemicals,250.0500,258.0000,245.5500,246.8000,9509,549,2384844
VSWS,N,20260525,DIAMONDYD,EQ,Prataap Snacks,988.3000,994.5000,971.1000,980.0000,12246,1023,12005128
VSWS,N,20260525,DICIND,EQ,DIC India,517.9500,535.0000,515.6000,522.2500,970,83,509310
VSWS,N,20260525,DIFFNKG,EQ,Diffusion Engineers,325.0000,334.0000,320.0000,323.3500,70196,2070,23072899
VSWS,N,20260525,DIGIDRIVE,EQ,Digidrive Distributo,19.1000,20.1000,19.0500,19.8700,47986,320,944161
VSWS,N,20260525,DIGIKORE,SM,Digikore Studios,59.6000,66.0500,57.0000,64.1000,88400,146,5668560
VSWS,N,20260525,DIGISPICE,BE,DiGiSPICE Technologi,19.1800,19.6900,19.0000,19.3300,25354,114,487777
VSWS,N,20260525,DIGITIDE,EQ,Digitide Solutions,85.1900,87.6700,85.1900,86.0100,138091,1921,11951107
VSWS,N,20260525,DIGJAMLMTD,EQ,Digjam,46.5600,48.4000,46.1000,46.7900,6712,240,315041
VSWS,N,20260525,DIL,BZ,Debock Industries,0.9600,0.9800,0.9200,0.9600,257627,349,245014
VSWS,N,20260525,DIRL,SM,Dhanuka Infra Realty,12.7000,12.7000,12.7000,12.7000,54000,5,685800
VSWS,N,20260525,DISAQ,EQ,Disa India,11642.0000,11819.0000,11447.0000,11567.0000,1055,884,12203982
VSWS,N,20260525,DISHTV,BE,Dish TV India,3.4700,3.5100,3.3500,3.4700,6302342,1335,21817360
VSWS,N,20260525,DIVGIITTS,EQ,Divgi Torqtransfer S,718.0000,748.0000,701.9500,743.2000,48117,2547,35215436
VSWS,N,20260525,DIVIDEND,EQ,Mirae Asset B 500 Dv,35.3200,36.9900,35.3200,36.4500,7635,92,278256
VSWS,N,20260525,DIVINEHIRA,ST,Divine Hira Jeweller,339.9000,339.9000,307.7500,320.5000,24400,27,7895340
VSWS,N,20260525,DIVISLAB,EQ,Divi's Laboratories,6750.0000,6945.0000,6690.0000,6756.5000,874049,59724,5949829598
VSWS,N,20260525,DIVOPPBEES,EQ,Nippon INft DivOpp50,77.2000,79.1900,77.2000,78.3800,39526,941,3093028
VSWS,N,20260525,DIVYADHAN,ST,Divyadhan Recycling,32.3500,32.3500,32.3500,32.3500,2000,1,64700
VSWS,N,20260525,DIXON,EQ,Dixon Technologies (,11850.0000,11888.0000,11602.0000,11824.0000,578594,83762,6811437001
VSWS,N,20260525,DJML,EQ,DJ Mediaprint & Logi,97.8500,98.9900,94.6400,98.5800,237179,994,23082833
VSWS,N,20260525,DLF,EQ,DLF,592.0000,596.4000,589.1500,592.3000,2007544,64773,1189115368
VSWS,N,20260525,DLINKINDIA,EQ,D-Link (India),462.0000,468.7500,454.3500,462.2000,147315,4721,68053126
VSWS,N,20260525,DMART,EQ,Avenue Supermarts,4150.0000,4154.9000,4077.6000,4097.2000,284287,19021,1167290656
VSWS,N,20260525,DMCC,EQ,DMCC Speciality Chem,278.5000,286.7000,277.1500,278.8500,54283,1823,15310370
VSWS,N,20260525,DNAMEDIA,EQ,Diligent Media Corpo,2.9100,3.0200,2.9100,2.9300,101682,140,299919
VSWS,N,20260525,DODLA,EQ,Dodla Dairy,1078.7000,1097.9000,1061.9000,1091.6000,25484,2982,27583305
VSWS,N,20260525,DOLATALGO,EQ,Dolat Algotech,75.1300,76.5800,74.4000,75.7200,419124,2174,31645640
VSWS,N,20260525,DOLLAR,EQ,Dollar Industries,285.0000,285.0000,268.5000,272.3000,339042,5021,92707342
VSWS,N,20260525,DOLLEX,SM,Dollex Agrotech,32.9000,32.9000,30.9000,31.6500,12000,3,385000
VSWS,N,20260525,DOLPHIN,EQ,Dolphin Offshore Ent,407.9000,418.9500,405.6000,409.0500,9606,604,3944621
VSWS,N,20260525,DOMS,EQ,DOMS Industries,2225.0000,2231.0000,2194.0000,2205.0000,31369,3675,69383212
VSWS,N,20260525,DONEAR,EQ,Donear Industries,91.3800,92.2300,90.1000,90.4400,19593,280,1785368
VSWS,N,20260525,DPABHUSHAN,EQ,D P Abhushan,967.1000,982.4000,965.1000,974.8000,7781,961,7585936
VSWS,N,20260525,DPEL,SM,Divine Power Energy,528.0000,528.0000,506.2000,508.7500,40500,70,20807000
VSWS,N,20260525,DPSCLTD,BE,India Power Corp,8.3200,8.5900,8.1900,8.5400,210950,586,1773188
VSWS,N,20260525,DPWIRES,EQ,D P Wires,174.1000,175.5000,170.3500,172.2400,4041,259,695337
VSWS,N,20260525,DRAGARWQ,EQ,Dr Agrawal's Eye Hos,5163.1000,5163.1000,4851.0000,4948.1000,1317,513,6603015
VSWS,N,20260525,DRCSYSTEMS,EQ,DRC Systems India,15.2000,15.5200,15.2000,15.2200,65123,194,994031
VSWS,N,20260525,DREAMFOLKS,EQ,Dreamfolks Services,76.2700,78.4500,76.0000,77.0000,38155,1356,2942236
VSWS,N,20260525,DREDGECORP,EQ,Dredging Corp,1066.9000,1102.4500,1019.0000,1072.9500,589930,31591,628111456
VSWS,N,20260525,DRONE,ST,Drone Destination,39.0500,41.8000,39.0500,40.5500,43000,54,1736225
VSWS,N,20260525,DRREDDY,EQ,Dr Reddy's Lab,1320.0000,1340.5000,1298.7000,1331.4000,4659781,39210,6170099293
VSWS,N,20260525,DSFCL,EQ,DCM Shriram Fine Che,26.0100,27.1900,25.5500,26.0000,47805,1036,1262951
VSWS,N,20260525,DSSL,EQ,Dynacons Systems,1792.8000,1924.8000,1766.0000,1895.1000,533094,31314,999430324
VSWS,N,20260525,DTIL,EQ,Dhunseri Tea & Indus,132.3200,142.7000,132.3200,140.7800,2073,144,291387
VSWS,N,20260525,DTL,SM,Diensten Tech,127.0500,139.9500,127.0500,130.0000,6000,5,796740
VSWS,N,20260525,DUCON,BE,Ducon Infratechnolog,3.5200,3.5200,3.4300,3.5200,403622,215,1420685
VSWS,N,20260525,DUGLOBAL,ST,Dudigital Global,34.5500,37.8000,34.5500,35.6000,55000,20,1960250
VSWS,N,20260525,DURLAX,ST,Durlax Top Surface,62.5000,62.5500,61.0000,62.3500,90000,39,5567900
VSWS,N,20260525,DVL,EQ,Dhunseri Ventures,246.6100,249.9000,246.0000,249.1900,11236,582,2792595
VSWS,N,20260525,DWARKESH,EQ,Dwarikesh Sugar Indu,44.5000,44.5400,43.2000,43.3700,830837,3802,36251151
VSWS,N,20260525,DYCL,EQ,Dynamic Cables,305.9000,325.4000,300.0500,323.0000,473661,9943,150254423
VSWS,N,20260525,DYNAMATECH,EQ,Dynamatic Tech,11301.0000,11630.0000,11165.0000,11306.0000,30513,9524,348843236
VSWS,N,20260525,DYNAMIC,SM,Dynamic Services & S,136.3000,138.9500,136.3000,138.4500,7000,11,963475
VSWS,N,20260525,DYNPRO,EQ,Dynemic Products,231.5000,233.4800,227.1300,231.8600,10982,259,2532662
VSWS,N,20260525,E2E,EQ,E2E Networks,3699.0000,3757.3000,3551.1000,3701.8000,257636,16590,948761227
VSWS,N,20260525,E2ERAIL,ST,E To E Transportatio,264.7500,271.9500,258.3000,267.3500,48000,48,12713320
VSWS,N,20260525,EASEMYTRIP,EQ,Easy Trip Planners,8.0600,8.1000,7.9700,8.0000,9119636,6998,73222270
VSWS,N,20260525,EASTSILK,BE,Eastern Silk Indus,59.6000,59.6000,54.4400,55.1500,1078,32,61664
VSWS,N,20260525,EBANKNIFTY,EQ,Edelweiss Nfty Bank,55.2900,55.7500,55.0500,55.5000,1726,34,95420
VSWS,N,20260525,EBBETF0430,EQ,BHARAT Bond ETF 2030,1560.3800,1573.8000,1560.3800,1564.5300,22559,496,35287499
VSWS,N,20260525,EBBETF0431,EQ,BHARAT Bond ETF - Ap,1393.0000,1398.0900,1390.1000,1391.1600,13498,134,18779600
VSWS,N,20260525,EBBETF0433,EQ,BHARAT Bond ETF-Apri,1265.3500,1271.8300,1264.0100,1265.1400,4424,140,5600385
VSWS,N,20260525,EBGNG,EQ,GNG Electronics,455.0000,458.6500,442.8000,445.5000,274359,8527,123069037
VSWS,N,20260525,ECAPINSURE,EQ,Edelweiss BSE Cap M,24.7500,25.0400,24.3800,24.9200,41487,351,1034527
VSWS,N,20260525,ECLERX,EQ,eClerx Services,1580.5000,1621.0000,1570.6000,1588.1000,242118,20755,386083336
VSWS,N,20260525,ECOLINE,SM,Ecoline Exim,153.2500,153.2500,145.5000,146.0000,43000,41,6382700
VSWS,N,20260525,ECOSMOBLTY,EQ,Ecos (I) Mobility &,133.0000,138.0000,133.0000,137.0300,214281,2731,29131605
VSWS,N,20260525,EDELWEISS,EQ,Edelweiss Financial,111.2500,112.8900,110.4900,111.9600,3073519,20519,343842228
VSWS,N,20260525,EDUCOMP,BZ,Educomp Solutions,0.9200,1.0000,0.9200,0.9900,51703,84,51238
VSWS,N,20260525,EEPL,SM,Eppeltone Engineers,103.6000,104.0000,103.1000,104.0000,3000,3,310700
VSWS,N,20260525,EFACTOR,SM,E Factor Experiences,198.0000,204.0000,197.0000,204.0000,1200,3,239600
VSWS,N,20260525,EFCIL,EQ,EFC (I),191.5000,191.5000,182.5000,184.0800,364196,4573,67866455
VSWS,N,20260525,EFFWA,SM,Effwa Infra & Resear,275.0000,281.5000,263.0000,266.8500,25200,51,6876900
VSWS,N,20260525,EFORCE,SM,Electro Force (India,22.6000,23.6500,22.6000,23.6500,13200,10,309660
VSWS,N,20260525,EGOLD,EQ,Edelweiss Gold ETF,157.6500,158.4500,157.3500,157.9000,197559,439,31191810
VSWS,N,20260525,EICHERMOT,EQ,Eicher Motors,7237.0000,7432.0000,7215.0000,7414.0000,1354536,102172,9969518187
VSWS,N,20260525,EIDPARRY,EQ,EID Parry,785.9000,794.0000,781.4000,789.8500,112672,10754,88953239
VSWS,N,20260525,EIEL,EQ,Enviro Infra Enginee,190.0500,213.4900,189.9000,209.6900,18772998,160471,3899256187
VSWS,N,20260525,EIFFL,EQ,Euro India Fresh Foo,241.6000,246.9300,234.0200,239.8700,8529,656,2062519
VSWS,N,20260525,EIHAHOTELS,EQ,EIH Associated Hotel,326.8000,326.8000,317.0000,320.8500,20455,1067,6546563
VSWS,N,20260525,EIHOTEL,EQ,E I H,320.0000,324.4500,317.8000,321.0500,155806,5391,50119242
VSWS,N,20260525,EIMCOELECO,EQ,Eimco Elecon,1615.0000,1634.0000,1585.0000,1601.0000,12110,1588,19598646
VSWS,N,20260525,EKC,EQ,Everest Kanto Cylind,115.2500,119.0000,115.1100,117.2000,201700,3126,23597939
VSWS,N,20260525,ELANTAS,EQ,Elantas Beck India,9180.0000,9290.0000,9108.0000,9246.0000,285,99,2624214
VSWS,N,20260525,ELCIDIN,EQ,Elcid Investments,124000.0000,124000.0000,120000.0000,122490.0000,21,19,2568200
VSWS,N,20260525,ELDEHSG,EQ,Eldeco Housing,839.0000,850.0000,790.0000,805.7000,1601,159,1299277
VSWS,N,20260525,ELECON,EQ,Elecon Engineering,538.0000,550.0000,527.8500,547.4000,876345,24678,474104860
VSWS,N,20260525,ELECTCAST,EQ,Electrosteel Casting,79.0000,83.2000,78.6500,82.3700,3558642,25242,290155111
VSWS,N,20260525,ELECTHERM,EQ,Electrotherm (India),773.8500,791.9000,750.0000,771.0000,58887,1909,45375478
VSWS,N,20260525,ELGIEQUIP,EQ,Elgi Equipments,562.3500,573.0000,561.0000,567.9000,289333,11164,164483844
VSWS,N,20260525,ELGIRUBCO,EQ,Elgi Rubber Company,48.0000,51.2000,47.6100,50.2800,33879,409,1665594
VSWS,N,20260525,ELGNZ,SM,Eleganz Interiors,84.9000,89.0000,83.0000,83.0000,14000,14,1201800
VSWS,N,20260525,ELIN,EQ,Elin Electronics,118.5000,125.5000,118.3000,120.7800,270575,3222,32744888
VSWS,N,20260525,ELIQUID,EQ,Edelweiss Nifty 1d R,1032.1600,1032.1600,1032.1400,1032.1400,10657,8,10999531
VSWS,N,20260525,ELITECON,EQ,Elitecon Internation,31.4200,32.2300,31.2400,31.6000,1686700,3126,53434953
VSWS,N,20260525,ELLEN,EQ,Ellenbarrie Industri,282.5000,282.5000,257.5000,265.3500,981725,27488,259982578
VSWS,N,20260525,ELM250,EQ,Edelweiss Nifty Larg,16.2700,16.7800,16.2700,16.4100,34876,157,571946
VSWS,N,20260525,ELPROINTL,EQ,Elpro International,176.9900,177.5000,162.5000,166.6500,138009,1354,23565323
VSWS,N,20260525,EMAMILTD,EQ,Emami,404.0000,409.0000,402.1000,404.0500,265338,13381,107362126
VSWS,N,20260525,EMAMIPAP,EQ,Emami Paper Mills,80.2500,80.4900,79.2200,79.7800,12264,182,978036
VSWS,N,20260525,EMAMIREAL,BE,Emami Realty,84.3600,87.8000,84.3600,87.8000,47919,74,4132276
VSWS,N,20260525,EMAPARTNER,SM,EMA Partners India,91.5000,91.5000,91.2000,91.2000,3000,3,273950
VSWS,N,20260525,EMBDL,EQ,Embassy Developments,62.2400,64.8000,62.2400,62.8700,2187547,16185,137980119
VSWS,N,20260525,EMCURE,EQ,Emcure Pharmaceutica,1713.6000,1740.9000,1705.0000,1738.3000,75783,9627,130920176
VSWS,N,20260525,EMIL,EQ,Electronics Mart (I),119.6600,119.8000,113.4400,116.7700,2311801,22129,267015253
VSWS,N,20260525,EMKAY,EQ,Emkay Global & Fin,227.8000,228.5000,220.5600,224.2400,23949,408,5346180
VSWS,N,20260525,EMKAYTOOLS,SM,Emkay Taps & Cutting,106.9500,106.9500,104.7500,106.0000,1800,11,189893
VSWS,N,20260525,EMMBI,EQ,Emmbi Industries,83.9500,87.6000,82.6500,84.7600,31559,352,2696944
VSWS,N,20260525,EMMIL,SM,Energy Mission Machi,143.0000,143.0000,137.0000,142.0000,1250,5,176000
VSWS,N,20260525,EMMVEE,EQ,Emmvee Photovoltaic,268.5000,290.7000,265.2500,290.2500,11654366,88632,3306317124
VSWS,N,20260525,EMPOWER,BE,Empower India,2.4200,2.4200,2.4200,2.4200,135017,287,326741
VSWS,N,20260525,EMSLIMITED,EQ,EMS,326.6500,337.9000,325.3500,336.3000,191998,5798,63911781
VSWS,N,20260525,EMUDHRA,EQ,eMudhra,475.0000,488.2000,471.3000,484.9000,61852,3023,29637482
VSWS,N,20260525,EMULTIMQ,EQ,Edelweiss Nfty500 MM,43.1700,43.1700,42.8100,43.0600,32455,253,1398746
VSWS,N,20260525,ENCOMPAS,SM,Encompass Design Ind,242.6000,256.9000,238.0000,250.4500,33600,34,8213520
VSWS,N,20260525,ENDURANCE,EQ,Endurance Technologi,2756.0000,2811.0000,2748.2000,2801.2000,198009,24134,550890875
VSWS,N,20260525,ENERGY,EQ,Mirae Asset Nifty En,40.9900,40.9900,40.4900,40.7200,317165,1092,12897357
VSWS,N,20260525,ENERGYDEV,EQ,Energy Development,17.3500,17.3500,16.9000,16.9700,25614,280,435682
VSWS,N,20260525,ENEXT50,EQ,Edelweiss Nifty Next,71.9900,72.0000,70.5000,71.3500,955,23,68305
VSWS,N,20260525,ENFUSE,SM,Enfuse Solutions,200.0000,200.0000,195.0000,195.0000,1800,3,357000
VSWS,N,20260525,ENGINERSIN,EQ,Engineers India,219.2000,229.4500,216.6500,228.6000,8741247,68923,1970213285
VSWS,N,20260525,ENIFTY,EQ,Edelweiss Nifty 50 E,23.2000,24.0800,23.2000,24.0400,5668,41,136078
VSWS,N,20260525,ENIL,EQ,Entertainment Networ,109.8400,110.0000,109.0000,109.9300,14213,124,1559847
VSWS,N,20260525,ENRIN,EQ,Siemens Energy India,3534.0000,3640.0000,3425.0000,3559.6000,519128,48258,1810707010
VSWS,N,20260525,ENSER,ST,Enser Communications,15.3000,15.8000,15.3000,15.8000,20000,4,313000
VSWS,N,20260525,ENTERO,EQ,Entero Healthcare So,1361.0000,1390.0000,1275.1000,1349.4000,253087,16654,344645735
VSWS,N,20260525,ENVIRO,SM,Envirotech Systems,95.0000,97.0000,94.0000,94.7000,19000,18,1807900
VSWS,N,20260525,EPACK,EQ,EPACK Durable,235.9000,238.2000,232.2000,234.1500,682961,8202,160364377
VSWS,N,20260525,EPACKPEB,EQ,Epack Prefab Technol,191.9900,194.2000,187.8400,191.3000,423587,6076,81380250
VSWS,N,20260525,EPIGRAL,EQ,Epigral,1252.0000,1266.4000,1227.0000,1240.9000,30589,2965,37986611
VSWS,N,20260525,EPL,EQ,EPL,218.0200,219.6800,216.1000,219.2500,199156,6680,43395156
VSWS,N,20260525,EQUAL200,EQ,Mirae Asset BSE 200,13.5200,13.5500,13.5000,13.5200,17881,62,241772
VSWS,N,20260525,EQUAL50,EQ,Mirae Asset Nifty50,329.4400,329.9900,328.4300,329.8700,512,15,168717
VSWS,N,20260525,EQUAL50ADD,EQ,DSP Nifty 50 Equal W,339.8900,340.8400,339.2500,340.3700,8569,351,2914542
VSWS,N,20260525,EQUIPPP,BE,Equippp Social Impac,15.3600,15.5700,15.0200,15.2200,6574,27,101442
VSWS,N,20260525,EQUITASBNK,EQ,Equitas Small Financ,67.6100,68.3900,66.8600,68.1600,1768372,15371,120071959
VSWS,N,20260525,ERIS,EQ,Eris Lifesciences,1344.9000,1358.0000,1339.2000,1353.5000,63907,6125,86233296
VSWS,N,20260525,ESABINDIA,EQ,Esab India,7115.0000,7168.5000,6891.0000,6989.5000,7927,3138,55772855
VSWS,N,20260525,ESAFSFB,EQ,ESAF Small Finance B,28.4000,29.7600,28.0500,28.9700,1044043,3090,30291703
VSWS,N,20260525,ESCONET,ST,Esconet Technologies,128.6000,130.0000,126.0500,128.0000,13200,29,1699220
VSWS,N,20260525,ESCORTS,EQ,Escorts Kubota,2941.9000,2985.0000,2940.5000,2976.5000,67529,9336,200694120
VSWS,N,20260525,ESENSEX,EQ,Edelweiss BSE Sensex,76.7800,76.7800,76.1100,76.5900,205,10,15617
VSWS,N,20260525,ESFL,ST,Essen Speciality Fil,123.0000,127.5000,123.0000,125.3000,9360,19,1170504
VSWS,N,20260525,ESG,EQ,Mirae Asst Nifty 100,40.8100,41.0800,40.8100,41.0400,13047,83,533978
VSWS,N,20260525,ESILVER,EQ,Edelweiss Silver ETF,256.8000,267.5000,256.8000,266.8000,59133,1240,15767562
VSWS,N,20260525,ESPRIT,SM,Esprit Stones,70.2500,72.9000,69.5000,70.0000,24000,14,1701360
VSWS,N,20260525,ESSARSHPNG,EQ,Essar Shipping,24.0200,24.4800,23.0000,23.6600,314998,1678,7469890
VSWS,N,20260525,ESSENTIA,BE,Integra Essentia,1.6100,1.6600,1.5900,1.6100,1339374,889,2170683
VSWS,N,20260525,ESTER,EQ,Ester Industries,96.9000,97.0000,94.9100,95.6000,36609,1107,3509705
VSWS,N,20260525,ETERNAL,EQ,Eternal,244.0000,249.3500,244.0000,247.6700,20066077,101086,4964476859
VSWS,N,20260525,ETHOSLTD,EQ,Ethos,2412.7000,2515.0000,2406.3000,2428.2000,20936,4173,51480972
VSWS,N,20260525,ETML,SM,Emerald Tyre Manufac,86.0000,86.0000,85.0000,85.0000,10800,5,927600
VSWS,N,20260525,EUREKAFORB,EQ,Eureka Forbes,467.8000,470.0000,461.9500,465.8500,173488,9779,80846675
VSWS,N,20260525,EUROBOND,EQ,Euro Panel Products,190.0000,195.0000,183.0300,186.9400,15939,403,2978751
VSWS,N,20260525,EUROPRATIK,EQ,Euro Pratik Sales,258.0000,260.2500,245.9000,246.9500,206570,5406,51624994
VSWS,N,20260525,EUROTEXIND,EQ,Eurotex Industries,15.2300,16.3800,15.2300,15.5500,9055,24,140547
VSWS,N,20260525,EVEREADY,EQ,Eveready Industries,321.0000,325.0000,316.0000,318.6000,46664,1938,14891911
VSWS,N,20260525,EVERESTIND,EQ,Everest Industries,408.0000,419.0000,405.0500,416.3000,9610,451,3959341
VSWS,N,20260525,EVIETF,EQ,Icici Pru Nfty Ev &,29.8000,30.9900,29.8000,30.6200,164718,707,5042029
VSWS,N,20260525,EVINDIA,EQ,Mirae A Nifty EV & N,30.6800,30.6800,30.3500,30.5900,623368,2113,19061692
VSWS,N,20260525,EXCELINDUS,EQ,Excel Industries,980.0000,990.0000,940.0000,982.3000,25392,1554,24635605
VSWS,N,20260525,EXCELLENT,ST,Excellent Wires & Pa,153.5000,153.5000,153.0000,153.0000,4800,3,735200
VSWS,N,20260525,EXCELSOFT,EQ,Excelsoft Technologi,91.6900,92.0000,86.5500,87.6200,5251946,27686,470739597
VSWS,N,20260525,EXICOM,EQ,Exicom Tele-systems,157.8400,159.0000,149.3500,151.9900,6364320,48955,982497585
VSWS,N,20260525,EXIDEIND,EQ,Exide Industries,342.2000,349.0000,340.7000,346.2500,1597876,19838,550098699
VSWS,N,20260525,EXIMROUTES,SM,Exim Routes,124.2000,124.2000,106.6000,115.1000,32000,18,3769360
VSWS,N,20260525,EXPLEOSOL,EQ,Expleo Solutions,915.4000,924.9500,895.6000,905.0000,26486,2118,24031207
VSWS,N,20260525,EXXARO,EQ,Exxaro Tiles,6.7000,6.7600,6.5700,6.6300,79090,269,526517
VSWS,N,20260525,FABTECH,EQ,Fabtech Technologies,153.7900,158.4400,152.8000,157.2000,107129,2192,16645484
VSWS,N,20260525,FACT,EQ,Fert & Chem Travan,881.0000,895.0000,876.2500,883.0500,127711,6152,113068175
VSWS,N,20260525,FAIRCHEMOR,EQ,Fairchem Organics,618.0000,633.0000,600.4000,610.3000,26380,1304,16092729
VSWS,N,20260525,FALCONTECH,SM,Falcon Technoproject,13.6000,14.3500,13.6000,14.3500,6000,5,83460
VSWS,N,20260525,FAZE3Q,EQ,Faze Three,506.6500,506.6500,506.6500,506.6500,13470,142,6824576
VSWS,N,20260525,FCL,EQ,Fineotex Chemical,33.7000,39.8300,33.6100,39.0300,146582721,187820,5449273213
VSWS,N,20260525,FCONSUMER,BZ,Future Consumer,0.3300,0.3500,0.3300,0.3300,1826751,763,619495
VSWS,N,20260525,FCSSOFT,BE,FCS Software Solutio,1.5100,1.5400,1.4900,1.5200,958717,1250,1454728
VSWS,N,20260525,FDC,EQ,F D C,375.4000,375.4000,363.5500,369.3500,268437,12521,98933482
VSWS,N,20260525,FEDDERSHOL,EQ,Fedders Holding,33.1500,33.7400,32.6000,32.8000,620564,1183,20573716
VSWS,N,20260525,FEDERALBNK,EQ,Federal Bank,289.0000,292.5000,286.8000,289.2500,9346757,69316,2705297183
VSWS,N,20260525,FEDFINA,EQ,Fedbank Financial Se,155.0100,165.1800,153.0000,164.7900,3472827,35161,563911513
VSWS,N,20260525,FEL,BZ,Future Enterprises,0.4500,0.4600,0.4400,0.4500,123056,103,55884
VSWS,N,20260525,FELDVR,BZ,Future Enter Type B,2.5000,2.6700,2.4400,2.5700,9098,24,23503
VSWS,N,20260525,FELIX,SM,Felix Industries,208.0000,208.5000,197.0000,198.3500,52000,69,10458000
VSWS,N,20260525,FERMENTA,EQ,Fermenta Biotech,312.0000,312.0000,296.3000,304.3500,13355,434,4042081
VSWS,N,20260525,FIBERWEB,EQ,Fiberweb (India),30.3900,30.3900,29.0000,29.3100,43094,441,1278168
VSWS,N,20260525,FIDEL,SM,Fidel Softech,157.5000,161.0000,150.0000,155.7500,17000,15,2689400
VSWS,N,20260525,FIEMIND,EQ,Fiem Industries,2249.7000,2286.0000,2230.0000,2273.6000,39161,5950,88787187
VSWS,N,20260525,FILATEX,EQ,Filatex India,42.8100,43.7900,42.2600,43.3700,581423,3354,25125197
VSWS,N,20260525,FILATFASH,BE,Filatex Fashions,0.2400,0.2400,0.2300,0.2300,22824672,2434,5330649
VSWS,N,20260525,FINBUD,SM,Finbud Financial Ser,120.0500,124.9500,120.0500,121.0000,26000,24,3194650
VSWS,N,20260525,FINCABLES,EQ,Finolex Cables,1048.0000,1108.2500,1041.5000,1068.9000,1331551,59928,1444792410
VSWS,N,20260525,FINEORG,EQ,Fine Organic Industr,4690.0000,4690.0000,4534.4000,4557.8000,8434,2658,38822991
VSWS,N,20260525,FINIETF,EQ,ICICI Pru Nif Fin Se,32.9600,33.0000,32.4200,32.8000,1065626,1538,34883206
VSWS,N,20260525,FINKURVE,EQ,Finkurve Financial,69.4700,69.4700,65.7000,65.8800,78087,1657,5209144
VSWS,N,20260525,FINOPB,EQ,Fino Payments Bank,125.1800,126.8000,123.3700,125.4000,154190,2138,19335367
VSWS,N,20260525,FINPIPE,EQ,Finolex Industries,173.6000,179.0000,172.4000,175.6600,464005,8876,81773727
VSWS,N,20260525,FIRSTCRY,EQ,Brainbees Solutions,236.9500,237.5000,231.7300,232.8900,768967,13075,179667856
VSWS,N,20260525,FISCHER,EQ,Fischer Medical Vent,37.6800,38.3000,37.1000,37.6900,1325511,1834,50215718
VSWS,N,20260525,FIVESTAR,EQ,Five-Star Business F,448.9000,458.0000,445.8000,456.1000,428491,13159,193636219
VSWS,N,20260525,FLAIR,EQ,Flair Writing Indust,297.9500,301.4500,290.1000,299.0500,197602,5221,58401252
VSWS,N,20260525,FLEXIADD,EQ,DSP Nifty500 Flexica,9.7600,9.8200,9.7500,9.7800,110642,290,1082962
VSWS,N,20260525,FLEXITUFF,EQ,Flexituff Ventur Int,7.0600,7.1000,6.9000,6.9400,7259,39,50326
VSWS,N,20260525,FLFL,BZ,Future Lifestyle Fas,1.5700,1.5700,1.5000,1.5000,59785,82,90599
VSWS,N,20260525,FLUOROCHEM,EQ,Gujarat Flurochemica,3830.0000,3874.9000,3806.2000,3832.4000,61989,9355,237944775
VSWS,N,20260525,FLYSBS,SM,FlySBS Aviation,434.7000,445.2500,415.4000,419.5000,17000,70,7241230
VSWS,N,20260525,FMCGADD,EQ,DSP Nifty FMCG ETF,50.6300,50.6700,50.1600,50.3000,14732,102,742773
VSWS,N,20260525,FMCGIETF,EQ,ICICI Pru Nifty FMCG,54.4700,54.4700,53.5700,53.7000,495118,3291,26650557
VSWS,N,20260525,FMGOETZE,EQ,Federal-Mogul Goetze,453.3000,472.5000,453.0000,463.0000,46689,1519,21557020
VSWS,N,20260525,FMNL,BE,Future Market Networ,10.3000,11.0000,10.2200,10.2600,219347,219,2260028
VSWS,N,20260525,FOCE,SM,Foce India,563.0000,563.0000,556.0000,562.0000,1920,4,1075680
VSWS,N,20260525,FOCUS,EQ,Focus Lighting & Fix,83.2000,84.8000,82.6000,83.3900,69206,1134,5774412
VSWS,N,20260525,FONEBOX,SM,Fonebox Retail,90.0000,99.9000,90.0000,99.2500,45000,41,4375650
VSWS,N,20260525,FOODSIN,EQ,Foods & Inns,57.0000,57.2000,54.0100,55.3000,81974,1355,4570194
VSWS,N,20260525,FORCAS,SM,Forcas Studio,106.2000,110.0000,106.1000,107.9500,12800,8,1381440
VSWS,N,20260525,FORCEMOT,EQ,Force Motors,20150.0000,20850.0000,20078.0000,20214.0000,144409,38828,2955877451
VSWS,N,20260525,FORGEAUTO,SM,Forge Auto Internati,104.7000,104.7000,104.7000,104.7000,3600,3,376920
VSWS,N,20260525,FORTIS,EQ,Fortis Healthcare,969.0000,984.4000,963.1000,970.3500,1795872,43095,1746217290
VSWS,N,20260525,FOSECOIND,EQ,Foseco India,5100.0000,5175.6000,5017.0000,5035.1000,1863,696,9462379
VSWS,N,20260525,FRACTAL,EQ,Fractal Analytics,927.7000,948.7000,927.7000,939.5500,440860,18323,414721397
VSWS,N,20260525,FRESHARA,SM,Freshara Agro Export,214.0000,230.0000,206.1000,224.6000,89400,126,19907940
VSWS,N,20260525,FROG,ST,Frog Innovations,152.9500,152.9500,152.9500,152.9500,22800,24,3487260
VSWS,N,20260525,FRONTSP,EQ,Frontier Springs,1630.0000,1689.0000,1602.1000,1627.1000,17867,2338,29162105
VSWS,N,20260525,FSL,EQ,Firstsource Solution,272.0000,282.0500,266.0200,280.2900,5975700,89973,1655751314
VSWS,N,20260525,FUSION,EQ,Fusion Finance,180.0000,182.4000,175.2000,176.3700,279038,6026,49790972
VSWS,N,20260525,FWSTC,SM,Flywings Simulator T,155.2000,170.0000,155.0000,169.9500,4200,7,675660
VSWS,N,20260525,GABRIEL,EQ,Gabriel India,1125.0000,1144.5000,1121.6000,1127.0000,223039,18568,252342311
VSWS,N,20260525,GAEL,EQ,Gujarat Amb Exports,164.8000,165.7000,161.0000,162.9700,949138,11913,154544957
VSWS,N,20260525,GAIL,EQ,Gail (India),162.9200,170.7000,162.7000,168.6700,36426464,170971,6143320966
VSWS,N,20260525,GALAPREC,EQ,Gala Precision Engin,875.0000,885.0000,851.1000,876.0500,48322,3742,42166290
VSWS,N,20260525,GALAXYSURF,EQ,Galaxy Surfactants,1821.6000,1865.0000,1821.6000,1840.3000,12321,2293,22731315
VSWS,N,20260525,GALLANTT,EQ,Gallantt Ispat,701.0000,714.9000,696.0500,699.5000,188033,7227,132382587
VSWS,N,20260525,GANDHAR,EQ,Gandhar Oil Refinery,165.5000,172.2000,165.5000,169.9900,1052892,9592,177882002
VSWS,N,20260525,GANDHITUBE,EQ,Gandhi Special Tubes,961.2000,975.0000,938.1500,961.2500,41736,2593,39881879
VSWS,N,20260525,GANECOS,EQ,Ganesha Ecosphere,949.9000,956.0000,893.1000,942.4000,546603,25173,505509315
VSWS,N,20260525,GANESHBE,EQ,Ganesh Benzoplast,100.9900,102.8000,99.3600,99.8100,391943,3120,39480673
VSWS,N,20260525,GANESHCP,EQ,Ganesh Consumer Prod,209.2100,217.0000,201.6600,203.2300,171681,3843,35927857
VSWS,N,20260525,GANESHHOU,EQ,Ganesh Housing,691.9500,711.9500,691.9500,706.2000,28704,3022,20227124
VSWS,N,20260525,GANESHIN,ST,Ganesh Infraworld,78.5000,83.8000,77.3500,83.5000,91200,77,7465600
VSWS,N,20260525,GANGABATH,SM,Ganga Bath Fittings,22.7000,23.2500,22.2000,23.2500,12000,4,272100
VSWS,N,20260525,GANGAFORGE,EQ,Ganga Forging,2.4100,2.4800,2.4100,2.4100,73313,230,178192
VSWS,N,20260525,GANGESSECU,EQ,Ganges Securities,124.0000,125.7000,122.6100,123.0300,728,34,90005
VSWS,N,20260525,GARFIBRES,EQ,Garware Technical,627.5000,643.5500,627.1000,638.6500,47844,4838,30481034
VSWS,N,20260525,GARUDA,EQ,Garuda Const & Engin,170.9500,173.8900,170.9500,171.5700,388403,4779,66947091
VSWS,N,20260525,GATECH,EQ,GACM Technologies,0.5200,0.5300,0.5100,0.5200,5547466,1161,2886968
VSWS,N,20260525,GATECHDVR,EQ,GACM Techno Type B,0.5000,0.5200,0.4900,0.5000,830109,260,421307
VSWS,N,20260525,GATEWAY,EQ,Gateway Distriparks,55.3100,56.4400,55.2500,55.7700,353722,2444,19813448
VSWS,N,20260525,GAUDIUMIVF,BE,Gaudium IVF And Wome,115.1700,120.7900,113.1000,119.9300,242216,1661,28597349
VSWS,N,20260525,GAYAHWS,EQ,Gayatri Highways,2.2500,2.3900,2.2500,2.3900,372399,327,882889
VSWS,N,20260525,GAYAPROJ,BE,Gayatri Projects,17.3700,17.6400,17.0100,17.6400,120155,144,2117050
VSWS,N,20260525,GCHOTELS,SM,Grand Continent Hote,104.9000,106.4000,99.9500,106.4000,510000,533,53626080
VSWS,N,20260525,GCSL,EQ,Gretex Corporate Ser,394.8000,409.8000,393.2000,402.4500,368881,3824,147344683
VSWS,N,20260525,GEECEE,EQ,GeeCee Ventures,336.5000,344.2000,321.9000,331.3500,5364,283,1760241
VSWS,N,20260525,GEEKAYWIRE,EQ,Geekay Wires,24.3200,25.0400,24.1500,24.2300,73864,550,1818897
VSWS,N,20260525,GEMAROMA,BE,Gem Aromatics,157.2500,159.0000,153.0000,153.8500,36953,524,5723850
VSWS,N,20260525,GENCON,EQ,Generic Eng Con & Pr,39.1500,40.4000,39.0500,40.2900,330364,1028,13076949
VSWS,N,20260525,GENESYS,EQ,Genesys Intl,276.0500,282.0000,250.5000,253.6500,2181896,33562,582780947
VSWS,N,20260525,GENSOL,BZ,Gensol Engineering,18.8700,18.8700,18.8700,18.8700,96664,599,1824050
VSWS,N,20260525,GENUSPAPER,EQ,Genus Paper & Boards,12.9600,13.3500,12.7000,12.7800,58271,259,750468
VSWS,N,20260525,GENUSPOWER,EQ,Genus Power Infrastr,321.2000,327.0000,320.0000,324.5000,556989,10397,180143325
VSWS,N,20260525,GEOJITFSL,EQ,Geojit Financial Ser,74.0000,76.5000,73.6000,75.4200,644445,4259,48524978
VSWS,N,20260525,GESHIP,EQ,GE Shipping,1685.0000,1708.0000,1630.6000,1648.6000,953112,43997,1579675113
VSWS,N,20260525,GFLLIMITED,EQ,GFL,46.0000,48.4800,46.0000,47.7800,56064,617,2669364
VSWS,N,20260525,GFSTEELS,BE,Grand Foundry,12.9700,12.9700,12.9700,12.9700,740,4,9598
VSWS,N,20260525,GGBL,SM,Ganesh Green Bharat,349.9000,369.0000,349.0000,364.9500,155400,449,56266560
VSWS,N,20260525,GHCL,EQ,GHCL,449.6500,450.0000,441.6000,443.3000,207811,8249,92478224
VSWS,N,20260525,GHCLTEXTIL,EQ,GHCL Textiles,91.6500,94.4500,90.0200,93.9500,565310,2446,52835809
VSWS,N,20260525,GICHSGFIN,EQ,GIC Housing Finance,150.2100,152.5900,150.2100,151.9300,73010,1220,11077385
VSWS,N,20260525,GICL,EQ,Globe International,40.9000,41.8300,40.3700,40.5000,275432,849,11222285
VSWS,N,20260525,GICRE,EQ,General Insurance Co,382.9500,395.0000,382.1500,391.4000,297361,10325,115793712
VSWS,N,20260525,GILLANDERS,EQ,Gillanders Arbuthnot,90.2600,94.8000,90.1000,91.9200,10962,310,1007487
VSWS,N,20260525,GILLETTE,EQ,Gillette India,7847.5000,7900.0000,7784.0000,7807.5000,20033,4946,156865345
VSWS,N,20260525,GILT10BETA,EQ,UTI Nifty 10 Y Bench,26.2300,26.2300,25.5500,25.5600,20305,32,522695
VSWS,N,20260525,GILT5BETA,EQ,UTI Nifty 5 Yr Bench,65.1300,65.3900,63.4600,63.4600,5546,22,358499
VSWS,N,20260525,GILT5YBEES,EQ,Nippon INft 5Y GSec,64.0100,64.6000,64.0000,64.2600,300210,1021,19270791
VSWS,N,20260525,GINNIFILA,EQ,Ginni Filaments,44.9500,46.4500,44.0200,45.0000,138654,2246,6195813
VSWS,N,20260525,GIPCL,EQ,Gujarat Ind Power,152.5000,159.7000,152.0000,156.4800,692079,8174,108420919
VSWS,N,20260525,GIRIRAJ,ST,Giriraj Civil Develo,157.2500,157.2500,157.2500,157.2500,250,1,39313
VSWS,N,20260525,GJL,ST,Grover Jewells,146.2500,146.2500,132.3500,132.3500,52000,40,7255040
VSWS,N,20260525,GKENERGY,EQ,GK Energy,126.5000,129.2000,126.2100,127.1600,371268,3549,47411369
VSWS,N,20260525,GKSL,EQ,Gujarat Kidney And S,143.5000,148.3400,139.5200,141.2500,1150764,7412,166407035
VSWS,N,20260525,GKWLIMITED,EQ,G K W,1755.0000,1755.0000,1666.0000,1704.6000,126,34,214260
VSWS,N,20260525,GLAND,EQ,Gland Pharma,2369.8000,2396.0000,2321.1000,2333.8000,506198,41426,1192661015
VSWS,N,20260525,GLAXO,EQ,Glaxosmithkline Phar,2329.0000,2341.0000,2297.0000,2300.1000,111490,10623,257776083
VSWS,N,20260525,GLENMARK,EQ,Glenmark Pharma,2268.1000,2363.4000,2268.1000,2337.0000,809409,40595,1891504488
VSWS,N,20260525,GLFL,BE,Gujarat Lease Fin,6.3400,6.3400,6.2200,6.2200,1665,12,10437
VSWS,N,20260525,GLOBAL,EQ,Global Education,101.6300,103.7800,99.8200,101.6800,72337,965,7367124
VSWS,N,20260525,GLOBALE,BE,Globale Tessile,12.0600,12.4900,11.6200,12.4000,4633,20,55969
VSWS,N,20260525,GLOBALPET,ST,Global Pet Industrie,146.6500,146.6500,146.6500,146.6500,7500,9,1099875
VSWS,N,20260525,GLOBALVECT,EQ,Global Vectra Helico,174.0000,174.0000,169.0000,169.6700,8060,355,1378919
VSWS,N,20260525,GLOBE,EQ,Globe Enterprises (I,2.3900,2.4500,2.3900,2.4100,181044,220,437569
VSWS,N,20260525,GLOBECIVIL,BE,Globe Civil Projects,46.6000,46.6000,43.3100,43.7800,73422,349,3235030
VSWS,N,20260525,GLOBUSSPR,EQ,Globus Spirits,888.0000,888.0000,870.1000,884.0000,73371,3342,64545508
VSWS,N,20260525,GLOSTERLTD,EQ,Gloster,655.0000,689.9500,655.0000,676.9000,20147,1318,13593468
VSWS,N,20260525,GLOTTIS,BE,Glottis,69.9900,70.0000,65.9600,69.4000,149426,836,10216446
VSWS,N,20260525,GMBREW,EQ,GM Breweries,925.0000,963.0000,919.6500,942.3500,71508,4283,67694438
VSWS,N,20260525,GMDCLTD,EQ,Gujarat Mineral Deve,657.1000,664.9500,652.1000,655.5500,1012049,20755,665197866
VSWS,N,20260525,GML,SM,Galaxy Medicare,18.1000,19.8000,18.1000,19.7500,10000,5,193000
VSWS,N,20260525,GMMPFAUDLR,EQ,GMM Pfaudler,819.0000,822.6000,801.1000,806.0000,252687,12103,205539596
VSWS,N,20260525,GMRAIRPORT,EQ,GMR Airports,96.4600,97.3600,96.2500,96.9000,6664583,35580,645602214
VSWS,N,20260525,GMRP&UI,EQ,GMR Power & Urban In,108.2000,110.9000,107.2500,107.5900,1711771,13129,186732898
VSWS,N,20260525,GNA,EQ,GNA Axles,375.0000,382.0000,369.4500,378.3000,106890,3894,40220858
VSWS,N,20260525,GNFC,EQ,G N F C,513.0000,525.0000,510.1000,515.0500,510218,14407,264290285
VSWS,N,20260525,GNRL,EQ,Gujarat Natural Reso,95.4100,98.5000,94.4700,96.7800,57789,1057,5563460
VSWS,N,20260525,GOACARBON,EQ,Goa Carbon,399.9000,405.8500,394.0500,401.9500,20752,871,8325286
VSWS,N,20260525,GOCLCORP,EQ,GOCL Corporation,336.6500,348.0000,330.9000,346.4500,222939,6696,76078970
VSWS,N,20260525,GOCOLORS,EQ,Go Fashion (India),307.6000,333.3000,301.8500,329.1000,2484403,31823,804373106
VSWS,N,20260525,GODAVARIB,EQ,Godavari Biorefineri,311.0000,311.0000,290.4000,292.9000,628830,11940,187954695
VSWS,N,20260525,GODFRYPHLP,EQ,Godfrey Phillips,2328.0000,2344.0000,2307.0000,2320.6000,348976,18009,810459259
VSWS,N,20260525,GODIGIT,EQ,Go Digit General Ins,308.1000,310.3500,304.8500,306.5000,273409,5786,83978981
VSWS,N,20260525,GODREJAGRO,EQ,Godrej Agrovet,580.2500,589.3000,570.4000,572.1500,202045,13016,116631642
VSWS,N,20260525,GODREJCP,EQ,Godrej Consumer Prod,1040.9000,1042.8000,1012.3000,1020.4000,3432340,92603,3499608293
VSWS,N,20260525,GODREJIND,EQ,Godrej Industries,1131.8000,1169.9500,1131.8000,1160.6000,112631,9860,130079366
VSWS,N,20260525,GODREJPROP,EQ,Godrej Properties,1759.8000,1770.5000,1750.0000,1767.3000,352723,12968,621258132
VSWS,N,20260525,GOKEX,EQ,Gokaldas Exports,709.9500,727.0000,703.3500,714.8000,494976,19894,353975567
VSWS,N,20260525,GOKUL,EQ,Gokul Refoils & Sol,40.5400,41.5000,40.5000,41.3000,167175,1296,6893784
VSWS,N,20260525,GOKULAGRO,EQ,Gokul Agro Resources,221.0000,224.7000,216.0000,218.7600,484901,10082,106255730
VSWS,N,20260525,GOLD1,EQ,Kotak - Gold ETF,131.7000,133.0000,128.4000,131.9000,1142169,7519,150596092
VSWS,N,20260525,GOLD360,EQ,360 One Gold ETF,154.5500,155.0500,153.5000,154.0500,38334,477,5909981
VSWS,N,20260525,GOLDADD,EQ,DSP Gold ETF,154.4900,154.5000,153.0600,153.2400,45257,851,6936846
VSWS,N,20260525,GOLDBEES,EQ,Nippon India ETF Gol,130.5000,131.2900,130.0200,130.5100,19993051,88220,2610252766
VSWS,N,20260525,GOLDBETA,EQ,UTI - Gold ETF,133.0000,133.2000,132.6500,132.8000,728637,2695,96807196
VSWS,N,20260525,GOLDBND,EQ,Bandhan Gold ETF,158.6700,158.6700,157.2400,157.5700,26957,234,4250207
VSWS,N,20260525,GOLDCASE,EQ,Zerodha Gold ETF,24.2900,25.4400,24.2900,24.8700,6094247,12967,151526291
VSWS,N,20260525,GOLDENTOBC,BZ,Golden Tobacco,26.3400,27.3900,26.0000,26.0100,1161,26,30271
VSWS,N,20260525,GOLDETF,EQ,Mirae Asset Gold ETF,153.2400,153.6200,153.0000,153.2200,1262937,4589,193512388
VSWS,N,20260525,GOLDIAM,EQ,Goldiam Internation,396.5000,413.7500,393.5500,407.9500,629205,12852,254254599
VSWS,N,20260525,GOLDIETF,EQ,ICICI Pru Gold,136.1500,136.1500,133.0200,135.0000,4430815,36043,599000494
VSWS,N,20260525,GOLDTECH,EQ,Aion-Tech Solutions,41.7900,43.7500,39.9500,42.7300,90600,1018,3801842
VSWS,N,20260525,GOODLUCK,EQ,Goodluck India,1447.0000,1469.8000,1391.8000,1417.1000,309766,17221,442226729
VSWS,N,20260525,GOODYEAR,EQ,Goodyear India,735.0000,750.1000,734.1500,740.1500,4990,416,3690669
VSWS,N,20260525,GOPAL,EQ,Gopal Snacks,293.1000,297.2500,292.0000,293.0000,88474,1803,26045818
VSWS,N,20260525,GOYALALUM,EQ,Goyal Aluminiums,6.9100,7.0600,6.6100,6.8100,139854,579,962589
VSWS,N,20260525,GPECO,SM,GP Eco Solutions Ind,430.0000,448.0000,430.0000,443.1000,68200,217,30148170
VSWS,N,20260525,GPIL,EQ,Godawari Power & Isp,294.3000,296.3000,283.3500,285.0500,3008339,31363,864574559
VSWS,N,20260525,GPPL,EQ,Gujarat Pipavav Port,153.5000,157.2200,153.0400,155.4100,2698541,25023,417631418
VSWS,N,20260525,GPTHEALTH,EQ,GPT Healthcare,142.5000,142.8000,138.5000,139.2600,61104,1378,8556189
VSWS,N,20260525,GPTINFRA,EQ,GPT Infraprojects,117.5000,120.4900,117.5000,118.4200,150134,2158,17814435
VSWS,N,20260525,GRADIENTE,EQ,Gradiente Infotainme,4.6000,4.6000,4.6000,4.6000,94580,155,435068
VSWS,N,20260525,GRANDOAK,EQ,Grand Oak Canyons Di,27.5000,27.5000,25.1100,25.9100,11012,127,286972
VSWS,N,20260525,GRANULES,EQ,Granules India,753.2500,763.3000,753.0500,758.4000,415814,14812,315718051
VSWS,N,20260525,GRAPHISAD,SM,Graphisads,34.4500,34.4500,33.4500,33.4500,2400,2,81480
VSWS,N,20260525,GRAPHITE,EQ,Graphite India,750.0000,759.5000,743.1000,748.4500,754482,16046,566578400
VSWS,N,20260525,GRASIM,EQ,Grasim Industries,3180.0000,3192.3000,3128.1000,3171.6000,620009,33965,1963813060
VSWS,N,20260525,GRAUWEIL,EQ,Grauer & Weil,67.1800,68.4900,67.1800,68.1000,87554,1095,5949738
VSWS,N,20260525,GRAVISSHO,EQ,Graviss Hospitality,30.4900,34.0000,28.1500,30.0600,75383,466,2314688
VSWS,N,20260525,GRAVITA,EQ,Gravita India,1652.3000,1683.0000,1641.9000,1658.0000,129285,14126,215052180
VSWS,N,20260525,GRCL,ST,Gayatri Rubbers & Ch,525.1500,539.9500,525.0000,539.9500,3000,11,1580613
VSWS,N,20260525,GREAVESCOT,EQ,Greaves Cotton,171.0000,174.8600,170.2000,171.6400,742173,8691,128061146
VSWS,N,20260525,GREENCHEF,SM,Greenchef Appliances,57.7000,57.8000,54.3500,57.8000,24000,29,1378960
VSWS,N,20260525,GREENLAM,EQ,Greenlam Industries,275.6000,276.0000,247.1100,250.4300,5042140,48143,1317210844
VSWS,N,20260525,GREENLEAF,SM,Greenleaf Envirotech,74.5500,74.5500,70.0000,71.5000,12000,12,868400
VSWS,N,20260525,GREENPANEL,EQ,Greenpanel Industrie,196.0000,201.3400,191.5500,198.6400,259603,5373,51180558
VSWS,N,20260525,GREENPLY,EQ,Greenply Industries,260.0000,269.2000,259.8000,261.2000,193252,3965,51125761
VSWS,N,20260525,GREENPOWER,EQ,Orient Green Power C,11.1000,11.2900,10.9800,11.0200,3510390,5090,38867155
VSWS,N,20260525,GRINDWELL,EQ,Grindwell Norton,1962.1000,1962.1000,1921.1000,1936.0000,31824,5396,61796998
VSWS,N,20260525,GRINFRA,EQ,G R Infraprojects,950.0000,952.7500,934.6500,945.5000,25074,1956,23704666
VSWS,N,20260525,GRMOVER,EQ,GRM Overseas,163.4500,166.7900,154.2500,157.3200,7410781,28442,1199827092
VSWS,N,20260525,GROBTEA,EQ,Grob Tea Company,882.3000,905.0000,882.3000,905.0000,31,13,27781
VSWS,N,20260525,GROWW,EQ,Billionbrains Garage,190.0000,191.9500,188.7100,189.4700,17326454,178108,3296260607
VSWS,N,20260525,GROWWCAPM,EQ,Groww Nifty Capital,11.9900,11.9900,11.7200,11.9400,539893,929,6433385
VSWS,N,20260525,GROWWCHEM,EQ,Groww Nifty Chemical,29.3900,30.0000,29.3000,29.6800,53260,408,1572261
VSWS,N,20260525,GROWWDEFNC,EQ,Groww Nifty India De,91.9400,92.4600,91.1000,91.9600,346859,3773,31891653
VSWS,N,20260525,GROWWEV,EQ,Groww Nfty EV & New,30.4700,30.6600,30.1800,30.5600,318961,2603,9742275
VSWS,N,20260525,GROWWGOLD,EQ,Groww Gold ETF,15.0100,15.4700,15.0100,15.4100,2558937,4567,39452315
VSWS,N,20260525,GROWWHOSPI,EQ,Groww BSE Hospitals,51.5100,51.8300,51.0300,51.3500,358213,914,18397851
VSWS,N,20260525,GROWWLIQID,EQ,Groww Nifty 1D Rate,109.1900,109.2000,109.1900,109.1900,2970552,281,324354934
VSWS,N,20260525,GROWWLOVOL,EQ,Groww Nifty 500 Low,10.1500,10.5000,10.1500,10.3400,8780,139,90990
VSWS,N,20260525,GROWWMC150,EQ,Groww Nifty Midcap 1,228.7400,228.7400,221.9900,226.0400,957,49,216879
VSWS,N,20260525,GROWWMETAL,EQ,Groww Nifty Metal ET,12.9000,12.9000,12.4000,12.6500,510769,2115,6458370
VSWS,N,20260525,GROWWMOM50,EQ,Groww Nifty 500 Mome,10.6400,10.8300,10.5200,10.6800,68170,601,729902
VSWS,N,20260525,GROWWN200,EQ,Groww Nifty 200 ETF,11.3800,11.3800,11.0300,11.2200,73755,369,822914
VSWS,N,20260525,GROWWNET,EQ,Groww Nifty India In,9.0400,9.2000,9.0000,9.0500,148944,544,1349609
VSWS,N,20260525,GROWWNIFTY,EQ,Groww Nifty 50 ETF,9.5200,9.7500,9.5200,9.6300,517640,2022,4977726
VSWS,N,20260525,GROWWNXT50,EQ,Groww Nifty Next 50,70.5900,70.9500,69.9400,70.7900,6290,125,445084
VSWS,N,20260525,GROWWPOWER,EQ,Groww BSE Power ETF,12.3700,12.3700,12.1900,12.3000,2773623,2890,34039257
VSWS,N,20260525,GROWWPSE,EQ,Groww Nifty PSE ETF,107.0000,107.0000,103.8500,105.1700,1825,77,190956
VSWS,N,20260525,GROWWPSUBK,EQ,Groww Nifty PSU Bank,82.0800,82.5000,80.8000,82.4000,18217,128,1493352
VSWS,N,20260525,GROWWRAIL,EQ,Groww Nfty I Railway,32.1900,32.1900,31.4200,31.7400,247194,2630,7837292
VSWS,N,20260525,GROWWRLTY,EQ,Groww Nifty Real ETF,9.0700,9.0700,8.6400,8.7500,172103,579,1508064
VSWS,N,20260525,GROWWSC250,EQ,Groww Nifty Smallcap,9.8500,9.8500,9.6800,9.7600,83564,574,816617
VSWS,N,20260525,GROWWSLVR,EQ,Groww Silver ETF,26.2000,26.3000,26.1200,26.2300,2671764,6832,70062333
VSWS,N,20260525,GRPLTD,EQ,GRP,1712.6000,1726.5000,1685.0000,1702.3000,5389,502,9150749
VSWS,N,20260525,GRSE,EQ,Garden Reach Shipbui,2733.0000,2751.9000,2665.0000,2675.7000,922534,42627,2496698481
VSWS,N,20260525,GRWRHITECH,EQ,Garware Hi-Tech Film,5362.4000,5614.9000,5362.4000,5587.9000,101474,20061,560544664
VSWS,N,20260525,GSEC10ABSL,EQ,A B SL Crisil 10YR G,110.0200,110.4400,110.0200,110.4400,6,3,661
VSWS,N,20260525,GSEC10IETF,EQ,ICICIPru Nfty10 Benc,258.0000,258.5800,256.2000,258.5800,203,6,52312
VSWS,N,20260525,GSEC10YEAR,EQ,Mirae Ass Nfty 8-13,29.5900,29.7100,29.4800,29.6600,5160,28,152716
VSWS,N,20260525,GSEC5IETF,EQ,ICICI Prud 5 Yr Benc,64.4400,65.0500,64.1300,65.0500,2249,39,144730
VSWS,N,20260525,GSFC,EQ,G S F C,170.4000,171.7500,167.7300,169.1900,896759,13525,151705455
VSWS,N,20260525,GSLSU,EQ,Global Surfaces,53.8300,55.9700,52.2400,54.0400,61144,1251,3291329
VSWS,N,20260525,GSMFOILS,SM,GSM Foils,201.0500,202.0000,197.6500,199.0500,43000,65,8579350
VSWS,N,20260525,GSPCROP,EQ,GSP Crop Science,445.5000,467.0000,433.5000,439.7500,511464,8267,233191405
VSWS,N,20260525,GSS,BE,GSS Infotech,13.5600,14.3200,13.3500,14.0800,21936,84,303551
VSWS,N,20260525,GSTL,ST,Globesecure Technolo,18.8000,18.8000,18.8000,18.8000,2000,2,37600
VSWS,N,20260525,GTECJAINX,EQ,G-Tec Jainx Educatio,17.7200,18.6000,17.7200,18.3900,1372,38,24501
VSWS,N,20260525,GTL,EQ,G T L,7.6000,7.7200,7.5600,7.6100,180353,486,1375089
VSWS,N,20260525,GTLINFRA,EQ,GTL Infrastructure,1.3200,1.3800,1.3200,1.3500,48909167,8972,66092545
VSWS,N,20260525,GTPL,EQ,GTPL Hathway,67.0000,67.9000,66.5100,66.7400,36985,355,2477707
VSWS,N,20260525,GUFICBIO,EQ,Gufic Biosciences,295.0000,332.9500,295.0000,325.0500,659444,14777,210886831
VSWS,N,20260525,GUJALKALI,EQ,Gujarat Alkalies,691.0000,712.5000,682.0500,700.3000,118639,5799,82365508
VSWS,N,20260525,GUJAPOLLO,EQ,Gujarat Apollo Ind,388.7000,402.0000,383.6500,392.6000,8860,725,3483859
VSWS,N,20260525,GUJGASLTD,EQ,Gujarat Energy,379.4000,384.7500,375.0500,377.5000,314139,10119,119219356
VSWS,N,20260525,GUJRAFFIA,EQ,Gujarat Raffia,45.3700,45.3700,45.3700,45.3700,10117,47,459008
VSWS,N,20260525,GUJTHEM,EQ,Gujarat Themis,379.0000,401.9000,377.0000,389.3500,679627,11099,265912014
VSWS,N,20260525,GULFOILLUB,EQ,Gulf Oil Lubricants,908.9000,941.9000,903.0000,924.6000,69837,9158,64721623
VSWS,N,20260525,GULFPETRO,EQ,GP Petroleums,33.0000,33.7800,33.0000,33.2900,44898,427,1493627
VSWS,N,20260525,GULPOLY,EQ,Gulshan Polyols,189.3000,190.0000,175.7500,179.4400,865525,11148,156274098
VSWS,N,20260525,GURUNANAK,ST,Gurunanak Agricultur,36.5000,38.3000,36.5000,37.0000,9600,6,362640
VSWS,N,20260525,GVKPIL,BE,GVK Power & Infra,3.0700,3.0700,3.0700,3.0700,479617,858,1472424
VSWS,N,20260525,GVPIL,EQ,GE Power India,757.0000,768.4000,745.0500,768.4000,372302,3965,285090537
VSWS,N,20260525,GVPTECH,EQ,GVP Infotech,6.2600,6.6500,6.2500,6.4400,33579,299,216319
VSWS,N,20260525,GVT&D,EQ,GE Vernova T&D India,4921.0000,4945.9000,4730.6000,4774.7000,516843,56291,2489503437
VSWS,N,20260525,HAL,EQ,Hindustan Aeronautic,4391.2000,4437.9000,4385.4000,4425.9000,1063255,57344,4699568495
VSWS,N,20260525,HALDER,EQ,Halder Venture,224.9900,224.9900,216.4500,217.5800,445,60,97060
VSWS,N,20260525,HALDYNGL,EQ,Haldyn Glass,112.3600,119.9300,111.2700,114.1900,313366,2575,36533398
VSWS,N,20260525,HALEOSLABS,EQ,Haleos Labs,1759.9000,1759.9000,1640.1000,1664.0000,768,159,1291339
VSWS,N,20260525,HAPPSTMNDS,EQ,Happiest Minds Techn,371.6500,376.1500,370.5000,373.3000,325554,9325,121593236
VSWS,N,20260525,HAPPYFORGE,EQ,Happy Forgings,1406.9000,1406.9000,1357.7000,1376.3000,114449,16729,157217587
VSWS,N,20260525,HARDWYN,EQ,Hardwyn India,25.9500,26.2500,24.8600,25.1800,4763949,6168,121217425
VSWS,N,20260525,HARIOMPIPE,EQ,Hariom Pipe Industri,392.0000,413.2000,376.0000,413.2000,2324778,31740,924562955
VSWS,N,20260525,HARRMALAYA,EQ,Harrisons Malayalam,224.0000,226.0000,209.4000,211.5000,18641,702,4007254
VSWS,N,20260525,HARSHA,EQ,Harsha Engg Internat,418.4500,419.9000,399.1000,402.2000,327150,4740,133599645
VSWS,N,20260525,HATHWAY,EQ,Hathway Cable & Data,10.2000,10.7100,10.2000,10.4700,2592591,5160,26864253
VSWS,N,20260525,HATSUN,EQ,Hatsun Agro Products,920.9500,949.0000,920.9500,936.7500,25426,2320,23692492
VSWS,N,20260525,HAVELLS,EQ,Havells India,1209.9000,1214.8000,1200.8000,1203.8000,375805,19332,453463864
VSWS,N,20260525,HAVISHA,EQ,Sri Havisha Hospital,1.6000,1.6000,1.5200,1.5500,42952,74,66750
VSWS,N,20260525,HAWKINCOOK,EQ,Hawkins Cooker,7307.0000,7307.0000,7165.5000,7192.0000,1300,415,9361715
VSWS,N,20260525,HBESD,EQ,HB Estate Developers,74.6200,77.5800,72.5500,75.3600,1243,19,94116
VSWS,N,20260525,HBLENGINE,EQ,HBL Engineering,751.0000,784.0000,738.1500,758.7000,4352760,101615,3307952174
VSWS,N,20260525,HBSL,BE,HB Stockholdings,60.5000,61.7200,58.2400,60.3600,816,32,49505
VSWS,N,20260525,HCC,EQ,Hindustan Construct,21.2500,22.8600,21.1900,22.3800,60690716,58853,1343142587
VSWS,N,20260525,HCG,EQ,HealthCare Global En,654.0500,663.7500,645.0000,655.9500,321725,11383,209902709
VSWS,N,20260525,HCL-INSYS,EQ,HCL Infosystems,11.8000,11.8000,11.4800,11.6600,328484,846,3824966
VSWS,N,20260525,HCLTECH,EQ,HCL Technologies,1168.0000,1178.0000,1162.1000,1165.7000,1419803,48459,1659412913
VSWS,N,20260525,HDBFS,EQ,HDB Financial Servic,657.9500,671.8000,657.9500,669.6000,364869,26650,243210315
VSWS,N,20260525,HDFCAMC,EQ,HDFC Asset Managemen,2768.0000,2809.8000,2753.0000,2758.1000,767309,37144,2131947677
VSWS,N,20260525,HDFCBANK,EQ,HDFC Bank,776.0000,787.8500,775.2000,786.8500,26043952,340237,20414323482
VSWS,N,20260525,HDFCBSE500,EQ,HDFC BSE 500 ETF,36.5200,36.9000,36.0800,36.6400,29401,208,1076920
VSWS,N,20260525,HDFCGOLD,EQ,HDFC Gold ETF,135.7000,135.9000,134.2200,134.8000,3328165,12924,448787915
VSWS,N,20260525,HDFCGROWTH,EQ,HDFC Nifty Growth Se,113.8100,114.5000,113.6900,113.9300,9996,209,1138992
VSWS,N,20260525,HDFCLIFE,EQ,HDFC Life Insurance,622.5000,622.9000,616.5000,620.0000,1723876,28106,1067654789
VSWS,N,20260525,HDFCLIQUID,EQ,HDFC Nifty 1D Rate L,1061.9300,1061.9500,1061.9300,1061.9400,34252,43,36373886
VSWS,N,20260525,HDFCLOWVOL,EQ,HDFC Nifty 100 Low V,20.1200,20.3500,19.9600,20.3100,21781,91,441512
VSWS,N,20260525,HDFCMID150,EQ,HDFC NIFTY Midcap 15,22.2300,23.0600,22.2300,22.9700,594875,1768,13653887
VSWS,N,20260525,HDFCMOMENT,EQ,HDFC Nifty 200 Momen,30.6500,31.0900,30.6500,31.0000,190341,703,5894695
VSWS,N,20260525,HDFCNEXT50,EQ,HDFC Nifty Next 50 E,71.4700,72.5000,71.4700,72.3000,51821,702,3736204
VSWS,N,20260525,HDFCNIF100,EQ,HDFC Nifty 100 ETF,25.5000,25.7800,25.4600,25.6900,27193,420,698717
VSWS,N,20260525,HDFCNIFBAN,EQ,HDFC Nifty Banking E,55.8700,56.8900,55.8700,56.6800,3159921,3369,178225208
VSWS,N,20260525,HDFCNIFIT,EQ,HDFC Nifty IT ETF,30.7300,31.1600,30.7300,30.9600,151223,433,4693844
VSWS,N,20260525,HDFCNIFTY,EQ,HDFC Nifty 50 ETF,271.2800,271.2800,267.3200,269.1200,71740,1227,19264032
VSWS,N,20260525,HDFCPSUBK,EQ,HDFC Nifty PSU Bank,81.5000,83.5200,81.5000,83.3900,66218,359,5463896
VSWS,N,20260525,HDFCPVTBAN,EQ,HDFC Nifty Pvt Bank,27.5200,27.5200,27.0000,27.2800,101354,458,2758313
VSWS,N,20260525,HDFCQUAL,EQ,HDFC Nifty 100 Quali,57.0700,57.8100,57.0700,57.3900,4542,114,261339
VSWS,N,20260525,HDFCSENSEX,EQ,HDFC BSE Sensex ETF,86.7600,86.7600,85.7200,86.3800,168802,940,14517531
VSWS,N,20260525,HDFCSILVER,EQ,HDFC Silver ETF,252.6700,257.9400,252.6700,256.3000,2475976,14326,633888779
VSWS,N,20260525,HDFCSML250,EQ,HDFC NIFTY Smallcap,171.3300,171.3300,169.6300,171.1000,1721605,11496,294012626
VSWS,N,20260525,HDFCVALUE,EQ,HDFC Nfty50 Value 20,127.9400,128.6600,127.3100,128.6200,2807,102,358819
VSWS,N,20260525,HDIL,BZ,Housing Dev & Infra,1.9900,2.0000,1.9200,1.9700,124534,239,245306
VSWS,N,20260525,HEADSUP,EQ,Heads UP Ventures,7.2500,7.2500,7.0000,7.1900,9256,42,65752
VSWS,N,20260525,HEALTHADD,EQ,DSP Nifty Healthcare,158.3400,158.8400,157.4900,158.5500,6624,65,1047098
VSWS,N,20260525,HEALTHCARE,EQ,Mirae Ass Nfty 500 H,20.6200,20.6200,20.1100,20.2100,48091,182,971496
VSWS,N,20260525,HEALTHIETF,EQ,ICICI Pru Nifty Heal,161.7100,162.1800,160.3200,161.2200,96026,1778,15453425
VSWS,N,20260525,HEALTHX,EQ,Health X Platform,297.5000,334.4000,287.8000,322.4500,58712,2214,18672909
VSWS,N,20260525,HEALTHY,EQ,Aditya Birla SLNH ET,16.1300,16.4500,15.8500,16.1700,274830,1392,4436763
VSWS,N,20260525,HECPROJECT,EQ,HEC Infra Projects,129.5500,133.0000,122.6100,130.5700,10607,490,1367948
VSWS,N,20260525,HEG,EQ,H E G,593.0000,599.3500,581.3500,584.5500,979417,21991,576407464
VSWS,N,20260525,HEIDELBERG,EQ,Heidelberg Cement,161.0000,166.0000,159.3300,162.3200,770076,7080,124923202
VSWS,N,20260525,HEMIPROP,EQ,Hemisphere Propertie,145.2500,147.3600,143.8000,145.7600,461414,4399,67234651
VSWS,N,20260525,HERANBA,EQ,Heranba Industries,190.8000,195.3900,188.8600,189.6700,58204,1779,11141669
VSWS,N,20260525,HERITGFOOD,EQ,Heritage Foods,327.9000,334.8000,327.9000,332.1000,122186,4042,40481455
VSWS,N,20260525,HEROMOTOCO,EQ,Hero MotoCorp,5026.0000,5065.5000,4948.0000,4979.0000,445788,34582,2224925901
VSWS,N,20260525,HESTERBIO,EQ,Hester Biosciences,1910.0000,1919.9000,1884.0000,1894.7000,6721,813,12772891
VSWS,N,20260525,HEXATRADEX,EQ,Hexa Tradex,163.0000,168.0000,162.9900,164.0100,685,46,113013
VSWS,N,20260525,HEXT,EQ,Hexaware Technologie,516.5500,519.0000,502.1000,506.1500,277501,21799,142084915
VSWS,N,20260525,HFCL,EQ,HFCL,158.9000,163.0300,155.0000,162.8400,106724688,289128,17177709692
VSWS,N,20260525,HGINFRA,EQ,H G Infra Engineerin,599.8500,608.8000,598.0000,602.8500,102163,5753,61573793
VSWS,N,20260525,HGM,EQ,HandsOn Global Manag,63.0000,63.0000,60.0100,61.8600,7091,101,435447
VSWS,N,20260525,HGS,EQ,Hinduja Global Solu,409.6500,417.4000,403.6000,409.1000,15238,960,6249303
VSWS,N,20260525,HIGREEN,SM,Hi-Green Carbon,143.3000,144.0000,140.2500,140.8000,30400,38,4301320
VSWS,N,20260525,HIKAL,EQ,Hikal,207.1000,215.0000,206.3900,214.0600,445393,6155,94376020
VSWS,N,20260525,HILINFRA,BE,Highway Infrastructu,49.2000,49.4500,48.2500,48.6000,41359,340,2025589
VSWS,N,20260525,HILTON,BE,Hilton Metal Forging,21.8400,22.4800,21.7500,22.2200,73873,254,1639319
VSWS,N,20260525,HIMATSEIDE,EQ,Himatsingka Seide,77.1500,81.5000,77.1500,79.8000,1270659,6186,100519779
VSWS,N,20260525,HINDALCO,EQ,Hindalco Industries,1110.0000,1119.8000,1081.2000,1099.6000,7677225,160314,8385828695
VSWS,N,20260525,HINDCOMPOS,EQ,Hindustan Composites,393.4000,406.9000,388.1000,392.3500,15433,1050,6120997
VSWS,N,20260525,HINDCON,BE,Hindcon Chemicals,22.2500,23.3500,21.2500,23.3100,39483,231,895901
VSWS,N,20260525,HINDCOPPER,EQ,Hindustan Copper,554.8000,555.0000,542.1000,545.5500,4086314,60288,2236815608
VSWS,N,20260525,HINDOILEXP,EQ,Hindustan Oil Expl,165.5800,168.5000,163.2500,163.8700,667408,5582,109941278
VSWS,N,20260525,HINDPETRO,EQ,Hindustan Petroleum,403.0000,412.5500,402.2000,403.3500,10214359,94353,4145061465
VSWS,N,20260525,HINDUNILVR,EQ,Hindustan Unilever,2215.0000,2238.1000,2192.9000,2196.5000,780722,40120,1725900242
VSWS,N,20260525,HINDWAREAP,EQ,Hindware Home Innova,242.9900,247.8000,232.7000,236.5300,87870,2826,21126667
VSWS,N,20260525,HINDZINC,EQ,Hindustan Zinc,640.0000,642.4000,633.2000,634.5000,3122036,32321,1985947150
VSWS,N,20260525,HIRECT,EQ,Hind Rectifiers,972.0000,989.1000,965.1000,972.7500,53296,4427,52064891
VSWS,N,20260525,HISARMETAL,EQ,Hisar Metal Indus,152.1000,154.9000,150.0000,150.7100,2761,57,418562
VSWS,N,20260525,HITECH,EQ,Hi-Tech Pipes,86.5500,92.7500,86.5500,92.0400,2228737,13912,202883082
VSWS,N,20260525,HITECHCORP,EQ,Hitech Corporation,167.0100,171.9000,161.0000,166.8000,44142,929,7372984
VSWS,N,20260525,HITECHGEAR,BE,Hi Tech Gears,600.0000,600.0000,580.5000,585.8000,1223,62,716626
VSWS,N,20260525,HLEGLAS,EQ,HLE Glascoat,329.9000,336.7500,325.8000,330.8000,132009,4632,43996423
VSWS,N,20260525,HLVLTD,EQ,HLV,7.9400,8.0000,7.9000,7.9700,129127,451,1028117
VSWS,N,20260525,HMAAGRO,EQ,HMA Agro Industries,24.6200,24.9000,24.0000,24.6400,283275,790,6951303
VSWS,N,20260525,HMT,BZ,H M T,56.9500,57.9500,56.5000,56.7000,6474,91,368558
VSWS,N,20260525,HMVL,EQ,Hindustan Media Vent,62.2500,64.1200,62.0000,63.9200,13644,166,865875
VSWS,N,20260525,HNDFDS,EQ,Hindustan Foods,522.6000,539.0000,516.5000,535.9500,128328,7051,67776074
VSWS,N,20260525,HNGSNGBEES,EQ,Nippon India ETF Hng,532.5600,539.5900,531.0200,536.4300,145164,5741,77919795
VSWS,N,20260525,HOACFOODS,SM,Hoac Foods India,558.9000,558.9000,550.0000,552.9500,2625,7,1453725
VSWS,N,20260525,HOLMARC,SM,Holmarc Opto-Mechatr,98.8000,103.7000,98.8000,103.7000,7500,7,772500
VSWS,N,20260525,HOMEFIRST,EQ,Home First Finance C,1075.0000,1101.8000,1064.5000,1080.1000,176367,11915,191338377
VSWS,N,20260525,HOMESFY,SM,Homesfy Realty,112.5000,113.0000,112.1000,113.0000,1200,4,134910
VSWS,N,20260525,HONASA,EQ,Honasa Consumer,385.0000,393.9500,381.8500,391.2500,7064531,85566,2743430144
VSWS,N,20260525,HONAUT,EQ,Honeywell Automation,35245.0000,35540.0000,34000.0000,34405.0000,21296,9198,735567840
VSWS,N,20260525,HONDAPOWER,EQ,Honda India Power,2201.0000,2256.6000,2201.0000,2241.8000,4911,940,10996776
VSWS,N,20260525,HPAL,EQ,HP Adhesives,34.6100,36.9000,34.6100,36.1300,59833,601,2171664
VSWS,N,20260525,HPIL,EQ,Hindprakash Industri,134.0000,134.9900,131.1000,132.1500,1635,68,217332
VSWS,N,20260525,HPL,EQ,HPL Electric & Power,372.0000,380.9500,369.0000,372.1000,413290,8737,154720331
VSWS,N,20260525,HPTL,SM,HP Telecom India,266.0000,266.3000,266.0000,266.3000,2400,4,638760
VSWS,N,20260525,HRHNEXT,SM,HRH Next Services,28.0000,28.0000,28.0000,28.0000,1500,1,42000
VSWS,N,20260525,HSBCGOLD,EQ,HSBC Gold ETF,139.9800,139.9800,136.9200,137.4900,25845,85,3553623
VSWS,N,20260525,HSCL,EQ,Himadri Speciality C,587.0000,597.0000,578.0500,593.2500,6111518,47254,3585536967
VSWS,N,20260525,HTMEDIA,EQ,HT Media,21.5000,22.1000,21.0100,22.0100,102055,335,2220469
VSWS,N,20260525,HUBTOWN,EQ,Hubtown,207.6500,212.0000,207.0000,208.6000,686537,5863,143958433
VSWS,N,20260525,HUDCO,EQ,Housing & Urban Dev,207.0000,210.0000,206.4000,207.5300,1824309,18319,380124323
VSWS,N,20260525,HUHTAMAKI,EQ,Huhtamaki India,169.1800,172.1500,167.2100,170.0000,93444,2261,15874169
VSWS,N,20260525,HVAX,SM,HVAX Technologies,854.4000,854.4000,773.1000,773.1000,6450,40,5099190
VSWS,N,20260525,HYBRIDFIN,EQ,Hybrid Financial Ser,19.1000,19.6700,16.7500,17.9100,72480,510,1281653
VSWS,N,20260525,HYUNDAI,EQ,Hyundai Motor India,1859.0000,1905.0000,1859.0000,1880.9000,1407989,56482,2655215035
VSWS,N,20260525,IBLFL,SM,IBL Finance,60.0500,60.0500,59.9500,60.0000,10000,4,600000
VSWS,N,20260525,IBULLSLTD,BE,Indiabulls,19.1500,20.0200,19.1100,19.9600,4652622,10493,91068647
VSWS,N,20260525,ICDSLTD,EQ,I C D S,44.0000,45.0000,43.5000,44.9900,576,18,25401
VSWS,N,20260525,ICEMAKE,EQ,Ice Make Refrigerati,797.5000,825.0000,793.5500,816.1500,49315,2323,40105983
VSWS,N,20260525,ICICIAMC,EQ,ICICI Pru Asset Mgt,3260.0000,3364.0000,3260.0000,3344.2000,432773,34707,1438863228
VSWS,N,20260525,ICICIB22,EQ,ICICI PMF BHARAT 22,120.5100,121.9000,120.5100,121.7300,213114,4229,25899180
VSWS,N,20260525,ICICIBANK,EQ,ICICI Bank,1271.0000,1293.5000,1270.9000,1291.8000,13853923,230176,17767046158
VSWS,N,20260525,ICICIGI,EQ,ICICI Lombard Gen In,1835.1000,1860.8000,1832.4000,1854.3000,388195,18203,718127844
VSWS,N,20260525,ICICIPRULI,EQ,ICICI Pru Life Insur,525.0000,528.8500,522.6000,526.7000,1019989,20094,536075328
VSWS,N,20260525,ICIL,EQ,Indo Count Ind,303.5000,313.1000,302.2000,310.2000,488657,12528,150279918
VSWS,N,20260525,ICRA,EQ,ICRA,5481.0000,5528.5000,5380.5000,5428.5000,4222,1054,22977762
VSWS,N,20260525,IDBI,EQ,IDBI Bank,72.9500,73.5700,72.8500,73.0400,4134677,15426,302203988
VSWS,N,20260525,IDEA,EQ,Vodafone Idea,13.9700,14.0900,13.7900,14.0400,781993776,500408,10922050150
VSWS,N,20260525,IDEAFORGE,BE,Ideaforge Technology,814.0000,814.7000,810.0000,814.7000,200428,3466,163243845
VSWS,N,20260525,IDEALTECHO,SM,Ideal Technoplast In,185.2500,185.2500,185.2500,185.2500,2000,4,370500
VSWS,N,20260525,IDFCFIRSTB,EQ,IDFC First Bank,69.6000,69.9500,69.0400,69.4600,26724761,64572,1856513524
VSWS,N,20260525,IDFNIFTYET,EQ,Bandhan Nifty 50 ETF,262.0000,264.0100,262.0000,263.9600,2221,60,584709
VSWS,N,20260525,IEML,SM,Indian Emulsifiers,54.1000,55.9000,51.9000,51.9000,313500,354,16538850
VSWS,N,20260525,IEX,EQ,Indian Energy Exchan,127.7000,129.6900,127.2500,127.5800,2818769,33789,362141765
VSWS,N,20260525,IFBAGRO,BE,IFB Agro Industries,999.0000,1015.0000,980.0000,1007.3000,6308,448,6273348
VSWS,N,20260525,IFBIND,EQ,IFB Industries,1049.1000,1076.0000,1037.2000,1052.2000,70666,5923,74564233
VSWS,N,20260525,IFCI,EQ,I F C I,61.6000,63.1400,61.5000,61.7500,11763160,30341,731398260
VSWS,N,20260525,IFGLEXPOR,EQ,IFGL Refractories,170.6000,179.9000,170.6000,176.1400,27623,1205,4851456
VSWS,N,20260525,IGARASHI,EQ,Igarashi Motors Indi,386.3000,394.6000,385.1000,388.7500,30211,1714,11799415
VSWS,N,20260525,IGCL,EQ,Indogulf Cropscience,63.2900,64.0000,61.9500,62.5800,63759,948,4014407
VSWS,N,20260525,IGIL,EQ,International Gemolo,376.0000,385.0000,372.1000,373.9000,764133,24805,289662379
VSWS,N,20260525,IGL,EQ,Indraprastha Gas,157.8000,162.3000,157.1100,160.4800,3617104,34205,579551548
VSWS,N,20260525,IGPL,EQ,IG Petrochemicals,429.9000,448.1500,429.9000,445.0500,44093,1594,19519524
VSWS,N,20260525,IIFL,EQ,IIFL Finance,468.0000,488.0500,464.8000,481.9000,3797994,50691,1828212171
VSWS,N,20260525,IIFLCAPS,EQ,IIFL Capital Service,345.5000,348.5000,343.8000,345.5500,419936,6780,145385893
VSWS,N,20260525,IITL,EQ,Industrial Inv Trust,171.1000,172.7900,160.2500,162.9400,104217,1914,17418987
VSWS,N,20260525,IKIO,EQ,IKIO Technologies,152.0500,156.5000,152.0500,154.4200,73630,1602,11406027
VSWS,N,20260525,IKS,EQ,Inventurus Knowledge,1610.0000,1665.0000,1605.1000,1647.4000,210529,20261,343426181
VSWS,N,20260525,IL&FSENGG,BZ,IL&FS Eng & Const Co,27.0000,28.9400,27.0000,28.9200,23230,53,652426
VSWS,N,20260525,IL&FSTRANS,BZ,IL & FS Transportati,2.2600,2.3600,2.2600,2.3400,29710,80,68991
VSWS,N,20260525,IMAGICAA,EQ,Imagicaaworld Entert,43.1000,44.1000,43.0500,43.7500,428344,2351,18703150
VSWS,N,20260525,IMFA,EQ,Indian Metals & Ferr,1449.0000,1537.0000,1436.8000,1496.1000,273285,21452,409289108
VSWS,N,20260525,IMPAL,EQ,India Motor Parts &,1146.0000,1146.0000,1113.0000,1119.8000,5464,481,6157124
VSWS,N,20260525,IMPEXFERRO,BZ,Impex Ferro Tech,1.8400,1.8400,1.8200,1.8300,52282,50,96189
VSWS,N,20260525,INA,EQ,Insolation Energy,139.8000,148.0000,138.1100,146.8300,1762491,12211,253750923
VSWS,N,20260525,INCREDIBLE,EQ,Incredible Indus,36.3000,37.0000,35.8000,36.0000,2682,48,97744
VSWS,N,20260525,INDBANK,EQ,Indbank Merchant,34.1100,34.2000,33.5200,33.8800,34801,354,1180179
VSWS,N,20260525,INDGN,EQ,Indegene,509.0500,525.6500,509.0500,516.6000,177864,6417,91949435
VSWS,N,20260525,INDHOTEL,EQ,Indian Hotels,654.2500,666.4500,654.2500,663.5500,1738393,38049,1148599649
VSWS,N,20260525,INDIACEM,EQ,India Cements,401.5000,409.6500,399.1000,403.5000,144492,6318,58292178
VSWS,N,20260525,INDIAGLYCO,EQ,India Glycols,1000.0000,1019.0000,991.2000,1011.3000,45088,3676,45535608
VSWS,N,20260525,INDIAMART,EQ,IndiaMART InterMESH,2030.0000,2039.8000,2023.1000,2029.3000,62754,6715,127365724
VSWS,N,20260525,INDIANB,EQ,Indian Bank,839.4000,849.9000,835.0000,840.1500,2632041,44310,2214447216
VSWS,N,20260525,INDIANCARD,EQ,Indian Card Clothing,210.0000,227.8900,203.0100,224.6000,11578,336,2554320
VSWS,N,20260525,INDIANHUME,EQ,Indian Hume Pipe,315.0000,319.0000,315.0000,317.3000,23673,756,7507884
VSWS,N,20260525,INDIASHLTR,EQ,India Shelter Financ,790.0000,790.0000,777.0500,779.8000,42738,3671,33358349
VSWS,N,20260525,INDIFRA,SM,Indifra,14.1500,14.1500,14.1500,14.1500,4000,2,56600
VSWS,N,20260525,INDIGO,EQ,InterGlobe Aviation,4524.1000,4538.0000,4438.7000,4501.9000,2493013,80745,11167647866
VSWS,N,20260525,INDIGOPNTS,EQ,Indigo Paints,1003.4000,1018.0500,966.6000,995.9500,285775,15550,282763515
VSWS,N,20260525,INDIQUBE,EQ,Indiqube Spaces,164.9000,167.1000,164.3100,166.2000,35299,633,5849430
VSWS,N,20260525,INDNIPPON,EQ,India Nippon Elect,806.9500,827.6500,795.0500,817.2000,52047,2662,42523264
VSWS,N,20260525,INDOAMIN,EQ,Indo Amines,127.0400,132.4900,127.0400,131.4500,195679,3219,25547033
VSWS,N,20260525,INDOBORAX,EQ,Indo Borax & Chem,322.0500,339.0000,322.0500,333.6500,220695,5344,73131558
VSWS,N,20260525,INDOCO,EQ,Indoco Remedies,202.0900,202.9200,194.9900,195.7400,84994,2786,16814282
VSWS,N,20260525,INDOFARM,EQ,Indo Farm Equipment,129.2000,133.7700,128.0000,131.5400,151159,4034,19726664
VSWS,N,20260525,INDORAMA,EQ,Indo Rama Synthetics,36.0300,37.7100,36.0300,37.0600,60329,455,2227103
VSWS,N,20260525,INDOSTAR,EQ,Indostar Capital Fin,214.7500,217.7900,210.6000,212.7600,42274,1071,9072452
VSWS,N,20260525,INDOTECH,BE,Indo Tech Transforme,2316.0000,2438.9000,2316.0000,2438.9000,9510,451,22894704
VSWS,N,20260525,INDOTHAI,EQ,Indo Thai Securities,252.6500,260.4000,235.5500,238.9000,1824784,14498,458086761
VSWS,N,20260525,INDOUS,EQ,Indo Us Bio-Tech,103.9000,103.9000,100.5000,100.6100,13285,812,1347436
VSWS,N,20260525,INDOWIND,BE,Indowind Energy,9.7100,10.0000,9.7100,9.9700,113815,419,1129506
VSWS,N,20260525,INDPRUD,EQ,Industrial & Prudent,6730.0000,6730.0000,6730.0000,6730.0000,1,1,6730
VSWS,N,20260525,INDRAMEDCO,EQ,Indraprastha Medical,365.3000,377.3000,359.4000,363.6500,549186,17225,201145272
VSWS,N,20260525,INDSWFTLAB,EQ,Ind Swift Lab,132.8000,135.9000,129.5000,132.1800,626665,5687,83165827
VSWS,N,20260525,INDTERRAIN,EQ,Indian Terrain Fashi,33.1000,33.3500,32.0600,32.2100,11997,167,391539
VSWS,N,20260525,INDUSINDBK,EQ,IndusInd Bank,920.1500,933.5000,920.1500,926.1000,1193834,27629,1106238450
VSWS,N,20260525,INDUSTOWER,EQ,Indus Towers,435.0000,442.0000,430.0500,438.8500,4332999,35611,1882326953
VSWS,N,20260525,INFINIUM,SM,Infinium Pharmachem,214.0000,214.0000,210.0000,214.0000,7500,12,1597850
VSWS,N,20260525,INFLUX,SM,Influx Healthtech,250.0000,256.0000,230.0000,239.4000,147000,175,35475840
VSWS,N,20260525,INFOBEAN,EQ,InfoBeans Technologi,154.3500,156.6200,150.0000,155.3900,253390,3864,39185570
VSWS,N,20260525,INFOLLION,SM,Infollion Research S,193.4000,193.4000,190.0000,192.9500,9600,21,1841380
VSWS,N,20260525,INFOMEDIA,EQ,Infomedia Press,5.9900,6.2500,5.7500,6.1600,42391,125,258096
VSWS,N,20260525,INFRA,EQ,Mirae A Nifty Ind In,12.1500,12.1500,12.0800,12.1300,16780,140,203507
VSWS,N,20260525,INFRABEES,EQ,Nippon INft InfraBee,972.0000,977.1000,971.5000,973.7900,11143,662,10845535
VSWS,N,20260525,INFRAIETF,EQ,ICICI Prud Nifty Inf,96.9000,97.4600,96.6000,96.9800,278504,4912,26977342
VSWS,N,20260525,INFY,EQ,Infosys,1183.0000,1185.0000,1166.1000,1168.5000,5856136,102287,6871886851
VSWS,N,20260525,INGERRAND,EQ,Ingersoll Rand (I),4477.0000,4515.0000,4316.8000,4331.4000,24706,2927,109007321
VSWS,N,20260525,INM,SM,Interiors & More,168.0000,168.0000,168.0000,168.0000,600,1,100800
VSWS,N,20260525,INNOMET,ST,Innomet Advanced Mat,91.5500,91.5500,91.4000,91.4000,12600,20,1151820
VSWS,N,20260525,INNOVACAP,EQ,Innova Captab,844.1500,882.0000,834.0000,855.0500,85586,4378,73215478
VSWS,N,20260525,INNOVANA,EQ,Innovana Thinklabs,370.0500,384.3000,346.5500,350.0000,15849,686,5617492
VSWS,N,20260525,INNOVISION,EQ,Innovision,308.5500,311.5000,307.2000,309.9000,66877,1723,20707728
VSWS,N,20260525,INOXGREEN,EQ,Inox Green Energy Se,180.3500,186.8000,177.0000,177.8100,3380864,21758,610005189
VSWS,N,20260525,INOXINDIA,EQ,INOX India,1449.9000,1468.5000,1427.1000,1440.0000,100767,9155,145784105
VSWS,N,20260525,INOXWIND,EQ,Inox Wind,96.0000,98.3700,95.6300,97.0400,9757031,36705,948623026
VSWS,N,20260525,INSECTICID,EQ,Insecticides (India),760.0500,763.9000,741.0000,746.8500,19587,1595,14668928
VSWS,N,20260525,INSPIRISYS,EQ,Inspirisys Solutions,119.3000,126.3300,119.1800,119.2800,73413,653,8806743
VSWS,N,20260525,INTELLECT,EQ,Intellect Design Are,701.7000,726.3500,700.0000,713.3000,350927,14415,251352022
VSWS,N,20260525,INTENTECH,EQ,Intense Technologies,99.2500,102.0000,97.2500,99.6100,55092,922,5451066
VSWS,N,20260525,INTERARCH,EQ,Interarch Building S,1810.0000,1828.0000,1769.1000,1813.0000,86581,6782,155955132
VSWS,N,20260525,INTERNET,EQ,Mirae Asset Nifty In,12.2300,12.2800,12.1700,12.2000,214531,164,2619830
VSWS,N,20260525,INTLCONV,EQ,International Convey,78.7500,79.4100,77.1500,77.9400,46270,1465,3632920
VSWS,N,20260525,INVENTURE,EQ,Inventure Grow & Sec,0.9900,1.0200,0.9900,1.0000,1510315,513,1514427
VSWS,N,20260525,INVICTA,ST,Invicta Diagnostic,66.8500,73.7500,66.8500,66.8500,110400,63,7475120
VSWS,N,20260525,INVPRECQ,EQ,Invest & Precision,608.0000,630.0000,608.0000,627.2000,1121,140,696493
VSWS,N,20260525,IOB,EQ,Indian Overseas Bank,33.8400,34.0000,33.6200,33.7900,3843907,9318,129979260
VSWS,N,20260525,IOC,EQ,Indian Oil Corp,144.0600,145.3000,143.1500,143.9500,24525241,145901,3537738903
VSWS,N,20260525,IOLCP,EQ,IOL Chemical & Pharm,119.2100,126.0000,119.2100,124.0000,6401875,38661,789756294
VSWS,N,20260525,IONEXCHANG,EQ,Ion Exchange,399.5000,413.6000,392.5500,408.3000,311537,12269,126705860
VSWS,N,20260525,IPCALAB,EQ,Ipca Lab,1609.9000,1617.8000,1565.2000,1571.0000,109349,11611,173208871
VSWS,N,20260525,IPHL,SM,Indian Phosphate,55.0000,56.8500,54.0000,55.5000,22800,18,1258380
VSWS,N,20260525,IPL,EQ,India Pesticides,172.0000,181.5000,172.0000,176.3200,3531628,32546,624749033
VSWS,N,20260525,IPSL,SM,Integrated Personnel,215.0000,215.0000,200.0000,200.0000,6000,12,1207500
VSWS,N,20260525,IRB,EQ,IRB Infra Developers,22.4300,22.4300,21.5200,21.6200,24613158,35291,537643729
VSWS,N,20260525,IRCON,EQ,IRCON International,141.9900,143.6000,141.5700,142.5800,2226524,22127,317836496
VSWS,N,20260525,IRCTC,EQ,Indian Railway Cater,535.0000,540.2000,533.5500,537.8500,814819,24570,437580606
VSWS,N,20260525,IREDA,EQ,Indian Ren Energy De,130.0000,132.3900,129.2500,129.7700,7175829,40320,938356510
VSWS,N,20260525,IRFC,EQ,Indian Railway Fin C,99.0000,101.0800,98.9900,100.4500,13515986,55094,1355667117
VSWS,N,20260525,IRIS,EQ,IRIS RegTech Solutio,257.8800,275.2800,255.0000,263.4700,35329,1042,9390887
VSWS,N,20260525,IRISDOREME,EQ,Iris Clothings,36.0000,36.9800,35.5000,35.6000,198320,1108,7235533
VSWS,N,20260525,IRMENERGY,EQ,IRM Energy,280.0000,286.8000,271.7000,274.5000,552752,7427,153690428
VSWS,N,20260525,ISFT,EQ,Intrasoft Technologi,84.9000,84.9000,82.0000,84.3200,39600,207,3297483
VSWS,N,20260525,ISGEC,EQ,ISGEC Heavy Engineer,1090.0000,1090.0000,1053.6000,1060.2000,55897,4654,59764081
VSWS,N,20260525,ISHAN,SM,Ishan International,0.6500,0.6500,0.6500,0.6500,48000,1,31200
VSWS,N,20260525,ISHANCH,EQ,Ishan Dyes And Chemi,63.5000,65.9000,60.5300,63.9100,18225,179,1160495
VSWS,N,20260525,IT,EQ,Kotak Nifty IT ETF,31.8900,32.2500,31.8200,32.0700,327182,1103,10477267
VSWS,N,20260525,ITADD,EQ,DSP Nifty IT ETF,30.5400,30.8800,30.5400,30.7000,3963,49,121680
VSWS,N,20260525,ITALIANE,ST,Italian Edibles,36.0000,36.0000,35.2500,35.2500,4000,2,142500
VSWS,N,20260525,ITBEES,EQ,Nippon India ETF Nif,32.0400,32.3900,32.0000,32.1500,7973577,15907,256746794
VSWS,N,20260525,ITBETA,EQ,UTI Nifty IT ETF,300.9400,306.5100,300.9400,305.1300,892,24,270835
VSWS,N,20260525,ITC,EQ,I T C,303.9500,305.5000,302.3500,303.9500,15734247,127469,4779749002
VSWS,N,20260525,ITCHOTELS,EQ,ITC Hotels,155.5000,157.3900,155.5000,156.2200,2482791,25671,388088290
VSWS,N,20260525,ITDC,EQ,India Tourism Deve,555.0000,561.9000,552.3500,554.8000,37742,2528,21039755
VSWS,N,20260525,ITETF,EQ,Mirae Asset Nifty IT,30.6300,30.8900,30.4000,30.5500,296539,855,9070164
VSWS,N,20260525,ITI,EQ,I T I,290.7500,295.7500,290.0000,290.7500,491161,11277,143699153
VSWS,N,20260525,ITIETF,EQ,ICICI Pru Nifty IT,32.0700,32.3800,32.0300,32.1700,806547,1616,25972303
VSWS,N,20260525,IVALUE,EQ,Ivalue Infosolutions,247.7000,253.8000,244.5000,244.9500,47751,2428,11847856
VSWS,N,20260525,IVC,EQ,IL & FS Investment M,7.3500,7.6200,7.3500,7.4600,113210,794,849330
VSWS,N,20260525,IVP,EQ,I V P,180.0000,182.6000,172.7100,179.7400,58040,1102,10328833
VSWS,N,20260525,IVZINGOLD,EQ,Invesco India Gold,137.5500,137.5500,137.0000,137.4000,25633,201,3520275
VSWS,N,20260525,IVZINNIFTY,EQ,Invesco India Nifty,2735.4300,2741.0000,2730.5000,2739.9800,897,10,2457645
VSWS,N,20260525,IWARE,ST,Iware Supplychain Se,355.9500,356.0000,342.6500,342.6500,6000,10,2111160
VSWS,N,20260525,IWP,EQ,Indian Wood Products,33.2700,35.9600,33.2700,35.3500,7546,200,261628
VSWS,N,20260525,IXIGO,EQ,Le Travenues Techno,173.7000,177.8400,173.3500,177.1400,2322217,28381,409106254
VSWS,N,20260525,IZMO,EQ,IZMO,706.0000,722.8000,680.0000,694.0500,94017,3036,65822576
VSWS,N,20260525,J&KBANK,EQ,Jammu & Kashmir Bank,141.0000,142.7700,139.8400,140.7800,2776408,20114,391211081
VSWS,N,20260525,JAGRAN,EQ,Jagran Prakashan,68.9200,70.3500,68.6000,69.7300,412617,1876,28766990
VSWS,N,20260525,JAGSNPHARM,EQ,Jagsonpal Pharma,210.0500,212.3700,200.0100,205.6900,147410,2773,30257937
VSWS,N,20260525,JAIBALAJI,BE,Jai Balaji Industrie,72.2000,73.9000,72.0000,72.8900,295676,1063,21590368
VSWS,N,20260525,JAICORPLTD,EQ,Jai Corp,117.2000,118.2000,116.5000,116.7600,226540,3880,26523296
VSWS,N,20260525,JAINAM,SM,Jainam Ferro Alloys,264.6500,264.6500,264.0000,264.0000,2000,4,528650
VSWS,N,20260525,JAINIK,SM,Jainik Power Cables,140.0000,145.0000,140.0000,140.0000,19200,12,2721420
VSWS,N,20260525,JAINREC,EQ,Jain Resource Recycl,390.0500,394.5000,382.1000,392.2000,2089919,39267,812223517
VSWS,N,20260525,JAIPURKURT,EQ,Nandani Creation,31.0200,33.5000,31.0200,33.1000,56984,207,1853175
VSWS,N,20260525,JALAN,SM,Jalan Transolutions,1.9500,1.9500,1.9500,1.9500,21000,4,40950
VSWS,N,20260525,JAMNAAUTO,EQ,Jamna Auto Ind,116.9000,118.7500,115.8500,117.6400,1166221,10451,136989054
VSWS,N,20260525,JARO,EQ,Jaro Inst of Tech Mg,589.7000,593.7000,570.0000,578.2500,214878,7374,124876827
VSWS,N,20260525,JASH,EQ,Jash Engineering,394.0000,407.7000,394.0000,401.1500,52382,2587,21070135
VSWS,N,20260525,JAYAGROGN,EQ,Jayant Agro Organics,232.9500,234.1500,223.0000,230.7600,6579,300,1507728
VSWS,N,20260525,JAYBARMARU,EQ,Jay Bharat Maruti,119.0000,124.1000,117.5200,120.8900,1482434,10708,179403387
VSWS,N,20260525,JAYBEE,ST,Jay Bee Laminations,100.5000,103.5500,95.0000,95.3500,59000,94,5776325
VSWS,N,20260525,JAYKAY,EQ,Jaykay Enterprises,175.0100,209.1000,172.0000,197.7100,4094618,27057,834413104
VSWS,N,20260525,JAYNECOIND,EQ,Jayaswals Neco Ind,104.5000,105.7000,103.5000,104.7400,4722484,24744,494584414
VSWS,N,20260525,JAYSREETEA,EQ,Jay Shree Tea & Ind,84.2300,86.6500,84.2300,84.5700,44553,520,3788526
VSWS,N,20260525,JBCHEPHARM,EQ,JB Chemicals,2214.0000,2285.3000,2200.0000,2228.4000,485276,28643,1095651650
VSWS,N,20260525,JBMA,EQ,JBM Auto,639.0000,646.2000,636.0000,637.9000,267878,9212,171453173
VSWS,N,20260525,JETFREIGHT,EQ,Jet Freight Logistic,20.2700,21.2700,20.0700,20.3200,132004,687,2714970
VSWS,N,20260525,JEYYAM,SM,Jeyyam Global Foods,31.4000,32.0000,31.4000,32.0000,10000,4,317100
VSWS,N,20260525,JFLLIFE,SM,JFL Life Sciences,9.2500,9.2500,9.2500,9.2500,12000,2,111000
VSWS,N,20260525,JGCHEM,EQ,J G Chemicals,399.7000,415.0000,396.0500,406.6500,108842,4627,44224635
VSWS,N,20260525,JHS,EQ,JHS Svendgaard Labor,8.5500,8.9500,8.4500,8.6500,80347,198,693277
VSWS,N,20260525,JINDALPHOT,EQ,Jindal Photo,1000.3000,1024.9000,1000.3000,1016.5000,1791,198,1818474
VSWS,N,20260525,JINDALPOLY,EQ,Jindal Poly Films,705.8500,718.4500,700.5000,706.6500,11092,801,7880651
VSWS,N,20260525,JINDALSAW,EQ,Jindal Saw,222.3000,231.3000,222.3000,225.9400,1683198,27120,383374723
VSWS,N,20260525,JINDALSTEL,EQ,Jindal Steel,1224.4000,1224.4000,1209.1000,1212.3000,323348,15860,392944642
VSWS,N,20260525,JINDRILL,EQ,Jindal Drilling,640.0000,656.8000,621.3000,629.1000,1872522,32271,1191890327
VSWS,N,20260525,JINDWORLD,EQ,Jindal Worldwide,26.8300,26.9000,26.2000,26.6900,286571,1947,7636615
VSWS,N,20260525,JIOFIN,EQ,Jio Financial Servic,241.0000,243.6500,240.2000,241.7400,9813693,62869,2372652011
VSWS,N,20260525,JISLDVREQS,EQ,Jain Irrigation DVR,22.9700,22.9700,22.4400,22.8100,8098,151,183725
VSWS,N,20260525,JISLJALEQS,EQ,Jain Irrigation,30.4000,30.9800,30.1000,30.5900,2544478,8095,77897001
VSWS,N,20260525,JITFINFRA,BE,JITF Infralogistics,284.5500,289.4000,283.5000,287.7500,10560,182,3017816
VSWS,N,20260525,JKCEMENT,EQ,JK Cement,5546.5000,5579.5000,5406.0000,5441.5000,82200,10633,450007792
VSWS,N,20260525,JKIL,EQ,J Kumar Infraproject,499.1500,521.5500,489.6500,508.4000,171645,7793,87094903
VSWS,N,20260525,JKIPL,BE,Jinkushal Industries,84.4700,85.9100,82.0000,84.6100,8299,1148,702037
VSWS,N,20260525,JKLAKSHMI,EQ,JK Lakshmi Cement,614.9500,623.4500,612.0500,614.6000,78429,4559,48239583
VSWS,N,20260525,JKPAPER,EQ,JK Paper,386.0000,394.9000,379.9500,392.9000,457516,16670,177466312
VSWS,N,20260525,JKTYRE,EQ,JK Tyre & Industries,374.3000,388.6000,373.1000,386.4500,2704561,46948,1039266631
VSWS,N,20260525,JLHL,EQ,Jupiter Life Line Ho,1396.0000,1397.9000,1340.3000,1349.9000,61745,8183,84042315
VSWS,N,20260525,JMA,EQ,Jullundur Motor Agen,84.0100,90.0000,82.5500,87.4300,11676,171,1007820
VSWS,N,20260525,JMFINANCIL,EQ,J M Financial,130.0000,133.1500,129.4500,132.3500,1965233,22471,258543542
VSWS,N,20260525,JNKINDIA,EQ,JNK India,399.0000,399.0000,375.1000,379.8000,461274,9812,178243804
VSWS,N,20260525,JOCIL,EQ,Jocil,136.0000,136.5000,133.1000,133.3500,1568,47,212268
VSWS,N,20260525,JPOLYINVST,EQ,Jindal Poly Invest,1039.4000,1039.9000,1016.4000,1023.0000,4548,643,4661141
VSWS,N,20260525,JPPOWER,EQ,Jaiprakash Power Ven,19.0700,19.4200,18.7900,18.8800,115033020,62818,2191438081
VSWS,N,20260525,JSFB,EQ,Jana Small Fin Bank,456.4500,482.2000,449.2000,478.5500,830090,13386,389229443
VSWS,N,20260525,JSL,EQ,Jindal Stainless,739.5000,743.5500,729.0000,731.9000,422483,36212,311223580
VSWS,N,20260525,JSLL,EQ,Jeena Sikho Lifecare,661.0000,661.0000,626.6000,635.3000,573562,26552,366203150
VSWS,N,20260525,JSWCEMENT,EQ,JSW Cement,138.0000,141.9000,133.2000,134.7700,32295241,164264,4443271258
VSWS,N,20260525,JSWDULUX,EQ,JSW Dulux,2910.0000,2980.0000,2900.0000,2937.6000,15598,3608,46004467
VSWS,N,20260525,JSWENERGY,EQ,JSW Energy,557.2500,559.5000,551.6500,557.0500,2566491,38912,1426044857
VSWS,N,20260525,JSWHL,EQ,JSW Holdings,12831.0000,12832.0000,12450.0000,12524.0000,2162,935,27277171
VSWS,N,20260525,JSWINFRA,EQ,JSW Infrastructure,279.4500,281.7500,276.5500,277.6500,1574575,35379,439004147
VSWS,N,20260525,JSWSTEEL,EQ,JSW Steel,1290.7000,1297.4000,1284.0000,1289.4000,922291,36421,1188250064
VSWS,N,20260525,JTEKTINDIA,EQ,JTEKT India,129.7500,130.8700,126.2500,127.3500,210866,4652,27010081
VSWS,N,20260525,JTLIND,EQ,JTL Industries,72.0000,72.2800,69.1000,69.4700,1491835,7849,105584742
VSWS,N,20260525,JUBLCPL,EQ,Jubilant Agri And Co,1857.3000,1880.8000,1805.0000,1830.5000,6716,866,12410596
VSWS,N,20260525,JUBLFOOD,EQ,Jubilant FoodWorks,440.0000,446.2500,436.1000,438.7500,5413480,38079,2386910261
VSWS,N,20260525,JUBLINGREA,EQ,Jubilant Ingrevia,731.1000,735.0000,719.8000,731.8000,123994,10563,90314212
VSWS,N,20260525,JUBLPHARMA,EQ,Jubilant Pharmova,1006.4500,1014.9000,955.2500,1007.2500,373034,24697,364991652
VSWS,N,20260525,JUNIORBEES,EQ,Nippon INft N50 JrBe,755.3000,767.0000,755.3000,764.8000,517432,12737,394609413
VSWS,N,20260525,JUNIPER,EQ,Juniper Hotels,198.0000,201.5400,194.9500,197.2000,208144,5808,41139048
VSWS,N,20260525,JUSTDIAL,EQ,Just Dial,520.1500,530.4000,520.1500,523.8000,92300,3937,48411520
VSWS,N,20260525,JWL,EQ,Jupiter Wagons,280.0000,303.9000,280.0000,296.3000,15773314,141838,4671872422
VSWS,N,20260525,JYOTHYLAB,EQ,Jyothy Labs,205.0000,207.9500,202.8000,203.1500,1684494,31146,343958254
VSWS,N,20260525,JYOTICNC,EQ,Jyoti CNC Automation,676.2000,683.4000,669.4000,670.7000,788985,22346,534029330
VSWS,N,20260525,JYOTIGLOBL,ST,Jyoti Global Plast,44.1500,44.1500,44.1500,44.1500,10000,5,441500
VSWS,N,20260525,JYOTISTRUC,EQ,Jyoti Structures,12.4300,12.6700,12.4000,12.4800,5381799,4302,67414478
VSWS,N,20260525,K2INFRA,SM,K2 Infragen,59.4500,59.4500,55.9500,58.0000,34200,55,1995360
VSWS,N,20260525,KABRAEXTRU,EQ,Kabra Extrusion Tech,227.6500,235.0000,220.5500,230.9300,11500,669,2663038
VSWS,N,20260525,KAJARIACER,EQ,Kajaria Ceramics,1069.9000,1075.8000,1066.1000,1070.0000,439337,12804,470209860
VSWS,N,20260525,KAKATCEM,BE,Kakatiya Cem & Sugar,119.0000,124.9500,119.0000,124.9500,3704,60,454916
VSWS,N,20260525,KALAMANDIR,EQ,Sai Silks (Kalamandi,104.0000,104.9300,102.0000,102.6600,682988,5411,70296167
VSWS,N,20260525,KALPATARU,EQ,Kalpataru,345.0000,345.0000,333.0000,337.8500,160873,4735,54174817
VSWS,N,20260525,KALYANIFRG,EQ,Kalyani Forge,623.9500,643.4000,600.0000,632.8000,2305,265,1425883
VSWS,N,20260525,KALYANKJIL,EQ,Kalyan Jewellers Ind,358.7000,360.2500,355.3000,357.8500,3657122,31452,1308204671
VSWS,N,20260525,KAMAHOLD,EQ,Kama Holdings,2582.8000,2623.0000,2569.8000,2603.3000,8869,445,23058095
VSWS,N,20260525,KAMATHOTEL,EQ,Kamat Hotels (India),164.2900,166.6000,163.6900,165.3800,26191,709,4334744
VSWS,N,20260525,KAMDHENU,EQ,Kamdhenu,25.0800,25.3900,24.7700,24.8900,516424,1558,12900555
VSWS,N,20260525,KAMOPAINTS,EQ,Kamdhenu Ventures,5.2800,5.4900,5.2100,5.3900,341386,594,1821664
VSWS,N,20260525,KANANIIND,EQ,Kanani Industries,1.5400,1.6300,1.5400,1.5400,129989,283,201656
VSWS,N,20260525,KANCHI,BE,Kanchi Karpooram,386.0000,391.9000,382.0000,391.9000,1227,34,478780
VSWS,N,20260525,KANDARP,SM,Kandarp Digi Smart B,150.0000,150.8000,141.0000,142.5000,12000,8,1767450
VSWS,N,20260525,KANORICHEM,BE,Kanoria Chemicals,87.1500,91.4500,87.1500,91.4300,21259,110,1917143
VSWS,N,20260525,KANPRPLA,EQ,Kanpur Plastipacks,207.0000,210.5700,206.2300,210.0800,6236,166,1304953
VSWS,N,20260525,KANSAINER,EQ,Kansai Nerolac Paint,219.3000,225.4000,217.1500,218.3600,647270,14565,143683341
VSWS,N,20260525,KAPSTON,EQ,Kapston Services,336.1000,344.5000,333.4000,343.0500,15785,476,5360621
VSWS,N,20260525,KARMAENG,EQ,Karma Energy,45.4400,46.8500,45.0000,46.1700,2812,91,129389
VSWS,N,20260525,KARNIKA,SM,Karnika Industries,136.0000,140.0000,130.0000,130.7500,41000,26,5573600
VSWS,N,20260525,KARURVYSYA,EQ,Karur Vysya Bank,292.7500,294.2000,290.7500,292.0000,1115224,35170,325933089
VSWS,N,20260525,KAUSHALYA,EQ,Kaushalya Infra Deve,897.0000,898.4000,870.0000,884.9000,28,14,24728
VSWS,N,20260525,KAVDEFENCE,EQ,Kavveri Defence & Wi,64.4900,65.9000,63.0100,65.9000,146839,959,9585828
VSWS,N,20260525,KAYA,EQ,Kaya,244.2500,250.7500,244.0000,248.2500,3778,133,937381
VSWS,N,20260525,KAYNES,EQ,Kaynes Technology I,3369.9000,3410.0000,3301.0000,3400.4000,1421568,74619,4793977227
VSWS,N,20260525,KAYTEX,SM,Kaytex Fabrics,72.0000,72.5000,70.0000,71.6000,9600,12,687200
VSWS,N,20260525,KCEIL,ST,Kay Cee Energy & Inf,102.5000,105.5500,99.3500,99.5500,61000,104,6194125
VSWS,N,20260525,KCK,SM,Kck Industries,13.9500,14.1500,13.3000,13.4000,42500,17,574125
VSWS,N,20260525,KCP,EQ,K C P,161.5000,166.0000,160.8500,164.0700,167415,2078,27391057
VSWS,N,20260525,KCPSUGIND,EQ,KCP Sugar & Ind Corp,23.9100,24.6400,23.9100,24.4600,37847,366,921831
VSWS,N,20260525,KDDL,EQ,KDDL,2849.0000,2877.6000,2770.0000,2793.4000,37689,5559,106489946
VSWS,N,20260525,KDL,SM,Kore Digital,140.0000,144.0000,136.0000,141.8000,11850,60,1658280
VSWS,N,20260525,KEC,EQ,KEC International,491.6000,509.0000,490.0000,507.5500,2242729,41848,1130693328
VSWS,N,20260525,KECL,BE,Kirloskar Electric,122.6000,125.6600,116.0000,125.6600,290007,868,36089490
VSWS,N,20260525,KEEPLEARN,EQ,DSJ Keep Learning,2.1800,2.1800,2.0700,2.0900,21114,76,44491
VSWS,N,20260525,KEI,EQ,KEI Industries,5325.0000,5345.0000,5264.0000,5281.5000,239111,26353,1267452356
VSWS,N,20260525,KEL,SM,Kundan Edifice,91.5000,94.0000,91.5000,94.0000,8400,6,774600
VSWS,N,20260525,KELLTONTEC,EQ,Kellton Tech Solu,15.4300,16.1400,15.3200,15.8800,3544119,6253,56017409
VSWS,N,20260525,KEN,SM,Ken Enterprises,35.2000,35.2500,34.0000,34.0000,4800,4,166380
VSWS,N,20260525,KENNAMET,EQ,Kennametal India,2939.7000,3064.5000,2885.0000,3030.0000,18963,4386,57114192
VSWS,N,20260525,KERNEX,EQ,Kernex Microsystems,1364.9000,1475.0000,1364.9000,1464.0000,315503,20603,456014941
VSWS,N,20260525,KESORAMIND,BE,Kesoram Industries,13.6800,13.6800,13.1000,13.2200,1475952,2604,19845852
VSWS,N,20260525,KEYFINSERV,EQ,Keynote Financial Se,273.1000,289.8000,271.1000,271.9000,486,38,134679
VSWS,N,20260525,KFINTECH,EQ,KFin Technologies,829.0000,837.2000,821.0000,829.4000,1252239,27446,1039017667
VSWS,N,20260525,KHADIM,EQ,Khadim India,106.3200,106.3200,101.8000,102.7400,108796,1533,11343916
VSWS,N,20260525,KHAICHEM,BE,Khaitan Chemicals,56.4000,57.0000,55.3000,55.5900,43704,196,2449534
VSWS,N,20260525,KHAITANLTD,BE,Khaitan (India),132.0000,136.5000,132.0000,134.4400,1667,28,221742
VSWS,N,20260525,KHANDSE,EQ,Khandwala Securities,17.0000,18.7000,16.7000,17.8200,3911,23,68569
VSWS,N,20260525,KHFM,SM,KHFM Hos & Facility,55.1000,57.6500,55.1000,57.6500,3100,2,174763
VSWS,N,20260525,KICL,EQ,Kalyani Investment C,4930.0000,5080.0000,4930.0000,5035.2000,2534,462,12689052
VSWS,N,20260525,KILITCH,EQ,Kilitch Drugs,188.9000,197.0000,184.1000,185.1800,157832,2804,29748431
VSWS,N,20260525,KIMS,EQ,Krishna Institute of,769.9500,769.9500,744.0500,756.8000,233184,15332,175901424
VSWS,N,20260525,KINGFA,EQ,Kingfa Science & Tec,5190.0000,5339.8000,5125.0000,5271.5000,7655,1932,40084689
VSWS,N,20260525,KIOCL,EQ,KIOCL,388.1500,402.8000,388.1500,397.5500,240903,8571,95835394
VSWS,N,20260525,KIRANVYPAR,EQ,Kiran Vyapar,178.7000,180.0000,169.1400,172.0600,13343,227,2308344
VSWS,N,20260525,KIRIINDUS,EQ,Kiri Industries,404.7000,406.1500,392.9500,396.4000,143138,3222,57371531
VSWS,N,20260525,KIRLFER,EQ,Kirloskar Ferrous,435.5000,450.0500,435.0000,447.9500,44854,2062,20032510
VSWS,N,20260525,KIRLOSBROS,EQ,Kirloskar Brothers,1624.0000,1653.3000,1614.1000,1628.5000,39573,5835,64662136
VSWS,N,20260525,KIRLOSENG,EQ,Kirloskar Oil Engine,1665.0000,1737.9000,1656.3000,1702.8000,384673,37022,653935368
VSWS,N,20260525,KIRLOSIND,EQ,Kirloskar Industries,3111.0000,3146.4000,3085.0000,3101.0000,5015,983,15609464
VSWS,N,20260525,KIRLPNU,EQ,Kirloskar Pneumatic,1629.0000,1680.0000,1608.0000,1659.8000,181337,17561,300274831
VSWS,N,20260525,KISSHT,EQ,OnEMI Technology Sol,236.1000,254.5000,234.1000,252.5200,5055633,48159,1244166180
VSWS,N,20260525,KITEX,EQ,Kitex Garments,159.9000,168.6800,159.8900,163.0700,1047772,8704,172128672
VSWS,N,20260525,KKCL,EQ,Kewal Kiran Clothing,435.8000,449.5000,435.8000,445.8000,14271,964,6367683
VSWS,N,20260525,KKJEWELS,SM,Kabra Jewels,112.0000,112.0000,105.1000,109.1500,12000,12,1300550
VSWS,N,20260525,KLBRENG-B,EQ,Kilburn Engineering,483.8000,487.2000,472.2500,476.8000,22606,2089,10834901
VSWS,N,20260525,KLL,SM,Kaushalya Logistics,36.7500,39.7000,36.0500,38.4000,7200,9,270640
VSWS,N,20260525,KMEW,EQ,Knowledge Marine & E,2100.0000,2109.5000,2020.0000,2046.0000,96338,14706,197819596
VSWS,N,20260525,KMSUGAR,EQ,K M Sugar Mills,27.7000,28.1900,27.2600,27.5600,116956,811,3227623
VSWS,N,20260525,KNAGRI,EQ,KN Agri Resources,196.9500,196.9500,187.2100,191.8200,12531,417,2412854
VSWS,N,20260525,KNRCON,EQ,KNR Constructions,134.0000,135.3000,132.3600,133.3500,1169893,12522,156698938
VSWS,N,20260525,KODYTECH,ST,Kody Technolab,920.0000,920.0000,865.0000,900.0000,2900,22,2576065
VSWS,N,20260525,KOHINOOR,EQ,Kohinoor Foods,25.0000,25.3500,24.7500,24.8700,55116,1176,1374873
VSWS,N,20260525,KOKUYOCMLN,EQ,Kokuyo Camlin,86.3000,87.9600,86.1000,87.0000,20033,627,1744859
VSWS,N,20260525,KOLTEPATIL,EQ,Kolte-Patil Develope,368.0000,387.9000,364.5000,381.9500,224833,6861,85128896
VSWS,N,20260525,KONSTELEC,ST,Konstelec Engineers,41.0500,41.0500,41.0500,41.0500,3000,3,123150
VSWS,N,20260525,KONTOR,SM,Kontor Space,82.5000,82.5000,77.2500,77.2500,50400,10,3937530
VSWS,N,20260525,KOPRAN,EQ,Kopran,165.6300,195.8100,165.2000,188.4800,11936553,64708,2267157408
VSWS,N,20260525,KORE,SM,Jay Jalaram Technolo,128.4500,128.4500,128.0000,128.0000,8500,10,1088563
VSWS,N,20260525,KOTAKBANK,EQ,Kotak Mahindra Bank,388.3000,395.1500,387.2500,392.8500,15571552,180840,6102741308
VSWS,N,20260525,KOTARISUG,EQ,Kothari Sugars,26.2500,26.2500,25.5100,25.7500,27425,296,706975
VSWS,N,20260525,KOTHARIPET,EQ,Kothari Petrochem,122.4900,132.0000,122.4900,129.1400,212322,2551,27207780
VSWS,N,20260525,KOTHARIPRO,EQ,Kothari Products,75.2000,75.2000,73.0000,73.1300,5937,148,436674
VSWS,N,20260525,KOTIC,EQ,Kothari Industrial,165.2600,170.8800,162.0000,162.6000,2271,123,372220
VSWS,N,20260525,KOTYARK,EQ,Kotyark Industries,452.0000,459.6000,432.0000,437.5000,36233,1510,16071969
VSWS,N,20260525,KOVAI,EQ,Kovai Medical,5421.0000,5454.5000,5320.0000,5350.5000,6305,1658,33937359
VSWS,N,20260525,KPEL,EQ,K P Energy,361.3500,372.9000,361.3500,368.5000,401841,6925,147614870
VSWS,N,20260525,KPIGREEN,EQ,KPI Green Energy,429.9000,437.7500,429.8500,436.3500,413881,10561,179751725
VSWS,N,20260525,KPIL,EQ,Kalpataru Projects I,1275.9000,1283.8000,1259.5000,1273.0000,91804,9175,116996920
VSWS,N,20260525,KPITTECH,EQ,KPIT Technologies,753.9500,772.6500,753.9500,756.6000,1495776,30396,1142804017
VSWS,N,20260525,KPL,EQ,Kwality Pharmaceutic,2180.0000,2319.8000,2161.2000,2233.0000,108776,8701,245336519
VSWS,N,20260525,KPRMILL,EQ,K P R Mill,945.7000,963.0000,937.0500,950.4500,144424,12522,137400262
VSWS,N,20260525,KRBL,EQ,K R B L,348.0000,362.4500,346.2500,357.9000,578667,13621,205510183
VSWS,N,20260525,KREBSBIO,EQ,Krebs Biochemicals &,61.7500,61.8100,60.0100,61.8100,8126,75,500585
VSWS,N,20260525,KRIDHANINF,EQ,Kridhan Infra,3.0500,3.2800,3.0500,3.1200,43448,176,135885
VSWS,N,20260525,KRISHANA,EQ,Krishana Phoschem,673.7000,679.8000,652.0000,666.8500,290982,7224,194191112
VSWS,N,20260525,KRISHCA,SM,Krishca Strapping So,188.0000,190.0000,181.0500,188.2500,35500,25,6721175
VSWS,N,20260525,KRISHIVAL,EQ,Krishival Foods,376.5000,400.0000,376.3000,396.6500,20114,589,7950513
VSWS,N,20260525,KRISHNADEF,EQ,Krishna Defence & Al,1106.0000,1149.8000,1063.1000,1131.0000,240785,13361,267535165
VSWS,N,20260525,KRITI,BE,Kriti Industries (I),72.9500,72.9500,67.6000,69.4800,34493,268,2399699
VSWS,N,20260525,KRITIKA,EQ,Kritika Wires,6.1300,6.4800,6.0200,6.2000,162592,545,1013120
VSWS,N,20260525,KRITINUT,BE,Kriti Nutrients,94.4100,95.1100,94.4100,95.1100,27122,166,2576997
VSWS,N,20260525,KRMAYURVED,ST,KRM Ayurveda,252.7000,255.5500,240.3000,247.0500,32000,32,8051400
VSWS,N,20260525,KRN,BE,KRN Heat Exchanger &,1134.7000,1138.1000,1060.0000,1076.8000,169898,6665,186871868
VSWS,N,20260525,KRONOX,EQ,Kronox Lab Sciences,139.5600,140.3900,136.0600,136.8200,52037,678,7162549
VSWS,N,20260525,KROSS,EQ,Kross,191.2500,194.9000,191.2000,193.0000,242497,3182,46799863
VSWS,N,20260525,KRSNAA,EQ,Krsnaa Diagnostics,567.1000,575.7000,547.0500,553.8500,65630,2594,36905529
VSWS,N,20260525,KRYSTAL,EQ,Krystal Integrated S,589.0000,592.7000,579.3000,582.9500,30665,1498,17982531
VSWS,N,20260525,KSB,EQ,KSB,823.9000,831.5000,815.0000,817.1500,77128,8043,63448482
VSWS,N,20260525,KSCL,EQ,Kaveri Seed Company,934.0000,934.2000,920.0000,923.3500,68208,3681,63098674
VSWS,N,20260525,KSHINTL,EQ,KSH International,717.0000,748.5500,675.6000,695.0000,722836,25125,517040496
VSWS,N,20260525,KSHITIJPOL,BE,Kshitij Polyline,4.1400,4.1600,4.0500,4.1100,531006,518,2201690
VSWS,N,20260525,KSL,EQ,Kalyani Steels,830.1500,840.0000,813.0000,829.6000,40821,3420,33725830
VSWS,N,20260525,KSOLVES,EQ,Ksolves India,285.0000,289.3500,283.6500,286.5000,33975,1955,9735554
VSWS,N,20260525,KSR,BE,KSR Footwear,39.1000,39.1000,36.2600,36.3700,13845,92,523079
VSWS,N,20260525,KTKBANK,EQ,Karnataka Bank,264.8000,267.0000,262.2000,264.2500,1643721,17379,433659921
VSWS,N,20260525,KUANTUM,EQ,Kuantum Papers,81.9900,82.5800,78.2500,79.8900,76773,991,6156884
VSWS,N,20260525,KWIL,EQ,Kwality Wall's (Indi,26.7300,27.2400,26.2100,26.3300,7657253,16630,204494431
VSWS,N,20260525,LAGNAM,EQ,Lagnam Spintex,81.2400,81.6800,78.5000,79.7500,6848,272,546694
VSWS,N,20260525,LAHOTIOV,EQ,Lahoti Overseas,44.0000,44.0000,41.2000,43.5900,1079,41,45706
VSWS,N,20260525,LAKPRE,BZ,Lakshmi Precision,6.1900,6.3400,5.8900,6.0400,265,8,1604
VSWS,N,20260525,LAKSHYA,ST,Lakshya Powertech,134.5000,138.6000,133.0500,137.6500,10400,13,1428160
VSWS,N,20260525,LAL,EQ,Lorenzini Apparels,7.2500,7.2500,6.9000,7.1600,63472,135,452822
VSWS,N,20260525,LALPATHLAB,EQ,Dr Lal PathLabs,1640.0000,1651.5000,1588.0000,1614.9000,197958,32156,321601996
VSWS,N,20260525,LAMBODHARA,EQ,Lambodhara Textile,101.6600,104.3000,101.6600,103.1500,1015,67,104799
VSWS,N,20260525,LAMOSAIC,SM,Lamosaic India,25.6500,26.1000,25.2000,25.4500,6000,9,153390
VSWS,N,20260525,LANCORHOL,EQ,Lancor Holdings,24.0000,25.5000,23.2500,24.1500,128382,578,3082247
VSWS,N,20260525,LANDMARK,EQ,Landmark Cars,365.1500,389.9500,365.1500,384.0500,216070,6053,82383269
VSWS,N,20260525,LANDSMILL,EQ,Landsmill Green,0.9200,0.9600,0.9000,0.9100,4420826,1497,4067950
VSWS,N,20260525,LAOPALA,EQ,La Opala RG,172.6900,176.6700,171.0100,174.6400,81418,2314,14193363
VSWS,N,20260525,LASA,EQ,Lasa Supergenerics,7.7300,8.3800,7.7300,8.0600,55587,194,459540
VSWS,N,20260525,LATENTVIEW,EQ,Latent View Analytic,327.2000,331.7500,320.4500,322.0500,521673,15746,169974524
VSWS,N,20260525,LATTEYS,BE,Latteys Industries,23.9000,23.9000,22.7200,23.9000,57932,178,1377602
VSWS,N,20260525,LAURUSLABS,EQ,Laurus Labs,1345.0000,1363.9000,1340.0000,1356.3000,1632496,26114,2204038541
VSWS,N,20260525,LAXMICOT,EQ,Laxmi Cotspin,14.2000,15.4900,14.2000,14.4600,11833,75,174150
VSWS,N,20260525,LAXMIDENTL,EQ,Laxmi Dental,265.2000,275.4900,242.5400,246.8600,5404061,63018,1410177269
VSWS,N,20260525,LAXMIINDIA,BE,Laxmi India Finance,116.6100,118.5800,113.7100,114.6200,105058,417,12208634
VSWS,N,20260525,LCCINFOTEC,BE,LCC Infotech,4.3100,4.5000,4.2900,4.2900,34014,34,146748
VSWS,N,20260525,LEMERITE,EQ,Le Merite Exports,273.0000,285.9000,247.1500,247.1500,1125772,11777,296240594
VSWS,N,20260525,LEMONTREE,EQ,Lemon Tree Hotels,114.5000,118.3100,114.1000,116.7600,3329696,26144,389591212
VSWS,N,20260525,LENSKART,EQ,Lenskart Solutions,514.7000,518.7000,500.3000,503.7500,4317635,68565,2188341809
VSWS,N,20260525,LEXUS,EQ,Lexus Granito (India,18.5100,19.0000,18.5100,18.9100,8260,42,156183
VSWS,N,20260525,LFIC,EQ,Lakshmi Fin & Ind Co,138.9000,139.9900,137.0600,137.1500,1740,59,239159
VSWS,N,20260525,LGBBROSLTD,EQ,LG Balakrishnan,1565.0000,1565.0000,1538.6000,1542.6000,26908,1817,41799802
VSWS,N,20260525,LGEINDIA,EQ,LG Electronics India,1505.0000,1548.9000,1499.4000,1534.4000,679543,47224,1040951415
VSWS,N,20260525,LGHL,EQ,Laxmi Goldorna House,239.8000,239.8000,227.2000,231.7500,16028,482,3733049
VSWS,N,20260525,LIBAS,EQ,Libas Consumer Prod,12.4900,12.5800,11.8700,12.3300,33963,171,416649
VSWS,N,20260525,LIBERTSHOE,EQ,Liberty Shoes,242.0500,254.5000,242.0500,249.7500,20719,888,5166791
VSWS,N,20260525,LICHSGFIN,EQ,LIC Housing Finance,544.0000,546.2500,538.9000,543.4500,1091350,17113,592515186
VSWS,N,20260525,LICI,EQ,Life Insurance Corp,827.8500,846.5000,821.4500,837.3500,4946135,79245,4136144045
VSWS,N,20260525,LICMFGOLD,EQ,LIC MF Gold ETF,141.9000,142.4500,141.2000,141.8500,42770,639,6070856
VSWS,N,20260525,LICNETFGSC,EQ,LIC Nomura MF GS ETF,28.7300,28.9000,28.5700,28.6600,220797,138,6324346
VSWS,N,20260525,LICNETFN50,EQ,LIC Nomura MF ETF Ni,258.0300,268.1500,258.0300,268.1500,269,41,71833
VSWS,N,20260525,LICNETFSEN,EQ,LIC Nomura - Sensex,854.0000,860.6800,853.5500,859.8300,41,8,35109
VSWS,N,20260525,LICNFNHGP,EQ,LIC MF Nifty 100,271.2800,273.6000,268.0000,273.5400,699,38,189455
VSWS,N,20260525,LICNMID100,EQ,LIC MF Nifty Midcap,61.8000,62.4700,61.8000,62.1000,15226,126,942671
VSWS,N,20260525,LIKHITHA,BE,Likhitha Infrastruct,207.9000,211.0000,205.0000,210.1800,23871,306,4983147
VSWS,N,20260525,LINC,EQ,Linc,98.1500,101.8800,98.1500,101.0500,41221,526,4123168
VSWS,N,20260525,LINCOLN,EQ,Lincoln Pharm,736.0000,747.0000,714.1000,719.1500,77560,4506,56619600
VSWS,N,20260525,LINDEINDIA,EQ,Linde India,7428.0000,7428.0000,7239.5000,7255.0000,18858,4436,137372967
VSWS,N,20260525,LIQGRWBEES,EQ,Nippon India Nifty 1,1040.7200,1040.7400,1040.7200,1040.7300,58229,206,60600362
VSWS,N,20260525,LIQUID,EQ,Mirae Asset Nfty 1 D,1000.0000,1000.0000,999.9900,999.9900,101065,130,101064320
VSWS,N,20260525,LIQUID1,EQ,Kotak Nifty 1D Rate,1105.6200,1107.8500,1101.0900,1105.7700,485450,596,536786806
VSWS,N,20260525,LIQUIDADD,EQ,DSP BSE Liquid Rate,1127.9400,1127.9700,1127.9400,1127.9600,303825,591,342702327
VSWS,N,20260525,LIQUIDBEES,EQ,Nippon INft 1D RLBeE,1000.0000,1000.0100,999.9900,999.9900,3414550,4696,3414535114
VSWS,N,20260525,LIQUIDBETF,EQ,Bajaj F Nfty 1D RL,1082.9300,1082.9500,1082.9300,1082.9400,135753,138,147013486
VSWS,N,20260525,LIQUIDCASE,EQ,Zerodha Nifty 1D Rat,114.2300,114.2300,114.2100,114.2200,20640370,11159,2357518648
VSWS,N,20260525,LIQUIDETF,EQ,DSP Nifty 1D Rate Li,999.9900,1000.0100,999.9900,1000.0000,61838,153,61837931
VSWS,N,20260525,LIQUIDIETF,EQ,ICICI Pru BSE L Rate,1000.0000,1000.0100,999.9900,999.9900,668911,276,668910522
VSWS,N,20260525,LIQUIDPLUS,EQ,Mirae A Nfty 1D R L,1086.0000,1086.8000,1086.0000,1086.7800,214685,369,233314705
VSWS,N,20260525,LIQUIDSBI,EQ,SBI Nifty 1D Rate ET,999.9900,1000.0100,999.9900,999.9900,9392,55,9391998
VSWS,N,20260525,LIQUIDSHRI,EQ,Shriram Nifty 1D Rat,1105.7200,1105.7400,1105.7200,1105.7200,10640,27,11764861
VSWS,N,20260525,LLOYDSENGG,EQ,Lloyds Engineering W,70.0000,75.9500,70.0000,74.6300,23832822,80555,1762449630
VSWS,N,20260525,LLOYDSENT,EQ,Lloyds Enterprises,68.0000,72.2400,68.0000,71.3200,4796978,21247,338630591
VSWS,N,20260525,LLOYDSME,EQ,Lloyds Metals & Ener,1750.5000,1808.4000,1747.6000,1801.4000,943695,34455,1691821733
VSWS,N,20260525,LMW,EQ,LMW,14240.0000,14990.0000,14240.0000,14880.0000,5245,2166,77326330
VSWS,N,20260525,LODHA,EQ,Lodha Developers,903.8500,909.8500,897.0500,906.8500,1152800,22513,1041607266
VSWS,N,20260525,LOKESHMACH,BE,Lokesh Machines,262.5400,268.0000,253.3000,260.0800,10625,190,2749110
VSWS,N,20260525,LORDSCHLO,EQ,Lords Chloro Alkali,138.7900,142.7900,134.2100,136.0600,20792,816,2857097
VSWS,N,20260525,LOTUSDEV,EQ,Sri Lotus Developers,141.8000,142.8900,139.1200,141.1800,353139,3648,49861607
VSWS,N,20260525,LOTUSEYE,EQ,Lotus Eye Hosp & Ins,111.8000,112.0000,108.2000,109.0500,6664,141,729524
VSWS,N,20260525,LOVABLE,EQ,Lovable Lingerie,71.2000,73.5000,70.8900,72.3900,7880,163,568197
VSWS,N,20260525,LOWVOL,EQ,Mirae Asset Nft100 L,202.3500,203.3000,202.3500,203.3000,187,9,37912
VSWS,N,20260525,LOWVOL1,EQ,Kotak Nifty 100 Low,20.2500,21.0000,20.2500,20.8300,745373,345,15469392
VSWS,N,20260525,LOWVOLIETF,EQ,ICICIPru Nfty100LowV,21.8600,21.8600,21.5400,21.7400,854549,1248,18590183
VSWS,N,20260525,LOYALTEX,BE,Loyal Textiles,223.9800,223.9800,220.6000,221.0000,343,10,75809
VSWS,N,20260525,LPDC,EQ,Landmark Property De,6.9000,6.9700,6.6700,6.8500,36967,172,253332
VSWS,N,20260525,LRRPL,SM,Lead Reclaim & Rubbe,93.5000,93.5000,90.0500,90.0500,4500,3,410400
VSWS,N,20260525,LT,EQ,Larsen & Toubro,3970.0000,4038.4000,3961.5000,4033.4000,2099927,120589,8439541398
VSWS,N,20260525,LTF,EQ,L&T Finance,272.5000,280.8000,272.5000,279.3500,4498651,37794,1252265229
VSWS,N,20260525,LTFOODS,EQ,LT Foods,399.0000,407.6500,399.0000,405.3500,197627,9396,79993704
VSWS,N,20260525,LTGILTBEES,EQ,Nippon INft 8-13 YGS,29.1200,29.3100,29.1200,29.1900,1860329,928,54313452
VSWS,N,20260525,LTGILTCASE,EQ,Zerodha Nfty 8-13 Yr,29.8500,29.8500,29.5700,29.7400,37241,209,1107639
VSWS,N,20260525,LTM,EQ,LTM,4000.0000,4008.9000,3901.0000,3991.6000,541005,38992,2141849058
VSWS,N,20260525,LTTS,EQ,L&T Technology Servi,3436.4000,3582.4000,3435.0000,3546.2000,113653,21138,402136916
VSWS,N,20260525,LUMAXIND,EQ,Lumax Industries,5644.0000,5799.0000,5576.0000,5786.5000,27769,5919,158003291
VSWS,N,20260525,LUMAXTECH,EQ,Lumax Auto Technolog,1624.9000,1655.7000,1588.0000,1591.0000,181101,18351,292347172
VSWS,N,20260525,LUPIN,EQ,Lupin,2294.0000,2294.0000,2269.8000,2287.2000,773725,33419,1765830346
VSWS,N,20260525,LUXIND,EQ,Lux Industries,1330.0000,1379.0000,1322.1000,1364.4000,46988,3686,64093926
VSWS,N,20260525,LXCHEM,EQ,Laxmi Organic Indust,153.7000,157.4800,153.2000,154.4000,621491,7233,96526621
VSWS,N,20260525,LYKALABS,EQ,Lyka Labs,62.2700,64.0000,61.2000,61.7200,20509,327,1285803
VSWS,N,20260525,LYPSAGEMS,EQ,Lypsa Gems & Jewelle,5.0700,5.0700,4.9200,5.0400,13462,243,67541
VSWS,N,20260525,M&M,EQ,Mahindra & Mahindra,3134.7000,3173.7000,3111.4000,3139.0000,2423710,126514,7621570568
VSWS,N,20260525,M&MFIN,EQ,Mahindra & Mah Fin S,304.0500,313.6000,302.0000,308.5500,2930179,46267,906823327
VSWS,N,20260525,MAANALU,EQ,Maan Aluminium,146.0000,146.9400,142.0000,142.6900,55845,1094,8040649
VSWS,N,20260525,MACOBSTECH,SM,Macobs Technologies,235.4000,246.0000,228.0000,234.5000,37600,11,9132720
VSWS,N,20260525,MACPOWER,EQ,Macpower CNC Machine,1163.4000,1235.0000,1136.6000,1184.2000,37222,3917,44432969
VSWS,N,20260525,MADHAV,EQ,Madhav Granite,35.7800,37.7400,35.7800,36.6800,4602,55,169510
VSWS,N,20260525,MADHAVBAUG,SM,Vaidya Sane Ayurved,196.4000,197.0000,191.0000,192.0500,22400,35,4340680
VSWS,N,20260525,MADHAVIPL,EQ,Madhav Infra Project,8.3800,8.6500,8.3100,8.3400,96823,487,815325
VSWS,N,20260525,MADHUCON,EQ,Madhucon Projects,5.6400,5.6400,5.2500,5.3800,41196,166,225807
VSWS,N,20260525,MADHUSUDAN,SM,Madhusudan Masala,171.8500,171.8500,165.0000,167.0000,8000,7,1337700
VSWS,N,20260525,MADRASFERT,EQ,Madras Fertilizers,68.9000,69.4000,68.5100,68.8400,51234,646,3528492
VSWS,N,20260525,MAFANG,EQ,Mirae Asset NYSE FAN,196.4800,196.4800,195.5600,196.4800,215132,3163,42267989
VSWS,N,20260525,MAFATIND,EQ,Mafatlal Industries,127.1600,130.0000,125.8700,127.9600,32433,701,4153144
VSWS,N,20260525,MAGADSUGAR,EQ,Magadh Sugar & Energ,490.0000,490.0000,470.2500,473.2000,6846,535,3251943
VSWS,N,20260525,MAGNUM,EQ,Magnum Ventures,19.8100,20.5900,19.7300,20.3400,30513,164,613296
VSWS,N,20260525,MAGSON,ST,Magson Retail & Dist,190.0000,190.0000,185.0000,185.0000,8000,7,1497000
VSWS,N,20260525,MAHABANK,EQ,Bank of Maharashtra,81.0000,82.2000,80.7100,81.1700,11362497,40883,921932349
VSWS,N,20260525,MAHAPEXLTD,EQ,Maha Rashtra Apex,49.4000,52.0000,49.4000,50.9800,30847,358,1564380
VSWS,N,20260525,MAHASTEEL,BE,Mahamaya Steel Ind,843.5000,884.5000,821.1000,872.6000,2979,116,2561395
VSWS,N,20260525,MAHEPC,EQ,Mahindra EPC Irrigat,119.8600,119.8600,118.0000,119.2700,14210,304,1691414
VSWS,N,20260525,MAHESHWARI,EQ,Maheshwari Logistics,55.5900,56.0000,54.0000,54.4900,12799,190,699072
VSWS,N,20260525,MAHICKRA,ST,Mahickra Chemicals,234.9000,234.9000,234.9000,234.9000,750,1,176175
VSWS,N,20260525,MAHKTECH,EQ,Mirae Asset HS TECH,23.5400,23.5400,23.5400,23.5400,426002,382,10028087
VSWS,N,20260525,MAHLIFE,EQ,Mahindra Lifespace,340.0000,345.9000,334.5000,336.3000,160208,9334,54216269
VSWS,N,20260525,MAHLOG,EQ,Mahindra Logistics,357.5000,361.1500,353.2500,356.8000,78851,2054,28123164
VSWS,N,20260525,MAHSCOOTER,EQ,Maharashtra Scooters,11662.0000,12697.0000,11627.0000,12465.0000,10623,2758,129227553
VSWS,N,20260525,MAHSEAMLES,EQ,Maharashtra Seamless,617.0000,630.0000,600.5000,626.0500,332711,22647,205761429
VSWS,N,20260525,MAITHANALL,EQ,Maithan Alloys,948.9000,960.0000,940.0000,942.1500,30098,1823,28477910
VSWS,N,20260525,MAITREYA,SM,Maitreya Medicare,160.0000,171.5500,158.0500,165.0000,3200,8,522740
VSWS,N,20260525,MAJESAUT,EQ,Majestic Auto,328.0500,343.0000,328.0500,338.0000,15808,617,5351678
VSWS,N,20260525,MAKEINDIA,EQ,Mirae Asset Nifty (I,157.1700,162.0600,157.1700,161.6400,33665,516,5437788
VSWS,N,20260525,MAL,SM,Mangalam Alloys,37.0500,37.0500,37.0500,37.0500,1600,1,59280
VSWS,N,20260525,MALLCOM,EQ,Mallcom (India),1012.2000,1047.9000,1012.2000,1027.2000,3242,275,3320343
VSWS,N,20260525,MALUPAPER,EQ,Malu Paper Mills,32.8000,32.8000,32.2100,32.7800,3047,26,99353
VSWS,N,20260525,MAMATA,EQ,Mamata Machinery,410.0000,428.9500,402.1500,416.2500,229048,6845,96669825
VSWS,N,20260525,MANAKALUCO,EQ,Manaksia Aluminium C,33.7500,36.4400,33.7500,35.1000,102121,856,3596177
VSWS,N,20260525,MANAKCOAT,EQ,Manaksia Coated Meta,101.9900,108.3000,101.6800,107.2800,274244,3651,29104984
VSWS,N,20260525,MANAKSIA,EQ,Manaksia,67.0000,67.0000,61.2000,62.2100,115302,1103,7284430
VSWS,N,20260525,MANAKSTEEL,BE,Manaksia Steels,68.9200,68.9200,68.9200,68.9200,9917,38,683480
VSWS,N,20260525,MANALIPETC,EQ,Manali Petrochemical,63.1000,63.8000,59.8300,60.4700,1443716,10293,88123743
VSWS,N,20260525,MANAPPURAM,EQ,Manappuram Finance,327.0000,334.0000,325.0000,325.6500,3098869,26175,1019159064
VSWS,N,20260525,MANAV,ST,Manav Infra Projects,43.0000,47.0000,42.8000,42.8000,20000,5,903200
VSWS,N,20260525,MANBA,EQ,Manba Finance,106.7800,108.6900,106.5000,107.6300,43128,526,4642317
VSWS,N,20260525,MANCREDIT,EQ,Mangal Credit & Fin,168.0100,170.0000,166.6000,168.5600,160699,863,27126806
VSWS,N,20260525,MANDEEP,SM,Mandeep Auto Industr,20.4500,20.4500,20.4500,20.4500,6000,3,122700
VSWS,N,20260525,MANGALAM,BE,Mangalam Drugs & Org,30.5900,30.5900,29.0100,29.1400,21894,141,646302
VSWS,N,20260525,MANGLMCEM,EQ,Mangalam Cement,844.9000,851.0000,828.5000,842.9000,159034,3729,133488586
VSWS,N,20260525,MANILAM,SM,Manilam Industries I,60.3000,60.5000,60.3000,60.5000,4000,2,241600
VSWS,N,20260525,MANINDS,EQ,Man Industries (I),583.0000,583.0000,551.0000,560.1000,938410,17111,530789820
VSWS,N,20260525,MANINFRA,EQ,Man Infraconstructio,118.9900,119.6000,114.2400,115.0000,2065353,8622,240184747
VSWS,N,20260525,MANKIND,EQ,Mankind Pharma,2508.6000,2510.0000,2439.7000,2457.5000,645837,27751,1590316954
VSWS,N,20260525,MANOMAY,EQ,Manomay Tex India,189.0000,189.0000,182.0000,182.1200,17363,283,3164725
VSWS,N,20260525,MANORAMA,EQ,Manorama Industries,1396.5000,1415.3000,1373.0000,1407.6000,174012,15796,242797619
VSWS,N,20260525,MANORG,BE,Mangalam Organics,582.7000,592.0000,565.0000,574.1500,4411,82,2522597
VSWS,N,20260525,MANUFGBEES,EQ,Nippon India Nifty I,158.3400,160.2500,158.3400,159.7900,5769,89,920188
VSWS,N,20260525,MANUGRAPH,EQ,Manugraph India,15.5000,16.3800,15.1000,15.6800,12656,204,198942
VSWS,N,20260525,MANYAVAR,EQ,Vedant Fashions,415.4000,423.0000,415.4000,419.1500,111497,7832,46788819
VSWS,N,20260525,MAPMYINDIA,EQ,C E Info Systems,872.0000,883.0000,862.0000,865.9500,193921,12178,168836013
VSWS,N,20260525,MARALOVER,BE,Maral Overseas,59.8800,60.5000,56.0500,56.1400,11065,114,647811
VSWS,N,20260525,MARATHON,EQ,Marathon Nextgen Rea,482.0000,492.0000,480.0000,484.5000,50545,1114,24492986
VSWS,N,20260525,MARC,ST,Marc Technocrats,89.0500,89.0500,88.2000,89.0000,7200,6,638820
VSWS,N,20260525,MARCO,SM,Marco Cables & Condu,35.2500,36.9500,35.2500,36.9000,9000,3,322275
VSWS,N,20260525,MARICO,EQ,Marico,832.0000,834.0000,812.0000,823.3500,1118732,20603,916996817
VSWS,N,20260525,MARINE,EQ,Marine Electricals (,238.2000,242.7600,235.0100,238.0200,598944,9573,142963300
VSWS,N,20260525,MARKOLINES,EQ,Markolines Pavement,165.8500,169.0000,164.5400,166.0100,327024,2857,54612876
VSWS,N,20260525,MARKSANS,EQ,Marksans Pharma,214.0000,221.3500,213.9700,220.2600,1813420,27458,395500424
VSWS,N,20260525,MARSONS,EQ,Marsons,157.5200,157.9900,151.0000,151.5700,1146724,11020,176927789
VSWS,N,20260525,MARUSHIKA,SM,Marushika Technology,88.0000,88.0000,87.0000,88.0000,4800,4,420060
VSWS,N,20260525,MARUTI,EQ,Maruti Suzuki India,13145.0000,13236.0000,13101.0000,13170.0000,276553,45284,3640375858
VSWS,N,20260525,MASFIN,EQ,MAS Financial Servic,308.0000,314.0000,303.5500,305.2500,178895,6000,54995958
VSWS,N,20260525,MASKINVEST,BE,Mask Investments,149.0000,149.0000,146.0300,149.0000,143,12,21218
VSWS,N,20260525,MASON,SM,Mason Infratech,131.9500,131.9500,125.5000,126.1000,4000,8,511175
VSWS,N,20260525,MASPTOP50,EQ,Mirae Asset S&P 500,82.2300,82.2300,82.2300,82.2300,89482,445,7358105
VSWS,N,20260525,MASTEK,EQ,Mastek,1635.5000,1674.8000,1632.6000,1670.0000,32755,5854,54340706
VSWS,N,20260525,MASTERTR,EQ,Master Trust,90.5000,91.3900,88.7800,89.1100,159585,874,14440003
VSWS,N,20260525,MATRIMONY,EQ,Matrimony.com,418.0000,424.3500,414.1000,417.2000,51214,773,21495082
VSWS,N,20260525,MAWANASUG,BE,Mawana Sugars,102.1000,103.7000,98.9500,100.5000,80034,543,8041061
VSWS,N,20260525,MAXESTATES,EQ,Max Estates,420.0000,447.0000,416.8000,437.9500,127008,5814,55364096
VSWS,N,20260525,MAXHEALTH,EQ,Max Healthcare Insti,1020.0500,1029.4500,994.0000,1000.8500,3847234,95657,3860960611
VSWS,N,20260525,MAXIND,EQ,Max India,158.0000,160.0000,152.1000,155.3200,33023,1488,5099855
VSWS,N,20260525,MAXPOSURE,SM,Maxposure,40.5000,40.5000,40.5000,40.5000,2000,2,81000
VSWS,N,20260525,MAXVOLT,ST,Maxvolt Energy Indus,440.0000,446.0000,420.0000,423.6000,58000,84,25105960
VSWS,N,20260525,MAYASHEEL,SM,Mayasheel Ventures,52.2000,61.0000,52.2000,58.0000,171000,17,10160550
VSWS,N,20260525,MAYURUNIQ,EQ,Mayur Uniquoters,727.8500,766.0000,705.8500,747.8000,709695,25466,525408856
VSWS,N,20260525,MAZDA,EQ,Mazda,198.3000,216.0000,195.1600,211.1600,80770,2614,16921362
VSWS,N,20260525,MAZDOCK,EQ,Mazagon Dock Shipbui,2491.0000,2503.9000,2460.7000,2470.2000,810730,31739,2014251719
VSWS,N,20260525,MBAPL,EQ,Madhya Bharat Agro P,531.0500,550.7500,531.0500,544.5000,164622,3845,89642051
VSWS,N,20260525,MBEL,EQ,M & B Engineering,299.0000,316.0000,293.0000,310.7000,190518,6880,58477910
VSWS,N,20260525,MBLINFRA,EQ,MBL Infrastructure,24.6600,26.3000,24.6600,26.2800,67391,213,1762072
VSWS,N,20260525,MCCHRLS-B,EQ,Mac Charles,702.1000,702.1000,647.8000,676.7500,108,32,72416
VSWS,N,20260525,MCL,BE,M Tek Copper,61.5900,62.4800,60.1100,60.5800,46336,594,2828736
VSWS,N,20260525,MCLEODRUSS,BE,Mcleod Russel India,73.9100,73.9100,73.9100,73.9100,270576,321,19998272
VSWS,N,20260525,MCLOUD,EQ,Magellanic Cloud,26.5000,28.5000,26.1000,26.9700,5884076,18034,161581703
VSWS,N,20260525,MCON,SM,Mcon Rasayan India,41.2000,41.9000,40.5500,41.0000,38000,24,1559600
VSWS,N,20260525,MCX,EQ,Multi Commodity Exch,3300.0000,3345.0000,3240.0000,3313.9000,2400665,121468,7930713612
VSWS,N,20260525,MEDANTA,EQ,Global Health,1254.7000,1266.5000,1236.6000,1249.3000,128101,7590,160102912
VSWS,N,20260525,MEDIASSIST,EQ,Medi Assist Healthca,374.0000,379.8000,362.1000,365.1500,311328,8287,114855143
VSWS,N,20260525,MEDICAMEQ,EQ,Medicamen Biotech,269.5500,277.5000,265.4000,270.6500,11753,471,3185526
VSWS,N,20260525,MEDICO,EQ,Medico Remedies,48.0000,49.8000,46.8500,49.2400,691160,2105,33466682
VSWS,N,20260525,MEDIORG,SM,Medicamen Organics,24.4500,24.9000,24.0000,24.2000,14000,7,342400
VSWS,N,20260525,MEDISTEP,SM,Medistep Healthcare,19.2500,19.6500,17.3500,19.6500,12000,4,225750
VSWS,N,20260525,MEDPLUS,EQ,Medplus Health Servi,900.0000,908.0000,876.4500,896.9500,251984,19210,225915453
VSWS,N,20260525,MEESHO,EQ,Meesho,199.9500,201.8000,195.0000,196.3200,10708749,119399,2120896021
VSWS,N,20260525,MEGAFLEX,SM,Mega Flex Plastics,133.6000,133.6000,133.6000,133.6000,1000,1,133600
VSWS,N,20260525,MEGASTAR,EQ,Megastar Foods,316.0000,316.0000,284.0500,290.2500,143331,2203,43146601
VSWS,N,20260525,MEGATHERM,SM,Megatherm Induction,230.8500,235.0000,220.0000,223.6500,22000,48,4991340
VSWS,N,20260525,MEIL,BE,Mangal Electrical In,315.9000,330.0000,311.0000,323.3000,18426,480,5921556
VSWS,N,20260525,MENNPIS,EQ,Menon Pistons,60.7000,61.4900,59.0000,59.8200,6190,136,369751
VSWS,N,20260525,MENONBE,EQ,Menon Bearings,151.0000,155.7800,149.0000,149.7200,126251,2270,19081432
VSWS,N,20260525,MEP,BZ,MEP Infra Developers,0.9500,0.9500,0.9500,0.9500,27781,44,26392
VSWS,N,20260525,MERCANTILE,EQ,Mercantile Ventures,27.3900,28.9500,25.5500,26.8400,31748,353,858258
VSWS,N,20260525,METAL,EQ,Mirae Asset Nifty Me,13.7000,13.7000,13.0200,13.4400,3600149,7382,48240460
VSWS,N,20260525,METALIETF,EQ,ICICI Pru Nifty Meta,13.3300,13.4900,13.3100,13.3900,5974857,13125,79959487
VSWS,N,20260525,METROBRAND,EQ,Metro Brands,1073.0000,1098.5000,1061.0000,1074.0000,26199,3687,28149810
VSWS,N,20260525,METROGLOBL,EQ,Metroglobal,131.8000,131.8000,125.0100,127.7500,77,4,9707
VSWS,N,20260525,METROPOLIS,EQ,Metropolis Healthcar,527.0000,527.0000,513.1500,524.5000,123213,9724,64117785
VSWS,N,20260525,MFML,EQ,Mahalaxmi Fabric Mil,24.8600,25.2900,23.9000,24.0000,2567,50,61863
VSWS,N,20260525,MFSL,EQ,Max Financial Servic,1700.0000,1735.4000,1671.3000,1726.8000,509868,35295,867435718
VSWS,N,20260525,MGEL,EQ,Mangalam Global Ente,13.2900,13.2900,12.8200,13.2100,163980,871,2150028
VSWS,N,20260525,MGL,EQ,Mahanagar Gas,1057.5000,1084.5000,1057.5000,1074.9000,182335,16266,195966583
VSWS,N,20260525,MGSL,SM,Matrix Geo Solutions,77.9500,81.2500,77.9500,78.0000,7200,6,568920
VSWS,N,20260525,MHLXMIRU,EQ,Mahalaxmi Rubtech,173.6000,178.9000,173.6000,177.7000,2320,53,409815
VSWS,N,20260525,MHRIL,EQ,Mahindra Holidays &,221.8000,225.5500,219.6000,221.9300,234260,7490,52240761
VSWS,N,20260525,MICEL,EQ,MIC Electronics,44.3200,44.5000,43.6600,43.8500,648359,2792,28538830
VSWS,N,20260525,MICROPRO,SM,Micropro Software So,19.2000,19.2000,19.2000,19.2000,1600,1,30720
VSWS,N,20260525,MID150,EQ,Kotak Nif Mcap 150,22.9800,23.1000,22.9400,23.0100,29429,309,677152
VSWS,N,20260525,MID150BEES,EQ,Nippon India ETF Nif,237.9900,237.9900,233.4000,233.9500,891336,9403,208803362
VSWS,N,20260525,MID150CASE,EQ,Zerodha Nifty Midcap,11.3700,11.5600,11.3100,11.3700,1359502,5056,15463048
VSWS,N,20260525,MIDCAP,EQ,Kotak Nfty Mcap 50 E,17.9200,18.2000,17.9200,18.0200,494963,939,8913874
VSWS,N,20260525,MIDCAPADD,EQ,Dsp Nifty Midcap 150,22.6500,22.7700,22.6200,22.6500,1803,33,40843
VSWS,N,20260525,MIDCAPBETA,EQ,UTI Nifty MIDCAP 150,229.1600,229.1600,227.9100,228.9000,1420,41,324215
VSWS,N,20260525,MIDCAPETF,EQ,Mirae Asset Nifty MC,23.4400,23.4400,23.0800,23.1800,2372056,8263,54939743
VSWS,N,20260525,MIDCAPIETF,EQ,ICICI Pru Nifty Midc,23.7600,23.7600,23.3400,23.4800,1401553,3369,32896489
VSWS,N,20260525,MIDHANI,EQ,Mishra Dhatu Nigam,419.0000,428.0000,411.4500,416.6000,1147130,26286,483249901
VSWS,N,20260525,MIDQ50ADD,EQ,DSP Nifty Midc150 Ql,244.0000,246.3100,244.0000,244.7600,13941,260,3418018
VSWS,N,20260525,MIDSELIETF,EQ,ICICI Pru BSE MCap S,18.8500,18.8500,18.4300,18.5000,340752,937,6313694
VSWS,N,20260525,MIDSMALL,EQ,M A Nfty MidSCap400,50.9900,51.2500,50.9600,51.1800,973699,3829,49768978
VSWS,N,20260525,MIDWESTLTD,EQ,Midwest,1345.0000,1349.0000,1252.4000,1256.8000,82224,3967,105365197
VSWS,N,20260525,MIEL,SM,Manglam Infra & Engi,16.8000,16.8000,16.8000,16.8000,2000,1,33600
VSWS,N,20260525,MILTON,SM,Milton Industries,40.7000,40.7000,40.7000,40.7000,2200,1,89540
VSWS,N,20260525,MINDACORP,EQ,Minda Corporation,585.0000,603.7500,577.0000,585.3500,2597068,61674,1535027135
VSWS,N,20260525,MINDTECK,EQ,Mindteck (India),200.9000,209.8000,200.8900,204.7200,98346,1847,20273442
VSWS,N,20260525,MIRCELECTR,BE,Onida Electronics,39.5000,41.3200,39.5000,41.3200,843345,1611,34365638
VSWS,N,20260525,MIRZAINT,EQ,Mirza International,30.3800,31.8000,30.1300,31.0300,62741,522,1930686
VSWS,N,20260525,MITCON,EQ,MITCON Consultancy &,77.6200,79.3900,77.0100,77.9200,3184,52,249191
VSWS,N,20260525,MITTAL,EQ,Mittal Life Style,1.1800,1.2100,1.1100,1.1300,4216612,1302,4865945
VSWS,N,20260525,MKPL,EQ,M K Proteins,5.1300,5.1500,5.0000,5.0700,144061,427,730044
VSWS,N,20260525,MMEL,ST,Moving Media Enterta,33.1000,33.1000,33.1000,33.1000,2000,1,66200
VSWS,N,20260525,MMFL,EQ,M M Forgings,459.9500,467.0000,454.3500,463.3000,75177,5666,34656691
VSWS,N,20260525,MMP,EQ,MMP Industries,297.0000,297.0000,273.5100,289.4300,141881,3312,40150117
VSWS,N,20260525,MMTC,EQ,M M T C,64.7800,65.6700,64.5700,64.8600,1797317,7833,116894853
VSWS,N,20260525,MMWL,BE,Media Matrix,13.3500,14.1600,13.1100,13.6700,54946,137,729302
VSWS,N,20260525,MNC,EQ,Kotak Nifty MNC ETF,32.9900,33.2000,32.7600,32.9400,75751,457,2495189
VSWS,N,20260525,MOALPHA50,EQ,MOswal Nifty Alpha 5,52.7000,52.7700,52.1900,52.5600,18297,40,960041
VSWS,N,20260525,MOBANK10,EQ,Motilal Oswal BSE To,16.4800,16.4800,16.3100,16.4600,18447,66,301702
VSWS,N,20260525,MOBIKWIK,EQ,One Mobikwik Systems,194.7500,196.5100,190.2000,191.1600,1538503,11424,296847504
VSWS,N,20260525,MOBILISE,ST,Mobilise App Lab,107.7000,112.0000,107.7000,112.0000,8000,4,884320
VSWS,N,20260525,MOCAPITAL,EQ,Motilal Oswa Nifty C,56.6700,56.9800,56.0500,56.7300,1067964,3406,60512265
VSWS,N,20260525,MODEFENCE,EQ,M Oswal Nifty I Defe,102.3000,102.3000,100.1000,101.2600,1601035,9724,161833948
VSWS,N,20260525,MODINATUR,EQ,Modi Naturals,455.6000,472.9000,443.0500,460.4000,29351,2934,13482575
VSWS,N,20260525,MODIRUBBER,EQ,Modi Rubber,133.0000,134.0000,128.1000,133.1500,4857,102,639637
VSWS,N,20260525,MODIS,EQ,Modis Navnirman,350.0000,352.2500,343.0500,345.0000,5232,265,1814123
VSWS,N,20260525,MODISONLTD,EQ,Modison,209.2800,209.2800,209.2800,209.2800,334597,1134,70024460
VSWS,N,20260525,MODTHREAD,EQ,Modern Thread,44.9200,46.4000,43.3300,43.7300,384,24,17079
VSWS,N,20260525,MOENERGY,EQ,MOswal Nifty Energy,40.6500,41.0200,40.1800,40.7300,334683,1208,13603499
VSWS,N,20260525,MOGOLD,EQ,MOswal Gold ETF,155.7500,156.5500,155.5500,156.1500,56032,625,8744287
VSWS,N,20260525,MOGSEC,EQ,M Oswal Nifty 5 Yr B,63.2000,63.6900,63.0700,63.4700,141445,50,8963508
VSWS,N,20260525,MOHEALTH,EQ,M Oswal BSE Health,49.0700,49.0700,47.5400,48.2700,79105,709,3811938
VSWS,N,20260525,MOHITIND,EQ,Mohit Industries,23.7200,23.7200,22.6200,22.8900,1358,16,30918
VSWS,N,20260525,MOIL,EQ,MOIL,305.0000,310.4500,301.7000,302.7500,546100,12913,166573083
VSWS,N,20260525,MOINFRA,EQ,Motilal Oswal BSE In,64.0300,64.0300,62.6500,63.4900,2249,52,142366
VSWS,N,20260525,MOIPO,EQ,MOswal BSE Select IP,43.5500,43.6300,43.4200,43.4300,1847,15,80443
VSWS,N,20260525,MOKSH,EQ,Moksh Ornaments,11.9000,12.2400,11.9000,11.9400,82059,444,990404
VSWS,N,20260525,MOL,EQ,Meghmani Organics,51.0000,51.7500,50.5000,51.0800,612614,3483,31393900
VSWS,N,20260525,MOLDTECH,EQ,Mold Tek Techno,123.3300,124.0000,119.4000,120.0100,55568,1018,6695621
VSWS,N,20260525,MOLDTKPAC,EQ,Mold-Tek Packaging,681.0000,718.7000,681.0000,703.7500,177897,8876,125921339
VSWS,N,20260525,MOLOWVOL,EQ,M Oswal BSE Low Vol,36.8000,36.8000,36.5900,36.7400,1176,50,43117
VSWS,N,20260525,MOM100,EQ,M Oswal Nifty Midcap,66.6900,67.4100,66.2500,66.6800,403529,3050,26891427
VSWS,N,20260525,MOM30IETF,EQ,ICICI Pru Nifty 200,31.0300,31.5000,31.0300,31.2900,698896,1968,21849388
VSWS,N,20260525,MOM50,EQ,Motilal Oswal Nfty,249.0800,250.4900,248.7000,249.6900,7382,162,1844397
VSWS,N,20260525,MOMENTUM,EQ,AB SL Nfty 200 Momen,30.7900,31.1900,30.7900,31.1300,148971,319,4629031
VSWS,N,20260525,MOMENTUM30,EQ,Kotak Nifty 200 Mome,30.6700,31.1100,30.5800,30.8600,273030,128,8409046
VSWS,N,20260525,MOMENTUM50,EQ,M Oswal Nifty 500 M,52.9500,53.3600,52.4900,53.0800,535754,2009,28395556
VSWS,N,20260525,MOMGF,EQ,M Oswal Nifty India,158.4500,158.7800,158.0000,158.7800,284,12,45012
VSWS,N,20260525,MOMIDMTM,EQ,MOswal Nifty Midcap1,64.8500,64.9900,63.1400,64.5000,73884,309,4747821
VSWS,N,20260525,MOMNC,EQ,MOswal Nifty MNC ETF,32.0000,32.0300,31.8100,31.9600,1171,12,37409
VSWS,N,20260525,MOMOMENTUM,EQ,MO Nifty 200 Momentu,62.9700,62.9700,62.0000,62.4200,137189,641,8542333
VSWS,N,20260525,MON100,EQ,Motilal Oswal NASDAQ,330.7000,330.7000,330.7000,330.7000,161912,1525,53544298
VSWS,N,20260525,MON50EQUAL,EQ,M Oswal Nfty 50 Equa,33.1200,33.1700,32.9300,33.1300,11511,51,381182
VSWS,N,20260525,MONARCH,EQ,Monarch Networth Cap,336.0000,336.0000,323.4000,326.9500,224605,3927,73820611
VSWS,N,20260525,MONEXT50,EQ,M Oswal Nfty Next 50,70.3000,70.8600,68.0800,70.6000,12198,87,854925
VSWS,N,20260525,MONEYBOXX,EQ,Moneyboxx Finance,72.6400,74.8800,72.6400,72.8800,4976,263,364119
VSWS,N,20260525,MONIFTY100,EQ,MOswal Nifty 100 ETF,24.8800,25.2000,24.8800,25.0200,9001,81,225002
VSWS,N,20260525,MONIFTY500,EQ,Motilal Oswal Nifty,23.6100,23.6100,23.2400,23.3700,283813,1973,6630714
VSWS,N,20260525,MONOLITH,SM,Monolithisch India,540.0000,570.0000,539.0000,563.8000,37750,126,21134538
VSWS,N,20260525,MONOPHARMA,SM,Mono Pharmacare,12.0500,12.0500,12.0500,12.0500,8000,4,96400
VSWS,N,20260525,MONQ50,EQ,Motilal Oswal NasQ50,137.0700,137.0700,137.0700,137.0700,33723,188,4622412
VSWS,N,20260525,MONTECARLO,EQ,Monte Carlo Fashions,562.0000,565.9500,540.0000,548.7500,53567,2492,29759648
VSWS,N,20260525,MOPSE,EQ,MOswal NIFTY PSE ETF,105.5600,108.2000,102.5000,106.1600,4244,38,446867
VSWS,N,20260525,MOQUALITY,EQ,Motilal Oswal BSE Qu,203.1700,203.1900,201.7400,202.2500,3097,30,625364
VSWS,N,20260525,MORARJEE,BZ,Morarjee Textiles,9.3000,9.3000,9.0300,9.0300,2770,7,25031
VSWS,N,20260525,MOREALTY,EQ,MO Nifty Realty ETF,78.0200,78.7200,78.0000,78.4800,325603,1706,25511856
VSWS,N,20260525,MOREPENLAB,EQ,Morepen Laboratories,43.4500,44.0400,43.0000,43.7200,2282310,7242,99408273
VSWS,N,20260525,MOS,SM,Mos Utility,13.7000,13.8500,13.1000,13.8500,360000,67,4902800
VSWS,N,20260525,MOSCHIP,EQ,Moschip Technologies,203.9000,211.5300,202.3000,206.3400,2658265,23838,551879535
VSWS,N,20260525,MOSERVICE,EQ,MOswal Nifty Service,30.3600,30.4900,30.2100,30.3600,6821,33,206900
VSWS,N,20260525,MOSILVER,EQ,MOswal Silver ETF,260.0100,264.9100,260.0100,263.8900,22766,1296,6002747
VSWS,N,20260525,MOSMALL250,EQ,MO Nfty Scap 250 ETF,17.0100,17.0900,16.9000,17.0600,1591322,2772,27114241
VSWS,N,20260525,MOTHERSON,EQ,Samvardhana Motherso,137.5000,138.7500,135.1100,135.9100,15957403,80363,2177550361
VSWS,N,20260525,MOTILALOFS,EQ,Motilal Oswal Financ,857.9500,873.6000,851.0000,870.3000,768532,24013,665027550
VSWS,N,20260525,MOTISONS,EQ,Motisons Jewellers,11.9100,11.9800,11.6500,11.7000,2507000,3806,29455735
VSWS,N,20260525,MOTOGENFIN,EQ,Motor & General Fin,27.8500,29.9800,27.1000,28.1100,107575,620,3081719
VSWS,N,20260525,MOTOUR,EQ,MOswal Nifty India T,72.5400,73.3900,72.5400,73.3100,18005,183,1318304
VSWS,N,20260525,MOVALUE,EQ,M Oswal BSE Enhanced,117.5100,118.5100,117.0200,118.4800,304321,1084,36003247
VSWS,N,20260525,MPEL,SM,Manas Polymers And E,46.0000,46.0000,45.5000,46.0000,4800,3,220000
VSWS,N,20260525,MPHASIS,EQ,Mphasis,2252.0000,2270.0000,2225.0000,2244.0000,190879,17541,429521732
VSWS,N,20260525,MPSLTD,EQ,MPS,1781.0000,1803.0000,1765.0000,1786.0000,11984,1231,21368163
VSWS,N,20260525,MRF,EQ,M R F,128220.0000,129390.0000,127175.0000,128655.0000,6716,5082,862962945
VSWS,N,20260525,MRIL,SM,Mahendra Realt & Inf,37.1000,38.0000,37.1000,38.0000,11200,7,419200
VSWS,N,20260525,MRPL,EQ,M R P L,151.9500,153.5900,150.9000,151.8400,3291635,21509,501104919
VSWS,N,20260525,MSCIADD,EQ,DSP MSCI India ETF,29.1100,29.2700,29.1000,29.2600,1721,17,50265
VSWS,N,20260525,MSCIINDIA,EQ,Kotak MSCI India ETF,29.4200,29.5400,29.3900,29.5100,7301,68,215237
VSWS,N,20260525,MSPL,EQ,MSP Steel & Power,42.4500,43.2000,42.4500,42.7400,970510,3217,41567812
VSWS,N,20260525,MSTCLTD,EQ,MSTC,427.5000,435.2500,427.5000,430.0500,73162,2306,31597928
VSWS,N,20260525,MSUMI,EQ,Motherson Sumi Wirin,40.0000,40.7200,39.2500,39.3200,6636708,27913,263985325
VSWS,N,20260525,MTARTECH,EQ,MTAR Technologies,8172.0000,8230.0000,7812.0000,7951.0000,2766059,279866,22202776815
VSWS,N,20260525,MTEDUCARE,BE,MT Educare,1.7000,1.7800,1.6200,1.6200,31314,40,51359
VSWS,N,20260525,MTNL,EQ,M T N L,29.4000,30.2500,29.4000,29.7500,1290550,5320,38563661
VSWS,N,20260525,MUFIN,EQ,Mufin Green Finance,122.9000,124.4000,120.8000,123.4400,2410252,7868,296897029
VSWS,N,20260525,MUFTI,EQ,Credo Brands Marketi,89.8700,90.7900,86.0000,86.4800,303171,3636,26644653
VSWS,N,20260525,MUKANDLTD,EQ,Mukand,140.6000,143.3900,139.0200,140.1400,148599,2785,20960544
VSWS,N,20260525,MUKKA,EQ,Mukka Proteins,22.5200,23.2000,22.5200,23.1400,125161,702,2875535
VSWS,N,20260525,MUKTAARTS,EQ,Mukta Arts,63.1800,68.4200,62.5100,64.5200,77558,697,5064981
VSWS,N,20260525,MULTICAP,EQ,Mirae A N500 Mcap 50,16.0700,16.9700,15.9300,16.2300,134374,518,2181089
VSWS,N,20260525,MUNISH,ST,Munish Forge,70.0000,71.5000,70.0000,71.5000,207600,45,14539080
VSWS,N,20260525,MUNJALAU,EQ,Munjal Auto Ind,91.6500,93.7900,90.5700,93.2700,350857,3717,32481480
VSWS,N,20260525,MUNJALSHOW,EQ,Munjal Showa,139.2000,140.0000,137.4900,139.6800,38563,1100,5353184
VSWS,N,20260525,MURUDCERA,EQ,Murudeshwar Ceramics,34.1500,34.4500,33.4000,33.8000,13887,196,469199
VSWS,N,20260525,MUTHOOTCAP,EQ,Muthoot Capital Serv,200.7000,207.8000,199.5000,205.1900,28243,540,5769820
VSWS,N,20260525,MUTHOOTFIN,EQ,Muthoot Finance,3321.1000,3375.9000,3316.7000,3354.4000,578727,37584,1942106331
VSWS,N,20260525,MUTHOOTMF,EQ,Muthoot Microfin,183.9900,185.2500,176.0000,178.5600,323110,5060,58141476
VSWS,N,20260525,MVGJL,EQ,Manoj Vaibhav Gems N,160.0000,160.0000,148.0600,152.2000,324499,5453,49946178
VSWS,N,20260525,MVKAGRO,SM,M V K Agro Food Prod,445.3500,452.5000,430.0000,438.6500,9900,30,4377450
VSWS,N,20260525,MWL,EQ,Mangalam Worldwide,375.0000,375.0000,364.3000,370.1500,107162,2705,39475871
VSWS,N,20260525,MYMUDRA,SM,My Mudra Fincorp,73.0000,73.0000,73.0000,73.0000,1200,1,87600
VSWS,N,20260525,NACLIND,EQ,NACL Industries,159.1100,161.4000,154.6900,157.2000,316847,12314,50043793
VSWS,N,20260525,NAGAFERT,BZ,Nagarjuna Fertilizer,3.9000,3.9200,3.7500,3.7800,280677,504,1069253
VSWS,N,20260525,NAGREEKCAP,BE,Nagreeka Capital & I,29.7900,29.7900,28.4100,29.0000,3669,31,106624
VSWS,N,20260525,NAGREEKEXP,EQ,Nagreeka Exports,26.9300,27.3000,26.0000,26.9500,7141,72,191474
VSWS,N,20260525,NAHARCAP,EQ,Nahar Capital and Fi,254.5500,262.9500,252.1000,256.3500,3015,513,772834
VSWS,N,20260525,NAHARINDUS,EQ,Nahar Industrial,110.2000,115.0000,110.2000,112.4000,15752,791,1775140
VSWS,N,20260525,NAHARPOLY,EQ,Nahar Poly Films,257.8000,259.2000,250.0000,253.3000,9207,535,2343521
VSWS,N,20260525,NAHARSPING,BE,Nahar Spinning,268.0000,268.0000,263.0000,263.0000,5880,43,1563156
VSWS,N,20260525,NAM-INDIA,EQ,Nippon Life (I) Asse,1095.2000,1105.0000,1090.5000,1100.1000,555837,25505,610431268
VSWS,N,20260525,NAMAN,SM,Naman Industries Pro,50.0000,50.4500,48.0000,49.0000,19200,18,940560
VSWS,N,20260525,NAMOEWASTE,SM,Namo eWaste Manageme,210.0000,224.8000,210.0000,222.9500,61600,74,13600000
VSWS,N,20260525,NARMADA,EQ,Narmada Agrobase,37.7000,38.5500,36.7000,37.1400,245689,2455,9216314
VSWS,N,20260525,NATCAPSUQ,EQ,Natural Capsules,151.3000,154.9900,151.3000,154.7700,6696,115,1026016
VSWS,N,20260525,NATCOPHARM,EQ,Natco Pharma,1170.3000,1178.0000,1152.3000,1173.0000,243692,17749,283692338
VSWS,N,20260525,NATHBIOGEN,EQ,Nath Bio-Genes (Indi,172.8200,178.7900,172.8200,175.9200,29603,689,5194643
VSWS,N,20260525,NATIONALUM,EQ,National Aluminium,412.0000,413.3000,400.2500,403.0000,6636144,57310,2677472445
VSWS,N,20260525,NATIONSTD,EQ,National Standard I,1225.0000,1251.1000,1224.0000,1251.1000,5,5,6175
VSWS,N,20260525,NAUKRI,EQ,Info Edge (India),964.4500,969.3500,908.3000,938.5000,9279351,206513,8586846139
VSWS,N,20260525,NAVA,EQ,Nava,608.0000,623.9500,602.5000,613.9000,447433,20251,274953382
VSWS,N,20260525,NAVINFLUOR,EQ,Navin Fluorine Int,7195.0000,7460.0000,7179.0000,7445.5000,369626,42269,2715400323
VSWS,N,20260525,NAVKARCORP,EQ,Navkar Corporation,95.4000,98.7000,95.0000,97.2000,511389,3278,49718898
VSWS,N,20260525,NAVKARURB,EQ,Navkar Urbanstructur,0.8200,0.8500,0.8100,0.8500,1894660,255,1594575
VSWS,N,20260525,NAVNETEDUL,EQ,Navneet Education,143.0300,145.0000,141.7200,142.6200,102217,1394,14642405
VSWS,N,20260525,NAZARA,EQ,Nazara Technologies,286.8000,292.8500,282.7500,290.2500,2000832,20481,579862436
VSWS,N,20260525,NBCC,EQ,NBCC (India),95.6800,99.5000,95.4000,96.7900,34422254,107412,3367438820
VSWS,N,20260525,NBIFIN,EQ,NBI Industrial Fin,1999.0000,1999.0000,1911.1000,1956.9000,598,68,1175935
VSWS,N,20260525,NCC,EQ,NCC,147.6000,151.6000,147.2100,150.9600,1926614,20262,288255008
VSWS,N,20260525,NCLIND,EQ,NCL Industries,169.2200,173.4300,168.0900,170.6500,49204,1017,8423570
VSWS,N,20260525,NDGL,EQ,Naga Dhunseri Group,2688.0000,2688.0000,2575.0000,2591.4000,80,38,207601
VSWS,N,20260525,NDL,EQ,Nandan Denim,2.6500,2.9000,2.6200,2.6600,1938439,1481,5189382
VSWS,N,20260525,NDLVENTURE,EQ,NDL Ventures,133.4500,133.4500,126.1000,129.8300,32710,498,4288747
VSWS,N,20260525,NDRAUTO,EQ,NDR Auto Components,807.0000,836.8000,804.0500,827.0000,25262,1525,20683156
VSWS,N,20260525,NDTV,EQ,New Delhi Television,77.9500,79.2300,77.6000,78.2900,159444,2024,12520406
VSWS,N,20260525,NEAGI,EQ,Neelamalai Agro,3200.0000,3200.0000,3200.0000,3200.0000,1,1,3200
VSWS,N,20260525,NECCLTD,EQ,North Eastern Carry,15.9900,15.9900,15.3000,15.5400,38265,209,592262
VSWS,N,20260525,NECLIFE,BE,Nectar Lifesciences,12.0600,12.6100,12.0300,12.1500,241318,453,2980428
VSWS,N,20260525,NEELAM,SM,Neelam Linens & Garm,10.7500,10.7500,10.7500,10.7500,6000,1,64500
VSWS,N,20260525,NELCAST,EQ,Nelcast,138.4300,140.9800,135.3700,137.1900,184163,2652,25281935
VSWS,N,20260525,NELCO,EQ,Nelco,670.0000,684.0000,670.0000,672.9000,44585,2167,30183809
VSWS,N,20260525,NEOCHEM,SM,Neochem Bio Solution,118.7000,121.0000,115.0000,115.8000,75600,58,8905980
VSWS,N,20260525,NEOGEN,EQ,Neogen Chemicals,1690.0000,1836.0000,1683.1000,1754.6000,298682,23650,528283682
VSWS,N,20260525,NEPHROCARE,ST,Nephro Care India,81.1000,83.5500,81.0000,83.5000,6000,12,497720
VSWS,N,20260525,NEPHROPLUS,EQ,Nephrocare Health Se,612.3000,626.7500,612.3000,620.1000,162691,7710,101082078
VSWS,N,20260525,NEPTUNE,SM,Neptune Petrochemica,190.0000,196.0000,190.0000,196.0000,6500,4,1243000
VSWS,N,20260525,NESCO,EQ,Nesco,1250.0000,1277.4000,1241.4000,1269.7000,52432,3044,66334661
VSWS,N,20260525,NESTLEIND,EQ,Nestle,1430.0000,1438.9000,1410.0000,1413.6000,812160,27085,1154298522
VSWS,N,20260525,NETF,EQ,Tata Nifty 50 ETF,249.6100,260.3900,249.6100,259.4600,6543,213,1697735
VSWS,N,20260525,NETWEB,EQ,Netweb Technologies,3880.4000,3908.6000,3792.9000,3843.1000,770545,51648,2966035947
VSWS,N,20260525,NETWORK18,EQ,Network 18 Media,32.0000,32.4800,31.4000,31.5100,5332289,11601,169351653
VSWS,N,20260525,NEUEON,BE,Neueon Corporation,24.2700,24.2700,24.2700,24.2700,6125,26,148654
VSWS,N,20260525,NEULANDLAB,EQ,Neuland Laboratories,16785.0000,17000.0000,16650.0000,16758.0000,25774,8483,432586294
VSWS,N,20260525,NEWGEN,EQ,Newgen Software Tech,441.9000,447.7000,435.0000,435.9000,622148,14862,273405282
VSWS,N,20260525,NEWJAISA,ST,Newjaisa Technologie,23.0000,23.2500,22.2500,22.6000,58500,32,1342800
VSWS,N,20260525,NEXT30ADD,EQ,DSP BSE Sensex Next,42.8700,42.9100,42.6900,42.7500,2812,56,120245
VSWS,N,20260525,NEXT50,EQ,Mirae Ass Nif Next50,718.1000,730.1400,718.1000,728.8600,19844,828,14432317
VSWS,N,20260525,NEXT50ADD,EQ,DSP Nifty Next 50 ET,70.5500,72.8500,70.5100,71.0500,4062,40,288206
VSWS,N,20260525,NEXT50BETA,EQ,UTI Nifty Next 50 ET,75.2900,76.7500,75.2900,76.2800,69244,771,5267587
VSWS,N,20260525,NEXT50ETF,EQ,Kotak Nifty Next 50,70.6600,71.6000,70.6600,71.3200,23755,120,1693176
VSWS,N,20260525,NEXT50IETF,EQ,ICICIPru Nifty N ETF,74.0000,74.8200,73.8500,74.7000,880184,5700,65594159
VSWS,N,20260525,NEXTMEDIA,EQ,Next Mediaworks,4.2600,4.4800,4.0600,4.1000,12900,58,54823
VSWS,N,20260525,NFL,EQ,National Fertiliser,77.1000,77.9500,76.5200,77.5400,1227784,5944,94902158
VSWS,N,20260525,NFPSAMPOOR,ST,NFP Sampoorna Foods,54.5000,54.5000,51.8000,51.8000,160000,39,8658000
VSWS,N,20260525,NGIL,BE,Nakoda Group of Indu,38.9900,40.0000,38.0500,38.4900,13305,37,514466
VSWS,N,20260525,NGLFINE,EQ,NGL Fine Chem,2900.0000,3005.0000,2801.1000,2858.9000,100089,13409,292824707
VSWS,N,20260525,NH,EQ,Narayana Hrudayalaya,1930.0000,1968.0000,1896.1000,1940.0000,1592052,87773,3087513830
VSWS,N,20260525,NHPC,EQ,NHPC,78.7600,79.4900,78.3500,79.0200,10877480,25774,858299113
VSWS,N,20260525,NIACL,EQ,New India Assurance,165.0000,168.5000,164.2300,166.2000,841058,11004,139893784
VSWS,N,20260525,NIBE,EQ,Nibe,1550.0000,1584.8000,1390.0000,1410.2000,896906,47312,1310615240
VSWS,N,20260525,NIBL,EQ,NRB Industrial Beari,30.6200,31.1900,29.1300,30.4600,24593,315,747817
VSWS,N,20260525,NIDAN,SM,Nidan Lab & Health,14.5500,15.0000,14.1000,14.9500,12000,12,174750
VSWS,N,20260525,NIF100BEES,EQ,Nippon India ETF Ni,261.8400,265.2900,261.8400,264.4200,81606,926,21516897
VSWS,N,20260525,NIF100IETF,EQ,ICICI Pru Nifty 100,27.3800,27.9800,27.3800,27.8600,141897,2504,3936517
VSWS,N,20260525,NIFTY1,EQ,Kotak Nifty 50 ETF,262.8200,265.3000,262.8200,264.9000,72985,2184,19303433
VSWS,N,20260525,NIFTY100EW,EQ,Kotak Nifty 100 Equa,33.9500,34.4400,33.9500,34.3300,378438,233,13012693
VSWS,N,20260525,NIFTYADD,EQ,DSP Nifty 50 ETF,249.9100,252.0000,249.9100,251.3900,17199,165,4318610
VSWS,N,20260525,NIFTYBEES,EQ,Nippon INft 50 BeES,274.9900,274.9900,269.0100,271.9900,7800176,55635,2117156151
VSWS,N,20260525,NIFTYBETA,EQ,UTI Nifty 50 ETF,262.3900,266.0300,262.3900,265.1300,36367,688,9607550
VSWS,N,20260525,NIFTYBETF,EQ,Bajaj Finserv Nifty,244.8200,246.2000,244.7500,246.1200,22443,130,5507515
VSWS,N,20260525,NIFTYCASE,EQ,Zerodha Nifty 50 ETF,9.2500,9.5900,9.2500,9.5700,1147690,1892,10974487
VSWS,N,20260525,NIFTYETF,EQ,Mirae Asset Nifty 50,259.9500,259.9500,257.7500,259.5000,362200,3671,93825513
VSWS,N,20260525,NIFTYIETF,EQ,ICICI Pru Nifty 50,274.4400,274.4400,268.7700,270.8800,1004121,22557,271457059
VSWS,N,20260525,NIFTYQLITY,EQ,AB SL Nifty 200 Q 30,21.1700,21.2300,20.9700,21.1300,31675,240,669131
VSWS,N,20260525,NIITLTD,EQ,N I I T,66.2100,70.5000,66.1200,68.9500,855071,10039,58992611
VSWS,N,20260525,NIITMTS,EQ,NIIT Learning System,211.9000,222.2500,209.6500,219.2500,569350,12237,122659697
VSWS,N,20260525,NIKITA,SM,Nikita Greentech Rec,72.5000,77.8500,68.0000,73.0000,42000,32,3127980
VSWS,N,20260525,NILAINFRA,EQ,Nila Infrastructures,8.1000,8.2500,8.1000,8.1500,126316,388,1028553
VSWS,N,20260525,NILASPACES,EQ,Nila Spaces,13.1800,13.1800,12.8400,12.9400,296264,967,3846056
VSWS,N,20260525,NILE,EQ,Nile,1892.0000,1928.0000,1750.0000,1816.2000,15140,1850,27657141
VSWS,N,20260525,NILKAMAL,EQ,Nilkamal,1243.1000,1310.0000,1243.1000,1285.9000,6772,646,8700915
VSWS,N,20260525,NIMBSPROJ,EQ,Nimbus Projects,229.0000,230.0000,217.0100,219.0100,125737,1026,28341999
VSWS,N,20260525,NINSYS,BE,NINtec Systems,644.6000,670.0000,631.0000,655.5500,9027,278,5887163
VSWS,N,20260525,NIPPOBATRY,EQ,Indo National,350.0000,369.0000,350.0000,363.3500,7294,776,2649706
VSWS,N,20260525,NIRAJ,BE,Niraj Cement Structu,28.0100,29.2900,28.0100,28.8900,16245,79,470748
VSWS,N,20260525,NIRAJISPAT,EQ,Niraj Ispat Industri,214.9200,216.8000,205.2000,205.2000,228,22,47465
VSWS,N,20260525,NIRLON,EQ,Nirlon,628.3500,630.0000,615.2000,625.5000,4551,572,2844006
VSWS,N,20260525,NIRMAN,SM,Nirman Agri Gentics,50.6000,52.9000,49.7000,50.3000,16800,39,856665
VSWS,N,20260525,NITCO,EQ,Nitco,97.9000,99.3500,96.0000,96.6300,285048,3377,27818732
VSWS,N,20260525,NITINSPIN,EQ,Nitin Spinners,507.5500,507.5500,496.0000,501.7500,75830,2453,37967750
VSWS,N,20260525,NITIRAJ,EQ,Nitiraj Engineers,194.7200,198.9900,189.5000,191.1200,985,51,189434
VSWS,N,20260525,NITTAGELA,EQ,Nitta Gelatin India,1426.1500,1600.0000,1421.8000,1582.8500,45642,4488,70282725
VSWS,N,20260525,NIVABUPA,EQ,Niva Bupa Health Ins,86.0000,86.2700,83.4800,83.9600,1557871,16275,131748536
VSWS,N,20260525,NKIND,EQ,NK Industries,67.2100,67.9000,67.2000,67.2000,176,4,11829
VSWS,N,20260525,NLCINDIA,EQ,NLC India,348.1000,352.8000,339.5500,341.8500,2805412,32685,965907411
VSWS,N,20260525,NMDC,EQ,N M D C,88.5100,90.4300,88.5100,90.1900,15033928,43966,1348918245
VSWS,N,20260525,NMSTEEL,SM,Newmalayalam Steel,23.0000,23.8000,21.0500,23.7500,11200,7,251520
VSWS,N,20260525,NOCIL,EQ,NOCIL,168.7600,169.4700,165.1000,165.7400,348184,5433,58088625
VSWS,N,20260525,NOIDATOLL,BE,Noida Toll Bridge Co,6.8300,7.1700,6.8200,6.8200,148676,412,1015084
VSWS,N,20260525,NORBTEAEXP,EQ,Norben Tea & Exports,86.0000,87.0000,83.4000,83.7900,4518,116,386134
VSWS,N,20260525,NORTHARC,EQ,Northern Arc Capital,284.0000,291.8500,281.4500,286.6000,580323,10332,166744103
VSWS,N,20260525,NOVAAGRI,EQ,Nova Agritech,28.5000,28.8900,28.2500,28.6600,96307,1429,2753484
VSWS,N,20260525,NOVARTIND,EQ,Novartis India,1335.0000,1425.0000,1322.0000,1360.2000,30346,3085,41744343
VSWS,N,20260525,NPBET,EQ,Tata Nifty Pvt Bank,276.1000,278.5900,276.0000,278.4400,3473,30,960427
VSWS,N,20260525,NPST,EQ,Network People Serv,1040.2000,1050.0000,1017.6000,1031.2000,10409,1290,10754929
VSWS,N,20260525,NRAIL,EQ,NR Agarwal Ind,456.3000,467.8500,456.3000,459.6500,1363,151,630538
VSWS,N,20260525,NRBBEARING,EQ,NRB Bearings,379.0000,388.5000,378.0000,386.1500,929450,16638,356672141
VSWS,N,20260525,NRL,EQ,Nupur Recyclers,52.0100,54.3600,52.0100,53.7300,30839,463,1639085
VSWS,N,20260525,NRVANDANA,SM,N R Vandana Tex Indu,75.7500,78.2000,75.5000,76.5500,111000,36,8508600
VSWS,N,20260525,NSIL,EQ,Nalwa Sons Invest,5700.0000,5740.0000,5625.0000,5691.0000,2768,391,15682697
VSWS,N,20260525,NSLNISP,EQ,NMDC Steel,44.3200,45.6000,44.2400,45.0200,4892816,15819,220598219
VSWS,N,20260525,NTPC,EQ,N T P C,391.9500,392.8000,386.4500,390.0500,10489850,134191,4086410782
VSWS,N,20260525,NTPCGREEN,EQ,NTPC Green Energy,104.4000,104.4000,100.3100,102.0200,12850136,73904,1305015452
VSWS,N,20260525,NUCLEUS,EQ,Nucleus Software Exp,802.0000,812.3500,762.7000,774.3000,133345,7609,104245333
VSWS,N,20260525,NURECA,EQ,Nureca,279.6500,279.6500,270.5500,273.3500,5010,250,1366933
VSWS,N,20260525,NUVAMA,EQ,Nuvama Wealth Manage,1480.1000,1519.0000,1480.1000,1504.8000,402061,14296,605122000
VSWS,N,20260525,NUVOCO,EQ,Nuvoco Vistas Corpor,325.0000,332.1000,321.7500,324.1500,202424,7304,65927400
VSWS,N,20260525,NV20,EQ,Kotak Nifty 50 Value,14.2700,14.2700,14.1500,14.2200,138414,282,1964111
VSWS,N,20260525,NV20BEES,EQ,Nippon INft 50 V20,142.0300,143.1700,142.0100,143.0500,10138,280,1444629
VSWS,N,20260525,NV20IETF,EQ,ICICI Pru Nifty50 Va,14.1400,14.1400,13.7600,13.8900,772839,2804,10716493
VSWS,N,20260525,NYKAA,EQ,FSN E-Commerce Ventu,280.1000,281.0000,267.7000,270.0500,8228260,73640,2238484110
VSWS,N,20260525,OAL,EQ,Oriental Aromatics,317.9000,338.0500,309.1000,328.6500,47775,1501,15585977
VSWS,N,20260525,OBCL,EQ,OBCL,54.0000,54.9700,52.9100,53.1800,6171,84,328425
VSWS,N,20260525,OBEROIRLTY,EQ,Oberoi Realty,1671.1000,1720.0000,1671.0000,1712.4000,618288,24571,1053246900
VSWS,N,20260525,OBSCP,SM,OBSC Perfection,484.0000,485.9000,457.1000,470.3000,107200,236,51102720
VSWS,N,20260525,OCCLLTD,EQ,OCCL,119.0000,123.7400,113.0000,114.0000,1070823,11148,126731515
VSWS,N,20260525,ODIGMA,EQ,Odigma Consultancy S,27.5900,27.5900,25.9900,25.9900,176943,598,4623960
VSWS,N,20260525,OFSS,EQ,Oracle Fin & Serv So,9530.0000,9837.5000,9500.0000,9703.0000,184137,34565,1788678661
VSWS,N,20260525,OIL,EQ,Oil India,492.5000,493.9000,481.0000,482.5500,3887162,49332,1891000107
VSWS,N,20260525,OILCOUNTUB,BE,Oil Country Tubular,57.7100,58.3000,55.8000,56.6200,29859,238,1682850
VSWS,N,20260525,OILIETF,EQ,ICICI Pru Nifty Oil,11.6300,11.7400,11.6000,11.6700,3719352,3231,43408917
VSWS,N,20260525,OLAELEC,EQ,Ola Electric Mobilit,36.4900,38.1500,36.3600,37.8900,96157095,137298,3594405670
VSWS,N,20260525,OLECTRA,EQ,Olectra Greentech,1225.0000,1242.9000,1214.4000,1218.7000,338900,16911,414979784
VSWS,N,20260525,OLIL,ST,Oneclick Logistics I,442.1000,469.0000,442.1000,447.0000,3600,9,1632640
VSWS,N,20260525,OMAXAUTO,BE,Omax Autos,227.7900,227.7900,227.7900,227.7900,21869,244,4981540
VSWS,N,20260525,OMAXE,EQ,Omaxe,75.5100,77.7000,73.8000,76.8400,172093,1458,13152444
VSWS,N,20260525,OMFREIGHT,EQ,Om Freight Forwarder,89.8200,90.4900,85.0000,86.9600,80901,589,7037650
VSWS,N,20260525,OMFURN,ST,Omfurn India,59.3000,59.3000,59.3000,59.3000,1200,1,71160
VSWS,N,20260525,OMINFRAL,EQ,Om Infra,88.1200,89.0000,87.6100,88.3900,52838,748,4665514
VSWS,N,20260525,OMNI,EQ,Omnitech Engineering,458.7000,467.0000,408.3000,429.4000,1520609,55366,663397682
VSWS,N,20260525,OMPOWER,EQ,Om Power Transmissio,193.0000,193.0000,188.0000,188.9800,172337,2072,32643932
VSWS,N,20260525,ONDOOR,ST,On Door Concepts,168.0000,179.0000,167.2000,178.3000,35400,23,6029100
VSWS,N,20260525,ONELIFECAP,BE,Onelife Capital Advi,25.5000,26.3500,25.5000,26.3500,69347,196,1826645
VSWS,N,20260525,ONEPOINT,EQ,One Point One Soluti,60.5400,62.3400,60.4500,61.2100,2706889,6388,165329190
VSWS,N,20260525,ONESOURCE,EQ,Onesource Spec Pharm,1826.0000,1844.5000,1780.2000,1806.8000,296548,27446,535317924
VSWS,N,20260525,ONGC,EQ,Oil & Natural Gas,289.9500,289.9500,284.3000,284.9500,12837047,73726,3669210443
VSWS,N,20260525,ONMOBILE,EQ,OnMobile Global,51.5600,51.7500,50.6000,51.5500,146239,1332,7497781
VSWS,N,20260525,ONWARDTEC,EQ,Onward Technologies,265.3700,272.7500,259.0000,270.1200,56057,1755,15026496
VSWS,N,20260525,ONYX,SM,Onyx Biotec,29.8000,29.8000,29.8000,29.8000,6000,3,178800
VSWS,N,20260525,OPTIEMUS,EQ,Optiemus Infracom,422.0000,434.0000,420.5000,429.4500,90896,3825,38928499
VSWS,N,20260525,OPTIVALUE,SM,Optivalue Tek Consul,84.5000,85.5000,84.0000,84.0000,8000,5,675200
VSWS,N,20260525,ORBTEXP,EQ,Orbit Exports,166.4400,166.4400,157.8500,163.8700,19255,338,3148677
VSWS,N,20260525,ORCHASP,EQ,Orchasp,2.0300,2.0600,2.0000,2.0300,208072,129,423615
VSWS,N,20260525,ORCHPHARMA,EQ,Orchid Pharma,712.0500,722.9000,692.0500,715.3500,81450,4117,57699726
VSWS,N,20260525,ORIANA,SM,Oriana Power,1946.0000,2000.0000,1915.0000,1962.1500,51450,557,100742873
VSWS,N,20260525,ORICONENT,EQ,Oricon Enterprises,60.1000,63.7300,60.1000,63.4900,64544,1461,4058231
VSWS,N,20260525,ORIENTALTL,EQ,Oriental Trimex,6.3100,6.5000,6.3100,6.3600,88583,229,567422
VSWS,N,20260525,ORIENTBELL,EQ,Orient Bell,332.0000,364.0000,321.2500,356.6500,24560,1171,8586783
VSWS,N,20260525,ORIENTCEM,EQ,Orient Cement,137.0000,138.9500,137.0000,138.6700,249226,2143,34371153
VSWS,N,20260525,ORIENTCER,EQ,Orient Ceratech,39.1300,41.7400,39.1300,40.5900,67207,812,2710923
VSWS,N,20260525,ORIENTELEC,EQ,Orient Electric,187.3000,187.3100,182.9900,185.0400,281477,2070,52013869
VSWS,N,20260525,ORIENTHOT,EQ,Oriental Hotels,100.0000,103.0000,99.1000,99.6900,157252,1863,15850756
VSWS,N,20260525,ORIENTLTD,EQ,Orient Press,60.6000,62.9000,60.6000,61.3900,1792,60,110386
VSWS,N,20260525,ORIENTPPR,EQ,Orient Paper & Inds,17.2500,19.6000,17.0600,18.2300,326130,1090,5836098
VSWS,N,20260525,ORIENTTECH,EQ,Orient Technologies,278.0000,282.5000,275.0000,278.3500,161628,4273,45114603
VSWS,N,20260525,ORISSAMINE,EQ,Orissa Minerals Deve,4058.7000,4130.0000,4058.6000,4078.6000,5031,1346,20548875
VSWS,N,20260525,ORKLAINDIA,EQ,Orkla India,634.2500,636.7500,625.3500,628.6000,37231,2315,23438915
VSWS,N,20260525,ORTEL,BZ,Ortel Communications,1.5200,1.6000,1.5200,1.5900,4740,25,7486
VSWS,N,20260525,ORTINGLOBE,EQ,Ortin Global,14.5700,16.0900,14.5700,15.7000,11483,45,176963
VSWS,N,20260525,OSELDEVICE,SM,Osel Devices,518.3500,524.0000,496.0000,510.1000,27800,109,14289610
VSWS,N,20260525,OSIAHYPER,BE,Osia Hyper Retail,3.8900,4.1800,3.8600,3.8600,2286779,1746,8900935
VSWS,N,20260525,OSWALAGRO,BE,Oswal Agro Mills,44.8300,46.8400,43.6500,45.8900,46290,190,2086824
VSWS,N,20260525,OSWALGREEN,EQ,Oswal Green Tech,25.9000,25.9000,25.0000,25.2300,176869,1385,4478320
VSWS,N,20260525,OSWALPUMPS,EQ,Oswal Pumps,366.9500,370.0000,359.0000,360.6000,499814,8711,182033545
VSWS,N,20260525,OSWALSEEDS,EQ,ShreeOswal Seeds & C,12.3500,12.3500,11.9900,12.0000,60220,236,731609
VSWS,N,20260525,OWAIS,SM,Owais Met & Min Proc,121.3000,132.9500,121.3000,132.9500,67200,273,8800205
VSWS,N,20260525,PACEDIGITK,EQ,Pace Digitek,193.8000,194.8000,188.0000,190.4000,2022403,15879,386409808
VSWS,N,20260525,PAGEIND,EQ,Page Industries,39495.0000,40140.0000,38450.0000,38545.0000,32772,13261,1280967010
VSWS,N,20260525,PAISALO,EQ,Paisalo Digital,50.8000,50.9000,49.6100,49.8700,4286150,9416,214736366
VSWS,N,20260525,PAKKA,EQ,PAKKA,93.8000,94.4500,89.2100,89.5900,146262,2587,13292550
VSWS,N,20260525,PALASHSECU,EQ,Palash Securities,96.0300,97.4800,95.5500,96.5000,560,72,53700
VSWS,N,20260525,PALREDTEC,BE,Palred Technologies,46.4000,46.4000,41.9900,44.4000,4975,55,216341
VSWS,N,20260525,PANACEABIO,EQ,Panacea Biotec,422.9500,433.4500,416.8500,419.0500,182129,3975,76682327
VSWS,N,20260525,PANACHE,EQ,Panache Digilife,349.9500,355.0000,331.7000,348.1500,27151,5586,9285347
VSWS,N,20260525,PANAMAPET,EQ,Panama Petrochem,346.0000,348.7000,333.0000,335.0500,161540,4446,54792024
VSWS,N,20260525,PANSARI,EQ,Pansari Developers,260.9500,286.0000,260.9500,285.9000,29890,392,8302323
VSWS,N,20260525,PAR,EQ,Par Drugs & Chemical,88.0000,98.0000,85.1000,92.2700,52546,801,4939866
VSWS,N,20260525,PARACABLES,EQ,Paramount Commu,59.2000,65.3500,58.0000,65.3500,8782491,21279,559061428
VSWS,N,20260525,PARADEEP,EQ,Paradeep Phosphates,128.5000,131.4800,126.5100,128.6100,4319832,30603,559735837
VSWS,N,20260525,PARAGMILK,EQ,Parag Milk Foods,211.4000,214.4000,210.2100,211.2700,368810,6325,78212816
VSWS,N,20260525,PARAGON,SM,Paragon Fine & Speci,48.5500,51.0000,48.5000,49.4000,21600,16,1057200
VSWS,N,20260525,PARAMATRIX,SM,Paramatrix Technolog,63.0000,67.9000,63.0000,67.0000,8400,7,557040
VSWS,N,20260525,PARAMOUNT,ST,Paramount Dye Tec,43.0500,43.0500,43.0500,43.0500,3600,3,154980
VSWS,N,20260525,PARAS,EQ,Paras Defence & Spac,824.0000,870.0000,808.0000,855.7500,3537820,95035,3017266345
VSWS,N,20260525,PARASPETRO,EQ,Paras Petrofils,2.1200,2.1700,2.0700,2.1000,114301,282,240667
VSWS,N,20260525,PARIN,SM,Parin Enterprises,691.0000,691.0000,659.0000,673.8500,61500,159,41233700
VSWS,N,20260525,PARKHOSPS,EQ,Park Medi World,264.5000,282.3000,263.0800,279.0900,2643863,28591,727988889
VSWS,N,20260525,PARKHOTELS,EQ,Apeejay Surrendra Pk,117.7000,122.9800,117.7000,122.3300,200274,2758,24287369
VSWS,N,20260525,PARSVNATH,BE,Parsvnath Developers,4.2500,4.2500,4.2500,4.2500,298257,310,1267592
VSWS,N,20260525,PARTH,ST,Parth Elect & Engine,448.3500,448.3500,431.1000,440.9000,5600,14,2480640
VSWS,N,20260525,PARTYCRUS,SM,Party Cruisers,105.9500,105.9500,99.1000,103.5000,12000,9,1233950
VSWS,N,20260525,PASHUPATI,EQ,Pashupati Cotspin,92.0100,97.0100,91.1200,95.9800,73530,991,7008267
VSWS,N,20260525,PASUPTAC,EQ,Pasupati Acrylon,59.0000,60.3500,57.0000,57.5200,487406,2998,28446501
VSWS,N,20260525,PATANJALI,EQ,Patanjali Foods,469.3500,470.4000,463.5000,468.4500,2069309,19152,967204432
VSWS,N,20260525,PATELENG,EQ,Patel Engineering,26.3600,26.5000,26.1000,26.2800,2050954,5954,53942834
VSWS,N,20260525,PATELRMART,EQ,Patel Retail,201.0000,202.4400,199.1100,199.7600,111133,1090,22205528
VSWS,N,20260525,PATILAUTOM,ST,Patil Automation,192.1000,198.5000,187.0000,190.0000,22200,34,4297830
VSWS,N,20260525,PATINTLOG,EQ,Patel Integrated Log,12.2000,12.3600,11.9500,12.3200,25723,196,314833
VSWS,N,20260525,PAUSHAKLTD,EQ,Paushak,456.0000,465.0000,450.0000,452.1500,7211,626,3295618
VSWS,N,20260525,PAVNAIND,BE,Pavna Industries,18.2900,18.8000,17.8100,18.8000,33643,118,627644
VSWS,N,20260525,PAYTM,EQ,One 97 Communication,1118.5000,1128.0000,1094.1000,1097.4000,1785715,34974,1974881773
VSWS,N,20260525,PCBL,EQ,PCBL Chemical,297.4000,298.0000,292.3000,294.2500,654014,13460,192649373
VSWS,N,20260525,PCCL,SM,Petro Carbon & Chemi,289.0000,289.0000,289.0000,289.0000,800,2,231200
VSWS,N,20260525,PCJEWELLER,EQ,PC Jeweller,8.4600,9.0100,8.4300,8.9200,66828298,29071,583739246
VSWS,N,20260525,PDMJEPAPER,EQ,Pudumjee Paper Produ,84.3100,84.5000,82.1500,82.7700,141930,1869,11789111
VSWS,N,20260525,PDSL,EQ,PDS,290.0000,302.0000,288.8500,299.5000,164098,3667,48971657
VSWS,N,20260525,PEARLPOLY,BE,Pearl Polymers,19.5000,19.5000,18.5000,18.8900,10610,44,203567
VSWS,N,20260525,PELATRO,SM,Pelatro,272.0000,276.0000,272.0000,275.3000,1200,4,329370
VSWS,N,20260525,PENIND,EQ,Pennar Industries,152.9000,155.4500,150.5100,151.4600,709766,9090,108273201
VSWS,N,20260525,PENINLAND,BE,Peninsula Land,16.8000,17.1000,16.4500,16.8100,94384,263,1582992
VSWS,N,20260525,PERFECT,SZ,Perfect Infraenginee,2.6000,2.6000,2.6000,2.6000,12000,4,31200
VSWS,N,20260525,PERSISTENT,EQ,Persistent Systems,5030.0000,5077.0000,4971.5000,5038.0000,328328,26378,1654073909
VSWS,N,20260525,PETRONET,EQ,Petronet LNG,275.0000,284.2500,275.0000,282.2500,1717013,28875,484084471
VSWS,N,20260525,PFC,EQ,Power Finance Corpor,438.0000,443.6500,435.2000,438.9000,4616153,62563,2026192538
VSWS,N,20260525,PFIZER,EQ,Pfizer,4689.9000,4720.0000,4658.3000,4689.2000,11559,3038,54175810
VSWS,N,20260525,PFOCUS,BE,Prime Focus,240.0500,252.0000,230.5500,246.6000,432409,2902,103478729
VSWS,N,20260525,PFS,EQ,PTC India Financial,30.8500,31.0400,30.6000,30.6400,229958,1239,7084054
VSWS,N,20260525,PGEL,EQ,PG Electroplast,479.6000,479.6000,470.0000,471.2500,2811565,32640,1331488990
VSWS,N,20260525,PGHH,EQ,Procter & Gamble,9626.0000,9748.0000,9626.0000,9659.0000,14312,2986,138726144
VSWS,N,20260525,PGHL,EQ,Procter & Gamble Hea,5649.0000,5741.0000,5560.5000,5726.0000,19377,4318,109497746
VSWS,N,20260525,PGIL,EQ,Pearl Global Industr,1650.3000,1650.3000,1610.0000,1627.8000,34370,4483,55921250
VSWS,N,20260525,PHANTOMFX,SM,Phantom Digital Effe,187.9500,199.9500,187.9500,198.8500,27000,77,5212890
VSWS,N,20260525,PHARMABEES,EQ,Nippon Ind NftPh ETF,25.0500,25.8600,25.0500,25.3300,7281811,12128,184376476
VSWS,N,20260525,PHOENIXLTD,EQ,Phoenix Mills,1798.0000,1816.3000,1782.9000,1809.6000,262431,21280,473739349
VSWS,N,20260525,PHOGLOBAL,SM,Phoenix Overseas,19.7000,19.7000,18.1000,18.1000,4000,2,75600
VSWS,N,20260525,PICCADIL,EQ,Piccadily Agro Ind,570.1500,609.7500,570.1500,598.3500,241330,10398,144296213
VSWS,N,20260525,PIDILITIND,EQ,Pidilite Industries,1500.0000,1508.4000,1473.1000,1477.2000,593426,19680,885918450
VSWS,N,20260525,PIGL,EQ,Power & Instrumentat,103.9900,106.0000,101.8300,105.1800,59363,808,6159475
VSWS,N,20260525,PIIND,EQ,PI Industries,2794.9000,2858.0000,2786.8000,2849.0000,297399,19841,841436582
VSWS,N,20260525,PILANIINVS,EQ,Pilani Invest & Ind,4648.9000,4680.0000,4540.5000,4616.0000,2833,434,13134788
VSWS,N,20260525,PILITA,BE,PIL Italica Lifestyl,8.2400,8.2400,7.9100,7.9800,43523,155,349676
VSWS,N,20260525,PINELABS,EQ,Pine Labs,145.5000,147.6000,137.5100,146.2000,24633385,173759,3536338257
VSWS,N,20260525,PIONEEREMB,EQ,Pioneer Embroideries,26.9600,27.4800,25.7100,26.7400,32002,120,843812
VSWS,N,20260525,PIONRINV,EQ,Pioneer Invest Corp,123.0000,124.0000,120.0000,123.6000,5334,98,657065
VSWS,N,20260525,PIRAMALFIN,EQ,Piramal Finance,1969.0000,1976.0000,1925.0000,1942.9000,334116,20514,651049118
VSWS,N,20260525,PITTIENG,EQ,Pitti Engineering,950.0000,950.0000,928.7000,934.6500,25579,2486,24028640
VSWS,N,20260525,PIXTRANS,EQ,Pix Transmissions,1550.0000,1550.0000,1464.0000,1520.3000,78261,8111,118525475
VSWS,N,20260525,PKTEA,EQ,Peria Karamalai Tea,848.0000,848.0000,784.0000,834.9000,128,16,104674
VSWS,N,20260525,PLASTIBLEN,EQ,Plastiblends India,174.1100,177.4100,174.0000,176.8300,78671,1378,13839008
VSWS,N,20260525,PLATIND,EQ,Platinum Industries,223.5000,232.0000,223.5000,227.5900,69786,1371,15903414
VSWS,N,20260525,PLAZACABLE,BE,Plaza Wires,47.1300,48.3400,47.1300,47.5400,30642,538,1457898
VSWS,N,20260525,PML,EQ,Paul Merchants,555.0000,564.8500,555.0000,564.7000,157,11,87194
VSWS,N,20260525,PNB,EQ,Punjab National Bank,103.6000,106.5000,103.5000,106.2600,23250421,69154,2446017713
VSWS,N,20260525,PNBGILTS,EQ,PNB Gilts,79.4000,82.2300,78.2400,79.2800,1210548,8544,96828701
VSWS,N,20260525,PNBHOUSING,EQ,PNB Housing Finance,1064.8000,1098.8000,1063.1000,1085.6000,1182448,46285,1287074715
VSWS,N,20260525,PNC,EQ,Pritish Nandy Commun,18.9800,19.2500,18.2000,19.0900,2277,109,43312
VSWS,N,20260525,PNCINFRA,EQ,PNC Infratech,214.5100,217.0400,210.9900,212.8600,447398,10473,95410377
VSWS,N,20260525,PNGJL,EQ,P N Gadgil Jewellers,537.5000,537.5000,520.0000,528.0500,301039,5374,158065325
VSWS,N,20260525,PNGSREVA,EQ,PNGS Reva Diamond Je,400.0000,417.6000,397.8500,403.9500,198896,5907,81171686
VSWS,N,20260525,POCL,EQ,Pondy Oxides & Chem,1502.0000,1556.0000,1476.1000,1507.5000,360072,18798,544703629
VSWS,N,20260525,PODDARMENT,EQ,Poddar Pigments,249.4500,252.7500,243.3000,249.1500,3411,114,848117
VSWS,N,20260525,POKARNA,EQ,Pokarna,845.9000,888.0000,840.0000,854.6000,91797,9124,79284733
VSWS,N,20260525,POLICYBZR,EQ,PB Fintech,1805.0000,1831.4000,1785.0000,1791.5000,725634,32213,1305692392
VSWS,N,20260525,POLYCAB,EQ,Polycab India,9320.0000,9424.0000,9296.0000,9398.5000,252126,36094,2363947594
VSWS,N,20260525,POLYMED,EQ,Poly Medicure,1600.0000,1634.2000,1515.0000,1547.2000,167446,15867,264500540
VSWS,N,20260525,POLYPLEX,EQ,Polyplex Corp,980.0000,993.0000,908.0500,913.5500,257631,8915,239765677
VSWS,N,20260525,POLYSIL,ST,Polysil Irrigation S,135.0000,135.2000,134.2500,135.2000,6500,12,875050
VSWS,N,20260525,PONNIERODE,EQ,Ponni Sugars (Erode),309.3500,309.3500,302.2000,304.6500,7446,526,2263694
VSWS,N,20260525,POONAWALLA,EQ,Poonawalla Fincorp,405.0000,407.0000,397.1500,398.9000,1386495,44501,555848543
VSWS,N,20260525,POSITRON,ST,Positron Energy,190.0000,197.4000,190.0000,197.4000,9900,33,1931205
VSWS,N,20260525,POWERGRID,EQ,Power Grid Corp of I,298.5000,298.5000,294.1500,295.3500,5896815,51040,1741630053
VSWS,N,20260525,POWERICA,EQ,Powerica,558.4000,570.0000,547.7000,555.2000,465991,12432,261458836
VSWS,N,20260525,POWERINDIA,EQ,Hitachi Energy India,36000.0000,36040.0000,35030.0000,35635.0000,139682,53195,4952555970
VSWS,N,20260525,POWERMECH,EQ,Power Mech Projects,2594.9000,2599.0000,2531.5000,2547.1000,81258,8593,208528633
VSWS,N,20260525,PPAP,EQ,PPAP Automotive,210.0000,214.7800,209.5200,211.9900,7426,292,1569916
VSWS,N,20260525,PPL,EQ,Prakash Pipes,198.9000,202.4300,195.9200,201.2100,88434,2231,17644038
VSWS,N,20260525,PPLPHARMA,EQ,Piramal Pharma,176.1000,180.7000,175.2500,179.4600,2936240,37572,523950650
VSWS,N,20260525,PPSL,ST,Picturepost Studios,6.2500,6.2500,6.0000,6.1500,24000,5,148200
VSWS,N,20260525,PRABHA,EQ,Prabha Energy,163.7000,164.4300,159.5000,160.4400,97894,977,15771770
VSWS,N,20260525,PRADPME,EQ,Pradeep Metals,398.8000,432.5000,391.2500,421.7000,87135,2907,36417774
VSWS,N,20260525,PRAENG,EQ,Prajay Engineers,21.7500,21.8400,20.5600,20.9000,58277,545,1226291
VSWS,N,20260525,PRAJIND,EQ,Praj Industries,392.4000,395.5500,384.0500,393.6500,1085515,30263,425274821
VSWS,N,20260525,PRAKASH,EQ,Prakash Industries,142.7000,144.5000,140.6100,141.2900,528291,7008,74828427
VSWS,N,20260525,PRAKASHSTL,EQ,Prakash Steelage,4.3000,4.4200,4.3000,4.3500,125997,411,548001
VSWS,N,20260525,PRAMARA,SM,Pramara Promotions,160.3500,160.3500,160.3500,160.3500,120000,55,19242000
VSWS,N,20260525,PRANIK,SM,Pranik Logistics,55.0000,55.0000,55.0000,55.0000,8000,2,440000
VSWS,N,20260525,PRATHAM,SM,Pratham EPC Projects,139.3000,140.0000,131.7000,132.8500,4800,11,647040
VSWS,N,20260525,PRAVEG,EQ,Praveg,259.0000,266.0000,255.5500,263.6500,18517,662,4811159
VSWS,N,20260525,PRAXIS,BE,Praxis Home Retail,7.2800,7.4000,7.0600,7.0700,88950,119,636262
VSWS,N,20260525,PRECAM,EQ,Precision Camshafts,157.5000,162.0200,153.1500,154.2400,787600,10024,123812499
VSWS,N,20260525,PRECISION,SM,Precision Metaliks,7.6500,8.4500,7.6500,8.0000,156000,13,1255000
VSWS,N,20260525,PRECOT,EQ,Precot,770.0000,805.8500,741.5000,762.5500,42609,1548,33685416
VSWS,N,20260525,PRECWIRE,EQ,Precision Wires (I),448.0000,467.5000,435.0000,442.6000,5306257,106406,2381053264
VSWS,N,20260525,PREMCO,EQ,Premco Global,399.0000,404.2000,385.0000,390.9500,9106,294,3608177
VSWS,N,20260525,PREMEXPLN,EQ,Premier Explosives,600.5500,714.6000,596.8000,714.6000,6076626,97783,4149741203
VSWS,N,20260525,PREMIER,BE,Premier,2.8700,3.0400,2.8700,2.9500,6031,37,17467
VSWS,N,20260525,PREMIERENE,EQ,Premier Energies,996.0000,1005.0000,977.0000,985.0000,3295126,61580,3254391942
VSWS,N,20260525,PREMIERPOL,BE,Premier Polyfilm,58.0000,59.5000,55.4000,55.7700,45089,388,2544060
VSWS,N,20260525,PREMIUM,SM,Premium Plast,38.0000,40.0000,38.0000,38.0500,9000,3,348150
VSWS,N,20260525,PRESSTONIC,SM,Presstonic Engineeri,34.7500,34.7500,33.6500,34.0000,44800,49,1525960
VSWS,N,20260525,PRESTIGE,EQ,Prestige Estates Pro,1413.7000,1421.2000,1392.2000,1401.4000,1227153,39244,1724219846
VSWS,N,20260525,PRICOLLTD,EQ,Pricol,566.7500,573.4500,561.1500,567.2000,329841,12639,187324008
VSWS,N,20260525,PRIMECAB,ST,Prime Cable Industri,107.3500,107.3500,107.3500,107.3500,43200,21,4637520
VSWS,N,20260525,PRIMESECU,EQ,Prime Securities,280.6500,283.7000,275.9500,279.1000,9652,493,2692283
VSWS,N,20260525,PRIMO,EQ,Primo Chemicals,22.0000,22.4400,21.5000,21.9500,169254,693,3707225
VSWS,N,20260525,PRINCEPIPE,EQ,Prince Pipes & Fitti,279.1500,282.2500,270.3000,271.4500,1023008,15878,282664098
VSWS,N,20260525,PRITI,EQ,Priti International,45.0800,45.0800,43.3300,43.7900,5170,120,228866
VSWS,N,20260525,PRITIKA,SM,Pritika Eng Compo,64.0000,73.9000,60.3500,65.1500,52000,21,3428200
VSWS,N,20260525,PRITIKAUTO,EQ,Pritika Auto Industr,14.7500,15.0000,13.8000,13.9700,651031,2483,9166984
VSWS,N,20260525,PRIVISCL,EQ,Privi Speciality Che,3359.2000,3374.9000,3280.5000,3300.6000,59936,10097,199117383
VSWS,N,20260525,PRIZOR,ST,Prizor Viztech,650.0000,670.0000,630.1000,648.3000,46000,86,30011880
VSWS,N,20260525,PRLIND,SM,Premier Roadlines,59.9500,60.0000,59.2000,59.2000,14000,13,834350
VSWS,N,20260525,PROFX,SM,Pro FX Tech,85.0000,85.0000,85.0000,85.0000,6400,4,544000
VSWS,N,20260525,PROLIFE,SM,Prolife Industries,62.4500,62.4500,62.4500,62.4500,500,1,31225
VSWS,N,20260525,PROSTARM,EQ,Prostarm Info System,136.0000,149.0000,136.0000,142.2800,1661011,17728,238205879
VSWS,N,20260525,PROTEAN,EQ,Protean eGov Technol,651.9500,657.8500,628.1000,630.9000,694325,19596,442957754
VSWS,N,20260525,PROV,SM,Proventus Agrocom,1640.0000,1640.0000,1600.0000,1625.0000,720,7,1167436
VSWS,N,20260525,PROZONER,EQ,Prozone Realty,51.5600,52.2500,50.0400,51.2800,180152,1103,9213767
VSWS,N,20260525,PRSMJOHNSN,EQ,Prism Johnson,119.5000,119.9100,117.4500,117.5200,521308,7064,61344470
VSWS,N,20260525,PRUDENT,EQ,Prudent Corporate Ad,2687.5000,2707.9000,2662.0000,2680.8000,18613,5062,49901556
VSWS,N,20260525,PRUDMOULI,EQ,Prudential Sugar,15.5000,15.9700,15.5000,15.5600,6202,66,97106
VSWS,N,20260525,PSB,EQ,Punjab & Sind Bank,23.8000,24.1100,23.7600,24.0500,853908,3471,20425497
VSWS,N,20260525,PSFL,SM,Paramount Speciality,31.7500,31.7500,31.0000,31.0000,14000,6,435600
VSWS,N,20260525,PSPPROJECT,EQ,PSP Projects,770.0000,782.6000,767.0000,772.4500,65620,3687,50775333
VSWS,N,20260525,PSRAJ,SM,P S Raj Steels,397.0000,399.0000,397.0000,398.4000,5000,5,1992000
VSWS,N,20260525,PSUBANK,EQ,Kotak Nty PSU Bk ETF,812.0000,829.9900,807.4900,825.2900,24333,869,19925354
VSWS,N,20260525,PSUBANKADD,EQ,DSP Nifty PSU Bank,82.3700,84.0000,82.0100,83.5100,180016,319,14911319
VSWS,N,20260525,PSUBNKBEES,EQ,Nippon INft PSU BBeE,91.8600,92.5500,89.8100,92.1500,3918089,9827,358482755
VSWS,N,20260525,PSUBNKIETF,EQ,ICICI Prud Nifty PSU,81.7900,84.9500,81.7900,83.9200,306916,1557,25556360
VSWS,N,20260525,PTC,EQ,PTC India,195.0000,197.9500,189.9300,191.9300,1201066,14277,230637741
VSWS,N,20260525,PTCIL,EQ,PTC Industries,16000.0000,16300.0000,15932.0000,16279.0000,11754,3661,190062438
VSWS,N,20260525,PTL,EQ,PTL Enterprises,39.8000,39.8000,36.5500,38.0000,115214,803,4415393
VSWS,N,20260525,PULZ,SM,Pulz Electronics,22.6000,22.6000,22.6000,22.6000,2000,1,45200
VSWS,N,20260525,PUNJABCHEM,EQ,Punjab Chemicals & C,1011.0000,1030.0000,1011.0000,1026.0000,5193,422,5307531
VSWS,N,20260525,PURPLEUTED,SM,Purple United Sales,417.7000,417.7000,396.5000,404.5500,19500,71,7847763
VSWS,N,20260525,PURVA,EQ,Puravankara,229.9000,233.7000,226.0400,229.8900,494829,13919,113822497
VSWS,N,20260525,PURVFLEXI,ST,Purv Flexipack,58.5000,59.0000,56.0000,59.0000,4800,6,275680
VSWS,N,20260525,PUSHPA,SM,Pushpa Jewellers,120.5000,121.9500,119.0000,120.0000,10000,10,1204400
VSWS,N,20260525,PVP,EQ,PVP Ventures,26.3300,26.9500,25.7600,26.1300,392019,1467,10378881
VSWS,N,20260525,PVRINOX,EQ,PVR Inox,990.0000,1005.1000,979.0000,981.4000,239536,10425,237948381
VSWS,N,20260525,PVSL,EQ,Popular Vehicles & S,108.9000,110.9900,104.2000,105.4400,28406,902,3048265
VSWS,N,20260525,PVTBANIETF,EQ,ICICI Pru Nifty Pvt,26.8900,27.2000,26.8600,27.1400,6534994,3344,176526068
VSWS,N,20260525,PVTBANKADD,EQ,DSP Nifty Pvt Bank E,27.1400,27.3200,26.9500,27.2800,2524107,794,68665123
VSWS,N,20260525,PWL,EQ,Physicswallah,110.3800,112.5000,109.7500,110.9900,1789741,15476,198575790
VSWS,N,20260525,PYRAMID,EQ,Pyramid Technoplast,174.0100,179.7000,169.0100,171.9300,42202,973,7315195
VSWS,N,20260525,QGOLDHALF,EQ,Quantum Gold ETF,130.7500,131.3900,130.2700,130.7200,144340,755,18872374
VSWS,N,20260525,QMSMEDI,SM,QMS Medical Allied S,82.1000,83.5000,80.2500,83.5000,6000,3,489850
VSWS,N,20260525,QNIFTY,EQ,Quantum Nifty 50 ETF,261.8000,264.9000,261.6000,263.2000,3782,82,994242
VSWS,N,20260525,QPOWER,BE,Quality Power Electr,1159.7000,1165.2000,1070.0000,1079.0000,262876,10921,289493561
VSWS,N,20260525,QUADFUTURE,EQ,Quadrant Future Tek,290.8500,292.9000,287.0500,288.6500,150201,3442,43475010
VSWS,N,20260525,QUADPRO,SM,Quadpro ITeS,2.1500,2.1500,2.1500,2.1500,12000,1,25800
VSWS,N,20260525,QUAL30IETF,EQ,ICICI Pru Nfty 200 Q,20.8200,21.0400,20.8200,20.9400,47878,208,1002846
VSWS,N,20260525,QUALITY30,EQ,Kotak Nifty200 Quali,20.5400,20.6200,20.4600,20.5000,18679,52,383439
VSWS,N,20260525,QUESS,EQ,Quess Corp,204.9600,207.7000,203.7700,206.1800,166815,5317,34333642
VSWS,N,20260525,QUESTLAB,SM,Quest Laboratories,109.0000,116.1000,109.0000,115.4500,50400,36,5722980
VSWS,N,20260525,QUICKHEAL,EQ,Quick Heal Technolog,200.0000,205.8600,193.5200,195.2000,1543181,19613,305918265
VSWS,N,20260525,QUINT,EQ,Quint Digital,40.5100,43.2000,40.5100,41.1000,13730,127,577473
VSWS,N,20260525,QUINTEGRA,BE,Quintegra Solutions,1.3000,1.3600,1.2800,1.3500,5348,23,7236
VSWS,N,20260525,QVCEL,SM,QVC Exports,25.2000,25.2000,25.2000,25.2000,1600,1,40320
VSWS,N,20260525,RACE,BE,Race Eco Chain,124.8000,124.8000,121.5000,121.9600,1436,35,175948
VSWS,N,20260525,RACLGEAR,EQ,RACL Geartech,1420.0000,1474.2000,1394.2000,1422.9000,66205,5658,94804777
VSWS,N,20260525,RADAAN,EQ,Radaan Mediaworks (I,3.2600,3.2600,3.0100,3.0400,34502,157,106541
VSWS,N,20260525,RADHIKAJWE,EQ,Radhika Jeweltech,58.1500,58.7900,57.0000,57.2200,123017,1881,7106433
VSWS,N,20260525,RADIANTCMS,EQ,Radiant Cash Mgnt Se,41.4000,41.9300,40.0000,41.4100,107076,1268,4424226
VSWS,N,20260525,RADICO,EQ,Radico Khaitan,3585.5000,3588.0000,3535.6000,3539.4000,119213,19641,423401602
VSWS,N,20260525,RADIOCITY,EQ,Music Broadcast,6.1300,6.1900,6.0100,6.1500,80545,109,493336
VSWS,N,20260525,RADIOWALLA,SM,Radiowalla Network,29.7500,29.7500,28.3000,28.3000,20800,13,594160
VSWS,N,20260525,RAILTEL,EQ,RailTel Corporation,322.0500,330.0000,321.0500,328.5500,1486613,23532,487334506
VSWS,N,20260525,RAIN,EQ,Rain Industries,157.5000,183.0000,157.1000,178.9800,32105086,203536,5630617981
VSWS,N,20260525,RAINBOW,EQ,Rainbow Children's M,1365.0000,1376.9000,1317.5000,1350.0000,199598,15051,267982659
VSWS,N,20260525,RAJESHEXPO,BZ,Rajesh Exports,109.8500,112.8100,107.9000,112.8100,131033,1358,14599113
VSWS,N,20260525,RAJINDLTD,SM,Rajputana Industries,79.3000,79.3000,78.0000,78.0000,3000,2,235950
VSWS,N,20260525,RAJMET,EQ,Rajnandini Metal,3.8100,3.9500,3.8100,3.8900,202142,763,788222
VSWS,N,20260525,RAJOOENG,EQ,Rajoo Engineers,54.3100,58.4000,54.3100,57.8700,433364,3637,24702817
VSWS,N,20260525,RAJPALAYAM,EQ,Rajapalayam Mills,813.9500,847.8000,805.5500,814.8500,2067,157,1699493
VSWS,N,20260525,RAJPUTANA,SM,Rajputana Biodiesel,278.0000,278.0000,232.2500,237.3500,9000,17,2189925
VSWS,N,20260525,RAJRATAN,EQ,Rajratan Global Wire,421.8500,426.0000,414.6000,423.2500,58188,3020,24514974
VSWS,N,20260525,RAJRILTD,BE,Raj Rayon Industries,19.9500,20.2100,19.5600,20.2000,14196,85,285592
VSWS,N,20260525,RAJSREESUG,EQ,Rajshree Sugars,36.4000,36.4000,35.1000,35.2400,23378,298,825675
VSWS,N,20260525,RAJTV,EQ,Raj Television Netwo,20.9900,21.2000,20.6200,20.8700,26666,92,558924
VSWS,N,20260525,RALLIS,EQ,Rallis India,253.6500,259.8000,251.7000,253.1500,499239,13715,127417413
VSWS,N,20260525,RAMANEWS,EQ,Shree Rama Newsprint,29.2900,29.9900,28.1000,28.8100,25382,224,738263
VSWS,N,20260525,RAMAPHO,EQ,Rama Phosphates,120.0500,124.1800,120.0500,121.9800,43438,1742,5321946
VSWS,N,20260525,RAMASTEEL,EQ,Rama Steel Tubes,5.3800,5.3800,5.2900,5.3100,3375462,5187,17966659
VSWS,N,20260525,RAMCOCEM,EQ,Ramco Cements,929.0000,949.0000,902.1500,906.4500,386591,18745,355672973
VSWS,N,20260525,RAMCOIND,EQ,Ramco Industries,282.7000,302.4000,281.6500,291.9000,168761,3564,49665257
VSWS,N,20260525,RAMCOSYS,EQ,Ramco Systems,489.3500,515.8000,473.0000,484.2500,4609704,82761,2284290690
VSWS,N,20260525,RAMKY,EQ,Ramky Infrastructure,445.0000,471.4000,439.6500,459.3500,113504,3780,52030029
VSWS,N,20260525,RAMRAT,EQ,Ram Ratna Wires,442.0000,475.2000,442.0000,470.4500,497078,12367,230266726
VSWS,N,20260525,RANASUG,EQ,Rana Sugars,12.7600,12.9100,12.5100,12.6300,161980,693,2054087
VSWS,N,20260525,RANEHOLDIN,EQ,Rane Holdings,1398.0000,1445.0000,1384.3000,1397.2000,13950,1331,19684461
VSWS,N,20260525,RAPIDFLEET,SM,Rapid Fleet Manageme,192.5000,195.7000,192.5000,195.7000,8400,14,1632930
VSWS,N,20260525,RAPPID,SM,Rappid Valves (India,249.9500,264.9000,249.9500,264.9000,9000,15,2317110
VSWS,N,20260525,RATEGAIN,EQ,RateGain Travel Tech,717.0000,743.7000,699.0000,725.8500,1298957,37979,945397642
VSWS,N,20260525,RATNAMANI,EQ,Ratnamani Metals,2567.0000,2608.1000,2528.1000,2537.8000,31317,5595,80344122
VSWS,N,20260525,RATNAVEER,EQ,Ratnaveer Precision,184.0000,185.2500,173.8900,176.8100,2980171,18123,527535914
VSWS,N,20260525,RAYMOND,EQ,Raymond,557.0500,569.0000,548.6000,558.9000,858125,16131,479154365
VSWS,N,20260525,RAYMONDLSL,EQ,Raymond Lifestyle,713.0000,733.8500,713.0000,729.3500,170727,6175,123807956
VSWS,N,20260525,RAYMONDREL,EQ,Raymond Realty,564.4000,613.1500,564.4000,613.1500,893264,19969,533109071
VSWS,N,20260525,RBA,EQ,Restaurant Brands As,68.2000,68.4600,67.7000,68.0600,1004381,3957,68295390
VSWS,N,20260525,RBLBANK,EQ,RBL Bank,340.0000,346.6500,337.4500,343.3500,5674878,57092,1943419928
VSWS,N,20260525,RBMINFRA,SM,RBM Infracon,379.0000,379.0000,334.0000,342.2500,46000,188,15928240
VSWS,N,20260525,RBS,ST,Ramdevbaba Solvent,98.0000,98.0000,95.5000,95.5000,4800,6,465200
VSWS,N,20260525,RBZJEWEL,EQ,RBZ Jewellers,124.0000,125.7900,123.0000,124.0900,49954,1000,6193379
VSWS,N,20260525,RCDL,SM,Rajgor Castor Deriva,28.8000,30.1000,26.4000,28.0000,156000,51,4327500
VSWS,N,20260525,RCF,EQ,R C F,132.0000,132.5900,129.6000,130.6900,1938127,15411,253618025
VSWS,N,20260525,RCOM,BE,Reliance Communicati,0.9200,0.9200,0.9100,0.9100,3066331,2071,2805271
VSWS,N,20260525,READYMIX,SM,Readymix Const Machi,86.0000,86.0000,83.5000,86.0000,8000,7,675300
VSWS,N,20260525,RECLTD,EQ,REC,340.0000,345.0000,340.0000,342.2000,3489013,31723,1194017572
VSWS,N,20260525,REDINGTON,EQ,Redington,225.7800,226.1500,221.8600,224.1400,2798806,44654,626597645
VSWS,N,20260525,REDTAPE,EQ,Redtape,135.9000,136.0000,130.4700,133.1700,1113377,25557,148499323
VSWS,N,20260525,REFEX,EQ,Refex Industries,285.0000,288.6000,280.5500,284.1500,1024579,11550,291656631
VSWS,N,20260525,REFRACTORY,SM,Refractory Shapes,38.1500,38.1500,37.2000,37.2000,43000,18,1617600
VSWS,N,20260525,REGAAL,BE,Regaal Resources,90.0000,91.5000,87.4200,90.6900,306684,1059,27754704
VSWS,N,20260525,REGENCERAM,EQ,Regency Ceramics,40.7600,42.1900,40.6000,42.0000,1083,31,44719
VSWS,N,20260525,RELAXO,EQ,Relaxo Footwears,296.0000,302.9000,294.9000,298.7500,60232,3358,18042330
VSWS,N,20260525,RELCHEMQ,EQ,Reliance Chemotex,124.4900,125.5000,121.4500,123.1000,2682,203,330947
VSWS,N,20260525,RELIABLE,EQ,Reliable Data Servic,131.2300,134.0100,129.3200,133.2400,136620,644,18259192
VSWS,N,20260525,RELIANCE,EQ,Reliance Industries,1366.8000,1371.1000,1357.0000,1367.0000,6750071,139554,9201071111
VSWS,N,20260525,RELIGARE,EQ,Religare Enterprises,243.0000,246.3000,235.5400,236.6000,951153,13689,229886016
VSWS,N,20260525,RELINFRA,BE,Reliance Infrastruct,64.0800,64.0800,64.0800,64.0800,455343,1429,29178379
VSWS,N,20260525,RELTD,EQ,Ravindra Energy,129.8900,130.5000,126.3100,127.6300,58803,1401,7540008
VSWS,N,20260525,REMSONSIND,EQ,Remsons Industries,92.2000,95.0000,90.4100,93.4800,242498,3407,22478814
VSWS,N,20260525,REMUS,SM,Remus Pharmaceutical,755.0000,783.0000,748.1000,754.0000,5900,53,4504495
VSWS,N,20260525,RENUKA,EQ,Shree Renuka Sugars,24.0000,24.1400,23.5500,23.6600,4483781,11658,106406654
VSWS,N,20260525,REPCOHOME,EQ,Repco Home Finance,389.0500,397.0000,386.6500,396.2000,140051,3789,54957068
VSWS,N,20260525,REPL,EQ,Rudrabhishek Enterpr,74.2000,74.5000,72.1100,73.7000,3271,48,241429
VSWS,N,20260525,REPRO,EQ,Repro India,371.5500,390.0000,371.0000,385.1000,43205,1103,16604951
VSWS,N,20260525,RESPONIND,EQ,Responsive Industrie,168.4500,175.9300,167.2000,174.5000,176826,2827,30479855
VSWS,N,20260525,RETAIL,EQ,JHS Svendgaard Retai,19.0600,20.8500,19.0500,20.7800,1401,55,27771
VSWS,N,20260525,REXPIPES,SM,Rex Pipes & Cables I,188.0000,188.0000,188.0000,188.0000,1000,1,188000
VSWS,N,20260525,REXPRO,SM,Rexpro Enterprises,43.9500,43.9500,43.7500,43.7500,2000,2,87700
VSWS,N,20260525,RFBL,ST,RFBL Flexi Pack,66.8500,66.8500,66.8000,66.8500,384000,69,25669500
VSWS,N,20260525,RGL,EQ,Renaissance Global,101.8500,107.0000,101.3300,103.8700,291057,2452,29980032
VSWS,N,20260525,RHETAN,EQ,Rhetan TMT,29.2000,29.6000,29.0800,29.5400,4657189,2805,136861680
VSWS,N,20260525,RHFL,BZ,Reliance Home Financ,2.1900,2.2600,2.1000,2.2200,931539,1136,1992007
VSWS,N,20260525,RHIM,EQ,RHI Magnesita India,395.0500,409.2000,394.5500,403.1500,182906,8056,73796508
VSWS,N,20260525,RHL,EQ,Robust Hotels,192.9100,194.0000,190.0500,190.1500,2295,30,437342
VSWS,N,20260525,RICHA,SM,Richa Info Systems,85.5000,86.0000,85.5000,86.0000,2000,2,171500
VSWS,N,20260525,RICOAUTO,EQ,RICO Auto Industries,121.9000,123.0000,119.1000,119.7600,1077787,7492,130125670
VSWS,N,20260525,RIIL,EQ,Reliance Indl Infra,760.0000,767.0000,757.0500,758.9500,46724,2381,35570137
VSWS,N,20260525,RILINFRA,SM,Rachana Infrastructu,32.9000,35.0000,32.0000,34.6000,43400,142,1462640
VSWS,N,20260525,RISHABH,EQ,Rishabh Instruments,524.0000,563.4000,517.6000,549.9000,765860,20092,419879850
VSWS,N,20260525,RITCO,EQ,Ritco Logistics,264.7500,274.8000,262.9200,263.8800,86089,1240,22914366
VSWS,N,20260525,RITES,EQ,RITES,204.8800,208.9000,204.8000,207.3000,528104,11644,109444153
VSWS,N,20260525,RITEZONE,ST,Rite Zone Chemcon In,21.2000,21.3000,20.9500,21.1500,9600,6,203040
VSWS,N,20260525,RKDL,EQ,Ravi Kumar Distiller,21.1000,22.2600,20.8500,21.1300,28100,236,604062
VSWS,N,20260525,RKEC,EQ,RKEC Projects,32.8700,33.9900,31.6400,33.8400,39162,326,1288694
VSWS,N,20260525,RKFORGE,EQ,Ramkrishna Forgings,556.8000,575.8000,556.8000,571.9500,216919,8206,123639204
VSWS,N,20260525,RKSWAMY,EQ,R K Swamy,99.9800,100.0000,97.3000,98.6900,23673,558,2334449
VSWS,N,20260525,RMC,BE,RMC Switchgears,400.0000,400.0000,385.0000,391.8500,40725,343,16018658
VSWS,N,20260525,RMDRIP,EQ,R M Drip & Sprinkler,19.3800,19.3800,18.6000,18.9600,610503,2287,11551037
VSWS,N,20260525,RML,EQ,Rane (Madras),944.8000,953.5500,920.1000,927.6000,55347,2941,52014992
VSWS,N,20260525,RNBDENIMS,EQ,R&B Denims,10.8800,11.1200,10.8600,11.0100,459253,1094,5047547
VSWS,N,20260525,RNFI,SM,RNFI Services,287.0500,292.0000,284.5000,290.7500,13200,22,3797850
VSWS,N,20260525,RNPL,SM,Renol Polychem,102.0000,102.0000,96.0000,97.2500,15600,13,1552200
VSWS,N,20260525,ROCKINGDCE,SM,Rockingdeals Circula,190.0000,206.8000,187.0000,201.0000,2750,10,546513
VSWS,N,20260525,ROHLTD,EQ,Royal Orchid Hotels,337.0000,345.9000,336.5000,339.6000,14873,596,5038565
VSWS,N,20260525,ROLEXRINGS,EQ,Rolex Rings,145.0000,147.4700,143.2700,143.6700,1129059,7484,163293076
VSWS,N,20260525,ROLLT,BE,Rollatainers,2.0700,2.1600,2.0500,2.0600,367576,207,780027
VSWS,N,20260525,ROML,EQ,Raj Oil Mills,45.2600,47.3500,45.2600,45.7000,1571,24,72217
VSWS,N,20260525,ROSSARI,EQ,Rossari Biotech,525.1000,547.0000,520.6000,538.4500,226145,9818,121764073
VSWS,N,20260525,ROSSELLIND,EQ,Rossell India,53.5300,56.8400,53.5300,55.5400,56068,903,3111499
VSWS,N,20260525,ROSSTECH,EQ,Rossell Techsys,924.6000,1080.0000,924.6000,1018.8500,922938,44864,952337222
VSWS,N,20260525,ROTO,EQ,Roto Pumps,59.2900,59.3700,57.1500,57.6600,229454,2154,13370956
VSWS,N,20260525,ROUTE,EQ,Route Mobile,515.0500,524.0500,511.4500,516.5500,170225,7265,88260603
VSWS,N,20260525,ROXHITECH,ST,Rox Hi-Tech,33.1000,33.1000,33.1000,33.1000,1600,1,52960
VSWS,N,20260525,ROYALARC,SM,Royal Arc Electrodes,153.0000,153.0000,153.0000,153.0000,1200,1,183600
VSWS,N,20260525,RPEL,EQ,Raghav Productivity,948.6500,965.0000,942.0000,951.2500,63479,3035,60423389
VSWS,N,20260525,RPGLIFE,EQ,RPG Life Sciences,2308.0000,2327.9000,2243.0000,2253.7000,10256,1309,23379689
VSWS,N,20260525,RPOWER,EQ,Reliance Power,27.3900,27.5800,26.6000,26.7300,33773650,43879,909470929
VSWS,N,20260525,RPPINFRA,EQ,RPP Infra Projects,71.9500,74.5000,71.7100,72.4800,50623,976,3689076
VSWS,N,20260525,RPPL,EQ,Rajshree PolyPack,16.5000,16.7300,16.4300,16.4300,17005,60,280364
VSWS,N,20260525,RPSGVENT,EQ,RPSG Ventures,907.0000,941.9500,905.0000,932.0000,42814,1787,39863657
VSWS,N,20260525,RPTECH,EQ,Rashi Peripherals,546.5500,551.0000,542.2500,547.4000,76088,3147,41638712
VSWS,N,20260525,RRIL,EQ,RRIL,20.4000,21.2800,19.6000,20.2600,21944,168,447937
VSWS,N,20260525,RRKABEL,EQ,R R Kabel,1979.0000,2007.9000,1955.1000,1989.1000,730185,34529,1450199930
VSWS,N,20260525,RSDFIN,EQ,RSD Finance,96.9000,96.9000,87.5000,90.4500,585,57,53837
VSWS,N,20260525,RSL,EQ,Rajputana Stainless,132.5000,136.7000,131.1500,131.6100,1686958,6174,227364480
VSWS,N,20260525,RSSOFTWARE,BE,RS Software (India),32.6300,33.4500,32.1100,32.8300,28553,172,938019
VSWS,N,20260525,RSWM,EQ,RSWM,171.0000,175.7100,169.6500,173.7800,53717,1144,9299677
VSWS,N,20260525,RSYSTEMS,EQ,R Systems Internatio,270.0000,273.6000,266.4000,267.4000,175592,3964,47309981
VSWS,N,20260525,RTNINDIA,EQ,RattanIndia Enterpri,35.0000,35.7500,34.8500,34.9600,1298702,6453,45789391
VSWS,N,20260525,RTNPOWER,EQ,RattanIndia Power,9.2200,9.3000,9.1800,9.1900,7820301,11492,72193707
VSWS,N,20260525,RUBFILA,EQ,Rubfila Internationa,80.5000,81.0000,78.1200,79.0000,36543,577,2893162
VSWS,N,20260525,RUBICON,EQ,Rubicon Research,959.0000,963.1500,940.1500,944.5500,89950,6777,85305570
VSWS,N,20260525,RUBYMILLS,EQ,Ruby Mills,233.2000,273.1000,230.0000,273.1000,545398,6832,144607948
VSWS,N,20260525,RUCHINFRA,EQ,Ruchi Infrastructure,6.4600,6.4600,5.9700,6.2100,178418,524,1099745
VSWS,N,20260525,RUCHIRA,EQ,Ruchira Papers,125.2500,126.8400,124.7000,125.9700,19177,478,2407118
VSWS,N,20260525,RUDRA,BE,Rudra Global Infra P,19.4400,19.4400,18.7000,18.8900,78251,196,1487819
VSWS,N,20260525,RULKA,SM,Rulka Electricals,95.0000,95.0000,95.0000,95.0000,1500,4,142500
VSWS,N,20260525,RUPA,EQ,Rupa & Company,148.0000,149.6800,147.0400,148.8600,85460,1641,12697054
VSWS,N,20260525,RUSHIL,EQ,Rushil Decor,15.8600,16.4500,15.6100,15.7300,579301,1130,9278043
VSWS,N,20260525,RUSTOMJEE,EQ,Keystone Realtors,398.9000,404.3500,395.0500,402.1500,27975,1840,11216705
VSWS,N,20260525,RVHL,EQ,Ravinder Heights,38.9300,40.1000,37.0000,37.2500,115654,655,4458686
VSWS,N,20260525,RVNL,EQ,Rail Vikas Nigam,274.1500,275.8500,272.0000,272.4500,7242974,42166,1979262691
VSWS,N,20260525,RVTH,EQ,Revathi Equipment In,677.0000,803.1500,677.0000,799.4500,18869,1207,14753916
VSWS,N,20260525,S&SPOWER,BE,S&S Power Switchgear,368.3500,368.3500,368.3500,368.3500,517,9,190437
VSWS,N,20260525,SAAKSHI,SM,Saakshi Medtech & Pa,228.0000,230.0000,228.0000,230.0000,10800,10,2467200
VSWS,N,20260525,SAATVIKGL,EQ,Saatvik Green Energy,434.9500,447.8000,433.0000,444.5000,130074,3887,57626760
VSWS,N,20260525,SABEVENTS,BE,SAB Events & Gov Now,7.9900,8.0000,7.9900,7.9900,62867,56,502404
VSWS,N,20260525,SACHEEROME,SM,Sacheerome,335.1000,341.0000,318.3000,327.3000,72600,169,23891985
VSWS,N,20260525,SADBHAV,BE,Sadbhav Engineering,8.9900,9.1900,8.9200,9.1900,79579,142,723191
VSWS,N,20260525,SADBHIN,EQ,Sadbhav Infrastructu,2.6900,2.7200,2.6500,2.7100,82570,186,222041
VSWS,N,20260525,SADHAV,SM,Sadhav Shipping,108.3500,118.1000,107.6500,112.9500,40200,57,4550790
VSWS,N,20260525,SADHNANIQ,BE,Sadhana Nitrochem,2.3100,2.3600,2.3100,2.3600,6062743,370,14182667
VSWS,N,20260525,SAFARI,EQ,Safari Industries,1539.0000,1543.4000,1499.3000,1515.3000,63205,5653,95610866
VSWS,N,20260525,SAFEENTP,SM,Safe Enterprises Ret,268.0000,268.0000,261.0000,265.3000,34500,56,9133450
VSWS,N,20260525,SAGARDEEP,EQ,Sagardeep Alloys,25.5000,28.4000,25.5000,26.9300,671528,2442,18703402
VSWS,N,20260525,SAGCEM,EQ,Sagar Cements,184.4600,184.4600,181.3500,182.4800,41548,1226,7589474
VSWS,N,20260525,SAGILITY,EQ,Sagility,41.6900,41.9900,41.3300,41.8000,8218373,21016,342707925
VSWS,N,20260525,SAHAJSOLAR,SM,Sahaj Solar,144.7500,149.8000,142.1000,147.4000,26800,63,3943340
VSWS,N,20260525,SAHANA,SM,Sahana System,801.3000,809.0000,793.0000,796.3500,11500,50,9216438
VSWS,N,20260525,SAHASRA,ST,Sahasra Electronic S,345.0000,354.9000,343.1000,348.2000,47600,96,16607440
VSWS,N,20260525,SAHLIBHFI,EQ,Shalibhadra Finance,72.0000,72.0000,70.2000,70.7500,3727,114,265219
VSWS,N,20260525,SAHYADRI,EQ,Sahyadri Industries,311.9000,315.0000,296.0000,304.9000,6678,335,2045499
VSWS,N,20260525,SAIFL,SM,Sameera Agro & Infra,6.2000,6.2000,5.7000,5.8000,1192000,228,7109800
VSWS,N,20260525,SAIL,EQ,S A I L,202.4000,203.3200,196.1100,198.3200,22355175,94414,4439713300
VSWS,N,20260525,SAILIFE,EQ,Sai Life Sciences,1116.9000,1184.8000,1108.5000,1175.9000,851643,25664,980828665
VSWS,N,20260525,SAIPARENT,EQ,Sai Parenteral's,508.0000,508.0000,486.0000,489.8000,299426,5800,148337607
VSWS,N,20260525,SAJHOTELS,SM,Saj Hotels,39.0000,39.9000,39.0000,39.2000,6000,3,236200
VSWS,N,20260525,SAKAR,EQ,Sakar Healthcare,766.8500,837.7500,740.0000,801.0000,244154,8400,197058282
VSWS,N,20260525,SAKHTISUG,EQ,Sakthi Sugars,17.6000,18.1500,17.6000,17.9600,58077,388,1040045
VSWS,N,20260525,SAKSOFT,EQ,Saksoft,140.5000,153.0000,139.9900,144.0100,2186402,17065,323533819
VSWS,N,20260525,SAKUMA,BE,Sakuma Exports,1.7400,1.8000,1.7300,1.7600,581671,828,1026820
VSWS,N,20260525,SALASAR,EQ,Salasar Techno Engin,7.0000,7.2600,7.0000,7.1600,3863636,3747,27733422
VSWS,N,20260525,SALONA,EQ,Salona Cotspin,277.0000,281.8000,270.0000,276.7000,368,40,101523
VSWS,N,20260525,SALSTEEL,BE,S A L Steel,56.5100,59.9000,55.5600,56.2100,54475,370,3096889
VSWS,N,20260525,SALZERELEC,EQ,Salzer Electronics,660.0000,675.0000,637.0000,650.4500,391140,13207,256041946
VSWS,N,20260525,SAMBHAAV,EQ,Sambhaav Media,7.1400,7.3800,6.9100,7.3200,48383,177,348748
VSWS,N,20260525,SAMBHV,EQ,Sambhv Steel Tubes,108.4400,110.3800,107.0500,107.4200,1059585,7571,114859016
VSWS,N,20260525,SAMHI,EQ,Samhi Hotels,152.7700,164.4000,152.6100,162.5100,3373524,32106,539639670
VSWS,N,20260525,SAMMAANCAP,EQ,Sammaan Capital,163.6000,169.1800,161.7500,168.5600,41737350,120189,6962755213
VSWS,N,20260525,SAMPANN,EQ,Sampann Utpadan Indi,26.4600,28.5000,26.4600,27.6100,44115,385,1204921
VSWS,N,20260525,SANATHAN,EQ,Sanathan Textiles,408.4000,413.1000,400.0000,403.1500,16441,1900,6692609
VSWS,N,20260525,SANCO,BZ,Sanco Industries,4.1200,4.1200,3.7400,3.8000,30745,72,118782
VSWS,N,20260525,SANDESH,EQ,Sandesh,1000.0000,1021.0000,1000.0000,1017.9000,401,77,406776
VSWS,N,20260525,SANDHAR,EQ,Sandhar Technologies,638.0000,733.9000,626.4500,705.6000,6509641,152846,4495632405
VSWS,N,20260525,SANDUMA,EQ,Sandur Manganese,228.0000,238.8000,227.4300,232.4200,1868953,35857,437054798
VSWS,N,20260525,SANGAMIND,EQ,Sangam India,495.7000,518.8000,495.7000,513.8500,57290,1926,29138886
VSWS,N,20260525,SANGANI,SM,Sangani Hospitals,49.4000,49.5000,49.4000,49.4000,7500,4,370650
VSWS,N,20260525,SANGHVIMOV,EQ,Sanghvi Movers,357.8000,380.0000,356.1000,378.6000,915210,18410,339062048
VSWS,N,20260525,SANGINITA,BE,Sanginita Chemicals,26.9800,26.9800,26.9800,26.9800,36545,83,985984
VSWS,N,20260525,SANOFI,EQ,Sanofi India,3180.0000,3199.5000,3151.6000,3181.9000,51527,8286,163495591
VSWS,N,20260525,SANOFICONR,EQ,Sanofi Consumer Heal,4726.5000,4740.5000,4580.0000,4609.6000,7006,1802,32503636
VSWS,N,20260525,SANSERA,EQ,Sansera Engineering,2870.0000,2943.9000,2859.3000,2905.2000,332408,31390,968321182
VSWS,N,20260525,SANSTAR,EQ,Sanstar,117.3000,118.4800,102.6000,103.9700,2783804,24612,297670758
VSWS,N,20260525,SANWARIA,BZ,Sanwaria Consumer,0.2400,0.2500,0.2300,0.2400,672368,221,162296
VSWS,N,20260525,SAPPHIRE,EQ,Sapphire Foods India,182.0900,186.3500,180.5000,184.9200,279748,7404,51576483
VSWS,N,20260525,SAPPL,EQ,Shree Ajit Pulp and,314.3500,317.9000,296.7000,311.2500,3012,84,917462
VSWS,N,20260525,SARDAEN,EQ,Sarda Energy & Mine,572.0000,578.8000,539.0000,543.9000,1460033,30538,805736691
VSWS,N,20260525,SAREGAMA,EQ,Saregama India,407.5000,407.5000,395.1000,397.6000,899266,14475,360133599
VSWS,N,20260525,SARLAPOLY,EQ,Sarla Performance,96.4000,99.4800,95.0000,97.8300,239142,2443,23191512
VSWS,N,20260525,SARTELE,SM,Sar Televenture,146.0000,146.0000,135.0000,140.2000,103000,136,14460300
VSWS,N,20260525,SARVESHWAR,BE,Sarveshwar Foods,3.7300,3.7600,3.7000,3.7300,896063,1302,3344223
VSWS,N,20260525,SASKEN,EQ,Sasken Technologies,1862.0000,1940.0000,1792.1000,1924.4000,286800,23064,544092583
VSWS,N,20260525,SATECH,SM,S A Tech Software In,43.2000,43.8500,42.7500,43.3500,15000,15,648150
VSWS,N,20260525,SATIA,EQ,Satia Industries,62.2000,63.0000,55.0000,58.8800,1009729,5561,58883378
VSWS,N,20260525,SATIN,EQ,Satin Creditcare Net,212.0000,218.9300,211.7700,216.2500,283590,4729,61315118
VSWS,N,20260525,SATKARTAR,ST,Sat Kartar Life,172.1000,178.5000,172.1000,177.0000,10400,12,1833680
VSWS,N,20260525,SATTVAENGG,SM,Sattva Engin Constru,63.7000,63.7000,63.7000,63.7000,1600,1,101920
VSWS,N,20260525,SAURASHCEM,EQ,Saurashtra Cement,61.7500,62.3000,60.2000,61.2600,41834,388,2574524
VSWS,N,20260525,SAVY,SM,Savy Infra And Logis,159.4000,163.4500,159.2000,160.0500,7200,6,1153800
VSWS,N,20260525,SAWALIYA,SM,Sawaliya Food Produc,284.0000,284.0000,277.0000,277.5000,6000,8,1672830
VSWS,N,20260525,SBC,EQ,SBC Exports,38.6900,39.5900,38.4000,38.8300,15171770,9805,588636349
VSWS,N,20260525,SBCL,EQ,Shivalik Bimetal,686.5000,721.2000,686.0000,697.7500,657114,27100,465181731
VSWS,N,20260525,SBFC,EQ,SBFC Finance,92.9000,94.5000,91.6200,93.2100,780968,6528,72525772
VSWS,N,20260525,SBGLP,EQ,Suratwwala Business,26.2000,27.5000,25.0300,25.5900,157482,674,4115853
VSWS,N,20260525,SBIBPB,EQ,SBI BSE PSU Bank ETF,46.8200,48.0000,46.8200,47.8800,129554,717,6168346
VSWS,N,20260525,SBICARD,EQ,SBI Cards And Paymen,624.4000,631.8000,623.2000,630.3000,517158,10286,324646552
VSWS,N,20260525,SBIETFCON,EQ,SBI MF - SBI ETF Con,118.4800,118.4800,116.8500,117.5000,18245,149,2138082
VSWS,N,20260525,SBIETFIT,EQ,SBI ETF IT,327.0900,327.0900,316.0000,320.3900,6803,241,2183872
VSWS,N,20260525,SBIETFPB,EQ,SBI ETF Private Bank,274.6200,274.9500,270.3500,273.8400,8732,144,2379806
VSWS,N,20260525,SBIETFQLTY,EQ,SBI ETF Quality,221.3000,221.7800,219.3800,220.1800,3768,65,828385
VSWS,N,20260525,SBILIFE,EQ,SBI Life Ins Co,1881.5000,1905.0000,1879.8000,1901.9000,445135,20834,842399480
VSWS,N,20260525,SBILIQETF,EQ,SBI NIFTY 1DR LiqETF,1040.2200,1040.2400,1040.2200,1040.2300,6018,34,6260053
VSWS,N,20260525,SBIMIDMOM,EQ,SBI Nifty Midcap 150,63.5700,63.9700,62.5500,63.4300,24004,115,1522355
VSWS,N,20260525,SBIN,EQ,State Bank of India,959.9000,972.5000,957.5000,969.6000,10934747,182636,10533628661
VSWS,N,20260525,SBINEQWETF,EQ,SBI Nifty50 Equal We,32.8500,33.9700,32.8500,33.2100,74429,666,2469460
VSWS,N,20260525,SBINMID150,EQ,SBI Nfty Midcap 150,23.6800,23.6800,22.3700,22.7300,9988,115,226799
VSWS,N,20260525,SBISILVER,EQ,SBI Silver ETF,261.0200,263.4200,260.0200,262.1500,1089431,7960,285273154
VSWS,N,20260525,SBISMLETF,EQ,Sbi Nifty SMLCAP 250,17.0200,17.0400,16.8800,16.9800,38262,88,649896
VSWS,N,20260525,SBIVALETF,EQ,SBI Nifty200 Valu 30,15.6000,16.4000,15.5100,15.6400,18060,37,281209
VSWS,N,20260525,SCANSTL,EQ,Scan Steels,39.8800,40.0000,38.1300,38.4200,65494,299,2579896
VSWS,N,20260525,SCHAEFFLER,EQ,Schaeffler India,4100.0000,4135.6000,4066.6000,4102.7000,32247,7437,132004036
VSWS,N,20260525,SCHAND,EQ,S Chand & Company,184.2000,184.5000,170.9700,172.1900,160725,4580,28091806
VSWS,N,20260525,SCHNEIDER,EQ,Schneider Electric I,1328.0000,1372.9000,1317.7000,1364.7000,339190,13105,462441475
VSWS,N,20260525,SCI,EQ,Shipping Corporation,318.6500,321.5500,300.3500,302.7500,10236255,100599,3150863760
VSWS,N,20260525,SCILAL,EQ,Ship Corp Land & Ast,45.9100,46.4400,45.4000,45.8600,456796,2095,21002618
VSWS,N,20260525,SCML,SM,Sharp Chucks and Mac,95.2500,95.3000,93.6000,94.7500,18000,16,1703600
VSWS,N,20260525,SCODATUBES,EQ,Scoda Tubes,136.8000,140.0000,136.8000,138.5000,240478,3688,33326536
VSWS,N,20260525,SCPL,BE,Sheetal Cool Product,444.9000,444.9000,419.7000,419.7000,42933,290,18114786
VSWS,N,20260525,SDBL,EQ,Som Disti & Brewe,85.4500,87.6900,85.4500,87.2900,377949,4160,32826084
VSWS,N,20260525,SDREAMS,SM,S D Retail,90.0000,90.0000,90.0000,90.0000,1000,1,90000
VSWS,N,20260525,SEAMECLTD,EQ,SEAMEC,1650.0000,1697.9000,1616.9000,1631.7000,165539,13184,274138877
VSWS,N,20260525,SECL,ST,Salasar Exteriors &,3.1500,3.1500,3.1500,3.1500,18750,3,59063
VSWS,N,20260525,SECMARK,EQ,SecMark Consultancy,115.4000,126.0600,115.4000,125.2600,4288,90,528707
VSWS,N,20260525,SECURKLOUD,EQ,Securekloud Technolo,21.0000,21.5000,20.3200,20.7900,23601,125,495209
VSWS,N,20260525,SEDEMAC,EQ,Sedemac Mechatronics,2011.0000,2075.0000,1972.3000,2064.4000,123859,10697,251729602
VSWS,N,20260525,SEIL,EQ,Shanti Educational I,200.0000,200.9900,195.0000,195.9900,356210,8247,70615030
VSWS,N,20260525,SEJALLTD,BE,Sejal Glass,794.9000,794.9000,766.1000,774.4000,4180,131,3262736
VSWS,N,20260525,SEL,ST,Sungarner Energies,204.7500,204.7500,200.0000,200.0000,1400,7,283800
VSWS,N,20260525,SELECTIPO,EQ,Mirae Asset BSE Sele,43.9500,43.9500,43.3600,43.4600,7054,78,306472
VSWS,N,20260525,SELLOWRAP,SM,Sellowrap Industries,73.8000,73.8000,73.0000,73.7500,8000,4,588880
VSWS,N,20260525,SELMC,EQ,SEL Manufacturing Co,30.3200,30.7800,28.9000,29.7500,7994,178,238462
VSWS,N,20260525,SEMAC,BE,Semac Construction,296.0000,315.4500,296.0000,312.3500,1084,56,336831
VSWS,N,20260525,SENCO,EQ,Senco Gold,352.4000,361.6000,350.0500,353.8000,1069888,21235,381140420
VSWS,N,20260525,SENORES,EQ,Senores Pharmaceutic,1116.4500,1160.0000,1115.3500,1153.6500,269073,15616,306875499
VSWS,N,20260525,SENSEXADD,EQ,DSP BSE Sensex ETF,78.4400,78.7200,78.0100,78.4900,6594,56,515732
VSWS,N,20260525,SENSEXBETA,EQ,UTI BSE SEN ETF,838.1400,843.6900,838.1400,841.3800,2408,133,2024153
VSWS,N,20260525,SENSEXETF,EQ,Mirae Asset S&P BSE,77.8600,78.6400,77.8600,78.5800,21655,273,1698205
VSWS,N,20260525,SENSEXIETF,EQ,ICICI Pru BSE Sensex,862.8000,876.0000,862.8000,874.1500,16673,735,14549095
VSWS,N,20260525,SEPC,EQ,SEPC Ltd,7.9900,8.1900,7.6800,7.8600,29511373,17362,233715906
VSWS,N,20260525,SERVICE,SM,Service Care,47.9000,47.9000,47.9000,47.9000,4000,1,191600
VSWS,N,20260525,SERVOTECH,EQ,Servotech Renewable,94.1200,98.5000,93.9500,95.3300,1842034,13738,177073006
VSWS,N,20260525,SESHAPAPER,EQ,Seshasayee Paper,236.0000,239.0000,231.3000,235.9000,21287,604,4988476
VSWS,N,20260525,SETCO,BE,Setco Automotive,26.4600,26.4600,26.4600,26.4600,73205,69,1937004
VSWS,N,20260525,SETF10GILT,EQ,SBI ETF 10 Year Gilt,257.9100,258.5000,257.1200,257.5900,3314,62,854892
VSWS,N,20260525,SETFGOLD,EQ,SBI ETF Gold,135.6100,135.6100,134.3900,134.6400,2805239,12879,377657646
VSWS,N,20260525,SETFNIF50,EQ,SBI ETF Nifty 50,255.3000,257.8000,255.3000,257.1300,815904,10485,209299603
VSWS,N,20260525,SETFNIFBK,EQ,SBI ETF Nifty Bank,562.9400,568.0000,557.9700,566.2800,97381,2370,54925426
VSWS,N,20260525,SETFNN50,EQ,SBI ETF Nifty Next50,744.0100,760.0000,744.0100,757.9900,33769,1753,25521776
VSWS,N,20260525,SETL,EQ,Standard Engineering,132.5900,138.0400,132.0000,137.0100,347702,2976,46733269
VSWS,N,20260525,SETUINFRA,BZ,Setubandhan Infrastr,0.5700,0.5700,0.5500,0.5500,58670,38,32469
VSWS,N,20260525,SEYAIND,BE,Seya Industries,15.6000,15.7900,15.1900,15.1900,8272,94,126305
VSWS,N,20260525,SFL,EQ,Sheela Foam,645.0000,655.0000,630.9000,635.0500,382350,15404,244675872
VSWS,N,20260525,SFML,SM,Supreme Facility Man,25.8000,26.0000,25.0000,25.6000,11200,7,287760
VSWS,N,20260525,SGFIN,EQ,SG Finserve,594.4500,595.0000,576.6500,579.2000,115282,4182,67580232
VSWS,N,20260525,SGIL,EQ,Synergy Green Indust,505.8000,525.0000,502.0000,514.8500,13212,445,6740593
VSWS,N,20260525,SGL,EQ,STL Global,11.0600,11.3300,11.0400,11.1500,2377,32,26432
VSWS,N,20260525,SGMART,EQ,SG Mart,622.0000,625.1000,610.1000,612.5500,81208,3239,49992971
VSWS,N,20260525,SHADOWFAX,EQ,Shadowfax Technologi,202.4000,209.4300,195.2200,199.8600,6432853,67226,1296924261
VSWS,N,20260525,SHAH,EQ,Shah Metacorp,5.1900,5.3300,5.1000,5.2500,3784408,1656,19800880
VSWS,N,20260525,SHAHALLOYS,EQ,Shah Alloys,71.0000,72.6900,69.5500,69.8800,7739,117,543439
VSWS,N,20260525,SHAILY,EQ,Shaily Engineering P,2737.1000,2771.0000,2662.6000,2751.0000,202824,16822,555364565
VSWS,N,20260525,SHAKTIPUMP,EQ,Shakti Pumps (India),508.2500,515.4500,508.2500,511.1500,454755,14508,232610232
VSWS,N,20260525,SHALBY,EQ,Shalby,169.1000,179.8000,169.1000,172.7800,148668,2707,26037071
VSWS,N,20260525,SHALPAINTS,EQ,Shalimar Paints,50.6000,51.9000,50.3000,50.8100,48061,615,2468124
VSWS,N,20260525,SHANKARA,BE,Shankara Building Pr,129.0000,129.0000,124.2000,126.0000,38795,171,4961762
VSWS,N,20260525,SHANTHALA,SM,Shanthala FMCG Produ,25.2500,25.3000,25.2500,25.3000,2400,2,60660
VSWS,N,20260525,SHANTI,EQ,Shanti Overseas (I),6.5000,6.7700,6.5000,6.7400,13985,191,93437
VSWS,N,20260525,SHANTIGEAR,EQ,Shanthi Gears,440.7000,443.5000,440.0000,441.6000,8174,349,3606594
VSWS,N,20260525,SHANTIGOLD,EQ,Shanti Gold Internat,230.0000,233.0900,220.5000,224.5500,1374638,6701,315130638
VSWS,N,20260525,SHARDACROP,EQ,Sharda Cropchem,900.4000,959.7000,900.4000,947.9000,507564,19798,475341858
VSWS,N,20260525,SHARDAMOTR,EQ,Sharda Motor Industr,854.9500,874.5000,831.8000,844.8000,191501,9729,162041661
VSWS,N,20260525,SHARDUL,EQ,Shardul Securities,28.7000,30.1900,27.7600,28.5700,3247,65,91430
VSWS,N,20260525,SHAREINDIA,EQ,Share India Securiti,144.1200,144.1200,139.4100,139.9800,473637,3912,66731318
VSWS,N,20260525,SHARIABEES,EQ,Nippon INft50 Sha Be,473.9800,473.9800,465.0000,466.7300,3178,449,1484937
VSWS,N,20260525,SHBAJRG,EQ,Shri Bajrang Allianc,161.4800,166.5300,156.0000,157.6400,2686,119,430059
VSWS,N,20260525,SHEEL,SM,Sheel Biotech,43.9000,43.9000,43.9000,43.9000,2000,1,87800
VSWS,N,20260525,SHEETAL,SM,Sheetal Universal,290.0000,297.9500,290.0000,296.4500,1500,3,442200
VSWS,N,20260525,SHEKHAWATI,BE,Shekhawati Industrie,14.1000,14.8300,14.1000,14.8300,23429,72,342978
VSWS,N,20260525,SHEMAROO,EQ,Shemaroo Entertainme,104.0000,106.6500,102.9900,103.3400,9097,161,943862
VSWS,N,20260525,SHERA,ST,Shera Energy,168.2000,170.0000,168.2000,169.9000,13000,10,2206900
VSWS,N,20260525,SHETHJI,SM,Shreeji Global FMCG,176.0000,178.8000,160.1000,162.5000,44000,41,7270600
VSWS,N,20260525,SHIGAN,ST,Shigan Quantum Techn,86.5000,87.7500,83.0000,83.0000,16500,11,1415025
VSWS,N,20260525,SHILCTECH,EQ,Shilchar Technologie,4100.0000,4172.0000,4024.0000,4082.0000,23690,5716,96973394
VSWS,N,20260525,SHILPAMED,EQ,Shilpa Medicare,500.0000,529.8000,495.9000,512.1500,4464797,105855,2289308470
VSWS,N,20260525,SHINDL,EQ,Sharat Industries,158.0000,163.8000,154.0400,158.3900,134300,532,21153269
VSWS,N,20260525,SHIVALIK,EQ,Shivalik Rasayan,260.6000,269.9000,259.2500,264.5500,30810,1655,8185903
VSWS,N,20260525,SHIVAMAUTO,BE,Shivam Autotech,18.8500,18.8500,17.7100,18.3400,29446,87,537416
VSWS,N,20260525,SHIVAMILLS,BE,Shiva Mills,68.0000,68.0000,65.0000,67.7400,3268,37,218666
VSWS,N,20260525,SHIVASHRIT,SM,Shivashrit Foods,129.6000,129.6000,122.0000,122.6000,26000,23,3231250
VSWS,N,20260525,SHIVATEX,EQ,Shiva Texyarn,170.6000,177.9700,167.0100,168.0900,2685,35,462832
VSWS,N,20260525,SHIVAUM,EQ,Shiv Aum Steels,331.5500,333.2000,320.0000,320.0000,61,11,20116
VSWS,N,20260525,SHK,EQ,S H Kelkar & Company,128.2600,139.9000,128.2600,136.3200,904244,9629,123769182
VSWS,N,20260525,SHKSIL,SM,Shri Hare-krishna Sp,41.5000,41.6000,41.5000,41.6000,4000,2,166200
VSWS,N,20260525,SHOPERSTOP,EQ,Shoppers Stop,331.8000,342.5000,329.0000,337.3000,47196,2406,15901804
VSWS,N,20260525,SHRADHA,EQ,Shradha Realty,35.2000,35.2000,34.0000,34.6200,4631,103,159514
VSWS,N,20260525,SHREDIGCEM,EQ,Shree Digvijay Cem,72.0000,72.0000,71.1000,71.5300,33555,475,2401162
VSWS,N,20260525,SHREECEM,EQ,Shree Cements,24950.0000,25425.0000,24870.0000,25355.0000,11177,5589,282503860
VSWS,N,20260525,SHREEJISPG,EQ,Shreeji Shipping Glo,454.9000,462.0000,451.6500,460.6500,875515,7503,400420216
VSWS,N,20260525,SHREEKARNI,SM,Shree Karni Fabcom,428.8000,429.0000,422.0000,429.0000,900,5,384495
VSWS,N,20260525,SHREEOSFM,SM,Shree OSFM E-Mobilit,59.0000,59.0000,51.3000,53.3000,99000,88,5292350
VSWS,N,20260525,SHREEPUSHK,EQ,Shree Pushkar Chemic,349.7000,354.0000,345.8000,348.6000,48929,1854,17114176
VSWS,N,20260525,SHREERAMA,EQ,Shree Rama Multi-Tec,45.4000,46.3200,45.1000,45.1600,33466,427,1527209
VSWS,N,20260525,SHRENIK,BZ,Shrenik,0.3900,0.3900,0.3800,0.3800,213200,125,82065
VSWS,N,20260525,SHREYANIND,EQ,Shreyans Industries,150.5000,152.9900,149.5000,149.9300,7748,150,1164093
VSWS,N,20260525,SHRIAHIMSA,SM,Shri Ahimsa Naturals,299.0000,299.0000,287.0000,295.6500,42000,56,12315330
VSWS,N,20260525,SHRIKRISH,EQ,Shri Krishna Devcon,46.3000,46.3000,40.8500,42.5600,526,48,22503
VSWS,N,20260525,SHRINGARMS,EQ,Shringar House Of Ma,215.8800,217.3600,213.1100,216.2100,521815,3353,112652795
VSWS,N,20260525,SHRIPISTON,EQ,SPR Auto Technologie,3270.6000,3329.9000,3225.0000,3238.7000,52382,8962,170628258
VSWS,N,20260525,SHRIRAMFIN,EQ,Shriram Finance,956.9500,970.5000,956.9000,961.9500,6256205,108152,6028772589
VSWS,N,20260525,SHRIRAMPPS,EQ,Shriram Properties,86.8900,96.0000,85.2500,90.9000,8728726,48774,798042022
VSWS,N,20260525,SHUBHLAXMI,SM,Shubhlaxmi Jewel Art,20.1000,20.9000,20.1000,20.8500,4000,4,82600
VSWS,N,20260525,SHYAMCENT,EQ,Shyam Century Ferrou,5.0200,5.2500,4.8100,4.9300,80090,388,394740
VSWS,N,20260525,SHYAMDHANI,SM,Shyam Dhani Industri,65.8500,65.8500,65.8500,65.8500,2000,1,131700
VSWS,N,20260525,SHYAMMETL,EQ,Shyam Metalics & Ene,958.9000,978.0000,939.0000,962.0500,1201943,16113,1153699285
VSWS,N,20260525,SHYAMTEL,BE,Shyam Telecom,19.3100,19.3100,19.3100,19.3100,945,9,18248
VSWS,N,20260525,SICAGEN,EQ,Sicagen India,52.5900,58.4500,52.5900,56.4300,37550,460,2120961
VSWS,N,20260525,SICALLOG,BE,Sical Logistics,65.5900,66.0000,63.7500,65.0000,34194,66,2205111
VSWS,N,20260525,SIDDHICOTS,SM,Siddhi Cotspin,30.0000,30.4000,29.7500,30.4000,7200,5,217440
VSWS,N,20260525,SIDDHIKA,SM,Siddhika Coatings,216.3000,222.9000,216.3000,221.0000,4500,7,988600
VSWS,N,20260525,SIEMENS,EQ,Siemens,3836.4000,3878.5000,3658.0000,3667.5000,471211,39165,1768045720
VSWS,N,20260525,SIGACHI,BE,Sigachi Industries,20.4700,20.6000,19.9800,20.0200,828785,1744,16742221
VSWS,N,20260525,SIGIND,EQ,Signet Industries,50.4600,51.4000,49.1500,50.2000,14582,182,733422
VSWS,N,20260525,SIGMA,EQ,Sigma Solve,38.6500,39.9500,38.0000,38.3900,107446,1590,4154377
VSWS,N,20260525,SIGMAADV,EQ,Sigma Advanced Syste,367.0000,367.0000,353.0500,367.0000,750096,3149,274407776
VSWS,N,20260525,SIGNATURE,EQ,Signatureglobal (Ind,824.4000,843.0500,810.1000,813.6500,278313,7037,229139962
VSWS,N,20260525,SIGNORIA,SM,Signoria Creation,57.1500,57.1500,57.0000,57.0000,2000,2,114150
VSWS,N,20260525,SIGNPOST,EQ,Signpost India,290.2500,309.9000,288.4000,306.5500,144699,2581,43706273
VSWS,N,20260525,SIKA,EQ,Sika Interplant Sys,915.2000,945.0000,904.1000,935.0000,21784,2527,20252368
VSWS,N,20260525,SIKKO,EQ,Sikko Industries,4.2600,4.3400,4.1100,4.2000,670216,1169,2840251
VSWS,N,20260525,SIL,EQ,Standard Industries,16.4400,17.2500,15.7100,16.3500,45831,445,752952
VSWS,N,20260525,SILGO,EQ,Silgo Retail,77.0000,80.7000,76.6800,79.2500,582180,2670,46252626
VSWS,N,20260525,SILINV,EQ,SIL Investments,431.9000,439.0000,390.0000,424.1500,12867,459,5281933
VSWS,N,20260525,SILKFLEX,ST,Silkflex Polymers (I,197.0000,200.0000,193.8000,193.8000,7000,7,1368650
VSWS,N,20260525,SILLYMONKS,EQ,Silly Monks Entertai,15.5500,17.1300,15.5500,17.0100,33506,156,564001
VSWS,N,20260525,SILVER,EQ,Aditya Birla SunLife,267.2400,267.7000,265.3800,267.0900,1286806,9159,343459715
VSWS,N,20260525,SILVER1,EQ,Kotak Silver ETF,26.2500,26.2500,25.7800,26.0100,5642855,6993,146542506
VSWS,N,20260525,SILVER360,EQ,360 One Silver ETF,262.4100,263.8000,261.8000,262.7600,41143,582,10801027
VSWS,N,20260525,SILVERADD,EQ,DSP Silver ETF,257.7200,258.9700,257.1800,258.3700,243167,3930,62770861
VSWS,N,20260525,SILVERAG,EQ,Mirae Asset Silver E,260.0300,261.4900,259.4800,260.8600,363357,3567,94693322
VSWS,N,20260525,SILVERBEES,EQ,Nippon India Silver,256.5800,256.7500,254.5100,256.0300,23557530,74203,6027811420
VSWS,N,20260525,SILVERBETA,EQ,UTI Silver ETF,248.5900,259.3000,248.5900,258.5600,639972,5010,165354585
VSWS,N,20260525,SILVERBND,EQ,Bandhan Silver ETF,266.7400,267.9900,266.4600,267.5900,55802,572,14921521
VSWS,N,20260525,SILVERCASE,EQ,Zerodha Silver ETF,27.4800,27.5300,26.8100,27.1900,19226767,12931,522461093
VSWS,N,20260525,SILVERIETF,EQ,ICICI Prudential Sil,266.9700,267.9400,265.4800,267.2300,2503038,20195,668569975
VSWS,N,20260525,SILVERTUC,EQ,Silver Touch Technol,151.0000,151.9000,143.9700,145.7200,337981,2789,49319632
VSWS,N,20260525,SIMBHALS,BZ,Simbhaoli Sugars,8.3800,8.3800,8.3800,8.3800,1557,10,13048
VSWS,N,20260525,SIMCA,ST,Simca Advertising,155.5000,160.0000,154.5000,155.6000,34800,51,5453490
VSWS,N,20260525,SIMPLEXINF,EQ,Simplex Infrastructu,220.6500,239.9000,220.1000,238.1200,357316,4356,83557991
VSWS,N,20260525,SINCLAIR,EQ,Sinclairs Hotels,73.6500,78.8900,73.6500,74.4400,66294,1824,5040852
VSWS,N,20260525,SINDHUTRAD,EQ,Sindhu Trade Links,27.1900,27.6500,26.7100,26.8100,10008235,5392,270506673
VSWS,N,20260525,SINGERIND,EQ,Singer India,74.4000,76.7600,74.2100,75.6900,79413,948,6008607
VSWS,N,20260525,SINTERCOM,EQ,Sintercom India,75.6000,80.8000,75.6000,79.1600,14892,912,1172802
VSWS,N,20260525,SIRCA,EQ,Sirca Paints India,422.2500,426.5000,418.6000,419.9500,486109,3770,204745628
VSWS,N,20260525,SIS,EQ,SIS,392.5500,398.5000,384.5000,389.6500,56512,3052,21957243
VSWS,N,20260525,SITINET,BZ,Siti Networks,0.3400,0.3400,0.3200,0.3300,432966,231,143835
VSWS,N,20260525,SIYSIL,EQ,Siyaram Silk Mills,595.0000,609.0000,593.4500,601.7000,166909,4776,100533381
VSWS,N,20260525,SJLOGISTIC,SM,S J Logistics (India,318.1000,329.0000,313.5000,320.7500,24750,75,7964500
VSWS,N,20260525,SJS,EQ,SJS Enterprises,2013.0000,2021.4000,1976.0000,2015.0000,67341,7352,135070887
VSWS,N,20260525,SJVN,EQ,SJVN,73.9800,74.7500,73.7600,74.2700,1836904,12376,136556016
VSWS,N,20260525,SKFINDIA,EQ,SKF India,1697.0000,1723.0000,1675.7000,1679.4000,9665,1890,16327223
VSWS,N,20260525,SKFINDUS,EQ,SKF India (Industria,2099.0000,2112.2000,2068.1000,2085.1000,12150,2526,25341054
VSWS,N,20260525,SKIL,BZ,SKIL Infrastructure,1.0000,1.0000,0.9500,1.0000,121529,67,121522
VSWS,N,20260525,SKIPPER,EQ,Skipper,463.0500,487.7000,456.0000,480.3500,945415,22047,449937009
VSWS,N,20260525,SKMEGGPROD,EQ,SKM Egg Products,183.0000,186.3000,175.4000,181.8800,2717276,23915,494708187
VSWS,N,20260525,SKP,SM,SKP Bearing Industri,175.0500,183.5000,175.0500,183.5000,3000,5,541250
VSWS,N,20260525,SKYGOLD,EQ,Sky Gold & Diamonds,475.6500,491.0000,472.2500,484.3500,617304,11451,298662526
VSWS,N,20260525,SMALL250,EQ,Mirae Asset Nifty Sm,17.2300,17.2300,16.7800,17.0100,393831,768,6671420
VSWS,N,20260525,SMALLADD,EQ,Dsp Nifty Smallcap 2,16.9500,17.0600,16.9300,16.9800,27650,88,469680
VSWS,N,20260525,SMALLCAP,EQ,Mirae A N Scap 250 M,45.0900,45.6500,45.0900,45.5600,2062827,3441,93852742
VSWS,N,20260525,SMARTEN,SM,Smarten Power System,50.2500,50.2500,49.0000,49.0500,6000,5,295920
VSWS,N,20260525,SMARTLINK,BE,Smartlink Holdings,156.9900,159.9500,151.0000,152.3100,8776,127,1359240
VSWS,N,20260525,SMARTWORKS,EQ,Smartworks Coworking,448.9500,469.4000,447.4500,456.8000,174369,5293,79830640
VSWS,N,20260525,SMCGLOBAL,EQ,SMC Global Securitie,62.8500,63.5800,62.0000,62.1400,729016,2026,45795177
VSWS,N,20260525,SML100CASE,EQ,Zerodha Nifty Smallc,10.4900,10.9400,9.8000,10.3300,1213349,1473,12517753
VSWS,N,20260525,SMLMAH,EQ,SML Mahindra,3899.0000,3939.8000,3811.6000,3863.6000,78181,8508,303068125
VSWS,N,20260525,SMLT,EQ,Sarthak Metals,80.0000,80.0000,75.3000,75.5300,20759,312,1592083
VSWS,N,20260525,SMSPHARMA,EQ,SMS Pharmaceuticals,385.0000,389.4000,361.7000,369.1500,891323,19438,330849213
VSWS,N,20260525,SNEHAA,ST,Snehaa Organics,43.0000,43.0000,43.0000,43.0000,4000,3,172000
VSWS,N,20260525,SNOWMAN,EQ,Snowman Logistics,38.2500,38.3900,37.5000,38.0100,130195,1301,4948608
VSWS,N,20260525,SNXT30BEES,EQ,Nippon India BSE Sen,42.7500,42.8300,42.4900,42.7600,1771,48,75480
VSWS,N,20260525,SNXT50BETA,EQ,UTI BSE Sen N 50,89.6300,91.7000,89.6300,91.2400,7225,128,658997
VSWS,N,20260525,SOBHA,EQ,Sobha,1382.7000,1402.0000,1382.7000,1395.2000,35197,3633,49019371
VSWS,N,20260525,SOCL,ST,Sundrex Oil Company,29.5000,30.0000,29.4500,30.0000,35200,20,1044000
VSWS,N,20260525,SOFTTECH,BE,Softtech Engineers,416.0000,420.0000,411.3000,413.2000,4978,36,2081726
VSWS,N,20260525,SOLARA,EQ,Solara Active Pharma,546.2500,559.4500,543.7500,554.2500,162061,6320,89365316
VSWS,N,20260525,SOLARINDS,EQ,Solar Industries,18378.0000,18475.0000,18011.0000,18377.0000,105453,22819,1930993901
VSWS,N,20260525,SOLARWORLD,EQ,Solarworld Energy So,226.0000,227.3900,218.8000,222.9300,445993,6288,99957571
VSWS,N,20260525,SOLEX,EQ,Solex Energy,1308.5000,1436.7000,1308.5000,1396.5000,215375,13180,301178204
VSWS,N,20260525,SOMANYCERA,EQ,Somany Ceramics,531.0000,544.8000,514.2000,516.7500,85806,3764,44989017
VSWS,N,20260525,SOMATEX,EQ,Soma Textiles,100.0000,105.0000,100.0000,103.5700,12700,258,1315474
VSWS,N,20260525,SOMICONVEY,EQ,Somi Conveyor Beltin,104.5800,107.2400,102.0900,104.8400,15400,295,1623184
VSWS,N,20260525,SONACOMS,EQ,Sona BLW Precision F,599.0000,603.5500,592.7000,594.6500,711240,14269,425082903
VSWS,N,20260525,SONAL,EQ,Sonal Mercantile,87.4000,88.1000,87.4000,87.8000,127,10,11151
VSWS,N,20260525,SONAMAC,ST,Sona Machinery,35.2500,36.0000,35.0000,36.0000,5000,5,176450
VSWS,N,20260525,SONAMLTD,EQ,Sonam,56.5000,59.9900,56.5000,57.6700,46713,1098,2699209
VSWS,N,20260525,SONATSOFTW,EQ,Sonata Software,269.0500,278.4000,267.1500,274.1000,775257,17035,212484384
VSWS,N,20260525,SONUINFRA,SM,Sonu Infratech,47.4500,49.0000,47.4500,47.5000,4500,3,215925
VSWS,N,20260525,SOTAC,SM,Sotac Pharmaceutical,111.0000,111.0000,111.0000,111.0000,1200,1,133200
VSWS,N,20260525,SOTL,EQ,Savita Oil Technolog,430.0000,434.9000,423.3000,424.3500,44741,1803,19158113
VSWS,N,20260525,SOUTHBANK,EQ,South Indian Bank,40.8000,41.3600,40.8000,41.0000,7360002,19139,301659524
VSWS,N,20260525,SOUTHWEST,EQ,South West Pinnacle,258.6800,261.9900,241.5100,245.4800,438919,7980,109176522
VSWS,N,20260525,SPAL,EQ,S P Apparels,780.4000,803.7000,763.4000,768.7000,24121,1996,18812852
VSWS,N,20260525,SPANDANA,EQ,Spandana Sphoorty Fi,259.6000,263.5000,255.3200,261.3500,301866,11962,78663269
VSWS,N,20260525,SPARC,EQ,Sun Pharma Adv Resr,214.0000,239.4000,212.0000,232.9900,60716079,432388,13802179264
VSWS,N,20260525,SPCENET,EQ,Spacenet Enterprises,4.0400,4.0400,3.8000,3.8200,622479,603,2449697
VSWS,N,20260525,SPCL,SM,Shivalic Power Contr,75.6000,76.8000,75.0000,76.1500,15000,24,1137060
VSWS,N,20260525,SPCON,SM,Srinibas Pradhan Con,135.0500,135.0500,135.0500,135.0500,1200,1,162060
VSWS,N,20260525,SPEB,SM,Speb Adhesives,80.0500,92.1000,80.0500,89.8000,82000,40,7066700
VSWS,N,20260525,SPECIALITY,EQ,Speciality Restauran,111.3500,117.0000,110.5000,113.3500,86457,744,9819399
VSWS,N,20260525,SPECTRUM,EQ,Spectrum Electrical,1444.1000,1444.1000,1376.4000,1394.1000,12541,611,17536307
VSWS,N,20260525,SPECTSTM,ST,Spectrum Talent Mana,56.9000,57.7500,56.9000,57.7500,12000,13,691640
VSWS,N,20260525,SPENCERS,EQ,Spencer's Retail,36.2500,37.6700,36.2500,37.4500,46667,491,1730017
VSWS,N,20260525,SPIC,EQ,Southern Petrochem,75.0000,75.0000,71.0000,71.8100,1666461,8988,120672591
VSWS,N,20260525,SPLIL,EQ,SPL Industries,29.8000,30.9000,29.8000,30.3100,4231,97,128226
VSWS,N,20260525,SPLPETRO,EQ,Supreme Petrochem,690.0000,703.9500,679.0000,680.9000,51131,3828,35162966
VSWS,N,20260525,SPMLINFRA,EQ,SPML Infra,209.6000,212.9000,207.0000,211.5200,283118,4785,59553294
VSWS,N,20260525,SPORTKING,EQ,Sportking India,167.0000,167.8900,161.4300,165.9100,403096,6265,66424421
VSWS,N,20260525,SPRL,SM,SP Refractories,85.5000,86.0000,85.5000,85.5000,8800,11,753200
VSWS,N,20260525,SPUNWEB,SM,Spunweb Nonwoven,115.0000,115.0000,112.0000,112.1000,7200,6,810540
VSWS,N,20260525,SRD,EQ,Shankar Lal Rampal D,42.0000,43.0000,41.2500,42.2100,20671,161,865985
VSWS,N,20260525,SREEL,EQ,Sreeleathers,186.9000,192.7900,186.9000,191.4100,5008,162,957886
VSWS,N,20260525,SRF,EQ,S R F,2661.0000,2724.0000,2655.4000,2711.0000,170564,13102,458851637
VSWS,N,20260525,SRGHFL,EQ,SRG Housing Finance,292.3000,299.8500,282.0000,287.3500,2231,75,643869
VSWS,N,20260525,SRHHYPOLTD,EQ,Sree Rayalaseema Hi-,537.9000,548.8000,526.8500,536.8500,6985,408,3730737
VSWS,N,20260525,SRIVASAVI,SM,Srivasavi Adhesive T,54.0000,54.0000,54.0000,54.0000,1000,1,54000
VSWS,N,20260525,SRM,EQ,SRM Contractors,519.5000,535.0000,519.3500,531.4000,197503,4401,104715018
VSWS,N,20260525,SRPL,BZ,Shree Ram Proteins,0.4100,0.4400,0.4000,0.4100,282425,184,116172
VSWS,N,20260525,SRTL,EQ,Shree Ram Twistex,44.7300,44.9900,42.9000,43.1100,129944,872,5658728
VSWS,N,20260525,SSDL,EQ,Saraswati Saree Depo,62.1000,64.0000,61.5000,62.0800,13684,292,849661
VSWS,N,20260525,SSEGL,SM,Sathlokhar Synergys,366.0000,384.8000,363.5500,380.6000,34400,110,12922100
VSWS,N,20260525,SSFL,SM,Srivari Spices & Foo,128.0000,148.9000,127.1500,148.1000,165500,259,23301775
VSWS,N,20260525,SSWL,EQ,Steel Strips Wheels,212.0000,216.0000,209.5000,210.8800,743310,16074,157086500
VSWS,N,20260525,STALLION,EQ,Stallion India Fluor,169.9000,180.0000,169.0000,175.8700,2903782,27017,509663727
VSWS,N,20260525,STANLEY,EQ,Stanley Lifestyles,161.0000,168.2400,159.3200,163.6300,360621,8882,59319496
VSWS,N,20260525,STAR,EQ,Strides Pharma Scien,1144.0000,1195.0000,1144.0000,1188.1000,259473,13836,306528067
VSWS,N,20260525,STARCEMENT,EQ,Star Cement,228.3000,228.7000,213.7500,218.1000,773673,14419,168417467
VSWS,N,20260525,STARHEALTH,EQ,Star Health & Allied,522.8500,531.5000,518.7500,525.6500,1016073,24963,533255837
VSWS,N,20260525,STARPAPER,EQ,Star Paper Mills,142.0400,142.5000,139.5000,141.4300,7351,172,1038947
VSWS,N,20260525,STARTECK,EQ,Starteck Finance,248.8900,250.9600,245.1000,249.9900,6439,139,1602582
VSWS,N,20260525,STCINDIA,EQ,State Trading Corp,116.9900,118.6500,115.9500,116.4000,32506,494,3810126
VSWS,N,20260525,STEELCAS,EQ,Steelcast,289.4000,294.9000,285.0000,286.2500,29000,1154,8400521
VSWS,N,20260525,STEELCITY,EQ,Steel City Securitie,79.4000,79.4000,77.6000,78.0500,4756,134,372351
VSWS,N,20260525,STEELXIND,EQ,Steel Exchange India,10.4000,10.7500,9.9100,10.3700,5453331,5291,56799504
VSWS,N,20260525,STEL,EQ,STEL Holdings,446.0500,485.0000,446.0500,468.1000,9645,1037,4549335
VSWS,N,20260525,STERTOOLS,EQ,Sterling Tools,237.0000,238.3200,233.6500,234.5600,37091,808,8750982
VSWS,N,20260525,STLNETWORK,BE,STL Networks,25.6000,26.2500,25.2200,26.2500,425809,762,11091228
VSWS,N,20260525,STLTECH,BE,Sterlite Technologie,463.2000,463.2000,463.2000,463.2000,142924,1856,66202397
VSWS,N,20260525,STOVEKRAFT,EQ,Stove Kraft,561.0000,561.0000,552.1000,554.0000,91177,3508,50603534
VSWS,N,20260525,STRIDERS,SM,Striders Impex,54.0500,56.3000,53.0000,54.6500,11200,7,605360
VSWS,N,20260525,STUDDS,EQ,Studds Accessories,454.4000,457.0000,444.5500,451.2000,33911,1454,15312180
VSWS,N,20260525,STUDIOLSD,ST,Studio LSD,10.4000,10.7000,9.7000,10.6500,72000,35,736000
VSWS,N,20260525,STYL,EQ,Seshaasai Technologi,267.3500,273.0000,264.6100,268.4900,114831,2577,31022573
VSWS,N,20260525,STYLAMIND,EQ,Stylam Industries,2789.9000,2929.0000,2788.1000,2853.8000,56152,7911,160506447
VSWS,N,20260525,STYLEBAAZA,BE,Baazar Style Retail,345.7000,352.9000,340.0000,345.2000,477398,3201,165659775
VSWS,N,20260525,STYRENIX,EQ,Styrenix Performance,2219.2000,2280.0000,2198.0000,2272.4000,22260,3122,50037728
VSWS,N,20260525,SUBAHOTELS,SM,Suba Hotels,130.0000,135.0000,130.0000,132.3500,44400,34,5889840
VSWS,N,20260525,SUBEXLTD,BE,Subex,11.4500,11.4500,11.0400,11.1400,581711,1059,6503701
VSWS,N,20260525,SUBROS,EQ,Subros,732.0000,743.9000,731.1500,736.6500,29931,2013,22095702
VSWS,N,20260525,SUDARCOLOR,EQ,Sudarshan Colorants,384.7000,390.0000,371.3000,375.7500,18252,1796,6937629
VSWS,N,20260525,SUDARSCHEM,EQ,Sudarshan Chemicals,1020.8000,1050.0000,990.0500,1043.9500,324144,21323,332879070
VSWS,N,20260525,SUDEEPPHRM,EQ,Sudeep Pharma,699.0000,730.0000,690.0000,696.8000,424660,14707,299417912
VSWS,N,20260525,SUKHJITS,EQ,Sukhjit Starch & Che,186.3000,200.6900,186.0000,195.7600,53090,1247,10256104
VSWS,N,20260525,SULA,EQ,Sula Vineyards,162.5000,162.5000,159.0300,159.9000,220834,3179,35327073
VSWS,N,20260525,SUMEETINDS,EQ,Sumeet Industries,29.2300,30.1500,28.8000,29.8800,417981,1089,12365637
VSWS,N,20260525,SUMICHEM,EQ,Sumitomo Chemical I,472.9500,482.4000,466.9000,478.6500,749447,13605,357138726
VSWS,N,20260525,SUMIT,BE,Sumit Woods,44.1000,46.7700,44.1000,44.8600,41105,126,1846732
VSWS,N,20260525,SUMMITSEC,EQ,Summit Securities,1605.7000,1606.0000,1569.1000,1602.0000,4605,523,7349148
VSWS,N,20260525,SUNCLAY,EQ,Sundaram Clayton,1344.9000,1380.0000,1327.0000,1372.7000,12965,1586,17426224
VSWS,N,20260525,SUNDARAM,EQ,Sundaram Multi Pap,1.4000,1.4900,1.3900,1.3900,797504,447,1143392
VSWS,N,20260525,SUNDARMFIN,EQ,Sundaram Finance,4523.0000,4533.9000,4363.7000,4385.2000,112023,21880,495314760
VSWS,N,20260525,SUNDRMBRAK,EQ,Sundaram Brake Linin,630.8500,757.0000,600.0000,757.0000,43682,525,32603223
VSWS,N,20260525,SUNDRMFAST,EQ,Sundaram Fasteners,852.0500,871.0000,849.5500,857.9500,54606,9343,47092218
VSWS,N,20260525,SUNDROP,EQ,Sundrop Brands,676.9000,688.9000,670.5000,675.4000,4829,252,3273032
VSWS,N,20260525,SUNFLAG,EQ,Sunflag Iron & Steel,384.8000,391.5000,378.4000,388.4500,450894,8363,173841700
VSWS,N,20260525,SUNLITE,ST,Sunlite Recycling In,439.5000,458.2500,439.5000,455.3000,18600,52,8426850
VSWS,N,20260525,SUNPHARMA,EQ,Sun Pharmaceutical,1840.0000,1849.0000,1825.0000,1840.6000,3049028,98582,5605161203
VSWS,N,20260525,SUNREST,SM,Sunrest Lifescience,35.0000,35.0000,35.0000,35.0000,1600,1,56000
VSWS,N,20260525,SUNTECH,ST,Suntech Infra Soluti,40.0000,40.1500,37.7500,38.0500,22400,6,883600
VSWS,N,20260525,SUNTECK,EQ,Sunteck Realty,292.9500,312.6000,290.7000,303.6500,805256,16639,245166261
VSWS,N,20260525,SUNTV,EQ,Sun TV Network,490.7000,507.9000,480.9000,494.3000,2013938,46066,993552974
VSWS,N,20260525,SUPERHOUSE,EQ,Superhouse,155.0000,156.4000,152.0000,154.7300,9304,227,1439808
VSWS,N,20260525,SUPERSPIN,EQ,Super Spinning Mills,5.2000,5.3700,5.0400,5.0700,30691,105,159250
VSWS,N,20260525,SUPRAJIT,EQ,Suprajit Engineering,442.2000,447.6500,437.0000,444.9500,168752,7113,74846028
VSWS,N,20260525,SUPREME,EQ,Supreme Holdings & H,49.5100,49.7500,48.4800,49.2100,22261,535,1094849
VSWS,N,20260525,SUPREMEENG,BZ,Supreme Engineering,1.0200,1.0200,0.9500,0.9800,34168,130,33943
VSWS,N,20260525,SUPREMEIND,EQ,Supreme Industries,3565.3000,3637.9000,3564.6000,3612.9000,84056,9722,303173668
VSWS,N,20260525,SUPREMEINF,EQ,Supreme Infrastructu,82.4000,83.3800,82.0000,82.0100,55249,191,4541790
VSWS,N,20260525,SUPREMEPWR,ST,Supreme Power Equipm,248.0000,253.8500,245.0000,253.8500,58500,106,14765775
VSWS,N,20260525,SUPRIYA,EQ,Supriya Lifescience,775.8000,787.0000,762.1500,766.1500,187797,11916,145704107
VSWS,N,20260525,SURAJEST,EQ,Suraj Estate Develop,217.0000,226.7800,216.9900,224.4700,51049,1638,11368282
VSWS,N,20260525,SURAJLTD,EQ,Suraj,239.0000,239.0000,231.0000,235.5800,434,32,101391
VSWS,N,20260525,SURAKSHA,EQ,Suraksha Diagnostic,310.0000,312.9000,297.9000,298.5000,49012,1839,14831357
VSWS,N,20260525,SURANASOL,EQ,Surana Solar,27.0500,27.4000,26.1700,27.0000,88540,997,2381511
VSWS,N,20260525,SURANAT&P,EQ,Surana Tele & Power,18.4000,18.4000,17.6000,18.0200,125025,745,2240186
VSWS,N,20260525,SURYALA,EQ,Suryalata Spinning,373.0000,375.0000,369.8500,373.9000,804,32,299373
VSWS,N,20260525,SURYALAXMI,EQ,Suryalakshmi Cotton,59.0000,61.9900,59.0000,60.0500,2489,51,150177
VSWS,N,20260525,SURYAROSNI,EQ,Surya Roshni,248.8500,248.8500,213.0000,217.0500,5044224,72292,1137983643
VSWS,N,20260525,SURYODAY,EQ,Suryoday Small Fin,161.0000,164.8000,160.5000,161.5100,206913,3255,33623266
VSWS,N,20260525,SUTLEJTEX,EQ,Sutlej Textiles and,37.3000,37.3000,35.7200,36.0300,37986,1426,1375645
VSWS,N,20260525,SUVEN,EQ,Suven Life Sciences,270.7500,275.8000,265.0000,271.0400,847351,17847,229555924
VSWS,N,20260525,SUVIDHAA,EQ,Suvidhaa Infoserve,2.7500,2.8500,2.6700,2.7000,487474,564,1315876
VSWS,N,20260525,SUYOG,EQ,Suyog Telematics,810.0000,810.0000,765.4000,774.5000,27320,1725,21545951
VSWS,N,20260525,SUZLON,EQ,Suzlon Energy,54.7500,54.9000,53.1000,53.9900,132667695,152751,7187925421
VSWS,N,20260525,SVLL,EQ,Shree Vasu Logistics,580.0000,580.0000,555.0000,558.3500,337,45,190251
VSWS,N,20260525,SVPGLOB,BE,SVP Global Textiles,3.8300,4.0200,3.7200,3.9900,28625,76,113158
VSWS,N,20260525,SWANCORP,EQ,Swan Corp,320.9500,326.9000,320.0000,322.9500,479847,10817,155184248
VSWS,N,20260525,SWANDEF,BE,Swan Defence And Hea,1901.0000,1940.0000,1860.0000,1921.8000,10556,741,20115139
VSWS,N,20260525,SWARAJ,SM,Swaraj Suiting,260.0000,269.4000,259.8500,265.5000,49000,76,12928800
VSWS,N,20260525,SWARAJENG,EQ,Swaraj Engines,3725.0000,3755.0000,3696.1000,3741.2000,10465,2015,39074157
VSWS,N,20260525,SWELECTES,EQ,Swelect Energy Syste,639.0000,656.6000,608.1000,611.3000,50418,2842,31676072
VSWS,N,20260525,SWIGGY,EQ,Swiggy,250.0000,254.8500,249.3000,250.0500,9910182,44497,2489336134
VSWS,N,20260525,SWSOLAR,EQ,Sterling & Wilson Re,199.6800,201.7600,196.3500,197.0500,1363428,13082,271078000
VSWS,N,20260525,SYLVANPLY,SM,Sylvan Plyboard (I),52.4000,52.4000,52.4000,52.4000,2000,1,104800
VSWS,N,20260525,SYMPHONY,EQ,Symphony,718.9500,731.4500,712.5000,721.9500,83307,4103,60228779
VSWS,N,20260525,SYNCOMF,EQ,Syncom Formulations,14.6200,16.5600,14.6200,15.8500,26689735,28506,425362242
VSWS,N,20260525,SYNGENE,EQ,Syngene Internationa,467.0000,472.0000,458.4500,462.4000,878441,27867,407464704
VSWS,N,20260525,SYNOPTICS,SM,Synoptics Technologi,48.4500,48.4500,48.4500,48.4500,600,1,29070
VSWS,N,20260525,SYRMA,EQ,Syrma SGS Technology,1049.9500,1080.0000,1036.1500,1057.2500,1019492,38579,1082781176
VSWS,N,20260525,SYSTANGO,SM,Systango Technologie,232.2000,232.2000,227.0500,227.8500,19600,42,4487000
VSWS,N,20260525,SYSTMTXC,EQ,Systematix Corporate,63.8000,67.9800,63.8000,65.8000,61524,217,4082381
VSWS,N,20260525,TAALTECH,EQ,TAAL Tech,2978.8000,2978.8000,2798.7000,2843.2000,213,76,601808
VSWS,N,20260525,TAC,SM,TAC Infosec,392.0000,407.5500,382.0000,395.6500,175000,573,68801930
VSWS,N,20260525,TAINWALCHM,EQ,Tainwala Chemical,202.4000,202.4000,195.5500,199.9400,1412,60,280137
VSWS,N,20260525,TAJGVK,EQ,Taj GVK Hotels & Res,323.8000,333.0500,319.4500,328.2000,162707,3474,53049203
VSWS,N,20260525,TAKE,BE,Take Solutions,30.0000,30.5900,29.2400,29.6300,444577,1677,13305582
VSWS,N,20260525,TALBROAUTO,EQ,Talbros Automotive,367.4000,372.0000,350.8500,354.3500,701253,15453,254492442
VSWS,N,20260525,TAMBOLIIN,EQ,Tamboli Industries,171.0500,185.0000,171.0000,179.8700,17634,240,3138760
VSWS,N,20260525,TANKUP,SM,Tankup Engineers,670.0000,670.0000,669.0000,669.0000,750,3,502250
VSWS,N,20260525,TANLA,EQ,Tanla Platforms,520.0000,531.8500,517.8000,521.2000,298342,10299,156259716
VSWS,N,20260525,TARACHAND,EQ,Tara Chand Infralogi,57.7000,59.0900,55.0000,55.5000,211728,2692,11908272
VSWS,N,20260525,TARAPUR,EQ,Tarapur Transformers,21.9300,22.2900,21.5000,22.1400,24551,736,540258
VSWS,N,20260525,TARC,EQ,TARC,132.0000,136.4400,131.0000,133.3900,491121,4157,65808859
VSWS,N,20260525,TARIL,EQ,Transformers & Recti,315.0000,318.4000,312.0000,314.0000,1923356,25713,605608194
VSWS,N,20260525,TARMAT,EQ,Tarmat,50.0000,53.6500,50.0000,52.0900,9312,123,484923
VSWS,N,20260525,TARSONS,EQ,Tarsons Products,217.7000,257.5000,211.3500,214.7000,1896826,24672,446112900
VSWS,N,20260525,TASTYBITE,EQ,Tasty Bite Eatables,7600.0000,7850.0000,7525.0000,7603.5000,1568,606,12039140
VSWS,N,20260525,TATACAP,EQ,Tata Capital,304.8000,311.7500,303.3000,309.5500,3918772,54322,1201943980
VSWS,N,20260525,TATACHEM,EQ,Tata Chemicals,755.5500,788.0000,750.8000,765.9500,1726265,44345,1336516990
VSWS,N,20260525,TATACOMM,EQ,Tata Communications,1964.0000,1984.3000,1911.5000,1936.0000,824325,54066,1608533877
VSWS,N,20260525,TATACONSUM,EQ,Tata Consumer Produc,1191.0000,1198.6000,1181.5000,1187.2000,1811755,36815,2151550862
VSWS,N,20260525,TATAELXSI,EQ,Tata Elxsi,4355.1000,4394.0000,4300.0000,4327.2000,287410,22096,1250642621
VSWS,N,20260525,TATAGOLD,EQ,Tata Gold ETF,14.9200,15.4500,14.9200,15.3100,44586646,88110,683028059
VSWS,N,20260525,TATAINVEST,EQ,Tata Investment Corp,670.0500,687.5000,670.0500,678.7000,377106,16552,256642637
VSWS,N,20260525,TATAPOWER,EQ,Tata Power,411.2500,415.1000,409.4000,413.5500,3635798,42209,1500259408
VSWS,N,20260525,TATASTEEL,EQ,Tata Steel,211.3000,211.7500,209.4400,210.2200,23090495,161062,4852511380
VSWS,N,20260525,TATATECH,EQ,Tata Technologies,674.9500,678.1500,664.1000,677.3000,824834,21557,554887716
VSWS,N,20260525,TATSILV,EQ,Tata Silver ETF,25.6300,26.1100,25.6300,25.9800,47823689,70247,1241535116
VSWS,N,20260525,TATVA,EQ,Tatva Chintan Pharma,1187.5000,1208.1000,1176.0000,1182.7000,34961,4133,41458042
VSWS,N,20260525,TAURIAN,SM,Taurian MPS,291.0000,291.0000,280.2000,281.6000,17600,20,4996000
VSWS,N,20260525,TBI,SM,TBI Corn,62.0500,65.0000,62.0000,65.0000,12600,20,810240
VSWS,N,20260525,TBOTEK,EQ,TBO Tek,1190.0000,1220.0000,1190.0000,1215.2000,34794,4901,42074716
VSWS,N,20260525,TBZ,EQ,Tribhovandas Bhimji,135.0000,137.8000,135.0000,135.9900,132450,2031,18018558
VSWS,N,20260525,TCC,EQ,TCC Concept,409.0000,418.2500,369.6000,389.8000,84438,2421,32882889
VSWS,N,20260525,TCI,EQ,Transport Corp,909.8000,925.0000,900.6500,916.3000,37191,3947,34088679
VSWS,N,20260525,TCIEXP,EQ,TCI Express,505.1000,520.0000,499.5000,512.1500,28803,1681,14622189
VSWS,N,20260525,TCIFINANCE,EQ,TCI Finance,13.2500,13.8000,13.1100,13.3700,19253,136,255492
VSWS,N,20260525,TCL,SM,Thaai Casting,95.5500,95.5500,95.1500,95.1500,1600,2,152560
VSWS,N,20260525,TCPLPACK,EQ,TCPL Packaging,2615.0000,2660.0000,2604.1000,2634.1000,1246,397,3280867
VSWS,N,20260525,TCS,EQ,Tata Consultancy Ser,2325.0000,2326.1000,2293.0000,2308.2000,3298364,75809,7620224110
VSWS,N,20260525,TDPOWERSYS,EQ,TD Power Systems,1310.0000,1329.0000,1281.7000,1301.8000,924721,34481,1210940707
VSWS,N,20260525,TEAMGTY,EQ,Team India Guaranty,264.7500,264.7500,244.5000,252.2500,2765,139,689888
VSWS,N,20260525,TEAMLEASE,EQ,TeamLease Services,1395.0000,1399.0000,1381.5000,1394.4000,16751,2336,23338895
VSWS,N,20260525,TECH,EQ,Aditya Birla SLN IT,31.0200,32.2100,31.0200,31.5500,27886,275,879670
VSWS,N,20260525,TECHD,SM,TechD Cybersecurity,725.0000,725.0000,650.0000,654.4000,54600,159,36874845
VSWS,N,20260525,TECHERA,SM,TechEra Engineering,176.0000,182.7000,176.0000,182.1500,78400,83,14267080
VSWS,N,20260525,TECHLABS,ST,Trident Techlabs,219.4500,219.4500,219.4500,219.4500,8500,46,1865325
VSWS,N,20260525,TECHM,EQ,Tech Mahindra,1429.4000,1445.0000,1421.2000,1435.5000,887430,34000,1274116560
VSWS,N,20260525,TECHNOE,EQ,Techno Elect & Eng,1354.0000,1383.9000,1325.0000,1373.0000,559901,34756,760905186
VSWS,N,20260525,TECHNVISN,EQ,TechVision Ventures,5400.0000,5410.0000,5252.5000,5400.0000,54,11,290717
VSWS,N,20260525,TECILCHEM,EQ,TECIL Chem & Hydro,12.9900,12.9900,11.5000,12.6900,3951,41,48862
VSWS,N,20260525,TEGA,EQ,Tega Industries,1605.0000,1635.0000,1597.4000,1609.8000,25727,2652,41585735
VSWS,N,20260525,TEJASCARGO,SM,Tejas Cargo India,381.0000,381.0000,380.0000,380.0000,1200,3,456400
VSWS,N,20260525,TEJASNET,EQ,Tejas Networks,474.8000,487.5500,469.5500,473.9500,3566345,56450,1707577960
VSWS,N,20260525,TEMBO,EQ,Tembo Global Industr,632.4000,656.2000,623.0000,634.9000,1121924,14476,714213930
VSWS,N,20260525,TENNIND,EQ,Tenneco Clean Air In,605.0000,633.0000,605.0000,617.7500,2197158,52249,1364685899
VSWS,N,20260525,TERASOFT,EQ,Tera Software,345.5000,348.4500,336.2000,340.8500,13842,837,4730665
VSWS,N,20260525,TEXINFRA,EQ,Texmaco Infra & Hold,99.0000,101.4000,97.6500,99.1500,65659,826,6499170
VSWS,N,20260525,TEXMOPIPES,EQ,Texmo Pipes and Prod,44.6500,46.5700,44.4500,44.8000,39594,615,1805941
VSWS,N,20260525,TEXRAIL,EQ,Texmaco Rail & Engin,110.5000,115.1000,109.0000,113.2800,6442771,28411,725106192
VSWS,N,20260525,TFCILTD,EQ,Tourism Finance Corp,73.5900,74.7400,71.7000,73.1200,7568722,10301,555563827
VSWS,N,20260525,TFL,EQ,Transwarranty Financ,13.2400,13.2400,12.6000,12.7600,5612,101,72421
VSWS,N,20260525,TGBHOTELS,EQ,TGB Banquets & Hotel,9.1200,9.3300,9.0100,9.0600,39284,144,357905
VSWS,N,20260525,TGL,ST,Teerth Gopicon,20.4500,21.3500,20.4500,21.3500,106600,177,2272130
VSWS,N,20260525,THACKER,EQ,Thacker & Company,1041.2000,1200.0000,1041.2000,1184.8000,246,63,280056
VSWS,N,20260525,THAKDEV,EQ,Thakkars Developers,135.0500,135.0500,135.0500,135.0500,5,1,675
VSWS,N,20260525,THANGAMAYL,EQ,Thangamayil Jeweller,3843.9000,3898.0000,3777.0000,3824.2000,74875,11283,286363422
VSWS,N,20260525,THEINVEST,EQ,Investment Trust Of,101.0000,102.0000,98.8000,99.3200,9122,190,910363
VSWS,N,20260525,THEJO,EQ,Thejo Engineering,1649.9000,1692.0000,1610.0000,1623.3000,7537,594,12388660
VSWS,N,20260525,THELEELA,EQ,Leela Palaces Hotels,418.0000,424.9500,411.5000,414.3500,312468,10684,130019186
VSWS,N,20260525,THEMISMED,EQ,Themis Medicare,101.9900,101.9900,99.4200,100.2400,29185,582,2941316
VSWS,N,20260525,THERMAX,EQ,Thermax,4454.6000,4476.9000,4405.1000,4435.7000,104492,19631,463008183
VSWS,N,20260525,THESL,SM,Thinking Hats Ent So,13.2000,13.2000,12.5500,12.5500,30000,8,378900
VSWS,N,20260525,THOMASCOOK,EQ,Thomas Cook,92.8000,95.6800,92.2600,93.1700,1188982,11353,112089698
VSWS,N,20260525,THOMASCOTT,EQ,Thomas Scott (India),262.0000,263.8000,250.5000,255.4500,37527,1510,9650989
VSWS,N,20260525,THYROCARE,EQ,Thyrocare Technologi,472.3000,495.0000,466.3500,493.1500,416753,15084,202094706
VSWS,N,20260525,TI,EQ,Tilaknagar Ind,435.0000,445.3500,435.0000,440.9000,217345,9191,95904434
VSWS,N,20260525,TICL,EQ,Twamev Construction,23.3400,23.7000,21.1000,23.1800,3021257,1913,69566370
VSWS,N,20260525,TIGERLOGS,BE,Tiger Logistics (I),34.5600,37.0000,34.5600,35.8900,43509,240,1567314
VSWS,N,20260525,TIIL,EQ,Technocraft Industri,2615.0000,2645.9000,2615.0000,2628.9000,6163,1007,16219471
VSWS,N,20260525,TIINDIA,EQ,Tube Investments of,3044.0000,3100.0000,3026.3000,3047.6000,175370,17201,537259940
VSWS,N,20260525,TIJARIA,BE,Tijaria Polypipes,4.4200,4.8000,4.3800,4.6400,9453,64,43099
VSWS,N,20260525,TIL,EQ,T I L,205.0000,205.0000,190.5600,194.7400,49666,1214,9749774
VSWS,N,20260525,TIMETECHNO,EQ,Time Technoplast,175.0000,180.4300,175.0000,178.0700,3817182,28154,681825328
VSWS,N,20260525,TIMEX,EQ,Timex Group India,383.9000,388.4000,376.0000,381.5000,325074,5541,124677237
VSWS,N,20260525,TIMKEN,EQ,Timken India,3750.2000,3775.0000,3608.4000,3621.2000,165147,17525,610919318
VSWS,N,20260525,TINNARUBR,EQ,Tinna Rubber & Infra,820.0000,874.7000,773.2500,786.8000,654994,24264,543403654
VSWS,N,20260525,TIPSFILMS,EQ,Tips Films,385.0000,406.0000,374.0000,393.3500,7426,583,2929906
VSWS,N,20260525,TIPSMUSIC,EQ,Tips Music,691.1000,692.0000,640.0000,642.8500,441680,17791,289080212
VSWS,N,20260525,TIRUMALCHM,EQ,Thirumalai Chemicals,212.0000,214.5000,209.2100,210.9500,129293,3004,27395921
VSWS,N,20260525,TIRUPATIFL,BE,Tirupati Forge,40.4500,41.9000,40.4500,41.7100,228116,851,9393587
VSWS,N,20260525,TITAGARH,EQ,Titagarh Rail System,770.9500,840.0000,767.0000,832.1000,8038325,169220,6587411791
VSWS,N,20260525,TITAN,EQ,Titan Company,4120.1000,4170.0000,4110.4000,4159.2000,606086,45551,2514700088
VSWS,N,20260525,TMB,EQ,Tamilnad Mercantile,685.5500,692.2000,681.4000,684.2500,79651,5105,54683472
VSWS,N,20260525,TMCV,EQ,Tata Motors,386.0000,399.3500,386.0000,395.6500,11762656,137944,4656308313
VSWS,N,20260525,TMPV,EQ,Tata Motors Passenge,366.1500,374.3000,366.1500,373.2500,10356089,91716,3851966595
VSWS,N,20260525,TNIDETF,EQ,Tata Nifty India Dig,81.0000,82.0000,80.6000,81.4200,104540,548,8510207
VSWS,N,20260525,TNPETRO,EQ,Tamilnadu Petropro,91.5000,91.6000,90.4000,91.1300,96767,1137,8809109
VSWS,N,20260525,TNPL,EQ,Tamil Nadu Newsprint,150.9000,152.0000,150.0000,150.8800,69805,1322,10531901
VSWS,N,20260525,TNTELE,EQ,Tamilnadu Telecomm,8.8500,9.4500,8.8500,9.1600,24432,93,223751
VSWS,N,20260525,TOKYOPLAST,BE,Tokyo Plast Inter,84.2500,88.2500,81.0100,87.9300,2242,45,191900
VSWS,N,20260525,TOLINS,EQ,Tolins Tyres,103.3300,108.0400,103.3300,106.1400,54725,1046,5819440
VSWS,N,20260525,TOP100CASE,EQ,Zerodha Nifty 100 ET,10.4200,10.4500,10.2200,10.4200,746363,1342,7769389
VSWS,N,20260525,TOP10ADD,EQ,DSP Nifty Top 10 Equ,89.2400,89.2400,87.5500,88.0800,87613,504,7705540
VSWS,N,20260525,TOP15IETF,EQ,ICICI Prudential Nif,9.7900,9.7900,9.7000,9.7700,108745,261,1060871
VSWS,N,20260525,TOP20,EQ,Mirae Asset Nifty To,8.5800,8.6300,8.5700,8.6200,21247,122,182799
VSWS,N,20260525,TORNTPHARM,EQ,Torrent Pharma,4525.0000,4712.9000,4510.0000,4572.6000,1007365,73838,4662259739
VSWS,N,20260525,TORNTPOWER,EQ,Torrent Power,1501.0000,1509.0000,1468.0000,1474.6000,598235,32297,884379246
VSWS,N,20260525,TOTAL,EQ,Total Transport Syst,54.2000,58.4000,54.1500,56.3300,4570,119,255792
VSWS,N,20260525,TOUCHWOOD,EQ,Touchwood Entertainm,71.9400,74.8900,70.5800,72.5000,2519,69,181772
VSWS,N,20260525,TPHQ,EQ,Teamo Productions HQ,0.5200,0.5500,0.5200,0.5300,1494520,471,797023
VSWS,N,20260525,TPLPLASTEH,EQ,TPL Plastech,63.9600,65.7900,63.9600,64.5800,25223,573,1636520
VSWS,N,20260525,TRACXN,EQ,Tracxn Technologies,32.9200,34.2000,32.6000,33.3400,104756,877,3488234
VSWS,N,20260525,TRANSPEK,EQ,Transpek Industry,1186.3000,1260.0000,1186.3000,1256.8000,3335,479,4120671
VSWS,N,20260525,TRANSRAILL,EQ,Transrail Lighting,509.4500,516.0000,497.5000,510.4500,1057333,27273,535877972
VSWS,N,20260525,TRANSTEEL,SM,Transteel Seating Te,132.0000,132.0000,128.0000,129.4000,7000,7,904750
VSWS,N,20260525,TRANSWORLD,EQ,Transworld Shipping,163.3500,169.8100,157.0700,161.4200,36312,1156,5924922
VSWS,N,20260525,TRAVELFOOD,EQ,Travel Food Services,1130.6000,1168.3000,1120.0000,1152.6000,97221,9146,111856771
VSWS,N,20260525,TREEHOUSE,EQ,Tree House Education,6.7600,7.1000,6.7600,6.9000,17528,109,122104
VSWS,N,20260525,TREJHARA,EQ,Trejhara Solutions,154.8500,154.8500,145.2200,147.3200,35646,1520,5314858
VSWS,N,20260525,TREL,EQ,Transindia Real Est,25.3300,25.3300,24.5000,24.6200,62332,349,1540441
VSWS,N,20260525,TRENT,EQ,Trent,4341.0000,4362.0000,4290.0000,4300.0000,584516,49877,2527703195
VSWS,N,20260525,TRF,EQ,T R F,234.8500,245.9000,234.8500,243.1500,17434,762,4199957
VSWS,N,20260525,TRIDENT,EQ,Trident,24.4000,24.8500,24.3600,24.5800,4635006,13144,114106207
VSWS,N,20260525,TRIDHYA,SM,Tridhya Tech,8.6500,8.7500,8.6500,8.7500,6000,2,52200
VSWS,N,20260525,TRIGYN,EQ,Trigyn Technologies,57.3000,59.9000,56.7400,59.2300,35343,951,2067309
VSWS,N,20260525,TRITURBINE,EQ,Triveni Turbine,706.9500,714.9000,687.6000,692.7500,1691050,43053,1183221434
VSWS,N,20260525,TRIVENI,EQ,Triveni Engineering,380.4000,380.9000,371.1000,377.3500,352236,11497,131885865
VSWS,N,20260525,TROM,ST,Trom Industries,56.7000,58.0000,56.7000,58.0000,3000,5,170940
VSWS,N,20260525,TRU,EQ,TruCap Finance,6.0800,6.2200,6.0400,6.0800,53997,141,330239
VSWS,N,20260525,TRUALT,EQ,TruAlt Bioenergy,440.0000,494.5000,419.1500,484.2000,2890964,58913,1334903769
VSWS,N,20260525,TRUST,SM,Trust Fintech,35.5500,40.8000,35.5500,38.0000,27000,33,1055460
VSWS,N,20260525,TSC,SM,TSC India,32.7000,32.7000,32.7000,32.7000,2000,1,65400
VSWS,N,20260525,TSFINV,EQ,TSF Investments,412.8000,417.5500,410.7500,413.3500,47780,1899,19755945
VSWS,N,20260525,TTKHLTCARE,EQ,TTK Healthcare,908.0000,908.0000,872.1000,882.4500,1061,303,946118
VSWS,N,20260525,TTKPRESTIG,EQ,TTK Prestige,527.5000,534.8000,520.5000,523.2000,151761,8766,79743107
VSWS,N,20260525,TTL,EQ,T T,7.8800,7.9000,7.4100,7.4900,73517,223,558284
VSWS,N,20260525,TTML,EQ,Tata Teleservices M,42.4500,43.2000,42.4500,42.8600,1472079,7117,63158858
VSWS,N,20260525,TUNWAL,SM,Tunwal E-Motors,36.6000,36.6000,34.5000,35.7500,114000,51,4073200
VSWS,N,20260525,TVSELECT,EQ,TVS Electronics,485.0000,548.0000,480.0000,529.5000,1713864,37864,906822117
VSWS,N,20260525,TVSHLTD,EQ,TVS Holdings,13604.0000,13699.0000,13502.0000,13550.0000,2767,1572,37638675
VSWS,N,20260525,TVSMOTOR,EQ,TVS Motor Company,3458.0000,3501.7000,3420.0000,3469.5000,918345,63999,3174282049
VSWS,N,20260525,TVSSCS,EQ,TVS Supply Chain Sol,125.0000,125.0000,119.4900,120.8100,523310,4713,63495384
VSWS,N,20260525,TVSSRICHAK,EQ,TVS Srichakra,3578.5000,3641.5000,3566.0000,3592.8000,1670,568,6012786
VSWS,N,20260525,TVTODAY,EQ,TV Today Network,111.0000,111.6900,109.5100,109.9800,23965,626,2646693
VSWS,N,20260525,TVVISION,EQ,TV Vision,5.4900,5.4900,5.1600,5.2400,24730,44,129604
VSWS,N,20260525,TWCGOLDETF,EQ,Wealth Company Gold,156.5500,163.0000,156.5500,156.9400,1687,34,264760
VSWS,N,20260525,UBL,EQ,United Breweries,1320.0000,1328.2000,1317.4000,1323.5000,310005,17834,410485833
VSWS,N,20260525,UCAL,EQ,Ucal,91.6900,93.0000,91.0000,91.7700,15714,230,1443407
VSWS,N,20260525,UCOBANK,EQ,Uco Bank,24.9100,25.6200,24.9100,25.5400,5082494,13484,128796972
VSWS,N,20260525,UDS,EQ,Updater Services,174.2500,182.2000,170.8000,179.7900,442790,4211,78329595
VSWS,N,20260525,UEL,EQ,Ujaas Energy,144.3900,144.7100,141.0000,141.6100,20483,1064,2920380
VSWS,N,20260525,UFBL,EQ,United Foodbrands,467.0000,508.0000,461.0000,502.8500,972353,16494,477892406
VSWS,N,20260525,UFLEX,EQ,Uflex,417.0000,420.4500,408.1000,411.5500,35728,1199,14786035
VSWS,N,20260525,UFO,EQ,UFO Moviez India,74.0000,75.8900,72.5000,73.5700,87856,800,6544348
VSWS,N,20260525,UGARSUGAR,EQ,Ugar Sugar Works,42.4900,42.4900,41.3300,42.0900,66421,1229,2790280
VSWS,N,20260525,UGROCAP,EQ,Ugro Capital,100.5000,102.0000,99.3600,99.8100,210050,2221,21080811
VSWS,N,20260525,UHTL,SM,United Heat Transfer,57.0000,57.0000,56.5000,56.5000,4000,2,227000
VSWS,N,20260525,UJJIVANSFB,EQ,Ujjivan Small Financ,53.5000,55.1100,52.0000,54.8700,15455722,46099,829529583
VSWS,N,20260525,ULTRACEMCO,EQ,UltraTech Cement,11690.0000,11796.0000,11614.0000,11726.0000,229618,31659,2685379039
VSWS,N,20260525,ULTRAMAR,EQ,Ultramarine & Pig,400.0000,409.5000,394.7500,405.6500,18924,876,7614258
VSWS,N,20260525,UMA,SM,Uma Converter,18.7500,19.7500,18.6000,19.7500,16000,4,303000
VSWS,N,20260525,UMAEXPORTS,EQ,Uma Exports,25.0500,25.7000,24.7400,25.1900,8342,99,209528
VSWS,N,20260525,UMESLTD,BE,Usha Martin Educatio,4.7100,5.0600,4.7100,5.0600,39125,56,194933
VSWS,N,20260525,UMIYA-MRO,EQ,Umiya Buildcon,83.9000,83.9000,83.0000,83.7400,4592,54,383672
VSWS,N,20260525,UNICHEMLAB,EQ,Unichem Laboratories,361.0500,366.4500,349.9500,359.5000,99233,3500,35386584
VSWS,N,20260525,UNIDT,EQ,United Drilling Tool,232.0000,239.0000,226.8000,230.5500,15181,697,3493928
VSWS,N,20260525,UNIECOM,EQ,Unicommerce ESolutio,86.9900,90.3700,86.5000,88.6000,428614,3925,38001420
VSWS,N,20260525,UNIENTER,EQ,Uniphos Enterprises,111.8800,111.8800,105.3600,107.5200,8664,234,932128
VSWS,N,20260525,UNIHEALTH,ST,Unihealth Hospitals,459.4500,459.4500,437.8500,443.2000,17500,30,7718300
VSWS,N,20260525,UNIINFO,BE,Uniinfo Telecom Serv,12.1600,12.5000,12.1000,12.1000,6082,19,73813
VSWS,N,20260525,UNIMECH,EQ,Unimech Aerospace &,946.9000,976.9000,942.1000,951.8000,66327,3505,63515351
VSWS,N,20260525,UNIONBANK,EQ,Union Bank of India,162.0000,169.4600,161.9100,168.8700,19110578,60951,3184362962
VSWS,N,20260525,UNIONGOLD,EQ,Union Gold ETF,153.4000,154.9000,153.4000,154.3500,1952,78,301429
VSWS,N,20260525,UNIPARTS,EQ,Uniparts India,574.4000,574.4000,553.7500,559.5000,161586,5184,91274715
VSWS,N,20260525,UNITDSPR,EQ,United Spirits,1290.0000,1302.0000,1279.0000,1284.1000,739366,27170,952107234
VSWS,N,20260525,UNITECH,EQ,Unitech,5.3100,5.6100,5.2200,5.4100,15863604,8137,86371951
VSWS,N,20260525,UNITEDPOLY,BE,United Polyfab Gujar,35.0000,35.0100,33.1800,33.8800,220748,327,7512536
VSWS,N,20260525,UNITEDTEA,EQ,United Nilgiri Tea,522.4000,531.8000,512.0000,516.3500,3077,161,1594325
VSWS,N,20260525,UNIVAFOODS,BE,Univa Foods,8.1700,8.1700,8.1700,8.1700,1146,8,9363
VSWS,N,20260525,UNIVASTU,EQ,Univastu India,72.5000,73.4000,71.5000,72.1800,93594,909,6779380
VSWS,N,20260525,UNIVCABLES,EQ,Universal Cables,1100.0000,1199.9000,1071.0000,1165.9000,2488103,88664,2862594452
VSWS,N,20260525,UNIVPHOTO,BE,Universus Photo Imag,420.0000,431.4500,420.0000,431.4500,584,17,251803
VSWS,N,20260525,UNOMINDA,EQ,UNO Minda,1100.0000,1123.6000,1099.0000,1118.5000,1331136,32688,1488824672
VSWS,N,20260525,UPL,EQ,UPL,636.9000,654.5500,636.8500,652.3000,1467073,34090,949878313
VSWS,N,20260525,URAVIDEF,EQ,Uravi Defence & Tech,118.6000,123.4000,116.0000,117.9200,12952,215,1546871
VSWS,N,20260525,URBAN,SM,Urban Enviro Waste M,135.0000,137.0000,134.0000,134.5500,9600,12,1298640
VSWS,N,20260525,URBANCO,EQ,Urban Company,121.2500,126.8900,120.8000,124.6500,10262646,63670,1281060344
VSWS,N,20260525,URJA,EQ,Urja Global,10.7000,10.8800,10.6800,10.7700,849636,2759,9148645
VSWS,N,20260525,USHAFIN,SM,Usha Financial Servi,35.5000,35.5000,35.2000,35.3000,6400,4,226080
VSWS,N,20260525,USHAMART,EQ,Usha Martin,468.0500,479.8500,468.0500,473.9000,389938,10074,185005253
VSWS,N,20260525,USK,EQ,Udayshivakumar Infra,21.1000,22.1000,21.1000,21.8500,10350,114,225758
VSWS,N,20260525,UTIAMC,EQ,UTI Asset Management,954.0000,964.0000,953.3000,957.7000,39414,3593,37847217
VSWS,N,20260525,UTKARSHBNK,EQ,Utkarsh Small Financ,13.4400,13.5000,13.3400,13.4200,2571963,4072,34520684
VSWS,N,20260525,UTLSOLAR,EQ,Fujiyama Power Syste,273.9000,283.8000,270.9000,283.8000,569364,5108,160408028
VSWS,N,20260525,UTSSAV,SM,Utssav CZ Gold Jewel,280.0000,294.9500,261.0000,290.2000,409800,405,115716570
VSWS,N,20260525,UTTAMSUGAR,EQ,Uttam Sugar Mills,247.0000,247.6500,244.5500,245.6000,26297,1247,6471981
VSWS,N,20260525,UWCSL,SM,Ultra Wiring Connect,92.7500,97.8000,92.7500,97.8000,4000,2,386150
VSWS,N,20260525,UYFINCORP,EQ,U Y Fincorp,15.0000,15.3000,14.2500,14.6900,86210,422,1271855
VSWS,N,20260525,V2RETAIL,EQ,V2 Retail,237.5500,242.5000,234.0500,238.7700,1444280,17191,345241489
VSWS,N,20260525,VADILALIND,EQ,Vadilal Industries,4387.0000,4469.0000,4327.0000,4369.7000,6257,1463,27362633
VSWS,N,20260525,VAIBHAVGBL,EQ,Vaibhav Global,224.8000,233.0000,224.0000,229.2200,498552,9650,113972248
VSWS,N,20260525,VAISHALI,BE,Vaishali Pharma,7.1400,7.1400,6.8600,7.0500,39988,138,280898
VSWS,N,20260525,VAKRANGEE,EQ,Vakrangee,6.6600,6.9000,6.5200,6.6300,2596855,3170,17366358
VSWS,N,20260525,VAL30IETF,EQ,ICICI Pru Nfty200 Va,15.8200,16.0000,15.8200,15.9500,655020,845,10426074
VSWS,N,20260525,VALIANTLAB,BE,Valiant Laboratories,76.8800,78.0000,76.0000,77.9000,22188,70,1707633
VSWS,N,20260525,VALIANTORG,EQ,Valiant Organics,288.9500,298.4500,282.2500,287.5500,27528,1502,7913472
VSWS,N,20260525,VALUE,EQ,Mirae Asst Nifty 50,16.6900,16.7800,16.5300,16.7800,44961,75,752993
VSWS,N,20260525,VALUE360,SM,Value 360 Communicat,77.0000,77.8000,75.6500,75.7000,19200,16,1470000
VSWS,N,20260525,VARDHACRLC,EQ,Vardhman Acrylics,44.3000,44.3000,42.6000,43.0200,32631,361,1411804
VSWS,N,20260525,VARDMNPOLY,BE,Vardhman Polytex,6.7500,6.7500,6.4000,6.4400,211906,248,1376865
VSWS,N,20260525,VARROC,EQ,Varroc Engineering,565.0000,583.7000,565.0000,581.8500,117743,6890,68054990
VSWS,N,20260525,VASCONEQ,BE,Vascon Engineers,34.8000,34.8000,33.1100,34.0300,160699,672,5496383
VSWS,N,20260525,VASWANI,EQ,Vaswani Industries,54.3200,55.0000,54.0000,54.2600,34927,497,1901033
VSWS,N,20260525,VBL,EQ,Varun Beverages,542.9500,543.9500,526.2000,530.7000,8578018,94521,4589092005
VSWS,N,20260525,VCL,EQ,Vaxtex Cotfab,1.3700,1.4300,1.3700,1.4200,260620,276,367547
VSWS,N,20260525,VDEAL,SM,Vdeal System,180.0000,180.0000,178.0000,180.0000,3000,5,538770
VSWS,N,20260525,VEDL,EQ,Vedanta,333.0000,335.4000,330.5000,332.5000,11129217,84485,3701146750
VSWS,N,20260525,VEEDOL,EQ,Veedol Corporation,1445.0000,1445.0000,1423.5000,1427.5000,5141,748,7353044
VSWS,N,20260525,VELJAN,EQ,Veljan Denison,1040.0000,1044.7000,1036.0000,1043.6000,148,15,153730
VSWS,N,20260525,VENKEYS,EQ,Venky's (India),1505.0000,1514.9000,1497.6000,1507.7000,28275,2180,42564424
VSWS,N,20260525,VENTIVE,EQ,Ventive Hospitality,619.7500,631.4500,605.5500,627.6500,57433,2439,35496580
VSWS,N,20260525,VENUSPIPES,EQ,Venus Pipes & Tubes,1425.0000,1452.0000,1396.2000,1414.3000,69732,5665,99521404
VSWS,N,20260525,VENUSREM,EQ,Venus Remedies,1126.4500,1136.1500,1113.7000,1136.1500,49508,1232,55986516
VSWS,N,20260525,VERANDA,EQ,Veranda Learning Sol,246.2500,246.2500,236.0100,237.8500,173904,2318,41481355
VSWS,N,20260525,VERTOZ,EQ,Vertoz,47.3000,48.4200,46.5000,47.3700,54968,664,2588491
VSWS,N,20260525,VESUVIUS,EQ,Vesuvius India,470.0500,474.2000,461.0500,466.4500,50868,3628,23832008
VSWS,N,20260525,VETO,EQ,Veto Switchgears And,111.5300,115.5800,111.1600,113.1100,42491,1031,4829312
VSWS,N,20260525,VGINFOTECH,SM,Virtual Galaxy Infot,140.0500,142.0000,123.0000,135.5500,616000,514,81456600
VSWS,N,20260525,VGL,EQ,Varvee Global,69.0000,71.0000,65.0000,65.1200,127397,1327,8540696
VSWS,N,20260525,VGUARD,EQ,V-Guard Industries,308.0000,312.2500,303.3000,306.6000,1081566,14694,332462172
VSWS,N,20260525,VHL,EQ,Vardhman Holdings,3370.0000,3490.0000,3370.0000,3467.6000,413,202,1424470
VSWS,N,20260525,VHLTD,BE,Viceroy Hotels,140.6600,140.8000,134.3000,139.6300,14048,154,1939548
VSWS,N,20260525,VICTORYEV,SM,Victory Electric Veh,19.7500,21.4000,18.5000,21.4000,528000,161,10852950
VSWS,N,20260525,VIDHIING,EQ,Vidhi Specialty Food,290.3000,307.0000,290.0000,303.2500,52635,1354,15815568
VSWS,N,20260525,VIDYAWIRES,EQ,Vidya Wires,89.9500,95.5000,89.4100,93.5200,6781653,26251,634194246
VSWS,N,20260525,VIESL,SM,Vision Infra Equip S,299.0000,311.7500,299.0000,309.5000,19200,22,5888120
VSWS,N,20260525,VIGOR,SM,Vigor Plast India,52.2500,54.8500,52.0000,54.8000,8000,5,425840
VSWS,N,20260525,VIJAYA,EQ,Vijaya Dignostic Cen,1240.0000,1240.0000,1212.0000,1220.4000,146945,12555,179485512
VSWS,N,20260525,VIJAYPD,ST,Vijaypd Ceutical,98.5000,98.5000,93.0000,93.0000,12000,6,1131400
VSWS,N,20260525,VIJIFIN,BE,Viji Finance,3.8100,4.1200,3.8100,3.9000,96179,200,375548
VSWS,N,20260525,VIKASECO,EQ,Vikas EcoTech,1.3000,1.3400,1.2800,1.3300,1921075,6524,2550884
VSWS,N,20260525,VIKASLIFE,EQ,Vikas Lifecare,1.4500,1.4900,1.4500,1.4700,3005612,3566,4420804
VSWS,N,20260525,VIKRAMSOLR,EQ,Vikram Solar,201.8400,203.9000,199.7600,200.6300,1925962,18633,388165977
VSWS,N,20260525,VIKRAN,EQ,Vikran Engineering,73.5000,75.5000,69.0000,70.6200,24666594,96468,1786752517
VSWS,N,20260525,VILAS,SM,Vilas Transcore,380.4500,387.9500,371.2000,385.2500,28000,90,10688950
VSWS,N,20260525,VILINBIO,ST,Vilin Bio Med,47.5500,47.6000,47.5500,47.6000,20000,5,951400
VSWS,N,20260525,VIMTALABS,EQ,Vimta Laboratories,455.0000,463.4000,454.2000,459.3000,106891,3892,49045296
VSWS,N,20260525,VINATIORGA,EQ,Vinati Organics,1340.0000,1360.0000,1326.2000,1339.2000,75428,8454,101297473
VSWS,N,20260525,VINCOFE,EQ,Vintage Coffee & Bev,131.8500,140.9000,130.2700,139.3600,2369539,17615,324469622
VSWS,N,20260525,VINDHYATEL,EQ,Vindhya Telelinks,1600.0000,1795.0000,1600.0000,1773.9000,270870,19661,471930543
VSWS,N,20260525,VINEETLAB,BE,Vineet Laboratories,35.2500,35.9900,34.5500,34.9700,51494,167,1809594
VSWS,N,20260525,VINNY,EQ,Vinny Overseas,1.1100,1.1400,1.1000,1.1000,492936,254,548330
VSWS,N,20260525,VINSYS,SM,Vinsys IT Services I,329.0000,335.5500,325.0000,326.8500,6750,17,2220275
VSWS,N,20260525,VINYAS,SM,Vinyas Innovative Te,995.0000,1063.9000,995.0000,1055.0000,3600,28,3761465
VSWS,N,20260525,VINYLINDIA,EQ,Vinyl Chemicals,274.3500,284.3500,263.8500,268.2500,45535,1820,12327418
VSWS,N,20260525,VIPCLOTHNG,BE,VIP Clothing,25.4900,26.8000,24.7500,26.2600,291829,456,7653093
VSWS,N,20260525,VIPIND,EQ,VIP Industries,305.1000,314.0000,303.4000,306.8500,1064632,8601,330814363
VSWS,N,20260525,VIPULLTD,EQ,Vipul,8.8000,9.2900,8.7500,9.0300,103476,138,940087
VSWS,N,20260525,VIRINCHI,EQ,Virinchi,16.3000,16.8400,16.3000,16.7700,72217,335,1200466
VSWS,N,20260525,VISACHROME,BE,VISA Chrome,51.0600,52.5600,50.1100,51.5200,34251,265,1783378
VSWS,N,20260525,VISAKAIND,EQ,Visaka Industries,72.6000,74.9000,72.5000,74.2600,77880,701,5718630
VSWS,N,20260525,VISHNU,EQ,Vishnu Chemicals,599.8000,607.3000,595.9000,603.4500,43325,1865,26113746
VSWS,N,20260525,VISHNUINFR,SM,Vishnusurya Pro & In,165.6500,173.6000,165.6500,172.6000,4500,9,771875
VSWS,N,20260525,VISHWARAJ,EQ,Vishwaraj Sugar Indu,5.3600,5.6000,5.3600,5.4400,98963,567,541167
VSWS,N,20260525,VITAL,BE,Vital Chemtech,56.8000,56.8000,54.0000,54.5200,8689,39,485597
VSWS,N,20260525,VIVIANA,SM,Viviana Power Tech,890.0000,890.0000,830.0000,838.2500,53400,242,45832170
VSWS,N,20260525,VIVIDEL,ST,Vivid Electromech,952.5000,975.0000,921.1500,961.4000,31920,84,30336516
VSWS,N,20260525,VIVIDHA,EQ,Visagar Polytex,0.5700,0.5900,0.5400,0.5800,1322981,423,771576
VSWS,N,20260525,VIVIMEDLAB,BE,Vivimed Labs,6.5300,6.6500,6.3600,6.4400,42185,118,273159
VSWS,N,20260525,VIVO,SM,Vivo Collaboration S,81.8000,81.8000,81.8000,81.8000,1600,1,130880
VSWS,N,20260525,VIYASH,EQ,Viyash Scientific,247.9000,262.0000,247.9000,260.9600,2405194,34808,617578725
VSWS,N,20260525,VLEGOV,BE,VL E-Governance & IT,14.2000,14.9200,14.2000,14.3100,123204,380,1781330
VSWS,N,20260525,VLINFRA,ST,V L Infraprojects,25.7000,25.7000,25.7000,25.7000,3000,2,77100
VSWS,N,20260525,VLSFINANCE,EQ,VLS Finance,232.0700,237.9000,231.6300,236.5100,16583,379,3885850
VSWS,N,20260525,VMARCIND,SM,V Marc India,1129.9500,1179.0000,1095.0500,1154.3000,79000,285,90234413
VSWS,N,20260525,VMART,EQ,V-Mart Retail,642.9500,662.0000,642.9500,658.8000,157282,6725,103142550
VSWS,N,20260525,VMM,EQ,Vishal Mega Mart,122.8900,122.9100,119.7800,121.0500,7503994,66863,906724905
VSWS,N,20260525,VMSTMT,BE,VMS TMT,47.1200,49.5000,47.1200,48.6300,23940,211,1164068
VSWS,N,20260525,VOLERCAR,SM,Voler Car,215.0500,215.0500,212.5000,212.5000,1600,2,342040
VSWS,N,20260525,VOLTAMP,EQ,Voltamp Transformers,9170.0000,9339.0000,9123.0000,9213.0000,33828,7776,312232514
VSWS,N,20260525,VOLTAS,EQ,Voltas,1281.0000,1295.0000,1276.3000,1284.0000,1052123,28392,1353927905
VSWS,N,20260525,VPRPL,BE,Vishnu Prakash R Pun,40.8500,41.9900,40.8500,41.4000,220084,749,9117103
VSWS,N,20260525,VRAJ,EQ,Vraj Iron & Steel,123.4100,124.7900,121.3000,123.7900,13696,805,1685088
VSWS,N,20260525,VRLLOG,EQ,VRL Logistics,240.1000,242.5000,239.0500,239.9500,145624,3877,35044621
VSWS,N,20260525,VSCL,SM,Vadivarhe Special Ch,20.9000,20.9000,20.9000,20.9000,9000,3,188100
VSWS,N,20260525,VSSL,EQ,Vardhman Special Ste,276.0000,276.0000,270.6000,273.7000,29388,1397,8033849
VSWS,N,20260525,VSTIND,EQ,VST Industries,260.6500,260.8000,255.3500,257.3000,159991,3258,41282586
VSWS,N,20260525,VSTL,EQ,Vibhor Steel Tubes,120.9000,121.3400,116.9800,118.4200,23364,835,2778219
VSWS,N,20260525,VSTTILLERS,EQ,VST Tillers Tractors,4725.0000,4792.5000,4703.0000,4744.5000,6589,1728,31264641
VSWS,N,20260525,VTL,EQ,Vardhman Textiles,617.2500,623.0000,591.8000,601.4000,273602,11998,166534731
VSWS,N,20260525,WAAREEENER,EQ,Waaree Energies,3025.0000,3028.3000,2974.9000,2984.2000,1277965,46329,3831948459
VSWS,N,20260525,WAAREEINDO,BE,Indosolar,398.0000,405.0000,391.6500,398.1000,38647,786,15414212
VSWS,N,20260525,WAAREERTL,EQ,Waaree Renewable,968.4000,986.3000,963.5000,977.8000,194785,10284,189584751
VSWS,N,20260525,WABAG,EQ,VA Tech Wabag,1468.0000,1475.0000,1442.1000,1452.8000,347480,17984,507066037
VSWS,N,20260525,WAKEFIT,EQ,Wakefit Innovations,137.0000,137.3300,129.0000,130.9400,1489533,12064,196048564
VSWS,N,20260525,WALCHANNAG,EQ,Walchandnagar Ind,235.8000,252.8000,233.5000,245.0000,3351082,37643,821667309
VSWS,N,20260525,WANBURY,BE,Wanbury,290.0000,290.0000,280.0000,283.6000,49059,388,13993213
VSWS,N,20260525,WCIL,EQ,Western Carriers (In,97.1000,100.0000,97.1000,98.9200,81973,1164,8097338
VSWS,N,20260525,WEALTH,EQ,Wealth First Portfol,916.9500,945.0000,898.2000,921.8500,3615,420,3315694
VSWS,N,20260525,WEBELSOLAR,EQ,Websol Energy Sys,109.4000,113.0000,109.0000,111.1100,3072565,11883,342082840
VSWS,N,20260525,WEIZMANIND,EQ,Weizmann,84.3900,84.3900,82.1300,82.1300,221,15,18424
VSWS,N,20260525,WEL,EQ,Wonder Electricals,95.0100,97.4500,91.3000,95.7600,121255,1218,11622130
VSWS,N,20260525,WELCORP,EQ,Welspun Corp,1284.9000,1321.4000,1284.9000,1297.6000,461997,20018,601273151
VSWS,N,20260525,WELENT,EQ,Welspun Enterprises,507.6000,511.1500,498.0000,500.7000,155145,4627,78179013
VSWS,N,20260525,WELINV,EQ,Welspun Inv & Comm,1950.0000,1978.7000,1860.4000,1880.2000,709,135,1350908
VSWS,N,20260525,WELSPLSOL,EQ,Welspun Specialty So,43.0200,44.3000,42.5000,42.9000,189364,1254,8238016
VSWS,N,20260525,WELSPUNLIV,EQ,Welspun Living,139.8500,141.6300,137.8500,138.6200,1291429,14630,179805569
VSWS,N,20260525,WENDT,EQ,Wendt,7040.0000,7198.0000,6955.5000,6990.5000,4382,1221,31020562
VSWS,N,20260525,WESTLIFE,EQ,Westlife Foodworld,476.0000,476.7000,463.5500,467.0000,30620,2905,14416988
VSWS,N,20260525,WEWIN,BE,WE WIN Ltd,55.6400,56.7800,53.9500,54.5800,6563,86,360389
VSWS,N,20260525,WEWORK,EQ,WeWork India Managem,569.8500,579.2000,546.7000,573.6000,505873,34320,286045879
VSWS,N,20260525,WHEELS,EQ,Wheels (I),1684.0000,1691.9000,1610.2000,1633.5000,173945,12077,285214315
VSWS,N,20260525,WHIRLPOOL,EQ,Whirlpool of India,852.9500,863.0000,844.8000,855.1000,329005,8894,281924063
VSWS,N,20260525,WHITEFORCE,ST,Happy Square Out Ser,39.4500,39.4500,39.4500,39.4500,3200,2,126240
VSWS,N,20260525,WILLAMAGOR,EQ,Williamson Magor,28.1900,30.5500,27.9500,28.0000,3031,83,87368
VSWS,N,20260525,WIMPLAST,EQ,Wim Plast,353.2500,359.9500,340.2000,346.8000,27155,1581,9505063
VSWS,N,20260525,WINDLAS,EQ,Windlas Biotech,804.9500,805.0000,770.1500,785.2500,116011,3417,90009020
VSWS,N,20260525,WINDMACHIN,EQ,Windsor Machines,289.0000,295.5000,282.8000,287.9500,29615,1060,8583531
VSWS,N,20260525,WINNY,SM,Winny Immigration &,43.7000,43.7000,43.7000,43.7000,1500,3,65550
VSWS,N,20260525,WINSOL,SM,Winsol Engineers,136.5500,137.0000,130.8500,133.0000,8000,18,1073200
VSWS,N,20260525,WINSOME,BZ,Winsome Yarns,2.2500,2.2900,2.2500,2.2900,9823,25,22449
VSWS,N,20260525,WIPL,EQ,Western India Plywoo,143.1600,149.9000,141.5500,142.6000,3042,49,445462
VSWS,N,20260525,WIPRO,EQ,Wipro,207.0000,209.5500,204.0600,206.8400,72041558,279969,14939079346
VSWS,N,20260525,WOCKPHARMA,EQ,Wockhardt,1591.6000,1645.0000,1571.0000,1637.6000,1556653,55681,2514222721
VSWS,N,20260525,WOL3D,SM,Wol 3D India,215.0000,215.0000,196.2500,210.0000,47000,43,9735950
VSWS,N,20260525,WOMANCART,SM,Womancart,127.0000,129.0000,114.3000,119.9000,21600,49,2588360
VSWS,N,20260525,WONDERLA,EQ,Wonderla Holidays,490.2000,490.9500,474.8000,481.3000,56210,2339,27089962
VSWS,N,20260525,WORTHPERI,EQ,Worth Peripherals,135.5900,139.3600,127.0000,129.0700,29165,366,3784377
VSWS,N,20260525,WPIL,EQ,W P I L,433.8000,465.9000,431.6000,459.4000,109569,5381,49533204
VSWS,N,20260525,WSI,EQ,WS Industries,67.9900,69.0000,66.9500,67.3200,40798,326,2751711
VSWS,N,20260525,WSTCSTPAPR,EQ,West Coast Paper,481.1500,500.0000,480.0000,497.8500,95842,4241,47212658
VSWS,N,20260525,WTICAB,SM,Wise Travel India,94.0000,95.4500,90.1500,94.0000,10000,15,936725
VSWS,N,20260525,XCHANGING,EQ,XChanging Solutions,66.9600,67.9000,66.5000,66.7600,64897,780,4345813
VSWS,N,20260525,XELPMOC,EQ,Xelpmoc Design and T,103.1600,104.3400,99.0100,101.8300,16347,974,1658337
VSWS,N,20260525,XPROINDIA,EQ,Xpro India,1174.0000,1174.0000,1101.6000,1116.9000,46919,4315,52595666
VSWS,N,20260525,XTGLOBAL,EQ,XTGlobal Infotech,31.9900,32.9900,31.2100,32.6500,65966,1258,2122668
VSWS,N,20260525,YAAP,ST,Yaap Digital,198.0500,201.9500,195.0000,195.6000,16000,15,3151600
VSWS,N,20260525,YASHO,EQ,Yasho Industries,2035.0000,2215.0000,2012.0000,2110.7000,56114,6362,119608097
VSWS,N,20260525,YASHOPTICS,SM,Yash Optics & Lens,133.0000,133.0000,131.0000,132.7500,3200,4,423000
VSWS,N,20260525,YATHARTH,EQ,Yatharth Hosp & Trau,875.0000,889.9000,792.8500,820.5500,2337583,93991,1957213167
VSWS,N,20260525,YATRA,EQ,Yatra Online,97.0000,103.6900,97.0000,101.4700,2563656,18594,255502196
VSWS,N,20260525,YESBANK,EQ,Yes Bank,22.1400,22.4000,22.0100,22.2900,69502731,67364,1543698730
VSWS,N,20260525,YUDIZ,SM,Yudiz Solutions,28.0000,28.3000,25.6500,25.6500,4800,6,132240
VSWS,N,20260525,YUKEN,EQ,Yuken India,663.2000,680.0000,660.1000,677.0500,7767,842,5210521
VSWS,N,20260525,ZAGGLE,EQ,Zaggle Prepaid Ocean,217.0000,219.7000,212.8200,217.4200,1579228,14418,341540129
VSWS,N,20260525,ZEAL,SM,Zeal Global Services,66.0000,67.0000,66.0000,67.0000,1200,2,79800
VSWS,N,20260525,ZEEL,EQ,Zee Entertainment,82.9300,84.7500,82.3800,82.6800,8871000,32363,739080358
VSWS,N,20260525,ZEELEARN,EQ,Zee Learn,5.8100,6.5000,5.7600,6.1000,3938015,4420,24278567
VSWS,N,20260525,ZEEMEDIA,EQ,Zee Media Corp,8.0300,8.1400,7.9500,8.0300,295936,702,2378026
VSWS,N,20260525,ZENITHDRUG,SM,Zenith Drugs,38.9500,40.0000,38.9500,40.0000,3200,3,126320
VSWS,N,20260525,ZENITHEXPO,EQ,Zenith Exports,208.4800,208.4800,199.0000,203.0000,443,27,89152
VSWS,N,20260525,ZENITHSTL,EQ,Zenith Steel Pipes,5.6900,5.9600,5.6900,5.9600,163744,223,960469
VSWS,N,20260525,ZENSARTECH,EQ,Zensar Technologies,493.0000,496.8000,491.7500,493.0500,196446,11731,97000686
VSWS,N,20260525,ZENTEC,EQ,Zen Technologies,1619.0000,1624.0000,1593.2000,1608.0000,265204,16492,427216078
VSWS,N,20260525,ZFCVINDIA,EQ,ZF Comm Vehicle Cont,14983.0000,15250.0000,14857.0000,14993.0000,14498,5507,217855107
VSWS,N,20260525,ZFSTEERING,EQ,ZF Steering Gear,720.0000,720.0000,701.0000,707.9500,477,59,338013
VSWS,N,20260525,ZIMLAB,BE,Zim Laboratories,99.5000,102.5000,98.0100,99.8700,27263,149,2760110
VSWS,N,20260525,ZODIAC,BE,Zodiac Energy,317.7000,320.4500,310.1000,320.3000,17799,415,5648455
VSWS,N,20260525,ZODIACLOTH,EQ,Zodiac Clothing Co,75.2500,77.8000,75.1600,76.4000,3766,107,288432
VSWS,N,20260525,ZOTA,EQ,Zota Health Care,1190.0000,1223.9000,1100.0000,1122.1000,125475,5336,144206783
VSWS,N,20260525,ZSARACOM,EQ,Saraswati Commercial,9900.0000,10289.0000,9705.0000,9805.0000,52,33,518502
VSWS,N,20260525,ZTECH,SM,Z-Tech (India),640.0000,640.0000,610.0000,612.0500,33900,89,21091095
VSWS,N,20260525,ZUARI,EQ,Zuari Agro Chemicals,217.9400,222.9000,215.4100,221.1500,133731,2360,29424991
VSWS,N,20260525,ZUARIIND,EQ,Zuari Industries,251.0000,256.3500,250.1500,252.2500,49807,897,12639137
VSWS,N,20260525,ZYDUSLIFE,EQ,Zydus Lifesciences,1049.8000,1075.0000,1041.5000,1072.9500,2355182,59137,2496238994
VSWS,N,20260525,ZYDUSWELL,EQ,Zydus Wellness,496.0000,498.2000,484.5500,486.2500,220734,8148,108123521
