VSWS,B,20260429,BIX045,IX,BSE 100 ESG INDEX,407.2400,410.4900,406.2600,407.5200,,,
VSWS,B,20260429,BIX056,IX,BSE 100 LARGECAP TMC INDEX,9060.0100,9127.6100,9034.1100,9067.0300,,,
VSWS,B,20260429,BIX074,IX,BSE 1000,10668.2700,10730.8500,10642.0200,10658.3500,,,
VSWS,B,20260429,BIX046,IX,BSE 150 MIDCAP INDEX,16348.3500,16391.9200,16228.0200,16251.0300,,,
VSWS,B,20260429,BIX063,IX,BSE 200 EQUAL WEIGHT,13407.3100,13442.0700,13317.2700,13332.1400,,,
VSWS,B,20260429,BIX048,IX,BSE 250 LARGEMIDCAP INDEX,10654.4700,10722.0600,10624.4400,10646.7400,,,
VSWS,B,20260429,BIX047,IX,BSE 250 SMALLCAP INDEX,6701.8300,6729.3700,6687.3400,6694.7400,,,
VSWS,B,20260429,BIX049,IX,BSE 400 MIDSMALLCAP INDEX,12123.8300,12160.1000,12056.0600,12071.2900,,,
VSWS,B,20260429,BIX077,IX,BSE 500 MOMENTUM 50,43279.3300,43637.2100,43126.8100,43190.3100,,,
VSWS,B,20260429,BIX075,IX,BSE 500 QUALITY 50,22291.2900,22478.4300,22283.8100,22346.9600,,,
VSWS,B,20260429,BIX009,IX,BSE AUTO INDEX,57380.1900,58446.4700,57331.7000,57553.3800,,,
VSWS,B,20260429,BIX010,IX,BSE BANKEX,62681.9100,63231.7500,62208.4200,62318.4300,,,
VSWS,B,20260429,BIX032,IX,BSE BASIC MATERIALS,8594.8100,8607.5400,8502.9900,8568.9200,,,
VSWS,B,20260429,BIX044,IX,BSE BHARAT 22 INDEX,9680.5300,9770.8400,9630.9900,9684.3300,,,
VSWS,B,20260429,BIX011,IX,BSE CAPITAL GOODS INDEX,78329.3300,78899.0100,77753.5300,77962.9700,,,
VSWS,B,20260429,BIX065,IX,BSE CAPITAL MARKETS & INSURANCE,2378.7200,2393.1200,2370.8400,2377.3700,,,
VSWS,B,20260429,BIX033,IX,BSE CONSUMER DISCRETIONARY GOOD,9285.3500,9342.8400,9236.8700,9250.3300,,,
VSWS,B,20260429,BIX012,IX,BSE CONSUMER DURABLES INDEX,60106.5100,60258.0800,59614.3900,59705.1800,,,
VSWS,B,20260429,BIX055,IX,BSE DIVERSIFIED FINANCIALS REVENUE GROWTH INDEX,1594.9300,1610.8400,1589.8100,1593.9800,,,
VSWS,B,20260429,BIX054,IX,BSE DIVIDEND STABILITY INDEX,1056.0300,1063.6900,1048.9800,1056.8600,,,
VSWS,B,20260429,BIX034,IX,BSE ENERGY,11989.4200,12144.1300,11951.4300,12068.4000,,,
VSWS,B,20260429,BIX053,IX,BSE ENHANCED VALUE INDEX,1078.0600,1083.5700,1069.2200,1071.2200,,,
VSWS,B,20260429,BIX035,IX,BSE FINANCE,12249.5200,12316.9800,12173.0300,12189.9200,,,
VSWS,B,20260429,BIX013,IX,BSE FMCG INDEX,18881.2300,19208.9700,18867.8500,19105.7600,,,
VSWS,B,20260429,BIX067,IX,BSE FOCUSED IT,34604.2900,35102.8700,34597.4000,34716.4300,,,
VSWS,B,20260429,BIX068,IX,BSE FOCUSED MIDCAP,23908.8900,24104.7100,23754.9200,23798.4100,,,
VSWS,B,20260429,BIX014,IX,BSE HEALTHCARE INDEX,44739.5500,44941.0600,44568.2400,44637.2600,,,
VSWS,B,20260429,BIX076,IX,BSE INDIA 150,18460.4200,18586.6800,18408.6600,18455.8200,,,
VSWS,B,20260429,BIX028,IX,BSE INDIA INFRASTRUCTURE INDEX,632.9300,633.7900,624.0500,625.4000,,,
VSWS,B,20260429,BIX030,IX,BSE INDIA MANUFACTURING INDEX,1103.1800,1117.3100,1101.4900,1111.8900,,,
VSWS,B,20260429,BIX073,IX,BSE INDIA SECTOR LEADERS,14698.4800,14794.4600,14673.4100,14697.9500,,,
VSWS,B,20260429,BIX036,IX,BSE INDUSTRIALS,16075.2900,16152.5100,15994.4300,16016.4000,,,
VSWS,B,20260429,BIX064,IX,BSE INTERNET ECONOMY,2930.6300,2934.9300,2901.4600,2908.3500,,,
VSWS,B,20260429,BIX023,IX,BSE IPO INDEX,16466.7800,16491.1300,16291.9100,16318.5300,,,
VSWS,B,20260429,BIX015,IX,BSE IT INDEX,28125.7900,28503.3700,28125.3200,28262.9800,,,
VSWS,B,20260429,BIX051,IX,BSE LOW VOLATILITY INDEX,1779.7500,1791.8400,1774.1300,1779.7200,,,
VSWS,B,20260429,BIX016,IX,BSE METAL INDEX,43215.9400,43280.5000,42339.2500,43115.5800,,,
VSWS,B,20260429,BIX038,IX,BSE MIDCAP SELECT INDEX,17215.1400,17269.9800,17010.7100,17036.6200,,,
VSWS,B,20260429,BIX050,IX,BSE MOMENTUM INDEX,2141.6400,2153.5600,2126.4500,2129.7000,,,
VSWS,B,20260429,BIX017,IX,BSE OIL & GAS INDEX,27944.8400,28213.5100,27874.6200,27926.5300,,,
VSWS,B,20260429,BIX062,IX,BSE POWER & ENERGY,4297.6100,4309.0600,4256.0000,4263.2700,,,
VSWS,B,20260429,BIX022,IX,BSE POWER INDEX,8330.7100,8330.7100,8155.2100,8176.6100,,,
VSWS,B,20260429,BIX069,IX,BSE PREMIUM CONSUMPTION,5024.7600,5054.2900,4986.0400,4995.6100,,,
VSWS,B,20260429,BIX057,IX,BSE PRIVATE BANKS INDEX,19263.5000,19459.8600,19154.8800,19195.9100,,,
VSWS,B,20260429,BIX072,IX,BSE PSU BANK,4878.9500,4927.6100,4822.7500,4834.3900,,,
VSWS,B,20260429,BIX008,IX,BSE PSU INDEX,22343.8700,22401.5300,22141.1700,22170.3700,,,
VSWS,B,20260429,BIX052,IX,BSE QUALITY INDEX,1914.5200,1929.4100,1913.9900,1918.1600,,,
VSWS,B,20260429,BIX021,IX,BSE REALTY INDEX,6179.5000,6305.7100,6148.1700,6217.0200,,,
VSWS,B,20260429,BIX066,IX,BSE SELECT BUSINESS GROUPS,4473.2700,4514.7300,4463.6600,4496.3900,,,
VSWS,B,20260429,BIX071,IX,BSE SELECT IPO,4434.6500,4445.7100,4381.0700,4387.2900,,,
VSWS,B,20260429,BIX042,IX,BSE SENSEX 50,25232.3700,25455.9600,25175.9300,25291.6700,,,
VSWS,B,20260429,BIX070,IX,BSE SENSEX EQUAL WEIGHT,78515.8600,79240.7900,78391.6200,78682.5000,,,
VSWS,B,20260429,BIX059,IX,BSE SENSEX NEXT 30,41687.3900,41912.7700,41401.1200,41630.8300,,,
VSWS,B,20260429,BIX043,IX,BSE SENSEX NEXT 50,85114.4500,85560.7400,84597.8100,84720.6200,,,
VSWS,B,20260429,BIX060,IX,BSE SENSEX SIXTY,32692.9400,32968.3200,32607.5100,32765.3000,,,
VSWS,B,20260429,BIX061,IX,BSE SENSEX SIXTY 65:35,33779.2100,34041.8300,33666.2200,33832.6700,,,
VSWS,B,20260429,BIX058,IX,BSE SERVICES,1503.3300,1512.0100,1491.7900,1496.0500,,,
VSWS,B,20260429,BIX039,IX,BSE SMALLCAP SELECT INDEX,8209.7100,8243.4700,8170.6500,8220.9100,,,
VSWS,B,20260429,BIX027,IX,BSE SME IPO INDEX,92348.5600,93127.8100,92015.2000,92163.0500,,,
VSWS,B,20260429,BIX007,IX,BSE TECk INDEX,14823.1400,15067.7600,14823.1400,14981.9400,,,
VSWS,B,20260429,BIX040,IX,BSE TELECOM,3053.8600,3086.4000,3049.6200,3074.6900,,,
VSWS,B,20260429,BIX041,IX,BSE UTILITIES,6419.5800,6419.5800,6261.7100,6285.2000,,,
VSWS,B,20260429,BIX003,IX,BSE-100 INDEX,25573.2300,25778.1100,25507.3600,25598.0100,,,
VSWS,B,20260429,BIX004,IX,BSE-200 INDEX,11209.1800,11280.6900,11177.7400,11200.8500,,,
VSWS,B,20260429,BIX006,IX,BSE-500 INDEX,35838.8100,36058.0900,35743.1500,35811.6000,,,
VSWS,B,20260429,BIX029,IX,BSE CPSE,4254.4800,4265.3900,4217.5100,4223.2400,,,
VSWS,B,20260429,BIX001,IX,BSE SENSEX,77245.8300,77982.5100,77136.2000,77496.3600,,,
VSWS,B,20260429,500002,,ABB India,  7315.7500,  7369.2500,  7210.4500,  7265.0000,      11062,       2852,            80426469
VSWS,B,20260429,500003,,Aegis Logistics,   714.4000,   716.9500,   706.3000,   708.8500,      13943,        995,             9913237
VSWS,B,20260429,500008,,Amara Raja Energy &,   899.0000,   909.5000,   888.1500,   890.7500,      64440,       2534,            57650225
VSWS,B,20260429,500009,,Ambalal Sarabhai,    33.5700,    34.0000,    32.0000,    32.3100,      28165,        372,              927666
VSWS,B,20260429,500012,,Andhra Petrochem,    39.0200,    40.9900,    39.0200,    40.0500,      31303,        243,             1250258
VSWS,B,20260429,500013,,Ansal Prop & Infrast,     3.6100,     3.7400,     3.6100,     3.7400,      42771,         33,              157941
VSWS,B,20260429,500014,,Utique Enterprises,     4.1000,     4.2400,     4.0200,     4.1700,       8739,         59,               35933
VSWS,B,20260429,500016,,Aruna Hotels,     8.4400,     8.4900,     8.0700,     8.2400,       2543,         16,               21314
VSWS,B,20260429,500020,,Bombay Dyeing,   115.0000,   116.7500,   114.0000,   114.5800,      22993,        395,             2649901
VSWS,B,20260429,500023,,Asian Hotels (North),   300.0000,   302.4000,   299.2500,   302.4000,        223,         46,               66946
VSWS,B,20260429,500027,,Atul,  6949.3500,  6950.0500,  6770.0000,  6802.8500,       1453,        403,             9925010
VSWS,B,20260429,500028,,ATV Projects,    33.9000,    33.9000,    31.5000,    32.5900,      11863,        172,              392975
VSWS,B,20260429,500031,,Bajaj Electricals,   396.8500,   400.7000,   391.1500,   396.7000,      53112,       1474,            21044077
VSWS,B,20260429,500032,,Bajaj Hindusthan Su,    19.7500,    20.1400,    19.5100,    19.6600,     900220,       2539,            17828987
VSWS,B,20260429,500033,,Force Motors, 21000.0000, 21450.0000, 20818.2500, 20990.2500,       7827,       2649,           165659373
VSWS,B,20260429,500034,,Bajaj Finance,   924.9500,   937.0000,   917.0000,   929.9500,     218663,       5842,           202720800
VSWS,B,20260429,500038,,Balrampur Chini Mill,   513.5500,   518.0000,   500.3000,   510.1000,      43434,       2023,            22039276
VSWS,B,20260429,500039,,Banco Products,   626.0500,   644.3500,   619.7500,   620.7500,      25677,       1000,            16232029
VSWS,B,20260429,500040,,Aditya Birla Real Es,  1522.3500,  1570.0000,  1500.7500,  1551.2000,       9975,        744,            15337375
VSWS,B,20260429,500042,,BASF India,  3723.9500,  3723.9500,  3593.1500,  3603.6000,       1388,        333,             5058673
VSWS,B,20260429,500043,,Bata India,   727.0500,   733.4500,   723.1500,   725.0500,      13119,       1246,             9569435
VSWS,B,20260429,500048,,BEML,  1860.8000,  1872.9500,  1816.4500,  1826.1500,      30551,       2476,            56362956
VSWS,B,20260429,500049,,Bharat Electronics,   436.8000,   442.8000,   435.3500,   437.4500,     486653,      10824,           213532868
VSWS,B,20260429,500051,,Bhagawati Gas,     4.0300,     4.0300,     4.0300,     4.0300,       5806,         11,               23398
VSWS,B,20260429,500052,,Bhansali Engg Poly,    99.9900,   102.0000,    97.2400,    97.6700,      38193,        479,             3836816
VSWS,B,20260429,500058,,Bihar Sponge Iron,    14.2100,    14.9500,    14.2100,    14.4000,      13734,         77,              199561
VSWS,B,20260429,500060,,Birla Cable,   159.3500,   159.9500,   156.5500,   157.7000,       6124,         85,              970114
VSWS,B,20260429,500067,,Blue Star,  1900.0000,  1915.0000,  1829.1000,  1837.3000,      21481,       2662,            39980021
VSWS,B,20260429,500068,,Disa India, 12620.0000, 12620.0000, 12180.0000, 12231.9500,         45,         13,              554926
VSWS,B,20260429,500069,,Quest Capital Market,   255.6000,   264.7500,   255.6000,   264.0000,        823,         16,              216956
VSWS,B,20260429,500074,,B P L,    59.5000,    60.3000,    57.2600,    57.4200,       6379,        183,              376249
VSWS,B,20260429,500078,,Oriental Aromatics,   318.6000,   320.0500,   304.0000,   306.9000,        207,         40,               63840
VSWS,B,20260429,500083,,Century Extrusions,    20.9000,    22.9000,    20.9000,    22.0400,      49048,        462,             1097326
VSWS,B,20260429,500084,,C E S C,   192.3000,   193.7000,   183.5000,   186.4500,     183236,       2166,            34873757
VSWS,B,20260429,500085,,Chambal Fertilisers,   452.9500,   457.3000,   447.8500,   450.8000,      33484,       1600,            15141816
VSWS,B,20260429,500086,,Exide Industries,   356.9000,   370.2000,   356.9000,   363.6000,     363109,       6744,           132540971
VSWS,B,20260429,500087,,Cipla,  1314.5500,  1322.0000,  1307.8500,  1316.6500,      39114,       3727,            51499143
VSWS,B,20260429,500089,,DIC India,   530.0000,   556.0000,   515.0000,   534.4500,         86,         14,               45679
VSWS,B,20260429,500092,,CRISIL,  4274.6500,  4369.9500,  4274.6500,  4321.7000,       2383,        616,            10278379
VSWS,B,20260429,500093,,CG Power & Indl Solu,   837.1000,   839.7500,   820.3500,   826.9500,      88275,       3217,            73356026
VSWS,B,20260429,500096,,Dabur India,   453.4500,   458.0000,   450.0500,   456.0000,      31675,        862,            14427484
VSWS,B,20260429,500097,,Dalmia Bharat Sugar,   375.9500,   388.1000,   375.3000,   378.4000,       9624,        672,             3653468
VSWS,B,20260429,500101,,Arvind,   395.0500,   401.5500,   391.0000,   392.8500,      10031,        495,             3953828
VSWS,B,20260429,500103,,Bharat Heavy Elect,   356.4000,   358.0000,   342.6000,   344.4500,     948724,      16988,           331595226
VSWS,B,20260429,500104,,Hindustan Petroleum,   380.4500,   384.1500,   377.6000,   380.7500,     244307,      10482,            93085219
VSWS,B,20260429,500106,,I F C I,    60.2600,    60.8400,    58.0500,    58.2700,    1427348,       6106,            84487937
VSWS,B,20260429,500108,,M T N L,    32.0800,    32.1600,    31.2900,    31.4400,      83467,        439,             2655827
VSWS,B,20260429,500109,,M R P L,   175.8000,   177.0000,   172.5000,   173.3500,     350944,       3333,            61410266
VSWS,B,20260429,500110,,Chennai Petroleum,  1085.9500,  1150.0000,  1049.0000,  1138.6500,     417632,      16059,           469880807
VSWS,B,20260429,500112,,State Bank of India,  1096.3500,  1104.9000,  1084.2000,  1086.4000,     231578,      12872,           253672236
VSWS,B,20260429,500113,,S A I L,   186.9500,   187.4500,   181.5000,   186.0500,    1393148,      10831,           256819349
VSWS,B,20260429,500114,,Titan Company,  4402.8000,  4471.0000,  4402.8000,  4437.4500,      25541,       7057,           113452993
VSWS,B,20260429,500116,,IDBI Bank,    77.4400,    78.0900,    76.4000,    76.7700,     689491,       4236,            53296102
VSWS,B,20260429,500117,,D C W,    46.7800,    49.2000,    46.7800,    47.4900,     351721,       1864,            16889790
VSWS,B,20260429,500119,,Dhampur Sugar,   142.0500,   146.8000,   142.0000,   144.1000,      32874,        620,             4744377
VSWS,B,20260429,500120,,Diamines & Chemicals,   260.0000,   270.0000,   260.0000,   265.8500,        979,        154,              261540
VSWS,B,20260429,500123,,Elantas Beck India,  9739.9500, 10190.0000,  9729.0000, 10038.3500,        522,        255,             5197149
VSWS,B,20260429,500124,,Dr Reddy's Lab,  1368.9500,  1376.0000,  1322.1000,  1330.1000,     162757,      11682,           219004212
VSWS,B,20260429,500125,,EID Parry,   855.8500,   856.9000,   833.2500,   838.7000,     112818,       1070,            94702400
VSWS,B,20260429,500126,,Procter & Gamble Hea,  5132.5500,  5167.7000,  5115.0000,  5126.3000,        162,         83,              833105
VSWS,B,20260429,500128,,Electrosteel Casting,    85.5400,    85.7100,    83.4300,    84.0000,     334343,       2171,            28193767
VSWS,B,20260429,500133,,Esab India,  6180.0000,  6234.8500,  6100.9500,  6220.1500,        232,         95,             1432150
VSWS,B,20260429,500135,,EPL,   225.0500,   228.0000,   225.0500,   226.7500,      19749,        429,             4478526
VSWS,B,20260429,500136,,Ester Industries,    92.0700,    92.1400,    90.4000,    90.4900,       3109,        115,              282038
VSWS,B,20260429,500142,,F G P,    11.3400,    11.8900,    10.0500,    10.4800,      21116,         79,              235077
VSWS,B,20260429,500143,,P H Capital,   715.0000,   715.0000,   702.5500,   702.5500,        631,         13,              443627
VSWS,B,20260429,500144,,Finolex Cables,  1004.3500,  1018.9500,   997.0000,  1004.2000,      35926,       3292,            36131436
VSWS,B,20260429,500147,,John Cockerill India,  5170.1500,  5234.8500,  5093.6000,  5193.6000,        487,         94,             2529832
VSWS,B,20260429,500148,,Uflex,   432.7000,   451.9500,   424.9500,   443.5500,      12600,        760,             5560949
VSWS,B,20260429,500150,,Foseco India,  4767.4000,  4805.7500,  4689.7500,  4727.2500,         50,         26,              237563
VSWS,B,20260429,500151,,Golden Tobacco,    27.9800,    27.9900,    26.8000,    27.5000,       2162,         22,               59537
VSWS,B,20260429,500153,,Ganesh Benzoplast,   104.6400,   105.7500,   100.1000,   101.0500,      14547,        248,             1489838
VSWS,B,20260429,500159,,Metroglobal,   133.5000,   133.5000,   131.0000,   131.0000,          9,          6,                1197
VSWS,B,20260429,500160,,G T L,     7.0600,     7.4800,     7.0600,     7.2900,      44105,        111,              323254
VSWS,B,20260429,500163,,Godfrey Phillips,  2138.5000,  2298.0000,  2125.2000,  2273.5000,     167163,      12141,           373243415
VSWS,B,20260429,500164,,Godrej Industries,   999.0000,   999.0000,   955.3500,   959.8500,      12518,       1008,            12112916
VSWS,B,20260429,500165,,Kansai Nerolac Paint,   200.0000,   200.9000,   197.4500,   197.6500,       7448,        693,             1480735
VSWS,B,20260429,500166,,Goodricke Group,   179.0000,   182.0000,   173.0000,   174.4500,       5168,        137,              920086
VSWS,B,20260429,500168,,Goodyear India,   792.9500,   812.0000,   785.0000,   787.5500,       2905,        334,             2319792
VSWS,B,20260429,500170,,GTN Industries,    25.4400,    25.4400,    23.6600,    25.0000,       2816,         11,               70596
VSWS,B,20260429,500171,,GHCL,   512.5000,   524.6500,   512.5000,   516.2500,       8934,        305,             4641037
VSWS,B,20260429,500173,,GFL,    47.6700,    48.2000,    46.8000,    47.0500,       2236,        107,              105854
VSWS,B,20260429,500174,,Gujarat Lease Fin,     7.7100,     7.7100,     7.7100,     7.7100,        888,          3,                6846
VSWS,B,20260429,500179,,HCL Infosystems,    12.1100,    13.0000,    12.1100,    12.3600,      20375,        232,              255933
VSWS,B,20260429,500180,,HDFC Bank,   787.5000,   789.6000,   777.6000,   778.8000,     637792,      20404,           500159426
VSWS,B,20260429,500182,,Hero MotoCorp,  5089.9000,  5206.1000,  5083.5500,  5111.5500,      37657,       5434,           194268004
VSWS,B,20260429,500183,,HFCL,   107.5400,   108.1100,   104.5600,   107.2100,    1711019,       7737,           182349336
VSWS,B,20260429,500184,,Himadri Speciality C,   571.8500,   608.0000,   571.8500,   601.8000,     750467,      11327,           441848653
VSWS,B,20260429,500185,,Hindustan Construct,    22.6100,    22.9000,    22.0000,    22.0800,    3157725,       5339,            70560042
VSWS,B,20260429,500186,,Hindustan Oil Expl,   163.2500,   163.6000,   156.5000,   157.1500,      39483,        502,             6290764
VSWS,B,20260429,500187,,AGI Greenpac,   673.0000,   697.3000,   631.0500,   637.3500,     481963,      15466,           325471758
VSWS,B,20260429,500188,,Hindustan Zinc,   616.9500,   621.6500,   606.0500,   613.2500,     258458,       7698,           158843823
VSWS,B,20260429,500189,,NDL Ventures,   121.2500,   124.0000,   119.5000,   120.3500,       1748,         59,              213193
VSWS,B,20260429,500191,,H M T,    61.5000,    62.9900,    61.5000,    61.6100,       5182,         45,              320975
VSWS,B,20260429,500192,,Prag Bosimi,     1.9900,     1.9900,     1.8900,     1.9300,       6532,         28,               12622
VSWS,B,20260429,500193,,HLV,     8.7800,     8.9700,     8.3500,     8.6000,      64062,        130,              559381
VSWS,B,20260429,500199,,IG Petrochemicals,   425.7000,   434.6500,   421.1500,   425.0000,        387,         61,              164609
VSWS,B,20260429,500201,,India Glycols,   967.9500,  1041.5500,   964.8500,  1031.3000,      16693,       1104,            16843013
VSWS,B,20260429,500202,,India Lease Develop,     8.4000,     8.4000,     8.4000,     8.4000,         62,          3,                 520
VSWS,B,20260429,500206,,Margo Finance,    72.9300,    72.9300,    70.8000,    70.8000,        245,         18,               17463
VSWS,B,20260429,500207,,Indo Rama Synthetics,    39.4100,    39.5900,    38.0000,    38.4600,       9464,        279,              364333
VSWS,B,20260429,500209,,Infosys,  1157.6000,  1178.5000,  1157.1000,  1167.5000,     581768,      25514,           680654776
VSWS,B,20260429,500210,,Ingersoll Rand (I),  4259.9000,  4323.9500,  4196.3500,  4307.6000,     139293,        944,           588879184
VSWS,B,20260429,500213,,International Travel,   334.9500,   337.0000,   325.0000,   331.8000,       6622,         72,             2199569
VSWS,B,20260429,500214,,Ion Exchange,   400.6000,   402.6000,   393.0000,   397.1000,       7752,        607,             3074217
VSWS,B,20260429,500215,,Sundrop Brands,   670.0000,   670.0000,   648.8500,   650.7500,         98,         25,               64467
VSWS,B,20260429,500219,,Jain Irrigation,    33.0100,    34.1700,    32.6100,    32.8100,     133832,        900,             4475778
VSWS,B,20260429,500220,,Jasch Industries,   164.0000,   166.0500,   158.1500,   158.3500,       2332,         53,              377575
VSWS,B,20260429,500227,,Jindal Poly Films,   677.2500,   711.1000,   677.2500,   711.1000,       4095,        164,             2891209
VSWS,B,20260429,500228,,JSW Steel,  1282.6500,  1287.5500,  1257.0000,  1278.5500,     149858,      11601,           191194938
VSWS,B,20260429,500233,,Kajaria Ceramics,  1228.9500,  1236.0000,  1217.5000,  1226.7000,       6020,        553,             7378553
VSWS,B,20260429,500234,,Kakatiya Cem & Sugar,   135.0000,   137.6000,   134.2200,   136.6100,        524,         33,               71087
VSWS,B,20260429,500235,,Kalyani Steels,   810.0000,   820.2000,   806.0000,   810.8500,       1246,        109,             1012794
VSWS,B,20260429,500238,,Whirlpool of India,   998.1000,  1005.8000,   978.9000,   993.0500,      28033,       2291,            27731227
VSWS,B,20260429,500239,,KG Denim,    16.2700,    16.5000,    16.0200,    16.3900,       4254,         40,               68767
VSWS,B,20260429,500240,,Kinetic Engineering,   246.9000,   258.0000,   246.9000,   250.7500,      28717,        381,             7269949
VSWS,B,20260429,500241,,Kirloskar Brothers,  1700.6500,  1745.4500,  1700.6500,  1738.9500,       3913,        809,             6779449
VSWS,B,20260429,500243,,Kirloskar Industries,  3332.7000,  3346.4000,  3255.5000,  3280.4000,        405,        129,             1332702
VSWS,B,20260429,500245,,Kirloskar Ferrous,   431.5500,   441.1500,   431.5500,   437.1500,      13912,        755,             6101214
VSWS,B,20260429,500246,,Envair Electrodyne,    48.3200,    50.4000,    48.3200,    50.4000,         18,          5,                 871
VSWS,B,20260429,500247,,Kotak Mahindra Bank,   378.0000,   386.1000,   377.5500,   381.6000,     161986,       6553,            62010474
VSWS,B,20260429,500249,,KSB,   999.0500,  1009.2000,   973.1000,   984.5500,      14587,        974,            14483595
VSWS,B,20260429,500250,,LG Balakrishnan,  1757.7500,  1809.9000,  1747.6000,  1799.1500,        421,        117,              747860
VSWS,B,20260429,500251,,Trent,  4274.0000,  4301.6500,  4220.5500,  4227.5000,      51561,      10967,           219683810
VSWS,B,20260429,500252,,LMW, 14934.0000, 14999.4500, 14685.0000, 14746.2500,        170,        133,             2519460
VSWS,B,20260429,500253,,LIC Housing Finance,   553.0000,   567.0000,   546.2500,   562.0000,      82787,       3036,            46442992
VSWS,B,20260429,500257,,Lupin,  2319.9500,  2331.2000,  2303.1000,  2310.9000,      75502,       5288,           175563683
VSWS,B,20260429,500259,,Lyka Labs,    58.8500,    61.4000,    58.8500,    61.3900,       3246,         19,              195689
VSWS,B,20260429,500260,,Ramco Cements,   952.9500,   973.9000,   940.0000,   942.3500,       5641,        562,             5367445
VSWS,B,20260429,500262,,Hybrid Financial Ser,    18.6000,    20.1000,    18.3500,    20.1000,       2299,         31,               44052
VSWS,B,20260429,500264,,Mafatlal Industries,   136.4000,   139.5000,   135.2000,   136.9000,       9492,        338,             1306608
VSWS,B,20260429,500265,,Maharashtra Seamless,   653.8500,   654.4500,   646.4000,   649.8000,       6856,        384,             4462496
VSWS,B,20260429,500266,,Maharashtra Scooters, 12347.0000, 12405.0000, 12201.1500, 12222.6500,        128,        101,             1579590
VSWS,B,20260429,500267,,Majestic Auto,   321.7000,   325.2500,   318.2000,   323.1500,        611,         40,              197284
VSWS,B,20260429,500268,,Manali Petrochemical,    52.9100,    55.6400,    52.9100,    53.7300,      13716,        214,              745376
VSWS,B,20260429,500270,,Baroda Rayon Corp,   130.0000,   130.0000,   126.2000,   128.7500,       1262,         78,              162263
VSWS,B,20260429,500271,,Max Financial Servic,  1616.5500,  1630.7000,  1603.2000,  1609.1500,       7111,       1041,            11491715
VSWS,B,20260429,500277,,Mid India Industries,     6.5600,     6.5600,     6.5000,     6.5000,       1310,         11,                8556
VSWS,B,20260429,500279,,Mirc Electronics,    32.9900,    35.2500,    32.9900,    33.8100,     163161,        729,             5592238
VSWS,B,20260429,500280,,Century Enka,   427.0000,   429.9500,   421.0000,   421.6000,        304,         81,              128937
VSWS,B,20260429,500282,,Modern Thread,    44.5600,    44.5600,    44.5600,    44.5600,         10,          1,                 445
VSWS,B,20260429,500284,,Lords Chloro Alkali,   151.7500,   152.0000,   144.0500,   146.3500,       2070,        135,              304098
VSWS,B,20260429,500285,,Spicejet,    13.8000,    14.4500,    13.4600,    13.9700,   14010271,      10099,           196313807
VSWS,B,20260429,500288,,Morepen Laboratories,    42.3300,    42.7200,    41.7000,    41.8100,      98506,        984,             4142668
VSWS,B,20260429,500290,,M R F,130500.0000,134100.0000,130090.2000,130426.7500,        919,        762,           121585573
VSWS,B,20260429,500292,,Heidelberg Cement,   160.4000,   160.4000,   158.5000,   158.8500,        378,         38,               60354
VSWS,B,20260429,500294,,NCC,   165.3500,   168.6000,   163.6500,   165.0500,     347178,       2653,            57644540
VSWS,B,20260429,500295,,Vedanta,   749.8500,   779.4500,   732.2000,   773.2500,    4213046,      60756,          3220117166
VSWS,B,20260429,500296,,Nahar Spinning,   235.0000,   249.0000,   235.0000,   243.0000,       1801,         38,              440117
VSWS,B,20260429,500298,,Naperol Investments,   607.9500,   619.0000,   599.5000,   617.9500,        950,         88,              581695
VSWS,B,20260429,500300,,Grasim Industries,  2818.7000,  2837.2500,  2778.9500,  2802.2000,      60110,       3501,           168969149
VSWS,B,20260429,500304,,N I I T,    71.2600,    72.3900,    70.5000,    70.7300,      25483,        476,             1810265
VSWS,B,20260429,500306,,Jaykay Enterprises,   188.5000,   188.5000,   179.7500,   180.6000,      35922,        847,             6617456
VSWS,B,20260429,500307,,Nirlon,   562.1000,   564.9500,   559.1500,   560.0000,        597,         25,              334719
VSWS,B,20260429,500312,,Oil & Natural Gas,   303.5500,   307.5000,   299.6500,   301.3000,    1690512,      17321,           513754003
VSWS,B,20260429,500313,,Oil Country Tubular,    56.2000,    64.8800,    56.2000,    63.4900,      66622,        641,             4235008
VSWS,B,20260429,500314,,Oriental Hotels,    99.5000,   101.1400,    99.2800,    99.7100,      10669,        163,             1067428
VSWS,B,20260429,500317,,Oswal Agro Mills,    49.0000,    49.0000,    49.0000,    49.0000,        400,          2,               19600
VSWS,B,20260429,500319,,Indian Sucrose,    80.0000,    80.5000,    78.1400,    78.7200,       1561,         29,              123872
VSWS,B,20260429,500322,,Panyam Cements,   113.1000,   118.7500,   113.1000,   113.5500,        153,         10,               17459
VSWS,B,20260429,500325,,Reliance Industries,  1392.9500,  1432.0000,  1392.5500,  1426.1500,    1543829,      49092,          2188049456
VSWS,B,20260429,500327,,PIL Italica Lifestyl,     7.9000,     8.3500,     7.9000,     8.1800,      22895,         71,              187268
VSWS,B,20260429,500330,,Raymond,   472.9000,   483.0000,   462.0500,   464.5500,      28489,       1041,            13449418
VSWS,B,20260429,500331,,Pidilite Industries,  1390.6500,  1404.3500,  1386.7500,  1388.6500,     130365,       2095,           182753028
VSWS,B,20260429,500333,,Pix Transmissions,  1523.6000,  1600.0000,  1523.6000,  1560.2500,       1498,        161,             2354404
VSWS,B,20260429,500335,,Birla Corporation,   930.0000,   938.0000,   918.0000,   919.4500,       2151,        339,             1996393
VSWS,B,20260429,500336,,Surya Roshni,   236.2500,   246.5000,   236.2500,   241.6000,      22708,        548,             5472502
VSWS,B,20260429,500337,,Prime Securities,   290.0000,   299.9000,   284.4500,   285.0500,       1471,         81,              428023
VSWS,B,20260429,500338,,Prism Johnson,   134.1000,   134.2500,   131.6500,   132.4500,      11659,        345,             1550617
VSWS,B,20260429,500339,,Rain Industries,   131.8000,   134.8000,   131.4000,   131.6000,      81478,        706,            10813801
VSWS,B,20260429,500342,,Prudential Sugar,    16.7100,    16.7100,    16.7000,    16.7100,          2,          2,                  33
VSWS,B,20260429,500343,,AMJ Land Holdings,    41.6200,    41.6200,    41.2800,    41.5800,       1495,        108,               62096
VSWS,B,20260429,500346,,Punjab Communication,    54.0000,    54.9000,    54.0000,    54.6600,       2369,         26,              129633
VSWS,B,20260429,500350,,RSWM,   164.4500,   166.0500,   162.0000,   162.6000,       2312,        113,              379189
VSWS,B,20260429,500354,,Rajshree Sugars,    34.5000,    34.6000,    33.7800,    34.1600,       2856,         78,               98025
VSWS,B,20260429,500355,,Rallis India,   261.5500,   269.7000,   259.1500,   262.4500,      33448,        790,             8827614
VSWS,B,20260429,500356,,Shree Rama Newsprint,    31.0200,    33.9800,    31.0200,    32.0600,       2742,         67,               87935
VSWS,B,20260429,500357,,Rama Paper Mills,    13.3500,    13.3500,    13.3100,    13.3100,        158,          3,                2106
VSWS,B,20260429,500360,,Rapicut Carbides,   195.9500,   195.9500,   187.4500,   191.8000,       2620,         60,              501848
VSWS,B,20260429,500365,,Welspun Specialty So,    43.0000,    44.3900,    41.2100,    43.8600,     258410,       1214,            11258402
VSWS,B,20260429,500367,,Rubfila Internationa,    71.2000,    74.9900,    71.2000,    73.5100,       1849,        268,              135045
VSWS,B,20260429,500368,,Patanjali Foods,   466.0000,   469.4000,   461.9500,   466.5500,    1541356,      70873,           714981151
VSWS,B,20260429,500370,,Salora International,    30.2000,    31.8000,    30.2000,    31.7500,        753,         10,               23499
VSWS,B,20260429,500371,,Samtel India,    30.1400,    30.1400,    30.1400,    30.1400,        839,          4,               25287
VSWS,B,20260429,500378,,Jindal Saw,   240.5000,   242.7500,   228.6000,   229.7500,     344574,       5876,            80465934
VSWS,B,20260429,500380,,JK Lakshmi Cement,   674.3500,   674.3500,   653.3000,   657.0000,       3356,        280,             2213444
VSWS,B,20260429,500387,,Shree Cements, 25120.0000, 25320.0000, 24501.0000, 24533.1000,        550,        358,            13682200
VSWS,B,20260429,500388,,Shree Krishna Paper,   120.7900,   120.7900,   115.0000,   120.7900,        364,         13,               42696
VSWS,B,20260429,500389,,Silverline Techno,     6.8500,     7.1900,     6.5100,     7.1900,    2591762,       2234,            17528052
VSWS,B,20260429,500400,,Tata Power,   463.6500,   464.6500,   449.2500,   451.8000,     431335,      10195,           196601896
VSWS,B,20260429,500402,,SPML Infra,   211.8500,   217.7000,   208.4500,   210.3500,      33792,        590,             7203360
VSWS,B,20260429,500403,,Sundaram Fasteners,   816.1000,   844.0000,   816.1000,   839.3500,       3292,       1466,             2743589
VSWS,B,20260429,500404,,Sunflag Iron & Steel,   294.6000,   295.3500,   291.0000,   292.6500,       7251,        280,             2129492
VSWS,B,20260429,500405,,Supreme Petrochem,   792.4500,   792.4500,   768.0000,   777.5500,       5747,        607,             4456318
VSWS,B,20260429,500407,,Swaraj Engines,  3994.7500,  4006.0000,  3950.0000,  3969.8500,       1118,        243,             4446536
VSWS,B,20260429,500408,,Tata Elxsi,  4149.9500,  4200.7500,  4138.2500,  4146.0500,       8485,       1413,            35317532
VSWS,B,20260429,500410,,A C C,  1446.0000,  1457.0000,  1433.5000,  1436.6000,      16452,       1596,            23785635
VSWS,B,20260429,500411,,Thermax,  4018.2000,  4079.9500,  3960.0500,  3988.6500,       8327,       1401,            33251061
VSWS,B,20260429,500412,,Thirumalai Chemicals,   191.9500,   200.3500,   191.9500,   196.9000,       7107,        316,             1412834
VSWS,B,20260429,500413,,Thomas Cook,    99.5900,    99.5900,    94.6000,    95.2200,      61768,        932,             5982791
VSWS,B,20260429,500414,,Timex Group India,   356.9500,   358.2000,   346.0000,   348.5000,      36536,        981,            12890795
VSWS,B,20260429,500420,,Torrent Pharma,  4200.4000,  4283.4500,  4200.4000,  4230.1000,       7356,       1641,            31315846
VSWS,B,20260429,500421,,TPI India,    16.0500,    18.0100,    16.0200,    18.0000,      10267,         25,              183404
VSWS,B,20260429,500422,,Transchem,   162.9500,   170.4000,   159.3000,   164.9500,       1773,         43,              294365
VSWS,B,20260429,500425,,Ambuja Cements,   462.7500,   466.0000,   452.8500,   454.8500,     138971,       3583,            63870494
VSWS,B,20260429,500426,,UTL Industries,     1.8400,     1.8900,     1.8000,     1.8300,      32379,         86,               59430
VSWS,B,20260429,500429,,Uniphos Enterprises,   109.0000,   109.0000,   109.0000,   109.0000,          1,          1,                 109
VSWS,B,20260429,500439,,Vardhman Holdings,  3431.8000,  3441.9000,  3431.8000,  3435.5000,         10,          7,               34349
VSWS,B,20260429,500440,,Hindalco Industries,  1079.1500,  1079.1500,  1052.8500,  1067.4000,     100823,       4422,           107523637
VSWS,B,20260429,500444,,West Coast Paper,   497.2500,   497.2500,   476.9500,   482.5500,        745,        188,              362810
VSWS,B,20260429,500449,,Hindustan Organic,    34.3500,    34.7900,    32.4000,    32.7300,      75812,        405,             2552016
VSWS,B,20260429,500450,,MPIL Corporation,   513.8000,   513.8000,   490.0000,   490.0000,          2,          2,                1003
VSWS,B,20260429,500456,,Pasupati Acrylon,    50.4000,    50.9500,    49.1200,    50.4800,      11240,        236,              567414
VSWS,B,20260429,500458,,Team24 Consumer Prod,    26.4000,    29.0000,    26.4000,    29.0000,       7138,         30,              206878
VSWS,B,20260429,500459,,Procter & Gamble, 10300.0000, 10395.4500, 10186.0000, 10366.6500,        675,        393,             6941031
VSWS,B,20260429,500460,,Mukand,   139.2000,   140.3500,   136.5000,   137.2500,      14424,        404,             1999866
VSWS,B,20260429,500463,,Black Box,   637.1500,   647.9000,   615.6500,   617.7000,      56158,       2347,            35565285
VSWS,B,20260429,500464,,Ucal,   103.6900,   103.6900,    99.7000,    99.7000,        664,         52,               66808
VSWS,B,20260429,500467,,Harrisons Malayalam,   221.4500,   227.5000,   218.0000,   220.3000,       1701,         56,              377836
VSWS,B,20260429,500469,,Federal Bank,   295.0500,   301.5000,   282.5500,   284.7000,     735110,      10847,           214266885
VSWS,B,20260429,500470,,Tata Steel,   216.6000,   217.0000,   211.3500,   215.9000,    1411042,      13898,           303721561
VSWS,B,20260429,500472,,SKF India,  1734.2500,  1759.9000,  1734.2500,  1752.9500,        827,        106,             1448274
VSWS,B,20260429,500477,,Ashok Leyland,   168.6500,   169.2500,   165.1500,   165.7500,     621673,       6147,           103859444
VSWS,B,20260429,500480,,Cummins India,  5266.7500,  5321.0000,  5251.0000,  5285.0500,       4234,       1105,            22382285
VSWS,B,20260429,500483,,Tata Communications,  1599.2500,  1613.9500,  1582.0500,  1600.0000,      60487,       1094,            96783074
VSWS,B,20260429,500488,,Abbott India, 25564.8000, 25793.2000, 25404.9000, 25484.5500,       1347,        758,            34492855
VSWS,B,20260429,500490,,Bajaj Holdings & Inv, 10350.1500, 10468.0000, 10283.5500, 10295.3500,       1787,        522,            18543942
VSWS,B,20260429,500493,,Bharat Forge,  1916.8000,  1949.8500,  1898.4000,  1907.1500,      77713,       8108,           149811098
VSWS,B,20260429,500495,,Escorts Kubota,  3313.9000,  3378.9500,  3257.4500,  3301.6000,       2677,        608,             8876462
VSWS,B,20260429,500500,,Hindustan Motors,    17.0900,    17.0900,    16.5100,    16.9300,     229004,        834,             3872166
VSWS,B,20260429,500510,,Larsen & Toubro,  4068.7000,  4125.0000,  4055.6000,  4095.7500,     220062,      10012,           901650668
VSWS,B,20260429,500520,,Mahindra & Mahindra,  3100.0000,  3191.0000,  3089.8500,  3150.9000,      87207,       9672,           275850539
VSWS,B,20260429,500530,,Bosch, 37799.3000, 37799.3000, 36230.0000, 36349.6500,       1241,        568,            45721240
VSWS,B,20260429,500540,,Premier,     2.7900,     2.9000,     2.7900,     2.9000,        437,          5,                1266
VSWS,B,20260429,500547,,Bharat Petroleum,   308.0500,   311.0000,   303.1500,   303.9500,     537870,      11184,           165163198
VSWS,B,20260429,500550,,Siemens,  3850.0000,  3870.3000,  3766.2500,  3776.5500,       7817,       1805,            29851915
VSWS,B,20260429,500570,,Tata Motors Passenge,   353.9000,   363.5000,   351.0500,   352.3500,     480857,       6485,           171973127
VSWS,B,20260429,500575,,Voltas,  1516.4000,  1537.6000,  1465.0000,  1474.0500,      55040,       4835,            82809419
VSWS,B,20260429,500620,,GE Shipping,  1488.3500,  1590.0000,  1488.3500,  1552.7500,     385339,      11929,           597667060
VSWS,B,20260429,500645,,Deepak Fertilizers,  1215.1500,  1255.0000,  1215.1500,  1239.9000,      28143,       1702,            34930843
VSWS,B,20260429,500650,,Excel Industries,   950.2000,   974.8500,   947.5000,   948.4500,        135,         19,              128795
VSWS,B,20260429,500655,,Garware Hi-Tech Film,  3990.0000,  3990.0000,  3802.2000,  3819.5500,       4671,        515,            18078066
VSWS,B,20260429,500660,,Glaxosmithkline Phar,  2425.0500,  2425.3000,  2359.6000,  2371.0000,      19321,       1605,            46182644
VSWS,B,20260429,500670,,G N F C,   476.0000,   482.0500,   474.5000,   475.1500,      18467,        723,             8811946
VSWS,B,20260429,500672,,Novartis India,  1062.0000,  1062.0000,  1025.3500,  1034.1000,       2002,        239,             2079132
VSWS,B,20260429,500674,,Sanofi India,  3475.0000,  3501.9500,  3425.5000,  3434.5500,       1060,        289,             3659821
VSWS,B,20260429,500680,,Pfizer,  4815.1000,  4829.5000,  4752.2500,  4764.1500,        468,        158,             2240898
VSWS,B,20260429,500690,,G S F C,   173.4000,   175.6000,   172.0500,   172.7500,      24356,        604,             4240731
VSWS,B,20260429,500696,,Hindustan Unilever,  2299.9500,  2350.0000,  2291.3500,  2313.0500,      83770,       7185,           194687860
VSWS,B,20260429,500710,,JSW Dulux,  2980.0000,  3004.9000,  2953.9000,  2977.1000,        488,        187,             1455338
VSWS,B,20260429,500730,,NOCIL,   183.7500,   185.3500,   180.5000,   181.2000,      28165,        503,             5148109
VSWS,B,20260429,500770,,Tata Chemicals,   809.4500,   817.9000,   780.7000,   800.3500,     229348,       7410,           183750927
VSWS,B,20260429,500777,,Tamilnadu Petropro,    87.0800,    90.7200,    87.0800,    87.8600,       6523,        119,              578993
VSWS,B,20260429,500780,,Zuari Industries,   266.9500,   268.6000,   260.0500,   263.4500,       2251,        104,              598322
VSWS,B,20260429,500790,,Nestle,  1448.9500,  1469.7000,  1436.0500,  1466.1000,      78958,       7477,           115255038
VSWS,B,20260429,500800,,Tata Consumer Produc,  1145.0500,  1171.0000,  1145.0500,  1168.0500,      27468,       2260,            31977886
VSWS,B,20260429,500820,,Asian Paints,  2470.6000,  2477.4000,  2437.2500,  2447.4000,      38700,       7749,            94977792
VSWS,B,20260429,500825,,Britannia Industries,  5674.6500,  5728.5500,  5670.0000,  5709.7500,       5394,       1746,            30749743
VSWS,B,20260429,500830,,Colgate,  2125.5500,  2175.0500,  2120.0000,  2132.1500,      12932,       2177,            27790643
VSWS,B,20260429,500840,,E I H,   328.5500,   330.2000,   322.4500,   323.3500,       7914,        263,             2572806
VSWS,B,20260429,500850,,Indian Hotels,   654.0000,   656.5500,   643.0000,   644.2500,      29320,       1261,            19081432
VSWS,B,20260429,500870,,Castrol India,   183.7000,   185.4000,   182.9500,   184.6500,      72335,       1603,            13362545
VSWS,B,20260429,500875,,I T C,   305.1000,   317.5000,   305.1000,   316.2000,    2063395,      28655,           647067888
VSWS,B,20260429,500877,,Apollo Tyres,   429.1000,   439.5000,   422.0000,   423.4000,      36861,       2673,            15849917
VSWS,B,20260429,500878,,Ceat,  3770.9000,  3946.7000,  3602.0000,  3621.5000,     137326,      14822,           523113940
VSWS,B,20260429,500890,,Modi Rubber,   136.9000,   136.9000,   131.8000,   131.8000,       3075,        148,              414502
VSWS,B,20260429,500940,,Finolex Industries,   176.6500,   178.1000,   174.3000,   175.0500,      26819,       1014,             4727906
VSWS,B,20260429,501148,,Dalal Street Inv,   317.5500,   325.0000,   317.5500,   318.0000,        130,         11,               41691
VSWS,B,20260429,501150,,Centrum Capital,    25.4300,    25.5600,    24.5600,    24.9800,       6668,         60,              168173
VSWS,B,20260429,501151,,Kartik Investments,  5981.7000,  5981.7000,  5981.7000,  5981.7000,          1,          1,                5981
VSWS,B,20260429,501242,,TCI Finance,    14.2000,    14.6900,    13.6100,    14.1200,       2499,         46,               35657
VSWS,B,20260429,501295,,Industrial Inv Trust,   170.0000,   175.4500,   165.4500,   169.4000,      12120,        195,             2106100
VSWS,B,20260429,501298,,Industrial & Prudent,  6718.8000,  7000.0000,  6718.8000,  6853.3500,         23,         15,              158402
VSWS,B,20260429,501301,,Tata Investment Corp,   728.0000,   733.9500,   714.4000,   717.5500,      54582,       1813,            39408574
VSWS,B,20260429,501314,,Prismx Global Ventur,     0.6700,     0.6700,     0.6400,     0.6600,      78394,        117,               51182
VSWS,B,20260429,501343,,Motor & General Fin,    24.4600,    24.4600,    24.4600,    24.4600,          2,          1,                  48
VSWS,B,20260429,501351,,Rapid Investments,    96.6000,    96.6000,    96.5000,    96.6000,        408,          7,               39403
VSWS,B,20260429,501370,,Walchand People,   130.1100,   136.0000,   130.1100,   131.6100,       4028,         58,              535954
VSWS,B,20260429,501391,,WH Brady & Co,   571.9500,   571.9500,   554.1500,   567.1000,        135,         21,               75228
VSWS,B,20260429,501421,,TechVision Ventures,  5789.0000,  5789.0000,  5760.1000,  5789.0000,         70,         12,              405199
VSWS,B,20260429,501423,,Shaily Engineering P,  2580.9500,  2580.9500,  2382.0000,  2522.0000,      29927,       2937,            74497430
VSWS,B,20260429,501425,,Bombay Burmah,  1494.5000,  1519.0500,  1494.5000,  1507.6000,       6398,        680,             9638663
VSWS,B,20260429,501430,,Bombay Cycle,  1799.0000,  1847.7500,  1776.0500,  1830.0000,         40,          9,               72494
VSWS,B,20260429,501455,,Greaves Cotton,   169.0000,   169.7000,   165.2000,   167.5500,      55834,       1139,             9341515
VSWS,B,20260429,501700,,India Nivesh,     7.9200,     8.7500,     7.7200,     7.7800,      24020,         54,              189202
VSWS,B,20260429,501831,,Coastal Corporation,    57.5200,    58.1500,    55.7000,    56.2000,      13950,        346,              785718
VSWS,B,20260429,501833,,Chowgule Steamships,    25.9300,    28.5000,    25.9100,    26.8800,      16622,        143,              450226
VSWS,B,20260429,501848,,Garware Offshore,    48.5000,    48.6000,    47.0000,    47.0300,       5353,         41,              254588
VSWS,B,20260429,501945,,Dhenu Buildcon Infra,     8.7000,     8.8500,     8.7000,     8.7000,       3072,         43,               26780
VSWS,B,20260429,502015,,ASI Industries,    26.5000,    26.5000,    25.4500,    25.8200,      16639,        125,              434239
VSWS,B,20260429,502090,,Sagar Cements,   183.3500,   185.0000,   183.3500,   184.7500,       1374,         53,              253014
VSWS,B,20260429,502137,,Deccan Cements,   653.5500,   670.8000,   652.0000,   669.7500,        480,         15,              318682
VSWS,B,20260429,502157,,Mangalam Cement,   930.4000,   933.5000,   921.9500,   931.4500,        998,         64,              927627
VSWS,B,20260429,502168,,NCL Industries,   174.8000,   181.5500,   174.5000,   177.5500,       4780,        192,              848368
VSWS,B,20260429,502175,,Saurashtra Cement,    63.5000,    63.5000,    59.9000,    60.8800,      32372,        258,             1973379
VSWS,B,20260429,502180,,Shree Digvijay Cem,    75.0800,    75.2000,    70.0600,    72.1300,      20796,        257,             1510993
VSWS,B,20260429,502219,,Borosil Renewables,   516.8500,   520.0000,   504.0000,   505.6000,      13638,        771,             6993954
VSWS,B,20260429,502250,,Lerthai Finance,   703.4500,   703.4500,   669.0000,   669.0000,          3,          3,                2041
VSWS,B,20260429,502281,,Triveni Glass,     6.5000,     6.9800,     6.5000,     6.8000,       7888,         30,               52424
VSWS,B,20260429,502294,,Nilachal Refractorie,    38.7400,    40.6700,    38.7400,    40.6700,       1043,          5,               42416
VSWS,B,20260429,502330,,Andhra Paper,    66.2700,    68.9600,    66.1100,    66.8700,       6300,        190,              425389
VSWS,B,20260429,502355,,Balkrishna Ind,  2196.3500,  2246.0000,  2195.0000,  2198.4500,       6778,        941,            15059436
VSWS,B,20260429,502420,,Orient Paper & Inds,    19.1800,    19.1800,    18.5600,    18.6400,      19428,         91,              363249
VSWS,B,20260429,502445,,Citadel Realty & Dev,    42.5000,    44.0000,    41.2000,    42.5000,       7726,         63,              330624
VSWS,B,20260429,502448,,Rollatainers,     1.8300,     1.8300,     1.8200,     1.8300,      81596,         76,              149206
VSWS,B,20260429,502450,,Seshasayee Paper,   267.6500,   269.0500,   267.6000,   268.2000,        570,        117,              152842
VSWS,B,20260429,502587,,Nath Industries,    52.0100,    55.0100,    51.5100,    53.3200,       5023,         51,              268367
VSWS,B,20260429,502820,,D C M,    88.0000,    92.0000,    82.8000,    83.7600,       2574,         62,              220292
VSWS,B,20260429,502865,,Forbes & Company,   337.1000,   341.0000,   333.9000,   336.3500,        821,         38,              277854
VSWS,B,20260429,502873,,HP Cotton,   114.9000,   115.0000,   107.0400,   108.4500,       2139,         29,              236301
VSWS,B,20260429,502893,,United Interactive,    76.0600,    76.0600,    72.6200,    72.6200,        312,          6,               22662
VSWS,B,20260429,502901,,Jamshri Realty,    78.9000,    78.9000,    76.1200,    78.0000,        493,         34,               38079
VSWS,B,20260429,502933,,Katare Spinning Mill,    99.9100,   104.0000,    99.9100,   104.0000,         13,          5,                1347
VSWS,B,20260429,502937,,Kesoram Industries,    10.0500,    10.3500,    10.0000,    10.0200,      63895,        341,              649026
VSWS,B,20260429,502958,,Lakshmi Mills,  7500.0000,  7550.0000,  7500.0000,  7500.0000,         17,          5,              127850
VSWS,B,20260429,502986,,Vardhman Textiles,   615.6500,   617.5000,   605.3000,   609.1500,      15187,        406,             9285479
VSWS,B,20260429,503031,,Peninsula Land,    18.1400,    18.1400,    17.4500,    17.4600,      24452,         66,              434269
VSWS,B,20260429,503092,,Pasupati Spinning,    27.5300,    27.5300,    27.5300,    27.5300,          4,          1,                 110
VSWS,B,20260429,503100,,Phoenix Mills,  1802.8000,  1840.9500,  1764.3000,  1796.8500,      73042,       2255,           131426744
VSWS,B,20260429,503101,,Marathon Nextgen Rea,   478.9500,   487.0000,   471.8500,   479.9500,      28060,        116,            13469451
VSWS,B,20260429,503127,,Raja Bahadur Interna,  4810.0000,  4810.0000,  4740.5000,  4740.5000,          2,          2,                9550
VSWS,B,20260429,503162,,Reliance Chemotex,   116.2000,   120.5000,   114.0000,   114.7500,       1547,         63,              182274
VSWS,B,20260429,503169,,Ruby Mills,   240.5500,   240.5500,   233.0500,   236.0000,       1181,         28,              279979
VSWS,B,20260429,503229,,Simplex Realty,   155.3000,   155.3000,   151.5000,   151.5000,          9,          5,                1385
VSWS,B,20260429,503310,,Swan Corp,   339.5500,   365.4500,   339.5500,   344.6000,     398529,       7457,           141355738
VSWS,B,20260429,503349,,Victoria Mills,  5900.0500,  6079.7500,  5900.0500,  5932.1000,         10,          9,               59882
VSWS,B,20260429,503624,,Svaraj Trading,     9.1900,     9.1900,     9.0200,     9.0200,       1159,          8,               10528
VSWS,B,20260429,503626,,Manglam Global Corpo,    12.1400,    12.1400,    12.1400,    12.1400,          5,          1,                  60
VSWS,B,20260429,503635,,Shree Salasar Inv,   443.9000,   447.2000,   427.0500,   445.2000,       7147,        211,             3192658
VSWS,B,20260429,503639,,Apollo Ingredients,    47.5300,    47.5300,    47.5300,    47.5300,          1,          1,                  47
VSWS,B,20260429,503641,,Zodiac Ventures,     2.0000,     2.0100,     1.8900,     1.9500,     210109,        191,              405973
VSWS,B,20260429,503657,,Veer Energy & Infra,    13.8200,    13.9000,    13.4000,    13.5000,      10161,        109,              137893
VSWS,B,20260429,503663,,Tilak Ventures,     1.1800,     1.1800,     1.0700,     1.1200,    1103627,        649,             1234061
VSWS,B,20260429,503675,,Wagend Infra Venture,     1.2400,     1.2400,     1.0700,     1.1400,     108651,         38,              119301
VSWS,B,20260429,503681,,Elcid Investments,124000.0000,126200.0000,124000.0000,126200.0000,          2,          2,              250200
VSWS,B,20260429,503685,,Mediaone Global Ent,    14.0500,    14.9900,    14.0500,    14.9900,       1116,          8,               16724
VSWS,B,20260429,503722,,Banswara Syntex,   120.7000,   120.7000,   118.5200,   119.8700,       1443,         51,              172787
VSWS,B,20260429,503772,,Modella Woollens,    69.2600,    69.2600,    69.2600,    69.2600,          5,          3,                 346
VSWS,B,20260429,503776,,Modipon,    56.8200,    56.8200,    56.8200,    56.8200,        382,          9,               21705
VSWS,B,20260429,503804,,Shri Dinesh Mills,   330.0000,   339.9500,   326.0500,   328.7000,        712,         45,              237902
VSWS,B,20260429,503806,,S R F,  2544.9000,  2602.8000,  2538.5500,  2543.2000,      14897,       2086,            38363768
VSWS,B,20260429,503811,,Siyaram Silk Mills,   575.4500,   589.9000,   574.8500,   576.8000,       3593,        294,             2083587
VSWS,B,20260429,503816,,Swadeshi Polytex,    35.1700,    36.3500,    35.1700,    35.9000,       3827,         42,              136453
VSWS,B,20260429,503837,,Shree Rajasthan Synt,    15.5500,    15.5500,    14.1100,    15.2500,       1053,          9,               16193
VSWS,B,20260429,503960,,Bharat Bijlee,  3164.7500,  3221.4500,  3133.0000,  3139.9500,       3303,        867,            10460746
VSWS,B,20260429,504000,,Elpro International,   106.0000,   111.0000,   106.0000,   109.6800,      97718,       1932,            10636284
VSWS,B,20260429,504028,,Gee,    77.7700,    77.7700,    68.3300,    72.4800,      30089,        107,             2171552
VSWS,B,20260429,504036,,Hind Rectifiers,   936.5500,   941.5500,   912.9000,   925.3000,       4287,        374,             3966302
VSWS,B,20260429,504058,,Indo National,   322.0000,   326.5500,   316.2000,   320.0000,       3046,         47,              971192
VSWS,B,20260429,504067,,Zensar Technologies,   534.1000,   534.1000,   520.1000,   521.4500,      48185,       3356,            25310952
VSWS,B,20260429,504076,,Jyoti,    68.0500,    76.4000,    68.0500,    73.6900,      85967,        333,             6367931
VSWS,B,20260429,504080,,JSL Industries,   975.9500,   975.9500,   963.0000,   966.6500,         30,          3,               28999
VSWS,B,20260429,504084,,Kaycee Industries,   917.3000,   940.0000,   895.6000,   902.0000,       1011,        154,              926132
VSWS,B,20260429,504092,,Indokem,   632.5500,   632.5500,   614.5000,   632.5500,      16128,        201,            10199910
VSWS,B,20260429,504093,,Panasonic Energy (I),   292.0000,   298.9000,   285.5500,   289.0000,       3561,        171,             1031791
VSWS,B,20260429,504112,,Nelco,   712.5000,   738.0000,   702.5000,   712.4500,      27744,       1058,            19967068
VSWS,B,20260429,504132,,Permanent Magnets,   895.8000,   945.0000,   881.6000,   911.4500,       2097,        196,             1919096
VSWS,B,20260429,504176,,High Energy Batt,   643.7500,   649.9500,   615.0000,   628.9000,      13518,        700,             8547028
VSWS,B,20260429,504180,,Standard Batteries,    57.0000,    57.0000,    53.1000,    56.1000,       1593,         39,               89191
VSWS,B,20260429,504212,,Universal Cables,   863.9500,   877.4000,   826.0500,   830.2500,       4169,        411,             3514489
VSWS,B,20260429,504220,,WS Industries,    73.5000,    74.2400,    71.5300,    72.3200,        736,         52,               53823
VSWS,B,20260429,504240,,Delton Cables,   441.5000,   446.5000,   425.0000,   434.9000,       4581,        175,             1986259
VSWS,B,20260429,504258,,Lakshmi Electr Contr,   885.0000,   885.0000,   865.2000,   865.2500,        175,         33,              152350
VSWS,B,20260429,504273,,Modulex Construction,    17.9500,    18.6400,    17.5100,    18.4500,      25952,         46,              469673
VSWS,B,20260429,504286,,Delta Manufacturing,    64.2300,    64.2300,    60.2000,    61.8300,       1012,          9,               62368
VSWS,B,20260429,504340,,Longspur Internation,     7.5400,     7.5400,     7.4200,     7.4200,      17133,         16,              129122
VSWS,B,20260429,504341,,Ravindra Energy,   151.0500,   156.7500,   150.6000,   152.3000,      38553,        629,             5929593
VSWS,B,20260429,504351,,Empower India,     2.0300,     2.0300,     2.0300,     2.0300,    1044723,        410,             2120787
VSWS,B,20260429,504356,,Multipurpose Trading,     9.6800,     9.6800,     9.6800,     9.6800,         97,          2,                 938
VSWS,B,20260429,504369,,Grandma Trading,     0.4900,     0.4900,     0.4900,     0.4900,       2125,          5,                1041
VSWS,B,20260429,504378,,Nyssa Corporation,     2.5100,     2.7500,     2.4500,     2.6200,      88597,        123,              226687
VSWS,B,20260429,504380,,Flomic Global Logist,    50.1000,    53.5000,    50.1000,    53.0000,        582,          7,               30317
VSWS,B,20260429,504392,,Krishna Ventures,    23.7900,    23.7900,    23.7000,    23.7000,       6222,          9,              148014
VSWS,B,20260429,504605,,Uni Abex Alloy Prod,  3160.0000,  3239.9500,  3160.0000,  3201.5500,        392,         60,             1253216
VSWS,B,20260429,504614,,Sarda Energy & Mine,   593.5500,   608.0000,   590.0000,   593.6000,      64525,       2904,            38626731
VSWS,B,20260429,504646,,Bhagwati Autocast,   597.7000,   597.7000,   561.0000,   578.1000,       1162,         75,              663673
VSWS,B,20260429,504648,,Bombay Wire Ropes,    54.0000,    54.0000,    48.5100,    49.3500,       1363,         34,               68321
VSWS,B,20260429,504731,,Azad India Mobility,   107.9500,   107.9500,   102.2500,   106.4100,       7789,         62,              824410
VSWS,B,20260429,504741,,Indian Hume Pipe,   318.6500,   327.9500,   318.6500,   321.5500,      36146,       2023,            11712686
VSWS,B,20260429,504746,,RRP Electronics (I),  1099.7000,  1099.7000,  1099.7000,  1099.7000,       4046,         22,             4449386
VSWS,B,20260429,504786,,Invest & Precision,   637.1000,   651.3500,   630.0000,   632.6000,        853,        130,              547791
VSWS,B,20260429,504810,,Informed Technologie,    84.7000,    84.7000,    82.2000,    82.2000,         81,         11,                6705
VSWS,B,20260429,504879,,Orient Ceratech,    41.1300,    41.3000,    40.4200,    40.5700,       4604,         48,              188053
VSWS,B,20260429,504882,,National Standard I,  1396.6000,  1433.9000,  1360.0000,  1360.0000,         42,         13,               58153
VSWS,B,20260429,504903,,Rathi Steel & Power,    21.9000,    21.9000,    21.0500,    21.3700,      24590,        186,              529079
VSWS,B,20260429,504908,,Duncan Engineering,   384.9000,   399.8500,   377.0000,   381.1500,         85,         28,               33069
VSWS,B,20260429,504918,,Sandur Manganese,   218.2500,   219.2000,   212.8500,   214.5500,      58455,       1138,            12619387
VSWS,B,20260429,504959,,Stovec Industries,  1856.0000,  1878.6000,  1780.1000,  1836.6000,       2651,        205,             4825103
VSWS,B,20260429,504973,,Cholamandalam Financ,  1546.5000,  1556.0500,  1530.0500,  1547.0500,       3406,        390,             5257108
VSWS,B,20260429,504988,,Welcast Steels,   710.0500,   723.9000,   710.0500,   712.0000,         28,         12,               19941
VSWS,B,20260429,505010,,Automotive Axles,  1855.0000,  1917.5000,  1855.0000,  1886.3500,        282,         79,              531110
VSWS,B,20260429,505029,,Atlas Cycle Haryana,   103.0000,   104.3700,   101.2500,   101.8700,        767,         69,               78706
VSWS,B,20260429,505036,,Automobile Corpn,  1903.0500,  1959.5500,  1850.0000,  1888.0500,       2098,        228,             4024088
VSWS,B,20260429,505075,,Setco Automotive,    26.9000,    26.9800,    25.5300,    26.8500,     126327,        193,             3365503
VSWS,B,20260429,505160,,Talbros Automotive,   314.9000,   332.9500,   307.3500,   320.3500,      43309,       1198,            13875001
VSWS,B,20260429,505163,,ZF Steering Gear,   817.9500,   849.9500,   817.9500,   846.3500,       1287,         47,             1078931
VSWS,B,20260429,505192,,SML Mahindra,  3949.3500,  3949.3500,  3770.0000,  3788.1500,       3741,        606,            14325056
VSWS,B,20260429,505196,,T I L,   205.8500,   206.2500,   201.6500,   202.2500,        334,          9,               67829
VSWS,B,20260429,505200,,Eicher Motors,  7100.0000,  7290.0000,  7100.0000,  7187.5000,      16315,       2797,           117759220
VSWS,B,20260429,505212,,Jainex Aamcol,   127.6000,   127.6000,   113.0000,   119.9500,        381,         21,               44692
VSWS,B,20260429,505216,,Alfred Herbert,  2765.5000,  2843.5000,  2765.5000,  2773.1000,         27,         12,               74818
VSWS,B,20260429,505232,,Veljan Denison,  1023.0000,  1023.0000,   990.0000,   998.0000,        139,         38,              140012
VSWS,B,20260429,505242,,Dynamatic Tech, 11895.0000, 12006.0000, 11500.0000, 11661.8500,       1165,        399,            13739164
VSWS,B,20260429,505250,,G G Dandekar Propert,    64.1800,    65.5000,    62.2200,    64.7000,        528,         19,               33742
VSWS,B,20260429,505255,,GMM Pfaudler,   908.7500,   915.1500,   893.3000,   899.2000,       1753,        293,             1579303
VSWS,B,20260429,505283,,Kirloskar Pneumatic,  1535.0500,  1547.4500,  1505.2500,  1513.7000,      13143,       1099,            19989407
VSWS,B,20260429,505285,,Tulive Developers,   932.3000,   932.3000,   932.3000,   932.3000,         51,          3,               47547
VSWS,B,20260429,505299,,KPT Industries,   520.6000,   535.0000,   516.2000,   531.9000,       2256,         71,             1191184
VSWS,B,20260429,505302,,Lakshmi Eng & Wareho,  2129.0000,  2129.0000,  2000.1000,  2010.0000,         45,         17,               91667
VSWS,B,20260429,505324,,Manugraph India,    13.4500,    14.3900,    13.0000,    14.2600,       2009,         21,               27547
VSWS,B,20260429,505336,,Harshil Agrotech,     0.4100,     0.4100,     0.3900,     0.4000,    2063095,        586,              823438
VSWS,B,20260429,505343,,Monotype India,     0.4600,     0.4600,     0.4400,     0.4500,    1045614,        478,              471657
VSWS,B,20260429,505355,,Nesco,  1203.6500,  1228.0000,  1195.2500,  1222.7000,       1868,        159,             2279679
VSWS,B,20260429,505358,,Integra Engineering,   184.3500,   185.9000,   181.0000,   183.6500,       9275,        104,             1701853
VSWS,B,20260429,505368,,Semac Construction,   282.0000,   282.0000,   282.0000,   282.0000,          6,          2,                1692
VSWS,B,20260429,505400,,Texmaco Infra & Hold,    98.3200,    99.3600,    96.2500,    96.6600,       2847,        107,              278053
VSWS,B,20260429,505412,,Wendt,  6847.3500,  7131.1500,  6847.3500,  6997.1500,        264,        108,             1856277
VSWS,B,20260429,505502,,PS IT Infrastructure,     1.5000,     1.5000,     1.5000,     1.5000,       8477,          9,               12715
VSWS,B,20260429,505504,,GHV Infra Projects,   284.7000,   289.0000,   275.0000,   288.6500,      68091,        541,            18990132
VSWS,B,20260429,505509,,Responsive Industrie,   158.9500,   164.9000,   157.2500,   158.4000,       4061,         40,              646381
VSWS,B,20260429,505515,,Shyamkamal Inv,    12.0200,    13.6200,    12.0200,    13.0600,       3401,         66,               44399
VSWS,B,20260429,505523,,Maharashtra Corporat,     0.3700,     0.3800,     0.3600,     0.3700,     284070,        237,              105303
VSWS,B,20260429,505526,,Dolat Algotech,    76.1100,    80.0000,    76.1100,    78.5600,      18488,        237,             1455511
VSWS,B,20260429,505533,,Westlife Foodworld,   477.0000,   490.8000,   474.9000,   481.3500,       3801,        320,             1835317
VSWS,B,20260429,505537,,Zee Entertainment,    93.3900,    93.9000,    89.8700,    90.4600,     455771,       3098,            41706003
VSWS,B,20260429,505590,,SVP Global Textiles,     3.8400,     3.8400,     3.5700,     3.8400,      43050,         43,              164990
VSWS,B,20260429,505650,,Skyline Millars,    17.4000,    18.6900,    17.4000,    17.7700,       8218,         44,              146809
VSWS,B,20260429,505681,,Bimetal Bearings,   604.5000,   604.5000,   582.0500,   596.0000,        230,         22,              137381
VSWS,B,20260429,505688,,Bharat Gears,   109.1900,   110.2500,   108.2200,   108.3200,       1361,         60,              148200
VSWS,B,20260429,505690,,Brady & Morris Engg,   947.3500,   947.3500,   901.1500,   933.9500,        727,         71,              677769
VSWS,B,20260429,505693,,La Tim Metal & Indus,    10.1000,    10.4200,    10.0100,    10.0600,      32625,         82,              330897
VSWS,B,20260429,505700,,Elecon Engineering,   478.4500,   494.9500,   472.1000,   490.6500,      56660,       2743,            27502514
VSWS,B,20260429,505710,,Grauer & Weil,    71.2800,    72.7700,    70.7700,    71.0900,      53330,        366,             3830787
VSWS,B,20260429,505712,,Him Teknoforge,   219.8000,   219.8000,   212.4500,   216.8000,       1437,         38,              308331
VSWS,B,20260429,505714,,Gabriel India,  1029.0000,  1038.9000,  1009.0000,  1010.9000,       4914,        303,             5027456
VSWS,B,20260429,505720,,Hercules Investments,   130.4000,   133.7400,   126.5000,   130.0900,       7474,        173,              975629
VSWS,B,20260429,505725,,Algoquant Fintech,    56.0000,    56.0000,    54.3800,    55.0500,     231708,       1203,            12703565
VSWS,B,20260429,505726,,IFB Industries,  1172.0000,  1185.6000,  1156.5500,  1160.1000,       4456,        328,             5190228
VSWS,B,20260429,505729,,Singer India,    74.4800,    74.4800,    71.6400,    72.3700,      11372,        181,              824123
VSWS,B,20260429,505737,,International Combus,   520.7500,   520.7500,   503.1500,   504.2000,       2024,         94,             1026634
VSWS,B,20260429,505744,,Federal-Mogul Goetze,   471.5500,   497.5000,   471.3000,   473.8500,      14536,        931,             7058890
VSWS,B,20260429,505750,,Josts Engineers,   258.9500,   258.9500,   253.1000,   253.7000,       1704,         71,              437797
VSWS,B,20260429,505790,,Schaeffler India,  4330.5500,  4350.0000,  4294.2500,  4328.6500,       2216,        494,             9582547
VSWS,B,20260429,505800,,Rane Holdings,  1124.1000,  1137.3000,  1107.9000,  1107.9000,        173,         21,              194102
VSWS,B,20260429,505807,,Rolcon Engineering,   683.5000,   683.5000,   683.5000,   683.5000,         50,          1,               34175
VSWS,B,20260429,505827,,SNL Bearings,   354.4500,   354.4500,   349.3000,   349.6500,        416,         24,              145902
VSWS,B,20260429,505840,,Jaipan Industries,    24.5500,    25.9400,    24.5000,    24.6900,       6568,         63,              163020
VSWS,B,20260429,505850,,Mangal Credit & Fin,   176.8000,   176.8000,   174.2000,   175.5000,       7076,         37,             1240172
VSWS,B,20260429,505854,,T R F,   267.9000,   273.0000,   264.0000,   264.0000,       3629,         88,              975726
VSWS,B,20260429,505872,,W P I L,   432.9500,   444.9000,   427.2500,   442.2500,      15979,        866,             6958095
VSWS,B,20260429,505890,,Kennametal India,  2600.0000,  2849.0000,  2600.0000,  2710.5500,       1536,        398,             4224499
VSWS,B,20260429,505893,,Hindustan Hardy,   899.5000,   899.5000,   873.0000,   876.1000,        238,         40,              209274
VSWS,B,20260429,505978,,Triton Valves,   841.5000,   919.8000,   840.0000,   887.5500,       6769,        464,             6006525
VSWS,B,20260429,506003,,Sudal Industries,    57.9800,    58.8800,    54.9000,    57.6000,       1295,         41,               73212
VSWS,B,20260429,506022,,Prakash Industries,   145.7500,   147.1500,   144.0000,   144.6500,      17495,        369,             2547196
VSWS,B,20260429,506074,,Arshiya,     1.3000,     1.3400,     1.2400,     1.3300,      10360,         18,               13675
VSWS,B,20260429,506076,,Grindwell Norton,  1648.0000,  1648.0000,  1584.5500,  1592.8500,      61795,        516,            99273723
VSWS,B,20260429,506105,,Stanrose Mafatlal,    70.9500,    70.9500,    68.2100,    68.2100,        107,          2,                7345
VSWS,B,20260429,506109,,Genesys Intl,   267.0000,   280.2000,   267.0000,   273.7500,       8321,        343,             2286112
VSWS,B,20260429,506122,,Kairosoft AI Solutio,    61.0100,    61.3100,    61.0100,    61.0100,       6887,         29,              421381
VSWS,B,20260429,506128,,Parnax Lab,   164.6500,   168.0000,   160.3500,   164.9000,       4992,         46,              817727
VSWS,B,20260429,506134,,Gourmet Gateway Indi,     9.7000,     9.7000,     8.9000,     9.1800,       5483,         73,               49781
VSWS,B,20260429,506146,,Visagar Polytex,     0.5700,     0.6000,     0.5600,     0.5700,     189494,         67,              109934
VSWS,B,20260429,506166,,Apis India,    65.6500,    65.6500,    62.5100,    63.9400,      11134,        160,              712565
VSWS,B,20260429,506180,,Emergent Indl Solu,   552.0000,   552.0000,   499.6500,   539.9500,         16,          6,                8257
VSWS,B,20260429,506184,,Kanani Industries,     1.6900,     1.6900,     1.5800,     1.6000,      53494,        145,               86378
VSWS,B,20260429,506186,,Galaxy Supermarket,    16.9500,    16.9900,    16.0600,    16.0600,      26961,         39,              436057
VSWS,B,20260429,506194,,Arihant Superstructu,   276.2500,   308.8500,   275.7000,   282.1000,      12501,        547,             3712095
VSWS,B,20260429,506197,,Bliss GVS Pharma,   266.6000,   275.8000,   265.3000,   267.7500,      73785,       1108,            20001216
VSWS,B,20260429,506222,,Styrenix Performance,  2332.7500,  2352.8500,  2288.6500,  2302.1000,        946,        243,             2196108
VSWS,B,20260429,506235,,Alembic,    93.9300,    93.9300,    92.6000,    93.3700,      23757,        192,             2212492
VSWS,B,20260429,506248,,Amines & Plast,   166.0000,   166.0000,   163.1500,   163.1500,         21,          8,                3483
VSWS,B,20260429,506260,,Anuh Pharma,    84.7500,    84.7500,    82.1000,    82.1000,        431,         31,               35639
VSWS,B,20260429,506261,,Modison,   174.9500,   174.9500,   166.5500,   167.2000,       8129,        188,             1384892
VSWS,B,20260429,506285,,Bayer Cropscience,  4613.3000,  4714.8500,  4613.3000,  4675.1000,       1924,        896,             9009708
VSWS,B,20260429,506365,,Starsource Multitrad,   124.4500,   124.4500,   112.6500,   123.8000,        405,         18,               48425
VSWS,B,20260429,506373,,Citurgia Biochem,    84.7500,    88.1500,    84.7500,    88.1500,       1240,         33,              106427
VSWS,B,20260429,506390,,Sudarshan Colorants,   355.0000,   360.4000,   352.7500,   355.0000,       3729,         95,             1327974
VSWS,B,20260429,506395,,Coromandel Internati,  2033.0500,  2033.0500,  1993.5500,  2009.5000,      18321,       1378,            36810395
VSWS,B,20260429,506401,,Deepak Nitrite,  1703.7000,  1757.0000,  1680.7500,  1723.7000,      29633,       2909,            51050433
VSWS,B,20260429,506405,,DMCC Speciality Chem,   284.0000,   291.8000,   281.7000,   283.4000,       2611,         69,              746900
VSWS,B,20260429,506414,,Fermenta Biotech,   317.4000,   318.4500,   312.0000,   312.7500,       1380,        163,              436074
VSWS,B,20260429,506480,,GOCL Corporation,   338.5000,   340.4000,   329.0000,   331.9000,      14798,        561,             4922877
VSWS,B,20260429,506520,,Jayshree Chemicals,     7.0300,     7.0300,     6.8100,     6.8200,      19615,         45,              134230
VSWS,B,20260429,506525,,Kanoria Chemicals,    91.4000,    91.4000,    86.5000,    90.1800,       4925,         67,              439747
VSWS,B,20260429,506528,,Keltech Energies,  4450.0000,  4497.0000,  4246.1000,  4444.8500,       1201,        283,             5179669
VSWS,B,20260429,506530,,Kemp & Co,  1104.3500,  1159.5500,  1104.3500,  1159.5500,         16,          4,               18494
VSWS,B,20260429,506532,,Nitta Gelatin India,   952.0500,   998.0000,   952.0500,   962.0000,       2438,        262,             2374665
VSWS,B,20260429,506543,,MP Agro Industries,    11.6200,    12.4500,    11.6200,    12.0000,        558,         14,                6903
VSWS,B,20260429,506579,,AG Ventures,   108.1500,   115.1000,   108.1500,   111.3700,       7641,        122,              847395
VSWS,B,20260429,506590,,PCBL Chemical,   299.2500,   302.5000,   295.7000,   298.8500,      75323,       1654,            22521879
VSWS,B,20260429,506597,,Amal,   599.0000,   609.0000,   576.0000,   603.2500,      21231,        844,            12620260
VSWS,B,20260429,506605,,Polychem,  2081.0000,  2081.0000,  2044.0000,  2044.0000,         27,          6,               56125
VSWS,B,20260429,506618,,Punjab Chemicals & C,  1080.0000,  1135.5500,  1073.5000,  1128.3500,        909,        236,             1003687
VSWS,B,20260429,506640,,ZR2 Bioenergy,   150.0000,   152.6800,   144.4000,   147.0000,       1891,         17,              283700
VSWS,B,20260429,506642,,Sadhana Nitrochem,     2.1800,     2.3900,     2.1700,     2.2800,    4104511,        870,             9690493
VSWS,B,20260429,506655,,Sudarshan Chemicals,   908.0000,   921.6000,   880.4000,   889.2500,       4854,        407,             4382155
VSWS,B,20260429,506680,,TECIL Chem & Hydro,    13.0100,    13.2000,    12.7200,    13.0000,       2414,         35,               31501
VSWS,B,20260429,506685,,Ultramarine & Pig,   407.8000,   420.0000,   407.0000,   409.8000,       9409,        445,             3894786
VSWS,B,20260429,506687,,Transpek Industry,  1214.9500,  1214.9500,  1165.2500,  1199.3500,        127,         28,              152051
VSWS,B,20260429,506690,,Unichem Laboratories,   364.9500,   401.4500,   359.1000,   374.2500,       8183,        417,             3175843
VSWS,B,20260429,506734,,Mysore Petro Chem,    95.4000,    95.4000,    91.5000,    92.1200,       2009,         30,              188924
VSWS,B,20260429,506767,,Alkyl Amines,  1542.3000,  1562.6500,  1530.0000,  1538.6000,       3201,        523,             4958113
VSWS,B,20260429,506808,,Tuticorin Alkali Che,    56.7500,    56.7500,    55.0000,    55.2000,       8057,         98,              447041
VSWS,B,20260429,506820,,AstraZeneca Pharma,  8475.0000,  8546.0000,  8348.8500,  8381.0000,        368,        204,             3103480
VSWS,B,20260429,506852,,Primo Chemicals,    23.5000,    23.5000,    22.8100,    22.8200,      17293,        288,              399932
VSWS,B,20260429,506854,,TANFAC Industries,  2544.0000,  2578.0000,  2455.5500,  2493.2000,       5089,        589,            12801942
VSWS,B,20260429,506858,,Gujarat Petrosyn,    60.0000,    61.8800,    56.3000,    61.0000,        129,         23,                7532
VSWS,B,20260429,506863,,Swadeshi Industries,   108.0300,   108.0300,   108.0300,   108.0300,       1094,         14,              118184
VSWS,B,20260429,506879,,Gujarat Themis,   372.2000,   379.9500,   365.0000,   375.8500,      13661,        640,             5092754
VSWS,B,20260429,506906,,Saptak Chem & Busine,    46.7000,    46.7000,    46.0000,    46.0000,        239,         10,               11091
VSWS,B,20260429,506919,,Makers Laboratories,   144.0000,   145.8500,   141.5000,   141.5000,        537,         14,               76581
VSWS,B,20260429,506935,,Continental Chemical,    66.6800,    66.6800,    60.3500,    60.4000,        103,          6,                6223
VSWS,B,20260429,506943,,JB Chemicals,  2048.6500,  2081.6000,  2048.6500,  2062.9500,      11116,       2338,            23002479
VSWS,B,20260429,506947,,Advance Petrochem,   219.7500,   219.7500,   219.7500,   219.7500,        186,          5,               40873
VSWS,B,20260429,506975,,Rajasthan Petro Syn,     8.4000,     8.4000,     8.3000,     8.3000,        700,          4,                5820
VSWS,B,20260429,506979,,Apt Packaging,   155.4500,   155.4500,   140.6500,   155.4500,       2189,         39,              315623
VSWS,B,20260429,506981,,Blue Chip Tex Ind,   135.0000,   135.0000,   112.1000,   124.0000,       2799,         49,              353507
VSWS,B,20260429,507155,,Jagatjit Industries,   127.8000,   127.8000,   124.0000,   125.3000,      18866,        266,             2371864
VSWS,B,20260429,507180,,Kesar Enterprises,     6.7000,     6.7000,     6.4000,     6.5900,       4001,         26,               26362
VSWS,B,20260429,507205,,Tilaknagar Ind,   460.1500,   468.9000,   455.0000,   456.6000,      41722,       1948,            19316458
VSWS,B,20260429,507265,,Emerald Leisures,   186.7000,   187.0500,   186.1500,   187.0500,        230,          5,               42895
VSWS,B,20260429,507300,,Ravalgaon Sugar,   944.0000,   963.5000,   944.0000,   963.5000,          5,          4,                4740
VSWS,B,20260429,507315,,Sakthi Sugars,    18.0000,    18.5700,    17.7000,    18.4000,       5033,         37,               92415
VSWS,B,20260429,507410,,Walchandnagar Ind,   241.0000,   248.4000,   232.6000,   238.7000,     187637,       3033,            45198972
VSWS,B,20260429,507438,,IFB Agro Industries,   888.0000,   901.0000,   858.8500,   864.1000,        420,         50,              370411
VSWS,B,20260429,507474,,Kothari Fermen,    41.9900,    43.3900,    41.5000,    42.7700,       1600,         52,               67533
VSWS,B,20260429,507488,,GM Breweries,   979.9500,   979.9500,   967.1000,   969.1000,       2216,        184,             2150969
VSWS,B,20260429,507490,,Rana Sugars,    13.6000,    13.8300,    13.5100,    13.8000,      30260,        167,              414609
VSWS,B,20260429,507498,,Piccadily Sugar,    39.1100,    40.0000,    39.1100,    39.2400,       3401,         41,              135255
VSWS,B,20260429,507514,,Som Disti & Brewe,    89.7500,    92.4100,    88.5500,    88.9500,      79433,       1050,             7193996
VSWS,B,20260429,507515,,CJ Gelatine,    16.0200,    16.0200,    16.0200,    16.0200,        418,          3,                6696
VSWS,B,20260429,507526,,Associated Alcohols,   893.6000,   903.2500,   883.5500,   886.7000,        728,        119,              649062
VSWS,B,20260429,507552,,Foods & Inns,    66.3500,    67.5000,    64.2500,    65.3900,      33291,        552,             2189755
VSWS,B,20260429,507580,,I V P,   144.0000,   144.0000,   137.6000,   141.8000,        828,         17,              117635
VSWS,B,20260429,507598,,Kovilpatti Lakshmi R,   108.6500,   112.0000,   108.6500,   112.0000,        299,         16,               32739
VSWS,B,20260429,507609,,Olympic Oil Ind,    21.3800,    21.3800,    21.3800,    21.3800,          1,          1,                  21
VSWS,B,20260429,507621,,Milkfood,    63.9900,    65.5000,    62.1600,    64.8900,       2698,         52,              174166
VSWS,B,20260429,507645,,Polson, 11635.0500, 12050.0000, 11601.1000, 11750.4000,         67,         28,              796184
VSWS,B,20260429,507685,,Wipro,   202.0000,   203.6500,   200.3500,   200.7000,     775163,      12556,           156548597
VSWS,B,20260429,507690,,Orient Beverages,   227.0000,   227.0000,   219.1000,   219.5000,       2434,         39,              541834
VSWS,B,20260429,507717,,Dhanuka Agritech,  1066.6000,  1071.1000,  1050.0000,  1053.5000,       1833,        275,             1946276
VSWS,B,20260429,507747,,TTK Healthcare,   903.0500,   919.9000,   895.0000,   898.0000,        366,        149,              329022
VSWS,B,20260429,507753,,TGV SRAAC,   106.3000,   108.3000,   104.0000,   104.4200,     149072,        828,            15771099
VSWS,B,20260429,507779,,Kanpur Plastipacks,   201.0000,   209.2500,   201.0000,   204.4000,        423,         30,               86305
VSWS,B,20260429,507785,,Tainwala Chemical,   209.8500,   209.8500,   202.0000,   203.8500,         60,         13,               12507
VSWS,B,20260429,507789,,Jagsonpal Pharma,   207.1500,   212.0000,   204.5000,   208.8500,      30811,        955,             6421829
VSWS,B,20260429,507794,,Khaitan Chemicals,    56.2000,    56.2000,    53.7300,    54.3400,      16160,        119,              879780
VSWS,B,20260429,507813,,National Oxygen,    71.9500,    71.9500,    67.2200,    68.2000,       2427,         51,              167378
VSWS,B,20260429,507815,,Gillette India,  8226.2500,  8250.0500,  8046.9500,  8075.4500,        817,        275,             6630846
VSWS,B,20260429,507817,,Wires & Fabriks,   154.0000,   154.0000,   152.9500,   152.9500,         87,          6,               13321
VSWS,B,20260429,507828,,Ansal Housing,     7.7400,     7.8700,     7.5000,     7.5700,      81767,        129,              622689
VSWS,B,20260429,507833,,Computer Point,     3.9200,     4.0400,     3.9000,     3.9900,       3678,         43,               14622
VSWS,B,20260429,507836,,Mac Charles,   669.0000,   694.2000,   668.6500,   694.2000,         18,          3,               12165
VSWS,B,20260429,507852,,Addi Industries,   104.5500,   106.8900,    99.6200,   105.5500,       5144,        131,              522260
VSWS,B,20260429,507864,,Pioneer Invest Corp,   101.2300,   109.8900,   101.2300,   108.4500,         92,         13,                9332
VSWS,B,20260429,507872,,Ashnoor Textiles,    41.6900,    41.8000,    39.0000,    40.9800,       5385,         27,              216775
VSWS,B,20260429,507878,,Unitech,     4.8100,     4.9700,     4.8000,     4.8400,     474614,      14505,             2316043
VSWS,B,20260429,507880,,VIP Industries,   295.0500,   308.0000,   295.0500,   296.7000,      51231,        899,            15366022
VSWS,B,20260429,507910,,Fiberweb (India),    37.1600,    38.4900,    37.0500,    38.4900,       1639,         17,               61187
VSWS,B,20260429,507912,,Gyftr,   205.8000,   206.3000,   200.6500,   205.7000,      74109,        248,            15101217
VSWS,B,20260429,507917,,East Buildtech,    64.4000,    64.4000,    58.3200,    63.9800,         44,          8,                2590
VSWS,B,20260429,507938,,Manipal Finance Corp,    23.5000,    23.5000,    23.5000,    23.5000,        100,          1,                2350
VSWS,B,20260429,507944,,Bajaj Steel,   466.2500,   473.8500,   457.0000,   458.5500,       4796,        391,             2210522
VSWS,B,20260429,507946,,Kiduja India,    19.9800,    19.9800,    17.5500,    18.0100,       3186,         26,               57597
VSWS,B,20260429,507948,,Key Corp,    87.9900,    87.9900,    81.7100,    82.2900,        721,         36,               60710
VSWS,B,20260429,507960,,Gujarat Hotels,   189.0000,   193.9500,   188.5000,   190.1500,        558,         13,              105866
VSWS,B,20260429,507962,,Fynx Capital,     5.3400,     5.3400,     5.0800,     5.2200,       8889,         58,               45662
VSWS,B,20260429,507966,,Ras Resort & Apart,    59.0300,    59.0400,    57.0200,    59.0400,      26961,        103,             1589368
VSWS,B,20260429,507968,,Jolly Plastics,    37.4800,    37.4800,    37.4800,    37.4800,        500,          1,               18740
VSWS,B,20260429,507981,,Jindal Hotels,    68.0000,    68.0000,    64.0000,    64.5000,        340,         23,               22429
VSWS,B,20260429,507984,,Desi Farms India,   616.5500,   641.0000,   616.5500,   641.0000,        486,         16,              302235
VSWS,B,20260429,507998,,Simmonds-Marshall,   187.0000,   194.0000,   181.0500,   187.1500,      28775,        257,             5398514
VSWS,B,20260429,508136,,B & A,   438.4500,   438.4500,   412.0000,   412.0000,         79,          8,               34427
VSWS,B,20260429,508486,,Hawkins Cooker,  7450.0000,  7500.0000,  7426.5000,  7495.1500,        124,         51,              928168
VSWS,B,20260429,508494,,Warren Tea,    39.7000,    39.7000,    37.4100,    37.8100,       2322,         33,               88450
VSWS,B,20260429,508571,,Cochin Malabar Est,   135.3000,   149.0000,   135.3000,   147.5500,        624,         24,               85985
VSWS,B,20260429,508664,,Best Eastern Hotels,    12.2500,    12.2500,    12.1200,    12.1800,        210,          9,                2559
VSWS,B,20260429,508670,,Neelamalai Agro,  3250.0000,  3250.0000,  3250.0000,  3250.0000,          2,          1,                6500
VSWS,B,20260429,508807,,I S T,   707.5000,   707.5000,   691.0500,   693.7000,        242,         37,              168884
VSWS,B,20260429,508814,,Cosmo First,   725.9000,   726.0000,   709.0000,   710.7000,       2881,        159,             2063207
VSWS,B,20260429,508869,,Apollo Hospitals,  7751.0500,  7798.8500,  7680.0000,  7704.1000,       4505,       1148,            34881942
VSWS,B,20260429,508905,,Nexome Capital Marke,   104.3100,   108.9400,   104.3100,   104.3400,        912,         27,               95226
VSWS,B,20260429,508906,,Everest Industries,   391.2500,   396.6500,   388.5500,   394.5500,        140,         15,               54844
VSWS,B,20260429,508918,,Ironwood Education,    43.3000,    45.3000,    42.5600,    44.0200,       4389,         37,              191220
VSWS,B,20260429,508922,,MSR India,     4.9800,     4.9800,     4.9800,     4.9800,      40004,        141,              199219
VSWS,B,20260429,508933,,AYM Syntex,   239.6500,   243.0000,   236.0000,   238.9000,       1085,         47,              258632
VSWS,B,20260429,508941,,Panasonic Carbon,   477.8500,   482.5000,   475.2500,   481.8500,       1305,         43,              627716
VSWS,B,20260429,508954,,Finkurve Financial,    73.6300,    74.7900,    72.2500,    73.7800,       3031,        178,              223369
VSWS,B,20260429,508956,,HB Leasing & Finance,    12.1800,    12.4000,    12.1800,    12.1800,        262,          8,                3226
VSWS,B,20260429,508961,,Shricon Industries,   222.5500,   222.5500,   222.5500,   222.5500,          1,          1,                 222
VSWS,B,20260429,508969,,Sulabh Enggineers &,     3.0300,     3.1400,     2.9200,     3.0300,      25681,         87,               78226
VSWS,B,20260429,508980,,Frontier Capital,     7.7900,     7.8000,     7.7700,     7.7700,       1217,          7,                9483
VSWS,B,20260429,508989,,Navneet Education,   147.6000,   147.6000,   142.0000,   143.0000,       7493,        102,             1072312
VSWS,B,20260429,509009,,Ausom Enterprise,   149.5000,   160.0000,   135.3000,   146.6600,      16747,        447,             2490954
VSWS,B,20260429,509015,,Thakral Services (I),    15.2700,    16.3200,    15.2700,    16.1400,        694,         13,               10746
VSWS,B,20260429,509020,,Ruchi Infrastructure,     6.5000,     6.7200,     6.4500,     6.5300,      11982,         42,               78422
VSWS,B,20260429,509024,,Golden Legend Leas,     8.2600,     8.8400,     8.2600,     8.6000,       1541,         20,               12849
VSWS,B,20260429,509026,,VJTF Eduservices,    87.0000,    87.0000,    87.0000,    87.0000,        100,          1,                8700
VSWS,B,20260429,509038,,Voltaire Leasing,    13.4400,    13.4400,    12.9200,    12.9400,         43,          6,                 562
VSWS,B,20260429,509040,,Netlink Solutions (I,   219.0000,   219.7000,   207.5500,   212.0500,       1366,         20,              290049
VSWS,B,20260429,509046,,Triliance Polymers,    50.5000,    50.5000,    49.9900,    49.9900,         68,          7,                3426
VSWS,B,20260429,509048,,Lancor Holdings,    24.1000,    24.8900,    23.5700,    24.7400,       3100,          9,               75753
VSWS,B,20260429,509051,,Indian Infotech,     0.6200,     0.6600,     0.6100,     0.6500,    5301368,        810,             3373650
VSWS,B,20260429,509053,,Banas Finance,     7.3100,     7.3100,     7.0000,     7.1400,      15168,         99,              108506
VSWS,B,20260429,509055,,Visaka Industries,    69.9000,    69.9000,    66.9800,    67.0100,       3265,        166,              220281
VSWS,B,20260429,509069,,Infomedia Press,     6.0900,     6.0900,     5.7100,     6.0200,      21380,         38,              124309
VSWS,B,20260429,509073,,Hathway Bhawani Cabl,    12.5000,    12.5000,    11.1100,    11.1900,        474,          7,                5292
VSWS,B,20260429,509079,,Gufic Biosciences,   290.0000,   290.5500,   286.1000,   287.6500,       1253,         36,              359950
VSWS,B,20260429,509152,,GRP,  1932.0000,  1936.1500,  1895.0000,  1905.9500,        415,         52,              794565
VSWS,B,20260429,509162,,Indag Rubber,    93.8200,    94.9000,    93.5000,    93.6300,       4567,         64,              428953
VSWS,B,20260429,509196,,MM Rubber Company,    74.0000,    75.0000,    70.0000,    72.1800,       1025,         21,               75459
VSWS,B,20260429,509220,,PTL Enterprises,    40.4500,    40.4500,    39.5000,    40.1300,       5094,         61,              202910
VSWS,B,20260429,509243,,TVS Srichakra,  3978.0000,  4016.0000,  3849.7500,  3922.3500,        342,         98,             1346585
VSWS,B,20260429,509423,,Sanathnagar Enterpri,    40.2600,    41.8000,    38.2500,    40.4900,        621,         16,               25524
VSWS,B,20260429,509438,,Benares Hotels, 10010.9500, 10100.0000, 10000.0000, 10018.6500,        597,        430,             6006131
VSWS,B,20260429,509449,,Bhagwati Oxygen,    38.4800,    38.4800,    36.8900,    38.4400,        213,          5,                7860
VSWS,B,20260429,509470,,Bombay Oxygen Invest, 19802.0000, 21688.0000, 19802.0000, 21343.5000,         12,          8,              246235
VSWS,B,20260429,509472,,Cravatex,   342.4000,   351.0500,   340.0000,   340.0000,         59,          8,               20290
VSWS,B,20260429,509480,,Berger Paints India,   465.8000,   469.1000,   457.0000,   462.2000,       7351,        808,             3387000
VSWS,B,20260429,509486,,Caprihans,    72.0000,    77.5000,    72.0000,    73.8900,       3653,         42,              275991
VSWS,B,20260429,509488,,Graphite India,   742.4000,   751.4000,   738.0000,   740.2000,      32434,       1164,            24144109
VSWS,B,20260429,509496,,Cemindia Projects,   680.9500,   702.0000,   676.8000,   678.8000,      36783,       1743,            25360333
VSWS,B,20260429,509525,,Empire Industries,   900.2500,   924.9000,   900.1500,   908.6500,        880,         56,              809154
VSWS,B,20260429,509546,,Graviss Hospitality,    27.9900,    27.9900,    26.8800,    26.8800,       2890,         15,               80125
VSWS,B,20260429,509557,,Garware Technical,   613.3000,   618.4500,   604.0000,   613.0500,       3500,        878,             2144056
VSWS,B,20260429,509563,,Garware Marine,    23.1300,    24.4900,    23.1300,    23.2100,       3401,         78,               81346
VSWS,B,20260429,509567,,Goa Carbon,   378.8500,   385.6500,   373.9500,   376.0500,       1903,        101,              728777
VSWS,B,20260429,509597,,Hardcastle & Waud,   741.9500,   741.9500,   729.0000,   729.0000,         13,          3,                9515
VSWS,B,20260429,509631,,H E G,   669.6000,   678.3000,   655.7500,   658.1000,      75994,       3635,            50334882
VSWS,B,20260429,509635,,Hindustan Composites,   470.0000,   470.0000,   461.8000,   463.7500,       1171,        168,              549446
VSWS,B,20260429,509675,,BirlaNu,  1409.9000,  1428.0000,  1386.0000,  1393.6500,        492,         62,              692385
VSWS,B,20260429,509692,,Indian Card Clothing,   211.5000,   212.0000,   203.3000,   205.9500,        966,         28,              203159
VSWS,B,20260429,509709,,International Convey,    77.7000,    78.2500,    77.3200,    78.1400,       1425,         35,              110816
VSWS,B,20260429,509715,,Jay Shree Tea & Ind,    90.4000,    90.8000,    87.6400,    87.8100,       1387,        120,              123415
VSWS,B,20260429,509732,,Kothari Industrial,   187.1500,   191.8500,   181.0000,   183.4500,       4049,        270,              753062
VSWS,B,20260429,509760,,Modern Shares & Stk,    37.8000,    37.8000,    32.3400,    32.3800,       6051,         95,              198503
VSWS,B,20260429,509762,,Mapro Industries,    45.2500,    46.0000,    43.5000,    45.9900,        824,         12,               37730
VSWS,B,20260429,509820,,Huhtamaki India,   177.0000,   181.0000,   177.0000,   179.8000,       4302,        125,              770942
VSWS,B,20260429,509835,,Premier Synthetics,    15.2600,    15.9700,    15.2600,    15.9700,        101,          2,                1541
VSWS,B,20260429,509874,,Shalimar Paints,    56.9000,    56.9000,    52.0500,    52.4200,       1418,         64,               74659
VSWS,B,20260429,509895,,Hindoostan Mills,   163.0000,   164.9500,   160.0000,   164.9500,        143,         21,               23298
VSWS,B,20260429,509930,,Supreme Industries,  3651.4500,  3726.2000,  3645.0000,  3665.7000,       7141,       1459,            26334802
VSWS,B,20260429,509953,,Trade Wings,   494.6000,   535.0000,   494.6000,   532.3500,          8,          3,                4034
VSWS,B,20260429,509966,,VST Industries,   259.3000,   261.4000,   258.6500,   259.5500,      19694,        618,             5124950
VSWS,B,20260429,510245,,Swasti Vinayaka Synt,     4.4500,     4.4500,     4.2500,     4.2900,      33917,        120,              146768
VSWS,B,20260429,511000,,MSL Global,    19.0000,    19.6900,    19.0000,    19.6900,        126,          6,                2399
VSWS,B,20260429,511012,,Yamini Investments,     0.6900,     0.7000,     0.6800,     0.6900,     335541,        335,              232107
VSWS,B,20260429,511016,,Premier Capital Ser,     6.0000,     6.0300,     5.9800,     6.0000,       4067,         12,               24390
VSWS,B,20260429,511018,,Milgrey Finance,    64.9000,    64.9000,    61.3000,    61.8800,      42138,        162,             2619683
VSWS,B,20260429,511034,,Jindal Drilling,   547.4500,   555.9500,   540.7500,   543.5000,       9284,        284,             5088115
VSWS,B,20260429,511066,,Sakthi Finance,    28.3000,    28.8200,    27.0400,    27.6000,       8734,         75,              240959
VSWS,B,20260429,511076,,Aeroflex Enterprises,    92.1700,    92.9700,    90.2000,    90.5700,       7420,        251,              679533
VSWS,B,20260429,511092,,JMD Ventures,     5.6300,     5.7400,     5.5200,     5.7400,      16585,         55,               94421
VSWS,B,20260429,511108,,Shiva Texyarn,   162.6000,   199.0000,   161.6000,   171.4000,       1661,        354,              282990
VSWS,B,20260429,511110,,VB Desai Fin Service,    15.7800,    16.5000,    15.7800,    16.5000,        148,          6,                2385
VSWS,B,20260429,511116,,Quadrant Televenture,     0.3700,     0.3700,     0.3700,     0.3700,     228267,        161,               84458
VSWS,B,20260429,511122,,First Custodian Fund,    78.5900,    78.5900,    74.0100,    75.8900,        169,         20,               13123
VSWS,B,20260429,511131,,Kamanwala Hsg Const,    17.2300,    17.9900,    17.1100,    17.8800,       8293,         33,              148304
VSWS,B,20260429,511147,,WSFX Global Pay,    65.2500,    65.9000,    63.1600,    65.3000,       2414,         31,              157180
VSWS,B,20260429,511153,,Anjani Foods,    19.5000,    20.0000,    19.0000,    19.3900,       2302,         38,               45070
VSWS,B,20260429,511169,,RKD Agri & Retail,     5.2500,     5.2500,     5.2500,     5.2500,          5,          2,                  26
VSWS,B,20260429,511176,,Parshwanath Corporat,   109.1400,   109.1400,   106.6500,   106.6500,        125,          4,               13336
VSWS,B,20260429,511185,,Rajvi Logitrade,    15.8500,    15.8500,    15.8500,    15.8500,        200,          1,                3170
VSWS,B,20260429,511187,,Millennium Online So,     1.4200,     1.4200,     1.4200,     1.4200,        907,          5,                1287
VSWS,B,20260429,511194,,I C D S,    49.2500,    49.2500,    46.7900,    48.0000,         13,          4,                 637
VSWS,B,20260429,511196,,Canfin Homes,   884.7500,   899.1000,   870.0500,   873.8500,      15078,        973,            13322003
VSWS,B,20260429,511208,,IL & FS Investment M,     7.8000,     8.2500,     7.8000,     8.1300,      29266,        209,              232478
VSWS,B,20260429,511218,,Shriram Finance,   965.0000,   975.0000,   955.0500,   956.8500,     118222,       7246,           114020825
VSWS,B,20260429,511243,,Cholamandalam Invest,  1534.8500,  1572.6000,  1531.5500,  1552.4000,      33552,       2194,            52000071
VSWS,B,20260429,511246,,Bombay Talkies,     4.7600,     4.7600,     4.7400,     4.7500,         38,          3,                 180
VSWS,B,20260429,511260,,Iconik Sports And Ev,    42.3500,    42.3500,    40.3700,    41.7200,       9633,        120,              398921
VSWS,B,20260429,511333,,VLS Finance,   238.0000,   239.2500,   237.9500,   238.8500,        153,         15,               36566
VSWS,B,20260429,511355,,India Cements Cap,    13.7200,    13.7200,    12.6600,    12.9200,      19240,         60,              251662
VSWS,B,20260429,511359,,Ad Manum Finance,    55.0000,    55.0000,    52.1600,    53.5000,         75,         16,                3940
VSWS,B,20260429,511377,,Mehta Integrated,    31.0000,    31.0000,    31.0000,    31.0000,        600,          3,               18600
VSWS,B,20260429,511391,,Inter Globe Finance,    60.6300,    63.6600,    60.6300,    63.6600,        114,          8,                7172
VSWS,B,20260429,511401,,Munoth Communication,     6.1500,     6.1500,     5.8500,     5.8500,       1723,          6,               10081
VSWS,B,20260429,511411,,Shristi Infra Dev,    33.8000,    33.8000,    31.2500,    31.2500,        751,         10,               24098
VSWS,B,20260429,511413,,Crest Ventures,   364.5000,   370.0000,   363.4000,   366.6000,        992,         15,              363642
VSWS,B,20260429,511431,,Vakrangee,     7.0900,     7.2100,     6.9400,     7.0200,     139050,        599,              974807
VSWS,B,20260429,511447,,Sylph Industries,     0.3600,     0.3600,     0.3600,     0.3600,    6546794,       1378,             2356845
VSWS,B,20260429,511451,,Dharani Finance,    13.0500,    13.0500,    12.3400,    12.3400,       3721,         22,               48097
VSWS,B,20260429,511463,,Alexander Stamps & C,     9.0500,     9.5400,     9.0500,     9.0900,        219,         11,                2078
VSWS,B,20260429,511473,,Indbank Merchant,    35.1200,    35.2600,    34.6000,    34.8900,       5078,         68,              177343
VSWS,B,20260429,511493,,Shrydus Industries,     3.4500,     3.4500,     3.4000,     3.4000,      13849,         41,               47553
VSWS,B,20260429,511501,,Bharat Bhushan Finac,    25.9000,    25.9000,    24.3100,    25.1800,       3356,         48,               83777
VSWS,B,20260429,511505,,Capital Trust,    13.5000,    13.5500,    13.5000,    13.5000,       2704,          7,               36627
VSWS,B,20260429,511507,,Ushakiran Finance,    49.0000,    51.0800,    49.0000,    51.0800,        129,          4,                6337
VSWS,B,20260429,511509,,Vivo Biotech,    27.1800,    28.7600,    27.1800,    27.8300,      24016,        106,              671377
VSWS,B,20260429,511523,,Veerhealth Care,    20.1200,    20.9900,    20.1200,    20.6100,      67474,         75,             1384551
VSWS,B,20260429,511525,,Pan India Corporatio,     1.9700,     2.0200,     1.8700,     2.0000,     105110,        119,              204737
VSWS,B,20260429,511533,,Sahara Housingfina C,    41.5000,    42.8400,    40.3700,    40.6500,         20,          6,                 832
VSWS,B,20260429,511535,,NDA Securities,    36.6600,    38.0000,    36.6600,    38.0000,         26,          5,                 957
VSWS,B,20260429,511539,,Supra Trends,    15.4700,    15.4700,    14.6600,    15.0100,       3249,         13,               50076
VSWS,B,20260429,511543,,GSB Finance,    35.0100,    36.9000,    35.0000,    36.8400,       2905,         26,              101837
VSWS,B,20260429,511549,,Morarka Finance,    55.8000,    55.8000,    51.7000,    53.0100,       2016,         31,              107723
VSWS,B,20260429,511551,,Monarch Networth Cap,   299.6500,   306.1500,   294.1500,   296.2500,       3412,        116,             1026702
VSWS,B,20260429,511557,,Pro Fin Capital Ser,     4.1000,     4.1000,     3.9100,     4.0200,     948612,        347,             3794522
VSWS,B,20260429,511559,,Team India Guaranty,   284.9000,   284.9000,   264.7000,   264.7000,         15,          3,                3998
VSWS,B,20260429,511571,,Crescentis Capital,   122.5500,   124.9500,   122.5500,   124.0000,       1875,         25,              233366
VSWS,B,20260429,511577,,Mantra Capital,    15.8000,    15.8000,    14.2300,    14.8700,       3548,         12,               53165
VSWS,B,20260429,511585,,Befound Movement,     3.8000,     3.8000,     3.8000,     3.8000,         20,          1,                  76
VSWS,B,20260429,511589,,Avonmore Capital,    12.2500,    13.0500,    12.2100,    12.3100,      13219,        151,              164342
VSWS,B,20260429,511593,,Libord Finance,    19.5000,    19.5000,    17.0000,    17.1500,        117,         15,                2024
VSWS,B,20260429,511601,,Yash Management,     8.6800,     8.8100,     8.6500,     8.8000,       4162,         27,               36438
VSWS,B,20260429,511605,,Arihant Capital Mkt,    71.2600,    72.1200,    70.8000,    70.9100,       3417,        103,              245015
VSWS,B,20260429,511609,,ISL Consulting,    20.2500,    20.2500,    19.7500,    20.2500,        416,          3,                8416
VSWS,B,20260429,511611,,DCM Financial Serv,     4.8500,     4.8500,     4.8100,     4.8100,       1492,         10,                7235
VSWS,B,20260429,511626,,RR Financial Cons,    86.6700,    90.7800,    82.5000,    83.4500,       2257,         56,              192993
VSWS,B,20260429,511628,,Fedders Holding,    35.8500,    36.2500,    33.5000,    35.0300,      82902,        811,             2904156
VSWS,B,20260429,511630,,Sambhaav Media,     6.6300,     6.9800,     6.4600,     6.7400,       1561,         12,               10657
VSWS,B,20260429,511636,,DJS Stock & Shares,     2.1800,     2.2000,     2.1100,     2.1500,      47187,        102,              101857
VSWS,B,20260429,511644,,Omega Interactive,    89.5400,    89.5400,    89.5400,    89.5400,      10456,        268,              936230
VSWS,B,20260429,511654,,Sugal & Damani Share,    60.7000,    62.8500,    60.7000,    62.8500,         44,          2,                2672
VSWS,B,20260429,511658,,NettLinx,    17.3800,    17.3800,    16.6500,    17.2000,       3454,         34,               58941
VSWS,B,20260429,511664,,Bgil Films & Techno,     7.3900,     7.4800,     6.8500,     7.4400,     115567,         70,              826208
VSWS,B,20260429,511672,,Scan Steels,    36.4600,    37.1400,    35.0100,    36.1900,      10236,         89,              365644
VSWS,B,20260429,511676,,GIC Housing Finance,   154.9000,   155.5500,   153.0000,   153.0500,      28227,        364,             4342911
VSWS,B,20260429,511692,,Ajcon Global Service,     6.8900,     6.8900,     6.3500,     6.7000,       7969,         50,               52409
VSWS,B,20260429,511696,,Chartered Cap & Inv,   258.9500,   258.9500,   258.9500,   258.9500,          5,          1,                1294
VSWS,B,20260429,511700,,Standard Capital Mkt,     0.4000,     0.4100,     0.3900,     0.3900,   16033061,       1032,             6412794
VSWS,B,20260429,511702,,Yogi,   167.9000,   167.9000,   160.2500,   160.8500,        214,         10,               34970
VSWS,B,20260429,511710,,Cubical Financial,     2.0600,     2.1100,     1.9600,     2.0100,      59880,         62,              121562
VSWS,B,20260429,511712,,Relic Technologies,    70.3600,    73.0000,    70.3600,    73.0000,         41,          8,                2887
VSWS,B,20260429,511714,,Nimbus Projects,   179.2000,   183.0000,   173.4000,   176.5000,      19428,         80,             3464774
VSWS,B,20260429,511716,,Invigorated Business,     6.6400,     6.7000,     6.3500,     6.5400,       5030,         25,               32682
VSWS,B,20260429,511724,,Baid Finserv,    11.9000,    11.9000,    10.5300,    11.4900,      15272,         28,              164394
VSWS,B,20260429,511726,,Vipul,    10.5400,    10.5400,    10.0000,    10.0800,      30164,         67,              307602
VSWS,B,20260429,511728,,KZ Leasing & Finance,    16.4000,    16.4000,    16.4000,    16.4000,         66,          4,                1082
VSWS,B,20260429,511740,,Ruparel Food Product,   129.7000,   129.7000,   129.7000,   129.7000,          1,          1,                 129
VSWS,B,20260429,511742,,Ugro Capital,   109.9000,   109.9000,   107.5000,   107.8900,       4089,        135,              442752
VSWS,B,20260429,511754,,Shalibhadra Finance,    82.0000,    82.9800,    81.1000,    82.2000,        114,          7,                9345
VSWS,B,20260429,511756,,Abirami Financial,    32.3300,    32.3300,    30.1200,    30.1200,        661,         19,               20193
VSWS,B,20260429,511764,,Aastamangalam Financ,    39.0000,    40.9800,    38.4200,    39.9800,      11167,         46,              444473
VSWS,B,20260429,511766,,Muthoot Capital Serv,   200.5000,   207.2500,   200.5000,   202.9000,       1547,         34,              317067
VSWS,B,20260429,511768,,Master Trust,    76.0000,    83.6000,    76.0000,    81.7300,      18293,        260,             1485380
VSWS,B,20260429,512008,,EFC (I),   198.1500,   202.1500,   190.0500,   190.6000,      25343,        753,             4935350
VSWS,B,20260429,512014,,Sobhagya Mercantile,   914.4000,   914.4000,   895.1000,   913.6500,        378,         35,              345133
VSWS,B,20260429,512018,,Tomorrow Tech Global,     8.4500,     8.4500,     8.1000,     8.2800,      71323,         75,              589551
VSWS,B,20260429,512020,,Saraswati Commercial, 10060.0000, 10060.0000, 10059.9500, 10059.9500,          3,          2,               30179
VSWS,B,20260429,512025,,Asgard Alcobev,    35.8900,    35.9500,    35.0900,    35.7200,      61066,        388,             2175569
VSWS,B,20260429,512038,,TCC Concept,   387.0000,   392.6000,   381.0000,   381.6500,       1589,        163,              611135
VSWS,B,20260429,512047,,Royal India Corporat,     6.6600,     6.9700,     6.3100,     6.6700,     284797,        272,             1867907
VSWS,B,20260429,512048,,DhanSafal Finserve,     2.8900,     2.8900,     2.8000,     2.8100,      18916,         79,               53911
VSWS,B,20260429,512062,,Tandhan Industries,    75.0200,    75.0200,    75.0200,    75.0200,        100,          1,                7502
VSWS,B,20260429,512064,,Vishvprabha Ventures,    43.4000,    43.4000,    40.7100,    40.7100,          7,          4,                 287
VSWS,B,20260429,512065,,Mrugesh Trading,    24.9200,    24.9200,    24.9200,    24.9200,         96,          1,                2392
VSWS,B,20260429,512068,,Deccan Gold Mines,   124.0000,   130.8000,   121.1500,   125.8400,     292234,       4000,            36909248
VSWS,B,20260429,512070,,UPL,   646.9000,   651.0500,   641.8500,   644.1000,      20764,       1099,            13416178
VSWS,B,20260429,512093,,Cranes Software Int,     3.4800,     3.6000,     3.4800,     3.5400,      12260,         33,               43339
VSWS,B,20260429,512097,,Saianand Commercial,     0.2500,     0.2500,     0.2400,     0.2500,      64033,         40,               15857
VSWS,B,20260429,512099,,Eyantra Ventures,   748.5000,   783.7500,   748.4500,   771.0000,         55,          5,               41461
VSWS,B,20260429,512103,,Nidhi Granites,   338.9500,   339.7000,   307.4000,   333.5000,        251,         22,               83531
VSWS,B,20260429,512109,,Aviva Industries,    58.8000,    61.2000,    58.8000,    61.2000,        451,          7,               26986
VSWS,B,20260429,512115,,Rose Merc,    64.8500,    64.8500,    61.1000,    64.1300,       1083,         32,               69447
VSWS,B,20260429,512131,,Signet Industries,    51.3400,    51.5000,    49.8700,    50.3000,        420,         10,               21324
VSWS,B,20260429,512149,,Avance Technologies,     1.0600,     1.0600,     1.0300,     1.0300,    4890163,       2095,             5104647
VSWS,B,20260429,512161,,Securekloud Technolo,    23.3800,    23.3800,    22.5000,    23.0000,       3659,         33,               83731
VSWS,B,20260429,512165,,ABans Enterprises,    39.0000,    40.9400,    38.1500,    40.9400,     125934,        579,             5091389
VSWS,B,20260429,512175,,Vama Industries,     4.1400,     4.4400,     4.1400,     4.2600,      15120,         47,               64533
VSWS,B,20260429,512179,,Sunteck Realty,   351.0500,   360.4000,   351.0000,   355.7500,      25208,        611,             8983488
VSWS,B,20260429,512197,,Silver Oak Commerc,     6.2600,     6.2600,     6.1500,     6.1500,        610,         11,                3784
VSWS,B,20260429,512217,,Prism Medico & Pharm,    32.3300,    34.4900,    31.3500,    31.4900,      40574,        114,             1324122
VSWS,B,20260429,512229,,Veritas (India),   188.3000,   188.3000,   188.3000,   188.3000,       1612,         36,              303539
VSWS,B,20260429,512237,,Jai Corp,   120.5000,   124.8100,   118.1200,   118.6500,      41521,        698,             5035353
VSWS,B,20260429,512247,,Ashirwad Capital,     2.8700,     2.9900,     2.8400,     2.9000,     178605,        287,              517243
VSWS,B,20260429,512257,,Swasti Vinayaka Art,     3.5800,     3.5800,     3.4000,     3.5100,      15468,         89,               54208
VSWS,B,20260429,512267,,Media Matrix,    10.6000,    10.6000,    10.1900,    10.2700,      34944,         77,              360235
VSWS,B,20260429,512277,,Autoriders Intl,   380.0000,   397.6000,   380.0000,   397.6000,       2518,         44,              982722
VSWS,B,20260429,512296,,Bhagyanagar India,   273.0000,   279.0000,   255.5000,   270.2500,      68747,       1863,            18316068
VSWS,B,20260429,512297,,Shantai Industries,    82.0800,    82.0800,    82.0800,    82.0800,       2900,         18,              238032
VSWS,B,20260429,512301,,Chambal Breweries,    29.3600,    29.9900,    29.3400,    29.3400,       1293,         29,               37960
VSWS,B,20260429,512329,,SG Mart,   559.8500,   563.3000,   548.0000,   554.9000,      15815,        570,             8766341
VSWS,B,20260429,512344,,Aravali Secu & Fin,     4.6300,     4.6300,     4.1900,     4.2500,       1040,         15,                4456
VSWS,B,20260429,512345,,Lexora Global,   123.4500,   123.4500,   123.4500,   123.4500,        615,          4,               75921
VSWS,B,20260429,512361,,Cupid Breweries & Di,    35.0000,    35.0000,    33.2900,    33.3200,      70919,        433,             2382359
VSWS,B,20260429,512379,,Cressanda Railway So,     2.9900,     3.0000,     2.9100,     2.9200,     462185,        747,             1363392
VSWS,B,20260429,512381,,Starteck Finance,   249.0000,   251.2500,   248.4000,   248.9500,       3042,         16,              756983
VSWS,B,20260429,512393,,Shardul Securities,    27.7000,    29.5900,    26.6100,    28.3100,        350,         21,                9693
VSWS,B,20260429,512399,,Sera Invest & Financ,    45.9100,    45.9900,    44.4800,    44.9800,     215014,        162,             9701809
VSWS,B,20260429,512415,,Mercury Trade Links,     5.9200,     5.9200,     5.5000,     5.6700,     116005,        192,              654555
VSWS,B,20260429,512437,,Apollo Finvest,   389.7000,   389.7000,   366.1000,   375.9500,       1688,         41,              627979
VSWS,B,20260429,512441,,Enbee Trade,     0.4100,     0.4100,     0.3900,     0.4000,    6030544,        449,             2406109
VSWS,B,20260429,512443,,Ganon Products,    15.7500,    15.7500,    15.2600,    15.7300,        538,         16,                8354
VSWS,B,20260429,512453,,Shri Jagdamba Poly,   580.0500,   605.0000,   580.0500,   598.5500,        422,         27,              251102
VSWS,B,20260429,512455,,Lloyds Metals & Ener,  1767.0500,  1780.9500,  1735.2500,  1772.4500,      34081,       2480,            59913347
VSWS,B,20260429,512463,,Lloyds Enterprises,    71.2000,    71.8700,    68.9400,    69.1200,      79051,        762,             5528449
VSWS,B,20260429,512477,,Betex India,   412.5000,   425.0000,   410.0000,   419.0000,        187,         14,               78321
VSWS,B,20260429,512479,,Virya Resources,   378.8500,   399.7500,   361.7500,   368.1000,         16,          6,                5919
VSWS,B,20260429,512489,,Oasis Securities,    14.6700,    15.2600,    14.6700,    14.7100,       1088,         12,               16038
VSWS,B,20260429,512493,,Garnet International,    52.1600,    57.0100,    52.1100,    55.6700,       4725,         39,              249657
VSWS,B,20260429,512499,,Shalimar Productions,     0.4900,     0.4900,     0.4900,     0.4900,      71199,         94,               34887
VSWS,B,20260429,512519,,Donear Industries,    93.3300,    93.3300,    91.5000,    91.5100,       1451,         33,              132797
VSWS,B,20260429,512527,,Super Sales India,   728.6000,   750.0000,   710.0000,   742.4500,       2333,         44,             1712833
VSWS,B,20260429,512529,,Viyash Scientific,   213.0000,   213.0000,   206.6500,   207.3000,       8500,        235,             1777286
VSWS,B,20260429,512531,,State Trading Corp,   120.9900,   121.4900,   118.0600,   118.6900,        570,         42,               67993
VSWS,B,20260429,512553,,Zenith Exports,   222.7000,   222.7000,   222.7000,   222.7000,          1,          1,                 222
VSWS,B,20260429,512559,,Kohinoor Foods,    26.0000,    28.5000,    26.0000,    26.9500,       8762,        105,              236961
VSWS,B,20260429,512565,,Neelkanth,    43.1900,    43.1900,    43.0000,    43.0000,        105,          4,                4515
VSWS,B,20260429,512573,,Avanti Feeds,  1438.2000,  1468.1500,  1378.6500,  1387.5000,      34979,       1839,            49770987
VSWS,B,20260429,512587,,Zodiac JRD MKJ,    39.7900,    39.7900,    37.1000,    37.2700,       6443,         58,              246489
VSWS,B,20260429,512589,,Sita Enterprises,   175.0000,   180.0000,   170.0000,   170.3000,        260,         18,               45973
VSWS,B,20260429,512591,,Pulsar International,     0.9900,     0.9900,     0.9900,     0.9900,    1177775,        837,             1165997
VSWS,B,20260429,512595,,KD Green Industries,    85.4000,    86.8900,    82.4300,    84.0100,      25330,        297,             2146163
VSWS,B,20260429,512597,,Keynote Financial Se,   290.1000,   291.2000,   280.0000,   280.0000,        936,         70,              265304
VSWS,B,20260429,512599,,Adani Enterprises,  2434.3500,  2443.3000,  2388.2500,  2424.7000,     222027,      11325,           537494664
VSWS,B,20260429,512600,,Astal Laboratories,    61.8000,    64.0000,    61.6500,    63.0000,      20809,        183,             1306610
VSWS,B,20260429,512604,,Haria Exports,     6.7000,     6.7000,     6.0900,     6.0900,         71,          3,                 472
VSWS,B,20260429,512608,,Bhandari Hosiery Exp,     3.3600,     3.3600,     3.1600,     3.2600,     111993,        286,              364551
VSWS,B,20260429,512618,,R L F,    10.2500,    10.3900,     9.2600,     9.5300,       6308,         43,               61560
VSWS,B,20260429,512624,,Regent Enterprises,     6.4100,     6.8900,     6.2700,     6.5200,      32348,         68,              210544
VSWS,B,20260429,512626,,Orbit Exports,   158.0000,   169.5000,   158.0000,   164.3500,        290,         21,               47639
VSWS,B,20260429,512634,,Savera Industries,   160.0000,   160.7000,   158.3000,   160.5000,        293,         24,               46789
VSWS,B,20260429,513005,,Chrome Silicon,    42.8500,    42.8500,    42.0000,    42.6000,         89,         10,                3792
VSWS,B,20260429,513023,,Nava,   673.1000,   678.6500,   660.2000,   665.9500,      23948,        795,            16054078
VSWS,B,20260429,513043,,Remi Edelstahl Tubul,   181.9500,   182.0000,   153.6000,   160.0500,       6626,         75,             1068593
VSWS,B,20260429,513059,,GS Auto Inter,    37.9500,    39.5000,    37.5100,    38.7800,      17662,        169,              682305
VSWS,B,20260429,513063,,Trans-Freight Cont,    24.2500,    24.2500,    21.5500,    21.7800,      10866,         49,              237172
VSWS,B,20260429,513097,,Shivalik Bimetal,   617.5500,   622.4000,   595.3500,   601.7500,      66020,        832,            39694499
VSWS,B,20260429,513108,,Gandhi Special Tubes,   848.0000,   853.2000,   832.5500,   836.5000,        174,        109,              145833
VSWS,B,20260429,513117,,Amforge Ind,     8.6500,     8.6500,     8.2500,     8.3700,       3688,         43,               30753
VSWS,B,20260429,513119,,Onix Solar Energy,  1078.9500,  1084.2000,  1060.0000,  1084.2000,      58066,        649,            62805577
VSWS,B,20260429,513121,,Oricon Enterprises,    66.7000,    66.7000,    63.9000,    65.2500,       1763,         33,              114060
VSWS,B,20260429,513149,,Acrow India,   862.9500,   862.9500,   825.0000,   831.1500,        206,         10,              170513
VSWS,B,20260429,513173,,Steel Strips Infra,    21.6000,    21.6000,    19.9500,    20.4900,       1523,         35,               30707
VSWS,B,20260429,513228,,Pennar Industries,   171.6500,   172.5500,   168.2500,   169.0000,      15529,        367,             2652239
VSWS,B,20260429,513250,,Jyoti Structures,    13.8100,    14.0200,    13.5600,    13.7900,    1068133,       1652,            14752964
VSWS,B,20260429,513252,,Jay Ushin,   895.0000,   925.0000,   895.0000,   906.5000,        535,         42,              485404
VSWS,B,20260429,513262,,Steel Strips Wheels,   209.6000,   222.0000,   208.2500,   214.1500,      29647,       1464,             6423256
VSWS,B,20260429,513269,,Man Industries (I),   535.9000,   544.5500,   515.0500,   522.5000,      13347,        530,             7037968
VSWS,B,20260429,513295,,IMEC Services,   176.0000,   180.9500,   172.7000,   177.1000,        724,         37,              127562
VSWS,B,20260429,513303,,Modern Steels,    13.5100,    14.4400,    13.3900,    13.5000,       5275,         45,               71962
VSWS,B,20260429,513307,,Belding India,  1301.0000,  1361.0000,  1280.0500,  1361.0000,        940,         47,             1252318
VSWS,B,20260429,513337,,Gujarat Toolroom,     0.6400,     0.6400,     0.5900,     0.6100,    4590712,       1286,             2810470
VSWS,B,20260429,513349,,Ajmera Realty & Infr,   127.0600,   127.3700,   123.0500,   123.2800,       5342,        183,              669317
VSWS,B,20260429,513353,,Cochin Minerals,   290.6000,   299.6000,   287.5000,   287.9500,       9970,        168,             2920471
VSWS,B,20260429,513361,,India Homes,    18.2600,    18.9000,    17.9000,    18.0100,     583407,        647,            10664568
VSWS,B,20260429,513369,,Krishanveer Forge,   129.7000,   129.8500,   125.6000,   125.6000,        804,         26,              103077
VSWS,B,20260429,513375,,Carborundum Univer,   981.1000,   984.3500,   967.2500,   976.2500,     107843,        604,           105242973
VSWS,B,20260429,513377,,M M T C,    66.0300,    66.7400,    65.2900,    65.5100,     123360,        871,             8129854
VSWS,B,20260429,513397,,Vallabh Steels,     9.3600,     9.3600,     9.3600,     9.3600,        212,          4,                1984
VSWS,B,20260429,513418,,Smiths & Founders (I,     5.0000,     5.1200,     4.8600,     4.8600,       9890,         29,               49298
VSWS,B,20260429,513422,,Bloom Industries,    36.8000,    36.8000,    35.0600,    36.0000,        506,         14,               18079
VSWS,B,20260429,513430,,Maitri Enterprises,    37.8000,    37.8000,    37.8000,    37.8000,          6,          2,                 226
VSWS,B,20260429,513436,,Shah Alloys,    69.0100,    75.6500,    68.9900,    70.0000,       8959,        286,              620402
VSWS,B,20260429,513452,,Elango Industries,    10.4700,    10.4700,    10.4700,    10.4700,        170,          1,                1779
VSWS,B,20260429,513456,,Kanishk Steel,    56.9900,    56.9900,    54.0500,    55.3800,       5562,         68,              307773
VSWS,B,20260429,513460,,Mahalaxmi Seamless,     8.7200,     8.7200,     8.7200,     8.7200,        100,          2,                 872
VSWS,B,20260429,513472,,Simplex Casting,   452.5000,   457.9000,   438.0000,   450.2500,      23005,        291,            10346889
VSWS,B,20260429,513488,,Shree Steel Wire,    21.5700,    21.5700,    20.0300,    21.5600,       1140,         16,               24542
VSWS,B,20260429,513496,,Sizemasters Technolo,   370.0000,   377.5500,   370.0000,   377.5500,        300,         12,              111755
VSWS,B,20260429,513498,,Southern Magnesium,    89.0000,    91.4500,    88.1000,    91.0000,       1434,         16,              127590
VSWS,B,20260429,513502,,Baroda Extrusions,     9.3000,     9.7200,     9.1100,     9.5900,     204906,        254,             1929075
VSWS,B,20260429,513509,,Kalyani Forge,   610.0000,   625.0000,   609.0000,   610.0000,         66,         23,               40366
VSWS,B,20260429,513511,,Panchmahal Steels,   319.9500,   330.0000,   314.9500,   320.0000,       1825,         73,              594543
VSWS,B,20260429,513513,,Aditya Ispat,    10.8400,    10.8400,    10.8000,    10.8000,       9117,         19,               98734
VSWS,B,20260429,513517,,Steelcast,   314.0000,   318.4500,   294.2500,   296.9000,       4726,        197,             1459862
VSWS,B,20260429,513519,,Pitti Engineering,  1009.0000,  1011.9500,   967.8000,   973.8000,       7568,        625,             7407612
VSWS,B,20260429,513528,,Glittek Granites,    51.6200,    51.6200,    46.7200,    51.4900,     179318,        689,             8855095
VSWS,B,20260429,513532,,Pradeep Metals,   378.6000,   397.0000,   378.6000,   385.6500,       2182,        104,              854352
VSWS,B,20260429,513536,,Gujarat Natural Reso,    96.5500,    96.6000,    92.5000,    95.7100,       9272,        697,              887965
VSWS,B,20260429,513544,,Mardia Samyoung,    67.8100,    67.8100,    67.8100,    67.8100,         88,         15,                5967
VSWS,B,20260429,513548,,Sharda Ispat,   155.9000,   155.9000,   155.9000,   155.9000,         28,          2,                4365
VSWS,B,20260429,513554,,Mahamaya Steel Ind,   854.7000,   880.0000,   850.0500,   865.7000,        244,         31,              210525
VSWS,B,20260429,513566,,Nova Iron & Steel,    12.6000,    12.6000,    11.3700,    12.3200,       4089,         37,               48794
VSWS,B,20260429,513575,,Sterling Powergensys,    36.1000,    36.1000,    36.1000,    36.1000,       2975,         45,              107397
VSWS,B,20260429,513599,,Hindustan Copper,   558.1500,   563.2500,   548.4500,   555.4000,     516103,       9901,           286850540
VSWS,B,20260429,513629,,Tulsyan NEC,    37.9200,    38.3000,    37.9100,    38.3000,        303,          5,               11507
VSWS,B,20260429,513642,,Axel Polymers,    44.0000,    48.0000,    42.0100,    45.5000,       1059,         21,               48172
VSWS,B,20260429,513683,,NLC India,   322.2000,   328.5000,   311.7000,   318.5500,     308105,       6325,            98378850
VSWS,B,20260429,513687,,Spectra Industries,     5.1900,     5.1900,     5.1000,     5.1000,          5,          3,                  25
VSWS,B,20260429,513693,,KIC Metaliks,    33.9200,    34.7200,    32.4000,    33.1800,       7318,         45,              245083
VSWS,B,20260429,513699,,Solid Stone Company,    26.9400,    26.9400,    26.4900,    26.4900,         31,          9,                 828
VSWS,B,20260429,513709,,Shilp Gravures,   172.0500,   184.5000,   170.0000,   172.7500,       5683,        102,              982431
VSWS,B,20260429,513713,,White Organic Agro,     4.0000,     4.3400,     3.7000,     3.9100,      47561,        128,              189752
VSWS,B,20260429,513729,,Aro Granite Indu,    24.5200,    27.4000,    24.5200,    26.9300,        993,         30,               26680
VSWS,B,20260429,514010,,Rudra Ecovation,    22.5800,    22.5800,    22.0000,    22.2000,      18359,         63,              409069
VSWS,B,20260429,514028,,Rajkamal Synthetics,    38.6000,    40.7500,    37.0000,    39.0200,       2877,         19,              109043
VSWS,B,20260429,514030,,Deepak Spinners,   111.0000,   114.5000,   111.0000,   113.9200,       2123,         52,              240825
VSWS,B,20260429,514043,,Himatsingka Seide,    88.9000,    91.9500,    88.9000,    89.5200,      21671,        309,             1957482
VSWS,B,20260429,514045,,B S L,   126.2500,   129.0000,   125.0500,   129.0000,        751,         12,               94113
VSWS,B,20260429,514060,,Newtrac Foods & Bev,     5.2900,     5.7900,     4.9900,     5.6600,      19245,         75,              105824
VSWS,B,20260429,514087,,PBM Polytex,    57.5200,    57.5200,    57.3900,    57.3900,         20,          2,                1149
VSWS,B,20260429,514113,,Adinath Textiles,    24.0000,    24.1000,    22.0100,    24.0000,       1834,         20,               43497
VSWS,B,20260429,514138,,Suryalata Spinning,   350.0000,   358.0000,   350.0000,   352.0000,        144,          8,               50658
VSWS,B,20260429,514142,,T T,     8.0100,     8.2100,     7.8400,     8.0700,      11718,         28,               93795
VSWS,B,20260429,514162,,Welspun Living,   132.1500,   134.0000,   129.9000,   130.3500,     111411,       1292,            14722475
VSWS,B,20260429,514165,,Indian Acrylics,     6.0700,     6.0700,     5.9100,     6.0000,      13058,         55,               78437
VSWS,B,20260429,514167,,Ganesha Ecosphere,  1050.0500,  1077.3000,  1039.6000,  1059.8000,       7810,        773,             8240949
VSWS,B,20260429,514171,,Ceeta Industries,    45.9900,    45.9900,    44.0000,    44.0800,        450,         12,               20248
VSWS,B,20260429,514175,,Vardhman Polytex,     7.0400,     7.1400,     6.9000,     6.9800,       2578,         22,               17922
VSWS,B,20260429,514183,,Black Rose Indus,    86.0000,    86.0000,    84.8800,    85.1300,       2792,         94,              238538
VSWS,B,20260429,514197,,S & T Corporation,     6.1700,     6.1700,     5.8700,     5.8700,      10566,         57,               62993
VSWS,B,20260429,514211,,Sumeet Industries,    30.1000,    30.2500,    29.6200,    30.2200,      11159,        183,              335665
VSWS,B,20260429,514223,,Ramgopal Polytex,    26.2700,    26.2700,    26.2700,    26.2700,       2083,          6,               54720
VSWS,B,20260429,514234,,Sangam India,   527.3000,   548.0000,   515.6000,   521.8000,       6302,        530,             3334516
VSWS,B,20260429,514238,,MKVentures Capital,  1040.0000,  1075.0000,  1035.0000,  1061.6500,        254,         24,              267901
VSWS,B,20260429,514240,,Kush Industries,     7.8700,     7.9500,     7.5100,     7.6300,      26530,         48,              204109
VSWS,B,20260429,514248,,Sreechem Resins,    44.0000,    44.0000,    40.0000,    40.0000,        200,          2,                8400
VSWS,B,20260429,514260,,Surbhi Industries,   119.4300,   119.4300,   119.4300,   119.4300,        115,          2,               13734
VSWS,B,20260429,514264,,Seasons Textiles,    21.4400,    21.4400,    19.0000,    19.0000,       2366,         22,               46083
VSWS,B,20260429,514266,,Zenith Fibres,    55.8900,    55.8900,    51.6500,    52.3100,       2825,         57,              149062
VSWS,B,20260429,514272,,Bhilwara Spinners,   118.7500,   118.7500,   111.2500,   111.2500,        473,         16,               53260
VSWS,B,20260429,514274,,Varvee Global,    62.6200,    63.5000,    60.6800,    60.7200,        635,         84,               39268
VSWS,B,20260429,514280,,Sanrhea Technical,   135.8000,   135.8000,   125.0000,   133.6000,        283,          4,               37635
VSWS,B,20260429,514286,,Ashima,    16.1700,    16.4700,    16.0000,    16.0700,       4181,         43,               67240
VSWS,B,20260429,514300,,Pioneer Embroideries,    27.1000,    29.9000,    26.5000,    28.7800,     113034,       1363,             3236300
VSWS,B,20260429,514302,,Vippy Spinpro,   184.0000,   184.0000,   157.7500,   161.0000,       5684,         43,              912376
VSWS,B,20260429,514312,,Jaihind Industries,    38.5200,    40.4000,    38.5200,    40.0000,       1465,          7,               58042
VSWS,B,20260429,514316,,Raghuvir Synthetics,   102.5000,   102.5000,   101.1000,   101.2400,        320,         15,               32359
VSWS,B,20260429,514318,,Jattashankar Industr,   387.1000,   437.8500,   387.1000,   414.9500,        538,         33,              216330
VSWS,B,20260429,514322,,Kamadgiri Fashion,    97.1000,   105.0000,    85.0000,    98.4600,       1874,         71,              186756
VSWS,B,20260429,514324,,Omnitex Industries,   799.9000,   840.0000,   765.0000,   786.9000,        809,         48,              673566
VSWS,B,20260429,514326,,Patspin India,     7.6400,     7.9500,     7.3000,     7.3200,       1825,         29,               13730
VSWS,B,20260429,514330,,One Global Service,   534.0000,   574.8500,   520.0000,   522.7500,      68744,       1652,            37329211
VSWS,B,20260429,514332,,Neo Infracon,    46.5000,    46.5000,    42.0000,    44.2800,        648,         12,               29136
VSWS,B,20260429,514336,,CCME Global,   118.0800,   118.0800,   106.8400,   107.0000,       3368,         29,              363092
VSWS,B,20260429,514348,,Winsome Yarns,     1.8000,     1.8000,     1.8000,     1.8000,     100000,          7,              180000
VSWS,B,20260429,514354,,Premier Polyfilm,    53.0000,    54.9000,    52.5500,    52.6300,       2410,         31,              129145
VSWS,B,20260429,514358,,Everlon Financials,   117.3100,   121.9900,   115.0000,   119.4500,        125,         12,               14950
VSWS,B,20260429,514360,,K&R Rail Engineering,    31.3500,    31.4000,    30.7000,    30.8200,      18058,        264,              559520
VSWS,B,20260429,514378,,Yarn Syndicate,    14.4300,    15.4400,    14.3300,    15.0000,      10394,         24,              152274
VSWS,B,20260429,514386,,Gujarat Cotex,    11.3000,    11.3500,    11.3000,    11.3100,     419533,        307,             4745941
VSWS,B,20260429,514400,,Garware Synthetics,    25.2000,    25.2000,    22.8100,    24.0000,        927,         11,               21665
VSWS,B,20260429,514402,,Eco Hotels & Resorts,    15.6700,    15.9800,    15.1300,    15.7700,       4946,         22,               76395
VSWS,B,20260429,514412,,Sarup Industries,   133.5500,   133.5500,   133.5500,   133.5500,        210,          2,               28045
VSWS,B,20260429,514414,,Oxford Industries,    18.2900,    18.2900,    18.2900,    18.2900,       2250,          3,               41152
VSWS,B,20260429,514418,,Mangalam Organics,   457.9000,   462.0000,   448.7500,   456.9000,      15539,        271,             7101465
VSWS,B,20260429,514428,,Hindustan Adhesives,   303.0000,   323.7500,   303.0000,   319.2000,       1788,         91,              568854
VSWS,B,20260429,514440,,Blue Pearl Agriventu,    28.6700,    28.6700,    26.5900,    27.8100,      44209,        220,             1212404
VSWS,B,20260429,514442,,Sri KPR Industries,    30.0000,    30.0000,    27.1600,    28.1500,       1780,         33,               49722
VSWS,B,20260429,514448,,Jyoti Resins & Adhes,   850.0000,   857.0000,   846.9000,   850.6500,      13338,        593,            11350500
VSWS,B,20260429,514450,,Mahalaxmi Rubtech,   189.5000,   192.0000,   185.0000,   190.6000,        118,         10,               22386
VSWS,B,20260429,514454,,Southern Latex,    34.2000,    37.4000,    31.7500,    32.4700,       1485,         41,               50313
VSWS,B,20260429,514470,,Winsome Textile Ind,    81.0000,    82.6000,    80.0100,    80.9500,       9140,         93,              745997
VSWS,B,20260429,515008,,Modern Insulators,   352.0000,   359.0000,   338.6500,   341.5500,     274718,       2363,            94191617
VSWS,B,20260429,515018,,Regency Ceramics,    47.9800,    47.9900,    46.9900,    46.9900,        446,          5,               21205
VSWS,B,20260429,515030,,Asahi India Glass,   877.9000,   888.3000,   846.6500,   851.0500,       4932,        495,             4286312
VSWS,B,20260429,515037,,Murudeshwar Ceramics,    31.0000,    33.8700,    31.0000,    33.2000,       6478,         42,              215304
VSWS,B,20260429,515043,,Saint-Gobain Sekurit,    97.0200,    99.7400,    97.0200,    98.2300,      35617,        359,             3506888
VSWS,B,20260429,515055,,Anant Raj,   495.0000,   499.7000,   489.5500,   490.4500,      92190,       3204,            45575689
VSWS,B,20260429,515059,,Madhusudan Ind,    32.5000,    36.9900,    32.0000,    34.5000,       1155,         48,               39938
VSWS,B,20260429,515085,,Restile Ceramics,     9.1300,     9.1900,     8.1100,     8.3700,      26620,        116,              228328
VSWS,B,20260429,515093,,Madhav Granite,    41.0000,    41.0000,    38.6000,    39.8000,       2144,         48,               85109
VSWS,B,20260429,515147,,Haldyn Glass,   109.9000,   111.5000,   105.8400,   110.1900,      49997,        576,             5447759
VSWS,B,20260429,516003,,Duroply Industries,   149.8500,   153.9000,   145.1000,   146.6000,        444,         18,               65309
VSWS,B,20260429,516016,,Shreyans Industries,   169.3500,   181.1500,   169.3500,   178.3500,       1527,         16,              268760
VSWS,B,20260429,516020,,Agio Paper & Industr,     3.8000,     3.8000,     3.7900,     3.7900,       1181,          5,                4487
VSWS,B,20260429,516022,,Star Paper Mills,   143.1000,   143.1000,   139.0000,   140.1000,         85,          9,               12004
VSWS,B,20260429,516030,,PAKKA,    96.7400,    96.7400,    95.4300,    96.0500,       2007,         45,              192751
VSWS,B,20260429,516032,,Tahmar Enterprises,     7.1000,     7.4800,     6.6200,     7.0600,      21087,         75,              148527
VSWS,B,20260429,516038,,KS Smart Technologie,   259.8000,   259.8000,   240.1000,   241.8500,       1222,         34,              298789
VSWS,B,20260429,516062,,National Plywood Ind,     3.4600,     3.4600,     3.4000,     3.4000,        131,          6,                 445
VSWS,B,20260429,516064,,Arrow Greentech,   542.9500,   559.7000,   541.2500,   544.5000,       2324,         97,             1289569
VSWS,B,20260429,516072,,Vishnu Chemicals,   573.0000,   597.8500,   573.0000,   581.0500,       4427,        223,             2589955
VSWS,B,20260429,516078,,Jumbo Bag,    67.9000,    67.9000,    65.2700,    66.6300,       5669,        103,              376064
VSWS,B,20260429,516082,,NR Agarwal Ind,   496.0000,   496.9500,   491.0000,   491.1000,        371,         83,              182899
VSWS,B,20260429,516092,,3P Land Holdings,    35.9600,    36.5500,    34.6500,    34.6600,        204,          3,                7074
VSWS,B,20260429,516096,,Sangal Papers,   166.2000,   167.0000,   166.2000,   166.2000,         80,          5,               13327
VSWS,B,20260429,516098,,Ventura Textiles,     9.0000,     9.8000,     9.0000,     9.1300,      34387,         78,              315334
VSWS,B,20260429,516106,,Shree Karthik Papers,     6.3000,     7.2000,     6.3000,     6.4900,       1655,         25,               10782
VSWS,B,20260429,516108,,South India Paper,    98.0000,    98.0000,    94.5000,    94.5100,       3932,         29,              373882
VSWS,B,20260429,516110,,Family Care Hospital,     3.2800,     3.3000,     3.2100,     3.2300,      83361,        152,              271570
VSWS,B,20260429,517015,,Vindhya Telelinks,  1332.2500,  1332.2500,  1294.5000,  1298.6000,        191,         48,              250814
VSWS,B,20260429,517035,,RIR Power Electronic,   178.0000,   179.0500,   175.0000,   175.5000,      66666,       1050,            11831429
VSWS,B,20260429,517041,,Ador Welding,  1083.9000,  1130.0000,  1083.9000,  1106.7000,      11674,       1022,            12945412
VSWS,B,20260429,517059,,Salzer Electronics,   673.1500,   673.1500,   635.9500,   641.2000,       1102,         96,              714775
VSWS,B,20260429,517063,,Jetking Infotrain,   118.0000,   125.9900,   118.0000,   123.5000,      11876,         97,             1454241
VSWS,B,20260429,517096,,Aplab,    77.0000,    80.7900,    75.6000,    75.6900,       7977,        108,              613281
VSWS,B,20260429,517119,,PCS Technology,    22.0500,    23.4000,    22.0500,    22.9500,       1197,         24,               27397
VSWS,B,20260429,517146,,Usha Martin,   461.9500,   466.7500,   455.2500,   461.7000,      58435,       2894,            27030655
VSWS,B,20260429,517166,,SPEL Semiconductor,   161.9500,   161.9500,   157.6000,   158.1000,      46168,        766,             7351632
VSWS,B,20260429,517168,,Subros,   790.4500,   799.0000,   776.8500,   779.1000,       3843,        332,             3036014
VSWS,B,20260429,517170,,Edvenswa Enterprises,    37.9900,    37.9900,    34.6000,    34.7200,      21168,        180,              746072
VSWS,B,20260429,517174,,Honeywell Automation, 31435.0000, 31681.2000, 31111.0000, 31559.8500,        196,        123,             6173792
VSWS,B,20260429,517201,,Switching Technolo,    89.0000,    94.0000,    88.5900,    93.9900,        664,          9,               61437
VSWS,B,20260429,517206,,Lumax Industries,  5097.0000,  5123.9500,  5055.0000,  5071.7000,      19260,        102,            97649282
VSWS,B,20260429,517214,,DiGiSPICE Technologi,    21.5900,    21.6500,    20.8000,    21.2100,       3839,         27,               80606
VSWS,B,20260429,517236,,Calcom Vision,    86.8600,    86.8600,    80.0000,    81.5400,       4342,         66,              355581
VSWS,B,20260429,517238,,Dynavision,   178.0000,   184.9000,   178.0000,   179.7000,          5,          5,                 902
VSWS,B,20260429,517246,,BCC Fuba India,   141.2500,   162.0000,   138.2000,   151.4500,      54859,        496,             8374034
VSWS,B,20260429,517258,,Precision Electronic,   156.8500,   156.8500,   142.0000,   146.5500,       2798,         61,              428349
VSWS,B,20260429,517264,,Fine Line Circuits,    72.6900,    74.7500,    69.4000,    69.4000,       4093,         48,              289709
VSWS,B,20260429,517271,,HBL Engineering,   802.4000,   829.9500,   800.3000,   811.1500,     200620,       8326,           164127203
VSWS,B,20260429,517273,,S&S Power Switchgear,   430.2500,   430.2500,   430.2500,   430.2500,         52,          2,               22373
VSWS,B,20260429,517286,,RNIT AI Solutions,    69.0500,    71.0000,    67.2100,    69.0900,     246755,        567,            17073884
VSWS,B,20260429,517288,,Gujarat Poly Electro,    65.9900,    65.9900,    62.8600,    63.1100,        608,         19,               38922
VSWS,B,20260429,517300,,Gujarat Ind Power,   159.0500,   162.9500,   157.6000,   158.5500,      31350,        776,             5031387
VSWS,B,20260429,517320,,Magnus Steel & Infra,   151.8200,   151.8200,   151.8200,   151.8200,       5786,         66,              878430
VSWS,B,20260429,517334,,Samvardhana Motherso,   125.9000,   127.0000,   122.9000,   123.2000,    1036649,       9949,           129362471
VSWS,B,20260429,517336,,Modern Malleables,    49.8400,    49.8400,    49.8400,    49.8400,       1900,         10,               94696
VSWS,B,20260429,517344,,Mindteck (India),   208.0000,   208.5000,   204.4500,   205.0500,       1716,         91,              353968
VSWS,B,20260429,517354,,Havells India,  1290.5000,  1290.5000,  1249.5000,  1251.7000,      35120,       3358,            44631289
VSWS,B,20260429,517356,,ACI Infocom,     1.2800,     1.3100,     1.2200,     1.2900,     220204,        129,              284596
VSWS,B,20260429,517360,,SBEC Systems,    17.0300,    17.8300,    17.0000,    17.8300,        353,         10,                6201
VSWS,B,20260429,517370,,Incap,   101.7500,   101.7500,    90.5500,    98.9000,       1910,         87,              185540
VSWS,B,20260429,517372,,Gujarat Intrux,   444.8000,   449.9500,   440.0000,   443.6000,       2253,        100,             1001234
VSWS,B,20260429,517380,,Igarashi Motors Indi,   381.6000,   389.1500,   380.0000,   383.5500,       4306,        306,             1655514
VSWS,B,20260429,517385,,Symphony,   891.1000,   891.1000,   857.4000,   861.0000,       9297,        839,             8156705
VSWS,B,20260429,517393,,Reganto Enterprises,     8.7800,     8.7800,     8.7800,     8.7800,      58597,        173,              514481
VSWS,B,20260429,517397,,Pan Electronics,    27.9100,    27.9200,    25.6100,    26.0000,       1903,         50,               50502
VSWS,B,20260429,517399,,VXL Instruments,     3.9500,     3.9500,     3.6100,     3.9500,       9927,         16,               37463
VSWS,B,20260429,517411,,Shyam Telecom,    22.0200,    22.0200,    22.0200,    22.0200,       7759,         42,              170853
VSWS,B,20260429,517415,,Lee & Nee Softwares,     7.9000,     8.4200,     7.9000,     8.1600,       9379,         39,               75498
VSWS,B,20260429,517417,,Patels Airtemp,   337.8500,   338.6000,   315.2000,   328.6500,       8435,        144,             2809108
VSWS,B,20260429,517421,,Butterfly Gandhimath,   600.8500,   606.6500,   598.1000,   601.7000,        780,         84,              469333
VSWS,B,20260429,517429,,Athena Global Techno,    72.5000,    73.0000,    71.4100,    72.0300,        443,         13,               31942
VSWS,B,20260429,517431,,Narmada Macplast,    23.1200,    23.1200,    22.1100,    22.8700,     104156,        430,             2374294
VSWS,B,20260429,517447,,RS Software (India),    42.7900,    42.7900,    40.6000,    40.6000,      12144,         85,              500350
VSWS,B,20260429,517449,,Magna Electro Cast,  1175.7000,  1239.0000,  1161.0000,  1229.3500,       5836,        616,             7037964
VSWS,B,20260429,517467,,Marsons,   156.8500,   164.6000,   156.8500,   163.8000,      66837,       1195,            10824623
VSWS,B,20260429,517477,,Elnet Technologies,   325.3000,   340.0000,   325.2500,   333.4500,        700,         30,              235775
VSWS,B,20260429,517494,,Accel,    14.0000,    14.0000,    12.9100,    13.2700,      74448,        137,              989240
VSWS,B,20260429,517498,,Websol Energy Sys,   128.4200,   128.4200,   116.2000,   116.2000,    1812702,      10055,           221867552
VSWS,B,20260429,517500,,Roto Pumps,    59.9500,    60.5400,    58.5600,    58.7200,      11771,        253,              698927
VSWS,B,20260429,517506,,TTK Prestige,   512.2000,   519.1500,   512.2000,   516.0500,       2669,        234,             1376575
VSWS,B,20260429,517514,,D&H India,   290.0000,   295.0000,   281.4000,   288.9500,       4463,         69,             1283049
VSWS,B,20260429,517522,,Rajratan Global Wire,   444.0000,   455.0000,   435.0000,   439.5000,       4531,        317,             2027653
VSWS,B,20260429,517530,,Surana Tele & Power,    18.7000,    19.4200,    18.7000,    18.9400,       5634,         85,              107763
VSWS,B,20260429,517536,,Onward Technologies,   240.0000,   242.2000,   237.4000,   241.0000,        356,         49,               85303
VSWS,B,20260429,517544,,Centum Electronics,  2949.7000,  2949.7000,  2872.0000,  2887.1000,       1011,        138,             2944906
VSWS,B,20260429,517546,,Alfa Transformers,    46.5000,    48.9000,    46.0000,    48.9000,      37282,        162,             1810510
VSWS,B,20260429,517554,,NHC Foods,     1.0400,     1.0600,     0.9700,     0.9900,    2280540,        633,             2259890
VSWS,B,20260429,517556,,PVP Ventures,    32.7900,    33.8000,    32.7100,    33.3400,     162531,        364,             5397039
VSWS,B,20260429,517562,,Trigyn Technologies,    56.9000,    62.4000,    56.9000,    61.1200,       9685,        157,              588961
VSWS,B,20260429,517569,,KEI Industries,  5015.3000,  5047.7000,  4920.0000,  4934.5500,      25561,       3781,           127521087
VSWS,B,20260429,518011,,Keerthi Industries,    51.9900,    51.9900,    47.0000,    47.6800,       2886,         39,              141038
VSWS,B,20260429,518053,,Sri Chakra Cement,    59.9900,    62.0000,    57.2100,    61.9900,        621,         12,               37084
VSWS,B,20260429,518075,,Suraj Products,   253.5000,   253.5000,   230.0000,   231.8500,       3567,         72,              842338
VSWS,B,20260429,518091,,Anjani Portland,   124.6000,   124.6000,   112.1000,   112.1000,       1234,        124,              139580
VSWS,B,20260429,519003,,Modi Naturals,   378.0500,   383.9500,   371.2500,   382.6500,        629,         54,              238262
VSWS,B,20260429,519014,,Prashant India,    15.8700,    15.8700,    15.8700,    15.8700,        110,          2,                1745
VSWS,B,20260429,519091,,Tasty Bite Eatables,  6906.0000,  6980.0000,  6895.8500,  6952.9500,         67,         46,              464101
VSWS,B,20260429,519097,,Ritesh International,    60.0000,    60.0000,    57.0200,    59.3500,        495,         16,               28919
VSWS,B,20260429,519105,,AVT Natural Products,    71.2000,    71.2000,    68.6200,    69.0900,        854,         39,               59932
VSWS,B,20260429,519126,,Hindustan Foods,   486.6500,   492.0000,   485.3000,   490.2500,        837,         50,              409289
VSWS,B,20260429,519136,,Nahar Industrial,   103.6000,   120.0000,   103.6000,   117.6600,       4399,        177,              514660
VSWS,B,20260429,519152,,Vadilal Enterprises,  9934.6500, 10212.0000,  9848.0000,  9930.0000,         19,         17,              189867
VSWS,B,20260429,519156,,Vadilal Industries,  4800.0000,  4800.0000,  4698.6000,  4743.4000,        411,         91,             1955638
VSWS,B,20260429,519174,,Ashiana Agro Ind,    12.5400,    12.5400,    11.9500,    12.4000,        450,         14,                5512
VSWS,B,20260429,519183,,ADF Foods,   265.4000,   266.0000,   257.0000,   260.4000,      13962,        453,             3632000
VSWS,B,20260429,519191,,Retro Green Revoluti,     1.6200,     1.6800,     1.6100,     1.6300,      14726,         38,               24208
VSWS,B,20260429,519214,,Williamson Financial,     5.1800,     5.1800,     5.1800,     5.1800,          1,          1,                   5
VSWS,B,20260429,519216,,Ajanta Soya,    26.5500,    26.5500,    24.6800,    25.0200,      85870,        252,             2201365
VSWS,B,20260429,519224,,Williamson Magor,    27.1900,    27.1900,    25.9900,    26.8300,        454,         87,               12067
VSWS,B,20260429,519230,,Kisaan Parivar Indus,    18.3400,    18.5000,    18.2500,    18.2600,       4152,         28,               76094
VSWS,B,20260429,519234,,Superior Industrial,    32.0500,    34.8000,    31.1600,    32.6600,        818,         16,               26413
VSWS,B,20260429,519238,,Saptarishi Agro Ind,    37.5400,    39.7500,    37.5400,    37.5800,        642,         13,               24158
VSWS,B,20260429,519262,,Prima Agro,    19.1800,    20.0500,    18.2300,    19.2400,        332,         16,                6362
VSWS,B,20260429,519287,,Modern Dairies,    39.7000,    39.7000,    37.2000,    39.1400,      13188,        106,              505330
VSWS,B,20260429,519295,,Bambino Agro Ind,   204.5000,   215.0000,   204.5000,   210.3500,       2475,         71,              519378
VSWS,B,20260429,519299,,Prime Industries,    48.0000,    50.0000,    46.2100,    47.7300,       4591,         23,              221657
VSWS,B,20260429,519307,,Vikas WSP,     1.0300,     1.0300,     0.9700,     1.0000,      67530,         83,               67003
VSWS,B,20260429,519331,,VSF Projects,    35.8800,    38.9400,    35.0100,    35.5600,      11597,         41,              413462
VSWS,B,20260429,519359,,Poona Dal & Oil Ind,    65.2600,    67.7900,    65.0100,    67.3800,        170,         21,               11270
VSWS,B,20260429,519367,,Transglobe Foods,   570.0000,   570.0000,   467.1000,   475.6500,        141,         22,               72023
VSWS,B,20260429,519383,,Anik Industries,    43.2000,    44.8000,    43.0200,    43.9000,       2062,         18,               89266
VSWS,B,20260429,519397,,Sharat Industries,   149.6500,   149.6500,   147.0000,   147.2000,      70545,        237,            10504143
VSWS,B,20260429,519421,,K S E,   208.0000,   209.0000,   203.3000,   204.2500,      10386,        125,             2144177
VSWS,B,20260429,519457,,Virat Crane Ind,    39.5800,    41.2900,    39.5800,    40.1200,        677,         22,               26993
VSWS,B,20260429,519463,,IB Infotech Enter,   475.1500,   475.1500,   475.1500,   475.1500,        231,         18,              109759
VSWS,B,20260429,519471,,Ambar Protein Indust,   173.0500,   174.0000,   170.0000,   170.8000,        132,         14,               22696
VSWS,B,20260429,519475,,Chordia Food Product,    69.5000,    73.5000,    69.3500,    73.5000,       2554,         41,              177481
VSWS,B,20260429,519477,,CIAN Agro Ind & Infr,  1552.1500,  1552.1500,  1478.2500,  1552.1500,     200966,       7669,           310958263
VSWS,B,20260429,519479,,Omega Ag Seeds,    10.9800,    10.9800,    10.9800,    10.9800,       4565,         11,               50123
VSWS,B,20260429,519494,,NK Industries,    64.0000,    73.0000,    64.0000,    68.5000,         10,          2,                 685
VSWS,B,20260429,519500,,BKV Industries,    10.3400,    10.7900,     9.7300,    10.4900,       2713,         30,               27732
VSWS,B,20260429,519528,,Norben Tea & Exports,    58.3300,    61.9100,    58.3300,    59.5000,       4977,        105,              299448
VSWS,B,20260429,519532,,Asian Tea & Exports,    10.0900,    10.3600,     9.7600,     9.9000,       1871,         31,               18780
VSWS,B,20260429,519552,,Heritage Foods,   369.8500,   370.0000,   362.4500,   364.3000,      15846,        403,             5785703
VSWS,B,20260429,519566,,Simran Farms,   158.1000,   160.0000,   156.3000,   159.6000,        963,         19,              152250
VSWS,B,20260429,519574,,Hindustan Agrigen,    51.5000,    51.5000,    50.0000,    50.4000,       1532,         20,               77043
VSWS,B,20260429,519600,,CCL Products India,  1105.0000,  1145.8000,  1105.0000,  1126.1500,       9807,       1026,            11085373
VSWS,B,20260429,519602,,Kellton Tech Solu,    15.8600,    16.1300,    15.6900,    15.7700,      96030,        594,             1521614
VSWS,B,20260429,519604,,Suryo Foods & Ind,    19.8000,    19.8000,    17.0000,    18.5800,       5000,         40,               95535
VSWS,B,20260429,519606,,Integrated Proteins,   105.1600,   105.1900,   103.1300,   105.1900,       3001,         19,              313944
VSWS,B,20260429,519612,,Lake Shore Realty,    62.8900,    62.8900,    58.0400,    58.7300,     159639,        161,             9288258
VSWS,B,20260429,520008,,RICO Auto Industries,   115.1000,   118.6500,   114.7500,   115.1000,      40934,        392,             4760436
VSWS,B,20260429,520021,,Omax Autos,   126.5900,   138.0500,   126.0000,   131.9000,      25683,        820,             3388785
VSWS,B,20260429,520043,,Munjal Showa,   129.1500,   131.6500,   128.5000,   128.5000,        309,         26,               40243
VSWS,B,20260429,520051,,Jamna Auto Ind,   123.5000,   127.5500,   123.5000,   123.7500,      41273,        612,             5176726
VSWS,B,20260429,520056,,TVS Holdings, 14331.3500, 14755.0000, 14331.3500, 14625.3000,        409,        113,             5986753
VSWS,B,20260429,520057,,JTEKT India,   130.1000,   141.7000,   130.0000,   137.9000,      19402,        371,             2679066
VSWS,B,20260429,520059,,Munjal Auto Ind,    81.0500,    83.4500,    80.8600,    81.3500,       9569,        473,              787679
VSWS,B,20260429,520066,,Jay Bharat Maruti,    93.3100,    95.1500,    92.0000,    92.1700,       6834,         83,              643217
VSWS,B,20260429,520073,,RACL Geartech,  1279.8500,  1300.0000,  1250.5000,  1260.0000,        556,         96,              710919
VSWS,B,20260429,520075,,Samkrg Pistons,   119.8500,   120.0000,   118.4500,   119.9500,       2471,         48,              295054
VSWS,B,20260429,520086,,Sical Logistics,    67.1400,    68.8900,    67.1300,    67.1400,        272,          6,               18263
VSWS,B,20260429,520111,,Ratnamani Metals,  2681.8500,  2711.5500,  2607.5000,  2659.9000,       6294,       1450,            16715778
VSWS,B,20260429,520113,,Vesuvius India,   522.0000,   522.3000,   513.9000,   515.2000,       3752,        438,             1942142
VSWS,B,20260429,520119,,Automotive Stampings,   534.9500,   535.7000,   517.5000,   520.7500,       2138,        160,             1131715
VSWS,B,20260429,520123,,ABC India,    64.2700,    66.1500,    63.9600,    64.0700,        747,         22,               47863
VSWS,B,20260429,520127,,Balurghat Techno,    14.8000,    15.4900,    14.8000,    14.9000,       1915,         16,               28500
VSWS,B,20260429,520141,,Sibar Auto Parts,     7.4100,     7.4100,     7.2000,     7.3600,       2080,         19,               15319
VSWS,B,20260429,520151,,Transworld Shipping,   170.0000,   171.1000,   163.4500,   165.0000,       2410,        204,              400874
VSWS,B,20260429,520155,,Starlog Enterprises,    45.0000,    45.0000,    41.3400,    42.8800,       4506,         34,              193394
VSWS,B,20260429,521005,,Titan Intech,     0.8400,     0.8400,     0.7900,     0.8200,    2887262,       1162,             2346618
VSWS,B,20260429,521014,,Eurotex Industries,    17.0000,    17.0000,    16.0300,    16.0300,       1223,          6,               20579
VSWS,B,20260429,521016,,Indo Count Ind,   279.3000,   280.0000,   270.0000,   270.5500,      27806,        875,             7643810
VSWS,B,20260429,521018,,Maral Overseas,    46.9000,    49.4500,    45.5600,    46.9900,        707,         19,               33139
VSWS,B,20260429,521034,,Soma Textiles,   113.7900,   113.8000,   108.4500,   108.5800,      10021,        199,             1104286
VSWS,B,20260429,521048,,Advance Lifestyles,    33.2500,    33.2800,    32.4900,    32.8500,        986,         16,               32759
VSWS,B,20260429,521054,,Kakatiya Textiles,     9.5000,     9.5000,     9.5000,     9.5000,        110,          3,                1045
VSWS,B,20260429,521062,,Perfect-Octave Media,     3.9900,     4.4900,     3.9900,     4.1000,      29110,         44,              118322
VSWS,B,20260429,521064,,Trident,    26.2500,    26.8500,    25.8600,    25.9400,     642020,       3103,            16842890
VSWS,B,20260429,521070,,Alok Industries,    13.9000,    14.0900,    13.8100,    13.8900,     386497,       1221,             5400994
VSWS,B,20260429,521080,,Pasari Spinning Mill,     6.7200,     7.7400,     6.7200,     6.9900,       9017,         45,               64081
VSWS,B,20260429,521097,,Amarjothi Spinning,   140.7000,   143.5000,   137.3500,   140.2500,       2896,         39,              409456
VSWS,B,20260429,521105,,Olympia Industries,    32.9000,    33.0100,    32.0000,    33.0100,       2163,         32,               70215
VSWS,B,20260429,521109,,Nagreeka Exports,    29.9900,    29.9900,    27.1400,    27.1700,        127,          8,                3527
VSWS,B,20260429,521113,,Suditi Industries,    98.2900,   101.9900,    98.0000,   100.1600,      11782,         87,             1171924
VSWS,B,20260429,521131,,Shree Bhavya Fabrics,    25.4000,    25.4000,    23.5200,    24.8200,       1180,         14,               28574
VSWS,B,20260429,521137,,Eureka Industries,     4.6500,     4.6600,     4.2200,     4.3300,     374173,        177,             1651330
VSWS,B,20260429,521141,,Aditya Spinners,    16.7400,    16.7400,    16.2000,    16.7300,       1976,         26,               32550
VSWS,B,20260429,521149,,Prime Urban Develop,     9.1100,     9.1100,     8.3200,     8.3300,       2826,         24,               24388
VSWS,B,20260429,521151,,Dhanlaxmi Fabrics,    50.9000,    50.9000,    50.9000,    50.9000,        156,          6,                7940
VSWS,B,20260429,521163,,Zodiac Clothing Co,    81.0000,    82.5000,    78.4800,    80.2000,        126,         22,               10129
VSWS,B,20260429,521167,,Maxgrow India,    53.0800,    53.0800,    53.0800,    53.0800,        626,         10,               33228
VSWS,B,20260429,521178,,Sri Ramkrishna Mills,    48.5800,    48.5800,    45.2800,    46.1200,        780,         15,               35732
VSWS,B,20260429,521180,,Super Spinning Mills,     5.3400,     5.7100,     5.3400,     5.5200,       1753,         25,                9903
VSWS,B,20260429,521194,,SIL Investments,   468.0000,   471.0000,   468.0000,   471.0000,         13,          4,                6114
VSWS,B,20260429,521200,,Suryalakshmi Cotton,    55.0500,    58.3300,    55.0500,    55.7100,         75,          5,                4261
VSWS,B,20260429,521206,,Samtex Fashions,     1.6200,     1.6200,     1.5400,     1.6000,       3551,         13,                5682
VSWS,B,20260429,521210,,Cityman,    14.9500,    14.9500,    14.1400,    14.1400,        101,          2,                1428
VSWS,B,20260429,521216,,Dhanlaxmi Roto Spin,    91.8100,    91.8100,    87.0100,    87.9000,       1426,         20,              125474
VSWS,B,20260429,521220,,Damodar Industries,    32.4000,    33.3800,    31.6100,    32.9200,       6982,        190,              229356
VSWS,B,20260429,521222,,Sanblue Corporation,    44.3100,    44.3100,    44.3100,    44.3100,         22,          2,                 974
VSWS,B,20260429,521226,,Uniroyal Industries,    22.5000,    23.0000,    20.5100,    21.5000,        965,         15,               20719
VSWS,B,20260429,521228,,Tatia Global Venture,     2.5400,     2.6300,     2.5000,     2.5600,      37467,        174,               95428
VSWS,B,20260429,521234,,Sri Nachammai Cotton,    35.8500,    35.8500,    31.8000,    32.9700,        799,         14,               25559
VSWS,B,20260429,521238,,Bharat Global Develo,   120.0000,   122.0000,   119.0000,   119.7500,      11185,        360,             1344385
VSWS,B,20260429,521240,,Sambandam Spinning,   104.9000,   106.7500,   100.0000,   100.2100,       2275,         31,              233591
VSWS,B,20260429,521244,,MKP Mobility,   121.4500,   122.0000,   121.4500,   122.0000,         70,          5,                8512
VSWS,B,20260429,521246,,Paras Petrofils,     2.1600,     2.2000,     2.1600,     2.2000,      15953,         21,               35052
VSWS,B,20260429,521248,,Kitex Garments,   164.4000,   165.7500,   164.0000,   164.7500,      50422,        412,             8308410
VSWS,B,20260429,522001,,Cranex,    93.9900,    93.9900,    84.6500,    87.6000,      19245,        189,             1702002
VSWS,B,20260429,522004,,Batliboi,    82.5500,    86.6500,    82.0000,    83.0200,      16607,        310,             1403470
VSWS,B,20260429,522005,,Austin Engg,   129.5100,   130.8000,   125.2500,   127.5000,        945,         32,              121528
VSWS,B,20260429,522014,,United Drilling Tool,   211.9500,   211.9500,   204.7000,   205.0000,        571,         54,              117986
VSWS,B,20260429,522017,,Fluidomat,   725.0500,   774.0000,   711.0500,   744.5000,       4467,        249,             3288600
VSWS,B,20260429,522027,,EMA India,   533.7500,   533.7500,   526.0000,   533.7500,      25893,         41,            13818126
VSWS,B,20260429,522029,,Windsor Machines,   285.5000,   292.2500,   285.5000,   289.2500,        790,         53,              228315
VSWS,B,20260429,522034,,Shanthi Gears,   476.0000,   479.9000,   472.5500,   475.5500,        433,         51,              206253
VSWS,B,20260429,522036,,Miven Machine Tools,    75.8400,    75.8400,    75.8400,    75.8400,        325,         11,               24648
VSWS,B,20260429,522064,,Honda India Power,  2349.9500,  2382.9500,  2348.0000,  2357.1000,        457,        125,             1078756
VSWS,B,20260429,522073,,Hi Tech Gears,   630.0000,   630.0000,   625.0000,   628.0000,        115,          8,               72399
VSWS,B,20260429,522074,,Elgi Equipments,   559.4500,   574.3500,   558.0000,   565.9000,      30827,       1639,            17540890
VSWS,B,20260429,522091,,United Van Der Horst,    39.7100,    39.7100,    39.7100,    39.7100,       2466,         30,               97924
VSWS,B,20260429,522101,,Kilburn Engineering,   510.4000,   511.6500,   503.5500,   504.4000,      17201,        364,             8698803
VSWS,B,20260429,522105,,Birla Precision Tech,    35.5600,    35.8800,    34.4300,    35.1400,       3679,         59,              128068
VSWS,B,20260429,522108,,Yuken India,   760.0000,   760.0000,   710.0000,   730.7000,        275,         53,              199234
VSWS,B,20260429,522113,,Timken India,  3551.2000,  3568.7000,  3421.1000,  3436.1000,       1659,        309,             5770349
VSWS,B,20260429,522122,,Voith Paper Fabrics,  1551.0500,  1640.0000,  1551.0500,  1603.5500,        588,         61,              949339
VSWS,B,20260429,522134,,Artson,   155.0000,   156.5000,   152.3500,   154.7000,      10517,        167,             1627645
VSWS,B,20260429,522152,,Solitaire Machine,    99.0000,   100.5000,    97.0000,    97.0500,        436,          7,               43065
VSWS,B,20260429,522163,,Diamond Power Infra,   166.0500,   166.9000,   158.5500,   161.8000,     189140,       1926,            30563048
VSWS,B,20260429,522165,,Indsil Hydro Power &,    43.7900,    43.7900,    42.3600,    42.5800,       7237,         81,              312518
VSWS,B,20260429,522183,,ITL Industries,   302.8000,   302.8000,   285.1000,   288.1500,       3099,        128,              905919
VSWS,B,20260429,522195,,Frontier Springs,  1465.7500,  1475.4500,  1425.0000,  1452.2000,       4014,        496,             5834744
VSWS,B,20260429,522205,,Praj Industries,   398.6500,   408.5500,   398.1000,   401.1500,     153471,       3923,            61810474
VSWS,B,20260429,522207,,Rasandik Engg,    66.8500,    72.0100,    66.8500,    67.0000,       8990,         47,              618290
VSWS,B,20260429,522209,,Yogi Infra Projects,     7.4500,     7.6000,     7.1100,     7.6000,        366,          7,                2633
VSWS,B,20260429,522215,,HLE Glascoat,   325.3000,   334.4500,   321.3500,   325.3500,       4414,        245,             1461448
VSWS,B,20260429,522217,,Gujarat Apollo Ind,   447.0000,   449.6000,   435.1000,   442.9000,       1318,         97,              583274
VSWS,B,20260429,522229,,Taneja Aerospace,   276.6500,   306.5000,   272.4000,   295.7500,      78804,       1426,            23265982
VSWS,B,20260429,522231,,Conart Engineers,    88.9900,    90.0000,    85.0000,    86.5900,       8722,         57,              758054
VSWS,B,20260429,522235,,Minal Industries,     2.3700,     2.4500,     2.3700,     2.3900,      13436,         50,               32404
VSWS,B,20260429,522237,,Shivagrico Implement,    22.7000,    23.0000,    22.7000,    23.0000,        348,          6,                7933
VSWS,B,20260429,522241,,M M Forgings,   494.0000,   504.9000,   489.0500,   490.2500,       3639,        178,             1802413
VSWS,B,20260429,522249,,Mayur Uniquoters,   565.9000,   566.1000,   556.8000,   559.2500,        685,         89,              385115
VSWS,B,20260429,522251,,Cenlub Industries,   231.9500,   234.8000,   215.5500,   220.7000,       1677,         85,              378370
VSWS,B,20260429,522257,,Rajoo Engineers,    61.0000,    62.6300,    58.4100,    59.6500,     781486,       4700,            47207148
VSWS,B,20260429,522261,,Dolphin Offshore Ent,   415.5500,   421.5500,   410.3500,   411.5000,        764,        104,              318394
VSWS,B,20260429,522267,,Veejay Lakshmi Engg,    39.9500,    40.0000,    38.5000,    39.3300,        429,         14,               16815
VSWS,B,20260429,522273,,Ahmedabad Steelcraft,   187.0000,   187.5000,   178.5000,   185.6500,       3190,         38,              586328
VSWS,B,20260429,522275,,GE Vernova T&D India,  4546.2000,  4680.0000,  4460.0500,  4481.9500,      29599,       4930,           134296330
VSWS,B,20260429,522281,,Ram Ratna Wires,   439.7500,   448.6500,   424.9500,   430.8000,      13165,        480,             5755002
VSWS,B,20260429,522285,,Jayaswals Neco Ind,   111.1100,   112.6000,   107.9500,   110.8800,     742574,       4982,            81974769
VSWS,B,20260429,522287,,Kalpataru Projects I,  1259.9500,  1272.5500,  1254.5500,  1265.6000,       1824,        245,             2304407
VSWS,B,20260429,522289,,NMS Global,    73.2000,    73.2000,    66.2700,    69.5500,       1109,         40,               77024
VSWS,B,20260429,522292,,Candour Techtex,   144.5000,   144.5000,   137.5000,   138.0500,      41768,        125,             5862019
VSWS,B,20260429,522294,,T & I Global,   180.0000,   184.0000,   180.0000,   184.0000,        909,          9,              165614
VSWS,B,20260429,522295,,Control Print,   657.8500,   662.2500,   649.3000,   651.0500,       1198,         81,              783825
VSWS,B,20260429,522650,,Bemco Hydraulics,    87.5500,    93.7000,    87.2500,    90.1100,      10325,        169,              926418
VSWS,B,20260429,523007,,Ansal Buildwell,    95.9900,    95.9900,    92.3800,    93.0000,       3216,         24,              302294
VSWS,B,20260429,523011,,Weizmann,    82.0000,    82.0000,    82.0000,    82.0000,         50,          1,                4100
VSWS,B,20260429,523019,,BN Rathi Securities,    16.3500,    16.5700,    15.9200,    16.0400,      36669,        215,              593681
VSWS,B,20260429,523021,,Rishi Techtex,    41.9700,    43.0000,    38.3600,    41.7000,        316,         21,               13084
VSWS,B,20260429,523023,,Sinclairs Hotels,    79.2500,    80.3900,    79.2500,    79.4300,        301,         43,               23918
VSWS,B,20260429,523025,,Safari Industries,  1470.0000,  1475.5500,  1425.5000,  1433.5500,       5436,       1053,             7859722
VSWS,B,20260429,523054,,Binayak Tex Proc,  2400.0000,  2400.0000,  2400.0000,  2400.0000,          1,          1,                2400
VSWS,B,20260429,523062,,JJ Finance Corpn,    46.1200,    46.1200,    46.1200,    46.1200,       8750,         11,              403550
VSWS,B,20260429,523100,,Cosmo Ferrites,   139.6000,   146.0000,   138.0000,   138.0000,       1388,         25,              195832
VSWS,B,20260429,523105,,Cropster Agro,     6.3300,     6.3300,     5.8200,     5.9100,    1468275,       1060,             8680796
VSWS,B,20260429,523116,,Sanco Trans,   744.9500,   744.9500,   744.9500,   744.9500,          1,          1,                 744
VSWS,B,20260429,523120,,Thrive Future Habita,   120.0000,   120.0000,   116.1000,   120.0000,        278,          7,               32580
VSWS,B,20260429,523127,,EIH Associated Hotel,   315.0500,   326.9500,   315.0500,   323.2000,       1068,        112,              344220
VSWS,B,20260429,523144,,Medi Caps,    30.5000,    30.9200,    27.6400,    27.9200,       3785,         40,              109864
VSWS,B,20260429,523160,,Foseco Crucible (I),  1382.0000,  1382.0000,  1355.0500,  1367.0000,        306,         39,              418927
VSWS,B,20260429,523186,,B&A Packaging India,   182.0000,   185.1000,   182.0000,   185.0500,        263,         25,               48307
VSWS,B,20260429,523207,,Kokuyo Camlin,    94.5200,    95.5800,    92.6600,    94.3000,       1568,         90,              147901
VSWS,B,20260429,523229,,Bharat Seats,   174.5500,   184.6000,   174.5500,   180.8000,      25978,        630,             4705210
VSWS,B,20260429,523232,,Continental Petro,   102.0000,   103.0000,    96.1500,    99.1000,       1831,         47,              183089
VSWS,B,20260429,523242,,NB Footwear,     7.5300,     8.3000,     7.5300,     7.8800,       4300,          9,               34070
VSWS,B,20260429,523248,,Machino Plastics,   255.7500,   263.6500,   247.3000,   256.4000,        693,         34,              179468
VSWS,B,20260429,523260,,Pearl Polymers,    20.8500,    20.8500,    20.4500,    20.5300,        660,          5,               13544
VSWS,B,20260429,523261,,Venky's (India),  1574.3500,  1580.2500,  1559.9000,  1565.1000,        876,        166,             1373116
VSWS,B,20260429,523269,,Advani Hotels,    55.0100,    55.1800,    53.7200,    54.1300,       6429,        328,              351105
VSWS,B,20260429,523283,,Superhouse,   152.0000,   152.0000,   152.0000,   152.0000,         19,          4,                2888
VSWS,B,20260429,523289,,Rama Vision,   180.0000,   186.0000,   177.2000,   185.6000,       3830,         86,              706532
VSWS,B,20260429,523301,,TCPL Packaging,  2671.3000,  2705.0000,  2613.7000,  2655.7000,         73,         48,              194328
VSWS,B,20260429,523309,,Shri Gang Ind & Alli,    83.0000,    84.2000,    82.5900,    83.3600,       9027,        150,              754483
VSWS,B,20260429,523319,,Balmer Lawrie & Co,   183.9000,   197.7000,   183.9000,   185.1000,      69120,       1427,            13307767
VSWS,B,20260429,523323,,Kovai Medical,  5609.9500,  5846.9500,  5609.9500,  5702.3000,       3190,       1060,            18239322
VSWS,B,20260429,523329,,Eldeco Housing,   865.0000,   865.0000,   865.0000,   865.0000,          1,          1,                 865
VSWS,B,20260429,523351,,Standard Shoe Sole,    19.5500,    19.5500,    19.5500,    19.5500,        500,          2,                9775
VSWS,B,20260429,523367,,DCM Shriram,  1180.8000,  1203.7500,  1162.0000,  1164.8500,       1964,        399,             2314076
VSWS,B,20260429,523369,,DCM Shriram Ind,    38.0000,    40.6400,    38.0000,    39.5000,      14175,         97,              567075
VSWS,B,20260429,523371,,Mawana Sugars,   103.5000,   107.0000,   103.1600,   104.1100,       5181,         97,              542261
VSWS,B,20260429,523373,,Mini Diamonds,    16.3600,    16.3600,    15.9800,    16.0100,     199933,        432,             3213067
VSWS,B,20260429,523384,,Maha Rashtra Apex,    54.3500,    54.3500,    52.1700,    54.1100,       3621,        106,              193922
VSWS,B,20260429,523385,,Nilkamal,  1329.7000,  1349.4000,  1312.9500,  1323.0000,         56,         20,               74530
VSWS,B,20260429,523387,,Homre,     2.4900,     2.4900,     2.2700,     2.4900,    2228916,        585,             5324157
VSWS,B,20260429,523391,,Nahar Poly Films,   256.4000,   262.3000,   254.8000,   255.5000,       2673,        126,              684665
VSWS,B,20260429,523395,,3M India, 33847.5000, 33847.5000, 32735.0000, 33164.8000,        149,        131,             4945178
VSWS,B,20260429,523398,,Bosch Home Comfort I,  1444.4000,  1449.3000,  1420.5000,  1421.0500,        611,         79,              871214
VSWS,B,20260429,523405,,J M Financial,   138.8500,   140.7500,   136.2500,   136.7500,     125060,       1506,            17311088
VSWS,B,20260429,523411,,ADC India Communicat,  1629.9000,  1655.4500,  1613.6500,  1632.7500,       1204,        154,             1964075
VSWS,B,20260429,523419,,Tamilnadu Telecomm,    10.9800,    10.9800,     9.5500,     9.6200,       4734,         41,               47054
VSWS,B,20260429,523425,,Sunraj Diamond Exp,    16.6400,    16.6400,    16.6400,    16.6400,          1,          1,                  16
VSWS,B,20260429,523445,,Reliance Indl Infra,   796.8500,   824.6000,   790.0000,   798.5500,       7555,        700,             6091873
VSWS,B,20260429,523449,,Sharp India,    94.5600,    94.5600,    94.5600,    94.5600,      10681,         47,             1009995
VSWS,B,20260429,523457,,Linde India,  7207.6500,  7509.9000,  7207.6500,  7309.8500,       5189,       1149,            38305952
VSWS,B,20260429,523465,,Ind Bank Housing,    47.5200,    50.0000,    47.5100,    48.0200,       1358,         31,               67528
VSWS,B,20260429,523467,,Jai Mata Glass,     1.9600,     1.9700,     1.9000,     1.9400,      45513,         92,               88165
VSWS,B,20260429,523475,,Lotus Chocolate,   735.0500,   790.0500,   732.1500,   772.3500,      16211,        826,            12541583
VSWS,B,20260429,523483,,Pacific Industries,   140.0500,   145.0000,   140.0000,   140.0500,         61,          7,                8555
VSWS,B,20260429,523489,,Chennai Meenakshi,    39.0000,    39.7900,    37.5000,    37.6000,        287,         10,               10911
VSWS,B,20260429,523519,,Universal Office,     8.7000,     8.7000,     8.3000,     8.6900,      10362,         27,               90019
VSWS,B,20260429,523537,,APM Industries,    41.5000,    41.5000,    40.0500,    40.5900,       1025,         17,               41663
VSWS,B,20260429,523539,,Precision Wires (I),   410.0000,   420.2000,   410.0000,   415.8500,      25229,       1166,            10528659
VSWS,B,20260429,523550,,Krypton Industries,    39.0000,    40.1600,    38.3100,    39.0000,       1778,         21,               69538
VSWS,B,20260429,523558,,Swiss Military Consu,    17.2500,    17.7500,    17.2500,    17.2900,      60621,        282,             1058062
VSWS,B,20260429,523566,,Martin Burn,    47.0000,    50.8000,    43.0000,    49.9600,       2879,         42,              137224
VSWS,B,20260429,523574,,Future Enterprises,     0.4900,     0.4900,     0.4900,     0.4900,      46934,         18,               22997
VSWS,B,20260429,523586,,Indian Toners,   240.5500,   241.3000,   236.9000,   238.2000,       4061,         86,              965965
VSWS,B,20260429,523594,,Kunststoffe Indus,    21.5000,    22.4900,    21.5000,    22.4900,        743,         10,               16207
VSWS,B,20260429,523598,,Shipping Corporation,   307.4500,   316.3000,   305.0500,   307.7500,    1510501,      17762,           470211005
VSWS,B,20260429,523606,,Sika Interplant Sys,  1052.0000,  1063.2000,  1034.0500,  1041.7500,      11801,        657,            12388793
VSWS,B,20260429,523610,,I T I,   305.5500,   306.9500,   301.1000,   303.3500,      46135,        677,            13982135
VSWS,B,20260429,523618,,Dredging Corp,   974.0000,   982.1500,   951.6500,   955.9000,       8252,        448,             7962297
VSWS,B,20260429,523620,,Phaarmasia,    95.4000,    95.4000,    93.4800,    93.4900,       1952,         33,              183261
VSWS,B,20260429,523630,,National Fertiliser,    77.8500,    79.0900,    77.0500,    78.2300,     104377,       1461,             8156030
VSWS,B,20260429,523638,,IP Rings,   124.0000,   125.0000,   119.6400,   120.0200,        942,         15,              114401
VSWS,B,20260429,523642,,PI Industries,  3148.8000,  3179.3000,  3084.2500,  3090.5500,      17748,       2581,            55749955
VSWS,B,20260429,523648,,Plastiblends India,   178.8000,   185.6500,   170.4000,   172.2000,      30586,        736,             5414067
VSWS,B,20260429,523650,,Yash Innoventures,    46.5700,    47.0100,    46.5300,    46.5300,       7399,         24,              344739
VSWS,B,20260429,523652,,Kkalpana Plastick,    30.2500,    30.2500,    30.2500,    30.2500,         65,          3,                1966
VSWS,B,20260429,523660,,Waterbase,    50.7400,    50.7400,    49.3000,    49.3400,      11463,         93,              566661
VSWS,B,20260429,523672,,Flex Foods,    43.1200,    44.0000,    41.2000,    42.2200,       3903,         46,              166166
VSWS,B,20260429,523676,,Golkunda Diamonds,   276.0000,   279.0000,   270.0000,   271.1000,       1191,         65,              324076
VSWS,B,20260429,523694,,Apcotex Industries,   400.5000,   402.6500,   397.0000,   400.0000,       2983,        154,             1192864
VSWS,B,20260429,523696,,Fortis Malar Hospita,    57.0000,    59.2500,    54.0000,    56.1600,      22629,        396,             1258909
VSWS,B,20260429,523704,,Mastek,  1683.0000,  1695.3500,  1672.1000,  1693.0000,       3391,        532,             5718876
VSWS,B,20260429,523708,,Eimco Elecon,  1632.2500,  1645.0000,  1590.7000,  1598.9500,       1211,        160,             1942010
VSWS,B,20260429,523716,,Ashiana Housing,   339.3500,   341.9500,   339.2500,   340.0000,        739,         42,              251243
VSWS,B,20260429,523722,,Svam Software,     7.8700,     8.0200,     7.7700,     7.7800,       1206,         12,                9631
VSWS,B,20260429,523732,,Ecoboard Industries,    68.8500,    68.9000,    66.1000,    66.1000,       2042,         18,              137096
VSWS,B,20260429,523736,,Dhunseri Ventures,   244.8500,   248.0000,   244.0500,   244.0500,        101,         16,               24861
VSWS,B,20260429,523752,,Trans India House Im,     4.8800,     5.0100,     4.8300,     4.9400,      27691,        123,              136611
VSWS,B,20260429,523754,,Mahindra EPC Irrigat,   115.6900,   118.0000,   114.8000,   117.3700,      19064,        238,             2227059
VSWS,B,20260429,523782,,Mitshi India,    16.6000,    16.6000,    15.2500,    15.5300,       4537,         35,               70856
VSWS,B,20260429,523792,,Mazda,   229.7000,   229.7000,   213.0000,   214.9500,        818,         32,              176885
VSWS,B,20260429,523796,,Viceroy Hotels,   144.7000,   144.7000,   139.5000,   139.6000,       1445,         22,              201958
VSWS,B,20260429,523826,,Sovereign Diamonds,    23.9400,    23.9400,    23.0000,    23.5300,        216,         16,                5031
VSWS,B,20260429,523828,,Menon Bearings,   121.7000,   122.0000,   120.2500,   120.2500,        504,         69,               60929
VSWS,B,20260429,523832,,Mukat Pipes,    16.5400,    16.5400,    16.5400,    16.5400,       1002,          5,               16573
VSWS,B,20260429,523836,,Gujarat Raffia,    41.4000,    41.5900,    41.4000,    41.5900,        421,          8,               17429
VSWS,B,20260429,523838,,Simplex Infrastructu,   241.5000,   250.5500,   240.2000,   242.9000,       3147,        101,              769682
VSWS,B,20260429,523840,,Innovative Tech Pack,    13.9500,    13.9500,    13.4000,    13.4600,       2144,         13,               29173
VSWS,B,20260429,523842,,Super Tannery,     7.2000,     7.4000,     7.1500,     7.1800,      19236,        112,              139348
VSWS,B,20260429,523844,,Constronics Infra,    54.0000,    54.0000,    51.8900,    51.8900,        108,          5,                5606
VSWS,B,20260429,523850,,Axtel Industries,   421.0000,   432.8000,   410.3000,   413.3000,       6412,        250,             2686600
VSWS,B,20260429,523862,,Grand Oak Canyons Di,    30.3000,    30.7000,    28.4600,    28.4600,        449,         17,               12845
VSWS,B,20260429,523874,,East India Drums & B,   108.0000,   108.0000,   101.7000,   107.0000,       1007,         40,              106012
VSWS,B,20260429,523888,,Megamont,   160.9000,   161.0000,   160.9000,   160.9000,        648,         10,              104273
VSWS,B,20260429,524000,,Poonawalla Fincorp,   415.8000,   423.9500,   408.7000,   421.5500,     113064,       3408,            47023277
VSWS,B,20260429,524019,,Kingfa Science & Tec,  4689.6500,  4712.2000,  4535.6500,  4659.4000,        200,         73,              921576
VSWS,B,20260429,524031,,Patidar Buildcon,     8.3800,     8.3800,     8.3800,     8.3800,          1,          1,                   8
VSWS,B,20260429,524037,,Rama Phosphates,   137.1000,   143.8500,   137.0000,   140.0500,       2508,        117,              354084
VSWS,B,20260429,524051,,Polyplex Corp,   945.0000,   978.0000,   930.2000,   951.2000,       5986,        599,             5699341
VSWS,B,20260429,524055,,Panther Industrial,    84.2100,    84.2100,    84.2100,    84.2100,       1140,          2,               95999
VSWS,B,20260429,524075,,Albert David,   717.2000,   724.1000,   709.8000,   720.0000,        234,         22,              168466
VSWS,B,20260429,524080,,Haryana Leather Chem,    64.5000,    64.5000,    61.1700,    64.4800,        621,         15,               39150
VSWS,B,20260429,524091,,Carysil,   925.1500,   926.3000,   889.5500,   893.0500,       5836,        299,             5266786
VSWS,B,20260429,524109,,Kabra Extrusion Tech,   252.9500,   253.3500,   247.8000,   247.8000,        463,         34,              115670
VSWS,B,20260429,524129,,Vinyl Chemicals,   264.0000,   267.0000,   262.2000,   262.8000,        818,         69,              215886
VSWS,B,20260429,524136,,Pee Cee Cosma Sope,   369.0000,   369.0000,   321.2500,   341.5000,       2272,        161,              782082
VSWS,B,20260429,524156,,T C M,    47.1500,    48.9900,    45.0000,    45.9500,       2532,         12,              116400
VSWS,B,20260429,524164,,IOL Chemical & Pharm,    90.5900,    97.7000,    90.5900,    95.7500,     290857,       2540,            27763896
VSWS,B,20260429,524174,,Kesar Petroproducts,    23.8100,    24.5400,    23.3000,    23.5300,     116992,        252,             2792996
VSWS,B,20260429,524200,,Vinati Organics,  1309.9000,  1330.8000,  1304.3000,  1316.0000,       5136,        546,             6752424
VSWS,B,20260429,524202,,Lactose India,   119.3900,   122.4900,   113.0700,   114.1500,       4822,         73,              564565
VSWS,B,20260429,524204,,Teesta Agro Ind,   115.0000,   115.0000,   109.2400,   114.7300,        139,         11,               15694
VSWS,B,20260429,524208,,Aarti Industries,   505.5500,   512.2000,   499.8500,   502.2500,      78125,       2527,            39544893
VSWS,B,20260429,524210,,Pentokey Organy,    41.9800,    41.9800,    37.0000,    37.0000,        602,         12,               22905
VSWS,B,20260429,524212,,Wanbury,   265.0000,   265.7000,   255.5500,   258.5000,       2656,         64,              693295
VSWS,B,20260429,524218,,Resonance Specialtie,    98.7500,    98.9600,    96.4200,    98.7700,       1339,         22,              131321
VSWS,B,20260429,524226,,Gujarat Amb Exports,   149.4500,   153.2500,   149.4500,   151.6500,      28631,        510,             4335732
VSWS,B,20260429,524230,,R C F,   130.0000,   133.7500,   130.0000,   130.9500,      97536,       1274,            12810401
VSWS,B,20260429,524238,,Gujarat Inject Keral,   101.1800,   101.1800,   101.1000,   101.1800,      49722,         62,             5030843
VSWS,B,20260429,524280,,Kopran,   160.5000,   160.5000,   155.9500,   156.6500,       6444,        165,             1015857
VSWS,B,20260429,524288,,Aimco Pesticides,    55.2700,    55.2700,    51.5000,    52.1100,       1865,         66,               97397
VSWS,B,20260429,524314,,Gujarat Terce Lab,    39.0000,    39.0000,    38.0000,    38.0000,       1299,         20,               49896
VSWS,B,20260429,524322,,Kabra Drugs,    25.9000,    25.9000,    24.5000,    24.8400,      66050,        143,             1646163
VSWS,B,20260429,524324,,Seya Industries,    14.4700,    14.4700,    14.4700,    14.4700,       5543,         18,               80207
VSWS,B,20260429,524330,,Jayant Agro Organics,   201.2000,   202.1000,   199.5500,   199.7500,        336,         85,               67387
VSWS,B,20260429,524332,,BCL Industries,    34.6300,    35.2700,    34.2800,    34.5900,      42345,        547,             1465555
VSWS,B,20260429,524336,,Shree Hari Chem Expo,   105.3200,   108.9500,   103.0000,   103.2200,       2406,         24,              248912
VSWS,B,20260429,524342,,Indo Borax & Chem,   247.0000,   292.0000,   242.9500,   279.5500,      19584,        584,             5422938
VSWS,B,20260429,524348,,Aarti Drugs,   384.5000,   384.5000,   371.1500,   373.7500,       5670,        598,             2139547
VSWS,B,20260429,524370,,Bodal Chemicals,    67.5400,    68.5900,    66.5600,    67.2400,       3253,        242,              219979
VSWS,B,20260429,524372,,Orchid Pharma,   589.7000,   624.5500,   588.2500,   610.1500,       5220,        453,             3203750
VSWS,B,20260429,524394,,Vimta Laboratories,   455.0500,   462.9000,   449.1000,   450.2500,       5855,        371,             2674068
VSWS,B,20260429,524396,,Biofil Chemicals,    34.2200,    35.3900,    33.0900,    33.6000,       4599,        104,              157200
VSWS,B,20260429,524400,,Ishita Drugs,    81.7500,    82.0000,    75.1100,    80.6200,       1749,         27,              141551
VSWS,B,20260429,524404,,Marksans Pharma,   186.3500,   191.0000,   185.3000,   187.5500,      75704,       1229,            14231363
VSWS,B,20260429,524412,,Aarey Drugs,    94.9500,    95.8000,    90.2500,    90.5100,      10260,        165,              959153
VSWS,B,20260429,524414,,Norris Medicines,    15.0000,    15.0000,    14.5000,    14.5100,        559,         10,                8154
VSWS,B,20260429,524434,,Asian Petroproducts,     8.6900,    10.1900,     8.3100,     9.0500,      13123,        107,              118345
VSWS,B,20260429,524440,,Camex,    31.0000,    31.4000,    31.0000,    31.4000,        107,          2,                3331
VSWS,B,20260429,524444,,Evexia Lifecare,     0.9800,     0.9800,     0.9500,     0.9800,   28979507,       1166,            28397410
VSWS,B,20260429,524458,,Indo Euro Indchem,    10.7000,    10.7000,    10.0200,    10.4900,       4026,         14,               40439
VSWS,B,20260429,524470,,Syncom Formulations,    13.8800,    14.1100,    13.6500,    13.7700,     239951,        812,             3334583
VSWS,B,20260429,524480,,Riddhi Siddhi Gluco,   627.5000,   635.5000,   622.0500,   625.3000,       1814,        132,             1141161
VSWS,B,20260429,524488,,SVC Industries,     3.0000,     3.0300,     2.9300,     3.0000,      58329,         88,              175302
VSWS,B,20260429,524494,,Ipca Lab,  1539.8000,  1550.0000,  1524.6000,  1541.7500,       7176,        671,            11035461
VSWS,B,20260429,524500,,Kilitch Drugs,   160.0000,   160.0000,   146.3500,   152.7500,       7771,        280,             1177888
VSWS,B,20260429,524502,,Raaj Medisafe India,    85.1100,    86.9800,    85.1100,    86.9800,        200,          2,               17209
VSWS,B,20260429,524506,,Coral Laboratories,   430.4500,   430.4500,   410.0000,   421.1000,        426,         28,              176505
VSWS,B,20260429,524516,,Bacil Pharma,    58.5000,    58.5000,    54.0200,    57.4200,       1763,         20,              101661
VSWS,B,20260429,524518,,Krebs Biochemicals &,    57.2600,    57.2600,    57.2600,    57.2600,          1,          1,                  57
VSWS,B,20260429,524520,,KMC Speciality Hospi,    87.2500,    89.2000,    87.2500,    87.5700,      25993,        373,             2288908
VSWS,B,20260429,524522,,Laffans Petrochem,    31.0000,    32.2900,    31.0000,    31.6400,        226,          6,                7206
VSWS,B,20260429,524534,,Bhaskar Agrochemical,   178.0000,   178.0000,   161.6500,   162.0000,       1232,         41,              203620
VSWS,B,20260429,524542,,Sukhjit Starch & Che,   184.6000,   186.2000,   178.0000,   179.2000,       2508,        221,              452856
VSWS,B,20260429,524548,,Sharma East India Ho,   101.0000,   106.7000,   100.8000,   101.3500,        803,         16,               81140
VSWS,B,20260429,524558,,Neuland Laboratories, 14550.0000, 14810.2000, 14522.0000, 14652.5000,        765,        273,            11190670
VSWS,B,20260429,524564,,Gayatri BioOrganics,    17.6000,    19.2300,    17.6000,    18.8900,      37643,        119,              711989
VSWS,B,20260429,524570,,Poddar Pigments,   265.7500,   265.7500,   250.5000,   253.9000,        211,         30,               54185
VSWS,B,20260429,524572,,Pharmaids Pharma,    30.8800,    30.8800,    29.3600,    29.6200,       8935,        113,              266289
VSWS,B,20260429,524576,,Vivid Global Ind,    20.7500,    21.0000,    20.0000,    21.0000,       4688,         21,               95901
VSWS,B,20260429,524580,,Priya,    24.5000,    24.5000,    24.5000,    24.5000,         55,          2,                1347
VSWS,B,20260429,524582,,Tirupati Starch,   135.0000,   139.8000,   131.0000,   133.6000,       5446,         25,              715877
VSWS,B,20260429,524590,,Hemo Organic,    10.6000,    11.1800,    10.6000,    10.8200,       1754,         16,               19541
VSWS,B,20260429,524592,,Jaysynth Orgochem,    14.2700,    14.4800,    13.6000,    13.6900,      12243,         89,              170841
VSWS,B,20260429,524594,,Aeonx Digital Techno,   155.0000,   155.0000,   149.0000,   150.7700,       1066,         37,              162329
VSWS,B,20260429,524598,,Aksharchem (India),   198.2500,   209.0000,   197.6500,   203.5500,        706,         65,              145825
VSWS,B,20260429,524602,,Bandaram Pharma Pack,    27.1600,    27.1600,    25.0000,    25.2300,       4791,         40,              124075
VSWS,B,20260429,524606,,Beryl Drugs,    23.0000,    23.0000,    21.8500,    21.9500,        497,         12,               10886
VSWS,B,20260429,524614,,IEL,     6.4300,     6.4300,     6.2100,     6.3100,      18355,        116,              115370
VSWS,B,20260429,524622,,iStreet Network,    49.3300,    50.6200,    47.1100,    50.6100,      82556,        180,             4152064
VSWS,B,20260429,524624,,Gagan Gases,    13.5000,    14.5400,    13.5000,    14.0100,        689,          9,                9925
VSWS,B,20260429,524628,,Parker Agrochem Exp,    15.2000,    15.2000,    15.2000,    15.2000,          1,          1,                  15
VSWS,B,20260429,524632,,Shukra Pharmaceutica,    28.4100,    30.4500,    28.4100,    29.0600,     278316,       1307,             8151778
VSWS,B,20260429,524634,,Alufluoride,   589.0000,   610.0000,   580.0000,   586.4500,      33809,        694,            20276256
VSWS,B,20260429,524636,,Oxygenta Pharma,    55.0000,    56.3900,    54.1000,    55.1800,       5876,         49,              321413
VSWS,B,20260429,524640,,Archit Organosys,    51.9900,    52.0000,    47.7000,    48.5000,      66515,        379,             3265809
VSWS,B,20260429,524642,,Sikozy Realtors,     1.2100,     1.2100,     1.2000,     1.2000,       4745,          4,                5727
VSWS,B,20260429,524648,,Indo Amines,   113.3100,   114.0700,   112.4700,   112.9200,       1784,         28,              201956
VSWS,B,20260429,524654,,Natural Capsules,   155.1500,   156.0000,   155.1500,   156.0000,         37,          3,                5766
VSWS,B,20260429,524661,,Welcure Drugs & Phar,     0.2900,     0.3000,     0.2800,     0.2800,    9941393,       1090,             2826495
VSWS,B,20260429,524663,,Bharat Immuno & Bio,    17.6400,    17.9400,    17.5400,    17.7000,       9280,         95,              164255
VSWS,B,20260429,524667,,Savita Oil Technolog,   366.7000,   371.2000,   360.2500,   367.0000,        303,         45,              110589
VSWS,B,20260429,524669,,Hester Biosciences,  1699.4000,  1705.7000,  1643.5000,  1661.0500,        260,         81,              434350
VSWS,B,20260429,524675,,Kabsons Industries,    21.5500,    22.0000,    20.5100,    21.9700,      17145,         87,              373076
VSWS,B,20260429,524687,,Basant Agro Tech,    11.6600,    11.7600,    11.2800,    11.3500,      29997,        118,              345333
VSWS,B,20260429,524703,,Sandu Pharmaceutical,    45.0000,    46.0000,    43.0000,    44.9000,       2913,         47,              129985
VSWS,B,20260429,524709,,NACL Industries,   158.5000,   165.4000,   158.0000,   159.6500,      12749,        305,             2055106
VSWS,B,20260429,524711,,Vista Pharmaceutical,     7.7500,     8.0700,     6.9200,     7.2900,      10076,         24,               73536
VSWS,B,20260429,524715,,Sun Pharmaceutical,  1757.9000,  1790.0000,  1750.0500,  1778.9500,     175742,      12080,           310394203
VSWS,B,20260429,524717,,Titan Bio Tech,   448.0000,   475.2000,   430.0000,   474.4500,      98830,       1913,            44422483
VSWS,B,20260429,524731,,Jenburkt Pharma,  1039.9500,  1056.0000,  1030.0000,  1047.3500,       1454,         92,             1509604
VSWS,B,20260429,524735,,Hikal,   188.5500,   194.2500,   186.8000,   188.8500,      15404,        374,             2938569
VSWS,B,20260429,524742,,Caplin Point Lab,  1729.6500,  1739.9500,  1712.8000,  1725.7000,       2470,        338,             4269100
VSWS,B,20260429,524743,,Fischer Medical Vent,    39.6100,    40.6500,    38.7000,    38.9100,      74750,        413,             2944368
VSWS,B,20260429,524748,,Link Pharma Chem,    30.0000,    30.0000,    28.5000,    29.0000,       1318,         16,               38523
VSWS,B,20260429,524752,,Decipher Labs,     8.1600,     8.1600,     8.0000,     8.1000,       1073,         13,                8620
VSWS,B,20260429,524768,,Emmessar Biotech,    27.1400,    27.1400,    25.7400,    25.7700,       1820,         19,               48694
VSWS,B,20260429,524774,,NGL Fine Chem,  2288.2000,  2296.6000,  2260.0000,  2268.9500,        285,         88,              646928
VSWS,B,20260429,524790,,Everest Organics,   267.9500,   274.8000,   265.0000,   269.9000,       1023,         29,              275991
VSWS,B,20260429,524804,,Aurobindo Pharma,  1436.0500,  1436.0500,  1389.8500,  1396.5000,      25330,       2129,            35621837
VSWS,B,20260429,524808,,Phyto Chem (India),    23.1000,    24.5000,    22.0000,    24.0000,        638,         12,               14695
VSWS,B,20260429,524816,,Natco Pharma,  1097.6500,  1113.5500,  1081.0000,  1093.7000,      58450,       2638,            64126303
VSWS,B,20260429,524818,,Dynamic Industries,   105.3300,   113.9400,   105.3300,   107.5000,       1314,         16,              143003
VSWS,B,20260429,524820,,Panama Petrochem,   274.6500,   279.0500,   273.8500,   278.6500,       2107,        107,              584014
VSWS,B,20260429,524824,,Bal Pharma,    77.5000,    77.5000,    75.6000,    75.6200,       1570,         86,              119086
VSWS,B,20260429,524828,,BDH Industries,   375.0000,   375.0000,   361.8000,   373.8000,       2041,         54,              754223
VSWS,B,20260429,526001,,Jauss Polymers,    25.4300,    26.4500,    25.4300,    26.4500,       2818,         11,               73966
VSWS,B,20260429,526025,,Globus Power Generat,    14.3000,    15.7800,    14.3000,    14.7000,      14381,         85,              216694
VSWS,B,20260429,526027,,Cubex Tubings,   100.8900,   103.6800,    99.1500,   100.4200,       9524,        204,              970516
VSWS,B,20260429,526043,,Polymechplast Mach,    54.0000,    55.6500,    52.0100,    53.7600,        154,         14,                8088
VSWS,B,20260429,526071,,Stellant Securities,   614.3500,   628.8500,   575.0000,   619.5500,       4832,         93,             2951573
VSWS,B,20260429,526073,,Galaxy Bearings,   467.0000,   498.0000,   460.0000,   469.8500,        887,        142,              415153
VSWS,B,20260429,526075,,Rekvina Laboratories,    44.1800,    44.1800,    44.1800,    44.1800,        839,          6,               37067
VSWS,B,20260429,526081,,SC Agrotech,    30.3500,    30.3500,    27.7800,    29.9000,        228,         17,                6441
VSWS,B,20260429,526113,,Uniroyal Marine Exp,    15.7500,    15.7500,    15.5000,    15.7000,        170,          6,                2648
VSWS,B,20260429,526115,,Manor Estate & Ind,     9.9000,    10.0200,     9.9000,    10.0200,        250,          4,                2499
VSWS,B,20260429,526125,,BN Agrochem,   238.1000,   251.0000,   238.1000,   240.5500,       1986,         36,              487418
VSWS,B,20260429,526133,,Supertex Industries,     5.5500,     5.5500,     5.3900,     5.3900,        573,          8,                3113
VSWS,B,20260429,526137,,Shetron,    94.0000,   105.0100,    93.9900,    96.4800,       8675,         76,              856116
VSWS,B,20260429,526139,,Transgene Biotek,     2.8800,     2.9900,     2.7500,     2.8400,      13828,         43,               39105
VSWS,B,20260429,526143,,MPL Plastics,     6.1500,     6.8400,     6.1500,     6.8400,        156,          6,                 989
VSWS,B,20260429,526159,,Nikhil Adhesives,    94.9900,    94.9900,    89.0000,    91.8500,      16803,        187,             1537060
VSWS,B,20260429,526161,,Spenta International,    92.5000,    92.5000,    92.2500,    92.2500,         30,          2,                2771
VSWS,B,20260429,526169,,Multibase India,   205.0000,   205.0000,   200.4000,   201.7500,       3000,        137,              604004
VSWS,B,20260429,526173,,Andrew Yule,    26.8700,    28.2800,    26.4500,    26.8100,     423362,       1197,            11563758
VSWS,B,20260429,526179,,Ludlow Jute & Specia,   259.6500,   269.0000,   259.6500,   262.7500,       5048,        114,             1332876
VSWS,B,20260429,526187,,Ashram Online.com,     5.7000,     5.9800,     5.7000,     5.9800,        141,          3,                 829
VSWS,B,20260429,526193,,Royal Cushion Vinyl,    16.9600,    17.9100,    15.7200,    16.9800,       7681,         46,              124448
VSWS,B,20260429,526211,,Suraj Industries,    46.6000,    49.4000,    46.0000,    49.3500,       1339,         30,               65255
VSWS,B,20260429,526217,,Hitech Corporation,   140.0000,   143.8000,   138.0000,   138.1500,        550,         33,               76119
VSWS,B,20260429,526227,,Filatex India,    45.7400,    46.7000,    45.1300,    45.6700,      97002,        672,             4478242
VSWS,B,20260429,526231,,Standard Surfactants,    50.8100,    57.5900,    50.8100,    55.9600,       1335,         15,               68702
VSWS,B,20260429,526237,,Morgan Ventures,    52.4700,    53.2000,    51.5000,    53.0000,        223,         12,               11704
VSWS,B,20260429,526241,,Amrapali Industries,    18.3100,    20.0000,    17.6100,    18.1400,      11769,         61,              217247
VSWS,B,20260429,526247,,Premier Explosives,   553.5500,   569.7000,   550.0000,   557.3000,      34151,       1033,            19139396
VSWS,B,20260429,526251,,Mid East Portfolio,    25.0000,    25.0000,    25.0000,    25.0000,          1,          1,                  25
VSWS,B,20260429,526263,,Mold Tek Techno,   130.0000,   131.0000,   128.3000,   128.9500,       3238,        206,              419693
VSWS,B,20260429,526269,,Crestchem,   107.9000,   125.0000,   107.9000,   119.4600,       5778,        112,              660106
VSWS,B,20260429,526299,,Mphasis,  2274.7000,  2336.2000,  2238.0000,  2248.7000,      14576,       3318,            33286956
VSWS,B,20260429,526315,,Divyashakti,    52.8000,    53.9000,    50.6100,    52.8000,       2539,         27,              129903
VSWS,B,20260429,526325,,Orient Press,    66.5000,    66.5000,    62.9000,    65.8000,         67,          7,                4317
VSWS,B,20260429,526335,,Shreyas Intermediate,     7.2200,     7.5300,     7.2200,     7.2200,        898,          9,                6547
VSWS,B,20260429,526345,,Panjon,    24.8900,    24.8900,    23.3500,    23.8400,      11658,         61,              275420
VSWS,B,20260429,526355,,Duro Pack,    48.7300,    48.7300,    45.1000,    45.5000,        421,         16,               19656
VSWS,B,20260429,526365,,Swarnsarita Jewels I,    36.7800,    36.7800,    33.6100,    34.7700,       7127,         48,              246848
VSWS,B,20260429,526367,,Ganesh Housing,   676.9000,   718.0000,   676.9000,   683.1000,       5215,        557,             3642530
VSWS,B,20260429,526371,,N M D C,    91.6200,    92.7500,    90.0000,    91.7700,     816429,       5843,            74769978
VSWS,B,20260429,526373,,Cindrella Hotels,    53.0000,    53.0000,    53.0000,    53.0000,        133,         13,                7049
VSWS,B,20260429,526381,,Patel Integrated Log,    11.8800,    11.8800,    11.3000,    11.4600,       5884,         37,               67162
VSWS,B,20260429,526397,,Alphageo (I),   227.5500,   229.6000,   221.0000,   221.0000,        628,         49,              140987
VSWS,B,20260429,526407,,Hampton Sky Realty,    11.5500,    11.5500,    11.0100,    11.1900,      14794,         63,              165830
VSWS,B,20260429,526409,,Kkalpana Industries,     9.6300,     9.6300,     8.7100,     9.2000,      17422,         88,              160872
VSWS,B,20260429,526415,,OK Play India,     5.3300,     5.4900,     5.2000,     5.3300,     208627,        327,             1114168
VSWS,B,20260429,526423,,Kriti Industries (I),    80.4000,    81.7600,    78.7200,    81.2600,        900,         50,               72094
VSWS,B,20260429,526431,,Welterman Internatio,    22.1400,    22.1400,    21.0400,    21.0400,          2,          2,                  43
VSWS,B,20260429,526433,,ASM Technologies,  3390.0000,  3400.0000,  3188.9000,  3191.7000,      37682,       3735,           122854350
VSWS,B,20260429,526435,,Perfectpac,    81.4100,    87.9500,    78.0600,    85.9500,         74,          7,                6329
VSWS,B,20260429,526439,,Ambitious Plastomac,    11.8500,    11.8500,    11.8500,    11.8500,         10,          2,                 118
VSWS,B,20260429,526441,,Vision Cinemas,     1.1300,     1.3700,     1.1300,     1.2800,      94498,         90,              121996
VSWS,B,20260429,526443,,Artificial Electroni,   117.3500,   119.0000,   114.0000,   114.5000,      32305,        328,             3750622
VSWS,B,20260429,526445,,Indrayani Biotech,    11.9900,    11.9900,    11.4200,    11.9300,      33748,        148,              392307
VSWS,B,20260429,526468,,Euro Leder Fashion,    17.0500,    17.7300,    17.0500,    17.2100,       2118,         41,               36531
VSWS,B,20260429,526471,,Winsome Breweries,    22.1700,    22.5000,    22.0500,    22.4000,       9478,        103,              211426
VSWS,B,20260429,526473,,Elegant Floriculture,     5.1800,     5.1800,     4.9000,     5.0200,      26520,         79,              133382
VSWS,B,20260429,526477,,South Asian Enter,    46.0000,    48.8900,    46.0000,    48.8900,        175,          2,                8266
VSWS,B,20260429,526479,,Sky Industries,    85.4600,    88.0100,    83.0100,    84.3000,       4986,         54,              427976
VSWS,B,20260429,526481,,Phoenix Intl,    32.6300,    33.3900,    32.6300,    32.6900,        308,         10,               10210
VSWS,B,20260429,526488,,Bhudevi Infra Projec,   264.9500,   264.9500,   242.4500,   260.5000,       8093,         67,             2111998
VSWS,B,20260429,526490,,Pratik Panels,     7.2000,     7.2000,     6.4200,     6.8700,      39328,         85,              268042
VSWS,B,20260429,526492,,Rishiroop,    94.2500,    97.9000,    94.2500,    95.0000,       2915,         60,              278750
VSWS,B,20260429,526494,,Promact Plastics,     9.0000,     9.0000,     9.0000,     9.0000,          2,          1,                  18
VSWS,B,20260429,526500,,Sterling Green Woods,    18.6200,    19.9500,    18.6200,    18.6200,        258,          7,                4837
VSWS,B,20260429,526506,,Systematix Corporate,    78.8500,    78.8500,    73.5000,    73.8000,       5559,        193,              419489
VSWS,B,20260429,526508,,Shahi Shipping,    13.3200,    13.9500,    13.3200,    13.6000,       2198,         38,               30181
VSWS,B,20260429,526519,,Alpine Housing Dev C,    90.4400,    90.6500,    89.8500,    89.8500,         21,          5,                1898
VSWS,B,20260429,526525,,Worldwide Aluminium,    20.9900,    20.9900,    20.9900,    20.9900,         50,          1,                1049
VSWS,B,20260429,526530,,IIRM Holdings India,    85.8500,    89.9500,    80.1300,    89.3900,      11346,        100,             1005152
VSWS,B,20260429,526532,,Square Four Projects,     7.8300,     7.8300,     7.6000,     7.6600,        965,         15,                7480
VSWS,B,20260429,526544,,SGL Resources,     3.5500,     3.9000,     3.5500,     3.6400,     207586,        230,              747285
VSWS,B,20260429,526546,,Choksi Laboratories,   100.1000,   103.9500,    99.0000,    99.5000,       1095,         16,              110685
VSWS,B,20260429,526550,,Country Club Hospita,    13.5100,    14.3500,    13.5100,    13.6100,       1365,         25,               19147
VSWS,B,20260429,526570,,Midwest Gold,  4349.0000,  4349.0000,  4202.0000,  4316.9000,       1443,        183,             6209001
VSWS,B,20260429,526574,,Enterprise Inter,    21.1700,    22.8500,    21.1700,    21.3400,        292,          5,                6192
VSWS,B,20260429,526582,,TPL Plastech,    78.9500,    78.9500,    66.2500,    67.3100,       1081,         47,               72617
VSWS,B,20260429,526586,,Wim Plast,   381.0500,   383.0000,   376.1000,   378.7000,       1749,        191,              662070
VSWS,B,20260429,526588,,Photoquip India,    14.6300,    14.6500,    14.6300,    14.6500,       4281,          6,               62711
VSWS,B,20260429,526596,,Liberty Shoes,   261.0000,   264.2000,   260.0500,   260.3500,        648,         34,              170089
VSWS,B,20260429,526604,,Lippi Systems,    52.8700,    55.5100,    51.3300,    55.5100,      79139,         34,             4392780
VSWS,B,20260429,526608,,Electrotherm (India),   862.4000,   869.4000,   824.6000,   835.6000,        810,        135,              686065
VSWS,B,20260429,526612,,Blue Dart Express,  5404.9000,  5486.9500,  5404.9000,  5476.9500,        576,        246,             3138560
VSWS,B,20260429,526614,,Expo Engineering & P,    70.7000,    70.7000,    67.0500,    67.2100,      33961,        135,             2313920
VSWS,B,20260429,526616,,National Plastic Ind,    47.4500,    49.0000,    46.5000,    46.5100,       4310,         48,              205956
VSWS,B,20260429,526622,,MFL India,     0.4200,     0.4400,     0.4200,     0.4200,     187853,        184,               79800
VSWS,B,20260429,526638,,Texel Industries,    77.5000,    79.3800,    75.0000,    76.9400,       6298,        101,              482838
VSWS,B,20260429,526640,,Royale Manor Hotels,    36.0000,    36.0000,    32.0000,    32.0900,       1120,         30,               36328
VSWS,B,20260429,526642,,Mirza International,    33.6000,    33.8200,    33.0600,    33.1700,      10626,        176,              355782
VSWS,B,20260429,526650,,Tourism Finance Corp,    72.9900,    73.5300,    72.6300,    73.1300,      38767,        297,             2832740
VSWS,B,20260429,526654,,Thakkars Developers,   135.5000,   149.2500,   135.5000,   148.8700,        414,          4,               58905
VSWS,B,20260429,526662,,Rajdarshan Ind,    40.2100,    40.2100,    40.2100,    40.2100,        100,          2,                4021
VSWS,B,20260429,526666,,Bhartiya Intl,   780.0000,   793.0000,   773.0500,   792.5000,       3831,          8,             2988199
VSWS,B,20260429,526668,,Kamat Hotels (India),   167.0000,   170.4000,   166.7500,   167.3000,       2262,         78,              380760
VSWS,B,20260429,526675,,Tirth Plastic,    26.0800,    27.8800,    26.0500,    27.6200,       1926,         28,               52928
VSWS,B,20260429,526677,,DSJ Keep Learning,     2.1200,     2.2100,     1.9100,     1.9500,      12461,         58,               24870
VSWS,B,20260429,526703,,Ecoplast,   484.5000,   484.9000,   464.0500,   470.6500,        224,         19,              104967
VSWS,B,20260429,526705,,Elegant Marbles,   207.5000,   207.5000,   204.0000,   204.0000,         52,          4,               10782
VSWS,B,20260429,526709,,BITS,     9.4500,     9.4500,     8.9400,     9.0100,      86349,        291,              786488
VSWS,B,20260429,526711,,Adarsh Plant Protect,    31.2000,    32.7500,    31.1100,    32.4900,       1211,         15,               38581
VSWS,B,20260429,526717,,HCP Plastene Bulkpac,   257.5000,   278.5000,   257.5000,   270.0000,      20293,        364,             5514330
VSWS,B,20260429,526721,,Nicco Parks & Resort,    77.0000,    78.3000,    75.5100,    75.5700,       1000,         34,               76867
VSWS,B,20260429,526723,,NTC Industries,   164.9500,   164.9500,   157.2000,   160.9500,       1581,         67,              255614
VSWS,B,20260429,526725,,Sandesh,  1026.0000,  1162.0000,  1026.0000,  1073.0500,        335,        107,              371182
VSWS,B,20260429,526727,,Garnet Construction,    87.5000,    90.9900,    85.5200,    89.5200,       6134,         56,              532862
VSWS,B,20260429,526729,,Goldiam Internation,   387.0000,   388.9500,   380.3000,   387.1000,       9925,        344,             3810091
VSWS,B,20260429,526731,,Bright Brothers,   260.9500,   272.5000,   249.0000,   270.0000,       3358,        132,              882683
VSWS,B,20260429,526739,,Narmada Gelatines,   389.8000,   392.6500,   387.0500,   388.4500,       1706,         61,              663951
VSWS,B,20260429,526747,,PG Foils,   215.0000,   218.0000,   208.9000,   209.2500,       5694,         87,             1214938
VSWS,B,20260429,526751,,Gratex Industries,    21.3500,    21.3500,    21.3000,    21.3000,          6,          2,                 128
VSWS,B,20260429,526755,,Velan Hotels,     5.6200,     5.6200,     5.3700,     5.5600,       3201,         18,               17773
VSWS,B,20260429,526761,,Howard Hotels,    25.0000,    27.0000,    25.0000,    26.8900,       3514,         33,               93320
VSWS,B,20260429,526775,,Valiant Commu,   929.4000,   943.0000,   886.0000,   898.6500,      20438,        505,            18706483
VSWS,B,20260429,526783,,Dr Agrawal's Eye Hos,  5089.9000,  5089.9000,  4917.9500,  4990.0500,        585,         66,             2923529
VSWS,B,20260429,526795,,Mahasagar Travels,     5.2600,     5.2600,     5.2400,     5.2400,       1200,          6,                6290
VSWS,B,20260429,526797,,Greenply Industries,   275.3500,   294.2000,   270.0500,   284.2500,    1690406,      25795,           484589954
VSWS,B,20260429,526807,,SEAMEC,  1540.0500,  1576.3500,  1534.2000,  1573.4500,       2231,        298,             3485476
VSWS,B,20260429,526813,,Raghunath Intl,    11.9500,    11.9500,    11.2900,    11.2900,        355,         12,                4075
VSWS,B,20260429,526817,,Cheviot Company,  1110.2000,  1151.0000,  1086.0000,  1146.1500,        836,        197,              937317
VSWS,B,20260429,526821,,Dai Ichi Karkaria,   264.6000,   265.3000,   258.0000,   265.0000,        420,         23,              109853
VSWS,B,20260429,526823,,Rajeswari Infrastruc,     3.8000,     4.0900,     3.7600,     3.9600,       1520,          9,                5719
VSWS,B,20260429,526827,,Spice Islands Indust,   354.7000,   354.7000,   342.1000,   343.8000,      12823,        224,             4429630
VSWS,B,20260429,526829,,Confidence Petroleum,    58.6700,    59.9400,    52.9300,    56.5800,     286933,       2229,            15893923
VSWS,B,20260429,526839,,Shelter Infra Projec,    17.0000,    17.2000,    16.8000,    16.8000,       3418,         17,               57424
VSWS,B,20260429,526841,,Shakti Press,    22.3500,    22.3500,    22.3500,    22.3500,       5139,         12,              114856
VSWS,B,20260429,526847,,Ashirwad Steels,    26.3700,    26.3700,    23.5000,    24.1800,       7259,         77,              176500
VSWS,B,20260429,526849,,Banaras Beads,   114.8500,   115.2000,   112.0000,   112.0000,         35,         27,                3936
VSWS,B,20260429,526853,,Bilcare,    61.0100,    62.3400,    60.7100,    61.3100,       4167,         45,              254223
VSWS,B,20260429,526859,,ISF,     0.9500,     0.9500,     0.9200,     0.9200,       4823,         14,                4523
VSWS,B,20260429,526861,,Rishi Laser,   111.8300,   114.9000,   111.8300,   113.7200,      21352,         59,             2435548
VSWS,B,20260429,526865,,Jainco Projects,     5.1200,     5.3500,     4.8700,     5.1200,       1194,          9,                6146
VSWS,B,20260429,526869,,Kumbhat Financial,    21.8900,    21.8900,    21.8900,    21.8900,         12,          2,                 262
VSWS,B,20260429,526871,,Intec Capital,    15.4900,    15.4900,    12.5000,    13.5400,       3533,         77,               47678
VSWS,B,20260429,526873,,Rajasthan Securities,    45.6000,    45.7000,    45.6000,    45.6000,       1511,         14,               68907
VSWS,B,20260429,526877,,Siddheswari Garments,    24.2000,    24.2000,    24.2000,    24.2000,         58,          5,                1403
VSWS,B,20260429,526881,,63 Moons Technologie,   731.4000,   764.3500,   727.0500,   754.3500,      21172,       1071,            15913632
VSWS,B,20260429,526883,,Shikhar Consultants,    14.9600,    14.9600,    14.9600,    14.9600,         51,          2,                 762
VSWS,B,20260429,526885,,Sarla Performance,    92.1900,    92.1900,    89.5300,    89.5900,       1516,         44,              137981
VSWS,B,20260429,526887,,Indo Credit Capital,    12.9400,    12.9400,    12.9400,    12.9400,      45505,         25,              588834
VSWS,B,20260429,526891,,Market Creators,    13.5800,    13.5800,    13.5800,    13.5800,         50,          1,                 679
VSWS,B,20260429,526899,,Himalaya Food Intern,    10.0600,    10.6500,    10.0000,    10.1500,     191923,        314,             1990366
VSWS,B,20260429,526901,,Sonal Adhesives,    43.0000,    43.0000,    41.5100,    43.0000,         36,          9,                1502
VSWS,B,20260429,526905,,Padmanabh Industries,     9.9000,     9.9000,     9.9000,     9.9000,        110,          5,                1089
VSWS,B,20260429,526931,,Hariyana Ship Break,   105.8500,   112.0000,   104.0000,   105.1000,       4618,         75,              491028
VSWS,B,20260429,526935,,Kalind,    99.4800,    99.4800,    95.0000,    97.3400,     566752,        426,            54762776
VSWS,B,20260429,526945,,Tyroon Tea Company,    98.9800,    98.9800,    97.5800,    97.5800,          6,          4,                 586
VSWS,B,20260429,526947,,La Opala RG,   177.6000,   180.0000,   177.6000,   179.2500,       2059,        144,              368701
VSWS,B,20260429,526951,,Stylam Industries,  2239.7500,  2241.6500,  2233.0500,  2235.4500,        532,         66,             1189905
VSWS,B,20260429,526953,,Venus Remedies,   912.6500,   948.0000,   911.4500,   932.7500,       3088,        219,             2873606
VSWS,B,20260429,526961,,Last Mile Enterprise,     6.8400,     6.8400,     6.2600,     6.8400,    2650187,        570,            18028334
VSWS,B,20260429,526965,,Gujarat Craft & Ind,   110.0000,   113.9900,   107.0000,   107.9800,       2452,         53,              267485
VSWS,B,20260429,526967,,Heera Ispat,     7.3200,     7.3200,     7.3000,     7.3200,      22393,         17,              163886
VSWS,B,20260429,526971,,Dhoot Industrial Fin,   178.0500,   182.0000,   165.5000,   169.2000,       2001,         64,              339041
VSWS,B,20260429,526981,,Shri Bajrang Allianc,   174.0000,   175.0000,   170.0000,   174.6500,       1085,         28,              187949
VSWS,B,20260429,526987,,Urja Global,    12.9900,    13.2100,    11.5500,    11.6400,     944880,       2667,            11584184
VSWS,B,20260429,527001,,Ashapura Minechem,   657.8000,   660.1500,   640.7500,   647.3000,      46742,       1653,            30447932
VSWS,B,20260429,527005,,Shree Pacetronix,   138.0000,   144.0000,   135.4700,   136.0000,        958,         24,              133459
VSWS,B,20260429,530001,,Gujarat Alkalies,   710.6500,   746.6500,   710.6500,   735.5000,      45866,       1865,            33647500
VSWS,B,20260429,530005,,India Cements,   418.9500,   423.1000,   400.1000,   402.5500,     103041,       2803,            41907453
VSWS,B,20260429,530007,,JK Tyre & Industries,   406.9500,   424.8000,   405.9500,   407.1500,     223458,       5896,            92980065
VSWS,B,20260429,530017,,Standard Industries,    14.3700,    15.9400,    14.3700,    15.1000,       1554,         42,               23427
VSWS,B,20260429,530019,,Jubilant Pharmova,   945.2000,   945.2000,   916.0000,   926.6500,       3931,        318,             3651539
VSWS,B,20260429,530023,,Investment Trust Of,   110.8500,   112.4700,   110.8500,   112.4700,          7,          3,                 784
VSWS,B,20260429,530025,,Samyak International,    16.0000,    16.4700,    15.2000,    16.1100,       7413,         26,              114297
VSWS,B,20260429,530027,,Aadi Industries,     7.2000,     8.4000,     7.2000,     8.3600,       2866,         20,               21448
VSWS,B,20260429,530037,,Sparkle Gold Rock,    73.0000,    74.9800,    71.3300,    74.9800,        121,          9,                8705
VSWS,B,20260429,530043,,Acknit Industries,   310.0000,   310.0000,   285.1000,   293.6000,        460,         19,              137106
VSWS,B,20260429,530045,,Titan Securities,    46.5100,    48.9800,    46.5100,    47.9700,       9668,         99,              461253
VSWS,B,20260429,530053,,Real Eco-Energy,     5.2000,     5.2000,     4.8900,     4.9000,     690659,        248,             3400180
VSWS,B,20260429,530057,,Vivanza Biosciences,     1.9800,     1.9800,     1.9800,     1.9800,      20032,         23,               39663
VSWS,B,20260429,530063,,Yashraj Containeurs,     4.9000,     4.9000,     4.5600,     4.6000,       3114,         27,               14662
VSWS,B,20260429,530065,,Lords Ishwar Hotels,    14.0600,    15.4000,    14.0600,    15.4000,        200,          2,                2946
VSWS,B,20260429,530067,,CSL Finance,   232.6500,   232.6500,   226.6500,   226.7500,        451,         35,              104037
VSWS,B,20260429,530073,,Sanghvi Movers,   305.9000,   317.0000,   303.4000,   313.6000,      20278,        717,             6325358
VSWS,B,20260429,530075,,Antelopus Selan Ener,   679.1500,   705.5000,   654.0000,   672.3500,      11475,        591,             7795396
VSWS,B,20260429,530077,,Puretrop Fruits,   181.4000,   185.0000,   173.7000,   176.0500,       4463,         96,              802194
VSWS,B,20260429,530079,,Faze Three,   454.8000,   469.9000,   454.0000,   463.5500,        368,         30,              169231
VSWS,B,20260429,530109,,Anupam Finserv,     2.0900,     2.1600,     2.0900,     2.1100,     153063,        189,              324130
VSWS,B,20260429,530111,,Raj Packaging Ind,    31.9000,    31.9000,    30.4000,    30.4000,         20,          2,                 623
VSWS,B,20260429,530117,,Privi Speciality Che,  3349.0000,  3349.0000,  3245.3500,  3319.5500,       4571,        809,            15071396
VSWS,B,20260429,530119,,Natraj Proteins,    36.2000,    37.7000,    35.1000,    36.2000,       1899,         22,               67712
VSWS,B,20260429,530125,,Samrat Pharmachem,   212.0000,   214.5000,   210.1000,   210.2000,        558,         18,              118653
VSWS,B,20260429,530127,,NPR Finance,    24.9000,    24.9000,    23.6600,    23.6600,       1580,         10,               37448
VSWS,B,20260429,530129,,Nile,  1644.7500,  1674.9000,  1644.7500,  1670.7500,        677,        205,             1127337
VSWS,B,20260429,530133,,Amco India,    71.1500,    74.7900,    71.1500,    71.1500,         93,          7,                6769
VSWS,B,20260429,530135,,Optiemus Infracom,   426.9500,   427.0000,   416.9000,   422.0000,       9218,        312,             3885377
VSWS,B,20260429,530139,,Kreon Fin Services,    31.9500,    31.9500,    30.0100,    31.9200,        168,          5,                5223
VSWS,B,20260429,530141,,Gyan Deve & Builders,    40.0000,    40.0000,    35.3000,    36.5600,       1848,         24,               66410
VSWS,B,20260429,530145,,Kisan Mouldings,    34.5000,    35.8400,    34.0100,    34.4000,     185639,        547,             6489717
VSWS,B,20260429,530163,,Kerala Ayurveda,   222.9500,   222.9500,   216.1000,   218.9000,       3014,        109,              661689
VSWS,B,20260429,530167,,Moongipa Capital Fin,    15.9900,    15.9900,    15.9700,    15.9700,        318,          8,                5082
VSWS,B,20260429,530169,,Mohit Paper Mills,    28.1000,    28.9900,    26.0000,    28.2900,      16521,        105,              451105
VSWS,B,20260429,530171,,Daulat Securities,    33.0000,    38.9000,    33.0000,    34.9500,       1010,         13,               35137
VSWS,B,20260429,530175,,Odyssey Technologies,    52.9700,    52.9700,    48.9900,    49.7300,       7832,         96,              394613
VSWS,B,20260429,530179,,RSC International,    31.0100,    31.0100,    31.0100,    31.0100,       4001,          7,              124071
VSWS,B,20260429,530185,,Surat Trade & Mercan,     4.5100,     4.7000,     4.5100,     4.6400,      48433,        194,              223712
VSWS,B,20260429,530187,,Atharv Enterprises,     4.0000,     4.0000,     4.0000,     4.0000,      18040,         13,               72160
VSWS,B,20260429,530197,,Fundviser Capital,   435.2000,   456.0000,   418.0500,   430.1000,      11450,         65,             4982552
VSWS,B,20260429,530199,,Themis Medicare,    94.3400,    95.6800,    92.5100,    93.2700,       4971,        180,              465461
VSWS,B,20260429,530201,,Kallam Textiles,     2.6200,     2.6900,     2.4900,     2.6400,      88283,        117,              224822
VSWS,B,20260429,530207,,Brawn Biotech,    21.8500,    21.8500,    21.8500,    21.8500,         93,          4,                2032
VSWS,B,20260429,530213,,Fortune Inter,    79.5500,    79.5500,    75.0000,    76.9900,       3154,         22,              239380
VSWS,B,20260429,530215,,Kings Infra Ventures,   120.9500,   121.7500,   118.2500,   120.3500,       7945,        124,              958008
VSWS,B,20260429,530217,,Swojas Foods,     7.9200,     8.1900,     7.5200,     7.8300,      62689,        127,              486980
VSWS,B,20260429,530219,,Nutricircle,   256.5500,   266.9500,   256.5500,   262.9500,       1421,         32,              366085
VSWS,B,20260429,530231,,Subhash Silk Mills,    62.6200,    62.6200,    62.6200,    62.6200,          2,          2,                 125
VSWS,B,20260429,530233,,Auro Laboratories,   250.0000,   250.0000,   243.0000,   243.3500,       2401,         69,              585929
VSWS,B,20260429,530235,,KJMC Financial Serv,    52.5000,    56.8100,    52.5000,    55.0000,        767,         23,               42032
VSWS,B,20260429,530239,,Suven Life Sciences,   221.8500,   222.4500,   216.0000,   217.2000,      14469,        297,             3166937
VSWS,B,20260429,530245,,Aryaman Fin Services,   610.0000,   615.0000,   600.0000,   611.2500,        453,         28,              275152
VSWS,B,20260429,530249,,Bridge Securities,    15.0000,    15.3900,    14.7100,    15.3700,       2590,         22,               39249
VSWS,B,20260429,530251,,Risa International,     0.5500,     0.5500,     0.5300,     0.5400,      85123,         57,               45801
VSWS,B,20260429,530253,,Rajasthan Tube Mfg,    14.2100,    15.1300,    13.8600,    13.9700,      24193,         82,              343620
VSWS,B,20260429,530255,,Kay Power and Paper,    12.0000,    12.7700,    11.7800,    11.8600,       9553,         31,              116339
VSWS,B,20260429,530259,,Inter State Oil Carr,    34.2900,    34.2900,    31.3000,    31.5700,        186,         11,                5925
VSWS,B,20260429,530263,,Global Cap Market,     0.5200,     0.5400,     0.5200,     0.5300,     170428,        130,               89445
VSWS,B,20260429,530267,,Arigato Universe,    50.0000,    52.1100,    49.6400,    52.1100,        274,         14,               13688
VSWS,B,20260429,530271,,Rich Universe Networ,     8.9900,     9.0600,     8.9900,     9.0600,       8273,         18,               74710
VSWS,B,20260429,530281,,Quantum Digital,    18.1000,    18.1000,    18.1000,    18.1000,          6,          1,                 108
VSWS,B,20260429,530289,,SP Capital Financing,    58.6000,    58.6000,    56.0000,    57.6600,        363,         11,               20620
VSWS,B,20260429,530295,,Shri Rajivlochan Oil,    22.4700,    22.4700,    22.4700,    22.4700,          1,          1,                  22
VSWS,B,20260429,530299,,Kothari Products,    73.0000,    74.0000,    72.1000,    73.0200,       1101,         78,               80429
VSWS,B,20260429,530305,,Piccadily Agro Ind,   669.9000,   697.6500,   605.5000,   611.5000,     149472,       6160,            95673240
VSWS,B,20260429,530307,,Chaman Lal Setia,   287.2500,   294.4000,   281.3000,   283.0000,      11204,        366,             3247323
VSWS,B,20260429,530309,,Chandra Prabhu,    14.4600,    14.8200,    14.1000,    14.6100,       8051,         41,              117902
VSWS,B,20260429,530313,,Kimia Biosciences,    35.5100,    36.5000,    35.0100,    35.8500,       3355,         36,              120308
VSWS,B,20260429,530315,,Hindustan Tin Works,   110.0500,   120.9900,   110.0000,   117.0700,      37992,        342,             4385759
VSWS,B,20260429,530317,,Godavari Drugs,   116.0100,   132.9600,   113.2500,   126.4000,      46918,        380,             5963004
VSWS,B,20260429,530331,,Premco Global,   427.0500,   441.0000,   427.0500,   429.0500,        302,         16,              129396
VSWS,B,20260429,530343,,Genus Power Infrastr,   312.5000,   319.4500,   310.0500,   312.1500,      67021,       1809,            21093684
VSWS,B,20260429,530355,,Asian Energy Service,   316.9500,   321.2500,   314.4500,   316.4500,       5397,        242,             1714302
VSWS,B,20260429,530357,,KBS India,     1.3400,     1.3400,     1.2600,     1.3100,      75328,        109,               98266
VSWS,B,20260429,530361,,Prabhhans Industries,    27.1800,    29.8800,    26.5000,    29.3400,       7837,         76,              231990
VSWS,B,20260429,530363,,Ugar Sugar Works,    40.9800,    42.8000,    40.9800,    42.4900,      13593,        102,              574237
VSWS,B,20260429,530365,,Orient Bell,   330.0000,   330.0000,   314.0000,   315.5500,       2961,        270,              948799
VSWS,B,20260429,530367,,NRB Bearings,   283.9500,   287.5000,   283.0000,   286.4500,       4499,        326,             1285361
VSWS,B,20260429,530369,,Vamshi Rubber,    48.0000,    48.0000,    42.3600,    43.4900,       3944,         48,              173746
VSWS,B,20260429,530377,,Nila Infrastructures,     8.4100,     8.5500,     8.3100,     8.3900,      13844,        117,              117055
VSWS,B,20260429,530393,,DB (Intl) Stock Brok,    27.5500,    28.1800,    27.0000,    27.4500,        926,         14,               25289
VSWS,B,20260429,530401,,Vinyoflex,    53.9900,    55.0000,    52.0100,    53.8000,        480,          9,               25878
VSWS,B,20260429,530405,,Jindal Capital,    35.0000,    36.3600,    33.4400,    34.0200,       4623,         50,              156325
VSWS,B,20260429,530407,,Epic Energy,    43.7200,    43.7200,    40.0000,    41.1800,       6768,         79,              280403
VSWS,B,20260429,530419,,Sumedha Fiscal Serv,    39.1500,    40.5000,    39.0100,    39.2300,       8799,         45,              350177
VSWS,B,20260429,530421,,Kuwer Industries,    11.6500,    12.2000,    11.6500,    12.2000,        501,          5,                5892
VSWS,B,20260429,530427,,Choksi Asia,   149.0000,   153.1500,   149.0000,   149.2000,       3347,        120,              503998
VSWS,B,20260429,530429,,Ashish Polyplast,    34.0000,    34.0000,    29.5000,    29.7000,       1885,         23,               56693
VSWS,B,20260429,530433,,Shiva Global Agro In,    45.2000,    45.2000,    39.5800,    39.7100,       7101,         66,              292936
VSWS,B,20260429,530439,,Siddha Ventures,     4.5700,     4.5700,     4.4500,     4.4500,       5550,         19,               25226
VSWS,B,20260429,530445,,Sumeru Industries,     1.9200,     1.9200,     1.7100,     1.7700,      57835,         89,              100318
VSWS,B,20260429,530449,,Rungta Irrigation,    57.0000,    57.0000,    52.7500,    53.2000,       1289,         14,               72297
VSWS,B,20260429,530457,,GTT Data Solutions,    52.3800,    54.6000,    52.0100,    53.9800,      12475,         87,              663361
VSWS,B,20260429,530459,,Valson Industries,    34.0000,    34.0000,    30.7600,    30.8400,        701,         14,               22145
VSWS,B,20260429,530461,,Saboo Sodium Chloro,    13.5100,    13.8000,    13.5100,    13.7700,      15728,         60,              215109
VSWS,B,20260429,530475,,Tinna Rubber & Infra,   731.4000,   731.4000,   710.0000,   711.4500,       1406,        155,             1012572
VSWS,B,20260429,530477,,Vikram Thermo,   152.1500,   156.8000,   151.2000,   152.8500,       3010,         72,              461419
VSWS,B,20260429,530495,,Stratmont Industries,    58.2600,    58.5500,    58.2600,    58.5000,         16,          6,                 935
VSWS,B,20260429,530499,,AK Capital Services,  1550.0000,  1650.0000,  1521.0500,  1547.6500,        671,         39,             1053455
VSWS,B,20260429,530517,,Relaxo Footwears,   307.1500,   307.1500,   301.7500,   304.3000,      14933,        702,             4545540
VSWS,B,20260429,530521,,Virat Industries,   501.7000,   544.4000,   501.7000,   530.6000,        566,         28,              304922
VSWS,B,20260429,530525,,Rajnish Retail,     2.4200,     2.4600,     2.3000,     2.3300,     752761,        504,             1809577
VSWS,B,20260429,530533,,Terai Tea Company,   101.8000,   105.0000,   101.0000,   101.0000,        353,         15,               36222
VSWS,B,20260429,530537,,Manraj Housing Fin,    36.5000,    36.5000,    36.5000,    36.5000,          1,          1,                  36
VSWS,B,20260429,530545,,Cosco (India),   224.9500,   225.0000,   210.5000,   212.0500,       3668,        109,              803619
VSWS,B,20260429,530549,,Shilpa Medicare,   410.0000,   413.0000,   400.6500,   404.2000,      33652,        856,            13606358
VSWS,B,20260429,530555,,Paramount Commu,    39.1800,    41.2000,    39.0000,    39.4600,      85796,        672,             3410619
VSWS,B,20260429,530557,,NCL Research & Fin,     0.5100,     0.5300,     0.5000,     0.5100,    1841651,        729,              947712
VSWS,B,20260429,530571,,Explicit Finance,     9.4500,     9.9200,     9.4500,     9.9200,         15,          2,                 144
VSWS,B,20260429,530579,,U Y Fincorp,    14.4900,    14.5500,    14.3000,    14.4300,      10023,         65,              144796
VSWS,B,20260429,530581,,Ekam Leasing & Fin,     7.7800,     7.9900,     7.3700,     7.3700,        393,         11,                3060
VSWS,B,20260429,530585,,Swastika Investmart,    75.5000,    75.5000,    70.0200,    71.4100,      34260,        128,             2488190
VSWS,B,20260429,530589,,Prima Plastics,   102.4500,   102.8500,    98.0500,   102.4800,      10368,        142,             1052859
VSWS,B,20260429,530595,,TeleCanor Global,    35.7400,    35.7400,    33.6100,    34.5400,      13078,         87,              451632
VSWS,B,20260429,530601,,Jagsonpal Services,    49.5000,    54.5000,    49.5000,    54.5000,        121,          4,                6339
VSWS,B,20260429,530615,,Garg Furnace,   150.0000,   150.0000,   143.5000,   145.1500,        943,         40,              139082
VSWS,B,20260429,530617,,Sampre Nutritions,    18.0500,    18.2800,    16.8300,    17.2500,     761379,        688,            13395274
VSWS,B,20260429,530621,,Akar Auto Industries,    90.0000,    91.9500,    88.2600,    91.9300,       1840,         24,              167554
VSWS,B,20260429,530627,,Vipul Organics,   207.5500,   207.5500,   195.5500,   195.5500,       2824,         38,              558909
VSWS,B,20260429,530643,,Eco Recycling,   454.0000,   461.9000,   441.2500,   447.0500,     142847,       3287,            64783353
VSWS,B,20260429,530655,,Goodluck India,  1261.3500,  1290.7000,  1242.2500,  1275.0500,       5017,        556,             6396109
VSWS,B,20260429,530663,,Goyal Associates,     0.9400,     0.9500,     0.9400,     0.9500,      29201,         60,               27723
VSWS,B,20260429,530665,,Zenith Health Care,     3.3000,     3.3100,     3.2200,     3.2300,      17934,        118,               58776
VSWS,B,20260429,530675,,York Exports,    65.8700,    65.8700,    63.9900,    63.9900,         67,          3,                4289
VSWS,B,20260429,530677,,Supreme Holdings & H,    51.6200,    52.5000,    51.1000,    51.3600,       1267,         39,               65783
VSWS,B,20260429,530689,,Lykis,    48.6500,    49.7400,    45.9000,    46.1800,     167972,        331,             7868756
VSWS,B,20260429,530695,,Prime Property Dev,    21.4600,    23.3000,    20.6500,    21.5300,       4154,         33,               87359
VSWS,B,20260429,530697,,Zenlabs Ethica,    23.4800,    23.4800,    22.0000,    22.9900,        544,         14,               12267
VSWS,B,20260429,530699,,Raj Rayon Industries,    21.7900,    21.7900,    21.2200,    21.4200,        236,         15,                5055
VSWS,B,20260429,530705,,Anirit Ventures,    56.0600,    59.9900,    56.0500,    56.0500,       2688,         31,              150730
VSWS,B,20260429,530709,,Gowra Leasing & Fin,    82.0000,    82.0000,    81.0000,    81.0000,        679,         14,               55087
VSWS,B,20260429,530711,,Jagan Lamps,    54.9500,    54.9600,    53.0000,    53.9300,       8697,         65,              473923
VSWS,B,20260429,530741,,Ovobel Foods,   145.0000,   146.0000,   141.5000,   144.4500,       2386,         62,              343853
VSWS,B,20260429,530745,,ACS Technologies,    38.3100,    39.3700,    38.3100,    38.3400,      33816,         84,             1296578
VSWS,B,20260429,530747,,Challani Capital,    21.9000,    21.9000,    20.5500,    21.0100,         66,          9,                1395
VSWS,B,20260429,530755,,Coral Papers & News,    11.0000,    11.5000,    11.0000,    11.5000,        362,          6,                4162
VSWS,B,20260429,530757,,Shentracon Chemicals,    79.9200,    79.9200,    79.9200,    79.9200,        100,          1,                7992
VSWS,B,20260429,530759,,Sterling Tools,   262.2500,   262.8000,   254.0000,   255.9500,       4333,         95,             1114890
VSWS,B,20260429,530765,,Agarwal Fortune Indi,    19.5000,    19.5000,    19.0100,    19.5000,        131,          6,                2507
VSWS,B,20260429,530789,,Ceejay Finance,   192.5000,   201.5500,   182.4000,   194.9500,        153,          9,               29404
VSWS,B,20260429,530795,,Suncity Synthetics,    14.2600,    14.3300,    14.2600,    14.3300,        200,          5,                2865
VSWS,B,20260429,530797,,Shree Ganesh Elasto,    19.3600,    19.3600,    19.3600,    19.3600,        100,          1,                1936
VSWS,B,20260429,530799,,Anna Infrastructures,    34.6600,    36.4900,    31.3700,    34.3400,       1435,         54,               47088
VSWS,B,20260429,530803,,Bhageria Industries,   173.4000,   177.8500,   173.4000,   174.3500,       1774,         98,              311052
VSWS,B,20260429,530805,,Onesource Industries,     8.1900,     8.2000,     7.7000,     8.0900,     110288,        274,              877948
VSWS,B,20260429,530809,,BNR Udyog,    32.5900,    32.5900,    29.0000,    29.6100,        540,         14,               16159
VSWS,B,20260429,530813,,K R B L,   375.0000,   378.0000,   367.2000,   370.6000,      17323,        735,             6459682
VSWS,B,20260429,530821,,S S P D L,    14.6300,    14.6300,    14.5900,    14.6300,        540,          7,                7899
VSWS,B,20260429,530825,,Daikaffil Chemicals,    39.6500,    39.9500,    37.6700,    37.6700,      17186,         85,              658043
VSWS,B,20260429,530829,,Cil Securities,    40.0000,    43.8900,    39.8000,    42.0000,        310,         16,               12506
VSWS,B,20260429,530839,,Clio Infotech,     7.9700,     8.7900,     7.9700,     8.7900,      50317,         47,              417054
VSWS,B,20260429,530843,,Cupid,   111.5600,   116.0000,   111.5600,   115.8500,    2081299,      11303,           238425046
VSWS,B,20260429,530845,,Sunshield Chemicals,   880.5000,   899.0000,   871.0000,   880.5500,        704,         34,              620967
VSWS,B,20260429,530853,,Hipolin,    87.2700,    87.2700,    85.5000,    87.2700,        449,         13,               39077
VSWS,B,20260429,530855,,GDL Leasing & Fin,    88.9900,    88.9900,    88.9900,    88.9900,        712,          5,               63360
VSWS,B,20260429,530871,,Chembond Material Te,   152.8500,   181.9000,   151.6500,   154.3000,        152,         11,               23608
VSWS,B,20260429,530879,,Capital India Financ,    27.9900,    28.4000,    27.3000,    27.7100,      62380,        920,             1734703
VSWS,B,20260429,530881,,Arunjyoti Bio Ventur,     7.2600,     7.2600,     7.2600,     7.2600,     208936,        455,             1516875
VSWS,B,20260429,530883,,Super Crop Safe,     9.0400,     9.4500,     9.0400,     9.3500,     113237,         96,             1051289
VSWS,B,20260429,530897,,NG Industries,   147.0000,   147.0000,   130.0000,   139.1000,         22,          4,                3060
VSWS,B,20260429,530899,,Asia Pack,    59.3200,    59.3200,    58.4900,    58.5000,        472,          6,               27614
VSWS,B,20260429,530907,,SI Capital & Fin Ser,    35.0600,    35.0600,    35.0600,    35.0600,         30,          1,                1051
VSWS,B,20260429,530919,,Remsons Industries,   110.0000,   113.7900,   106.3500,   106.8800,       5555,        280,              605406
VSWS,B,20260429,530925,,Ramsons Projects,    92.1600,   101.7400,    92.1000,    98.1000,        325,         10,               32639
VSWS,B,20260429,530931,,Stanpacks (India),    11.3900,    11.3900,    11.3900,    11.3900,       2701,          8,               30764
VSWS,B,20260429,530943,,Aqylon Nexus,    48.5000,    50.1200,    47.2100,    49.2700,     124669,       5587,             6032048
VSWS,B,20260429,530951,,Raminfo,    54.6900,    56.0000,    54.6900,    55.2400,       2918,         38,              161582
VSWS,B,20260429,530953,,Sunil Agro Foods,    84.0000,    84.0000,    82.5000,    82.5000,          6,          2,                 496
VSWS,B,20260429,530959,,Diana Tea Company,    27.6000,    27.6000,    27.0200,    27.0200,       2478,         24,               67642
VSWS,B,20260429,530961,,Vikas EcoTech,     1.3900,     1.4000,     1.3500,     1.4000,     247681,        240,              340109
VSWS,B,20260429,530965,,Indian Oil Corp,   146.0000,   147.3000,   143.9500,   144.2500,    2200694,      24353,           320980836
VSWS,B,20260429,530973,,Alfa Ica (India),    72.0000,    72.6500,    72.0000,    72.6500,         29,          2,                2089
VSWS,B,20260429,530977,,Shri Keshav Cements,   160.9500,   180.0000,   150.0000,   155.0000,      69925,        115,            11156133
VSWS,B,20260429,530979,,India Home Loan,    30.3300,    32.0500,    30.0000,    30.6900,      13603,        116,              415860
VSWS,B,20260429,530991,,Roopa Industries,    57.9000,    57.9000,    57.7700,    57.7800,        251,         15,               14502
VSWS,B,20260429,530993,,Sarthak Global,    35.1100,    35.1100,    33.3600,    33.3600,         52,          2,                1738
VSWS,B,20260429,530997,,Unique Organic,    95.0100,    96.8000,    93.0100,    95.8700,       1169,         82,              111830
VSWS,B,20260429,530999,,Balaji Amines,  1315.2500,  1345.2000,  1288.0000,  1298.1000,       9447,        758,            12529258
VSWS,B,20260429,531003,,Swarna Securities,    78.0000,    78.0000,    78.0000,    78.0000,          1,          1,                  78
VSWS,B,20260429,531015,,Venmax Drugs Pharma,    26.9000,    26.9000,    22.9000,    25.5200,       1454,         35,               36276
VSWS,B,20260429,531017,,Arihant's Securities,    21.2500,    24.6000,    21.2500,    23.4400,       5855,         44,              133249
VSWS,B,20260429,531025,,Visagar Fin Services,     0.3700,     0.3800,     0.3700,     0.3700,     702647,        492,              261823
VSWS,B,20260429,531033,,Regal Entertainment,    15.1900,    15.9400,    15.0100,    15.9400,      47614,         34,              751528
VSWS,B,20260429,531035,,Eraaya Lifespaces,    30.5700,    30.5700,    29.0400,    29.1900,     133976,        505,             3946764
VSWS,B,20260429,531041,,Competent Automobile,   358.1500,   362.2000,   358.0000,   361.4000,        258,         16,               93169
VSWS,B,20260429,531043,,Dhanvantri Jeevan,    25.0200,    25.0200,    25.0100,    25.0100,         13,          2,                 325
VSWS,B,20260429,531049,,Neelkanth Rockmine,    19.3900,    20.3200,    19.3900,    20.2800,        279,         15,                5640
VSWS,B,20260429,531051,,Vintage Securities,    13.9000,    13.9000,    13.9000,    13.9000,        273,          2,                3794
VSWS,B,20260429,531067,,Contil India,    27.5500,    27.8900,    26.1600,    26.7200,       2812,         66,               75475
VSWS,B,20260429,531069,,Vijay Solvex,   600.0000,   609.0000,   580.0000,   592.5000,        189,         12,              112553
VSWS,B,20260429,531080,,Shri Krishna Devcon,    47.3200,    49.0500,    47.1500,    47.1600,       3575,         43,              169270
VSWS,B,20260429,531082,,Alankit,     9.2000,     9.4400,     9.2000,     9.3600,      25333,        124,              236516
VSWS,B,20260429,531091,,United Credit,    24.4000,    26.9800,    24.4000,    25.9900,        166,          5,                4065
VSWS,B,20260429,531092,,Om Infra,    93.4000,    93.8000,    91.8400,    93.5500,       3369,         58,              312929
VSWS,B,20260429,531099,,Checkpoint Trends,    44.4400,    44.4400,    44.4400,    44.4400,      22942,         33,             1019542
VSWS,B,20260429,531109,,Ishan Dyes And Chemi,    62.0000,    63.9000,    60.0000,    60.0000,       2525,         29,              151955
VSWS,B,20260429,531111,,Gothi Plascon (India,    37.5400,    37.5400,    36.1500,    36.1500,        700,          2,               26139
VSWS,B,20260429,531112,,Balu Forge Industrie,   504.0000,   531.0000,   499.8500,   512.6500,      86008,       2308,            44644257
VSWS,B,20260429,531119,,Ceenik Exports (I),   253.5500,   265.0000,   252.5000,   253.1000,        905,         51,              231669
VSWS,B,20260429,531120,,Patel Engineering,    29.2600,    29.7100,    28.6200,    28.7200,     733113,       3622,            21283958
VSWS,B,20260429,531126,,Kati Patang Lifestyl,    20.4000,    20.7000,    19.2600,    19.4700,      43454,        120,              858056
VSWS,B,20260429,531129,,Inani Marbles & Ind,    12.5000,    12.5000,    11.5000,    11.9300,      12340,         41,              146285
VSWS,B,20260429,531137,,Gemstone Investments,     1.6500,     1.8800,     1.6500,     1.7300,      73671,        140,              130274
VSWS,B,20260429,531144,,EL Forge,    15.5000,    15.5400,    15.0200,    15.3100,       6778,         37,              103370
VSWS,B,20260429,531146,,Medicamen Biotech,   253.0000,   257.6500,   248.0000,   248.1500,         84,         31,               21305
VSWS,B,20260429,531147,,Alicon Castalloy,   703.6000,   711.4000,   699.0000,   702.7000,        203,         37,              143624
VSWS,B,20260429,531153,,Diligent Industries,     2.5600,     2.6500,     2.5200,     2.5600,      44352,        164,              115009
VSWS,B,20260429,531155,,Epsom Properties,     9.7100,     9.7100,     9.7000,     9.7000,         54,          3,                 524
VSWS,B,20260429,531156,,Alfavision Overseas,    14.9500,    14.9500,    14.9500,    14.9500,      46117,         37,              689449
VSWS,B,20260429,531157,,Organic Coatings,    20.2500,    22.3000,    20.2500,    20.3500,       2514,          9,               53505
VSWS,B,20260429,531158,,Catvision,    18.5000,    20.5000,    18.5000,    19.1200,        867,         32,               16883
VSWS,B,20260429,531161,,ABM Knowledgeware,   225.0000,   225.0000,   222.9500,   222.9500,        121,          5,               27130
VSWS,B,20260429,531162,,Emami,   459.9500,   466.4500,   454.9500,   458.2000,       9840,        466,             4526371
VSWS,B,20260429,531163,,Kemistar Corporation,    62.5200,    68.0000,    62.0000,    64.7700,       1091,         24,               68540
VSWS,B,20260429,531168,,Associated Ceramics,   173.0000,   173.0000,   173.0000,   173.0000,          2,          2,                 346
VSWS,B,20260429,531169,,SKP Securities,    97.0000,    97.0000,    95.0000,    96.0100,       2093,         33,              200875
VSWS,B,20260429,531173,,Syschem (India),    51.0100,    51.8800,    50.0000,    51.7800,      20702,        108,             1062097
VSWS,B,20260429,531176,,Mefcom Capital Mkt,    11.6800,    11.6800,    11.1500,    11.4200,       1687,         39,               19161
VSWS,B,20260429,531178,,Hemang Resources,    18.0100,    18.0100,    17.1000,    17.1500,        778,         14,               13321
VSWS,B,20260429,531179,,Arman Financial Serv,  1513.6500,  1567.4000,  1497.0000,  1527.1500,        600,        108,              915424
VSWS,B,20260429,531190,,Eforu Entertainment,    87.5300,    87.5300,    87.4000,    87.4000,        760,          6,               66479
VSWS,B,20260429,531199,,Glance Finance,   180.7500,   180.7500,   180.7500,   180.7500,          2,          1,                 361
VSWS,B,20260429,531201,,Shilchar Technologie,  5237.3000,  5284.0000,  5040.5000,  5057.1500,       5328,        969,            27214656
VSWS,B,20260429,531205,,Spright Agro,     0.4900,     0.4900,     0.4900,     0.4900,    1523091,        494,              746314
VSWS,B,20260429,531209,,Nucleus Software Exp,   787.2500,   800.0000,   787.2500,   793.1500,       2106,        146,             1672490
VSWS,B,20260429,531210,,Colinz Laboratories,    47.1500,    47.9900,    43.7600,    47.8400,       2987,         20,              138917
VSWS,B,20260429,531212,,Nalin Lease Finance,    44.1700,    47.4900,    44.1700,    46.6300,       1125,         36,               51137
VSWS,B,20260429,531213,,Manappuram Finance,   294.4500,   298.8500,   293.3500,   295.4500,      63975,       1811,            18937698
VSWS,B,20260429,531215,,RTS Power Corp,   140.0000,   145.0000,   138.0000,   138.0800,       4657,         46,              650216
VSWS,B,20260429,531216,,Comfort Intech,     7.4000,     7.4000,     7.0400,     7.1900,      68258,        275,              492567
VSWS,B,20260429,531219,,Shyama Computronics,     2.9000,     2.9000,     2.9000,     2.9000,        300,          3,                 870
VSWS,B,20260429,531223,,Anjani Synthetics,    28.4900,    28.4900,    27.5800,    28.2900,        651,         22,               18400
VSWS,B,20260429,531225,,XTGlobal Infotech,    32.6000,    32.6000,    30.8900,    30.9900,       2848,        139,               89530
VSWS,B,20260429,531227,,Deco Mica,    62.9900,    62.9900,    59.1000,    59.2700,       5010,         36,              297132
VSWS,B,20260429,531228,,Rander Corporation,    10.7100,    10.7100,    10.7100,    10.7100,        122,          4,                1306
VSWS,B,20260429,531233,,Rasi Electrodes,    13.8100,    14.3000,    13.8100,    14.0700,       2421,         38,               34036
VSWS,B,20260429,531234,,Scoobee Day Garments,    67.4100,    67.4400,    67.0500,    67.4000,        236,          8,               15872
VSWS,B,20260429,531235,,Citi Port Fin Serv,    44.0000,    44.1300,    44.0000,    44.1300,       1001,          4,               44174
VSWS,B,20260429,531237,,Dhruva Capital Serv,   331.8000,   338.4000,   331.8000,   338.4000,       2656,         15,              896150
VSWS,B,20260429,531241,,Linc,   110.5800,   110.5800,   100.4200,   101.8800,       3535,        183,              365017
VSWS,B,20260429,531246,,Prima Industries,    17.2500,    17.2500,    16.8000,    17.0000,        696,         12,               11841
VSWS,B,20260429,531253,,India Gelatine,   353.9000,   355.0000,   345.3000,   351.0000,       2095,         75,              736788
VSWS,B,20260429,531254,,Optimus Finance,    12.0000,    12.3000,    11.8000,    11.9300,      32341,        141,              390629
VSWS,B,20260429,531255,,Paragon Finance,    49.0000,    54.6800,    49.0000,    51.0000,       1365,         16,               69867
VSWS,B,20260429,531257,,Vellora Impact,    18.0000,    18.0000,    17.0100,    17.3300,       6289,         36,              110089
VSWS,B,20260429,531266,,VST Tillers Tractors,  5299.9500,  5299.9500,  5173.0000,  5187.4000,       1058,        245,             5515811
VSWS,B,20260429,531268,,B2B Software Techno,    28.0000,    28.6500,    27.8000,    28.0700,       6214,        110,              175568
VSWS,B,20260429,531273,,Radhe Developers (I),     1.6700,     1.6900,     1.6300,     1.6400,     103454,        144,              171999
VSWS,B,20260429,531274,,Kinetic Trust,    42.0500,    42.0500,    38.0800,    41.0000,         32,          4,                1285
VSWS,B,20260429,531278,,Elixir Capital,   109.1000,   114.0000,   105.0000,   107.2700,        546,         41,               58721
VSWS,B,20260429,531279,,Trishakti Industries,   171.8500,   171.8500,   162.0000,   162.1500,      20996,        197,             3486150
VSWS,B,20260429,531280,,Pankaj Polymers,    61.5100,    66.6000,    61.5100,    64.9800,      11816,         36,              763703
VSWS,B,20260429,531281,,Marble City India,    98.9700,   100.4900,    95.5000,    97.9500,     106384,         58,            10433049
VSWS,B,20260429,531286,,Adhata Global,    23.8000,    24.9900,    23.8000,    24.9900,        640,          2,               15827
VSWS,B,20260429,531287,,National Plastic Tec,   224.0000,   228.0000,   224.0000,   227.9000,        854,         15,              193605
VSWS,B,20260429,531288,,Lead Financial Ser,    14.4500,    15.0300,    14.4500,    15.0300,         87,          3,                1306
VSWS,B,20260429,531289,,National Fittings,   154.0000,   158.0000,   153.1000,   153.1000,        855,         22,              131940
VSWS,B,20260429,531297,,Artefact Projects,    65.0100,    65.4200,    63.1000,    63.8400,       1287,         31,               82529
VSWS,B,20260429,531301,,Tusaldah,   158.8000,   158.8500,   158.8000,   158.8500,          2,          2,                 317
VSWS,B,20260429,531304,,Nutech Global,    24.0000,    24.5000,    24.0000,    24.5000,        101,          3,                2424
VSWS,B,20260429,531306,,DHP India,   591.9000,   591.9000,   580.0000,   584.4500,        844,         32,              493693
VSWS,B,20260429,531307,,RRIL,    16.5600,    17.8600,    16.5600,    17.0100,      27953,        240,              480543
VSWS,B,20260429,531310,,Available Finance,   155.5000,   159.1000,   153.2000,   154.9500,      22397,         67,             3481357
VSWS,B,20260429,531314,,Integra Capital,    14.9900,    15.0000,    14.9900,    15.0000,        882,          4,               13226
VSWS,B,20260429,531319,,Maruti Global Indust,    37.0000,    43.8700,    37.0000,    43.8700,      17358,        131,              759100
VSWS,B,20260429,531322,,Sri Havisha Hospital,     1.5400,     1.6400,     1.5400,     1.6000,      14594,         19,               22687
VSWS,B,20260429,531323,,Jayatma Industries,    12.4600,    13.0500,    12.4600,    13.0500,         60,          2,                 765
VSWS,B,20260429,531324,,Roselabs Finance,    22.0000,    22.5000,    21.4000,    22.0000,       1135,         12,               24761
VSWS,B,20260429,531328,,Kretto Syscon,     0.5800,     0.6000,     0.5800,     0.5900,    2793903,        407,             1637551
VSWS,B,20260429,531334,,Vikalp Securities,    28.0100,    28.0100,    27.1000,    27.1000,       2225,          4,               61797
VSWS,B,20260429,531335,,Zydus Wellness,   490.5000,   502.0500,   487.1000,   500.1000,      30929,        909,            15342654
VSWS,B,20260429,531338,,Milestone Global,    18.8000,    18.8000,    18.8000,    18.8000,         42,          1,                 789
VSWS,B,20260429,531340,,Bervin Inv & Leas,    66.5000,    66.5000,    66.5000,    66.5000,          4,          1,                 266
VSWS,B,20260429,531341,,Ashtasidhhi Industri,    20.7200,    20.7200,    20.7200,    20.7200,          1,          1,                  20
VSWS,B,20260429,531344,,Container Corp,   512.3500,   521.8000,   508.8000,   514.7500,      26461,       1606,            13648320
VSWS,B,20260429,531346,,Eastern Treads,    28.5000,    29.9400,    28.5000,    28.6000,       1116,         12,               31934
VSWS,B,20260429,531349,,Panacea Biotec,   376.8000,   383.4000,   368.0500,   369.8500,       5486,        230,             2052165
VSWS,B,20260429,531352,,Peeti Securities,    21.8900,    22.0000,    21.8900,    21.9900,          9,          3,                 197
VSWS,B,20260429,531357,,Mercury Ev-Tech,    32.0000,    32.1000,    31.0000,    31.8900,      98727,        643,             3132927
VSWS,B,20260429,531358,,Choice International,   683.5500,   690.2000,   661.0000,   663.3000,      21917,       1294,            14738645
VSWS,B,20260429,531359,,Shriram Asset Mgmt,   324.8500,   340.8500,   321.0000,   323.6500,        868,         59,              282730
VSWS,B,20260429,531364,,Ekansh Concepts,   239.8000,   239.8000,   235.0000,   235.0000,      10428,         65,             2457855
VSWS,B,20260429,531370,,Sparc Electrex,     6.4500,     6.5500,     6.4500,     6.5500,      18504,         14,              119364
VSWS,B,20260429,531373,,Byke Hospitality,    38.1000,    39.2000,    37.5000,    37.6100,       6009,         23,              230477
VSWS,B,20260429,531381,,Arihant Foundations,   950.0000,   950.0000,   870.0000,   900.1500,       2378,         75,             2142094
VSWS,B,20260429,531390,,Upsurge Invt & Fin,    69.0000,    69.0000,    62.1000,    63.8400,      22804,         96,             1487884
VSWS,B,20260429,531395,,Padam Cotton Yarns,     0.9800,     1.0700,     0.9800,     0.9800,   33390934,       1518,            32830864
VSWS,B,20260429,531396,,Pagaria Energy,     9.7000,     9.7000,     9.7000,     9.7000,          1,          1,                   9
VSWS,B,20260429,531398,,Source Natural Foods,   151.4000,   151.4000,   127.5000,   128.3500,       4161,         29,              543806
VSWS,B,20260429,531399,,GG Automotive Gears,   169.1500,   173.0000,   167.0000,   168.0000,       5980,        144,             1015943
VSWS,B,20260429,531400,,Almondz Global Sec,    16.6500,    17.5800,    16.5000,    17.0000,      16879,        149,              289792
VSWS,B,20260429,531402,,LWS Knitwear,    16.2000,    16.5000,    15.7600,    16.4000,       1280,         16,               20388
VSWS,B,20260429,531411,,Tuni Textile Mills,     1.1400,     1.1700,     1.1000,     1.1400,     235560,        180,              263327
VSWS,B,20260429,531412,,Radix Industries (I),   184.0000,   191.0000,   182.5000,   182.5000,        114,         16,               21112
VSWS,B,20260429,531416,,Narendra Properties,    34.5100,    36.1400,    33.8800,    36.1100,        766,         10,               26747
VSWS,B,20260429,531417,,Mega Corporation,     3.8200,     4.0100,     3.7100,     4.0100,     685511,        278,             2696570
VSWS,B,20260429,531426,,Tamil Nadu Newsprint,   151.5500,   153.4500,   149.0000,   149.5500,       6680,        235,             1009440
VSWS,B,20260429,531431,,Shakti Pumps (India),   572.6500,   576.2000,   560.2000,   561.2000,      37466,       1642,            21334051
VSWS,B,20260429,531432,,Systematix Secu,    15.0000,    15.0000,    13.6100,    13.8400,        300,          3,                4152
VSWS,B,20260429,531433,,Sungold Capital,     3.6900,     3.6900,     3.4400,     3.6800,       1347,         18,                4932
VSWS,B,20260429,531436,,Saffron Industries,    32.0000,    32.9900,    30.7400,    31.9300,       2532,         52,               79816
VSWS,B,20260429,531437,,Prakash Woollen & Sy,    24.9900,    25.8000,    24.5000,    24.6600,       1016,         34,               25140
VSWS,B,20260429,531439,,Aion-Tech Solutions,    40.8500,    40.9000,    39.7600,    40.0000,       2394,        102,               96164
VSWS,B,20260429,531449,,GRM Overseas,   165.1500,   166.7500,   164.0000,   165.0000,      13330,        160,             2197205
VSWS,B,20260429,531453,,Mohit Industries,    24.7000,    24.7600,    23.6100,    24.1000,       1403,         22,               33585
VSWS,B,20260429,531454,,Polylink Polymers,    19.7400,    20.2500,    19.5400,    19.7600,       4066,         42,               80731
VSWS,B,20260429,531456,,Minaxi Textiles,     1.6000,     1.6000,     1.4800,     1.5900,       1550,         14,                2343
VSWS,B,20260429,531458,,Boston Commerce,     6.2900,     6.3000,     6.2900,     6.3000,       1108,          3,                6980
VSWS,B,20260429,531463,,Global Infra & Fin,    26.2000,    26.2000,    26.2000,    26.2000,          9,          4,                 235
VSWS,B,20260429,531465,,Nouveau Global Vent,     0.4900,     0.4900,     0.4900,     0.4900,      30324,         61,               14858
VSWS,B,20260429,531471,,Duke Offshore,    18.0100,    18.4900,    17.7100,    18.0000,       8167,         50,              146094
VSWS,B,20260429,531472,,Cybele Industries,    46.5000,    49.7200,    45.2500,    48.0600,      12939,         60,              602888
VSWS,B,20260429,531486,,Filmcity Media,     2.8000,     2.8000,     2.8000,     2.8000,        309,          6,                 865
VSWS,B,20260429,531489,,CG Vak Software,   210.0000,   214.5000,   204.0000,   212.1000,       3094,        111,              650378
VSWS,B,20260429,531494,,Navkar Urbanstructur,     0.7800,     0.8100,     0.7800,     0.8000,      80396,         53,               63773
VSWS,B,20260429,531495,,Blue Coast Hotels,    31.4900,    31.4900,    30.0200,    30.2000,       4532,         44,              137997
VSWS,B,20260429,531497,,Madhucon Projects,     5.1000,     5.3200,     5.1000,     5.1000,      11673,         11,               59810
VSWS,B,20260429,531499,,Sybly Industries,     1.8500,     1.8500,     1.8500,     1.8500,        425,          3,                 786
VSWS,B,20260429,531500,,Rajesh Exports,   127.6000,   132.6000,   124.5000,   125.1500,      23402,        540,             2999943
VSWS,B,20260429,531502,,Esaar (India),    11.2500,    11.4700,    11.2500,    11.4700,       5102,         21,               58519
VSWS,B,20260429,531503,,Maris Spinners,    30.4400,    30.4400,    28.0000,    28.9700,       1680,         30,               48970
VSWS,B,20260429,531508,,Eveready Industries,   325.2000,   328.3500,   322.5000,   326.3000,       1647,         64,              536121
VSWS,B,20260429,531509,,Step Two Corporation,    33.0000,    33.0000,    33.0000,    33.0000,          3,          1,                  99
VSWS,B,20260429,531512,,Orient Tradelink,    19.0000,    19.2900,    18.3000,    18.9100,     232778,        378,             4374347
VSWS,B,20260429,531518,,Vikas Proppant & Gra,     0.3000,     0.3100,     0.2900,     0.3000,     131965,         73,               39708
VSWS,B,20260429,531525,,ACE Software Exports,   149.8500,   149.8500,   141.0500,   143.9000,      25572,        106,             3679362
VSWS,B,20260429,531529,,Softrak Venture Inv,     1.7700,     1.8400,     1.7000,     1.7400,      50934,        117,               88794
VSWS,B,20260429,531531,,Hatsun Agro Products,   969.7500,   975.0500,   958.2500,   962.0500,        637,         64,              613936
VSWS,B,20260429,531533,,Accedere,    51.2700,    56.6500,    51.2700,    56.6500,       3430,         34,              191407
VSWS,B,20260429,531537,,Mizzen Ventures,   150.0000,   150.0000,   143.0000,   143.2000,        240,          4,               35031
VSWS,B,20260429,531539,,Rishabh Digha Steel,    36.9800,    36.9800,    33.5000,    34.3100,        151,         14,                5145
VSWS,B,20260429,531540,,Maruti Infra,    12.7000,    13.5000,    12.3100,    13.3400,      89966,        147,             1189569
VSWS,B,20260429,531543,,Jindal Worldwide,    26.9700,    26.9700,    25.9700,    26.1000,      26170,        155,              686169
VSWS,B,20260429,531548,,Somany Ceramics,   464.9500,   472.0000,   458.5500,   465.6500,       2344,        114,             1085202
VSWS,B,20260429,531550,,Jhaveri Credits,   183.0000,   183.9000,   173.9000,   175.0500,       2846,         38,              500379
VSWS,B,20260429,531552,,RTCL,    14.7500,    15.7500,    14.4100,    14.8000,       1729,         36,               25796
VSWS,B,20260429,531553,,Disha Resources,    24.0200,    24.0200,    22.8200,    22.8200,         22,          2,                 526
VSWS,B,20260429,531556,,Coral India Finance,    35.1000,    35.9000,    34.0800,    35.2300,       7842,         45,              278583
VSWS,B,20260429,531557,,Amit Securities,    54.4100,    54.4100,    51.8200,    53.6300,         43,          7,                2284
VSWS,B,20260429,531569,,Sanjivani Paranteral,   166.0500,   166.0500,   160.0000,   163.3000,      11365,        141,             1851697
VSWS,B,20260429,531572,,Ranjit Securities,    68.0600,    68.0600,    68.0600,    68.0600,         16,          3,                1088
VSWS,B,20260429,531574,,Vas Infrastructure,    10.0000,    10.1000,     9.5100,    10.0000,       3718,         13,               36698
VSWS,B,20260429,531578,,KMF Builders & Devel,     8.5000,     8.8500,     8.0800,     8.8100,       2279,         13,               19413
VSWS,B,20260429,531582,,Beryl Securities,    39.0200,    39.0200,    39.0200,    39.0200,         51,          2,                1990
VSWS,B,20260429,531583,,Rap Corp,    40.6000,    40.8000,    37.5700,    37.6400,       1053,         21,               41708
VSWS,B,20260429,531591,,BAMPSL Securities,    18.6500,    19.7400,    18.6500,    19.7400,       4899,         18,               94474
VSWS,B,20260429,531592,,Genpharmasec,     1.3200,     1.3200,     1.2400,     1.2400,     427605,        322,              539802
VSWS,B,20260429,531595,,Capri Global Capital,   184.5000,   186.5000,   182.6000,   183.7000,      84239,       1272,            15522399
VSWS,B,20260429,531599,,F D C,   366.5500,   367.6000,   362.1000,   363.7500,       1272,        214,              462610
VSWS,B,20260429,531608,,Gorani Industries,    53.9800,    53.9800,    47.9000,    52.7000,        580,         17,               28721
VSWS,B,20260429,531609,,KG Petrochem,   200.2500,   200.2500,   200.2500,   200.2500,        101,          3,               20225
VSWS,B,20260429,531616,,Starcom Info Techno,    48.1600,    48.1600,    48.1600,    48.1600,          1,          1,                  48
VSWS,B,20260429,531624,,Country Condo's,     5.4400,     5.4400,     5.1100,     5.1500,        623,         16,                3259
VSWS,B,20260429,531626,,Orosil Smiths India,     5.8000,     5.9900,     5.1800,     5.4900,     157292,        142,              883342
VSWS,B,20260429,531628,,Tejassvi Aaharam,    30.9200,    30.9200,    30.9200,    30.9200,       2001,          3,               61870
VSWS,B,20260429,531633,,Lincoln Pharm,   633.6000,   731.5000,   633.6000,   673.6000,     131456,       6088,            92564670
VSWS,B,20260429,531635,,Silver Oak (India),    80.1200,    89.5000,    80.1200,    84.5400,        673,         24,               56494
VSWS,B,20260429,531637,,Praveg,   307.0000,   324.0000,   306.9500,   316.9500,      35595,       1083,            11376686
VSWS,B,20260429,531638,,Suraj,   250.0000,   250.0000,   239.0000,   240.0000,         94,         27,               22718
VSWS,B,20260429,531642,,Marico,   789.5500,   791.3500,   776.2000,   778.0500,      25713,       1628,            20158678
VSWS,B,20260429,531644,,Tokyo Finance,    20.5100,    21.5000,    19.0000,    19.1400,       5243,         21,              104081
VSWS,B,20260429,531651,,National General,    62.3700,    65.6200,    59.3800,    59.3800,       6427,         41,              383232
VSWS,B,20260429,531652,,UVS Hosp & Services,    87.8500,    90.0000,    81.7100,    83.4600,      11339,         89,              969791
VSWS,B,20260429,531658,,Abate As Industries,    10.9000,    10.9000,    10.4200,    10.6200,       5399,         48,               58290
VSWS,B,20260429,531661,,Hittco Tools,    12.4900,    12.4900,    11.8800,    11.8800,         96,          7,                1147
VSWS,B,20260429,531663,,Yuvraaj Hygiene Prod,     8.6800,     8.6800,     7.8600,     8.1800,     192279,        285,             1626124
VSWS,B,20260429,531668,,Vision Corporation,     2.9000,     3.0000,     2.9000,     2.9900,       1221,          7,                3585
VSWS,B,20260429,531671,,Karnawati Innovation,     1.6600,     1.8100,     1.6600,     1.6800,      75863,        127,              126932
VSWS,B,20260429,531672,,Inani Securities,    23.9900,    23.9900,    23.9900,    23.9900,          1,          1,                  23
VSWS,B,20260429,531673,,Anka India,    28.6900,    28.6900,    28.6900,    28.6900,       5766,         11,              165426
VSWS,B,20260429,531676,,Emrock Corporation,   289.9000,   294.8500,   281.1000,   293.8500,       9548,        122,             2803527
VSWS,B,20260429,531680,,Mayur Leather,    20.5200,    20.5200,    18.6700,    19.8800,      11891,         34,              236912
VSWS,B,20260429,531681,,Amerise Biosciences,     0.7100,     0.7100,     0.7100,     0.7100,      41825,         23,               29695
VSWS,B,20260429,531685,,Frontline Financial,     4.5600,     4.5600,     4.5600,     4.5600,          3,          1,                  13
VSWS,B,20260429,531688,,Prithvi Exchange (I),   127.8000,   127.8000,   120.5100,   120.9800,        799,         16,               96637
VSWS,B,20260429,531692,,Khyati Multimedia,     3.0500,     3.0500,     3.0500,     3.0500,       2251,          6,                6865
VSWS,B,20260429,531694,,Rainbow Foundations,    44.8500,    48.2000,    44.8500,    45.6000,       4376,         33,              206578
VSWS,B,20260429,531716,,Tricom Fruit Product,     2.0100,     2.1100,     1.9100,     1.9100,       6314,         19,               13300
VSWS,B,20260429,531717,,Vidhi Specialty Food,   298.0000,   301.0000,   295.1000,   296.5000,        873,         48,              259155
VSWS,B,20260429,531719,,Bhagiradha Chemicals,   267.3000,   269.7000,   265.0500,   266.3500,       6346,         71,             1697638
VSWS,B,20260429,531723,,GACM Technologies,     0.4800,     0.5000,     0.4700,     0.4900,    3417721,        159,             1692424
VSWS,B,20260429,531726,,Panchsheel Organics,   117.0000,   117.0000,   111.5500,   113.8200,      22541,        169,             2551225
VSWS,B,20260429,531727,,Menon Pistons,    57.0600,    58.6900,    56.7100,    58.0000,       2981,         91,              171536
VSWS,B,20260429,531737,,Greencrest Fin Ser,     0.5200,     0.5200,     0.5000,     0.5000,     307780,        122,              154384
VSWS,B,20260429,531739,,Gennex Laboratories,    10.4800,    10.6400,    10.0700,    10.1100,     317039,        589,             3245132
VSWS,B,20260429,531744,,Gini Silk Mills,    59.9500,    59.9500,    57.5000,    57.9000,        174,          7,               10065
VSWS,B,20260429,531746,,Prajay Engineers,    24.7000,    24.7000,    21.9200,    22.0100,       5865,         64,              135678
VSWS,B,20260429,531752,,Biogen Pharma Ind,     0.4800,     0.4900,     0.4700,     0.4800,    2817978,       1111,             1349620
VSWS,B,20260429,531758,,GK Consultants,    12.2500,    12.2500,    11.8500,    11.9700,       3600,         13,               43103
VSWS,B,20260429,531761,,Apollo Pipes,   437.4500,   452.2000,   421.0000,   449.3000,      33080,        809,            14465219
VSWS,B,20260429,531762,,Unjha Formulations,    19.5000,    22.0000,    19.5000,    22.0000,         32,          2,                 649
VSWS,B,20260429,531768,,Poly Medicure,  1524.5500,  1536.5500,  1504.9000,  1520.0500,       3893,        506,             5917491
VSWS,B,20260429,531769,,PFL Infotech,     4.8900,     4.8900,     4.8000,     4.8000,       1122,          4,                5396
VSWS,B,20260429,531771,,Shraddha Prime Proje,   165.0000,   165.0000,   160.0000,   162.5500,      34678,        247,             5646900
VSWS,B,20260429,531778,,Kachchh Minerals,    28.9900,    28.9900,    28.4200,    28.5000,        259,          3,                7364
VSWS,B,20260429,531779,,Padmanabh Alloy,    14.0000,    14.0000,    14.0000,    14.0000,         20,          4,                 280
VSWS,B,20260429,531780,,Kaiser Corporation,     5.4000,     5.4000,     5.2000,     5.3200,      54745,        144,              291612
VSWS,B,20260429,531784,,KCL Infra Projects,     1.3300,     1.3300,     1.2900,     1.3100,      64499,        236,               84440
VSWS,B,20260429,531795,,Atul Auto,   484.8000,   496.5000,   484.8000,   493.2000,      11302,        498,             5562735
VSWS,B,20260429,531797,,Scan Projects,   122.5500,   134.5500,   122.0000,   129.9000,        806,         21,               99371
VSWS,B,20260429,531802,,Prerna Infrabuild,    23.8900,    24.3500,    23.1400,    23.6800,      35444,         67,              848411
VSWS,B,20260429,531810,,Metal Coatings (I),    59.0300,    59.0300,    57.2400,    58.0000,        641,         14,               37201
VSWS,B,20260429,531812,,SGN Telecoms,     0.5700,     0.5800,     0.5700,     0.5800,       6644,         21,                3832
VSWS,B,20260429,531814,,Tirupati Sarjan,     9.0100,     9.4900,     9.0100,     9.4000,       4082,         36,               38189
VSWS,B,20260429,531822,,Rodium Realty,   171.9500,   175.0000,   161.7500,   172.9500,        264,         21,               45071
VSWS,B,20260429,531834,,Natura Hue Chem,    16.2000,    16.5300,    15.0000,    16.2100,      14495,         30,              236725
VSWS,B,20260429,531840,,IEC Education,    25.8500,    27.0400,    25.8000,    26.5500,        974,         11,               25191
VSWS,B,20260429,531841,,Indus Finance,    86.0000,    86.0000,    79.6100,    80.7700,       2279,         63,              188893
VSWS,B,20260429,531842,,Lahoti Overseas,    50.9900,    50.9900,    46.6000,    48.3600,      67445,        488,             3302382
VSWS,B,20260429,531845,,Zenith Steel Pipes,     6.6100,     6.6100,     6.3500,     6.4000,       8108,         55,               52226
VSWS,B,20260429,531846,,Trinity League (I),    12.6500,    12.6500,    12.6300,    12.6300,         20,          2,                 252
VSWS,B,20260429,531859,,Oriental Rail Infras,   134.9000,   136.7500,   129.2500,   133.0000,      80099,        782,            10599182
VSWS,B,20260429,531861,,Joindre Capital Ser,    49.9900,    50.0000,    47.4900,    47.5700,       3253,         46,              156634
VSWS,B,20260429,531862,,Bharat Agri Fert,    29.4700,    29.9000,    28.8500,    28.9600,       4393,         95,              128066
VSWS,B,20260429,531867,,Unitech Intl,     3.4900,     3.7200,     3.4100,     3.5800,       9979,         46,               35166
VSWS,B,20260429,531869,,Sacheta Metals,     3.9900,     3.9900,     3.8500,     3.8800,     304761,        207,             1185599
VSWS,B,20260429,531870,,Popular Estate Manag,    18.4200,    18.4200,    18.4200,    18.4200,          2,          2,                  36
VSWS,B,20260429,531878,,Anjani Finance,     9.5500,    10.1000,     9.2700,     9.9100,        762,         17,                7506
VSWS,B,20260429,531888,,Rexnord Electronics,    72.5000,    72.5000,    68.4000,    68.8200,       1999,         55,              138377
VSWS,B,20260429,531889,,Nurture Well Industr,    35.8300,    36.4700,    34.5700,    34.7100,     700271,       2408,            24553404
VSWS,B,20260429,531892,,Khandwala Securities,    18.7900,    18.7900,    16.3000,    16.3000,          4,          4,                  70
VSWS,B,20260429,531893,,Sawaca Enterprises,     0.3700,     0.3800,     0.3700,     0.3800,     870237,        320,              323508
VSWS,B,20260429,531900,,CCL International,    26.0000,    27.8500,    26.0000,    27.0000,       1342,         24,               35802
VSWS,B,20260429,531902,,Gallops Enterprise,    23.0000,    23.0000,    21.8500,    21.8500,        302,         11,                6657
VSWS,B,20260429,531909,,Croissance,     1.8500,     1.9100,     1.7300,     1.8600,     484550,        290,              873287
VSWS,B,20260429,531910,,JOJO,   235.6000,   245.0000,   228.9500,   232.3500,       2978,         38,              705598
VSWS,B,20260429,531911,,Galaxy Agrico Export,    48.0000,    52.0000,    48.0000,    52.0000,      89336,         19,             4541790
VSWS,B,20260429,531913,,Castora Agri Commodi,    16.4400,    16.7700,    15.4500,    16.0100,      11034,         47,              177484
VSWS,B,20260429,531918,,Hindustan Appliances,   106.5000,   106.5000,   101.1800,   102.7900,        216,         15,               22520
VSWS,B,20260429,531921,,Agarwal Ind Corp,   438.7000,   441.1000,   431.2500,   432.3500,       1452,        110,              632847
VSWS,B,20260429,531923,,Dhampure Specialty,   120.0000,   121.0000,   116.5500,   120.6500,       3137,         51,              376498
VSWS,B,20260429,531925,,52 Weeks Entertainme,     1.1500,     1.1500,     1.1500,     1.1500,      16391,          7,               18849
VSWS,B,20260429,531928,,Golden Carpets,    10.6500,    11.7700,    10.6500,    11.7700,         10,          2,                 112
VSWS,B,20260429,531930,,Sarthak Industries,    27.5000,    27.5000,    26.5000,    26.5600,        212,         10,                5686
VSWS,B,20260429,531931,,SAI Capital,   187.5000,   188.9500,   156.6000,   156.9000,      23635,        456,             3907194
VSWS,B,20260429,531944,,Lexoraa Industries,    17.1000,    20.7500,    17.1000,    18.0100,        899,         15,               17517
VSWS,B,20260429,531950,,Vertex Securities,     3.0900,     3.1000,     2.9300,     2.9700,     101931,        107,              307340
VSWS,B,20260429,531952,,Riba Textiles,    63.6500,    66.9500,    62.6100,    64.3800,       2774,         37,              177587
VSWS,B,20260429,531959,,Newtime Infrastructu,     1.9900,     2.0200,     1.9400,     1.9900,     116197,        144,              230699
VSWS,B,20260429,531962,,Shree Metalloys,    43.9400,    43.9400,    41.1200,    41.4100,        786,         36,               33311
VSWS,B,20260429,531971,,Popees Baby Care (I),   153.1500,   153.1500,   153.1500,   153.1500,        160,          3,               24504
VSWS,B,20260429,531977,,Chartered Logistics,     7.8400,     7.8400,     7.2900,     7.3500,     128830,        127,              947643
VSWS,B,20260429,531978,,Ambika Cotton Mills,  1505.8000,  1521.7000,  1483.5500,  1489.5500,        112,         34,              167977
VSWS,B,20260429,531979,,Hind Aluminium Ind,   106.9000,   106.9000,   102.9600,   103.0100,       4086,        121,              422915
VSWS,B,20260429,531982,,Spectrum Foods,    13.7500,    13.7500,    13.0200,    13.4000,       5893,         31,               78302
VSWS,B,20260429,531989,,Deccan Polypacks,    37.0000,    37.0000,    37.0000,    37.0000,          6,          1,                 222
VSWS,B,20260429,531991,,Amraworld Agrico,     0.5800,     0.5800,     0.5700,     0.5700,      54554,         47,               31112
VSWS,B,20260429,531994,,Auto Pins (India),   181.0000,   181.0000,   180.9000,   180.9500,        138,         13,               24965
VSWS,B,20260429,531996,,Odyssey Corporation,     8.6500,     8.6500,     8.3000,     8.3200,      17090,         57,              142676
VSWS,B,20260429,531997,,Ikoma Technologies,    41.8600,    46.2600,    41.8600,    45.7700,     171823,        325,             7633638
VSWS,B,20260429,532001,,Inducto Steel,    49.1000,    58.1000,    49.1000,    50.6000,       1309,         40,               66523
VSWS,B,20260429,532005,,Sam Industries,    45.8500,    46.8500,    43.5000,    43.5000,        501,          4,               23467
VSWS,B,20260429,532007,,Shreevatsaa Finance,    31.4300,    31.4300,    31.4300,    31.4300,        100,          2,                3143
VSWS,B,20260429,532011,,Vashu Bhagnani Indus,    80.7000,    89.1700,    80.6900,    89.1700,      15552,        140,             1331313
VSWS,B,20260429,532015,,Gravity India,    13.6000,    13.6000,    13.6000,    13.6000,      14637,         28,              199063
VSWS,B,20260429,532016,,Espire Hospitality,   232.0500,   232.0500,   220.0000,   227.3000,      10392,         55,             2378069
VSWS,B,20260429,532019,,LCC Infotech,     5.1300,     5.1300,     5.1300,     5.1300,       7244,         11,               37161
VSWS,B,20260429,532022,,Filatex Fashions,     0.2700,     0.2700,     0.2700,     0.2700,    2836263,        256,              765791
VSWS,B,20260429,532029,,Sindhu Trade Links,    23.4700,    24.0500,    23.1400,    23.2500,     127384,        223,             3019955
VSWS,B,20260429,532039,,Zenotech Laboratorie,    46.5000,    46.5000,    45.1000,    45.5300,       5522,         30,              251146
VSWS,B,20260429,532041,,Hindustan Bio Scienc,     9.2100,     9.3000,     8.7500,     9.2100,       4988,         35,               45174
VSWS,B,20260429,532042,,Frontline Corp,    36.9900,    36.9900,    36.9900,    36.9900,          1,          1,                  36
VSWS,B,20260429,532051,,Swelect Energy Syste,   673.8500,   675.4500,   665.0000,   668.9500,        939,         69,              629015
VSWS,B,20260429,532053,,Wallfort Fin Ser,    76.9900,    83.4000,    76.9900,    81.7300,       4085,         37,              327152
VSWS,B,20260429,532054,,KDDL,  2538.9000,  2544.4000,  2385.0000,  2414.4500,        358,         75,              872441
VSWS,B,20260429,532056,,Trustedge Capital,   170.0000,   178.5000,   165.5000,   173.9000,       5839,         30,             1008050
VSWS,B,20260429,532057,,Abhinav Capital Ser,   119.9000,   123.1000,   103.8500,   107.0000,       1225,         34,              134598
VSWS,B,20260429,532067,,3B Blackbio DX,  1314.9500,  1316.4500,  1222.0000,  1267.1000,      10208,       1366,            12944281
VSWS,B,20260429,532070,,Gujjubhai Industries,   171.9000,   184.0000,   165.3500,   175.3500,     126281,        226,            21580940
VSWS,B,20260429,532090,,Atvo Enterprises,    26.8000,    26.8200,    25.5300,    26.2100,      77347,        153,             2038832
VSWS,B,20260429,532092,,Epuja Spiritech,     1.9900,     1.9900,     1.9000,     1.9800,      16646,         41,               32684
VSWS,B,20260429,532100,,Indo-City Infotech,    10.8000,    11.4900,    10.7800,    11.4700,        825,          9,                8907
VSWS,B,20260429,532102,,SBEC Sugar,    30.9900,    30.9900,    29.5100,    30.0100,       5438,         21,              167625
VSWS,B,20260429,532113,,Brijlaxmi Leas & Fin,    11.5000,    11.8700,    11.5000,    11.8700,      10702,         13,              126114
VSWS,B,20260429,532123,,BSEL Algo,     4.5300,     4.8000,     4.5300,     4.6700,     267844,        329,             1242700
VSWS,B,20260429,532124,,Reliable Ventures,    21.0500,    22.8500,    21.0500,    22.4300,         55,          6,                1161
VSWS,B,20260429,532131,,Triumph Intl Finance,    20.7800,    20.8600,    19.7500,    19.7500,       1240,         11,               24600
VSWS,B,20260429,532134,,Bank of Baroda,   269.5000,   271.7000,   267.4000,   268.2500,     155717,       2510,            41934264
VSWS,B,20260429,532140,,Mohite Industries,     2.6000,     2.6000,     2.5000,     2.5500,      38115,         86,               96455
VSWS,B,20260429,532141,,Andhra Cement,    58.9800,    58.9800,    55.7200,    56.1400,        586,         41,               33196
VSWS,B,20260429,532143,,SKM Egg Products,   168.3000,   169.7000,   160.1000,   161.0500,      23203,        528,             3784861
VSWS,B,20260429,532144,,Welspun Corp,  1236.8000,  1290.0000,  1236.7000,  1266.3000,    1643552,       7267,          2052449717
VSWS,B,20260429,532145,,H S India,    11.7000,    11.9500,    11.5000,    11.5000,       2574,         32,               29952
VSWS,B,20260429,532149,,Bank of India,   145.0500,   146.9500,   142.7500,   143.2000,     408782,       4992,            59542476
VSWS,B,20260429,532150,,Indraprastha Medical,   402.0000,   409.5000,   401.7000,   403.1500,       7716,        370,             3129009
VSWS,B,20260429,532154,,Johnson Pharmacare,     0.6000,     0.6000,     0.5800,     0.5900,     632101,        427,              375359
VSWS,B,20260429,532155,,Gail (India),   166.2500,   167.9500,   164.6000,   165.7000,     408920,       5334,            67897822
VSWS,B,20260429,532156,,Vaibhav Global,   219.9000,   228.2000,   219.0000,   220.0500,      11085,        453,             2477208
VSWS,B,20260429,532159,,Trescon,     9.3000,     9.6800,     9.0300,     9.2500,       5449,         27,               50774
VSWS,B,20260429,532160,,Gujarat State Finan,    11.0300,    11.1000,    10.6900,    10.7700,      14453,        133,              157210
VSWS,B,20260429,532162,,JK Paper,   366.8000,   373.8000,   363.3000,   366.2000,       8062,        396,             2960057
VSWS,B,20260429,532163,,Saregama India,   363.0000,   363.0000,   348.6000,   349.6500,      10851,        689,             3867489
VSWS,B,20260429,532172,,Adroit Infotech,    10.3700,    10.3700,     9.8500,     9.9300,       5814,         46,               57952
VSWS,B,20260429,532173,,Cyber Tech Systems,   128.0000,   132.5000,   127.0000,   128.6800,       3641,        147,              468823
VSWS,B,20260429,532174,,ICICI Bank,  1294.9500,  1295.2500,  1278.1000,  1280.5000,     380009,      13259,           489565839
VSWS,B,20260429,532175,,Cyient,   863.2500,   864.9500,   841.5500,   844.6000,      32429,       3974,            27645007
VSWS,B,20260429,532178,,Engineers India,   258.0000,   259.3500,   250.1500,   250.8000,      76352,       1784,            19378999
VSWS,B,20260429,532180,,Dhanlaxmi Bank,    32.6700,    33.4200,    30.0600,    30.4500,     566933,       2594,            17986915
VSWS,B,20260429,532181,,Gujarat Mineral Deve,   718.9000,   754.2500,   713.2000,   740.1000,     334366,      10275,           246907309
VSWS,B,20260429,532183,,Gayatri Sugars,     9.8800,     9.9000,     9.4000,     9.5600,      48653,        173,              471214
VSWS,B,20260429,532187,,IndusInd Bank,   898.5500,   924.8000,   896.0000,   913.6000,     112362,       6256,           102569642
VSWS,B,20260429,532189,,India Tourism Deve,   592.0500,   599.4500,   589.4500,   596.1000,      10160,        530,             6030219
VSWS,B,20260429,532209,,Jammu & Kashmir Bank,   128.2000,   135.7000,   128.0500,   134.6500,    1062962,       6436,           142146704
VSWS,B,20260429,532210,,City Union Bank,   276.7000,   282.4000,   274.5000,   277.3000,     238525,       4276,            66247346
VSWS,B,20260429,532212,,Archies,    14.7600,    15.2000,    14.5100,    14.5300,       3034,         37,               44651
VSWS,B,20260429,532215,,Axis Bank,  1290.0500,  1309.5000,  1279.0000,  1295.4000,     238178,      12803,           308726958
VSWS,B,20260429,532216,,HB Stockholdings,    64.0000,    64.2000,    62.3500,    62.3500,        554,         15,               34949
VSWS,B,20260429,532217,,CMX Holdings,    26.7000,    29.5000,    26.7000,    28.5900,      99145,         90,             2717689
VSWS,B,20260429,532218,,South Indian Bank,    39.9000,    40.5000,    39.6900,    39.8900,    1399362,       4320,            56037282
VSWS,B,20260429,532219,,Energy Development,    17.2700,    17.6100,    17.2500,    17.2600,      11609,         94,              200422
VSWS,B,20260429,532221,,Sonata Software,   259.5500,   269.0000,   257.2000,   263.7000,      22068,        766,             5821394
VSWS,B,20260429,532230,,Bengal Tea,   156.1000,   156.1000,   152.0000,   152.0000,         36,          2,                5476
VSWS,B,20260429,532234,,National Aluminium,   440.9000,   441.4500,   430.0000,   433.2000,     187009,       4346,            81344631
VSWS,B,20260429,532240,,India Nippon Elect,   818.4500,   818.4500,   795.9500,   798.5500,        521,         42,              418517
VSWS,B,20260429,532256,,Nalwa Sons Invest,  5778.4000,  5879.2500,  5761.0000,  5761.0000,        150,         56,              873139
VSWS,B,20260429,532259,,Apar Industries, 11997.1500, 12480.0000, 11871.0500, 12391.6500,      14325,       3804,           174142717
VSWS,B,20260429,532262,,TCI Industries,  1565.0000,  1565.0000,  1565.0000,  1565.0000,          1,          1,                1565
VSWS,B,20260429,532268,,Accelya Solutions (I,  1214.1500,  1214.1500,  1196.3000,  1201.2500,        468,         74,              563395
VSWS,B,20260429,532271,,Orchasp,     2.0900,     2.0900,     2.0000,     2.0300,      20255,         42,               41491
VSWS,B,20260429,532275,,Landmarc Leisure,     2.1000,     2.1400,     2.0300,     2.0900,      17647,         60,               36901
VSWS,B,20260429,532281,,HCL Technologies,  1200.0000,  1210.7000,  1192.5000,  1199.7000,     214468,      13814,           257852047
VSWS,B,20260429,532284,,TCFC Finance,    30.8000,    30.8000,    28.6300,    30.2600,       1233,         29,               36856
VSWS,B,20260429,532285,,Geojit Financial Ser,    65.9200,    67.4400,    63.8000,    64.1400,      39920,        789,             2597261
VSWS,B,20260429,532286,,Jindal Steel,  1282.9500,  1282.9500,  1225.0500,  1228.8000,      53370,       3743,            66056535
VSWS,B,20260429,532290,,B L B,    17.1200,    17.8900,    17.1200,    17.7800,       8917,         21,              154309
VSWS,B,20260429,532296,,Glenmark Pharma,  2410.4500,  2471.0500,  2404.0000,  2410.6000,      39499,       5029,            96134688
VSWS,B,20260429,532300,,Wockhardt,  1419.0000,  1437.4000,  1384.5500,  1392.8500,      21474,       1092,            30174701
VSWS,B,20260429,532303,,Integrated Hitech,     3.4900,     3.8000,     3.4900,     3.6500,       3075,         15,               10937
VSWS,B,20260429,532305,,Ind Swift Lab,   140.0000,   141.3500,   135.5500,   136.0000,      21657,        333,             2992566
VSWS,B,20260429,532309,,GE Power India,   593.0000,   610.0000,   565.0000,   577.4000,      35586,        681,            20894642
VSWS,B,20260429,532310,,Shree Rama Multi-Tec,    46.6900,    47.7000,    46.2100,    46.2300,      10564,        192,              493485
VSWS,B,20260429,532313,,Mahindra Lifespace,   341.2500,   347.7000,   338.0000,   344.8000,      24945,        643,             8573909
VSWS,B,20260429,532315,,Groarc Industries I,     6.9000,     6.9000,     6.3000,     6.4000,      13185,         61,               84494
VSWS,B,20260429,532320,,Vaarad Ventures,    10.4500,    10.4500,     9.0000,     9.9800,       1773,         26,               17471
VSWS,B,20260429,532321,,Zydus Lifesciences,   915.9500,   922.0000,   908.8500,   910.4000,      13073,       1115,            11983478
VSWS,B,20260429,532323,,Shiva Cement,    20.4500,    20.9200,    20.1200,    20.5800,     101884,        364,             2098076
VSWS,B,20260429,532324,,Cinevista,    17.7500,    17.7500,    15.5000,    15.9200,       8096,        119,              127152
VSWS,B,20260429,532326,,Intense Technologies,    99.2100,   100.4600,    98.1000,    98.7400,        215,         16,               21272
VSWS,B,20260429,532329,,Danlaw Technologies,   773.6000,   805.0000,   773.0500,   783.0500,       3536,        177,             2808498
VSWS,B,20260429,532331,,Ajanta Pharma,  2756.6500,  2818.7000,  2756.6500,  2805.1000,       4055,        461,            11383391
VSWS,B,20260429,532332,,Cura Technologies,    98.9000,    98.9000,    98.9000,    98.9000,        226,          5,               22351
VSWS,B,20260429,532333,,HB Portfolio,    64.4600,    64.4600,    61.0600,    63.7900,        734,         22,               46329
VSWS,B,20260429,532334,,HB Estate Developers,    81.9900,    81.9900,    73.1200,    73.1200,         60,          6,                4521
VSWS,B,20260429,532335,,Ambica Agarbathies,    23.7500,    23.7500,    22.6500,    23.5000,       1429,         20,               33288
VSWS,B,20260429,532339,,Compucom Software,    14.2500,    14.2500,    13.8500,    13.8900,       8642,         43,              121778
VSWS,B,20260429,532340,,Omni AX's Software,     3.4800,     3.6300,     3.4800,     3.5600,        118,          5,                 425
VSWS,B,20260429,532341,,IZMO,   744.1000,   760.0000,   716.5500,   721.7000,       2672,        135,             1948672
VSWS,B,20260429,532343,,TVS Motor Company,  3533.5000,  3605.0000,  3500.0500,  3552.1000,     104053,       4517,           370163284
VSWS,B,20260429,532344,,Madala Holdings,   196.9000,   205.0000,   196.9000,   200.0000,        955,         28,              192370
VSWS,B,20260429,532348,,Subex,     9.6100,     9.8100,     9.5000,     9.5500,     134025,        352,             1299112
VSWS,B,20260429,532349,,Transport Corp,   932.9000,   953.5500,   932.9000,   941.9000,       1316,        175,             1245073
VSWS,B,20260429,532350,,Padmalaya Telefilms,     4.2700,     4.4900,     4.2700,     4.2700,       2719,          9,               11610
VSWS,B,20260429,532351,,Aksh Optifibre,     6.1500,     6.3500,     6.0000,     6.0100,      32380,         96,              197809
VSWS,B,20260429,532354,,Virgo Global,     6.2000,     6.5000,     5.8900,     6.3200,      16874,         33,              107654
VSWS,B,20260429,532355,,Picturehouse Media,     7.3200,     7.7700,     7.0300,     7.7200,       5980,         32,               45656
VSWS,B,20260429,532356,,Triveni Engineering,   410.1000,   424.2500,   409.4500,   412.0000,      25584,       1807,            10600355
VSWS,B,20260429,532357,,Mukta Arts,    55.9200,    60.2500,    55.9200,    59.5100,       1625,         61,               97017
VSWS,B,20260429,532359,,Hit Kit Global Solut,     3.8700,     3.8700,     3.8700,     3.8700,      71587,         36,              277041
VSWS,B,20260429,532362,,Nagpur Power & Ind,   160.9000,   160.9000,   156.0000,   156.1500,        293,         14,               45849
VSWS,B,20260429,532365,,Dynacons Systems,  1060.3000,  1067.0000,  1045.0000,  1048.4000,        942,        132,              993078
VSWS,B,20260429,532366,,PNB Gilts,    72.2100,    72.4100,    71.0000,    71.1900,       9725,        157,              698321
VSWS,B,20260429,532368,,Brightcom Group,     9.6100,     9.7400,     9.4000,     9.5400,     293943,        612,             2819006
VSWS,B,20260429,532369,,Ramco Industries,   270.6000,   274.7000,   266.3000,   266.6000,        258,         32,               69448
VSWS,B,20260429,532370,,Ramco Systems,   423.4000,   423.4000,   413.0000,   414.3500,       2017,        171,              842826
VSWS,B,20260429,532371,,Tata Teleservices M,    44.4600,    44.6000,    43.5000,    43.9700,     509115,       2354,            22484486
VSWS,B,20260429,532372,,Virinchi,    17.8200,    18.3300,    17.7500,    18.1500,       2886,         23,               51764
VSWS,B,20260429,532373,,WEP Solutions Ltd,    24.0000,    24.6200,    24.0000,    24.6200,      32961,         42,              807728
VSWS,B,20260429,532374,,Sterlite Technologie,   288.7000,   299.1500,   272.3500,   298.0500,    1217449,      11311,           356233946
VSWS,B,20260429,532375,,Tips Music,   666.3000,   666.3000,   651.1000,   653.2500,      10420,        481,             6842978
VSWS,B,20260429,532376,,Umiya Buildcon,    87.0300,    87.9900,    85.6000,    86.3300,       1417,         67,              123216
VSWS,B,20260429,532378,,Universal Arts,     5.2500,     5.2500,     5.2000,     5.2000,       1034,          6,                5426
VSWS,B,20260429,532379,,First Fintec,     6.7200,     7.0300,     6.4000,     7.0200,      52199,         32,              334976
VSWS,B,20260429,532380,,Baba Arts,    13.8300,    14.5200,    13.2500,    13.9000,      24128,         71,              338914
VSWS,B,20260429,532382,,Balaji Telefilms,    97.3600,   100.2800,    96.3400,    97.9500,      20619,        310,             2026179
VSWS,B,20260429,532384,,Tyche Industries,   122.2000,   128.0000,   122.2000,   123.4700,        352,         21,               43468
VSWS,B,20260429,532386,,California Software,    12.0600,    12.2000,    11.8000,    11.8400,       5591,         77,               66455
VSWS,B,20260429,532387,,Pritish Nandy Commun,    20.6100,    21.6400,    20.6100,    20.7900,       1378,         11,               28644
VSWS,B,20260429,532388,,Indian Overseas Bank,    35.1500,    36.3800,    35.0100,    35.1300,     773560,       2728,            27521600
VSWS,B,20260429,532390,,Taj GVK Hotels & Res,   324.9500,   325.0000,   315.2000,   316.0500,       7304,        493,             2328288
VSWS,B,20260429,532392,,Creative Eye,     7.2500,     7.2500,     7.0300,     7.0300,        480,          4,                3381
VSWS,B,20260429,532395,,Axiscades Technologi,  1905.9000,  1971.1000,  1904.3000,  1965.5500,       6828,        902,            13231224
VSWS,B,20260429,532397,,Konndor Industries,    13.0700,    13.0700,    12.0300,    12.0300,        126,          3,                1620
VSWS,B,20260429,532398,,Usha Martin Educatio,     5.9300,     5.9300,     5.7500,     5.8600,       1365,         11,                7991
VSWS,B,20260429,532400,,Birlasoft,   371.5000,   376.6000,   367.3500,   369.3000,      20868,        816,             7743357
VSWS,B,20260429,532402,,USG Tech Solutions,    11.9700,    11.9700,    11.0400,    11.6900,       8964,         48,              102966
VSWS,B,20260429,532404,,Saven Technologies,    40.8000,    40.8000,    37.5000,    38.9400,       4492,        153,              173923
VSWS,B,20260429,532406,,Avantel,   152.7500,   155.5500,   149.6000,   150.1500,     131067,       1391,            19931077
VSWS,B,20260429,532407,,Moschip Technologies,   210.7500,   211.2500,   203.0500,   204.1000,     165906,       2783,            34230188
VSWS,B,20260429,532408,,Sigma Advanced Syste,   273.9500,   273.9500,   273.9500,   273.9500,      10535,         42,             2886063
VSWS,B,20260429,532410,,Transcorp Internat,    27.4500,    30.5000,    25.7000,    28.2000,      13311,        138,              371648
VSWS,B,20260429,532413,,Cerebra Integrated,     4.2600,     4.4200,     4.1000,     4.3100,      18919,         33,               82618
VSWS,B,20260429,532416,,Next Mediaworks,     4.4900,     4.4900,     4.1500,     4.3000,       3611,         13,               15184
VSWS,B,20260429,532419,,Smartlink Holdings,   134.6500,   136.5000,   131.0000,   135.9000,        228,         13,               30589
VSWS,B,20260429,532424,,Godrej Consumer Prod,  1092.3000,  1107.0000,  1085.0000,  1089.4000,      31264,       1948,            34192782
VSWS,B,20260429,532425,,Genus Prime Infra,    26.8000,    26.8000,    25.9800,    25.9800,      11554,         56,              302320
VSWS,B,20260429,532430,,BF Utilities,   571.0000,   586.9500,   569.4000,   574.3000,       5110,        206,             2968096
VSWS,B,20260429,532432,,United Spirits,  1376.1500,  1390.5000,  1360.4000,  1362.5000,      10514,       1152,            14437250
VSWS,B,20260429,532435,,Sanmit Infra,     7.1300,     7.4300,     7.1200,     7.1800,     207357,        662,             1489811
VSWS,B,20260429,532439,,Olectra Greentech,  1291.6000,  1307.0000,  1250.7500,  1257.1000,      65520,       3600,            83873485
VSWS,B,20260429,532440,,MPS,  1723.0000,  1723.0000,  1660.0000,  1669.9000,        355,        103,              599314
VSWS,B,20260429,532443,,CERA Sanitaryware,  5214.5000,  5397.0000,  5214.5000,  5312.9000,        709,        333,             3788284
VSWS,B,20260429,532454,,Bharti Airtel,  1846.0500,  1900.0000,  1846.0000,  1887.9500,     315273,      17444,           593302267
VSWS,B,20260429,532455,,Shalimar Wires Indus,    18.7500,    18.9000,    18.3800,    18.7300,       1815,         15,               33590
VSWS,B,20260429,532456,,Compuage Infocom,     1.4100,     1.4100,     1.3400,     1.3500,      15620,         15,               20932
VSWS,B,20260429,532457,,Gulshan Polyols,   179.8500,   185.3500,   179.6500,   182.0000,      14013,        368,             2562804
VSWS,B,20260429,532460,,Ponni Sugars (Erode),   314.0000,   314.0000,   300.3000,   301.0000,        585,         65,              177272
VSWS,B,20260429,532461,,Punjab National Bank,   111.8000,   112.5500,   110.8500,   111.1500,     876977,       7322,            98118898
VSWS,B,20260429,532466,,Oracle Fin & Serv So,  9636.0000,  9811.2500,  9577.2000,  9681.3000,      20861,       3933,           202216416
VSWS,B,20260429,532467,,Hazoor Multi Project,    27.6200,    28.1500,    26.9000,    27.7000,     887049,       1194,            24360014
VSWS,B,20260429,532468,,Kama Holdings,  2505.4000,  2628.0000,  2486.1000,  2498.9500,       5606,        943,            14305456
VSWS,B,20260429,532475,,Aptech,   104.5000,   105.9400,   103.2500,   103.8400,      20639,        270,             2149207
VSWS,B,20260429,532477,,Union Bank of India,   170.7000,   172.3500,   164.4500,   167.3500,     997952,       9494,           168871464
VSWS,B,20260429,532478,,United Breweries,  1489.3000,  1494.7000,  1468.0000,  1470.2500,       7288,       1166,            10779864
VSWS,B,20260429,532481,,Noida Toll Bridge Co,     3.6500,     3.8100,     3.6500,     3.7100,      36642,         84,              137921
VSWS,B,20260429,532482,,Granules India,   709.5500,   730.0000,   697.0000,   705.6000,     308444,      11068,           219685334
VSWS,B,20260429,532483,,Canara Bank,   137.4000,   139.5000,   136.2000,   136.9500,    1073189,       5701,           147810280
VSWS,B,20260429,532485,,Balmer Lawrie Invest,    72.3100,    75.0000,    72.3100,    73.2400,      99398,       1549,             7340651
VSWS,B,20260429,532486,,Pokarna,   908.0000,   923.0500,   875.2000,   883.5000,       2137,        150,             1915868
VSWS,B,20260429,532488,,Divi's Laboratories,  6450.6500,  6545.0000,  6450.6500,  6535.0000,      13500,       2072,            87838811
VSWS,B,20260429,532493,,Astra Microwave Prod,  1102.0000,  1118.4500,  1085.0000,  1108.1500,      16674,       1203,            18363196
VSWS,B,20260429,532497,,Radico Khaitan,  3419.8500,  3475.0000,  3366.0500,  3455.1000,      11864,       1991,            40476821
VSWS,B,20260429,532500,,Maruti Suzuki India, 13095.0000, 13545.0000, 13035.9500, 13260.2000,      56773,      14095,           761711780
VSWS,B,20260429,532503,,Rajapalayam Mills,   774.1000,   820.9500,   774.1000,   820.4500,       2326,         63,             1876841
VSWS,B,20260429,532504,,Navin Fluorine Int,  6723.6000,  6813.5000,  6625.4000,  6764.0000,      12028,       1845,            81005766
VSWS,B,20260429,532505,,Uco Bank,    26.3900,    27.0000,    26.3900,    26.6400,    1046203,       4022,            27943876
VSWS,B,20260429,532507,,BAG Films & Media,     5.3000,     5.3300,     5.1500,     5.2000,      30345,         57,              158421
VSWS,B,20260429,532508,,Jindal Stainless,   778.0500,   788.0000,   768.2000,   781.5000,      22219,       2156,            17339813
VSWS,B,20260429,532509,,Suprajit Engineering,   419.1000,   420.4500,   416.1000,   417.6500,       1442,        137,              602796
VSWS,B,20260429,532513,,TVS Electronics,   467.7500,   477.7500,   460.4000,   468.5500,       4074,        245,             1906030
VSWS,B,20260429,532514,,Indraprastha Gas,   167.0500,   169.1500,   166.0000,   167.6500,    4827567,       2896,           806296610
VSWS,B,20260429,532515,,TV Today Network,   115.0900,   116.4000,   111.1800,   112.1000,       2075,        198,              239389
VSWS,B,20260429,532521,,Palred Technologies,    38.8600,    38.9000,    38.1300,    38.9000,        946,         12,               36782
VSWS,B,20260429,532522,,Petronet LNG,   277.9500,   282.4500,   277.9500,   280.1000,      32728,       1447,             9182770
VSWS,B,20260429,532523,,Biocon,   364.0000,   368.2500,   361.4000,   362.3000,      74012,       2340,            26980367
VSWS,B,20260429,532524,,PTC India,   208.9500,   210.8000,   203.2500,   204.2500,     153688,       2204,            31878253
VSWS,B,20260429,532525,,Bank of Maharashtra,    78.4700,    81.0900,    77.1900,    79.6500,    1656117,      11773,           131733523
VSWS,B,20260429,532527,,Ramkrishna Forgings,   605.4000,   615.9000,   592.0500,   598.8500,      69076,       2082,            41759121
VSWS,B,20260429,532528,,Datamatics Global Se,   718.9000,   738.3500,   714.0500,   718.7000,       5692,        420,             4104688
VSWS,B,20260429,532529,,New Delhi Television,    83.0500,    83.0500,    81.2600,    81.3300,       8721,        148,              714347
VSWS,B,20260429,532531,,Strides Pharma Scien,  1066.0500,  1068.2500,  1051.1000,  1053.2500,       6140,        337,             6488527
VSWS,B,20260429,532538,,UltraTech Cement, 11899.4500, 12061.0000, 11815.0000, 11829.4000,      34782,       5208,           415134010
VSWS,B,20260429,532539,,UNO Minda,  1134.4000,  1163.1000,  1126.5500,  1131.1500,      20350,       1940,            23319129
VSWS,B,20260429,532540,,Tata Consultancy Ser,  2446.2000,  2487.9000,  2446.2000,  2473.2000,     139941,      11676,           346080910
VSWS,B,20260429,532541,,Coforge,  1207.0000,  1229.5000,  1200.1000,  1203.1000,      40660,       2017,            49337116
VSWS,B,20260429,532543,,GP Petroleums,    34.0000,    34.0400,    33.0500,    33.5300,       6366,        100,              215166
VSWS,B,20260429,532548,,Century Plyboards (I,   789.1500,   835.1000,   789.1500,   821.9000,      13576,       1222,            11091000
VSWS,B,20260429,532553,,Welspun Enterprises,   522.6500,   545.0000,   521.6000,   541.7000,      72784,       2305,            38830435
VSWS,B,20260429,532555,,N T P C,   410.5000,   410.5000,   399.5000,   401.1500,     302398,       8976,           122600967
VSWS,B,20260429,532604,,S A L Steel,    56.0000,    59.0900,    56.0000,    58.9000,      12200,        211,              712102
VSWS,B,20260429,532605,,JBM Auto,   648.0500,   655.2500,   634.7500,   637.4000,      65932,       2195,            42601555
VSWS,B,20260429,532610,,Dwarikesh Sugar Indu,    42.2300,    44.0000,    42.2300,    43.5200,      62553,        446,             2704776
VSWS,B,20260429,532612,,Indoco Remedies,   212.7000,   214.3000,   208.0000,   209.2000,       2591,         88,              548660
VSWS,B,20260429,532613,,VIP Clothing,    23.2500,    23.2500,    21.0600,    21.7600,      43007,        184,              948420
VSWS,B,20260429,532614,,Impex Ferro Tech,     1.7500,     1.7500,     1.6100,     1.6900,       7299,         31,               12187
VSWS,B,20260429,532616,,XChanging Solutions,    64.1800,    67.5300,    64.1800,    66.3800,       2659,         96,              177633
VSWS,B,20260429,532624,,Jindal Photo,  1121.1500,  1131.0500,  1100.0000,  1118.4000,         68,         32,               76486
VSWS,B,20260429,532626,,Pondy Oxides & Chem,  1244.7500,  1325.0000,  1235.0000,  1318.0500,      29935,       1821,            38792942
VSWS,B,20260429,532627,,Jaiprakash Power Ven,    20.0100,    21.0200,    20.0100,    20.1800,   13689660,      13833,           279950858
VSWS,B,20260429,532628,,3i Infotech,    17.7600,    18.0000,    17.6400,    17.7500,      13561,        125,              241948
VSWS,B,20260429,532630,,Gokaldas Exports,   707.9500,   716.3500,   702.4000,   707.9000,      10293,        511,             7305408
VSWS,B,20260429,532633,,Alldigi Tech,   829.9000,   838.2000,   816.9000,   826.3000,        272,         84,              225826
VSWS,B,20260429,532636,,IIFL Finance,   441.4500,   453.0000,   439.1000,   446.8000,     214350,       5759,            95957965
VSWS,B,20260429,532637,,Mangalam Drugs & Org,    29.4800,    29.4800,    29.4800,    29.4800,       2266,          8,               66801
VSWS,B,20260429,532638,,Shoppers Stop,   295.0000,   297.8000,   286.0500,   294.6000,       1466,         96,              425743
VSWS,B,20260429,532640,,Cyber Media (India),    15.1000,    17.5000,    15.1000,    17.1700,       4070,         56,               68730
VSWS,B,20260429,532641,,Nandan Denim,     2.8400,     2.9100,     2.8400,     2.8600,     117465,        147,              338192
VSWS,B,20260429,532642,,JSW Holdings, 12975.1000, 12975.1000, 12539.0000, 12642.8000,        519,        304,             6558952
VSWS,B,20260429,532644,,JK Cement,  5495.0500,  5534.9500,  5448.1500,  5457.8000,       2077,        499,            11426921
VSWS,B,20260429,532645,,Beeyu Overseas,     2.8400,     2.8400,     2.8300,     2.8300,        533,          3,                1513
VSWS,B,20260429,532648,,Yes Bank,    20.0700,    20.5500,    19.9800,    20.2900,    4193054,      34971,            85062423
VSWS,B,20260429,532649,,Nectar Lifesciences,    12.2500,    12.9100,    12.2500,    12.5800,      33760,        261,              425873
VSWS,B,20260429,532650,,MSP Steel & Power,    35.9400,    35.9400,    35.4700,    35.5800,      26659,        191,              950071
VSWS,B,20260429,532651,,SPL Industries,    31.4500,    32.5000,    31.4000,    31.8000,        310,         32,                9856
VSWS,B,20260429,532652,,Karnataka Bank,   263.0000,   271.0500,   261.8500,   268.2500,     278247,       4577,            74618298
VSWS,B,20260429,532654,,Mcleod Russel India,    56.0000,    56.9000,    55.2500,    55.5900,      84472,        141,             4740389
VSWS,B,20260429,532656,,Facor Alloys,     2.9200,     2.9700,     2.8400,     2.8500,     120294,        160,              352282
VSWS,B,20260429,532660,,Vivimed Labs,     6.8700,     7.0200,     6.8000,     6.8000,       5312,         26,               36473
VSWS,B,20260429,532661,,Rane (Madras),   774.8000,   822.3500,   772.4500,   796.0000,       2333,        366,             1862263
VSWS,B,20260429,532662,,HT Media,    22.7800,    23.0000,    22.3600,    22.3700,      21103,        141,              484399
VSWS,B,20260429,532663,,Sasken Technologies,  1310.3000,  1311.0000,  1286.4500,  1296.9500,        349,         45,              452449
VSWS,B,20260429,532666,,FCS Software Solutio,     1.6800,     1.7000,     1.6500,     1.6900,     117957,        212,              197786
VSWS,B,20260429,532667,,Suzlon Energy,    57.7600,    58.0700,    56.4200,    56.7500,    9399598,      32495,           538659667
VSWS,B,20260429,532668,,Aurionpro Solutions,   881.1500,   882.9500,   863.0000,   864.9000,       5001,        443,             4367755
VSWS,B,20260429,532670,,Shree Renuka Sugars,    28.0300,    28.9000,    28.0000,    28.3300,     578627,       2668,            16423841
VSWS,B,20260429,532673,,K M Sugar Mills,    29.7200,    30.3500,    29.0500,    29.3200,      31171,        429,              928509
VSWS,B,20260429,532674,,Bannari Amman Spg Mi,    23.4500,    24.7500,    23.4200,    24.4200,       8584,        339,              208978
VSWS,B,20260429,532676,,PBA Infrastructure,    11.0100,    11.4600,    10.2500,    11.1000,       2254,         25,               24427
VSWS,B,20260429,532683,,AIA Engineering,  4080.0000,  4080.0000,  3925.0000,  3937.4000,        869,        314,             3460168
VSWS,B,20260429,532684,,Everest Kanto Cylind,   125.1000,   125.1000,   120.8800,   121.2100,       8061,        277,              986447
VSWS,B,20260429,532686,,Kernex Microsystems,  1367.7500,  1367.7500,  1327.9500,  1349.9500,      10038,        668,            13561434
VSWS,B,20260429,532687,,Repro India,   358.5000,   388.0000,   354.5000,   365.5500,       4801,        132,             1717165
VSWS,B,20260429,532689,,PVR Inox,  1051.6000,  1098.0000,  1050.6000,  1092.2500,      39587,       4084,            42707479
VSWS,B,20260429,532694,,Avio Smart Market St,     7.9200,     8.2900,     7.8600,     7.9200,    1238218,       1233,             9979769
VSWS,B,20260429,532695,,Celebrity Fashions,     8.2400,     8.3500,     8.1000,     8.3400,        796,         27,                6474
VSWS,B,20260429,532698,,Nitin Spinners,   460.0000,   474.1500,   456.6000,   461.6000,      10689,        400,             4965341
VSWS,B,20260429,532699,,Royal Orchid Hotels,   340.3500,   341.7000,   333.0000,   335.5000,       1490,         95,              503149
VSWS,B,20260429,532700,,Entertainment Networ,   122.0000,   122.0000,   116.0000,   116.0000,          2,          2,                 238
VSWS,B,20260429,532701,,Cella Space,    15.8000,    16.5700,    15.5700,    16.5700,      21025,         57,              347054
VSWS,B,20260429,532702,,Gujarat State Petron,   285.4500,   286.0000,   282.2500,   284.2000,       8003,        586,             2276037
VSWS,B,20260429,532705,,Jagran Prakashan,    66.4800,    66.4800,    65.7100,    65.9500,       5432,        220,              358615
VSWS,B,20260429,532707,,Dynemic Products,   238.2000,   238.2000,   228.4500,   228.4500,         80,         21,               18740
VSWS,B,20260429,532708,,GVK Power & Infra,     3.2900,     3.3000,     3.2200,     3.3000,     275035,        278,              907019
VSWS,B,20260429,532710,,Sadbhav Engineering,     9.7000,     9.7000,     9.7000,     9.7000,      28188,         34,              273423
VSWS,B,20260429,532712,,Reliance Communicati,     0.9800,     1.0000,     0.9800,     1.0000,     523013,        320,              519916
VSWS,B,20260429,532713,,Sakuma Exports,     1.9200,     1.9700,     1.9200,     1.9500,      89407,        171,              174064
VSWS,B,20260429,532714,,KEC International,   576.3500,   579.0000,   564.0500,   565.6500,     190134,       2795,           108212953
VSWS,B,20260429,532716,,Gillanders Arbuthnot,    94.9900,    94.9900,    91.0000,    91.0100,         96,          8,                8996
VSWS,B,20260429,532717,,Indo Tech Transforme,  2492.5000,  2582.8500,  2492.5000,  2582.8500,       6253,        304,            16130189
VSWS,B,20260429,532719,,B L Kashyap & Sons,    52.2000,    54.1000,    52.0600,    53.5200,      21738,        220,             1156928
VSWS,B,20260429,532720,,Mahindra & Mah Fin S,   317.0000,   322.4000,   311.8500,   320.0500,     718468,      13727,           229609717
VSWS,B,20260429,532721,,VISA Chrome,    38.6100,    41.1700,    38.6100,    40.0500,       2255,         79,               90226
VSWS,B,20260429,532722,,Nitco,    87.4300,    92.0000,    87.0300,    88.6200,      68624,        788,             6200201
VSWS,B,20260429,532723,,MPDL,    39.1000,    39.1000,    39.1000,    39.1000,         20,          1,                 782
VSWS,B,20260429,532725,,Solar Industries, 15491.5500, 15567.7000, 15235.0000, 15385.6000,       4935,       1172,            76103796
VSWS,B,20260429,532726,,Gallantt Ispat,   854.1000,   871.7000,   850.5000,   866.7500,      51415,       1670,            44234116
VSWS,B,20260429,532728,,Malu Paper Mills,    33.3000,    33.6500,    32.4900,    33.0000,        270,         10,                8842
VSWS,B,20260429,532729,,Uttam Sugar Mills,   256.1000,   262.9000,   255.6500,   259.7000,       3174,        109,              824300
VSWS,B,20260429,532730,,STL Global,    11.9100,    12.1000,    11.9100,    12.0000,        400,         12,                4767
VSWS,B,20260429,532732,,Kewal Kiran Clothing,   473.0000,   475.4500,   471.4500,   471.4500,         37,          6,               17490
VSWS,B,20260429,532733,,Sun TV Network,   598.8000,   604.6000,   584.6500,   586.3500,      10977,        717,             6518350
VSWS,B,20260429,532734,,Godawari Power & Isp,   307.6000,   309.3500,   301.2500,   303.2500,     270550,       3315,            82403514
VSWS,B,20260429,532735,,R Systems Internatio,   265.8000,   270.0000,   265.5000,   266.3000,       3691,        332,              987006
VSWS,B,20260429,532737,,Emkay Global & Fin,   230.4500,   231.0000,   223.9000,   224.5000,        415,         33,               94094
VSWS,B,20260429,532738,,Twamev Construction,    24.0600,    24.0600,    22.9300,    22.9400,      21523,         74,              508859
VSWS,B,20260429,532740,,Lokesh Machines,   262.9000,   269.0000,   255.0000,   257.3500,        544,         27,              141202
VSWS,B,20260429,532741,,Kamdhenu,    22.9500,    24.0000,    22.9000,    23.1100,      28014,        224,              655711
VSWS,B,20260429,532742,,Paushak,   471.5500,   474.8000,   459.3500,   468.9000,        754,        109,              355546
VSWS,B,20260429,532748,,Prime Focus,   313.1000,   321.2000,   300.0000,   314.2500,      68097,       1442,            21016496
VSWS,B,20260429,532749,,Allcargo Logistics,     9.2100,     9.6700,     9.2100,     9.6000,    1051364,       1309,             9975032
VSWS,B,20260429,532754,,GMR Airports,    98.6100,    98.6100,    96.2500,    96.4500,    1682538,       5902,           163026941
VSWS,B,20260429,532755,,Tech Mahindra,  1411.6500,  1463.9500,  1411.6500,  1460.2500,     165462,      12679,           240109619
VSWS,B,20260429,532756,,CIE Automotive India,   470.2000,   480.7000,   469.5000,   475.2500,      50460,       2738,            24006841
VSWS,B,20260429,532757,,Voltamp Transformers, 11600.0000, 11945.0000, 11600.0000, 11793.5000,       1941,        781,            22967253
VSWS,B,20260429,532759,,Atlantaa,    42.3100,    42.7700,    41.7500,    41.7900,       2887,         52,              121976
VSWS,B,20260429,532761,,HandsOn Global Manag,    53.8900,    54.7200,    53.7400,    54.0000,        180,         12,                9759
VSWS,B,20260429,532762,,Action Construction,   909.7000,   916.4500,   897.6500,   899.6500,       7282,        842,             6594507
VSWS,B,20260429,532764,,GeeCee Ventures,   298.1000,   300.0000,   296.0000,   296.0000,        676,         31,              202267
VSWS,B,20260429,532767,,Gayatri Projects,    16.7500,    18.3000,    16.6300,    16.8700,     118689,        167,             2041905
VSWS,B,20260429,532768,,Fiem Industries,  2190.0000,  2243.0000,  2182.2000,  2187.6000,       1002,        188,             2215972
VSWS,B,20260429,532771,,JHS Svendgaard Labor,     9.1000,     9.1000,     8.8700,     8.9000,       1209,         13,               10802
VSWS,B,20260429,532772,,DCB Bank,   191.8500,   195.3000,   187.4500,   191.0000,     285832,       1382,            54738827
VSWS,B,20260429,532773,,Global Vectra Helico,   187.7000,   187.7000,   180.0000,   183.5500,        551,         65,              101875
VSWS,B,20260429,532774,,Inspirisys Solutions,    81.9900,    83.5400,    81.9900,    83.5400,          2,          2,                 165
VSWS,B,20260429,532775,,GTL Infrastructure,     1.2300,     1.2600,     1.2300,     1.2300,    5412773,       8372,             6720649
VSWS,B,20260429,532776,,Shivam Autotech,    18.6600,    19.7200,    18.6600,    19.1200,       9273,         91,              178202
VSWS,B,20260429,532777,,Info Edge (India),  1006.4500,  1020.8500,   985.7500,   992.0000,      57262,       6095,            57467299
VSWS,B,20260429,532779,,Torrent Power,  1784.5500,  1784.5500,  1696.5500,  1701.7000,     135382,       1989,           234740783
VSWS,B,20260429,532780,,Parsvnath Developers,     8.1000,     8.3300,     7.9400,     8.1600,      18185,         29,              147866
VSWS,B,20260429,532782,,Sutlej Textiles and,    40.5000,    41.4900,    39.4200,    40.2000,       6579,         58,              268226
VSWS,B,20260429,532783,,LT Foods,   424.0000,   437.8500,   423.8500,   425.3000,      25315,       1174,            10933211
VSWS,B,20260429,532784,,Sobha,  1448.8500,  1467.0000,  1436.3000,  1449.7500,       6656,        789,             9672252
VSWS,B,20260429,532785,,Ruchira Papers,   117.2100,   118.7100,   116.9000,   117.3300,       1174,         41,              137748
VSWS,B,20260429,532790,,Tanla Platforms,   560.0000,   565.0000,   536.6000,   540.4500,      80551,       2942,            44234881
VSWS,B,20260429,532794,,Zee Media Corp,     8.3600,     8.8600,     8.3500,     8.3800,     173052,        196,             1488680
VSWS,B,20260429,532795,,Siti Networks,     0.4900,     0.4900,     0.4900,     0.4900,       2601,         10,                1274
VSWS,B,20260429,532796,,Lumax Auto Technolog,  1669.3500,  1685.7000,  1597.5000,  1607.7000,      27138,       2710,            44245472
VSWS,B,20260429,532797,,Autoline Industries,    61.0000,    64.8000,    59.5000,    63.8600,      30685,        465,             1928736
VSWS,B,20260429,532798,,Network 18 Media,    35.0400,    35.7400,    34.7100,    34.8900,     132126,        800,             4638062
VSWS,B,20260429,532799,,Hubtown,   210.7500,   211.9000,   205.9500,   207.4500,      32936,        330,             6872909
VSWS,B,20260429,532801,,Cambridge Tech Enter,    32.2300,    33.8200,    31.0100,    32.4800,       6168,         47,              202933
VSWS,B,20260429,532804,,Technocraft Industri,  2537.8500,  2537.8500,  2490.0000,  2492.3000,        238,         50,              599261
VSWS,B,20260429,532805,,Redington,   217.0000,   217.7500,   211.5500,   214.4000,     226536,       3714,            48568643
VSWS,B,20260429,532806,,AI Champdany Industr,    33.6900,    35.0000,    33.6900,    34.1900,        778,         23,               26582
VSWS,B,20260429,532807,,Cineline India,    87.9900,    88.7900,    87.1100,    87.1100,        209,        192,               18309
VSWS,B,20260429,532808,,Pearl Global Industr,  1573.3000,  1573.3000,  1526.0000,  1528.4000,        930,        151,             1441751
VSWS,B,20260429,532809,,Firstsource Solution,   214.2000,   218.0000,   212.7000,   214.5500,      56651,       1431,            12188108
VSWS,B,20260429,532810,,Power Finance Corpor,   477.9000,   477.9500,   462.2000,   464.1000,     419267,       7328,           195642984
VSWS,B,20260429,532811,,Ahluwalia Contracts,   872.1500,   898.8500,   861.0000,   894.7500,       3087,        304,             2708773
VSWS,B,20260429,532812,,Transwarranty Financ,    13.0000,    13.0000,    12.0100,    12.7400,       1239,          8,               15888
VSWS,B,20260429,532814,,Indian Bank,   905.4500,   925.5000,   862.3500,   876.1000,     154862,       5907,           139060548
VSWS,B,20260429,532815,,SMS Pharmaceuticals,   394.9500,   415.0000,   391.0500,   409.8000,      15967,        372,             6448519
VSWS,B,20260429,532817,,Oriental Trimex,     7.2100,     7.2100,     6.9900,     7.0000,       3358,         77,               23561
VSWS,B,20260429,532820,,E-Land Apparel,    14.2000,    14.8300,    13.5000,    14.0800,       1136,         27,               16357
VSWS,B,20260429,532822,,Vodafone Idea,    10.0300,    10.5500,    10.0200,    10.2900,   43481179,     105879,           448595888
VSWS,B,20260429,532825,,Jagjanani Textiles,     5.1500,     5.1500,     5.0600,     5.0600,       1185,          9,                6076
VSWS,B,20260429,532826,,Raj Television Netwo,    23.1600,    24.1800,    23.1600,    23.8700,        267,          6,                6359
VSWS,B,20260429,532827,,Page Industries, 37601.0500, 37665.0000, 36710.1500, 36887.5500,        238,        123,             8847033
VSWS,B,20260429,532828,,AMD Industries,    45.5000,    45.5000,    44.2500,    44.7700,        414,        107,               18756
VSWS,B,20260429,532829,,Lehar Footwears,   216.9500,   217.0000,   212.0000,   213.7500,      17763,        298,             3807336
VSWS,B,20260429,532830,,Astral,  1553.9000,  1600.0000,  1545.0000,  1552.3500,      75205,       2886,           117830881
VSWS,B,20260429,532834,,Camlin Fine Sciences,   124.5600,   127.8700,   122.1900,   122.9700,      95995,        946,            11971979
VSWS,B,20260429,532835,,ICRA,  5494.0000,  5514.5500,  5409.8000,  5428.4000,         84,         32,              458388
VSWS,B,20260429,532839,,Dish TV India,     3.7800,     3.9000,     3.7800,     3.8200,     174087,        250,              672292
VSWS,B,20260429,532841,,Sahyadri Industries,   256.0000,   260.0000,   256.0000,   256.0000,        131,          7,               33614
VSWS,B,20260429,532842,,Sree Rayalaseema Hi-,   501.6500,   513.4000,   490.0000,   495.2000,       1131,        157,              562163
VSWS,B,20260429,532843,,Fortis Healthcare,   941.7500,   956.9500,   930.0500,   934.6000,      38328,       2282,            36192043
VSWS,B,20260429,532845,,TGB Banquets & Hotel,     9.7000,     9.7000,     9.4600,     9.5500,       1452,         21,               13827
VSWS,B,20260429,532847,,Hilton Metal Forging,    24.0000,    25.0000,    23.3900,    23.6000,      37616,        398,              906953
VSWS,B,20260429,532848,,Delta Corp,    73.6700,    75.4700,    72.1000,    72.4400,     191281,       1349,            14072060
VSWS,B,20260429,532850,,MIC Electronics,    40.8600,    44.5500,    40.8600,    44.4700,     484124,       1351,            21430180
VSWS,B,20260429,532851,,Insecticides (India),   697.9000,   705.3500,   691.0000,   696.4000,        303,         25,              211878
VSWS,B,20260429,532853,,Asahi Songwon Colors,   238.0000,   251.9500,   231.1500,   244.4000,       4488,       1033,             1070823
VSWS,B,20260429,532855,,Haryana Capfin,   157.0000,   157.0000,   152.1000,   152.1000,        498,         19,               76441
VSWS,B,20260429,532856,,Time Technoplast,   185.4500,   186.9000,   183.7000,   184.2000,      30587,        878,             5674544
VSWS,B,20260429,532859,,Hinduja Global Solu,   413.6500,   414.3000,   410.9500,   412.7000,        719,         55,              296953
VSWS,B,20260429,532864,,Nelcast,   150.0000,   150.0000,   133.0500,   144.7000,      18831,        396,             2664129
VSWS,B,20260429,532867,,V2 Retail,   206.4000,   206.4000,   199.1500,   199.7500,      30024,        695,             6037789
VSWS,B,20260429,532868,,DLF,   593.9000,   605.8000,   590.3500,   594.0000,     139133,       2916,            83461263
VSWS,B,20260429,532869,,Tarmat,    53.5000,    55.0000,    53.5000,    53.5200,       5064,         10,              270937
VSWS,B,20260429,532870,,Ankit Metal & Power,     1.6600,     1.6800,     1.5800,     1.6000,      16034,         23,               25564
VSWS,B,20260429,532872,,Sun Pharma Adv Resr,   147.6500,   149.5000,   146.2000,   148.3500,      17889,        468,             2640969
VSWS,B,20260429,532873,,Housing Dev & Infra,     2.1300,     2.1800,     2.1000,     2.1500,      15670,         37,               33342
VSWS,B,20260429,532875,,Allied Digital Servi,   115.0000,   118.6500,   113.9700,   115.7200,       4913,        170,              573980
VSWS,B,20260429,532878,,Alpa Laboratories,    69.2500,    69.5000,    64.2400,    67.1300,       1458,        280,               98483
VSWS,B,20260429,532879,,Sir Shadi Lal Enterp,   284.0000,   284.0000,   266.0000,   266.6000,       1808,         21,              493962
VSWS,B,20260429,532880,,Omaxe,    81.4600,    84.3400,    81.4400,    83.2100,      13825,         89,             1139421
VSWS,B,20260429,532884,,Refex Industries,   268.5500,   274.6500,   265.5500,   267.5000,      48645,       1219,            13070002
VSWS,B,20260429,532885,,Central Bank of Indi,    36.2100,    37.0000,    36.1100,    36.2900,     608226,       3389,            22242016
VSWS,B,20260429,532886,,SEL Manufacturing Co,    32.3400,    33.7700,    32.0000,    32.0400,        781,         29,               25200
VSWS,B,20260429,532888,,Asian Granito India,    77.1100,    77.5500,    62.4000,    64.0100,    1175474,       3508,            81111861
VSWS,B,20260429,532889,,K P R Mill,   934.0000,   935.4000,   922.0500,   928.0500,      19773,       1240,            18389890
VSWS,B,20260429,532890,,Take Solutions,    43.3400,    43.3400,    43.3400,    43.3400,       3369,         18,              146012
VSWS,B,20260429,532891,,Puravankara,   214.4500,   219.1500,   214.4500,   217.0000,       8801,        485,             1912833
VSWS,B,20260429,532892,,Motilal Oswal Financ,   784.3500,   793.9000,   777.0500,   785.4500,      88122,       3955,            69207129
VSWS,B,20260429,532893,,VTM,    79.0000,    80.0000,    76.9000,    77.4200,      54257,        227,             4213468
VSWS,B,20260429,532894,,Indowind Energy,    11.1400,    11.5000,    10.9500,    11.0900,      41653,        214,              464461
VSWS,B,20260429,532895,,Nagreeka Capital & I,    33.9700,    33.9700,    33.2500,    33.2500,         65,          5,                2169
VSWS,B,20260429,532896,,Magnum Ventures,    21.7500,    21.7500,    20.8000,    21.4900,        992,         14,               20819
VSWS,B,20260429,532898,,Power Grid Corp of I,   321.4500,   323.8000,   318.6500,   320.3500,     932429,       3393,           301144639
VSWS,B,20260429,532899,,Kaveri Seed Company,   935.0000,   944.1000,   920.0000,   927.0500,        840,        102,              782777
VSWS,B,20260429,532900,,Paisalo Digital,    47.2600,    47.9900,    46.8600,    47.6300,     412749,       1354,            19598575
VSWS,B,20260429,532902,,Consolidated Const C,    17.5000,    17.5600,    15.7200,    15.9200,     139290,        702,             2292045
VSWS,B,20260429,532904,,Supreme Infrastructu,    81.0000,    81.0000,    79.0000,    80.8900,        467,          6,               37246
VSWS,B,20260429,532906,,Maan Aluminium,   150.9500,   155.0000,   148.0000,   149.1000,      26758,        513,             4064546
VSWS,B,20260429,532907,,IL&FS Eng & Const Co,    27.0000,    27.4500,    26.0500,    26.5100,       2720,         15,               73737
VSWS,B,20260429,532911,,Parle Industries,     5.2300,     5.2300,     5.0000,     5.0300,     496847,        620,             2518123
VSWS,B,20260429,532915,,Religare Enterprises,   225.3500,   236.9000,   224.5500,   225.3000,     103475,       1597,            23772726
VSWS,B,20260429,532916,,Barak Valley Cements,    46.0900,    47.1300,    44.5000,    44.9000,       9364,         97,              432476
VSWS,B,20260429,532918,,Rathi Bars,    25.5000,    25.5000,    24.6200,    24.7000,       1708,         30,               42692
VSWS,B,20260429,532921,,Adani Ports & Specia,  1645.0000,  1672.0000,  1644.9500,  1660.8000,     156656,       9294,           259976127
VSWS,B,20260429,532922,,Edelweiss Financial,   124.3500,   129.1400,   123.2100,   124.1300,     265939,       2897,            33667659
VSWS,B,20260429,532923,,Renaissance Global,   100.2900,   102.4000,   100.2900,   101.2100,      15406,        197,             1567911
VSWS,B,20260429,532924,,Kolte-Patil Develope,   374.8000,   384.7500,   374.0000,   381.3000,        725,         67,              274943
VSWS,B,20260429,532925,,Kaushalya Infra Deve,   940.0000,   940.0000,   940.0000,   940.0000,          1,          1,                 940
VSWS,B,20260429,532926,,Jyothy Labs,   263.3000,   270.4500,   258.2500,   265.6000,      67605,       2302,            17969004
VSWS,B,20260429,532927,,eClerx Services,  1464.9500,  1482.5000,  1406.0500,  1418.4500,       6537,        800,             9405213
VSWS,B,20260429,532928,,Transformers & Recti,   340.9000,   341.4500,   321.1500,   323.7000,     348200,       5709,           114524731
VSWS,B,20260429,532929,,Brigade Enterprises,   800.7000,   806.0500,   794.7000,   796.7500,       9994,        588,             7981544
VSWS,B,20260429,532930,,BGR Energy Systems,   309.5000,   313.9000,   299.1000,   299.1000,      18461,        250,             5584225
VSWS,B,20260429,532932,,Manaksia,    60.3800,    62.0000,    59.2200,    59.6000,       2038,         68,              121977
VSWS,B,20260429,532933,,Porwal Auto Componen,    52.9800,    54.1400,    52.4800,    52.7700,       9273,         62,              492480
VSWS,B,20260429,532934,,PPAP Automotive,   215.7000,   217.1000,   208.9000,   212.1500,       1795,         86,              385899
VSWS,B,20260429,532935,,Aries Agro,   382.8500,   383.9000,   370.1000,   371.0500,        295,         31,              112174
VSWS,B,20260429,532937,,Kuantum Papers,    81.7500,    82.1500,    79.5800,    79.8600,       6097,        203,              488603
VSWS,B,20260429,532939,,Reliance Power,    29.8600,    30.2000,    28.8400,    29.0200,    5338850,      10765,           157693218
VSWS,B,20260429,532940,,J Kumar Infraproject,   515.8000,   528.0500,   514.5500,   516.1000,       2467,        420,             1282929
VSWS,B,20260429,532941,,Cords Cable Industri,   180.8500,   184.5500,   180.1500,   182.7000,       1715,         39,              313372
VSWS,B,20260429,532942,,KNR Constructions,   131.0000,   133.1500,   128.3500,   130.3500,     193179,       1861,            25280648
VSWS,B,20260429,532944,,OnMobile Global,    55.3700,    56.9000,    55.0000,    56.5500,      15819,        296,              879983
VSWS,B,20260429,532945,,SEPC Ltd,     8.4500,     8.7000,     8.3400,     8.4000,    1978729,       2194,            16854476
VSWS,B,20260429,532946,,Bang Overseas,    38.7200,    39.9700,    38.2100,    38.6100,          5,          5,                 195
VSWS,B,20260429,532947,,IRB Infra Developers,    21.9400,    22.1700,    21.5200,    21.6800,     838320,       4144,            18292500
VSWS,B,20260429,532951,,GSS Infotech,    14.4900,    14.5000,    14.0700,    14.0700,       4530,         24,               63918
VSWS,B,20260429,532952,,Nahar Capital and Fi,   249.1500,   256.6000,   249.1500,   255.0000,        955,         29,              244312
VSWS,B,20260429,532953,,V-Guard Industries,   338.5500,   338.5500,   332.4500,   333.6500,      19451,        907,             6501869
VSWS,B,20260429,532955,,REC,   367.5000,   372.4500,   358.1000,   363.6000,    1102884,      17475,           400888381
VSWS,B,20260429,532957,,Gokak Textiles,    66.3300,    66.3300,    66.3300,    66.3300,        211,          3,               13995
VSWS,B,20260429,532966,,Titagarh Rail System,   790.5500,   805.0000,   781.0500,   784.8500,      69041,       2690,            54666942
VSWS,B,20260429,532967,,Kiri Industries,   419.0000,   422.2000,   413.9000,   415.4500,       9181,        310,             3835843
VSWS,B,20260429,532974,,Aditya Birla Money,   148.2100,   151.0600,   144.4100,   147.1400,      13566,        166,             1993312
VSWS,B,20260429,532975,,Telogica,    13.2200,    13.2200,    12.4300,    12.6800,      13606,         49,              174599
VSWS,B,20260429,532976,,Jai Balaji Industrie,    82.6700,    83.7300,    80.3000,    81.4800,     137284,       1755,            11199925
VSWS,B,20260429,532977,,Bajaj Auto,  9566.6500,  9705.0000,  9495.8500,  9542.1000,      15019,       5193,           144510481
VSWS,B,20260429,532978,,Bajaj Finserv,  1774.0500,  1793.3000,  1761.0000,  1764.4000,      26382,       5131,            46852586
VSWS,B,20260429,532980,,Gokul Refoils & Sol,    39.2600,    40.8000,    39.2600,    39.6900,       1639,         51,               65465
VSWS,B,20260429,532983,,RPG Life Sciences,  2034.5000,  2068.5000,  2016.3500,  2022.5000,        704,         79,             1434908
VSWS,B,20260429,532985,,Kotak S&P BSE Sx ETF,    83.9600,    85.0000,    83.9600,    84.4600,       3124,         74,              264198
VSWS,B,20260429,532986,,Niraj Cement Structu,    28.6700,    29.9200,    28.6700,    29.9200,       4208,         77,              123857
VSWS,B,20260429,532989,,Bafna Pharmaceutical,   136.0000,   138.2000,   135.0000,   135.3000,        225,         11,               30522
VSWS,B,20260429,532992,,CHL,    31.0000,    35.9600,    31.0000,    31.9700,       1955,         19,               62457
VSWS,B,20260429,532993,,Sejal Glass,   851.2000,   889.2500,   840.0000,   881.9000,      17930,        256,            15495457
VSWS,B,20260429,532994,,Archidply Industries,    80.7000,    94.0000,    80.5900,    85.1700,      14964,        573,             1306165
VSWS,B,20260429,532998,,Lotus Eye Hosp & Ins,   122.8500,   123.2500,   120.3000,   120.5000,        826,         73,              101136
VSWS,B,20260429,533001,,Somi Conveyor Beltin,   111.5000,   112.5000,   107.5600,   110.3000,        962,         35,              105953
VSWS,B,20260429,533007,,LGB Forge,     8.3800,     8.3800,     7.9000,     7.9200,     103641,        220,              833084
VSWS,B,20260429,533012,,Landmark Property De,     7.7200,     7.8000,     7.6600,     7.7500,       1432,          8,               11145
VSWS,B,20260429,533014,,Sicagen India,    56.8000,    56.8000,    53.0700,    54.0500,       1786,         20,               99282
VSWS,B,20260429,533019,,Simplex Papers,  1702.0000,  1702.0000,  1539.9500,  1539.9500,          9,          7,               14022
VSWS,B,20260429,533022,,20 Microns,   179.9000,   184.0000,   178.7500,   179.4000,       5003,        137,              907895
VSWS,B,20260429,533023,,ZF Comm Vehicle Cont, 14928.0000, 15060.0000, 14693.9000, 14758.6500,        336,        125,             4969443
VSWS,B,20260429,533029,,Alkali Metals,    75.9500,    75.9500,    66.5600,    67.2200,        912,         47,               62537
VSWS,B,20260429,533033,,ISGEC Heavy Engineer,  1099.0000,  1103.8500,  1065.6500,  1073.3000,       3015,        485,             3260742
VSWS,B,20260429,533047,,Indian Metals & Ferr,  1657.6500,  1674.9000,  1601.0000,  1656.1000,      26392,       2059,            43417099
VSWS,B,20260429,533048,,Teamo Productions HQ,     0.5900,     0.5900,     0.5700,     0.5800,     198495,         81,              113451
VSWS,B,20260429,533056,,Vedavaag Systems,    21.4800,    22.3000,    21.0000,    21.1600,      18673,        108,              399377
VSWS,B,20260429,533080,,Mold-Tek Packaging,   578.2000,   578.2000,   564.0000,   566.0500,       1242,        185,              707247
VSWS,B,20260429,533088,,Mahindra Holidays &,   250.9500,   250.9500,   244.5000,   247.2500,       8503,        275,             2097209
VSWS,B,20260429,533090,,Landsmill Green,     0.9900,     1.0000,     0.8800,     0.9600,    2785461,        633,             2658499
VSWS,B,20260429,533093,,Raj Oil Mills,    44.0000,    46.5000,    44.0000,    44.5500,        227,         10,               10108
VSWS,B,20260429,533095,,Bengal & Assam Co,  6500.0000,  6500.0000,  6306.1000,  6500.0000,         28,         20,              180122
VSWS,B,20260429,533096,,Adani Power,   225.7500,   226.2500,   215.5500,   219.1000,    4089944,      24009,           909480750
VSWS,B,20260429,533098,,NHPC,    86.0000,    86.8600,    83.4400,    84.0200,     949373,       4770,            80806186
VSWS,B,20260429,533100,,Premier Energy & Inf,     7.5500,     7.7200,     7.3100,     7.7100,      87036,         74,              663658
VSWS,B,20260429,533101,,Suryaamba Spinning,   127.2000,   127.2000,   118.3000,   124.8000,        301,         10,               36285
VSWS,B,20260429,533104,,Globus Spirits,  1065.3500,  1089.3000,  1058.3500,  1065.4000,       4245,        296,             4562147
VSWS,B,20260429,533106,,Oil India,   499.5000,   504.2000,   491.4000,   492.5500,     328791,       6506,           163691939
VSWS,B,20260429,533107,,Swan Defence And Hea,  1899.9500,  1899.9500,  1830.0500,  1854.0000,        772,         60,             1442111
VSWS,B,20260429,533108,,Bhilwara Technical T,    33.6500,    33.9400,    33.5500,    33.5600,       1640,         12,               55244
VSWS,B,20260429,533110,,Shree Precoated Stee,    13.8700,    13.8700,    12.6000,    12.6000,       2082,         10,               28809
VSWS,B,20260429,533121,,Expleo Solutions,   810.9000,   820.5500,   804.8000,   814.0000,       1272,        107,             1035091
VSWS,B,20260429,533122,,RattanIndia Power,    10.1700,    10.5900,    10.1700,    10.2000,    2502063,       9944,            25909179
VSWS,B,20260429,533137,,Den Networks,    28.4200,    28.4200,    28.0100,    28.1500,      41577,        173,             1172030
VSWS,B,20260429,533138,,Astec Lifesciences,   733.1000,   733.1000,   693.0000,   702.1000,       3344,        416,             2379550
VSWS,B,20260429,533146,,D-Link (India),   459.2500,   461.8000,   454.0000,   456.0000,       4027,        136,             1846565
VSWS,B,20260429,533148,,JSW Energy,   588.3500,   588.3500,   556.4000,   559.7500,     161893,       6771,            92141670
VSWS,B,20260429,533149,,Yunik Managing Advis,     7.5000,     8.3900,     7.5000,     7.5100,       1143,          6,                8679
VSWS,B,20260429,533150,,Godrej Properties,  1825.2500,  1882.9000,  1825.2500,  1864.2500,      36362,       3352,            67787953
VSWS,B,20260429,533151,,D B Corp,   223.5000,   223.5000,   215.3000,   216.7500,       2111,        107,              460693
VSWS,B,20260429,533152,,MBL Infrastructure,    25.0100,    25.0100,    25.0100,    25.0100,        266,          3,                6652
VSWS,B,20260429,533155,,Jubilant FoodWorks,   483.1000,   487.7500,   477.5000,   485.5500,      78569,       2863,            37940476
VSWS,B,20260429,533156,,Vascon Engineers,    41.3800,    43.4400,    40.5800,    42.1300,     279387,       1501,            11728373
VSWS,B,20260429,533158,,Thangamayil Jeweller,  3968.3500,  4033.5000,  3930.6500,  3984.4500,       2625,        687,            10494347
VSWS,B,20260429,533160,,Valor Estate,   105.9800,   107.5700,   103.5200,   104.0100,     103747,       1472,            10991381
VSWS,B,20260429,533161,,Emmbi Industries,    86.9200,    86.9200,    84.3200,    84.4300,         61,          4,                5175
VSWS,B,20260429,533162,,Hathway Cable & Data,    11.0500,    11.2000,    11.0500,    11.1000,      96838,        525,             1077338
VSWS,B,20260429,533164,,Texmo Pipes and Prod,    46.2500,    47.7100,    46.2500,    47.0800,       2830,         70,              134100
VSWS,B,20260429,533166,,Sundaram Multi Pap,     1.4600,     1.4900,     1.4300,     1.4400,      21106,         59,               30387
VSWS,B,20260429,533167,,Coromandel Engineeri,    93.5800,    93.5800,    93.5000,    93.5800,        679,          8,               63536
VSWS,B,20260429,533168,,Rossell India,    56.9900,    56.9900,    55.3500,    56.3500,       2778,         77,              155260
VSWS,B,20260429,533169,,Man Infraconstructio,   116.4100,   124.6000,   116.0800,   118.5900,     225220,       2571,            26979210
VSWS,B,20260429,533170,,Tamboli Industries,   153.9500,   153.9500,   149.9500,   152.8500,       1181,         13,              177216
VSWS,B,20260429,533172,,Invesco India Gold, 12995.0000, 12995.0000, 12770.0000, 12770.0000,         26,         22,              333973
VSWS,B,20260429,533177,,IL & FS Transportati,     2.4600,     2.4600,     2.3700,     2.4400,      10837,         15,               26111
VSWS,B,20260429,533179,,Persistent Systems,  4825.0000,  4906.4500,  4782.1000,  4798.7000,      23893,       3521,           115324463
VSWS,B,20260429,533181,,Intrasoft Technologi,    74.9100,    76.0000,    73.0000,    73.0700,       1247,         22,               93402
VSWS,B,20260429,533192,,KCP Sugar & Ind Corp,    25.0600,    26.5600,    25.0600,    26.2400,      16031,        231,              421787
VSWS,B,20260429,533193,,Kirloskar Electric,   127.7400,   129.1700,   125.0000,   126.3200,      10893,        162,             1378703
VSWS,B,20260429,533202,,Satchmo Holdings,     4.6300,     4.6500,     4.3000,     4.6500,    1625559,        495,             7509892
VSWS,B,20260429,533203,,Tarapur Transformers,    25.2500,    25.2500,    23.9300,    24.1100,       6752,         50,              162074
VSWS,B,20260429,533206,,SJVN,    82.5500,    82.9000,    80.2500,    80.6200,     278352,       2479,            22691200
VSWS,B,20260429,533208,,Emami Paper Mills,    78.0400,    79.9000,    77.6000,    77.6100,       1380,         49,              108500
VSWS,B,20260429,533210,,Kriti Nutrients,    99.3800,    99.3800,    96.0100,    98.2400,       1766,         29,              173042
VSWS,B,20260429,533212,,GKB Ophthalmics,    65.1100,    69.3900,    64.0100,    68.9800,        679,         10,               44299
VSWS,B,20260429,533217,,Hindustan Media Vent,    69.5000,    69.5000,    66.6800,    67.2200,       2554,         43,              174439
VSWS,B,20260429,533218,,Emami Realty,    94.0000,    99.4500,    89.0000,    91.0100,      21393,        608,             2015320
VSWS,B,20260429,533227,,Asian Hotels (East),   166.2000,   168.0500,   161.0500,   162.5000,        628,         22,              102687
VSWS,B,20260429,533229,,Bajaj Consumer Care,   468.5500,   476.1500,   458.5500,   461.2000,      36640,       1566,            17107471
VSWS,B,20260429,533230,,HDFC Gold ETF,   125.5000,   126.8100,   125.3400,   125.5400,     156104,       1104,            19701477
VSWS,B,20260429,533239,,Prakash Steelage,     4.4600,     4.8100,     4.4600,     4.6800,      31324,        164,              146060
VSWS,B,20260429,533244,,ICICI Pru Gold,   123.7400,   128.1900,   123.7400,   125.8500,     195379,       2291,            24702874
VSWS,B,20260429,533248,,Gujarat Pipavav Port,   157.4500,   159.9500,   157.0000,   158.4000,      47111,       1380,             7470198
VSWS,B,20260429,533252,,Welspun Inv & Comm,  1497.3500,  1499.0000,  1475.1000,  1499.0000,          8,          8,               11958
VSWS,B,20260429,533257,,Indosolar,   440.0000,   454.9000,   432.9000,   438.6500,      11902,        282,             5245878
VSWS,B,20260429,533259,,Health X Platform,   278.4500,   296.7000,   276.5000,   281.5500,       1617,        141,              467625
VSWS,B,20260429,533260,,CP Capital,    97.5000,    99.9000,    94.1000,    97.7100,       1862,        160,              182695
VSWS,B,20260429,533262,,Ramky Infrastructure,   512.8500,   516.3000,   503.3000,   504.3500,       2113,        196,             1075143
VSWS,B,20260429,533263,,Orient Green Power C,    13.2500,    13.4000,    12.6000,    12.7200,    3187587,       5707,            41687272
VSWS,B,20260429,533267,,Cantabil Retail Indi,   244.0000,   249.6000,   244.0000,   246.2500,       1674,         68,              414239
VSWS,B,20260429,533268,,Sea TV Network,     3.6100,     3.7200,     3.6100,     3.7200,        116,          7,                 419
VSWS,B,20260429,533269,,VA Tech Wabag,  1520.0500,  1525.3500,  1476.0000,  1481.8500,      14091,       1041,            21066490
VSWS,B,20260429,533270,,Bedmutha Industries,   109.0500,   117.6500,   109.0500,   117.6500,         42,          3,                4588
VSWS,B,20260429,533271,,Ashoka Buildcon,   138.4500,   140.3000,   134.0000,   134.9000,      61253,        968,             8354669
VSWS,B,20260429,533272,,Jupiter Wagons,   293.9000,   293.9000,   286.5000,   287.3000,     108433,       2333,            31400571
VSWS,B,20260429,533273,,Oberoi Realty,  1743.3500,  1743.3500,  1693.5000,  1697.2000,       5297,        746,             9079387
VSWS,B,20260429,533274,,Prestige Estates Pro,  1401.9000,  1454.2500,  1401.9000,  1434.7500,      22311,       1964,            31985941
VSWS,B,20260429,533275,,Shah Metacorp,     5.4500,     5.5700,     5.3900,     5.4600,     509187,        404,             2782924
VSWS,B,20260429,533278,,Coal India,   472.2500,   485.6000,   464.1500,   479.6500,    1184947,      15806,           568771832
VSWS,B,20260429,533282,,Gravita India,  1618.0000,  1682.8000,  1610.6500,  1647.7500,      24207,       2574,            39877883
VSWS,B,20260429,533284,,RPP Infra Projects,    81.0000,    81.0000,    78.0000,    78.5600,       6421,        185,              509901
VSWS,B,20260429,533285,,RDB Infra and Power,    29.9200,    29.9200,    29.9200,    29.9200,     321323,        414,             9613984
VSWS,B,20260429,533286,,MOIL,   333.0000,   336.9000,   330.4500,   333.4000,      39331,       1504,            13129389
VSWS,B,20260429,533287,,Zee Learn,     5.0700,     5.4100,     5.0700,     5.2800,     198094,        480,             1059386
VSWS,B,20260429,533289,,Kesar Terminals & In,    65.5300,    68.0000,    65.5300,    68.0000,        456,          8,               30159
VSWS,B,20260429,533292,,A2Z Infra Engineerin,    16.7000,    16.9900,    16.7000,    16.9900,       2912,         21,               49253
VSWS,B,20260429,533293,,Kirloskar Oil Engine,  1735.4000,  1747.1000,  1694.7000,  1698.5500,      21654,       2264,            37132631
VSWS,B,20260429,533294,,Ravi Kumar Distiller,    21.9300,    22.3800,    21.9300,    21.9500,         44,          6,                 974
VSWS,B,20260429,533295,,Punjab & Sind Bank,    25.0900,    25.5200,    25.0000,    25.0400,     255100,       1701,             6444901
VSWS,B,20260429,533296,,Future Market Networ,     8.6100,     8.9700,     8.5500,     8.7500,       6988,         21,               61175
VSWS,B,20260429,533298,,Surana Solar,    27.8200,    32.2000,    27.6200,    28.3400,      75410,        561,             2191968
VSWS,B,20260429,533301,,Shekhawati Industrie,    16.8000,    17.0000,    16.1000,    16.9000,       7504,         27,              124131
VSWS,B,20260429,533302,,Kalyani Investment C,  4852.4000,  5000.0000,  4849.6500,  4849.6500,         87,         19,              424714
VSWS,B,20260429,533303,,BF Investment,   423.7000,   425.7000,   417.3000,   419.8500,        433,        141,              182910
VSWS,B,20260429,533306,,Summit Securities,  1668.0000,  1703.8000,  1568.4000,  1614.1500,        889,        219,             1456610
VSWS,B,20260429,533315,,Innovassynth Techno,    73.0000,    76.4700,    70.0000,    72.7400,      77215,        520,             5629690
VSWS,B,20260429,533316,,STEL Holdings,   474.0000,   497.0000,   454.0000,   476.4500,       1003,        171,              479673
VSWS,B,20260429,533326,,Texmaco Rail & Engin,   106.0100,   109.9300,   105.6400,   106.3800,     147411,       1464,            15849651
VSWS,B,20260429,533329,,Indian Terrain Fashi,    31.0000,    31.6200,    30.5500,    30.5500,        282,         17,                8748
VSWS,B,20260429,533333,,Fineotex Chemical,    23.0000,    23.4800,    22.9500,    23.0400,     142248,        648,             3297912
VSWS,B,20260429,533336,,Dhunseri Investments,   942.0000,   944.8000,   933.0500,   933.8000,        137,         39,              128678
VSWS,B,20260429,533339,,Zen Technologies,  1689.5000,  1724.4000,  1671.5000,  1683.3500,      60359,       4442,           102191728
VSWS,B,20260429,533343,,Lovable Lingerie,    75.7500,    77.9600,    73.5000,    73.9200,       2758,         88,              210449
VSWS,B,20260429,533344,,PTC India Financial,    32.4600,    32.7900,    31.4000,    31.7800,      87575,        485,             2808375
VSWS,B,20260429,533385,,Motilal Oswal NASDAQ,   301.1100,   301.1100,   298.5900,   301.0800,      41353,       1076,            12443794
VSWS,B,20260429,533398,,Muthoot Finance,  3500.1000,  3536.0000,  3450.2500,  3461.1000,      19367,       2987,            67449355
VSWS,B,20260429,533407,,True Green Bio Energ,   154.9000,   154.9000,   143.0000,   144.1500,      18677,        202,             2824114
VSWS,B,20260429,533408,,Aditya Birla Sun LGG,   130.0000,   130.6600,   129.0900,   129.3500,       2445,         86,              317831
VSWS,B,20260429,533427,,VMS Industries,    25.5800,    25.9900,    25.0100,    25.3700,      20013,        143,              508206
VSWS,B,20260429,533451,,Karma Energy,    50.9600,    52.0000,    50.3000,    52.0000,         61,          4,                3107
VSWS,B,20260429,533452,,Delphi World Money,    12.6600,    13.4800,    11.3900,    11.5700,      39346,        261,              464458
VSWS,B,20260429,533470,,Rushil Decor,    17.2400,    18.3000,    17.0500,    17.1400,      45398,        159,              800209
VSWS,B,20260429,533477,,Enkei Wheels (India),   412.1000,   414.5000,   410.6000,   412.9500,       2518,         37,             1037754
VSWS,B,20260429,533482,,Kridhan Infra,     2.7800,     2.8000,     2.7500,     2.7500,      18681,         21,               52044
VSWS,B,20260429,533506,,Inventure Grow & Sec,     1.0000,     1.0200,     1.0000,     1.0100,     132397,        106,              133553
VSWS,B,20260429,533519,,L&T Finance,   286.5000,   290.3500,   284.3500,   285.3500,     131806,       3171,            37810571
VSWS,B,20260429,533520,,Indiabulls,    17.3000,    18.1500,    16.9600,    17.9100,    1131098,       2377,            19991140
VSWS,B,20260429,533540,,Tree House Education,     8.2100,     8.2100,     8.0000,     8.0000,        301,          3,                2429
VSWS,B,20260429,533543,,Brooks Laboratories,    60.2100,    60.2800,    59.4500,    59.4500,      16264,         73,              969655
VSWS,B,20260429,533552,,Rupa & Company,   152.5500,   155.5500,   150.0500,   150.7000,      13803,        225,             2112859
VSWS,B,20260429,533553,,TD Power Systems,  1158.7000,  1195.6500,  1130.3000,  1146.2000,      80923,       4980,            94243754
VSWS,B,20260429,533570,,Axis MF Axis GoldETF,   122.6600,   123.7100,   122.1700,   122.4000,      13970,        590,             1718753
VSWS,B,20260429,533573,,Alembic Pharmaceutic,   759.8500,   769.0000,   753.2500,   761.4500,       3734,        667,             2833845
VSWS,B,20260429,533576,,Vaswani Industries,    63.0000,    63.0000,    57.1400,    58.0300,       6929,         75,              415778
VSWS,B,20260429,533581,,PG Electroplast,   564.8500,   568.1500,   547.0000,   550.8500,     106056,       3667,            59007562
VSWS,B,20260429,533602,,Lesha Industries,     0.9600,     0.9800,     0.9400,     0.9600,      44020,        122,               42024
VSWS,B,20260429,533608,,RDB Rasayans,   166.9500,   167.0500,   160.0000,   164.0000,      10998,        160,             1780321
VSWS,B,20260429,533629,,Tijaria Polypipes,     4.6000,     4.6000,     4.5100,     4.5100,         12,          2,                  55
VSWS,B,20260429,533632,,Onelife Capital Advi,    18.4300,    18.7100,    18.0500,    18.2000,      14766,         65,              268229
VSWS,B,20260429,533638,,Flexituff Ventur Int,     6.9800,     7.0200,     6.5800,     6.7900,       6645,         47,               45360
VSWS,B,20260429,533644,,Ujaas Energy,   168.5000,   168.5000,   159.2000,   161.0000,        470,         39,               75693
VSWS,B,20260429,533655,,Triveni Turbine,   585.0000,   595.0000,   570.5500,   574.2000,      89027,       3212,            52055035
VSWS,B,20260429,533676,,Indo Thai Securities,   292.0000,   298.2000,   284.8500,   296.9500,      13558,        324,             3945570
VSWS,B,20260429,533704,,Essar Shipping,    26.6100,    31.0000,    26.6100,    29.3800,      84147,       1160,             2468551
VSWS,B,20260429,533719,,LIC MF Gold ETF,   133.7000,   134.0400,   132.0000,   132.4600,       3715,        140,              494904
VSWS,B,20260429,533758,,APL Apollo Tubes,  1989.6500,  1998.3000,  1960.0000,  1968.6000,      11032,       1876,            21796922
VSWS,B,20260429,533761,,GPT Infraprojects,   114.9200,   115.9500,   113.5600,   114.9300,       4258,        124,              487902
VSWS,B,20260429,533896,,Fervent Synergies,    19.5100,    19.5100,    16.3200,    18.3600,       4256,         51,               73022
VSWS,B,20260429,533941,,Thomas Scott (India),   258.7500,   268.3500,   255.7500,   259.1000,       1111,        102,              292611
VSWS,B,20260429,533982,,Tera Software,   352.5000,   354.5500,   348.8000,   350.4000,       1451,         35,              510309
VSWS,B,20260429,534060,,PMC Fincorp,     1.9400,     1.9800,     1.9000,     1.9100,     810035,        531,             1557212
VSWS,B,20260429,534063,,Futuristic Solutions,    39.1100,    39.1100,    36.1500,    36.1500,         49,          5,                1796
VSWS,B,20260429,534064,,Alliance Integrated,     1.5900,     1.6500,     1.5900,     1.6400,     357272,        191,              581840
VSWS,B,20260429,534076,,RHI Magnesita India,   414.1000,   414.6000,   403.7000,   406.6500,       4992,        293,             2040033
VSWS,B,20260429,534091,,Multi Commodity Exch,  2914.9000,  2980.0000,  2863.2000,  2968.4000,     137841,      11087,           405472591
VSWS,B,20260429,534139,,Schneider Electric I,  1154.9500,  1191.9000,  1136.0000,  1191.0500,      12310,        516,            14493282
VSWS,B,20260429,534190,,Olympic Cards,     2.9500,     2.9600,     2.9500,     2.9500,       1965,          6,                5797
VSWS,B,20260429,534309,,NBCC (India),    94.5200,    95.7400,    93.0300,    93.2500,     363836,       2805,            34357939
VSWS,B,20260429,534312,,MT Educare,     1.4300,     1.4300,     1.4300,     1.4300,       5040,          4,                7207
VSWS,B,20260429,534328,,Hexa Tradex,   170.0000,   174.9500,   170.0000,   174.9500,          2,          2,                 344
VSWS,B,20260429,534369,,Tribhovandas Bhimji,   147.0000,   150.5500,   144.4000,   145.2000,       5565,        299,              818882
VSWS,B,20260429,534392,,Vardhman Special Ste,   294.6000,   294.6000,   280.2500,   281.8500,      35416,        980,            10132000
VSWS,B,20260429,534422,,Looks Health Service,     6.4200,     6.4200,     5.8500,     6.2500,       1307,         19,                8168
VSWS,B,20260429,534425,,Speciality Restauran,   100.6900,   101.9000,   100.0000,   101.8500,        292,         10,               29617
VSWS,B,20260429,534532,,Lypsa Gems & Jewelle,     5.8000,     6.0000,     5.2000,     5.2900,      23900,         97,              129379
VSWS,B,20260429,534535,,String Metaverse,    10.0500,    10.0500,    10.0000,    10.0500,    3397331,       1010,            34142366
VSWS,B,20260429,534597,,RattanIndia Enterpri,    36.2400,    36.7900,    35.5200,    35.8600,     152381,       1369,             5509829
VSWS,B,20260429,534598,,Sampann Utpadan Indi,    28.0200,    29.4000,    26.5000,    26.9900,      45934,        812,             1250405
VSWS,B,20260429,534600,,JTL Industries,    79.8200,    82.6000,    78.9500,    80.3300,     268680,       1354,            21784260
VSWS,B,20260429,534612,,Advance Metering Tec,    19.4000,    19.8900,    19.0500,    19.6900,       1037,         17,               20091
VSWS,B,20260429,534615,,North Eastern Carry,    16.0000,    16.1000,    15.7700,    15.9100,       3367,         25,               53409
VSWS,B,20260429,534618,,Waaree Renewable,  1075.0000,  1075.0000,  1037.0000,  1041.3500,      38132,       1954,            40136890
VSWS,B,20260429,534623,,Jupiter Infomedia,    62.3000,    68.0000,    62.3000,    66.2200,      10327,         76,              686750
VSWS,B,20260429,534639,,Vinayak Polycon Int,    25.2400,    27.7600,    22.7200,    27.7600,        115,          6,                2658
VSWS,B,20260429,534674,,Ducon Infratechnolog,     3.3100,     3.4300,     3.3100,     3.3200,       7512,         42,               25192
VSWS,B,20260429,534675,,Prozone Realty,    63.0000,    68.7000,    59.1100,    62.2000,      95484,        539,             6148639
VSWS,B,20260429,534691,,Comfort Commotrade,    18.4000,    18.4000,    16.4300,    17.2800,      25018,        127,              428311
VSWS,B,20260429,534732,,Caspian Corp Service,    40.0500,    42.7900,    40.0500,    40.5200,       3454,         78,              140744
VSWS,B,20260429,534733,,Aerpace Industries,    23.8900,    23.8900,    23.0600,    23.6100,      63590,         65,             1504178
VSWS,B,20260429,534741,,Virtual Global Edu,     0.5600,     0.5900,     0.5600,     0.5700,     309329,        153,              177625
VSWS,B,20260429,534742,,Zuari Agro Chemicals,   247.5000,   249.1000,   240.0000,   241.4500,       7488,        329,             1827798
VSWS,B,20260429,534748,,Steel Exchange India,     9.9800,    10.2600,     9.9800,    10.0700,     343660,        831,             3470615
VSWS,B,20260429,534755,,Trio Mercantile & Tr,     1.0400,     1.0400,     0.9900,     1.0000,     325264,         25,              322328
VSWS,B,20260429,534758,,Cigniti Technologies,  1187.9500,  1215.0000,  1184.9500,  1191.0500,        676,         56,              808956
VSWS,B,20260429,534796,,CDG Petchem,   195.9500,   195.9500,   195.0000,   195.9500,      14450,         39,             2824054
VSWS,B,20260429,534804,,CARE Ratings,  1598.6500,  1716.9000,  1595.5000,  1687.6000,       5256,        828,             8842347
VSWS,B,20260429,534809,,PC Jeweller,     9.5800,     9.8000,     9.4500,     9.5200,    5190008,       4475,            49624105
VSWS,B,20260429,534816,,Indus Towers,   419.4500,   421.8000,   412.0000,   413.6500,     230332,       4065,            96247734
VSWS,B,20260429,534920,,iSera Lifesciences,    77.4900,    77.4900,    77.4900,    77.4900,       7675,         13,              594735
VSWS,B,20260429,534976,,V-Mart Retail,   617.0000,   658.0000,   617.0000,   639.0000,      31968,       1466,            20593443
VSWS,B,20260429,535136,,Nibe,  1118.2000,  1161.0000,  1083.9500,  1087.3500,       8654,        571,             9743787
VSWS,B,20260429,535204,,Mukta Agriculture,     2.7500,     2.7500,     2.7100,     2.7100,        960,          8,                2602
VSWS,B,20260429,535205,,Mystic Electronics,     3.5400,     3.7900,     3.5400,     3.6100,       7266,         31,               26296
VSWS,B,20260429,535267,,Comfort Fincap,     7.9900,     8.4000,     7.6100,     8.0300,      32651,        115,              259982
VSWS,B,20260429,535276,,SBI ETF SENSEX,   857.7900,   863.1900,   845.1000,   854.2000,       9178,        231,             7888207
VSWS,B,20260429,535322,,Repco Home Finance,   410.5500,   415.3500,   407.0500,   410.7000,       4334,        234,             1779073
VSWS,B,20260429,535387,,Lakhotia Polyesters,    70.3000,    72.4900,    70.3000,    72.4200,       1366,         42,               96256
VSWS,B,20260429,535431,,GCM Securities,     0.6800,     0.6900,     0.6700,     0.6800,     106080,        110,               72092
VSWS,B,20260429,535458,,NRB Industrial Beari,    32.8900,    33.6500,    32.5000,    32.6000,       5528,         21,              183218
VSWS,B,20260429,535514,,Prime Capital Market,     7.4700,     7.4700,     7.4700,     7.4700,         10,          1,                  74
VSWS,B,20260429,535566,,KIFS Financial Ser,   117.0000,   117.0000,   116.6000,   116.6000,         53,          3,                6180
VSWS,B,20260429,535601,,Sreeleathers,   184.0000,   184.0000,   184.0000,   184.0000,          5,          1,                 920
VSWS,B,20260429,535602,,Sharda Motor Industr,   880.0000,   883.7000,   864.0000,   865.4500,       1367,        199,             1194436
VSWS,B,20260429,535620,,Binny Mills,   299.3000,   299.3000,   281.2500,   298.2500,        166,          6,               49581
VSWS,B,20260429,535621,,S V Global Mill,   142.0500,   154.9500,   142.0000,   148.1500,        181,         12,               27376
VSWS,B,20260429,535648,,Just Dial,   541.1000,   541.1000,   529.5000,   531.4500,       5432,        669,             2887041
VSWS,B,20260429,535657,,ObjectOne Informatio,     8.1000,     8.1000,     7.5000,     7.8900,        432,         13,                3458
VSWS,B,20260429,535667,,India Finsec,   184.0000,   206.0000,   184.0000,   205.5000,        733,         25,              144851
VSWS,B,20260429,535693,,Brahmaputra Infrastr,   151.5000,   155.9500,   148.1000,   151.9000,      19087,        241,             2883582
VSWS,B,20260429,535719,,Ampvolts,    40.9800,    41.6500,    40.4700,    41.6500,      48041,        115,             1992233
VSWS,B,20260429,535730,,Khoobsurat,     0.5400,     0.5400,     0.5200,     0.5400,    1138391,        219,              606260
VSWS,B,20260429,535754,,Orient Cement,   151.6000,   152.8000,   146.3000,   147.7500,      93677,       1676,            13889504
VSWS,B,20260429,535755,,Aditya Birla Fashion,    63.7500,    66.3800,    63.3000,    65.1000,     386800,       2333,            25116458
VSWS,B,20260429,535789,,Sammaan Capital,   143.6500,   143.7000,   140.2000,   141.1000,     556053,       3814,            78867709
VSWS,B,20260429,535910,,Money Masters Leasin,     0.6800,     0.7100,     0.6700,     0.7100,     346197,         47,              244302
VSWS,B,20260429,535916,,Alacrity Securities,    59.9000,    60.0000,    58.9900,    58.9900,       6812,         49,              405776
VSWS,B,20260429,535958,,Integra Essentia,     1.3000,     1.3700,     1.3000,     1.3400,     307242,        246,              412894
VSWS,B,20260429,536073,,Julien Agro Infratec,     1.6600,     1.6700,     1.6000,     1.6100,     958507,        469,             1553910
VSWS,B,20260429,536264,,Tiger Logistics (I),    36.1000,    36.5500,    35.0000,    35.8900,      18088,        269,              650817
VSWS,B,20260429,536493,,JK Agri Genetics,   358.8500,   359.9500,   343.0500,   343.0500,         50,          7,               17764
VSWS,B,20260429,536507,,Future Lifestyle Fas,     1.5400,     1.5500,     1.5000,     1.5000,      10755,         16,               16332
VSWS,B,20260429,536565,,Novelix Pharmaceutic,    56.5000,    58.4500,    55.5100,    55.9500,       2446,         27,              138813
VSWS,B,20260429,536659,,PVV Infra,     3.8200,     3.9200,     3.7000,     3.8300,    2370182,        729,             9047446
VSWS,B,20260429,536672,,VCU Data Management,     8.0000,     8.4000,     7.8100,     7.9500,      86576,        200,              709359
VSWS,B,20260429,536709,,Ind Renewable Energy,    11.7100,    12.4900,    11.5400,    12.3900,      33929,         69,              400994
VSWS,B,20260429,536773,,Jindal Poly Invest,  1120.3000,  1127.4000,  1102.4000,  1105.9000,        578,         69,              643206
VSWS,B,20260429,536960,,M Oswal Nifty Midcap,    64.7100,    65.5800,    64.7100,    64.9500,      21178,        181,             1383449
VSWS,B,20260429,536974,,Captain Polyplast,    82.4900,    84.9800,    80.0000,    84.1400,     199495,        753,            16526302
VSWS,B,20260429,537007,,ICICI Pru Nifty 50,   263.1900,   273.7400,   263.1900,   271.8200,      20220,        851,             5511800
VSWS,B,20260429,537008,,ICICI Pru Nifty 100,    27.9000,    28.1100,    27.8500,    27.9500,      14034,         75,              392276
VSWS,B,20260429,537069,,Arnold Holdings,    13.5000,    13.7400,    13.0500,    13.5400,       2481,         24,               33794
VSWS,B,20260429,537253,,Sunil Healthcare,    62.0200,    65.0000,    62.0200,    62.1300,       1004,         17,               62544
VSWS,B,20260429,537254,,JTL Defence,   256.1800,   256.1800,   256.1800,   256.1800,       1524,         28,              390418
VSWS,B,20260429,537259,,Suyog Telematics,   765.5000,   770.9500,   745.3000,   757.7000,       2787,        119,             2106375
VSWS,B,20260429,537291,,Nath Bio-Genes (Indi,   174.2000,   181.6500,   174.2000,   180.4500,       2243,        227,              398941
VSWS,B,20260429,537292,,Agri-Tech (India),   112.9500,   112.9500,   109.7700,   111.9900,        139,         13,               15303
VSWS,B,20260429,537326,,Chemtech Industrial,    93.8400,    94.5100,    89.5000,    90.0500,      22994,        136,             2123042
VSWS,B,20260429,537483,,Nippon India ETF Ni,   264.6500,   267.3100,   264.6500,   266.8400,       1012,        145,              269695
VSWS,B,20260429,537536,,Denis Chem Lab,    78.9000,    80.8500,    77.0000,    77.1200,      25696,        112,             1993008
VSWS,B,20260429,537573,,Polymac Thermoformer,    14.7500,    14.7500,    14.7500,    14.7500,        800,          1,               11800
VSWS,B,20260429,537582,,Unishire Urban Infra,     1.4900,     1.6800,     1.4900,     1.5900,      20000,          2,               31700
VSWS,B,20260429,537669,,Laxmipati Eng Works,   250.0000,   252.0000,   250.0000,   252.0000,       1000,          2,              251000
VSWS,B,20260429,537707,,Laddu Gopal Online S,     0.8000,     0.8200,     0.7800,     0.8000,     122478,        102,               98760
VSWS,B,20260429,537708,,Kotak Nifty 50 ETF,   259.0100,   267.9800,   259.0100,   266.6100,       3558,        104,              948960
VSWS,B,20260429,537709,,Shree Hanuman Sugar,     4.2500,     4.3500,     4.1000,     4.2700,      11092,         35,               46919
VSWS,B,20260429,537750,,Kiran Vyapar,   196.0000,   197.5000,   194.5000,   196.2000,       1215,         12,              238567
VSWS,B,20260429,537766,,B C Power Controls,     2.1600,     2.2000,     2.1100,     2.1400,      72605,        149,              156617
VSWS,B,20260429,537785,,Race Eco Chain,   129.8000,   129.8000,   125.0000,   125.0200,        353,          3,               45575
VSWS,B,20260429,537800,,Mangalam Indl Fin,     0.6600,     0.6700,     0.6400,     0.6400,   15079254,       2511,             9759405
VSWS,B,20260429,537820,,Viji Finance,     3.7100,     3.9400,     3.6500,     3.7300,      30433,         47,              117005
VSWS,B,20260429,537839,,HBG Hotels,    94.0000,    94.0000,    91.0000,    91.9400,       1640,         22,              151637
VSWS,B,20260429,537840,,Raunaq International,    48.2900,    48.5000,    46.5900,    46.6100,         26,          4,                1218
VSWS,B,20260429,537985,,Infronics Systems,    18.6600,    18.6600,    17.6300,    18.2600,        809,         18,               14733
VSWS,B,20260429,538057,,CPSE ETF*,   108.5300,   109.9500,   108.0100,   108.6100,     134475,       1169,            14672783
VSWS,B,20260429,538081,,Haria Apparels,     5.6000,     5.8100,     5.6000,     5.6900,       4280,         15,               24202
VSWS,B,20260429,538119,,R&B Denims,    14.5700,    15.2700,    14.4200,    15.1800,     136449,        420,             2061046
VSWS,B,20260429,538212,,Sharp Investments,     0.4000,     0.4100,     0.3800,     0.4100,     201651,        113,               79922
VSWS,B,20260429,538268,,Wonderla Holidays,   526.8500,   529.4000,   523.6000,   526.8500,        845,         85,              445672
VSWS,B,20260429,538273,,Response Informatics,    23.0100,    23.9900,    23.0000,    23.9800,        159,          8,                3705
VSWS,B,20260429,538351,,A F Enterprises,     1.9400,     1.9400,     1.8500,     1.9000,      27911,         85,               53133
VSWS,B,20260429,538365,,Incredible Indus,    35.9900,    35.9900,    33.8000,    34.7600,       1874,         22,               65646
VSWS,B,20260429,538382,,West Leisure Resorts,    89.0000,    89.0000,    89.0000,    89.0000,        102,          5,                9078
VSWS,B,20260429,538395,,Nam Securities,    78.9000,    81.1000,    78.9000,    81.1000,        100,          4,                8088
VSWS,B,20260429,538401,,Maestros Electronics,   141.0000,   141.5000,   135.1500,   140.8000,       4471,         84,              621731
VSWS,B,20260429,538422,,Jackson Investments,     0.4700,     0.4700,     0.4600,     0.4600,      81822,        146,               38165
VSWS,B,20260429,538446,,Moneyboxx Finance,    73.4400,    73.4500,    71.7200,    71.7400,        910,         46,               65892
VSWS,B,20260429,538451,,Worth Invest & Trad,     5.7400,     5.7400,     5.5100,     5.7400,     772748,        456,             4420392
VSWS,B,20260429,538464,,Thirani Projects,     4.0600,     4.4800,     4.0600,     4.1600,      12092,         15,               49855
VSWS,B,20260429,538465,,Amarnath Securities,    13.8400,    15.8800,    13.8000,    14.5000,       7061,         20,              108162
VSWS,B,20260429,538476,,Capital Trade Links,    17.3000,    17.9900,    17.2200,    17.2300,       2174,         23,               37579
VSWS,B,20260429,538520,,Shivamshree Business,     1.6300,     1.6300,     1.5000,     1.5400,      16101,         17,               26084
VSWS,B,20260429,538521,,Yaan Enterprises,   110.0100,   115.9900,   110.0100,   115.6500,       1511,         13,              173457
VSWS,B,20260429,538539,,Annvrridhhi Ventures,    11.0400,    11.2700,    10.5100,    10.7500,      39204,         75,              432081
VSWS,B,20260429,538540,,Raama Finance,    11.9500,    12.4300,    11.9500,    12.4000,      29639,         49,              367160
VSWS,B,20260429,538546,,Bansal Roofing Produ,   122.0000,   122.0000,   117.0000,   118.1500,      16306,        259,             1937177
VSWS,B,20260429,538556,,Arman Holdings,   106.4000,   106.4000,    99.1500,   104.4500,      70438,        121,             7363346
VSWS,B,20260429,538562,,Skipper,   509.6000,   523.5500,   479.9500,   485.9500,     159695,       5328,            79956245
VSWS,B,20260429,538563,,SMT Engineering,   464.0000,   464.0000,   455.0000,   457.0000,         22,          5,               10120
VSWS,B,20260429,538564,,James Warren Tea,   297.9500,   306.7000,   291.3000,   299.0000,       2382,         46,              713243
VSWS,B,20260429,538565,,Vistar Amar,   219.0000,   220.6000,   211.2000,   220.6000,       8249,         91,             1804085
VSWS,B,20260429,538567,,Gulf Oil Lubricants,  1013.9500,  1013.9500,   989.6500,   993.4500,       1701,        191,             1694188
VSWS,B,20260429,538569,,Triveni Enterprises,     1.1700,     1.1700,     1.1500,     1.1500,      50360,         32,               58758
VSWS,B,20260429,538596,,Cemantic Infra-Tech,     5.0000,     5.0000,     4.9900,     5.0000,        391,         11,                1951
VSWS,B,20260429,538597,,TTI Enterprise,     9.8500,    10.2900,     9.3700,     9.6000,       4690,         22,               45084
VSWS,B,20260429,538598,,Vishal Fabrics,    23.7500,    23.7500,    22.8000,    23.3400,      59172,        239,             1377340
VSWS,B,20260429,538607,,Toyam Sports,     0.8900,     0.9000,     0.8700,     0.8700,     532928,        244,              473479
VSWS,B,20260429,538609,,Gajanan Securities S,    65.4000,    72.0000,    65.4000,    67.0000,       1094,         32,               76800
VSWS,B,20260429,538610,,Unison Metals,     1.0800,     1.0800,     1.0100,     1.0300,    1178064,        424,             1215020
VSWS,B,20260429,538611,,Real Touch Finance,    64.8000,    64.8000,    58.6600,    58.6600,        143,          4,                8879
VSWS,B,20260429,538634,,Vasundhara Rasayans,   129.1000,   131.0000,   128.1500,   128.7000,       1336,         15,              173972
VSWS,B,20260429,538635,,Snowman Logistics,    42.1000,    42.1000,    40.9600,    41.2400,       6329,        102,              261817
VSWS,B,20260429,538646,,QGO Finance,    43.9500,    43.9500,    41.0500,    41.1200,       2833,         26,              121209
VSWS,B,20260429,538647,,Purshottam Investofi,    39.7800,    39.7800,    35.8600,    36.4600,       3024,         29,              110145
VSWS,B,20260429,538666,,Sharda Cropchem,  1175.5500,  1175.5500,  1147.6000,  1150.3000,       5333,        451,             6149767
VSWS,B,20260429,538668,,Meghna Infracon Infr,   755.0000,   771.0000,   755.0000,   764.8500,     192209,       1225,           146913194
VSWS,B,20260429,538674,,City Online Services,     8.4000,     8.4000,     8.1000,     8.1300,        485,         17,                3943
VSWS,B,20260429,538683,,Nippon I S&P BSE Sen,   886.9600,   890.5000,   881.4100,   885.9900,       5315,        225,             4717210
VSWS,B,20260429,538685,,Shemaroo Entertainme,   104.5200,   106.1000,   100.1000,   100.5000,        393,         22,               40020
VSWS,B,20260429,538706,,Ultracab (India),     7.7500,     7.9300,     7.5000,     7.8600,     158291,        415,             1239188
VSWS,B,20260429,538707,,Rajasthan Cylinders,    38.4900,    38.4900,    35.0000,    35.2400,        169,         14,                5964
VSWS,B,20260429,538708,,Econo Trade (India),     7.5800,     8.7400,     7.5200,     7.6100,      10644,         52,               82603
VSWS,B,20260429,538713,,Atishay,   198.2000,   203.9000,   194.0500,   195.0000,      13775,        171,             2719683
VSWS,B,20260429,538714,,Sangam Finserv,    38.8000,    40.0000,    38.8000,    40.0000,       1182,          7,               46072
VSWS,B,20260429,538715,,Dhabriya Polywood,   375.0500,   404.0000,   375.0500,   400.5500,      18082,        332,             7172007
VSWS,B,20260429,538716,,Aryaman Capital Mark,   421.7000,   440.0000,   403.5000,   406.8000,        102,         16,               42934
VSWS,B,20260429,538730,,PDS,   283.8000,   284.4000,   276.7500,   277.3500,       4261,        231,             1195598
VSWS,B,20260429,538732,,Vibrant Global Cap,    50.0500,    52.8700,    47.6000,    50.4200,       5229,         46,              266469
VSWS,B,20260429,538734,,Ceinsys Tech,  1103.0000,  1107.0000,  1071.2000,  1096.2000,      11818,        688,            12866260
VSWS,B,20260429,538742,,Panabyte Technologie,    28.5000,    29.0000,    28.5000,    29.0000,       2050,         12,               58973
VSWS,B,20260429,538770,,Crane Infrastructure,    14.7000,    14.7000,    13.5000,    14.4300,       2997,         26,               41895
VSWS,B,20260429,538772,,Niyogin Fintech,    48.7000,    50.9000,    47.4000,    50.0600,      97567,        370,             4843050
VSWS,B,20260429,538777,,Asia Capital,    52.6400,    52.6400,    52.6400,    52.6400,         11,          2,                 579
VSWS,B,20260429,538778,,Kalyan Capitals,     7.2500,     7.2500,     6.7800,     6.9500,      22299,         81,              156578
VSWS,B,20260429,538787,,Goenka Business & Fi,    10.5500,    10.5500,    10.0000,    10.4500,       8204,         44,               83174
VSWS,B,20260429,538788,,Gilada Finance & Inv,    12.5500,    12.9500,    12.5500,    12.6700,       2490,         13,               31822
VSWS,B,20260429,538795,,Shree Ajit Pulp and,   301.7500,   306.8500,   299.7500,   300.0500,        661,         36,              200102
VSWS,B,20260429,538817,,Captain Pipes,    12.1500,    12.3000,    11.1000,    11.3800,     991361,       1708,            11628646
VSWS,B,20260429,538833,,Kaizen Agro Infrabui,    10.3400,    10.3400,     9.0000,     9.2100,       3053,         38,               28714
VSWS,B,20260429,538834,,JMJ Fintech,    10.0800,    10.6500,    10.0800,    10.4000,      28536,         72,              297367
VSWS,B,20260429,538835,,Intellect Design Are,   763.3500,   767.0000,   735.5000,   739.1500,      27312,       1310,            20418824
VSWS,B,20260429,538836,,Monte Carlo Fashions,   562.0000,   569.6000,   559.5500,   561.8000,        103,         26,               57906
VSWS,B,20260429,538837,,Jeevan Scientific Te,    81.2800,    83.0000,    77.5000,    79.1700,      38095,        231,             3056014
VSWS,B,20260429,538838,,Indo Cotspin,    33.9900,    34.8000,    33.9900,    34.0000,       8240,         31,              281040
VSWS,B,20260429,538857,,Scintilla Commercial,    17.5900,    17.5900,    17.5900,    17.5900,        559,          4,                9832
VSWS,B,20260429,538860,,Panafic Industrials,     1.0700,     1.0800,     1.0200,     1.0200,     639999,         98,              679451
VSWS,B,20260429,538862,,My Money Securities,    49.9500,    50.7900,    46.1700,    46.2100,       1541,         13,               75815
VSWS,B,20260429,538868,,Continental Securiti,    14.3900,    14.4500,    13.8300,    14.2000,      15699,         84,              222259
VSWS,B,20260429,538874,,Nexus Surgical & Med,    21.1100,    21.1200,    20.9800,    20.9800,        664,         13,               13984
VSWS,B,20260429,538875,,Sellwin Traders,     5.6500,     5.7000,     5.4500,     5.6000,     343549,        285,             1923238
VSWS,B,20260429,538881,,Galada Finance,    34.9400,    34.9400,    34.9300,    34.9300,        150,          3,                5239
VSWS,B,20260429,538882,,Emerald Finance,    66.3400,    66.3400,    62.0300,    63.7300,      33469,        368,             2150623
VSWS,B,20260429,538890,,M K Exim (India),    63.9300,    64.5800,    61.9000,    63.4800,       6328,        117,              400282
VSWS,B,20260429,538891,,Magellanic Cloud,    27.0100,    27.5000,    26.0500,    26.1400,     182488,       2013,             4886269
VSWS,B,20260429,538894,,Octal Credit Capital,    20.0100,    20.0100,    20.0000,    20.0000,         10,          2,                 200
VSWS,B,20260429,538895,,Mihika Industries,    14.9900,    14.9900,    13.7700,    14.4800,        477,          8,                6815
VSWS,B,20260429,538896,,Kanchi Karpooram,   410.2000,   416.0000,   400.7000,   404.9500,       1317,        106,              538518
VSWS,B,20260429,538902,,Dhunseri Tea & Indus,   132.0000,   139.0000,   132.0000,   139.0000,        140,          2,               18550
VSWS,B,20260429,538918,,Vani Commercials,     9.3900,     9.3900,     8.7500,     9.1400,      60776,         87,              552689
VSWS,B,20260429,538920,,Vintage Coffee & Bev,   138.0000,   139.6000,   135.0000,   135.5000,      21602,        390,             2971224
VSWS,B,20260429,538922,,Cosyn,    21.5400,    23.2400,    21.5400,    23.1900,       2211,         21,               49562
VSWS,B,20260429,538923,,Sofcom Systems,    26.5000,    27.2200,    25.2500,    26.9500,     302971,        491,             8091014
VSWS,B,20260429,538926,,Naturite Agro Produc,   185.0000,   185.0000,   175.6500,   184.0500,       1391,         21,              255153
VSWS,B,20260429,538928,,Karnavati Finance,     1.4900,     1.4900,     1.4000,     1.4200,      26703,         54,               38032
VSWS,B,20260429,538935,,Abhishek Finlease,    44.2500,    44.2500,    44.2500,    44.2500,        200,          2,                8850
VSWS,B,20260429,538942,,Mercantile Ventures,    25.5000,    25.5000,    21.0500,    22.9800,       1126,         71,               25438
VSWS,B,20260429,538943,,Sonal Mercantile,    86.1300,    94.7600,    86.1300,    90.6500,        223,         17,               20545
VSWS,B,20260429,538952,,Abhinav Leasing & Fi,     1.3900,     1.3900,     1.1200,     1.2900,      89713,         43,              112487
VSWS,B,20260429,538961,,Genus Paper & Boards,    13.8000,    13.9800,    13.6600,    13.7000,       3827,         41,               52772
VSWS,B,20260429,538962,,Minda Corporation,   518.3000,   527.0500,   514.0000,   521.1000,     821874,       1020,           427418993
VSWS,B,20260429,538964,,Mercury Laboratories,   736.0000,   770.0000,   731.2500,   745.0000,        348,         33,              261546
VSWS,B,20260429,538965,,Concord Drugs,    83.1700,    88.0000,    83.1700,    85.0300,      13290,        119,             1153713
VSWS,B,20260429,538970,,Wardwizard Innovatio,     7.7500,     7.7900,     7.5500,     7.6100,     355317,        815,             2716817
VSWS,B,20260429,538975,,Shree Securities,     0.1900,     0.2000,     0.1900,     0.2000,     613152,        201,              120628
VSWS,B,20260429,538979,,Greenlam Industries,   226.6500,   232.9500,   225.8500,   227.7000,       1789,         88,              409210
VSWS,B,20260429,538987,,Talbros Engineering,   650.5000,   651.0000,   640.0000,   647.8500,        598,         51,              387646
VSWS,B,20260429,538992,,SAR Auto Products,  2387.0000,  2387.0000,  2300.0000,  2300.0000,         11,          2,               26170
VSWS,B,20260429,539005,,Jayatma Enterprises,    33.5400,    33.5400,    33.5400,    33.5400,          3,          1,                 100
VSWS,B,20260429,539006,,PTC Industries, 16020.0000, 16099.9000, 15860.2000, 15879.7500,        143,         93,             2287384
VSWS,B,20260429,539011,,Chennai Ferrous Indu,    99.0000,   100.3900,    96.1300,    97.3000,        617,         50,               61175
VSWS,B,20260429,539012,,Megri Soft,    89.9000,    89.9000,    87.0000,    87.0000,         11,          4,                 964
VSWS,B,20260429,539013,,Gita Renewable Energ,    87.0000,    90.2200,    85.5000,    87.6100,       4969,         87,              436708
VSWS,B,20260429,539014,,Kalpa Commercial,     9.2900,     9.7300,     8.5300,     9.4300,       1148,         10,               10722
VSWS,B,20260429,539015,,Ortel Communications,     1.9000,     1.9000,     1.7600,     1.7600,       4472,         16,                7973
VSWS,B,20260429,539016,,Neil Industries,     6.9600,     6.9600,     6.5100,     6.7100,       2000,         16,               13355
VSWS,B,20260429,539017,,Star Housing Finance,     9.1400,     9.1400,     8.7100,     9.1400,     751091,        302,             6859247
VSWS,B,20260429,539018,,Beekay Steel Industr,   459.8500,   498.7000,   435.0500,   435.4500,       1996,        151,              904515
VSWS,B,20260429,539031,,SBI MF - ETF BSE 100,   282.6900,   284.6400,   282.5500,   282.5500,        196,         18,               55731
VSWS,B,20260429,539040,,Tirupati Innovar,    10.4000,    11.3000,    10.0100,    11.3000,     695449,        826,             7681769
VSWS,B,20260429,539041,,Ganesha Ecoverse,    26.0000,    26.9500,    26.0000,    26.9500,      17500,          7,              456187
VSWS,B,20260429,539042,,AGI Infra,   360.8500,   401.0000,   360.8500,   394.2500,     286408,       5028,           109493268
VSWS,B,20260429,539044,,Manaksia Steels,    68.0000,    71.8000,    68.0000,    68.0000,       3232,         33,              221582
VSWS,B,20260429,539045,,Manaksia Aluminium C,    39.4000,    40.6300,    38.2100,    39.0500,      43763,        379,             1713984
VSWS,B,20260429,539046,,Manaksia Coated Meta,   117.1300,   117.1300,   111.7000,   113.0500,       9646,        168,             1101020
VSWS,B,20260429,539056,,Imagicaaworld Entert,    46.9300,    46.9300,    45.2500,    45.4500,      29426,        447,             1355692
VSWS,B,20260429,539083,,Inox Wind,   104.3300,   105.3000,   101.8400,   102.1900,     534549,       3960,            55183385
VSWS,B,20260429,539090,,Rajputana Inv & Fin,    34.0000,    35.0000,    34.0000,    34.2900,       1691,         13,               57569
VSWS,B,20260429,539091,,Consecutive Commodit,     0.9700,     0.9800,     0.9500,     0.9600,      91990,        138,               88915
VSWS,B,20260429,539097,,UR Sugar Industries,     3.1800,     3.1800,     3.0300,     3.0900,      91677,         75,              280456
VSWS,B,20260429,539098,,Filtra Consultants,    59.0000,    59.0000,    59.0000,    59.0000,       4000,          2,              236000
VSWS,B,20260429,539111,,Sheshadri Industries,    17.4600,    17.4600,    16.2500,    16.2500,       1710,          5,               29554
VSWS,B,20260429,539113,,Paul Merchants,   589.8000,   590.0000,   584.8000,   584.8000,         39,          5,               22930
VSWS,B,20260429,539115,,Alan Scott Enterpris,   250.0500,   290.9500,   241.2000,   250.0000,       3947,         43,             1002974
VSWS,B,20260429,539117,,Sujala Trading & Hol,    22.5000,    23.2800,    21.5000,    22.8200,     262944,       1026,             5980068
VSWS,B,20260429,539118,,VRL Logistics,   252.0000,   256.9000,   252.0000,   255.3500,       2969,        205,              753314
VSWS,B,20260429,539120,,Grameva,    56.9700,    58.1000,    55.2700,    55.7500,        314,         11,               17971
VSWS,B,20260429,539121,,Palco Metals,   159.4500,   159.4500,   152.0000,   152.8500,        457,         29,               70673
VSWS,B,20260429,539122,,Bodhtree Consulting,    15.7200,    15.7200,    15.7200,    15.7200,         99,          1,                1556
VSWS,B,20260429,539123,,V B Industries,     8.2300,     8.2300,     7.5600,     7.8900,       6133,         34,               47335
VSWS,B,20260429,539124,,Sarvottam Finvest,    17.8300,    18.6500,    17.5000,    18.5700,        708,         13,               12804
VSWS,B,20260429,539126,,MEP Infra Developers,     1.0000,     1.0000,     1.0000,     1.0000,      28008,         37,               28008
VSWS,B,20260429,539132,,Wardwizard Foods & B,    10.3000,    11.0000,    10.0500,    10.9000,    1633211,        801,            17331573
VSWS,B,20260429,539141,,UFO Moviez India,    72.7900,    73.4300,    71.9100,    72.3000,       2300,         52,              166849
VSWS,B,20260429,539143,,Panth Infinity,    11.5100,    12.4100,    11.2300,    11.5600,     288615,        303,             3281915
VSWS,B,20260429,539148,,Shivalik Rasayan,   275.0000,   275.0000,   262.0000,   265.4000,        526,         57,              141270
VSWS,B,20260429,539149,,Integrated Cap Ser,     4.9800,     4.9800,     4.7500,     4.9000,       1473,         10,                7126
VSWS,B,20260429,539150,,PNC Infratech,   223.6000,   223.6000,   216.0000,   216.2500,      12965,        647,             2824229
VSWS,B,20260429,539151,,Arfin India,    99.2500,    99.2500,    93.7400,    95.1600,      35337,        203,             3355751
VSWS,B,20260429,539167,,Virat Leasing,    53.0000,    53.0000,    53.0000,    53.0000,         20,          2,                1060
VSWS,B,20260429,539174,,Helpage Finlease,    22.2500,    22.2500,    21.5600,    21.5600,        506,          9,               11133
VSWS,B,20260429,539175,,Bluegod Entertainmen,     2.3300,     2.3300,     2.3300,     2.3300,     179787,        218,              418903
VSWS,B,20260429,539176,,Hawa Engineers,    92.6400,    92.6400,    85.0000,    85.4900,        719,         18,               62590
VSWS,B,20260429,539177,,Authum Investment &,   495.0500,   500.9500,   484.9500,   487.8000,      24322,       1466,            12054513
VSWS,B,20260429,539189,,Adhbhut Infrastructu,    15.2200,    15.2200,    13.8000,    14.1300,       1244,         19,               17815
VSWS,B,20260429,539190,,Decillion Finance,    49.7000,    49.7000,    49.7000,    49.7000,          1,          1,                  49
VSWS,B,20260429,539195,,POCL Enterprises,   187.6500,   203.0000,   187.6500,   196.9000,      98355,        884,            19512124
VSWS,B,20260429,539196,,Amba Enterprises,   135.9900,   140.0000,   135.9500,   136.0700,       4571,         68,              628182
VSWS,B,20260429,539199,,SG Finserve,   545.3000,   580.0000,   533.3000,   565.7500,     107222,       2492,            60597568
VSWS,B,20260429,539200,,Noble Polymers,     2.3400,     2.3400,     2.3400,     2.3400,       6266,          6,               14662
VSWS,B,20260429,539201,,Satia Industries,    69.8100,    70.1600,    67.7000,    67.7500,       3101,         65,              214314
VSWS,B,20260429,539206,,Genomic Valley Biote,    25.4500,    25.4500,    24.2500,    24.2500,        303,          6,                7351
VSWS,B,20260429,539216,,Garment Mantra Lifes,     1.3200,     1.3300,     1.2900,     1.3000,    2561048,        882,             3361449
VSWS,B,20260429,539217,,Srestha Finvest,     0.2800,     0.2900,     0.2700,     0.2900,    2156239,        418,              609467
VSWS,B,20260429,539218,,Saumya Consultants,   123.0000,   123.0500,   123.0000,   123.0500,         51,          2,                6274
VSWS,B,20260429,539219,,Mauria Udyog,     9.7300,    10.0000,     9.5800,     9.7400,      12593,         61,              122952
VSWS,B,20260429,539220,,Mishka Exim,    42.0000,    44.8800,    40.0000,    40.0900,       4829,         44,              204244
VSWS,B,20260429,539221,,Sportking India,   144.9500,   150.9000,   143.3500,   147.9000,      40794,        613,             6044264
VSWS,B,20260429,539222,,Growington Ventures,     0.8100,     0.8600,     0.7800,     0.8600,    7919836,       1006,             6474353
VSWS,B,20260429,539226,,Rudra Global Infra P,    21.8600,    21.8600,    21.0500,    21.2700,       2793,         22,               59064
VSWS,B,20260429,539227,,Loyal Equipments,   204.5000,   215.9500,   203.9000,   208.8500,      13065,        268,             2744996
VSWS,B,20260429,539228,,Gala Global Products,     2.4100,     2.4100,     2.2000,     2.2400,     110204,        134,              243414
VSWS,B,20260429,539251,,Balkrishna Paper Mil,    18.6000,    19.3000,    18.0700,    18.7500,        725,         11,               13168
VSWS,B,20260429,539252,,Shyam Century Ferrou,     5.9000,     5.9300,     5.6500,     5.7600,      15902,        183,               93522
VSWS,B,20260429,539254,,Adani Energy Solutio,  1442.0000,  1455.2500,  1413.0500,  1419.2500,      86646,       5107,           123984096
VSWS,B,20260429,539255,,Star Delta Transform,   652.0000,   661.0000,   636.8500,   650.9500,       2992,        190,             1943008
VSWS,B,20260429,539267,,Samsrita Labs,    17.2000,    17.2000,    16.3600,    16.3800,        907,          8,               15364
VSWS,B,20260429,539268,,Syngene Internationa,   441.5500,   443.7500,   430.3500,   432.0500,      24192,       1809,            10548985
VSWS,B,20260429,539273,,PECOS Hotels & Pubs,   240.0000,   240.0000,   240.0000,   240.0000,        500,          1,              120000
VSWS,B,20260429,539275,,Mangalam Seeds,   134.0500,   135.1000,   134.0000,   135.0000,        383,         15,               51563
VSWS,B,20260429,539276,,Kaya,   272.0000,   272.0000,   262.2000,   262.2500,         79,         11,               20964
VSWS,B,20260429,539277,,Alstone Textiles (I),     0.1700,     0.1700,     0.1600,     0.1600,  190166436,       4519,            30487794
VSWS,B,20260429,539278,,Symbiox Invest & Tra,     1.8500,     1.8500,     1.8500,     1.8500,       4547,          9,                8411
VSWS,B,20260429,539287,,Ortin Global,    14.8000,    14.8000,    14.4800,    14.5000,        407,          3,                5909
VSWS,B,20260429,539288,,AVI Polymers,    19.0200,    19.0200,    19.0100,    19.0200,    7172576,       3887,           136416853
VSWS,B,20260429,539289,,Aurum Proptech,   183.8000,   183.9000,   174.9000,   179.4000,       5123,        128,              913531
VSWS,B,20260429,539290,,Oswal Green Tech,    28.5000,    29.2200,    27.9500,    28.0300,      19690,        311,              556166
VSWS,B,20260429,539300,,Sunrakshakk Industri,   309.7500,   309.7500,   299.0500,   303.2500,      29015,        480,             8811858
VSWS,B,20260429,539301,,Arvind Smartspaces,   630.4500,   630.6500,   622.0000,   625.4500,        728,         72,              455992
VSWS,B,20260429,539302,,Power Mech Projects,  2509.4000,  2549.0000,  2451.0000,  2460.9000,       6784,       1007,            16945749
VSWS,B,20260429,539309,,Rama Steel Tubes,     5.8900,     6.0000,     5.8200,     5.8300,    1082165,       2416,             6347590
VSWS,B,20260429,539310,,Thinkink Picturez,     0.2100,     0.2200,     0.2000,     0.2000,    2993359,        350,              625505
VSWS,B,20260429,539312,,UTI BSE SEN ETF,   850.6400,   858.2700,   850.6400,   858.2600,         33,         10,               28219
VSWS,B,20260429,539313,,UTI Nifty 50 ETF,   265.4900,   268.5500,   265.3400,   265.8800,       1287,         54,              344002
VSWS,B,20260429,539314,,Universal Autofoundr,    58.0000,    58.1000,    58.0000,    58.1000,        608,          9,               35304
VSWS,B,20260429,539331,,Veto Switchgears And,   110.0300,   113.5000,   110.0000,   110.2000,       1214,         78,              134611
VSWS,B,20260429,539332,,Navkar Corporation,   102.0000,   104.0800,    98.6700,   100.8500,      35141,       1167,             3551742
VSWS,B,20260429,539334,,Shree Pushkar Chemic,   383.0500,   389.6500,   380.2500,   381.3000,       3506,        168,             1347133
VSWS,B,20260429,539335,,Callista Industries,   148.6500,   148.6500,   148.6500,   148.6500,         15,          1,                2229
VSWS,B,20260429,539336,,Gujarat Gas,   389.9500,   392.5000,   387.3500,   391.3000,      19395,       1835,             7573219
VSWS,B,20260429,539337,,Waaree Technologies,   308.7500,   308.7500,   308.7500,   308.7500,      16450,         61,             5078937
VSWS,B,20260429,539346,,Sadbhav Infrastructu,     2.8600,     2.9200,     2.7800,     2.8000,      72415,         60,              204601
VSWS,B,20260429,539353,,Sal Automotive,   209.0000,   210.0000,   208.0000,   209.9500,         42,         10,                8806
VSWS,B,20260429,539354,,Polyspin Exports,    28.3500,    31.9000,    28.3500,    29.7000,        995,         55,               30173
VSWS,B,20260429,539359,,Pritika Auto Industr,    13.4600,    14.2800,    13.4600,    13.7400,      31129,        184,              425250
VSWS,B,20260429,539383,,Mahaveer Infoway,    10.6500,    10.6600,    10.2000,    10.2000,       1902,          5,               19401
VSWS,B,20260429,539391,,Acme Resources,    29.8200,    29.8200,    29.8100,    29.8100,       1950,          7,               58129
VSWS,B,20260429,539398,,Vishal Bearings,    64.9900,    64.9900,    60.0000,    60.1000,       1600,         35,               96662
VSWS,B,20260429,539399,,Bella Casa Fashion &,   258.4500,   266.0000,   257.0000,   257.6000,       2457,         95,              638645
VSWS,B,20260429,539400,,Mallcom (India),  1105.3000,  1124.5500,  1089.1500,  1091.3000,        157,         27,              172604
VSWS,B,20260429,539402,,Naksh Precious Metal,     4.2500,     4.2500,     4.2400,     4.2400,       1519,         14,                6446
VSWS,B,20260429,539404,,Satin Creditcare Net,   172.8000,   183.0000,   171.7000,   182.0500,      55788,        941,             9993609
VSWS,B,20260429,539405,,Decorous Invest & Tr,    13.4700,    13.4700,    12.2600,    12.5000,       4897,         11,               65862
VSWS,B,20260429,539407,,Generic Eng Con & Pr,    41.4000,    41.4700,    40.7400,    40.9000,       6530,         73,              268176
VSWS,B,20260429,539408,,Kuber Udyog,    17.9700,    17.9700,    17.9700,    17.9700,      11021,         10,              198047
VSWS,B,20260429,539428,,Tejnaksh Healthcare,    15.3600,    15.9700,    15.2100,    15.7100,       2572,         23,               39422
VSWS,B,20260429,539435,,Richfield Fin Ser,    27.1100,    27.1100,    25.8300,    27.1000,        302,         11,                8133
VSWS,B,20260429,539436,,Coffee Day Enterpris,    26.7000,    27.0000,    26.3700,    26.6600,     118233,        479,             3154947
VSWS,B,20260429,539437,,IDFC First Bank,    69.0100,    71.1200,    68.5600,    70.1200,    3065384,      13161,           215008955
VSWS,B,20260429,539448,,InterGlobe Aviation,  4430.1000,  4501.5000,  4335.5500,  4345.9000,      64032,      12220,           281600998
VSWS,B,20260429,539449,,IGC Industries Ltd,     2.6000,     2.6700,     2.5500,     2.5500,      54827,         93,              141137
VSWS,B,20260429,539450,,S H Kelkar & Company,   147.9500,   148.9000,   145.3000,   146.3000,       4839,        128,              714535
VSWS,B,20260429,539455,,Ecofinity Atomix,    52.5000,    52.9900,    52.0000,    52.3100,      16901,         63,              881908
VSWS,B,20260429,539468,,Typhoon Financial Se,    44.0800,    44.0800,    44.0800,    44.0800,          1,          1,                  44
VSWS,B,20260429,539469,,Panorama Studios Int,    43.6400,    43.6400,    41.5000,    41.7900,     110511,        262,             4669928
VSWS,B,20260429,539470,,Shree Ganesh Biotech,     0.6100,     0.6300,     0.6000,     0.6100,     482812,        335,              297725
VSWS,B,20260429,539479,,GTV Engineering,    68.7500,    69.4000,    66.0000,    68.1400,     163549,        431,            11126241
VSWS,B,20260429,539480,,LIC Nomura MF ETF Ni,   261.8900,   271.5800,   261.8900,   268.8000,         53,          7,               14226
VSWS,B,20260429,539492,,Garbi Finvest,    11.8000,    11.9500,    11.5000,    11.9500,        117,          3,                1357
VSWS,B,20260429,539494,,Smart Finsec,     9.3900,     9.3900,     8.8600,     9.1900,       5398,        115,               49195
VSWS,B,20260429,539495,,Rajkot Investment Tr,    50.8000,    53.9000,    49.9900,    50.1100,      57236,         50,             2890921
VSWS,B,20260429,539506,,Adcon Capital Servic,     0.5000,     0.5000,     0.4800,     0.4900,     437256,        208,              216904
VSWS,B,20260429,539515,,Quint Digital,    40.4500,    40.4500,    38.4500,    40.0000,       6545,         64,              261777
VSWS,B,20260429,539516,,HDFC Nifty 50 ETF,   266.8800,   272.1300,   266.8800,   270.3300,       2771,         98,              749537
VSWS,B,20260429,539517,,HDFC BSE Sensex ETF,    87.0000,    88.1600,    87.0000,    87.3100,       9322,        173,              815315
VSWS,B,20260429,539518,,Uday Jewellery Indus,   153.0000,   168.4000,   153.0000,   164.1000,      41104,        125,             6752322
VSWS,B,20260429,539519,,Sattva Sukun Lifecar,     0.7000,     0.7200,     0.7000,     0.7100,     463807,        116,              326913
VSWS,B,20260429,539522,,Grovy India,    40.5000,    40.5000,    39.2000,    40.4900,        704,         14,               27894
VSWS,B,20260429,539523,,Alkem Laboratories,  5411.3000,  5448.0000,  5311.0000,  5342.9500,       1426,        467,             7666239
VSWS,B,20260429,539524,,Dr Lal PathLabs,  1410.1500,  1425.2000,  1390.0000,  1397.5000,       7892,        861,            11061175
VSWS,B,20260429,539526,,Suncare Traders,     0.5400,     0.5400,     0.5300,     0.5400,     193681,        131,              103977
VSWS,B,20260429,539527,,Creative Castings,   605.0000,   605.0000,   600.0000,   604.9500,          6,          3,                3619
VSWS,B,20260429,539528,,Aayush Wellness,    38.2600,    39.7000,    38.2300,    39.0000,     202843,       1050,             7871653
VSWS,B,20260429,539533,,Elitecon Internation,    38.7500,    39.0000,    37.0000,    37.5000,     309999,       1823,            11701267
VSWS,B,20260429,539542,,Lux Industries,  1524.0500,  1554.0000,  1471.0000,  1486.3000,       6431,        815,             9701198
VSWS,B,20260429,539544,,Abhishek Infraventur,     7.4100,     7.8200,     7.1000,     7.1000,       4363,          6,               32541
VSWS,B,20260429,539545,,Apoorva Leasing Fin,    37.0000,    37.0000,    37.0000,    37.0000,          2,          2,                  74
VSWS,B,20260429,539546,,Agribio Spirits,   288.0000,   288.0000,   279.3500,   280.5500,       7510,         53,             2133542
VSWS,B,20260429,539551,,Narayana Hrudayalaya,  1761.1500,  1779.8500,  1760.0000,  1768.7500,      13082,       1459,            23154419
VSWS,B,20260429,539552,,F Mec Inter Fin Ser,    78.9900,    79.9900,    77.1000,    78.5400,       1523,         26,              119923
VSWS,B,20260429,539559,,Deep Health AI India,     2.4200,     2.5100,     2.4100,     2.4500,    1293107,       1002,             3171630
VSWS,B,20260429,539562,,Aarnav Fashions,    23.5100,    23.7400,    23.0000,    23.0500,       4202,        164,               97452
VSWS,B,20260429,539593,,Shivansh Finserve,     9.6200,    10.1900,     9.2900,     9.2900,        940,         19,                9236
VSWS,B,20260429,539594,,Mishtann Foods,     4.7300,     4.7300,     4.6500,     4.6900,     840759,       1521,             3947207
VSWS,B,20260429,539596,,Delta Indl Resources,    12.5900,    14.2000,    11.7600,    13.9500,       2024,         10,               24684
VSWS,B,20260429,539598,,Credent Global Finan,    30.4900,    30.4900,    28.5100,    29.2200,      20154,         96,              592961
VSWS,B,20260429,539599,,Kotia Enterprises,    30.5000,    30.5000,    30.0000,    30.0000,         15,          2,                 452
VSWS,B,20260429,539607,,Blue Cloud Softech S,    19.5100,    19.7300,    18.9700,    19.0000,    2586781,       2829,            49545545
VSWS,B,20260429,539620,,Kanoria Energy & Inf,    16.6000,    17.1500,    16.0000,    16.2100,       4971,         41,               82963
VSWS,B,20260429,539636,,Precision Camshafts,   163.7000,   166.0000,   158.5000,   159.9000,      19412,        381,             3136371
VSWS,B,20260429,539658,,TeamLease Services,  1245.0000,  1253.9500,  1219.4000,  1225.2000,        945,        298,             1168206
VSWS,B,20260429,539659,,Vikram Kamats Hospit,    44.9900,    44.9900,    43.2700,    44.1400,       2007,         18,               88574
VSWS,B,20260429,539660,,Best Agrolife,    19.4900,    19.4900,    18.1000,    18.2200,      50307,        494,              940588
VSWS,B,20260429,539661,,Ace Men Engg Works,    96.9500,    97.3600,    92.1000,    96.8900,        476,         18,               44922
VSWS,B,20260429,539662,,BFL Asset Finvest,     9.8500,     9.8500,     8.5100,     8.7100,      12386,         30,              106526
VSWS,B,20260429,539669,,RGF Capital Markets,     1.2400,     1.2400,     1.2400,     1.2400,      23036,         16,               28564
VSWS,B,20260429,539678,,Quick Heal Technolog,   169.5000,   171.7500,   164.1500,   165.7000,      11303,        244,             1898538
VSWS,B,20260429,539679,,Kapil Raj Finance,     2.8500,     2.8500,     2.7500,     2.7800,      76013,        107,              212067
VSWS,B,20260429,539682,,Mobavenue AI Tech,  1215.0000,  1219.7000,  1151.7500,  1207.9500,        656,         37,              780157
VSWS,B,20260429,539686,,K P Energy,   364.9500,   378.0000,   361.0000,   364.9000,      29306,       1000,            10814597
VSWS,B,20260429,539692,,Interactive Financia,    15.0000,    15.0000,    14.9700,    14.9700,        662,          4,                9929
VSWS,B,20260429,539697,,Hiliks Technologies,    48.5000,    50.9900,    48.0100,    50.4900,       5580,         20,              272628
VSWS,B,20260429,539724,,Hypersoft Technologi,   137.6000,   137.6000,   132.3000,   132.3000,       1911,         23,              256373
VSWS,B,20260429,539725,,Gokul Agro Resources,   225.2500,   230.2000,   225.0500,   228.2500,      25498,        594,             5798950
VSWS,B,20260429,539730,,Fredun Pharmaceutica,  2153.3500,  2195.0000,  2038.0000,  2097.4000,       9904,        967,            20742156
VSWS,B,20260429,539760,,Relicab Cable Manufa,    36.9500,    38.9400,    36.9500,    37.9400,        279,         18,               10486
VSWS,B,20260429,539761,,Vantage Knowledge Ac,     1.2000,     1.2500,     1.2000,     1.2100,     539550,        300,              659917
VSWS,B,20260429,539762,,Modern Engineering &,    44.9900,    44.9900,    42.9900,    43.4600,      17222,         95,              748916
VSWS,B,20260429,539767,,Mega Nirman & Indust,    43.7000,    44.0000,    39.6000,    42.1300,       3725,         53,              151651
VSWS,B,20260429,539770,,Darjeeling Industrie,    36.1100,    37.1700,    35.4000,    37.1700,      18649,         73,              674452
VSWS,B,20260429,539773,,Advik Capital,     1.6000,     1.6000,     1.5600,     1.5700,     302066,        382,              475825
VSWS,B,20260429,539784,,LIC MF Nifty 100,   266.4800,   276.3500,   266.4800,   272.9300,        154,         10,               42355
VSWS,B,20260429,539785,,Pudumjee Paper Produ,    85.2300,    87.0000,    84.5500,    84.8300,       3629,        234,              310059
VSWS,B,20260429,539787,,HealthCare Global En,   577.0500,   584.8000,   568.1500,   569.2500,       4490,        441,             2589462
VSWS,B,20260429,539798,,Umiya Tubes,    40.1500,    41.0800,    39.1400,    40.5700,      62224,        159,             2541469
VSWS,B,20260429,539799,,Bharat Wire Ropes,   220.5000,   226.4500,   220.0000,   222.3500,      15768,        317,             3500127
VSWS,B,20260429,539800,,CHD Chemicals,     5.2800,     5.3300,     5.2800,     5.2800,       1564,          6,                8332
VSWS,B,20260429,539807,,AvenuesAI,    14.3300,    14.3300,    13.8400,    13.9100,     542227,       2839,             7617937
VSWS,B,20260429,539814,,LE Lavoir,   217.1000,   219.9500,   201.6000,   207.5500,       1960,         63,              408431
VSWS,B,20260429,539834,,Balgopal Commercial,   135.6000,   154.9500,   135.6000,   151.5000,      22257,         60,             3337322
VSWS,B,20260429,539835,,Superior Finlease,     1.7600,     1.7600,     1.7600,     1.7600,       6383,         27,               11234
VSWS,B,20260429,539837,,Raghav Productivity,   705.7500,   714.5000,   695.0000,   697.9500,       3837,        365,             2699229
VSWS,B,20260429,539841,,Lancer Container Lin,    10.9600,    11.0100,    10.7600,    10.8500,      90008,        413,              977682
VSWS,B,20260429,539843,,NINtec Systems,   525.3000,   525.3000,   501.6000,   501.6500,         74,         15,               37263
VSWS,B,20260429,539854,,Halder Venture,   249.0000,   254.9500,   237.0000,   252.0000,         42,          7,               10453
VSWS,B,20260429,539871,,Thyrocare Technologi,   409.3500,   409.3500,   402.0000,   404.0500,      10664,        736,             4333509
VSWS,B,20260429,539872,,Bajaj Healthcare,   327.0000,   329.7000,   322.7500,   323.4500,       6152,        214,             2003515
VSWS,B,20260429,539876,,Crompton Greaves Con,   271.0000,   280.7000,   269.7500,   276.0000,     795458,      18620,           220522171
VSWS,B,20260429,539883,,Pilani Invest & Ind,  4777.2000,  4837.0000,  4725.0000,  4777.3500,        218,         95,             1040379
VSWS,B,20260429,539884,,Darshan Orna,     2.5200,     2.5800,     2.5200,     2.5300,      97416,         66,              246654
VSWS,B,20260429,539889,,Parag Milk Foods,   229.3000,   233.2000,   225.2000,   226.1000,      36783,        845,             8421902
VSWS,B,20260429,539894,,Madhav Infra Project,     9.3800,     9.6900,     9.3000,     9.3100,      73048,        282,              688924
VSWS,B,20260429,539895,,Spice Lounge Food Wo,    23.0000,    23.9700,    21.1000,    21.5400,     179392,        699,             3896503
VSWS,B,20260429,539900,,Dalmia Indl Developm,    10.7300,    10.7300,    10.7300,    10.7300,       1289,          6,               13830
VSWS,B,20260429,539911,,Svarnim Trade Udyog,    11.5800,    11.9100,    10.8000,    11.9100,       3529,         27,               41084
VSWS,B,20260429,539917,,Nagarjuna Fertilizer,     4.1000,     4.1000,     3.8000,     3.9600,     111559,        205,              439214
VSWS,B,20260429,539921,,Shanti Educational I,   201.5000,   201.5000,   195.3500,   196.3500,     149442,        578,            29477872
VSWS,B,20260429,539922,,Rotographics (India),   245.0000,   246.5000,   223.1000,   223.1000,        544,         36,              133064
VSWS,B,20260429,539938,,Medico Intercontinen,    24.5000,    25.5000,    24.4000,    24.5600,       4798,         61,              119648
VSWS,B,20260429,539939,,Yash Chemex,    55.1100,    61.5000,    53.8200,    55.5200,       8090,         46,              445530
VSWS,B,20260429,539945,,ICICI Pru Nifty50 Va,    14.0400,    14.2400,    14.0300,    14.1400,      17165,        187,              243121
VSWS,B,20260429,539946,,Bazel International,    21.9900,    21.9900,    20.2800,    20.6500,       5459,         76,              116317
VSWS,B,20260429,539956,,TAAL Tech,  2985.0000,  3018.0000,  2985.0000,  2985.1000,        252,         26,              756860
VSWS,B,20260429,539957,,Mahanagar Gas,  1131.1500,  1153.4000,  1131.1500,  1148.7000,      17812,       1508,            20400208
VSWS,B,20260429,539963,,Zeal Aqua,    14.3300,    14.7700,    14.3200,    14.6900,     111455,        267,             1626734
VSWS,B,20260429,539978,,Quess Corp,   200.4000,   205.0000,   199.5500,   203.3000,       7891,        589,             1600456
VSWS,B,20260429,539979,,Digjam,    46.8900,    47.5000,    40.0500,    46.3100,       2914,         60,              137065
VSWS,B,20260429,539980,,ICICI Pru BSE MCap S,    17.6900,    18.2200,    17.6900,    18.0000,      39911,        103,              720355
VSWS,B,20260429,539984,,Hindusthan Insulator,  1043.6000,  1043.6000,  1043.6000,  1043.6000,      17232,         46,            17983315
VSWS,B,20260429,539985,,Titaanium Ten Enter,    28.4900,    28.4900,    27.5500,    28.0000,       9000,          8,              251640
VSWS,B,20260429,539986,,Commercial Syn Bags,   153.0500,   154.5000,   153.0000,   153.6500,        856,         33,              131207
VSWS,B,20260429,539991,,Confidence Futuristi,    37.8000,    41.5800,    36.1200,    38.1200,      92168,        399,             3650418
VSWS,B,20260429,539992,,Lloyds Engineering W,    59.1000,    60.1400,    57.5500,    57.8500,     410959,       2310,            24025901
VSWS,B,20260429,539997,,Kwality Pharmaceutic,  1615.1000,  1650.9500,  1590.0000,  1594.8500,       6756,        562,            10922669
VSWS,B,20260429,540005,,LTM,  4390.0000,  4404.5000,  4313.0500,  4322.7500,      10338,       1776,            45035876
VSWS,B,20260429,540006,,East West Freight Ca,     3.0700,     3.1000,     3.0000,     3.0800,      11861,         62,               36485
VSWS,B,20260429,540008,,AB SL BSE Sensex ETF,    76.3100,    77.9500,    76.3100,    77.9500,        173,         18,               13425
VSWS,B,20260429,540023,,Colorchips New Media,    14.6500,    14.6500,    14.0000,    14.4500,      13336,         47,              188018
VSWS,B,20260429,540025,,Advanced Enzyme Tech,   342.2500,   344.0000,   334.0000,   337.0500,      10925,        525,             3694039
VSWS,B,20260429,540026,,Ladam Affordable Hou,     7.1700,     7.1900,     7.0000,     7.0000,       1782,         10,               12516
VSWS,B,20260429,540047,,Dilip Buildcon,   478.2000,   478.2000,   468.3000,   470.3000,       3963,        146,             1870490
VSWS,B,20260429,540048,,S P Apparels,   802.9500,   810.2000,   792.5000,   804.2500,        359,         33,              288290
VSWS,B,20260429,540061,,Bigbloc Construction,    49.9200,    49.9200,    48.2000,    48.3800,       2019,         47,               98448
VSWS,B,20260429,540065,,RBL Bank,   323.3500,   345.6000,   322.0000,   341.2500,     615750,       7793,           208116515
VSWS,B,20260429,540066,,AMS Polymers,    81.4600,    81.4600,    73.7200,    80.0000,       7672,         91,              607833
VSWS,B,20260429,540073,,BLS International Se,   281.5000,   284.7500,   278.0000,   279.3000,      30808,        694,             8612287
VSWS,B,20260429,540078,,Mitsu Chem Plast,   113.7000,   116.4000,   109.0600,   112.2800,      43200,        281,             4886624
VSWS,B,20260429,540079,,Sprayking,     1.4400,     1.4500,     1.4000,     1.4300,     200797,        200,              286593
VSWS,B,20260429,540080,,Dhatre Udyog,     5.2500,     5.2500,     4.9100,     5.1200,      17311,         90,               88364
VSWS,B,20260429,540083,,TV Vision,     5.3700,     5.5000,     5.2500,     5.5000,       2782,         15,               14921
VSWS,B,20260429,540097,,Gamco,    42.0100,    42.5100,    41.2200,    41.5000,      23963,         40,             1012822
VSWS,B,20260429,540115,,L&T Technology Servi,  3570.0000,  3640.0000,  3550.4500,  3557.7000,       9209,       2128,            33026550
VSWS,B,20260429,540124,,GNA Axles,   431.0500,   439.8500,   425.0000,   427.2500,       2444,        159,             1059741
VSWS,B,20260429,540125,,Radhika Jeweltech,    66.3100,    66.4800,    63.6700,    64.2600,      13532,        252,              870592
VSWS,B,20260429,540132,,Sabrimala Ind India,    13.5000,    13.5000,    12.9400,    13.4400,       6857,         23,               90308
VSWS,B,20260429,540133,,ICICI Pru Life Insur,   524.4000,   530.3500,   522.0500,   524.1000,      21517,       1221,            11333925
VSWS,B,20260429,540134,,Ishaan Infrastruc &,    18.7400,    19.1100,    18.7400,    19.0200,        686,         11,               13018
VSWS,B,20260429,540135,,ARC Finance,     0.6100,     0.6100,     0.5800,     0.6000,     834499,        701,              493387
VSWS,B,20260429,540136,,HPL Electric & Power,   369.6500,   376.1000,   361.0500,   362.9000,      17418,        503,             6416808
VSWS,B,20260429,540143,,Sagarsoft (India),    79.5800,    81.2000,    78.3500,    78.7400,        667,         17,               52409
VSWS,B,20260429,540145,,Valiant Organics,   270.0000,   277.4500,   270.0000,   275.5500,       2131,        100,              586226
VSWS,B,20260429,540147,,Shashijit Infraproje,     2.5900,     2.7800,     2.5900,     2.6900,      13759,         34,               37273
VSWS,B,20260429,540150,,Mewar Hi-Tech Engine,    53.6900,    59.3300,    53.6900,    59.3300,       3000,          4,              171262
VSWS,B,20260429,540153,,Endurance Technologi,  2349.6500,  2400.0000,  2320.0000,  2329.2000,       3691,        715,             8703284
VSWS,B,20260429,540159,,Purple Agrotech Indu,     5.0600,     5.2500,     5.0600,     5.2500,       1384,         11,                7227
VSWS,B,20260429,540168,,Supra Pacific Financ,    23.9700,    24.0000,    23.6100,    23.9100,       4278,         51,              102341
VSWS,B,20260429,540173,,PNB Housing Finance,  1057.6000,  1068.4500,  1035.0000,  1051.9500,      38829,       2567,            40905457
VSWS,B,20260429,540174,,Southern Infoconsult,    24.4600,    24.4600,    23.0200,    24.3900,        178,          9,                4171
VSWS,B,20260429,540175,,Regency Fincorp,    31.5000,    32.9000,    31.0200,    31.7900,     139878,        238,             4471996
VSWS,B,20260429,540180,,Varun Beverages,   520.2500,   534.6500,   519.4500,   523.2500,     705173,      12128,           371537319
VSWS,B,20260429,540189,,Unipro Technologies,    27.2800,    27.2800,    27.2800,    27.2800,        329,          4,                8975
VSWS,B,20260429,540190,,Franklin Industries,     0.4600,     0.4700,     0.4500,     0.4600,    1196233,        569,              545824
VSWS,B,20260429,540192,,LKP Securities,    23.0000,    23.0000,    20.6200,    21.2000,     172425,        626,             3681480
VSWS,B,20260429,540198,,Osiajee Texfab,   422.0000,   423.9500,   400.0000,   404.3000,      11535,        169,             4740326
VSWS,B,20260429,540199,,Corporate Merchant B,    52.6000,    52.6000,    48.0600,    48.9600,        209,         17,               10364
VSWS,B,20260429,540203,,Sheela Foam,   514.6000,   520.1000,   513.0000,   518.0000,       3358,        351,             1734721
VSWS,B,20260429,540204,,EIKO Lifesciences,    50.4900,    51.4900,    49.5500,    50.2100,       2800,         62,              140496
VSWS,B,20260429,540205,,Aditya Vision,   542.7000,   545.8000,   531.9000,   535.2000,       6917,        437,             3717762
VSWS,B,20260429,540210,,Heads UP Ventures,     7.3500,     7.6000,     7.1900,     7.5900,       6542,         19,               47232
VSWS,B,20260429,540212,,TCI Express,   521.0000,   526.0500,   518.0000,   519.5500,       1059,        352,              551769
VSWS,B,20260429,540222,,Laurus Labs,  1093.5000,  1115.7500,  1085.1000,  1105.7000,      39632,       2481,            43776955
VSWS,B,20260429,540243,,New Light Industries,     1.6400,     1.6400,     1.5100,     1.6000,      57774,        122,               92860
VSWS,B,20260429,540252,,Viram Suvarn,    12.0200,    12.0600,    11.9100,    12.0600,     563154,        562,             6777445
VSWS,B,20260429,540254,,Marg Techno Projects,    29.5000,    31.1200,    28.5000,    29.8000,       9058,         56,              274604
VSWS,B,20260429,540259,,Shangar Decor,     0.2400,     0.2600,     0.2400,     0.2400,     969490,        235,              238376
VSWS,B,20260429,540266,,Globe Multi Ventures,    24.5400,    24.5400,    23.5100,    24.5300,      41795,        156,             1020343
VSWS,B,20260429,540267,,Flora Corporation,     7.7200,     7.8000,     7.7200,     7.8000,        424,          6,                3282
VSWS,B,20260429,540268,,TruCap Finance,     6.5300,     6.7700,     6.4000,     6.4000,      33407,         69,              219642
VSWS,B,20260429,540293,,Pricol,   595.2500,   602.0000,   592.0000,   595.5000,       8666,        602,             5182667
VSWS,B,20260429,540311,,JITF Infralogistics,   305.0000,   305.0000,   303.2500,   303.2500,         95,          6,               28913
VSWS,B,20260429,540358,,RMC Switchgears,   485.3000,   496.6000,   482.0500,   492.6000,       3648,         57,             1789181
VSWS,B,20260429,540359,,Parmax Pharma,    31.0000,    31.0000,    31.0000,    31.0000,         55,          2,                1705
VSWS,B,20260429,540360,,Leading Lea Fin & In,     1.5000,     1.5000,     1.4600,     1.4600,    3356881,       1029,             4947899
VSWS,B,20260429,540361,,Danube Industries,     4.9000,     4.9000,     4.7200,     4.8500,       8020,         41,               38880
VSWS,B,20260429,540366,,Music Broadcast,     6.1300,     6.2000,     5.9200,     5.9500,      13613,         29,               80894
VSWS,B,20260429,540376,,Avenue Supermarts,  4569.7500,  4637.2000,  4560.0000,  4593.4500,       8554,       1331,            39358493
VSWS,B,20260429,540377,,IFL Enterprises,     0.4600,     0.4700,     0.4600,     0.4600,    1608230,        513,              746234
VSWS,B,20260429,540386,,Ontic Finserve,     1.3200,     1.3200,     1.2800,     1.2800,      38126,         94,               49242
VSWS,B,20260429,540393,,Sarthak Metals,    84.0000,    86.1000,    71.1000,    71.5900,       1674,        141,              124959
VSWS,B,20260429,540395,,Chemcrux Enterprises,    89.6500,    94.0000,    89.6500,    92.8500,       6029,        172,              550897
VSWS,B,20260429,540396,,Manomay Tex India,   245.0000,   248.4000,   237.7500,   242.9000,       1166,        147,              281772
VSWS,B,20260429,540401,,Maximus Internationa,     9.7000,     9.7700,     9.5700,     9.7400,      20898,         84,              201740
VSWS,B,20260429,540403,,CL Educate,    47.8000,    47.8000,    46.7500,    46.9100,        982,         15,               46564
VSWS,B,20260429,540404,,Prime Fresh,   229.7500,   232.7000,   220.0500,   227.9500,       7403,        120,             1686849
VSWS,B,20260429,540405,,Oceanic Foods,    63.6200,    66.0000,    63.6200,    66.0000,        478,         10,               30729
VSWS,B,20260429,540425,,Shankara Building Pr,   124.7000,   127.3000,   121.1500,   124.0000,       3833,         73,              474431
VSWS,B,20260429,540455,,Escorp Asset Managem,   110.0000,   111.1000,   105.4000,   105.4000,        833,         12,               88519
VSWS,B,20260429,540467,,Parmeshwari Silk Mil,   109.7500,   109.7500,   109.7500,   109.7500,         50,          1,                5487
VSWS,B,20260429,540481,,Classic Leasing & Fi,    50.9100,    50.9100,    48.0000,    48.0000,        104,          3,                4996
VSWS,B,20260429,540492,,Starlineps Enterpris,    13.3400,    13.3400,    13.3400,    13.3400,     585864,        210,             7815425
VSWS,B,20260429,540497,,S Chand & Company,   161.0000,   161.0000,   159.8000,   160.9500,        122,         20,               19640
VSWS,B,20260429,540515,,Kanungo Financiers,     8.5700,     8.5700,     8.5700,     8.5700,       4000,          2,               34280
VSWS,B,20260429,540519,,Meera Industries,    63.0600,    63.0600,    63.0600,    63.0600,       7426,         19,              468283
VSWS,B,20260429,540530,,Housing & Urban Dev,   215.1000,   220.2500,   212.8000,   217.9500,    2000232,       2604,           435596805
VSWS,B,20260429,540544,,PSP Projects,   765.9500,   779.0000,   761.1500,   775.1000,       1988,        143,             1525502
VSWS,B,20260429,540545,,Guru Krupa Gems & Je,    40.0100,    41.7900,    40.0100,    40.1300,      40438,         89,             1650948
VSWS,B,20260429,540570,,Variman Global Enter,     4.6000,     4.6000,     4.6000,     4.6000,      77519,         96,              356587
VSWS,B,20260429,540575,,Star Cement,   233.6000,   233.6000,   225.9000,   226.7500,       6417,        213,             1470301
VSWS,B,20260429,540590,,Riddhi Corporate Ser,    64.2800,    65.5000,    62.6000,    63.1100,       1174,         17,               74130
VSWS,B,20260429,540595,,Tejas Networks,   414.3500,   429.4000,   409.7000,   416.7000,     141848,       3149,            59558056
VSWS,B,20260429,540596,,Eris Lifesciences,  1335.0000,  1362.1000,  1308.1000,  1315.4000,       2233,        387,             2987250
VSWS,B,20260429,540597,,Indus Aluminium Recy,    15.4500,    15.4500,    15.4300,    15.4400,          4,          3,                  61
VSWS,B,20260429,540602,,GTPL Hathway,    69.0100,    69.0400,    67.6500,    67.7500,       3136,        133,              214084
VSWS,B,20260429,540611,,AU Small Finance Ban,  1026.0500,  1036.7500,  1010.7000,  1017.1500,      36612,       1954,            37559064
VSWS,B,20260429,540612,,ICICIPru Nfty100LowV,    21.6900,    21.8400,    21.6600,    21.6700,      10502,         45,              227971
VSWS,B,20260429,540613,,Gautam Exim,   345.0000,   345.0000,   320.0000,   320.0000,       5625,         15,             1854900
VSWS,B,20260429,540614,,G G Engineering,     0.5300,     0.5300,     0.5200,     0.5300,    1874695,        843,              981515
VSWS,B,20260429,540615,,7NR Retail,     5.7000,     5.9700,     5.6800,     5.8000,     156878,        318,              909446
VSWS,B,20260429,540642,,Salasar Techno Engin,     7.5300,     7.7200,     7.5300,     7.5800,     339128,        750,             2584511
VSWS,B,20260429,540647,,Ganges Securities,   123.1000,   127.8000,   123.1000,   127.8000,      10102,         44,             1263026
VSWS,B,20260429,540648,,Palash Securities,   101.0000,   101.0000,    97.0000,    98.4500,      10125,         79,              982367
VSWS,B,20260429,540649,,Avadh Sugar & Energy,   483.9500,   483.9500,   460.5000,   466.7500,       2796,         42,             1314864
VSWS,B,20260429,540650,,Magadh Sugar & Energ,   516.4000,   522.0000,   508.4000,   509.4000,        343,         36,              176201
VSWS,B,20260429,540652,,Captain Technocast,   200.0000,   200.0000,   198.0000,   198.0000,       1500,          2,              298500
VSWS,B,20260429,540654,,Globalspace Technolo,    22.2000,    25.8900,    22.1900,    23.9100,     445542,        960,            11013697
VSWS,B,20260429,540669,,UTI Nifty Next 50 ET,    75.5800,    76.8900,    75.5800,    75.8700,       1562,         44,              119045
VSWS,B,20260429,540673,,SIS,   349.3000,   369.6000,   349.3000,   365.4500,       2405,        213,              871268
VSWS,B,20260429,540678,,Cochin Shipyard,  1710.0000,  1779.9000,  1710.0000,  1775.0000,     413502,      16454,           725482912
VSWS,B,20260429,540679,,Haleos Labs,  1480.0000,  1571.1000,  1473.2500,  1480.6500,        227,         40,              338159
VSWS,B,20260429,540680,,KIOCL,   421.5500,   429.1500,   410.7500,   413.8500,      41161,       1220,            17318671
VSWS,B,20260429,540686,,Smruthi Organics,   114.6300,   115.2200,   111.5100,   111.8400,       3205,         49,              362818
VSWS,B,20260429,540691,,Aditya Birla Capital,   338.1500,   354.6500,   337.7500,   348.3500,     189591,       5301,            66398588
VSWS,B,20260429,540692,,Apex Frozen Foods,   488.0000,   506.0500,   473.0000,   475.9000,      79908,       2916,            39200454
VSWS,B,20260429,540693,,Shish Industries,    13.5700,    13.9000,    13.1100,    13.3500,     325016,        504,             4401115
VSWS,B,20260429,540694,,ANG Lifesciences Ind,    34.9700,    35.0000,    31.2000,    32.1800,      11263,        121,              371403
VSWS,B,20260429,540696,,KCD Industries India,     5.3000,     5.4600,     5.0000,     5.0700,      47596,         75,              244476
VSWS,B,20260429,540699,,Dixon Technologies (, 11439.4000, 11572.0000, 11265.0000, 11321.0500,      32188,       5808,           367457282
VSWS,B,20260429,540700,,Bharat Road Network,    20.1100,    21.5500,    20.1000,    21.2000,       3921,         71,               83209
VSWS,B,20260429,540701,,Dishman Carbogen Amc,   188.3500,   188.9000,   180.1500,   181.3000,      28640,        554,             5302883
VSWS,B,20260429,540702,,Lasa Supergenerics,     8.4200,     8.4200,     8.0000,     8.0000,       3071,         21,               24631
VSWS,B,20260429,540703,,Pro CLB Global,    33.7700,    33.7700,    33.7700,    33.7700,      10330,         14,              348844
VSWS,B,20260429,540704,,Matrimony.com,   429.9000,   433.3500,   423.8500,   426.7500,        270,         37,              115033
VSWS,B,20260429,540710,,Capacit'e Infraproje,   255.8000,   261.0000,   250.6500,   251.9500,      11640,        406,             2968624
VSWS,B,20260429,540716,,ICICI Lombard Gen In,  1779.0000,  1806.7000,  1766.6000,  1769.5000,      19231,       2235,            34250657
VSWS,B,20260429,540717,,Polo Queen Indl & Fi,    23.1900,    23.6500,    22.7000,    23.1500,      29002,        195,              674494
VSWS,B,20260429,540718,,Aayush Art & Bullion,  1165.0000,  1168.7000,  1160.8500,  1163.3000,      97375,        678,           113365237
VSWS,B,20260429,540719,,SBI Life Ins Co,  1828.3500,  1829.2000,  1795.0000,  1821.3000,      28056,       2158,            51010219
VSWS,B,20260429,540724,,Prataap Snacks,  1003.7500,  1007.1000,   996.4500,  1006.1000,        163,         25,              163720
VSWS,B,20260429,540725,,Share India Securiti,   142.4000,   146.0500,   139.7500,   140.1000,      18286,        775,             2609514
VSWS,B,20260429,540726,,Trident Texofab,    52.9900,    54.8000,    51.6100,    53.7000,      53767,        561,             2830300
VSWS,B,20260429,540727,,Poojawestern Metalik,    25.4400,    25.6800,    25.0000,    25.2400,      20491,         86,              518421
VSWS,B,20260429,540728,,Sayaji Industries,    99.0100,   106.5000,    97.9000,   101.7900,       6830,         41,              706044
VSWS,B,20260429,540730,,Mehai Technology,     1.6400,     1.7000,     1.5800,     1.5900,    1505862,        486,             2431648
VSWS,B,20260429,540735,,IRIS RegTech Solutio,   239.0000,   239.9500,   234.9500,   236.5000,        384,         43,               91453
VSWS,B,20260429,540737,,Shree Ganesh Remedie,   510.7500,   517.7000,   495.2000,   501.0000,       1548,         87,              779023
VSWS,B,20260429,540738,,Shreeji Translogisti,     9.2600,     9.5000,     9.1200,     9.2400,      80434,        169,              753135
VSWS,B,20260429,540743,,Godrej Agrovet,   596.0000,   601.4000,   591.0500,   593.8500,       9420,       1018,             5617097
VSWS,B,20260429,540749,,MAS Financial Servic,   320.3000,   327.4500,   317.8500,   326.7000,       7409,        211,             2402170
VSWS,B,20260429,540750,,Indian Energy Exchan,   126.4000,   127.4500,   125.6000,   126.0000,     425000,       4485,            53716063
VSWS,B,20260429,540755,,General Insurance Co,   400.9000,   404.2000,   399.1000,   399.9500,      33430,       1260,            13405713
VSWS,B,20260429,540757,,Sheetal Cool Product,   366.0500,   375.8000,   362.2500,   375.4500,      21132,        139,             7928096
VSWS,B,20260429,540762,,Tube Investments of,  2999.0500,  3065.0000,  2953.7500,  2962.4000,      10335,       1784,            31271324
VSWS,B,20260429,540767,,Nippon Life (I) Asse,  1025.8500,  1060.7500,  1020.1000,  1029.0500,      52547,       1662,            54547421
VSWS,B,20260429,540768,,Mahindra Logistics,   410.1500,   417.8000,   405.8500,   409.1500,       5702,        299,             2339050
VSWS,B,20260429,540769,,New India Assurance,   162.8500,   164.7000,   160.7500,   161.2000,      54125,        944,             8816965
VSWS,B,20260429,540774,,IFGL Refractories,   193.0000,   194.2500,   186.6000,   187.3000,        748,         88,              142575
VSWS,B,20260429,540775,,Khadim India,   102.5600,   103.2800,   101.0000,   101.8000,       2994,        105,              305859
VSWS,B,20260429,540776,,5paisa Capital,   342.8000,   345.2500,   336.1000,   336.6500,       2524,        138,              862974
VSWS,B,20260429,540777,,HDFC Life Insurance,   594.6500,   602.8500,   589.7500,   594.4500,    5929210,       7076,          3555763133
VSWS,B,20260429,540786,,Sharika Enterprises,    13.0000,    13.3500,    12.5600,    13.2000,      48483,         85,              641272
VSWS,B,20260429,540787,,ICICI PMF BHARAT 22,   122.4900,   127.4900,   122.4900,   126.0000,      33655,        216,             4262488
VSWS,B,20260429,540788,,Aspira Pathlab & Dia,    64.0000,    64.7400,    63.5000,    64.7400,        630,          9,               40644
VSWS,B,20260429,540789,,Diligent Media Corpo,     2.9500,     3.0500,     2.9000,     3.0300,      33480,         35,               98818
VSWS,B,20260429,540795,,Dynamic Cables,   382.8000,   389.3000,   371.6000,   373.2000,       9453,        367,             3561622
VSWS,B,20260429,540796,,Ratnabhumi Developer,   248.5000,   261.0000,   248.5000,   261.0000,         11,          3,                2746
VSWS,B,20260429,540797,,Shalby,   164.8500,   166.2000,   161.4000,   161.6000,       2194,        137,              360677
VSWS,B,20260429,540809,,MRC Agrotech,    37.8000,    37.9900,    36.0600,    37.4700,      88158,        259,             3302225
VSWS,B,20260429,540821,,Crystal Business Sys,     2.0700,     2.1500,     2.0600,     2.0900,      10985,         64,               23064
VSWS,B,20260429,540824,,Astron Paper & Board,     4.5900,     4.5900,     4.3300,     4.3300,       2595,         20,               11406
VSWS,B,20260429,540829,,Chandrima Mercantile,     6.1900,     6.3200,     5.7200,     6.1400,     384755,        244,             2320463
VSWS,B,20260429,540850,,Jhandewalas Foods,    30.3000,    30.3000,    30.3000,    30.3000,       2000,          2,               60600
VSWS,B,20260429,540874,,7Seas Entertainment,    82.0700,    84.1900,    81.5000,    82.2500,       4422,         41,              366213
VSWS,B,20260429,540879,,Apollo Micro Systems,   307.7500,   311.6000,   292.0000,   296.3500,     464326,       5577,           140459424
VSWS,B,20260429,540900,,Newgen Software Tech,   488.5500,   493.7500,   478.5000,   480.6000,      81659,       2397,            39779323
VSWS,B,20260429,540901,,Praxis Home Retail,     8.1500,     8.4900,     7.7700,     7.9000,      63517,        106,              511956
VSWS,B,20260429,540902,,Amber Enterprises In,  8287.4500,  8287.4500,  8054.5500,  8085.6500,       4348,       1018,            35441700
VSWS,B,20260429,540904,,Tirupati Foam,    88.9900,    88.9900,    88.9900,    88.9900,        300,          1,               26697
VSWS,B,20260429,540914,,SRU Steels,     1.5400,     1.5900,     1.4800,     1.5100,      79082,        179,              120027
VSWS,B,20260429,540923,,Ashoka Metcast,    16.7200,    16.8300,    16.2200,    16.6100,      11768,        124,              196751
VSWS,B,20260429,540935,,Galaxy Surfactants,  1855.2000,  1949.7000,  1820.2500,  1921.0000,       1120,        237,             2095719
VSWS,B,20260429,540936,,Gautam Gems,     3.3800,     3.3900,     3.3000,     3.3200,       7056,         44,               23529
VSWS,B,20260429,540937,,Medico Remedies,    41.0700,    42.2500,    39.8200,    40.0800,      17742,        102,              718297
VSWS,B,20260429,540952,,Lorenzini Apparels,     7.2800,     7.4900,     7.0200,     7.4300,      10800,         56,               78689
VSWS,B,20260429,540953,,Kenvi Jewels,     2.4700,     2.4700,     2.3400,     2.3900,      42259,        128,              101273
VSWS,B,20260429,540954,,Indian Wood Products,    34.2000,    34.7900,    34.2000,    34.2000,        146,         25,                4999
VSWS,B,20260429,540956,,Bhatia Commu & Retai,    22.7900,    22.9900,    22.1700,    22.6500,      13202,        124,              299842
VSWS,B,20260429,540961,,Shiva Mills,    61.0000,    62.9100,    56.0100,    59.8800,        136,          9,                8226
VSWS,B,20260429,540975,,Aster DM Healthcare,   714.5000,   714.5000,   690.2500,   699.4500,      23770,       1339,            16587088
VSWS,B,20260429,540980,,Yamuna Syndicate, 30670.0000, 30670.0000, 29500.0500, 30449.9500,          3,          3,               90620
VSWS,B,20260429,541005,,Kanco Tea & Ind,    68.0000,    68.0000,    65.5200,    66.0200,        175,         13,               11557
VSWS,B,20260429,541006,,Angel Fibers,    10.4200,    10.4200,    10.4200,    10.4200,       4000,          1,               41680
VSWS,B,20260429,541019,,H G Infra Engineerin,   610.0000,   616.0000,   602.5500,   606.6500,       9740,        771,             5931465
VSWS,B,20260429,541083,,Inflame Appliances,   257.2500,   264.0000,   250.0000,   261.8000,      24750,         54,             6351950
VSWS,B,20260429,541096,,Bharat Parenterals,  1206.7500,  1206.7500,  1185.2500,  1185.4000,        311,         27,              372908
VSWS,B,20260429,541097,,DSP Nifty 1D Rate Li,  1000.0000,  1000.0000,   999.9900,  1000.0000,       3755,         13,             3754995
VSWS,B,20260429,541112,,Shreeshay Engineers,    29.0000,    29.0000,    29.0000,    29.0000,       2000,          1,               58000
VSWS,B,20260429,541143,,Bharat Dynamics,  1400.0000,  1432.2500,  1382.4000,  1394.1000,     135275,       6261,           190641979
VSWS,B,20260429,541144,,Active Clothing Co,   140.3000,   146.0000,   140.3000,   142.7100,      31186,        299,             4484158
VSWS,B,20260429,541152,,Goyal Aluminiums,     7.3500,     7.3500,     7.0400,     7.1000,      13047,         84,               93378
VSWS,B,20260429,541153,,Bandhan Bank,   186.0000,   204.5000,   185.5000,   198.3000,    4799359,      25340,           948203715
VSWS,B,20260429,541154,,Hindustan Aeronautic,  4344.2000,  4398.0000,  4327.7000,  4352.1000,     111377,       6356,           484500977
VSWS,B,20260429,541163,,Sandhar Technologies,   506.8500,   506.8500,   493.5000,   496.3000,       3167,        244,             1583585
VSWS,B,20260429,541167,,Yasho Industries,  1488.0000,  1496.8000,  1456.5500,  1463.3000,         30,         12,               44420
VSWS,B,20260429,541178,,Benara Bearings & Pi,     9.7400,     9.7500,     9.7400,     9.7500,       4000,          2,               38980
VSWS,B,20260429,541195,,Mishra Dhatu Nigam,   397.0000,   402.1000,   392.7000,   398.1000,      50686,       1612,            20147002
VSWS,B,20260429,541206,,OBCL,    56.3500,    58.0000,    55.1700,    55.2000,         14,          5,                 787
VSWS,B,20260429,541228,,Taylormade Renewable,   102.4400,   104.0100,    98.2500,    99.7800,       8465,        124,              849965
VSWS,B,20260429,541233,,Lemon Tree Hotels,   119.3000,   121.4500,   117.9000,   118.7000,     125550,       1341,            15014348
VSWS,B,20260429,541269,,Chemfab Alkalis,   410.4500,   414.4000,   398.5000,   406.3000,        170,         49,               69127
VSWS,B,20260429,541276,,Hardwyn India,    26.5000,    27.3300,    26.5000,    27.1200,     742124,        505,            20178300
VSWS,B,20260429,541299,,Dr Lalchandani Labs,     9.4000,     9.8500,     9.2500,     9.8500,      44000,          9,              415520
VSWS,B,20260429,541301,,Orient Electric,   187.5500,   190.6500,   185.0000,   186.2000,     509381,        478,            95506228
VSWS,B,20260429,541302,,Dhruv Consultancy Se,    37.2500,    37.2500,    36.0000,    37.2500,        244,         18,                8985
VSWS,B,20260429,541303,,Akshar Spintex,     0.4700,     0.4800,     0.4600,     0.4800,     165986,         89,               78280
VSWS,B,20260429,541304,,Indo Us Bio-Tech,   104.3500,   105.5000,   103.1800,   103.1800,        102,         14,               10564
VSWS,B,20260429,541313,,ICICI Prud BSE 500 E,    37.4900,    38.9800,    37.4900,    38.6000,       3863,         80,              149523
VSWS,B,20260429,541336,,Indostar Capital Fin,   199.8000,   212.5000,   199.8000,   210.0500,       4313,        145,              891183
VSWS,B,20260429,541337,,Milestone Furniture,    29.7800,    29.7800,    29.7800,    29.7800,       3000,          1,               89340
VSWS,B,20260429,541338,,U H Zaveri,    14.9600,    15.4100,    14.6000,    14.8500,       9316,         45,              139673
VSWS,B,20260429,541347,,Parvati Sweetners &,     7.8400,     7.8800,     7.6200,     7.7200,       2659,         32,               20527
VSWS,B,20260429,541352,,Megastar Foods,   286.0500,   304.3500,   285.0000,   302.2000,       3708,         82,             1117354
VSWS,B,20260429,541353,,Innovators Facade Sy,   159.9500,   167.2000,   159.9500,   167.2000,      11200,         11,             1840120
VSWS,B,20260429,541358,,Unifinz Capital Indi,   101.0000,   102.0000,   101.0000,   101.7000,        545,         16,               55233
VSWS,B,20260429,541400,,Zim Laboratories,    85.7500,    85.9000,    84.6800,    84.7000,       1121,         58,               95543
VSWS,B,20260429,541402,,Affordable Robotic &,   178.0000,   181.5000,   176.0000,   181.1500,       1041,         29,              187241
VSWS,B,20260429,541403,,Dollar Industries,   305.0000,   311.5000,   302.5500,   303.7500,      10011,        250,             3061119
VSWS,B,20260429,541418,,Nakoda Group of Indu,    38.0900,    38.0900,    36.9200,    37.7500,       1347,        143,               51102
VSWS,B,20260429,541444,,Palm Jewels,    17.3500,    17.8000,    17.0000,    17.2100,       1447,         24,               24943
VSWS,B,20260429,541445,,Waa Solar,    66.4100,    68.3500,    66.2000,    66.2700,      26400,         32,             1769312
VSWS,B,20260429,541450,,Adani Green Energy,  1266.9000,  1271.4500,  1237.0500,  1245.3500,     253861,       7821,           318144611
VSWS,B,20260429,541503,,Unick Fix-A-Form & P,    43.0500,    43.0500,    43.0500,    43.0500,        150,          2,                6457
VSWS,B,20260429,541540,,Solara Active Pharma,   488.4000,   513.1500,   487.0500,   489.5500,      44247,       1791,            22081909
VSWS,B,20260429,541546,,Gayatri Highways,     2.1600,     2.2900,     2.1500,     2.1800,     140113,         88,              308411
VSWS,B,20260429,541556,,RITES,   223.0000,   223.8000,   219.0000,   219.4500,      55092,       1588,            12165924
VSWS,B,20260429,541557,,Fine Organic Industr,  4727.2000,  4793.4000,  4700.0000,  4730.3000,        565,        245,             2687283
VSWS,B,20260429,541578,,Varroc Engineering,   513.0000,   524.0000,   513.0000,   520.9000,       4123,        268,             2147319
VSWS,B,20260429,541601,,Rajnish Wellness,     0.5200,     0.5300,     0.5100,     0.5200,    1790891,        588,              922538
VSWS,B,20260429,541627,,Gujarat Winding Syst,     8.6000,     9.0300,     8.6000,     9.0200,       1201,          8,               10819
VSWS,B,20260429,541634,,Raw Edge Industrial,    22.8900,    22.8900,    20.3700,    20.5100,       4051,         37,               84607
VSWS,B,20260429,541702,,Ashnisha Industries,     4.6300,     4.6400,     4.6300,     4.6400,    7675507,       5206,            35598531
VSWS,B,20260429,541703,,Raconteur Global Res,    16.1500,    16.1500,    16.1500,    16.1500,       1600,          1,               25840
VSWS,B,20260429,541729,,HDFC Asset Managemen,  2761.2500,  2807.7000,  2761.2500,  2788.4500,      12621,       1293,            35241365
VSWS,B,20260429,541735,,Vivanta Industries,     1.9200,     1.9800,     1.8900,     1.9000,     131097,        204,              255541
VSWS,B,20260429,541741,,Fratelli Vineyards,    83.0000,    84.9500,    81.5000,    83.0200,       4955,         34,              409986
VSWS,B,20260429,541770,,CreditAccess Grameen,  1250.2000,  1296.0000,  1250.2000,  1288.5000,      22791,       1995,            29224549
VSWS,B,20260429,541771,,Amin Tannery,     1.8000,     1.8400,     1.7100,     1.7700,      89275,        107,              158603
VSWS,B,20260429,541778,,Deep Polymers,    41.3700,    42.6400,    40.7000,    41.5300,       4641,         97,              193856
VSWS,B,20260429,541809,,ICICIPru Nifty N ETF,    73.8600,    75.2400,    73.8600,    74.2000,      31421,        665,             2344554
VSWS,B,20260429,541865,,Add-Shop E-Retail,     7.5400,     7.5400,     7.1500,     7.3300,      35979,        114,              261813
VSWS,B,20260429,541890,,Space Incubatrics Te,     0.2500,     0.2600,     0.2500,     0.2500,    1063518,        278,              271060
VSWS,B,20260429,541929,,Synergy Green Indust,   533.0500,   542.8500,   533.0000,   542.8500,        501,         82,              269548
VSWS,B,20260429,541945,,Ranjeet Mechatronics,     5.2500,     5.2500,     5.2500,     5.2500,      24000,          1,              126000
VSWS,B,20260429,541946,,ICICI Pru BSE L Rate,  1000.0000,  1000.0100,  1000.0000,  1000.0000,      26020,         27,            26020007
VSWS,B,20260429,541956,,IRCON International,   154.1000,   156.5000,   152.7500,   153.2000,     273923,       3253,            42332586
VSWS,B,20260429,541967,,Sky Gold & Diamonds,   440.4500,   463.0000,   440.4500,   459.1500,     168603,       4855,            76468730
VSWS,B,20260429,541972,,SBI - ETF Sensex Nex,   898.0000,   924.3200,   875.0000,   918.0000,        115,         14,              104711
VSWS,B,20260429,541973,,Mac Hotels,    85.0000,    85.8000,    80.5000,    84.5000,      18000,         11,             1517505
VSWS,B,20260429,541974,,Manorama Industries,  1458.9500,  1493.8000,  1454.3000,  1472.7000,       7552,        691,            11134759
VSWS,B,20260429,541983,,Innovative Ideals &,    23.4600,    23.4600,    23.4600,    23.4600,       9000,          4,              211140
VSWS,B,20260429,541988,,Aavas Financiers,  1385.3500,  1392.9000,  1364.3000,  1381.8500,       1395,        283,             1919070
VSWS,B,20260429,542011,,Garden Reach Shipbui,  3075.1000,  3338.9000,  3003.1000,  3073.2000,    1285516,      60346,          4089851873
VSWS,B,20260429,542012,,A-1,    12.5400,    12.5400,    12.5300,    12.5400,    1979583,       3034,            24818805
VSWS,B,20260429,542013,,Dolfin Rubbers,   161.0000,   174.9000,   161.0000,   170.5000,        974,         51,              166178
VSWS,B,20260429,542019,,Shubham Polyspin,    65.0000,    66.4000,    63.1300,    65.6300,      56542,        148,             3706973
VSWS,B,20260429,542020,,AKI India,     5.3500,     5.3500,     5.1300,     5.1500,       1019,          9,                5303
VSWS,B,20260429,542025,,Sun Retail,     0.4100,     0.4100,     0.3900,     0.3900,     144000,          3,               57120
VSWS,B,20260429,542034,,S M Gold,    12.6000,    12.6000,    11.3600,    12.2100,      14027,        123,              169101
VSWS,B,20260429,542046,,Vivid Mercantile,     7.6800,     7.6800,     7.3000,     7.4700,     100238,         53,              749158
VSWS,B,20260429,542057,,BCPL Railway Infrast,    77.0000,    77.0000,    73.7900,    75.8800,       5221,        259,              396500
VSWS,B,20260429,542066,,Adani Total Gas,   656.7500,   679.5000,   651.0000,   657.0000,     557892,      15244,           372261403
VSWS,B,20260429,542123,,Phosphate Company,   146.3000,   146.3000,   145.0000,   145.0000,        127,          7,               18455
VSWS,B,20260429,542131,,Mirae Asset Nifty 50,   260.2800,   262.5900,   259.8900,   261.8400,       5946,        266,             1558062
VSWS,B,20260429,542141,,Techno Elect & Eng,  1280.6000,  1328.8000,  1250.0000,  1296.8000,      58043,       3446,            75672779
VSWS,B,20260429,542145,,Roni Households,    47.0000,    53.0000,    45.0000,    53.0000,       7200,          4,              342000
VSWS,B,20260429,542155,,Diksha Greens,     1.1600,     1.2000,     1.1600,     1.1800,      40000,         14,               47340
VSWS,B,20260429,542176,,Aryan Shares & Stock,    23.8300,    23.8300,    23.8300,    23.8300,          3,          2,                  71
VSWS,B,20260429,542206,,Nivaka Fashions,     1.3000,     1.3000,     1.2100,     1.2100,     148965,        124,              181730
VSWS,B,20260429,542216,,Dalmia Bharat,  1920.1500,  1980.0000,  1920.1000,  1947.7500,      13804,       2519,            26967730
VSWS,B,20260429,542230,,Aditya Birla SLNN50,    73.8700,    74.6700,    73.7400,    73.7400,       6838,          8,              504256
VSWS,B,20260429,542231,,Nila Spaces,    13.2100,    14.0200,    13.2100,    13.6000,      80881,        546,             1106887
VSWS,B,20260429,542232,,Shankar Lal Rampal D,    44.9000,    45.1900,    43.4000,    44.8100,       4129,         44,              183815
VSWS,B,20260429,542233,,Trejhara Solutions,   155.5500,   160.4500,   149.9500,   152.1000,      10538,        277,             1652290
VSWS,B,20260429,542248,,Deccan Health Care,    12.3000,    12.3300,    12.0600,    12.2000,       8014,         74,               98287
VSWS,B,20260429,542285,,Axita Cotton,     8.0300,     8.3000,     8.0300,     8.1400,      26384,        221,              215696
VSWS,B,20260429,542323,,KPI Green Energy,   462.2500,   467.0500,   450.3500,   451.1000,      34796,       1612,            15951051
VSWS,B,20260429,542332,,Hi-Klass Trading & I,    98.2600,    98.2600,    98.2600,    98.2600,          1,          1,                  98
VSWS,B,20260429,542333,,RPSG Ventures,   810.6500,   874.7500,   803.0000,   855.9000,      11739,       1246,             9868680
VSWS,B,20260429,542337,,Spencer's Retail,    34.3400,    34.6000,    33.6500,    33.7000,       3580,         47,              121983
VSWS,B,20260429,542351,,Gloster,   604.0000,   635.2000,   601.1000,   619.1500,        476,         89,              294333
VSWS,B,20260429,542367,,Xelpmoc Design and T,    99.7000,   100.9900,    98.9600,    99.7600,        537,         24,               53700
VSWS,B,20260429,542383,,Ritco Logistics,   215.0000,   215.5500,   211.4000,   211.6500,       2635,        240,              561806
VSWS,B,20260429,542399,,Chalet Hotels,   794.4500,   794.4500,   770.1000,   770.6500,       2865,        566,             2235079
VSWS,B,20260429,542437,,Anmol India,    12.4200,    12.7200,    12.2700,    12.4900,       6103,         41,               76020
VSWS,B,20260429,542446,,Jonjua Overseas,     4.2400,     4.2400,     4.2100,     4.2400,     347112,         49,             1471465
VSWS,B,20260429,542459,,Kranti Industries,    61.1000,    66.0000,    60.9400,    61.1100,       2391,         45,              147503
VSWS,B,20260429,542460,,Anup Engineering,  2188.2500,  2196.5000,  2068.2000,  2090.0500,       3272,        500,             6946296
VSWS,B,20260429,542477,,Glaam Up Jwel,    16.4500,    16.4500,    16.4500,    16.4500,      10000,          1,              164500
VSWS,B,20260429,542484,,Arvind Fashions,   444.5000,   450.0000,   431.0000,   442.5000,      15827,        892,             6969024
VSWS,B,20260429,542503,,Mahip Industries,    29.0700,    29.0700,    29.0700,    29.0700,      24000,          6,              697680
VSWS,B,20260429,542513,,UTI BSE Sen N 50,    92.2100,    92.3700,    91.5500,    91.5900,        225,         20,               20693
VSWS,B,20260429,542579,,Ashapuri Gold Orname,     4.8400,     4.9100,     4.0500,     4.6200,     779916,       1057,             3590845
VSWS,B,20260429,542580,,Aartech Solonics,    48.8900,    50.5000,    48.8900,    49.5200,       7141,        262,              358744
VSWS,B,20260429,542597,,MSTC,   448.3500,   450.5000,   436.3000,   436.9000,       5150,        434,             2269364
VSWS,B,20260429,542627,,Chandni Machines,    65.9500,    68.8000,    64.5900,    65.0000,       1495,         22,               99280
VSWS,B,20260429,542628,,Northern Spirits,   135.0000,   135.4000,   130.1000,   132.5500,       2737,         50,              364235
VSWS,B,20260429,542649,,Rail Vikas Nigam,   311.3500,   311.7500,   301.2500,   302.2500,     218352,       2952,            66787913
VSWS,B,20260429,542650,,Metropolis Healthcar,   479.6500,   485.4000,   476.0000,   479.1000,      12384,       1078,             5971435
VSWS,B,20260429,542651,,KPIT Technologies,   744.3000,   758.5500,   737.5500,   739.7000,      60139,       2678,            44960753
VSWS,B,20260429,542652,,Polycab India,  8280.2000,  8339.9500,  8120.0000,  8144.4500,      18380,       4137,           151271125
VSWS,B,20260429,542654,,V R Films & Studios,    15.4900,    15.4900,    14.7600,    15.4900,        446,         10,                6878
VSWS,B,20260429,542655,,Vikas Lifecare,     1.6100,     1.6300,     1.5800,     1.5800,     180283,        136,              289942
VSWS,B,20260429,542665,,Neogen Chemicals,  1666.4000,  1694.8000,  1643.0500,  1654.5000,       2200,        267,             3666308
VSWS,B,20260429,542666,,GKP Printing & Pack,     6.1500,     6.4000,     6.1500,     6.3000,       8875,         42,               56099
VSWS,B,20260429,542668,,Evans Electric,    98.0000,    98.9500,    95.0000,    98.9500,      18000,         17,             1748890
VSWS,B,20260429,542669,,BMW Industries,    43.9900,    43.9900,    42.5000,    42.7200,     130314,        809,             5605246
VSWS,B,20260429,542670,,Artemis Elect & Proj,    18.6000,    19.3900,    18.5500,    19.0800,       2079,         27,               39515
VSWS,B,20260429,542679,,Dhanashree Electro,   183.7000,   183.7000,   166.2500,   178.0000,        395,         11,               66058
VSWS,B,20260429,542682,,Harish Textile Engin,    69.9800,    69.9800,    63.1000,    64.5200,       3679,         24,              234888
VSWS,B,20260429,542684,,Prakash Pipes,   217.1000,   217.7000,   213.3000,   213.6000,       1922,        163,              414438
VSWS,B,20260429,542685,,Digicontent,    37.0000,    37.0000,    29.2300,    31.7000,        457,         25,               14537
VSWS,B,20260429,542694,,Parshva Enterprises,   173.0000,   173.0000,   173.0000,   173.0000,         32,          2,                5536
VSWS,B,20260429,542721,,Anand Rayons,    61.0100,    61.9900,    57.8300,    57.9400,      61598,        373,             3583692
VSWS,B,20260429,542725,,SBC Exports,    33.3300,    33.9000,    33.1900,    33.5900,     176156,        219,             5881895
VSWS,B,20260429,542726,,IndiaMART InterMESH,  2129.2500,  2152.5000,  2106.0000,  2131.4000,       2429,        501,             5176077
VSWS,B,20260429,542727,,City Pulse Multivent,  2353.0000,  2445.0000,  2300.0000,  2434.8000,       7350,         72,            17472382
VSWS,B,20260429,542729,,DCM Nouvelle,   147.5900,   147.5900,   141.7900,   141.7900,        138,         35,               19916
VSWS,B,20260429,542730,,ICICI Pru Nifty Bank,    56.2900,    57.4500,    56.2900,    56.6400,      13392,        207,              762265
VSWS,B,20260429,542747,,Nippon I S&P BSN50,    89.8100,    90.7900,    89.0100,    89.4900,       6207,        120,              557352
VSWS,B,20260429,542752,,Affle 3i,  1430.0000,  1447.3500,  1426.7000,  1431.0500,      15000,       1295,            21530603
VSWS,B,20260429,542758,,ICICI Pru Nifty Pvt,    26.4300,    27.0500,    26.4300,    26.6600,      64095,        178,             1723914
VSWS,B,20260429,542759,,Spandana Sphoorty Fi,   226.2000,   238.0000,   225.8500,   228.9000,      22464,        572,             5202097
VSWS,B,20260429,542760,,Sterling & Wilson Re,   214.6500,   216.5500,   210.3000,   211.8500,     134486,       2119,            28663886
VSWS,B,20260429,542770,,Alphalogic Techsys,    54.7100,    57.0400,    54.7100,    55.6100,       2928,         43,              162218
VSWS,B,20260429,542772,,360 ONE WAM,  1053.4500,  1055.2500,  1034.3000,  1046.6000,      22863,       1356,            23828572
VSWS,B,20260429,542773,,IIFL Capital Service,   322.2000,   328.0000,   312.0000,   314.7500,      43915,        999,            14040892
VSWS,B,20260429,542774,,Mufin Green Finance,   116.8000,   116.8000,   114.5000,   115.3900,      63654,        449,             7365901
VSWS,B,20260429,542802,,Galactico Corporate,     2.0500,     2.2300,     1.9900,     2.1700,     201678,        335,              422450
VSWS,B,20260429,542803,,Vaxfab Enterprises,    49.7900,    51.3900,    48.5000,    49.9500,      14380,         69,              707734
VSWS,B,20260429,542812,,Gujarat Flurochemica,  3410.0000,  3433.2500,  3339.0500,  3353.9500,       2253,        472,             7601929
VSWS,B,20260429,542830,,Indian Railway Cater,   545.0000,   552.1000,   543.8500,   549.9000,      48593,       2557,            26615234
VSWS,B,20260429,542850,,Goblin India,     8.5000,     8.5000,     8.5000,     8.5000,       2000,          1,               17000
VSWS,B,20260429,542852,,Vishwaraj Sugar Indu,     5.7900,     5.9800,     5.7900,     5.9700,      25751,         95,              152273
VSWS,B,20260429,542857,,Greenpanel Industrie,   211.5500,   234.9500,   211.5500,   222.2000,      67118,       1554,            15254828
VSWS,B,20260429,542862,,Shahlon Silk Industr,    20.9600,    23.3900,    20.9600,    22.4100,       2777,         20,               61704
VSWS,B,20260429,542863,,Aditya Birla SL Nift,    56.5900,    57.4800,    56.5000,    56.5900,        537,         39,               30473
VSWS,B,20260429,542865,,Anuroop Packaging,    12.5000,    12.7500,    11.5000,    11.6600,      46226,        131,              549114
VSWS,B,20260429,542867,,CSB Bank,   394.5000,   400.1500,   390.0000,   390.9500,      21831,       1823,             8630772
VSWS,B,20260429,542904,,Ujjivan Small Financ,    56.4100,    58.3400,    56.1900,    56.8700,    1138184,       4816,            64878092
VSWS,B,20260429,542905,,Hindware Home Innova,   221.0000,   226.9500,   217.1500,   224.3000,      10018,        670,             2240204
VSWS,B,20260429,542907,,Prince Pipes & Fitti,   265.6500,   272.6500,   262.1500,   265.5000,      20598,        543,             5514790
VSWS,B,20260429,542910,,Valencia Nutrition,    69.0000,    69.0000,    58.8900,    63.7000,       7500,          4,              475185
VSWS,B,20260429,542918,,Gian Life Care,     6.9700,     6.9700,     6.4600,     6.4700,      25634,         45,              168588
VSWS,B,20260429,542919,,Artemis Medicare Ser,   241.7500,   245.4000,   239.5500,   239.9500,       5462,        158,             1329418
VSWS,B,20260429,542920,,Sumitomo Chemical I,   430.8000,   445.8500,   430.8000,   436.4000,       8694,        460,             3804522
VSWS,B,20260429,542921,,ICICI Pru Nifty Midc,    23.2300,    23.2300,    22.9300,    22.9300,      14883,        152,              343430
VSWS,B,20260429,542922,,Mirae Ass Nif Next50,   727.4500,   731.1600,   725.0300,   725.6900,       3976,         75,             2893899
VSWS,B,20260429,542933,,Universus Photo Imag,   473.2500,   473.2500,   428.6000,   458.2000,        758,         29,              335097
VSWS,B,20260429,543064,,Cohance Lifesciences,   500.0000,   505.5000,   461.1000,   467.9000,     454708,      10208,           217234534
VSWS,B,20260429,543065,,SM Auto Stamping,    26.3200,    26.3200,    26.3200,    26.3200,       2000,          1,               52640
VSWS,B,20260429,543066,,SBI Cards And Paymen,   650.0000,   661.0000,   642.8000,   651.5000,      95616,       3546,            62348908
VSWS,B,20260429,543171,,RO Jewels,     1.3000,     1.3500,     1.1700,     1.3500,      38070,         42,               50416
VSWS,B,20260429,543172,,Cospower Engineering,  1050.0000,  1120.0000,  1050.0000,  1120.0000,       1500,          6,             1652000
VSWS,B,20260429,543187,,Hitachi Energy India, 32851.2000, 33280.0000, 32560.0000, 32894.6500,      10982,       3193,           361969348
VSWS,B,20260429,543193,,DJ Mediaprint & Logi,    93.0000,    93.5000,    92.9600,    93.2300,        118,          6,               10971
VSWS,B,20260429,543207,,Natural Biocon (I),     3.9100,     3.9500,     3.9000,     3.9000,      51537,         36,              201265
VSWS,B,20260429,543208,,Regis Industries,     2.5000,     2.5000,     2.2500,     2.3900,      40901,        106,               97840
VSWS,B,20260429,543209,,Billwin Industries,    27.5000,    29.1500,    25.8000,    29.1500,      12000,          4,              329850
VSWS,B,20260429,543210,,Aarti Surfactants,   417.7500,   420.7500,   412.0000,   412.0000,        183,         22,               76520
VSWS,B,20260429,543211,,Bonlon Industries,    50.7000,    50.8800,    48.4600,    50.2200,       4035,        158,              203843
VSWS,B,20260429,543212,,Borosil,   253.5500,   254.6000,   250.0000,   251.2500,       7164,        304,             1804366
VSWS,B,20260429,543213,,Rossari Biotech,   473.6000,   476.8000,   465.0000,   467.8000,       7469,        500,             3518809
VSWS,B,20260429,543214,,NDR Auto Components,   780.0000,   810.0500,   754.3000,   776.4000,       2934,        275,             2316753
VSWS,B,20260429,543216,,BHARAT Bond ETF - Ap,  1405.0000,  1405.0000,  1394.1900,  1394.1900,        260,          2,              362500
VSWS,B,20260429,543218,,Suratwwala Business,    29.2900,    29.2900,    26.0700,    27.3900,        431,         18,               12118
VSWS,B,20260429,543219,,ICICI Pru Nifty Alph,    26.7700,    26.9300,    26.5600,    26.5700,       6072,         41,              162954
VSWS,B,20260429,543220,,Max Healthcare Insti,  1007.0500,  1029.0000,  1003.0000,  1005.7000,      55795,       2487,            56910528
VSWS,B,20260429,543221,,ICICI Pru Nifty IT,    32.2700,    32.6500,    32.0700,    32.2800,     201257,        156,             6558318
VSWS,B,20260429,543223,,Max India,   164.2500,   164.2500,   155.6500,   155.9000,       5864,        229,              941598
VSWS,B,20260429,543224,,HDFC Nifty Banking E,    56.8600,    57.3000,    56.6000,    56.7600,       1005,         30,               57368
VSWS,B,20260429,543226,,UTI NIFTY Bank ETF,    57.3200,    57.6600,    57.0000,    57.0700,      20654,        243,             1179127
VSWS,B,20260429,543227,,Happiest Minds Techn,   374.2000,   374.6500,   369.7000,   371.6000,      22067,       1203,             8221235
VSWS,B,20260429,543228,,Route Mobile,   536.7500,   536.7500,   526.5000,   528.5000,      10086,        364,             5340503
VSWS,B,20260429,543229,,Samrat Forgings,   197.9500,   197.9500,   197.9500,   197.9500,          5,          1,                 989
VSWS,B,20260429,543230,,Advait Energy Transi,  2124.3000,  2124.3000,  2058.9000,  2099.5000,       4396,        678,             9228844
VSWS,B,20260429,543231,,Archidply Decor,    73.0000,    73.0000,    73.0000,    73.0000,         56,          1,                4088
VSWS,B,20260429,543232,,Computer Age Mgmt Se,   762.1000,   771.9500,   759.1500,   760.8000,      58483,       2817,            44759196
VSWS,B,20260429,543233,,Chemcon Speciality C,   164.5000,   164.5000,   159.0000,   159.1000,       4454,        234,              713076
VSWS,B,20260429,543234,,SecMark Consultancy,   122.4000,   128.4500,   122.4000,   125.0000,       2150,         14,              272380
VSWS,B,20260429,543235,,Angel One,   320.2000,   323.0000,   312.0000,   313.3500,     176168,       2195,            56014804
VSWS,B,20260429,543236,,Atam Valves,    71.0000,    71.0000,    68.0000,    68.4800,        510,         35,               35300
VSWS,B,20260429,543237,,Mazagon Dock Shipbui,  2710.0000,  2810.0000,  2703.2500,  2771.5000,     251792,      17942,           699034075
VSWS,B,20260429,543238,,UTI Asset Management,   962.5000,   967.4500,   951.0500,   954.7500,     464115,       1372,           444609451
VSWS,B,20260429,543239,,G M Polyplast,    64.0000,    64.0000,    64.0000,    64.0000,       2100,          3,              134400
VSWS,B,20260429,543240,,Likhitha Infrastruct,   223.0000,   227.0000,   222.0000,   222.2500,       5684,         98,             1271653
VSWS,B,20260429,543241,,Veer Global Infracon,   137.0000,   138.0000,   133.0000,   137.3100,      14400,        106,             1960623
VSWS,B,20260429,543242,,Hemisphere Propertie,   130.4500,   131.4500,   128.8000,   129.2000,      24897,        354,             3236942
VSWS,B,20260429,543243,,Equitas Small Financ,    66.7500,    69.1900,    66.5100,    67.1800,     130221,        882,             8874757
VSWS,B,20260429,543244,,Shine Fashions (I),    28.8500,    31.5000,    28.8200,    31.5000,      12000,          3,              356680
VSWS,B,20260429,543245,,Gland Pharma,  1753.6500,  1776.8000,  1734.4000,  1737.1500,       1912,        300,             3354688
VSWS,B,20260429,543246,,Mirae Asst Nifty 100,    41.4700,    41.4700,    41.0900,    41.1500,        491,          7,               20277
VSWS,B,20260429,543248,,Restaurant Brands As,    64.3400,    66.3800,    64.1700,    65.8600,     120367,       1256,             7883197
VSWS,B,20260429,543249,,TARC,   135.5000,   136.9000,   131.2500,   132.1500,      18460,        304,             2466138
VSWS,B,20260429,543250,,M Oswal Nifty 5 Yr B,    62.6500,    64.3200,    62.6500,    63.5600,      21631,         65,             1375664
VSWS,B,20260429,543251,,Ravinder Heights,    42.5000,    44.9500,    42.5000,    43.2400,        117,          5,                5040
VSWS,B,20260429,543252,,Fairchem Organics,   564.5000,   580.0000,   563.0500,   574.7000,       1427,         72,              818401
VSWS,B,20260429,543253,,Mrs Bectors Food Spe,   199.3500,   200.0000,   197.0000,   197.2500,      18465,        541,             3661630
VSWS,B,20260429,543254,,Antony Waste Handlin,   511.2000,   521.1000,   507.9000,   512.9000,       6095,        325,             3126306
VSWS,B,20260429,543255,,Nippon INft InfraBee,   975.9500,   984.4900,   973.0000,   976.8800,       1705,        211,             1669609
VSWS,B,20260429,543256,,Rita Finance & Leasi,    16.5900,    16.5900,    15.8000,    15.8100,        279,          5,                4415
VSWS,B,20260429,543257,,Indian Railway Fin C,   105.2200,   106.0600,   104.8000,   105.0900,    1006107,       8498,           105974813
VSWS,B,20260429,543258,,Indigo Paints,   864.8500,   881.3000,   861.5000,   876.5500,       3745,        507,             3267460
VSWS,B,20260429,543259,,Home First Finance C,  1140.3500,  1160.0000,  1124.0000,  1155.8000,       4900,        633,             5597403
VSWS,B,20260429,543260,,Stove Kraft,   553.0500,   553.0500,   542.0500,   545.0000,       3060,        151,             1677789
VSWS,B,20260429,543262,,MRP Agro,    89.0000,    91.5000,    89.0000,    91.0000,      26000,          7,             2321400
VSWS,B,20260429,543263,,SMC Global Securitie,    65.9000,    69.9800,    65.7200,    67.8800,      15776,        178,             1074347
VSWS,B,20260429,543264,,Nureca,   267.6500,   271.3000,   260.6000,   265.1500,       5643,        197,             1502368
VSWS,B,20260429,543265,,RailTel Corporation,   333.3000,   334.4500,   324.7500,   326.3500,     149239,       3161,            48977824
VSWS,B,20260429,543266,,Heranba Industries,   226.0000,   228.1500,   221.8000,   222.4000,       3307,        110,              738547
VSWS,B,20260429,543267,,Davangere Sugar Co,     3.6500,     4.0300,     3.6100,     3.6600,    1890888,       3225,             7004959
VSWS,B,20260429,543268,,DRC Systems India,    15.3300,    15.7100,    14.2000,    14.6600,      11431,        123,              168941
VSWS,B,20260429,543270,,MTAR Technologies,  5379.0000,  5745.0000,  5317.0000,  5654.0000,      49397,       4773,           273454186
VSWS,B,20260429,543271,,Jubilant Ingrevia,   719.1000,   726.6000,   701.0000,   701.9500,      14776,        849,            10521639
VSWS,B,20260429,543272,,Easy Trip Planners,     8.0000,     8.0000,     7.8700,     7.9100,    1128177,       1816,             8928793
VSWS,B,20260429,543273,,Knowledge Marine & E,  1828.6000,  1828.6000,  1774.5000,  1801.3000,       6198,        669,            11144418
VSWS,B,20260429,543275,,Anupam Rasayan India,  1310.0000,  1319.8000,  1290.1000,  1295.4500,       5233,        367,             6842944
VSWS,B,20260429,543276,,Craftsman Automation,  7616.0500,  7800.0000,  7530.8500,  7744.1500,       1837,        446,            14117807
VSWS,B,20260429,543277,,Laxmi Organic Indust,   150.5000,   152.4500,   146.4500,   147.3000,      30219,        644,             4505628
VSWS,B,20260429,543278,,Kalyan Jewellers Ind,   413.9500,   420.5000,   409.6000,   412.3000,     151559,       2711,            62995702
VSWS,B,20260429,543279,,Suryoday Small Fin,   150.2000,   154.7000,   148.8500,   152.6500,       8427,        254,             1287535
VSWS,B,20260429,543280,,Nazara Technologies,   271.0000,   271.1000,   263.7000,   264.9000,      98666,       2243,            26262849
VSWS,B,20260429,543281,,Suvidhaa Infoserve,     3.0300,     3.0500,     2.9000,     2.9700,      31372,         37,               93316
VSWS,B,20260429,543283,,United Foodbrands,   337.8000,   347.7500,   329.3000,   340.0000,       5366,        364,             1823079
VSWS,B,20260429,543284,,EKI Energy Services,    90.0000,    93.2000,    90.0000,    92.5600,      17906,        244,             1659147
VSWS,B,20260429,543285,,Rajeshwari Cans,    17.7800,    18.1000,    17.1700,    18.1000,      20000,         40,              352656
VSWS,B,20260429,543287,,Lodha Developers,   883.5000,   921.0000,   882.3500,   913.3000,     176307,       7935,           160110394
VSWS,B,20260429,543288,,Deep Industries,   488.8000,   495.1000,   477.8000,   484.9500,       5593,        215,             2722166
VSWS,B,20260429,543291,,Mirae Asset NYSE FAN,   181.9300,   181.9300,   180.8000,   181.9300,      14554,        312,             2647803
VSWS,B,20260429,543292,,ICICI Pru Nifty Heal,   153.0000,   153.9700,   152.0000,   152.7400,       2824,        171,              433227
VSWS,B,20260429,543298,,Vineet Laboratories,    36.7500,    38.9300,    36.7500,    38.8300,      40436,        308,             1552173
VSWS,B,20260429,543299,,Shyam Metalics & Ene,   888.5000,   907.0000,   878.6500,   883.3500,      33171,       1590,            29566256
VSWS,B,20260429,543300,,Sona BLW Precision F,   605.0000,   611.0000,   596.0000,   599.3000,     142472,       5879,            86305698
VSWS,B,20260429,543306,,Dodla Dairy,  1141.0000,  1149.6500,  1113.0000,  1120.5500,       9389,       1004,            10665128
VSWS,B,20260429,543308,,Krishna Institute of,   667.9500,   672.0000,   660.0000,   665.3500,       9689,        990,             6454088
VSWS,B,20260429,543309,,Adeshwar Meditex,    15.4500,    15.4500,    15.4500,    15.4500,       6000,          1,               92700
VSWS,B,20260429,543311,,India Pesticides,   151.6500,   151.6500,   148.9500,   149.2500,       4634,        237,              693185
VSWS,B,20260429,543317,,G R Infraprojects,   911.7500,   918.2500,   897.9000,   910.5000,       7441,        914,             6768600
VSWS,B,20260429,543318,,Clean Science & Tech,   799.1000,   828.0000,   797.9500,   822.6500,      29947,       1519,            24363526
VSWS,B,20260429,543320,,Eternal,   265.0000,   265.2500,   252.9500,   254.0500,    6834280,      46563,          1766675091
VSWS,B,20260429,543321,,Tatva Chintan Pharma,  1324.7500,  1326.5500,  1291.4500,  1294.1500,       1232,        105,             1617807
VSWS,B,20260429,543322,,Alivus Life Sciences,  1010.0000,  1028.7000,   995.0000,  1005.4000,       5774,        493,             5839190
VSWS,B,20260429,543323,,Mirae Asset Nifty Fi,    26.8200,    26.9800,    26.7500,    26.8000,       8479,         69,              227749
VSWS,B,20260429,543324,,Gretex Corporate Ser,   332.2000,   370.0000,   332.2000,   346.9000,       1740,         66,              615706
VSWS,B,20260429,543325,,Rolex Rings,   148.0000,   151.5500,   146.0000,   146.6500,     160684,       1462,            23894076
VSWS,B,20260429,543326,,ICICI Pru Nifty FMCG,    55.2700,    55.5800,    54.5400,    55.2500,      44555,        182,             2459341
VSWS,B,20260429,543327,,Exxaro Tiles,     7.3200,     7.3200,     6.8100,     6.9000,      29173,        265,              202143
VSWS,B,20260429,543328,,Krsnaa Diagnostics,   603.8500,   605.2000,   578.0000,   580.1000,       1791,        255,             1050142
VSWS,B,20260429,543329,,Windlas Biotech,   867.1000,   867.1000,   850.2500,   852.3000,       1944,        145,             1669845
VSWS,B,20260429,543330,,Devyani Internationa,   113.3700,   129.9800,   111.2400,   127.5300,    1985196,      14920,           248870326
VSWS,B,20260429,543331,,Meghmani Organics,    52.6000,    53.1200,    49.7900,    49.9700,      87684,       1317,             4438417
VSWS,B,20260429,543332,,Epigral,  1236.9000,  1236.9000,  1192.0000,  1196.6000,       1496,        343,             1815595
VSWS,B,20260429,543333,,CarTrade Tech,  1675.8000,  1724.4500,  1641.5000,  1647.4000,      26780,       1987,            44940205
VSWS,B,20260429,543334,,Nuvoco Vistas Corpor,   293.0000,   293.7000,   286.2000,   287.1000,      25815,       1171,             7504401
VSWS,B,20260429,543335,,Aptus Value Hsg Fin,   258.9500,   267.8000,   256.0500,   265.6000,     103747,       2540,            27362117
VSWS,B,20260429,543336,,Chemplast Sanmar,   236.2000,   238.9000,   235.4500,   236.5000,       4666,        293,             1106878
VSWS,B,20260429,543341,,Sharpline Broadcast,    11.0900,    11.0900,    10.5100,    10.8800,        857,         21,                9299
VSWS,B,20260429,543346,,Aashka Hospitals,    73.5000,    73.5500,    73.5000,    73.5500,      39000,          3,             2868250
VSWS,B,20260429,543347,,Axis NIFTY IT ETF,   318.3600,   323.6300,   318.3600,   320.2500,        201,         16,               64562
VSWS,B,20260429,543348,,Axis NIFTY Healthcar,   152.9500,   152.9500,   150.8800,   152.7900,         57,          7,                8665
VSWS,B,20260429,543349,,Acutaas Chemicals,  2471.4500,  2519.9000,  2461.0500,  2500.5000,      21213,       1431,            52929430
VSWS,B,20260429,543350,,Vijaya Dignostic Cen,  1097.4000,  1116.9500,  1091.0000,  1112.8000,       6634,        638,             7328756
VSWS,B,20260429,543357,,Axis NIFTY India Con,   119.8400,   119.8400,   117.7900,   119.8200,        373,          3,               44084
VSWS,B,20260429,543358,,Sansera Engineering,  2599.3500,  2638.4000,  2544.1500,  2555.0000,       9345,        870,            24120998
VSWS,B,20260429,543363,,Prevest Denpro,   420.6000,   437.4500,   420.0000,   436.7000,       6000,         23,             2567160
VSWS,B,20260429,543364,,Markolines Pavement,   153.0500,   155.2000,   150.4000,   151.1500,      37750,        506,             5779793
VSWS,B,20260429,543365,,Mirae Asset S&P 500,    77.0400,    77.0400,    77.0400,    77.0400,       3183,         37,              245218
VSWS,B,20260429,543366,,SBL Infratech,    46.7000,    47.0000,    46.7000,    47.0000,       4800,          3,              225000
VSWS,B,20260429,543367,,Paras Defence & Spac,   813.9000,   835.0000,   801.6000,   810.8000,      72265,       3150,            59168366
VSWS,B,20260429,543373,,Shri Venkatesh Refin,   228.1000,   237.7000,   228.0000,   235.8500,       4000,          8,              919950
VSWS,B,20260429,543374,,Aditya Birla SL AMC,  1072.0000,  1076.0000,  1017.0000,  1022.7000,     440326,       1721,           467330439
VSWS,B,20260429,543376,,Samor Reality,    88.0000,    92.0000,    88.0000,    90.8100,      25140,        504,             2282245
VSWS,B,20260429,543378,,CWD,   311.2500,   311.2500,   292.0000,   292.3000,      19000,         17,             5648150
VSWS,B,20260429,543383,,ICICI Pru NIC ETF,   119.4600,   119.4600,   117.6900,   118.5100,         74,          5,                8795
VSWS,B,20260429,543384,,FSN E-Commerce Ventu,   271.3500,   271.5500,   266.6000,   267.9500,     142316,       3488,            38198250
VSWS,B,20260429,543386,,Fino Payments Bank,   134.7500,   138.7000,   133.0000,   134.4000,      29872,        436,             4052816
VSWS,B,20260429,543387,,SJS Enterprises,  1648.9500,  1740.0000,  1648.9500,  1733.1000,       7747,        913,            13123416
VSWS,B,20260429,543388,,DSP Nifty 50 Equal W,   339.3000,   339.3000,   339.3000,   339.3000,          9,          3,                3053
VSWS,B,20260429,543389,,Sigachi Industries,    20.2500,    21.0000,    19.9000,    20.1700,     156361,        571,             3161693
VSWS,B,20260429,543390,,PB Fintech,  1691.6000,  1713.0000,  1667.2000,  1682.2500,     168053,       2900,           285927535
VSWS,B,20260429,543396,,One 97 Communication,  1138.4500,  1145.0000,  1099.1000,  1105.1500,     119638,       4906,           134016704
VSWS,B,20260429,543397,,Sapphire Foods India,   174.5000,   209.7500,   173.2000,   209.0500,     800999,       9578,           160422162
VSWS,B,20260429,543398,,Latent View Analytic,   297.6000,   300.1000,   293.1000,   295.8500,      35922,       1348,            10653521
VSWS,B,20260429,543399,,Tarsons Products,   212.4500,   216.1000,   210.0000,   210.5500,       3242,        206,              687393
VSWS,B,20260429,543401,,Go Fashion (India),   318.1000,   318.1000,   300.5500,   303.4500,       4519,        260,             1389573
VSWS,B,20260429,543411,,Hi-Tech Pipes,    93.7700,    93.7700,    90.4400,    90.9800,      56904,        518,             5222978
VSWS,B,20260429,543412,,Star Health & Allied,   540.3000,   586.7500,   532.0000,   533.4000,     476681,      16571,           264927009
VSWS,B,20260429,543413,,Tega Industries,  1679.9500,  1679.9500,  1645.3000,  1650.6500,       1042,        246,             1732507
VSWS,B,20260429,543414,,Mirae Asset HS TECH,    23.8500,    23.8500,    23.7900,    23.8500,      25570,        372,              609518
VSWS,B,20260429,543415,,Anand Rathi Wealth,  3581.7000,  3636.0000,  3553.0500,  3586.2500,       9573,        902,            34347146
VSWS,B,20260429,543416,,Zodiac Energy,   363.0000,   363.0000,   329.0000,   337.9500,       1630,         59,              544970
VSWS,B,20260429,543417,,RateGain Travel Tech,   593.2000,   593.2000,   571.7000,   580.6000,      14241,        603,             8258585
VSWS,B,20260429,543418,,BHARAT Bond ETF-Ap32,  1318.3000,  1318.3000,  1318.3000,  1318.3000,          3,          1,                3954
VSWS,B,20260429,543419,,Shriram Properties,    87.9900,    88.5100,    85.8000,    86.2700,      77286,        522,             6755495
VSWS,B,20260429,543420,,Jet Freight Logistic,    20.9700,    21.1500,    20.5000,    20.5300,      19065,         59,              392131
VSWS,B,20260429,543425,,C E Info Systems,   928.5000,   940.3500,   924.5000,   930.2500,       5715,        519,             5334053
VSWS,B,20260429,543426,,Metro Brands,  1046.5000,  1064.5500,  1036.0500,  1041.6500,       1988,        310,             2076469
VSWS,B,20260429,543427,,Medplus Health Servi,   877.0500,   891.0000,   871.5000,   880.8500,       2601,        242,             2289083
VSWS,B,20260429,543428,,Data Patterns (I),  4110.9500,  4294.4500,  4069.5500,  4117.7000,     132696,      11666,           551555513
VSWS,B,20260429,543433,,HP Adhesives,    37.5200,    38.6000,    37.5200,    37.7800,       3892,         76,              147188
VSWS,B,20260429,543434,,Supriya Lifescience,   714.6000,   714.6000,   695.2500,   699.5500,       7334,        545,             5136572
VSWS,B,20260429,543437,,Motilal Oswal NasQ50,   125.1300,   125.1300,   125.0000,   125.1300,       2824,         74,              353360
VSWS,B,20260429,543438,,DSP Nifty Midc150 Ql,   242.8300,   242.8300,   240.7400,   240.7400,        256,          9,               61645
VSWS,B,20260429,543440,,DSP Nifty 50 ETF,   252.1000,   254.6200,   252.1000,   252.6000,        436,         41,              110459
VSWS,B,20260429,543441,,CMS Info Systems,   304.5500,   304.5500,   291.5000,   292.8000,      40321,       1579,            11926127
VSWS,B,20260429,543442,,Brand Concepts,   252.4500,   260.3000,   243.8500,   244.3500,        454,        169,              114305
VSWS,B,20260429,543449,,Wonder Electricals,   106.7900,   108.5900,   104.0000,   104.2700,      16122,        188,             1709743
VSWS,B,20260429,543450,,ICICI Pru Nifty Auto,    26.5400,    27.2800,    26.5400,    26.8800,      27188,        289,              736010
VSWS,B,20260429,543452,,ICICI Prudential Sil,   234.0500,   236.9000,   233.4400,   233.8000,     140092,       2106,            32940920
VSWS,B,20260429,543453,,Alkosign,    61.5100,    61.5100,    61.1200,    61.3800,       3375,          3,              207146
VSWS,B,20260429,543454,,Mirae Asset Nifty (I,   159.2200,   160.1700,   158.6100,   158.6700,       1314,         54,              209360
VSWS,B,20260429,543458,,AWL Agri Business,   211.2500,   211.4000,   198.6000,   200.2500,     468905,       7103,            94948361
VSWS,B,20260429,543460,,Quality RO Industrie,    60.9500,    60.9500,    60.9500,    60.9500,       3000,          1,              182850
VSWS,B,20260429,543461,,Safa Systems & Techn,    19.5000,    19.5000,    19.5000,    19.5000,       5000,          1,               97500
VSWS,B,20260429,543462,,Dev Information Tech,    32.8300,    32.9200,    31.9200,    32.2500,       2857,         70,               93233
VSWS,B,20260429,543463,,Vedant Fashions,   440.6500,   444.7000,   434.7000,   438.8500,      11896,       1424,             5221107
VSWS,B,20260429,543464,,Maruti Interior Prod,    83.3200,    83.3200,    83.3200,    83.3200,      50000,         23,             4166000
VSWS,B,20260429,543465,,MO Nifty 200 Momentu,    61.0800,    62.4400,    61.0400,    61.0900,       9382,         47,              582832
VSWS,B,20260429,543471,,Aditya Birla SunLife,   235.7400,   236.9200,   233.5400,   233.9600,      60764,       3555,            14305323
VSWS,B,20260429,543472,,Aditya Birla SLN IT,    31.5700,    32.0700,    31.5700,    31.7500,       4598,         26,              146752
VSWS,B,20260429,543473,,Aditya Birla SLNH ET,    15.1200,    15.4000,    15.1200,    15.3200,      15727,        103,              241527
VSWS,B,20260429,543474,,Aditya Birla SL NF 5,    27.2500,    28.3100,    27.2500,    28.1200,      37675,        385,             1058425
VSWS,B,20260429,543480,,ICICI Prud 5 Yr Benc,    64.4200,    64.4200,    64.4200,    64.4200,         15,          3,                 966
VSWS,B,20260429,543481,,Mirae Asset Nifty MC,    22.0900,    22.8800,    22.0900,    22.6700,     132909,        500,             3021220
VSWS,B,20260429,543482,,Eureka Forbes,   491.9500,   511.7500,   491.9500,   506.8500,       5693,        411,             2880824
VSWS,B,20260429,543489,,Gateway Distriparks,    57.5200,    58.5200,    57.5200,    57.6200,      21752,        750,             1262288
VSWS,B,20260429,543490,,GMR Power & Urban In,   106.8400,   108.8100,   106.4100,   107.2000,      95073,       1289,            10223970
VSWS,B,20260429,543497,,Bhatia Colour Chem,    66.1000,    70.5000,    65.1000,    65.1000,     130800,        183,             8633080
VSWS,B,20260429,543498,,Motherson Sumi Wirin,    38.9600,    40.1400,    37.9100,    39.5800,    3904576,      11347,           152053886
VSWS,B,20260429,543499,,Achyut Healthcare,     5.4900,     5.5500,     5.2200,     5.4700,      12224,         66,               66391
VSWS,B,20260429,543500,,Evoq Remedies,     3.7500,     3.7500,     3.5800,     3.6100,      36000,          9,              131000
VSWS,B,20260429,543512,,AVRO India,   132.9000,   133.0000,   125.5000,   126.7000,       2057,        129,              260907
VSWS,B,20260429,543513,,Uma Exports,    26.5000,    26.5000,    25.2100,    25.3000,       6882,         33,              176685
VSWS,B,20260429,543514,,Veranda Learning Sol,   189.3500,   199.7500,   184.4500,   197.0000,      38295,        818,             7383719
VSWS,B,20260429,543515,,Sunrise Efficient Ma,    64.9800,    64.9800,    62.6000,    62.6000,      10125,         18,              634736
VSWS,B,20260429,543516,,Dhyaani Tradeventtur,     5.6000,     5.8900,     5.6000,     5.6300,     103600,         25,              583240
VSWS,B,20260429,543517,,Hariom Pipe Industri,   327.2000,   336.2500,   322.6000,   330.5500,      30526,        556,            10064166
VSWS,B,20260429,543520,,Global Longlife Hosp,    13.3800,    13.4000,    13.3500,    13.3500,      18000,         12,              240600
VSWS,B,20260429,543522,,Nanavati Ventures,   107.2000,   110.0000,   107.2000,   109.1500,      39000,         23,             4258350
VSWS,B,20260429,543523,,Campus Activewear,   252.3000,   255.0500,   249.9500,   253.9500,       4305,        268,             1089559
VSWS,B,20260429,543524,,Rainbow Children's M,  1266.9000,  1269.0500,  1246.0000,  1260.0000,       4994,        263,             6277668
VSWS,B,20260429,543525,,Silver Touch Technol,   158.0000,   161.6000,   154.8000,   161.6000,     151599,        981,            24282948
VSWS,B,20260429,543526,,Life Insurance Corp,   825.0500,   826.0000,   810.6000,   812.2500,      51961,       3289,            42520862
VSWS,B,20260429,543527,,Prudent Corporate Ad,  2819.1000,  2871.3500,  2816.4500,  2860.2000,       7371,        388,            21061971
VSWS,B,20260429,543528,,Venus Pipes & Tubes,  1421.8500,  1427.0000,  1385.9000,  1393.8000,       3580,        255,             5034720
VSWS,B,20260429,543529,,Delhivery,   466.8500,   472.4500,   463.8000,   466.0500,     106546,       3019,            49841887
VSWS,B,20260429,543530,,Paradeep Phosphates,   135.0500,   135.5500,   130.6500,   131.0500,     208062,       1322,            27586069
VSWS,B,20260429,543531,,Tierra Agrotech,    44.9800,    47.0000,    42.1400,    46.2500,       3061,         39,              137895
VSWS,B,20260429,543532,,Ethos,  2609.4000,  2609.4000,  2425.0000,  2443.7500,       4007,        645,             9954133
VSWS,B,20260429,543533,,eMudhra,   491.3500,   502.1500,   488.2500,   489.5000,       5598,        440,             2758057
VSWS,B,20260429,543534,,Aether Industries,  1174.4000,  1179.2000,  1152.3000,  1164.7500,       9037,        681,            10549440
VSWS,B,20260429,543535,,WE WIN Ltd,    54.7000,    59.9900,    53.6600,    54.1400,        703,         17,               40436
VSWS,B,20260429,543538,,Goel Food Products,    18.0000,    18.0000,    17.1500,    17.1500,      24000,         12,              413440
VSWS,B,20260429,543539,,Modis Navnirman,   395.8500,   395.8500,   376.3500,   382.3000,        677,         44,              261294
VSWS,B,20260429,543540,,Pearl Green Clubs &,   139.0000,   144.0000,   139.0000,   143.9000,       3600,          6,              515250
VSWS,B,20260429,543542,,Kesar India,  1258.0000,  1259.1000,  1220.0000,  1229.8500,      19000,         49,            23578720
VSWS,B,20260429,543543,,B-Right Realestate,   950.0000,   970.0000,   921.5000,   968.7500,       5600,         12,             5237760
VSWS,B,20260429,543544,,Jayant Infratech,    60.0000,    60.0000,    54.0000,    58.5000,      13500,         11,              766425
VSWS,B,20260429,543545,,Veerkrupa Jewellers,     0.6800,     0.6800,     0.6700,     0.6700,      83500,          5,               56446
VSWS,B,20260429,543546,,Healthy Life Agritec,     7.2400,     7.9600,     7.2200,     7.8600,     108000,         44,              825880
VSWS,B,20260429,543547,,Ddev Plastiks Indust,   252.9000,   262.5000,   247.8000,   253.1500,      10788,        440,             2750421
VSWS,B,20260429,543563,,M Oswal BSE Health,    45.4200,    45.4200,    44.8700,    44.9500,       6415,         29,              289074
VSWS,B,20260429,543568,,ICICI Pru Nifty 200,    31.0200,    31.3100,    30.9400,    30.9700,      39835,        281,             1240529
VSWS,B,20260429,543569,,HDFC Nifty 100 ETF,    25.8500,    26.1000,    25.7200,    26.0200,       3310,         10,               85348
VSWS,B,20260429,543570,,HDFC Nifty Next 50 E,    72.1800,    72.5900,    71.7700,    72.0100,       1995,         83,              143848
VSWS,B,20260429,543571,,ICICI Prud Nifty Inf,    97.3400,    98.0000,    97.2100,    97.2800,       5917,         48,              578037
VSWS,B,20260429,543572,,DSP Silver ETF,   227.0000,   228.8800,   225.4500,   225.9400,       3918,        131,              890821
VSWS,B,20260429,543573,,Syrma SGS Technology,   978.2500,   996.0000,   963.0000,   975.0000,      29946,       1490,            29265913
VSWS,B,20260429,543574,,AB SL Nifty 200 Q 30,    20.5300,    21.3000,    20.5300,    21.0500,       5990,         40,              126591
VSWS,B,20260429,543575,,AB SL Nfty 200 Momen,    30.0000,    31.1900,    30.0000,    30.7700,       3286,         30,              100741
VSWS,B,20260429,543576,,M Oswal BSE Enhanced,   119.4400,   120.5000,   119.0100,   119.3300,       1393,         70,              166641
VSWS,B,20260429,543577,,Motilal Oswal BSE Qu,   204.2100,   204.2100,   203.2600,   203.2600,         27,          4,                5489
VSWS,B,20260429,543590,,Rhetan TMT,    29.4100,    29.8800,    29.2500,    29.7700,      72894,        267,             2155337
VSWS,B,20260429,543591,,Dreamfolks Services,    82.4300,    83.3900,    81.4600,    81.7400,       6785,        144,              561970
VSWS,B,20260429,543592,,HDFC Silver ETF,   230.1900,   230.1900,   222.1900,   224.3300,     210389,       4888,            47538791
VSWS,B,20260429,543593,,Dhampur Bio Organics,   120.9500,   120.9500,   119.0000,   119.6000,       1106,         17,              131921
VSWS,B,20260429,543594,,Dipna Pharmachem,     8.2500,     8.2500,     8.0000,     8.1500,      51000,         10,              413010
VSWS,B,20260429,543596,,Tamilnad Mercantile,   746.5000,   768.1500,   731.5500,   745.6000,      69526,       3218,            52228474
VSWS,B,20260429,543597,,Virtuoso Optoelectro,   400.0000,   402.7000,   385.5500,   389.9500,      58250,        131,            22948237
VSWS,B,20260429,543599,,Ksolves India,   322.9000,   350.0000,   322.9000,   337.5000,      11878,        529,             4040733
VSWS,B,20260429,543600,,Harsha Engg Internat,   388.2500,   401.0000,   381.9500,   393.8000,       4660,        211,             1821478
VSWS,B,20260429,543605,,HDFC Nifty 100 Quali,    57.4900,    57.8200,    57.4900,    57.7500,       1796,         30,              103476
VSWS,B,20260429,543606,,Containe Technologie,    34.3100,    34.3100,    34.3100,    34.3100,      10000,          9,              343100
VSWS,B,20260429,543607,,HDFC Nifty Growth Se,   114.6000,   115.4800,   114.5800,   114.9000,        195,         48,               22403
VSWS,B,20260429,543608,,HDFC Nfty50 Value 20,   131.4900,   131.4900,   130.4000,   130.4200,        209,          4,               27260
VSWS,B,20260429,543614,,Tips Films,   377.8500,   385.0000,   369.5500,   378.8000,       1355,         60,              507141
VSWS,B,20260429,543615,,Silicon Rental Solut,   100.0000,   104.9900,    98.9000,    98.9000,       6400,          8,              641528
VSWS,B,20260429,543616,,Trident Lifeline,   252.5000,   252.9500,   248.0000,   250.5500,      26400,         40,             6617910
VSWS,B,20260429,543618,,Cargotrans Maritime,   170.0000,   170.0000,   151.0000,   155.0000,      70500,         37,            10762350
VSWS,B,20260429,543619,,Concord Control Syst,  2542.0500,  2659.9000,  2526.0000,  2620.5000,       9800,         42,            25364080
VSWS,B,20260429,543620,,Insolation Energy,   161.4800,   161.9700,   151.0000,   152.3100,     176015,       2020,            27350623
VSWS,B,20260429,543621,,Cargosol Logistics,    19.5000,    19.5000,    19.5000,    19.5000,       4000,          1,               78000
VSWS,B,20260429,543622,,Steelman Telecom,    62.0000,    70.0000,    61.1000,    70.0000,       6000,          5,              380520
VSWS,B,20260429,543626,,Electronics Mart (I),   125.0000,   129.1500,   123.1200,   127.1900,     357371,       4107,            45386802
VSWS,B,20260429,543628,,HDFC Nifty 200 Momen,    30.8000,    31.0000,    30.5900,    30.7300,      10782,         71,              331987
VSWS,B,20260429,543635,,Piramal Pharma,   163.7500,   168.7000,   159.6500,   160.1500,     407414,       4277,            66925061
VSWS,B,20260429,543636,,DC Infotech & Commun,   292.1500,   292.1500,   286.1500,   286.6000,        610,         31,              176794
VSWS,B,20260429,543637,,Pace E-Commerce Vent,    18.7400,    18.7400,    17.3100,    17.5200,       6000,          5,              106032
VSWS,B,20260429,543638,,Tracxn Technologies,    32.7900,    33.4500,    32.5700,    32.7500,       5457,        137,              180031
VSWS,B,20260429,543643,,Narmada Agrobase,    33.3500,    34.2100,    33.3500,    33.8100,       7432,        214,              251416
VSWS,B,20260429,543644,,InfoBeans Technologi,   199.2500,   199.2500,   174.3500,   178.7500,     131867,       2406,            24227398
VSWS,B,20260429,543650,,DCX Systems,   202.0500,   208.9500,   197.8500,   199.4000,      75701,       1535,            15406207
VSWS,B,20260429,543652,,Fusion Finance,   184.2000,   196.0000,   183.2000,   189.5000,      31311,       1087,             5981994
VSWS,B,20260429,543653,,Bikaji Foods Interna,   681.0000,   698.1500,   678.0000,   691.1000,       6577,        567,             4534557
VSWS,B,20260429,543654,,Global Health,  1187.5000,  1187.5000,  1132.3000,  1146.7000,       5670,        783,             6510568
VSWS,B,20260429,543657,,Archean Chemical Ind,   611.9500,   627.3500,   610.4500,   620.3500,       3397,        321,             2097371
VSWS,B,20260429,543663,,Five-Star Business F,   492.5500,   502.0000,   474.1000,   498.5500,     447101,      10147,           217329739
VSWS,B,20260429,543664,,Kaynes Technology I,  4130.0000,  4208.8500,  4098.1500,  4110.7000,      48150,       4493,           199842846
VSWS,B,20260429,543665,,HDFC Nifty IT ETF,    30.6200,    31.3700,    30.4200,    31.1100,       5316,         74,              165898
VSWS,B,20260429,543666,,HDFC Nifty Pvt Bank,    27.1700,    27.3500,    26.9400,    27.3500,       3305,          7,               89111
VSWS,B,20260429,543667,,Inox Green Energy Se,   182.5500,   185.5000,   177.2000,   183.9000,     151701,       2432,            27519141
VSWS,B,20260429,543668,,B&B Triplewall Conta,   202.0000,   202.0000,   197.0000,   201.0000,        260,         18,               52480
VSWS,B,20260429,543669,,Keystone Realtors,   396.9000,   404.1500,   396.9000,   398.3500,        642,         54,              256596
VSWS,B,20260429,543670,,Vinny Overseas,     1.1700,     1.1700,     1.1600,     1.1700,      13904,         29,               16134
VSWS,B,20260429,543671,,AAA Technologies,   101.0000,   101.0000,    98.4300,    99.4700,       1879,        127,              186242
VSWS,B,20260429,543677,,ICICI Pru Nif Fin Se,    31.7200,    32.0800,    31.4500,    31.7200,       6098,        116,              194011
VSWS,B,20260429,543678,,Ambo Agritec,    18.7000,    18.7000,    17.5000,    17.5000,      16000,         10,              281310
VSWS,B,20260429,543686,,Sirca Paints India,   435.0000,   436.6000,   426.5000,   427.0500,       9171,        304,             3959210
VSWS,B,20260429,543687,,Dharmaj Crop Guard,   256.0000,   258.5000,   254.8500,   256.0500,        187,         18,               48116
VSWS,B,20260429,543688,,Sarveshwar Foods,     3.9500,     4.0400,     3.9500,     4.0300,     157700,        292,              630195
VSWS,B,20260429,543689,,Uniparts India,   537.0000,   558.9500,   534.9500,   539.6500,      28802,       1742,            15743629
VSWS,B,20260429,543699,,BHARAT Bond ETF-Apri,  1277.5000,  1277.5000,  1277.5000,  1277.5000,         30,          2,               38325
VSWS,B,20260429,543709,,PNGS Gargi Fashion J,   876.6000,   973.9000,   876.6000,   950.5000,      33125,        186,            31265756
VSWS,B,20260429,543710,,ICICI Pru Nfty Commo,   105.8100,   106.9900,   104.0900,   105.1300,      11278,        123,             1192156
VSWS,B,20260429,543711,,Sula Vineyards,   178.2000,   180.1000,   175.0000,   175.9000,      21949,        633,             3894606
VSWS,B,20260429,543712,,Abans Financial Ser,   201.3000,   204.1000,   201.0500,   201.5000,        541,         13,              108990
VSWS,B,20260429,543713,,Droneacharya Aerial,    36.9700,    36.9700,    35.8400,    36.1500,      40000,         37,             1455280
VSWS,B,20260429,543714,,Landmark Cars,   420.4500,   421.9500,   407.7000,   409.7000,       3355,        173,             1385099
VSWS,B,20260429,543720,,KFin Technologies,   966.7500,   986.0000,   958.6500,   977.2500,      27062,       1478,            26285326
VSWS,B,20260429,543725,,Elin Electronics,   122.2100,   125.0200,   121.7900,   123.7100,      17047,        558,             2102655
VSWS,B,20260429,543732,,Radiant Cash Mgnt Se,    42.9400,    43.4300,    42.4000,    42.6800,       6766,        246,              290623
VSWS,B,20260429,543737,,Aveer Foods,   532.5500,   570.0000,   532.5500,   570.0000,         11,          2,                5895
VSWS,B,20260429,543738,,DSP Nifty Bank ETF,    56.7500,    56.8100,    56.5300,    56.5300,        160,          3,                9081
VSWS,B,20260429,543743,,Aeroflex Neu,    78.4200,    90.4000,    77.1600,    86.1100,       4439,        265,              380385
VSWS,B,20260429,543745,,SVS Ventures,    10.5000,    11.0000,    10.5000,    10.8500,     264000,         38,             2899020
VSWS,B,20260429,543746,,Logica Infoway,   200.0000,   209.0000,   191.0000,   204.6500,      16800,         21,             3318930
VSWS,B,20260429,543747,,Kamdhenu Ventures,     5.4800,     5.6000,     5.3700,     5.4000,      23263,        100,              127637
VSWS,B,20260429,543748,,Aarti Pharmalabs,   720.0000,   740.0000,   702.6500,   709.4500,       9438,        636,             6824985
VSWS,B,20260429,543754,,Transvoy Logistics I,   103.0500,   103.2100,   103.0500,   103.0500,       4000,          4,              412448
VSWS,B,20260429,543766,,Ashika Credit Capita,   402.0000,   402.0000,   390.1000,   393.8000,      55698,        770,            22178309
VSWS,B,20260429,543767,,Bodhi Tree Multimedi,     6.3000,     6.5000,     6.0900,     6.4900,       9821,         68,               62000
VSWS,B,20260429,543768,,NMDC Steel,    41.6800,    42.9000,    41.2100,    42.5300,     487740,       2279,            20662097
VSWS,B,20260429,543774,,HDFC BSE 500 ETF,    37.0000,    37.0000,    36.4600,    36.8200,        628,         24,               23077
VSWS,B,20260429,543775,,HDFC NIFTY Smallcap,   169.5500,   169.8800,   168.7200,   168.8500,      56989,        730,             9649218
VSWS,B,20260429,543776,,HDFC NIFTY Midcap 15,    21.9300,    22.7300,    21.9300,    22.3700,      30116,        257,              679812
VSWS,B,20260429,543781,,Mirae Asset Gold ETF,   144.0600,   144.2600,   142.6000,   142.8400,      23346,        722,             3350041
VSWS,B,20260429,543782,,Sealmatic India,   420.3500,   432.0000,   420.3500,   423.6500,       5040,         28,             2141352
VSWS,B,20260429,543787,,Macfos,  1010.0000,  1061.3000,  1010.0000,  1019.5000,      81015,        344,            83942223
VSWS,B,20260429,543798,,Patron Exim,     2.5700,     2.5700,     2.4500,     2.4500,      32000,          6,               79360
VSWS,B,20260429,543805,,Resgen,    60.7600,    62.9900,    60.7600,    62.2500,      21750,         11,             1355407
VSWS,B,20260429,543806,,ITCONS E-Solutions,   357.2000,   364.7000,   346.6000,   359.8000,      12000,         36,             4299470
VSWS,B,20260429,543811,,Airan,    17.9900,    17.9900,    17.0000,    17.1600,      17047,        181,              292838
VSWS,B,20260429,543812,,Divgi Torqtransfer S,   748.0000,   750.0000,   722.2000,   733.1500,        989,        114,              727228
VSWS,B,20260429,543813,,Aditya Birla SL Cris,   999.9900,  1000.0100,   999.9900,   999.9900,       3024,         10,             3024002
VSWS,B,20260429,543814,,Prospect Consumer Pr,    48.0000,    48.0000,    48.0000,    48.0000,       1000,          1,               48000
VSWS,B,20260429,543819,,ICICI Prud Nifty PSU,    89.0000,    89.0000,    86.7800,    87.0400,      12215,         91,             1066690
VSWS,B,20260429,543828,,Sudarshan Pharma Ind,    30.9900,    30.9900,    30.0000,    30.0000,      12000,          3,              363960
VSWS,B,20260429,543829,,Global Surfaces,    56.0000,    57.7400,    56.0000,    57.3600,        346,         60,               19742
VSWS,B,20260429,543830,,Labelkraft Technolog,    60.1000,    60.1000,    60.1000,    60.1000,       2000,          1,              120200
VSWS,B,20260429,543848,,Dev Labtech Venture,   103.0000,   103.0000,   102.0000,   102.0000,       3000,          3,              308000
VSWS,B,20260429,543853,,Axis S&P BSE Sensex,    79.5400,    79.9400,    79.5000,    79.9400,        121,          6,                9650
VSWS,B,20260429,543861,,Udayshivakumar Infra,    24.8900,    24.8900,    23.5200,    24.7800,       2847,          9,               69941
VSWS,B,20260429,543895,,Exhicon Events Media,   535.9500,   535.9500,   508.0000,   509.3500,      26000,         94,            13567375
VSWS,B,20260429,543896,,Avalon Technologies,  1050.0000,  1067.0000,  1028.8000,  1061.2000,       8499,        812,             8929589
VSWS,B,20260429,543898,,BEML Land Assets,   184.0500,   192.0500,   184.0500,   189.9000,        895,         48,              170245
VSWS,B,20260429,543900,,UTI Silver ETF,   228.0300,   229.5200,   226.0200,   226.4900,      45487,       2904,            10360060
VSWS,B,20260429,543901,,Robust Hotels,   183.1000,   183.1000,   183.0500,   183.1000,         45,          3,                8238
VSWS,B,20260429,543902,,Retina Paints,    54.1500,    58.8000,    54.1500,    57.1000,      38000,         12,             2191960
VSWS,B,20260429,543903,,DSP Gold ETF,   143.8000,   144.3300,   142.6400,   142.6600,       3557,       2446,              511490
VSWS,B,20260429,543904,,Mankind Pharma,  2269.9500,  2300.0000,  2244.0500,  2254.6000,       8030,       1133,            18211670
VSWS,B,20260429,543905,,Innokaiz India,    14.9200,    16.4800,    14.9200,    16.4800,      27200,          6,              417440
VSWS,B,20260429,543910,,AVG Logistics,   170.0000,   171.0500,   165.4000,   165.8500,       1560,        144,              260514
VSWS,B,20260429,543911,,Atal Realtech,    25.9900,    26.4300,    25.6200,    25.6800,      58312,        202,             1504379
VSWS,B,20260429,543912,,Power & Instrumentat,   113.1000,   115.2800,   112.1000,   113.0000,       1679,         80,              189902
VSWS,B,20260429,543914,,Swati Projects,    35.6600,    36.9500,    35.1000,    35.3600,       3350,         68,              120022
VSWS,B,20260429,543915,,Pavna Industries,    20.7000,    20.7000,    20.0000,    20.0000,       3544,         25,               71118
VSWS,B,20260429,543916,,Hemant Surgical Indu,   299.9500,   315.0000,   299.8000,   303.9500,      48400,         79,            14727980
VSWS,B,20260429,543917,,Sigma Solve,    48.0000,    48.0000,    44.4600,    44.7300,       7083,         76,              318891
VSWS,B,20260429,543918,,GHCL Textiles,    85.7600,    91.1600,    85.0100,    89.7300,      73800,       2869,             6542409
VSWS,B,20260429,543919,,M K Proteins,     5.5500,     5.5500,     5.2000,     5.3800,      21879,         54,              116283
VSWS,B,20260429,543920,,CFF Fluid Control,   835.0000,   849.0000,   816.5500,   841.2500,      32200,        151,            26934830
VSWS,B,20260429,543922,,Mirae Asset Silver E,   225.9800,   231.1400,   225.3000,   228.1500,       7179,       3473,             1648608
VSWS,B,20260429,543923,,IKIO Technologies,   158.7500,   178.0500,   155.0500,   163.7000,     737397,      11123,           125622334
VSWS,B,20260429,543926,,Bizotic Commercial,   861.6000,   888.9000,   861.5000,   888.4500,       2400,          6,             2100840
VSWS,B,20260429,543927,,Asian Warehousing,    35.7500,    36.5000,    34.8500,    35.0700,        442,          7,               15640
VSWS,B,20260429,543928,,Cosmic CRF,   775.5000,   787.6000,   733.0000,   753.5000,      12000,         98,             9153120
VSWS,B,20260429,543929,,HMA Agro Industries,    24.8800,    24.8800,    24.0000,    24.0300,       5048,         77,              122273
VSWS,B,20260429,543930,,Uravi Defence & Tech,   140.2500,   141.0000,   138.0000,   140.0000,       4436,         38,              616918
VSWS,B,20260429,543931,,Veefin Solutions,   274.0000,   280.0000,   268.0000,   278.9500,      21600,         88,             5923710
VSWS,B,20260429,543932,,Ideaforge Technology,   578.4000,   622.4000,   578.0000,   601.9000,     180080,       6815,           109251606
VSWS,B,20260429,543933,,Cyient DLM,   395.6500,   400.6500,   390.6000,   395.5000,      14129,        993,             5583683
VSWS,B,20260429,543935,,DSP Nifty IT ETF,    30.7100,    31.0900,    30.6900,    31.0100,       2072,         10,               63937
VSWS,B,20260429,543936,,Senco Gold,   319.5500,   323.7000,   315.5000,   317.2500,      18983,       1155,             6055281
VSWS,B,20260429,543938,,Acceleratebs India,   120.4500,   121.0000,   120.4500,   120.4500,       4480,          7,              540320
VSWS,B,20260429,543939,,Kaka Industries,   173.3000,   173.3000,   170.1500,   171.0500,       6000,         12,             1029525
VSWS,B,20260429,543940,,Jio Financial Servic,   252.0000,   256.9500,   250.1000,   250.6500,    1843022,      16068,           467823457
VSWS,B,20260429,543941,,Ahasolar Technologie,    95.5000,    95.5000,    90.2500,    90.2500,       4000,         10,              367280
VSWS,B,20260429,543942,,Utkarsh Small Financ,    14.0300,    14.8600,    14.0000,    14.7000,     985062,       3020,            14400214
VSWS,B,20260429,543943,,Asarfi Hospital,   219.0500,   220.4500,   215.0000,   217.2000,      19000,         19,             4135050
VSWS,B,20260429,543944,,Mirae Asset Nifty Ba,   563.0000,   570.0000,   562.2900,   563.6200,        172,         62,               97345
VSWS,B,20260429,543945,,Netweb Technologies,  4076.8000,  4175.0000,  3980.0000,  4027.8000,      83549,       7084,           340976545
VSWS,B,20260429,543946,,Mirae Asset Nfty 1 D,  1000.0000,  1000.0100,  1000.0000,  1000.0000,      10637,         28,            10637001
VSWS,B,20260429,543947,,DSP BSE Sensex ETF,    79.6900,    79.7200,    79.6900,    79.7200,         30,          3,                2391
VSWS,B,20260429,543948,,DSP Nifty PSU Bank,    87.2800,    88.3600,    86.7300,    87.1700,        857,         45,               74994
VSWS,B,20260429,543949,,DSP Nifty Pvt Bank E,    26.5900,    27.1100,    26.3800,    26.7100,       6210,         19,              164146
VSWS,B,20260429,543950,,Yatharth Hosp & Trau,   789.9500,   808.0000,   774.1000,   803.8500,      21995,       1180,            17431424
VSWS,B,20260429,543952,,NIIT Learning System,   317.1500,   328.0000,   315.9500,   326.3500,       1129,         94,              363187
VSWS,B,20260429,543953,,Khazanchi Jewellers,   677.0000,   677.0000,   659.5000,   666.6500,      25250,         79,            16914787
VSWS,B,20260429,543954,,Allcargo Terminals,    26.1300,    26.1300,    25.5900,    25.6100,       8149,         68,              210961
VSWS,B,20260429,543955,,Transindia Real Est,    27.4900,    27.5400,    26.9000,    26.9500,       1507,         33,               40707
VSWS,B,20260429,543956,,ICICI Pru Nfty 200 Q,    20.6200,    21.0500,    20.6200,    20.9500,        994,         11,               20813
VSWS,B,20260429,543957,,Redtape,   132.1000,   132.1000,   128.3000,   130.2000,      59904,        494,             7783957
VSWS,B,20260429,543958,,VL E-Governance & IT,    15.8900,    15.8900,    15.0100,    15.2200,       3839,         46,               58886
VSWS,B,20260429,543959,,SBFC Finance,    95.8000,    95.9800,    93.7800,    94.1200,    2486745,       1252,           234988880
VSWS,B,20260429,543960,,Concord Biotech,  1075.0000,  1162.4000,  1075.0000,  1131.9000,      37852,       2696,            42880435
VSWS,B,20260429,543962,,D P Wires,   187.1000,   189.8000,   182.3000,   183.0000,        302,         28,               55944
VSWS,B,20260429,543963,,Shelter Pharma,    29.3000,    30.9200,    29.3000,    30.6000,      24000,          8,              727380
VSWS,B,20260429,543965,,TVS Supply Chain Sol,   118.0000,   120.0000,   114.2000,   114.8300,      16034,        321,             1878766
VSWS,B,20260429,543969,,Pyramid Technoplast,   173.5000,   174.0000,   168.2000,   170.0500,        855,         46,              145400
VSWS,B,20260429,543971,,Bondada Engineering,   364.8000,   367.9500,   343.4000,   351.0000,     316600,       1046,           113606670
VSWS,B,20260429,543972,,Aeroflex Industries,   296.7500,   310.0000,   290.0000,   305.1000,     155383,       2798,            47035559
VSWS,B,20260429,543973,,HDFC Nifty 1D Rate L,  1058.2800,  1058.2800,  1058.2600,  1058.2700,          3,          2,                3174
VSWS,B,20260429,543974,,Vishnu Prakash R Pun,    48.0500,    50.5000,    44.6400,    45.2400,     198394,       1706,             9468627
VSWS,B,20260429,543976,,Shradha AI Technolog,    29.2500,    30.7500,    29.2500,    30.1700,       8287,        109,              251046
VSWS,B,20260429,543977,,Rishabh Instruments,   475.7500,   494.0000,   475.7500,   484.4000,       2713,        173,             1321828
VSWS,B,20260429,543978,,Ratnaveer Precision,   162.9000,   187.6000,   157.1500,   168.4000,     676901,       6173,           117192195
VSWS,B,20260429,543979,,Kahan Packaging,    41.0000,    41.0000,    41.0000,    41.0000,       1600,          1,               65600
VSWS,B,20260429,543980,,Jupiter Life Line Ho,  1242.4000,  1250.9500,  1235.0000,  1238.0000,        436,         88,              541847
VSWS,B,20260429,543981,,R R Kabel,  1611.5000,  1650.7000,  1590.7000,  1637.4000,      70529,       6206,           114550731
VSWS,B,20260429,543982,,Quest Flow Controls,   201.6500,   213.1500,   199.2500,   213.1500,      39800,         54,             8400270
VSWS,B,20260429,543983,,EMS,   361.6500,   363.9000,   351.1500,   352.0500,      15740,        563,             5615098
VSWS,B,20260429,543984,,Samhi Hotels,   159.7000,   161.9000,   158.6500,   159.1000,      33397,        501,             5343002
VSWS,B,20260429,543985,,Zaggle Prepaid Ocean,   256.9500,   256.9500,   243.0000,   243.8000,      42623,       1238,            10531064
VSWS,B,20260429,543986,,South West Pinnacle,   240.8500,   246.4000,   237.4000,   239.7000,       7454,        279,             1795847
VSWS,B,20260429,543988,,Nuvama Wealth Manage,  1379.4500,  1388.9000,  1341.5500,  1346.8000,       5150,        676,             7003298
VSWS,B,20260429,543989,,Sai Silks (Kalamandi,   103.5700,   104.8400,   102.0100,   102.1400,      23253,        394,             2405395
VSWS,B,20260429,543990,,Signatureglobal (Ind,   870.0000,   872.8000,   853.1500,   862.3000,      19690,        751,            17023694
VSWS,B,20260429,543991,,Techknowgreen Soluti,   120.0000,   123.0000,   118.0100,   123.0000,       4800,         11,              583232
VSWS,B,20260429,543992,,Yatra Online,   110.6000,   111.7800,   109.4100,   110.2500,      67576,        776,             7467615
VSWS,B,20260429,543993,,ARCL Organics,   201.2500,   209.8000,   194.2500,   207.0000,        506,         29,              101981
VSWS,B,20260429,543994,,JSW Infrastructure,   284.7000,   286.2500,   272.0000,   273.0000,      70531,       2500,            19630081
VSWS,B,20260429,543995,,Manoj Vaibhav Gems N,   181.4000,   181.7000,   176.2000,   177.0000,       3482,        292,              624019
VSWS,B,20260429,543996,,Updater Services,   162.0000,   162.0000,   157.0000,   158.1000,       6386,        183,             1024328
VSWS,B,20260429,543997,,Organic Recycling Sy,   271.3000,   271.3000,   250.0000,   250.2500,      61800,         96,            15972870
VSWS,B,20260429,543998,,Valiant Laboratories,    80.0000,    82.3600,    80.0000,    81.7000,       2271,         93,              184929
VSWS,B,20260429,543999,,Mirae Asset S&P BSE,    79.2400,    79.9300,    79.2400,    79.5700,       2859,         17,              228437
VSWS,B,20260429,544001,,Sunita Tools,   856.0000,   868.0000,   856.0000,   865.8000,       8125,         35,             7001043
VSWS,B,20260429,544003,,Plaza Wires,    41.5300,    41.5700,    40.7800,    40.9400,       2244,        244,               92097
VSWS,B,20260429,544004,,IRM Energy,   346.1500,   365.7500,   339.1500,   357.7000,    1380204,      13045,           484608544
VSWS,B,20260429,544006,,Mirae Asset Nifty IT,    30.6800,    31.0000,    30.6800,    30.7800,       9749,        138,              300985
VSWS,B,20260429,544007,,Mirae Ass Nft 200 Al,    25.2800,    25.5300,    25.2000,    25.2700,       8664,         90,              219788
VSWS,B,20260429,544008,,Max Estates,   406.7000,   406.7000,   396.0000,   399.6500,       1370,         80,              552869
VSWS,B,20260429,544009,,Blue Jet Healthcare,   448.6000,   455.3500,   438.6000,   445.1500,      18423,        579,             8187987
VSWS,B,20260429,544010,,SBI Nifty 1D Rate ET,  1000.0100,  1000.0100,  1000.0100,  1000.0100,        100,          1,              100001
VSWS,B,20260429,544012,,Cello World,   421.4500,   422.6000,   415.3000,   420.0500,      10020,        528,             4193490
VSWS,B,20260429,544014,,Honasa Consumer,   348.9500,   351.1500,   344.8000,   346.1500,       9119,        494,             3168475
VSWS,B,20260429,544015,,Mish Designs,    45.8300,    45.8300,    45.8300,    45.8300,       1000,          2,               45830
VSWS,B,20260429,544020,,ESAF Small Finance B,    25.2500,    26.1000,    25.2500,    25.8700,      77600,        449,             2006586
VSWS,B,20260429,544021,,Protean eGov Technol,   536.0000,   547.6000,   531.8500,   533.4500,      26291,       1129,            14220080
VSWS,B,20260429,544022,,ASK Automotive,   451.0000,   453.0000,   435.1000,   437.5000,       6028,        427,             2706604
VSWS,B,20260429,544023,,Kalyani Cast-Tech,   724.0000,   735.0000,   692.3000,   700.0000,       6750,         24,             4819150
VSWS,B,20260429,544025,,Arrowhead Seperation,    70.0000,    70.5000,    70.0000,    70.0000,       1800,          3,              126300
VSWS,B,20260429,544026,,Indian Ren Energy De,   138.6000,   139.6000,   136.8000,   137.1000,     525031,       6098,            72429328
VSWS,B,20260429,544027,,Fedbank Financial Se,   157.0500,   158.6000,   143.4000,   148.7000,     217505,       4838,            32784817
VSWS,B,20260429,544028,,Tata Technologies,   570.3500,   577.8500,   570.0000,   572.2000,      79227,       3265,            45514739
VSWS,B,20260429,544029,,Gandhar Oil Refinery,   142.3500,   144.0000,   139.6000,   140.4000,       8637,        324,             1221169
VSWS,B,20260429,544030,,Flair Writing Indust,   322.7500,   332.1500,   319.5000,   319.7000,       2955,        121,              955703
VSWS,B,20260429,544035,,Swashthik Plascon,    21.4900,    21.4900,    20.7000,    21.4500,       4800,          3,              101824
VSWS,B,20260429,544036,,Deepak Chemtex,    95.9900,    95.9900,    95.9900,    95.9900,       1600,          1,              153584
VSWS,B,20260429,544037,,Amic Forging,  1524.0000,  1584.0000,  1300.0000,  1534.0500,     142000,        761,           213698305
VSWS,B,20260429,544042,,Bajel Projects,   181.0500,   200.3500,   178.3500,   187.6000,     105319,       2091,            20106086
VSWS,B,20260429,544043,,Baroda BNP Paribas G,   144.8300,   144.8300,   143.0000,   143.0000,         57,          4,                8190
VSWS,B,20260429,544044,,India Shelter Financ,   816.7500,   826.0000,   805.3000,   819.7500,       2955,        363,             2412294
VSWS,B,20260429,544045,,DOMS Industries,  2296.4500,  2329.0000,  2288.0500,  2296.9000,       3198,        426,             7371103
VSWS,B,20260429,544046,,INOX India,  1487.6000,  1515.0000,  1473.4500,  1504.8000,      25520,       2376,            38062483
VSWS,B,20260429,544047,,Siyaram Recycling In,    38.9000,    39.2800,    38.1000,    38.8800,      93000,         49,             3620520
VSWS,B,20260429,544053,,Motisons Jewellers,    13.8600,    14.1000,    13.6500,    13.7300,     296083,        435,             4113466
VSWS,B,20260429,544054,,Suraj Estate Develop,   241.7500,   243.2000,   238.3000,   238.9000,       1670,        100,              399846
VSWS,B,20260429,544055,,Muthoot Microfin,   187.7500,   193.0000,   187.7500,   192.4500,      22506,       1145,             4303032
VSWS,B,20260429,544056,,Sahara Maritime,    21.0000,    21.0000,    21.0000,    21.0000,       1600,          1,               33600
VSWS,B,20260429,544057,,Happy Forgings,  1318.0000,  1326.5000,  1286.7000,  1309.5500,       1709,        160,             2229518
VSWS,B,20260429,544058,,Credo Brands Marketi,    79.9900,    79.9900,    77.6500,    78.0000,        800,         18,               62521
VSWS,B,20260429,544059,,Shanti Spintex,    42.2200,    49.9800,    42.2200,    49.9800,      40000,         16,             1856240
VSWS,B,20260429,544060,,RBZ Jewellers,   140.3000,   141.8500,   136.2000,   136.8500,       3647,        128,              504089
VSWS,B,20260429,544061,,Azad Engineering,  2200.0000,  2268.3000,  2155.0000,  2160.3500,      18877,       1533,            41621628
VSWS,B,20260429,544066,,Sundaram Clayton,  1438.0000,  1438.0000,  1362.0000,  1369.4000,        363,        117,              501047
VSWS,B,20260429,544067,,Innova Captab,   722.0000,   736.9000,   722.0000,   730.7500,       1879,        214,             1372854
VSWS,B,20260429,544072,,AIK Pipes and Polyme,    28.9000,    28.9000,    27.4600,    27.4600,      11200,          7,              308704
VSWS,B,20260429,544074,,Shri Balaji Valve Co,    95.0000,    97.9000,    95.0000,    95.5000,       4200,          7,              405930
VSWS,B,20260429,544079,,Digidrive Distributo,    27.4900,    27.4900,    23.4000,    24.0000,       1748,         14,               41847
VSWS,B,20260429,544081,,Jyoti CNC Automation,   766.1000,   785.1000,   761.5000,   764.2500,      65498,       2194,            50682942
VSWS,B,20260429,544082,,New Swan Multitech,    43.0000,    47.3000,    43.0000,    44.9200,      12000,          6,              540120
VSWS,B,20260429,544088,,Medi Assist Healthca,   348.1500,   349.0000,   327.0000,   331.3500,      18534,       1277,             6172657
VSWS,B,20260429,544089,,Zerodha Nifty 1D Rat,   113.8100,   113.8300,   113.8100,   113.8200,     637606,        494,            72570572
VSWS,B,20260429,544090,,Sayaji Hotels (Pune),   743.0000,   780.0000,   743.0000,   771.0000,         97,         29,               73619
VSWS,B,20260429,544091,,Qualitek Labs,   345.6000,   351.0000,   341.0000,   351.0000,       5600,         10,             1925380
VSWS,B,20260429,544092,,Bajaj Finserv Nifty,   248.3600,   248.8000,   246.5300,   248.6700,        117,          4,               29087
VSWS,B,20260429,544093,,Bajaj Fin Nifty Bank,    56.4900,    57.0800,    56.2200,    56.5500,        759,         23,               42905
VSWS,B,20260429,544094,,Euphoria Infotech (I,    30.7000,    33.5000,    30.7000,    33.5000,       3600,          3,              117120
VSWS,B,20260429,544095,,EPACK Durable,   293.0500,   302.4500,   278.3500,   284.5000,     608461,       6469,           177716306
VSWS,B,20260429,544100,,Nova Agritech,    28.8500,    29.8900,    28.5600,    29.1200,      10464,        145,              306151
VSWS,B,20260429,544102,,UTI Nifty IT ETF,   305.6700,   308.1100,   305.6700,   307.0000,         45,          4,               13812
VSWS,B,20260429,544103,,UTI Nifty 5 Yr Bench,    64.4700,    64.4700,    64.4700,    64.4700,       2000,          1,              128940
VSWS,B,20260429,544105,,Harshdeep Hortico,    93.9900,    96.7000,    92.5300,    96.7000,       7500,          4,              705675
VSWS,B,20260429,544106,,Mayank Cattle Food,   215.0500,   227.5000,   200.0000,   202.8500,     181800,        241,            38301210
VSWS,B,20260429,544107,,BLS E-Services,   189.3000,   189.3000,   183.0000,   183.6500,      27817,        232,             5131128
VSWS,B,20260429,544108,,Gabriel Pet Straps,   233.0000,   243.0000,   220.0000,   221.5000,      59400,         65,            14068650
VSWS,B,20260429,544110,,HDFC Nifty PSU Bank,    86.9300,    88.7000,    86.7500,    87.1400,       6575,        104,              576353
VSWS,B,20260429,544111,,Apeejay Surrendra Pk,   127.3000,   127.3000,   123.2000,   123.5900,       8242,        420,             1028935
VSWS,B,20260429,544112,,Jasch Gauging Techno,   484.0000,   527.5000,   448.0000,   483.6500,       1449,         71,              711186
VSWS,B,20260429,544117,,Signpost India,   268.5000,   270.0500,   259.4000,   259.4000,        396,         28,              104041
VSWS,B,20260429,544118,,Jana Small Fin Bank,   495.6500,   500.3500,   460.3500,   466.0500,      22785,        947,            10886118
VSWS,B,20260429,544119,,Rashi Peripherals,   491.6500,   491.6500,   464.8000,   466.4000,      10162,        626,             4802150
VSWS,B,20260429,544120,,Capital Small Financ,   264.1000,   277.3500,   264.1000,   271.0500,       4783,        357,             1301480
VSWS,B,20260429,544121,,Rudra Gas Enterprise,    84.0500,    89.4900,    84.0500,    89.4900,       3000,          3,              259040
VSWS,B,20260429,544122,,Entero Healthcare So,  1200.0000,  1210.0000,  1172.0500,  1191.4000,       2107,        312,             2499765
VSWS,B,20260429,544123,,LIC MF Nifty Midcap,    60.9800,    61.3900,    60.8300,    60.8300,        692,         26,               42208
VSWS,B,20260429,544124,,Vibhor Steel Tubes,   125.2500,   131.0500,   125.2500,   127.2500,       1198,        125,              153754
VSWS,B,20260429,544129,,Juniper Hotels,   211.5000,   216.5000,   208.0500,   208.8000,       4689,        160,              988474
VSWS,B,20260429,544130,,Mirae A N Scap 250 M,    44.4800,    44.6500,    44.2900,    44.3400,     232982,        287,            10338362
VSWS,B,20260429,544131,,GPT Healthcare,   137.7500,   139.0500,   134.7000,   136.1500,       2991,        155,              409459
VSWS,B,20260429,544132,,Zerodha Gold ETF,    23.4000,    23.4000,    23.1000,    23.1500,     443436,       1150,            10298866
VSWS,B,20260429,544133,,Exicom Tele-systems,   118.9400,   121.3000,   111.1200,   112.5100,      57812,        713,             6741534
VSWS,B,20260429,544134,,Platinum Industries,   244.0000,   245.6500,   237.1000,   237.3500,      22757,        182,             5416357
VSWS,B,20260429,544135,,Mukka Proteins,    24.8000,    24.8000,    24.0500,    24.1000,       3355,         66,               81532
VSWS,B,20260429,544136,,R K Swamy,    86.2500,    86.5000,    85.1000,    85.1300,        675,         86,               57831
VSWS,B,20260429,544138,,J G Chemicals,   409.4000,   415.3000,   398.5500,   403.2500,       4696,        174,             1916947
VSWS,B,20260429,544139,,Koura Fine Diamond J,    39.0000,    39.0000,    38.1000,    38.1000,       6000,          3,              230400
VSWS,B,20260429,544140,,Gopal Snacks,   279.0000,   280.4000,   266.8000,   267.8500,      30404,        819,             8240679
VSWS,B,20260429,544141,,Pune E-Stock Broking,   299.0000,   302.2000,   296.0000,   300.2500,       8000,         10,             2394880
VSWS,B,20260429,544142,,Ship Corp Land & Ast,    44.7700,    46.7300,    44.5500,    44.7400,      30565,        515,             1398615
VSWS,B,20260429,544144,,Popular Vehicles & S,   101.9700,   104.3700,   101.8100,   103.0600,        663,         27,               68402
VSWS,B,20260429,544149,,Krystal Integrated S,   608.3000,   617.4500,   593.0500,   615.9000,       2662,        221,             1621348
VSWS,B,20260429,544150,,KP Green Engineering,   431.0000,   440.0000,   423.0000,   425.6000,      56250,        173,            24305650
VSWS,B,20260429,544151,,Chatha Foods,    88.0000,    88.0000,    88.0000,    88.0000,       6000,          4,              528000
VSWS,B,20260429,544156,,Gconnect Logi & Supp,    16.1500,    16.1500,    16.1500,    16.1500,       1500,          1,               24225
VSWS,B,20260429,544158,,SRM Contractors,   531.4000,   537.0000,   504.9500,   509.2500,       5855,        474,             3040820
VSWS,B,20260429,544159,,DSP BSE Liquid Rate,  1124.0800,  1124.0900,  1124.0700,  1124.0800,       4873,         16,             5477612
VSWS,B,20260429,544160,,Jay Kailash Namkeen,    20.5000,    21.5900,    19.7000,    21.5900,      30400,         19,              639696
VSWS,B,20260429,544161,,D P Abhushan,  1119.2000,  1119.2000,  1070.0000,  1075.5000,        512,         53,              554822
VSWS,B,20260429,544162,,Bharti Hexacom,  1534.2000,  1549.0000,  1511.8000,  1523.9500,      12701,       1729,            19397228
VSWS,B,20260429,544163,,Greenhitech Ventures,    80.0200,    80.0200,    78.3000,    79.9900,       8000,          7,              634000
VSWS,B,20260429,544165,,Shivam Chemicals,   113.0000,   113.0000,   112.0000,   112.2500,       4500,          3,              505875
VSWS,B,20260429,544166,,Emmforce Autotech,   113.7000,   118.4500,   113.7000,   115.9000,      27600,         23,             3208680
VSWS,B,20260429,544167,,JNK India,   375.3000,   377.3500,   360.0000,   367.9500,      11411,        435,             4173703
VSWS,B,20260429,544170,,Dolphin Kitchen Uten,     9.8600,     9.8600,     9.8600,     9.8600,      86000,         25,              847960
VSWS,B,20260429,544171,,Storage Techno & Aut,    43.6500,    43.6500,    43.6400,    43.6500,       3200,          4,              139672
VSWS,B,20260429,544172,,Indegene,   500.6500,   507.4500,   491.9000,   495.4000,       8521,       1009,             4253906
VSWS,B,20260429,544173,,Finelistings Technol,    21.8400,    21.8400,    21.8400,    21.8400,       3000,          3,               65520
VSWS,B,20260429,544174,,TBO Tek,  1263.6500,  1286.8500,  1256.2000,  1276.2000,       5819,        678,             7401963
VSWS,B,20260429,544175,,TGIF Agribusiness,    90.0000,    98.7000,    67.0500,    91.9900,      54000,         38,             5100204
VSWS,B,20260429,544176,,Aadhar Housing Finan,   494.1500,   494.3500,   485.1500,   487.2000,      10097,        449,             4952671
VSWS,B,20260429,544177,,Aztec Fluids & Machi,   104.0000,   104.0000,   101.0000,   101.0000,       2000,          2,              205000
VSWS,B,20260429,544178,,Piotex Industries,    40.0000,    40.0000,    40.0000,    40.0000,       1200,          1,               48000
VSWS,B,20260429,544179,,Go Digit General Ins,   320.9500,   324.3000,   312.2000,   315.3500,      13099,        628,             4175852
VSWS,B,20260429,544180,,M A Nfty MidSCap400,    50.4200,    50.4200,    49.8300,    49.9900,      35127,        717,             1757270
VSWS,B,20260429,544181,,Awfis Space Solution,   359.0000,   360.0500,   347.7000,   351.0000,     261627,        357,            91866673
VSWS,B,20260429,544182,,Bajaj F Nfty 1D RL,  1079.3100,  1079.3100,  1079.3100,  1079.3100,        112,          2,              120882
VSWS,B,20260429,544183,,Associated Coaters,   100.0000,   107.9900,    91.1200,   107.9900,       2000,          4,              199555
VSWS,B,20260429,544184,,Borosil Scientific,   116.8000,   117.3500,   112.7000,   114.4000,       1278,         52,              147581
VSWS,B,20260429,544185,,Adtech Systems,    69.8000,    69.8000,    64.0500,    66.1300,       7456,         83,              503038
VSWS,B,20260429,544186,,Forbes Precision Too,   138.3500,   140.0000,   134.1000,   136.0000,       7764,        114,             1062253
VSWS,B,20260429,544187,,Kronox Lab Sciences,   130.7900,   139.6900,   130.2000,   134.7500,       4099,        373,              551256
VSWS,B,20260429,544189,,Sattrix Information,   409.6500,   409.6500,   409.6500,   409.6500,       1000,          2,              409650
VSWS,B,20260429,544190,,3C IT Solutions & Te,    15.3400,    15.3400,    15.3400,    15.3400,       2000,          1,               30680
VSWS,B,20260429,544191,,Purple Finance,    68.0000,    69.4700,    66.6800,    69.1400,     113676,        160,             7843342
VSWS,B,20260429,544192,,Le Travenues Techno,   171.1000,   174.2500,   168.5000,   169.8000,      74012,       1115,            12685835
VSWS,B,20260429,544193,,Zerodha Nifty Midcap,    11.1700,    11.2400,    11.1100,    11.1600,      33747,        224,              378112
VSWS,B,20260429,544194,,Zerodha Nifty 100 ET,    10.6000,    10.6000,    10.4200,    10.4500,      78551,        225,              822057
VSWS,B,20260429,544195,,United Cotfab,    20.4000,    20.4000,    20.4000,    20.4000,       2000,          1,               40800
VSWS,B,20260429,544196,,Baroda BNP Paribas N,    56.2400,    56.5000,    56.1100,    56.1100,         75,          3,                4211
VSWS,B,20260429,544197,,JHS Svendgaard Retai,    20.4900,    21.0000,    19.0000,    20.5100,        284,         20,                5672
VSWS,B,20260429,544198,,Dee Development Engi,   390.2000,   423.3000,   390.2000,   423.2000,      80377,       1165,            33748320
VSWS,B,20260429,544199,,GEM Enviro Managemen,    45.5000,    45.5000,    44.0100,    45.0000,       4000,          5,              180408
VSWS,B,20260429,544200,,Akme Fintrade (India,     8.8700,     9.1400,     8.5300,     8.9500,      48046,        113,              431043
VSWS,B,20260429,544201,,Dindigul Farm Produc,    20.1000,    20.6300,    20.0000,    20.6300,      90000,         11,             1814860
VSWS,B,20260429,544202,,Stanley Lifestyles,   141.1000,   144.1500,   140.8500,   143.0500,       3772,        217,              538094
VSWS,B,20260429,544203,,Allied Blenders & Di,   548.6500,   559.6000,   541.5000,   553.0000,      17511,        781,             9612922
VSWS,B,20260429,544204,,Vraj Iron & Steel,   131.0200,   131.0200,   130.0000,   130.0500,        683,         19,               88813
VSWS,B,20260429,544205,,National Peroxide,   439.0000,   444.0000,   421.6000,   437.3500,       1343,        126,              587983
VSWS,B,20260429,544206,,SBI Silver ETF,   231.6900,   233.2000,   229.1200,   229.5000,     176692,       3567,            40676435
VSWS,B,20260429,544207,,Reliable Data Servic,   132.5000,   133.9000,   132.5000,   133.7500,        558,         23,               74318
VSWS,B,20260429,544209,,Bansal Wire Industri,   296.7000,   317.9500,   296.7000,   304.3500,      25578,        515,             7886508
VSWS,B,20260429,544210,,Emcure Pharmaceutica,  1660.0000,  1770.0500,  1653.5000,  1732.8500,      60253,       5301,           104016747
VSWS,B,20260429,544211,,Aditya BSL CRISIL BB,   111.0000,   111.0000,   111.0000,   111.0000,          1,          1,                 111
VSWS,B,20260429,544212,,Mirae A Nifty EV & N,    29.6300,    30.4800,    29.6300,    30.1300,       7703,         63,              232487
VSWS,B,20260429,544213,,Aelea Commodities,   152.0000,   156.2000,   151.0000,   152.1000,      24600,         37,             3783150
VSWS,B,20260429,544214,,Three M Paper Boards,    26.0000,    26.0000,    26.0000,    26.0000,       2000,          1,               52000
VSWS,B,20260429,544215,,SBI Nifty50 Equal We,    32.7600,    33.1900,    32.7600,    32.8400,       2882,         30,               94660
VSWS,B,20260429,544216,,ICICI Pru Nifty Oil,    12.0400,    12.0400,    11.8400,    11.9500,     186483,        597,             2230060
VSWS,B,20260429,544217,,Sanstar,    87.4700,    87.7900,    86.0000,    86.5800,       2481,        147,              216483
VSWS,B,20260429,544218,,Aditya Birla SL Nify,    11.1800,    11.2500,    11.1000,    11.1300,      15629,         75,              175187
VSWS,B,20260429,544219,,VVIP Infratech,   118.0000,   118.0000,   114.1000,   114.2000,       4200,          7,              485700
VSWS,B,20260429,544221,,Kizi Apparels,    16.0000,    16.0000,    15.0400,    15.0500,       9000,          3,              138270
VSWS,B,20260429,544222,,Akums Drugs & Pharma,   543.9000,   547.0000,   528.0000,   543.1500,       7991,        704,             4282982
VSWS,B,20260429,544223,,Ceigall India,   336.5000,   345.0000,   327.7500,   336.2500,      54421,        964,            18278718
VSWS,B,20260429,544224,,Afcom Holdings,   800.0000,   807.9000,   790.0000,   803.4000,      83040,        433,            66422622
VSWS,B,20260429,544225,,Ola Electric Mobilit,    36.2100,    37.1600,    35.9100,    36.3100,    4875426,      10323,           177304600
VSWS,B,20260429,544226,,Brainbees Solutions,   247.7500,   249.7000,   240.0000,   241.2500,      41289,        881,            10125765
VSWS,B,20260429,544227,,Unicommerce ESolutio,    98.4000,   100.2100,    92.3100,    93.0100,      64196,       1064,             6127682
VSWS,B,20260429,544229,,ICICI Pru Nifty Meta,    13.2300,    13.2300,    12.9400,    13.1900,     355191,       1560,             4661861
VSWS,B,20260429,544230,,Saraswati Saree Depo,    62.5000,    63.7800,    62.3700,    63.0000,       2043,         67,              127973
VSWS,B,20260429,544232,,Interarch Building S,  2112.3000,  2124.9500,  2060.3500,  2066.3000,       1861,        205,             3907644
VSWS,B,20260429,544233,,Mahalaxmi Fabric Mil,    27.4500,    27.4500,    23.0000,    24.6000,        312,         46,                7766
VSWS,B,20260429,544234,,Globale Tessile,    15.0000,    15.0000,    13.6500,    13.6500,        728,         19,               10155
VSWS,B,20260429,544235,,Orient Technologies,   282.7500,   285.6500,   274.3000,   275.1000,      10113,        254,             2850983
VSWS,B,20260429,544236,,Resourceful Automobi,    41.3500,    43.3500,    39.0100,    43.3500,      13200,         11,              562716
VSWS,B,20260429,544238,,Premier Energies,  1036.2000,  1045.5000,  1029.0000,  1038.5500,      47074,       2079,            48863846
VSWS,B,20260429,544239,,Ecos (I) Mobility &,   143.3500,   145.3500,   137.6500,   138.5000,      17770,        391,             2492889
VSWS,B,20260429,544240,,Raymond Lifestyle,   818.2000,   823.0000,   803.1000,   804.8000,       3441,        500,             2788418
VSWS,B,20260429,544241,,Mirae A N500 Mcap 50,    16.1300,    16.2600,    16.1100,    16.1200,      12156,         59,              196670
VSWS,B,20260429,544242,,Travels & Rentals,    26.4400,    26.4400,    26.4400,    26.4400,       3000,          1,               79320
VSWS,B,20260429,544243,,Baazar Style Retail,   391.1500,   392.7500,   377.9500,   379.6000,      13264,        325,             5085173
VSWS,B,20260429,544244,,Gala Precision Engin,   744.8000,   767.1500,   740.0000,   742.7000,       1342,        105,             1019641
VSWS,B,20260429,544246,,Revathi Equipment In,   634.9500,   634.9500,   600.0000,   600.0000,         37,         15,               22461
VSWS,B,20260429,544247,,DSP Nifty Top 10 Equ,    88.4500,    89.4800,    88.4500,    89.1400,       1481,         39,              131997
VSWS,B,20260429,544248,,Mach Conferences & E,   136.8500,   138.0000,   130.0000,   130.0000,       3000,          5,              403170
VSWS,B,20260429,544249,,Shree Tiru Bala Agro,    33.1100,    34.0000,    32.7700,    32.9700,       3871,         71,              130196
VSWS,B,20260429,544250,,Sanofi Consumer Heal,  4819.7000,  4941.2000,  4694.6000,  4799.1500,       4056,       1224,            19594058
VSWS,B,20260429,544251,,Share Samadhan,    35.0500,    38.0000,    35.0500,    37.0000,       8000,          5,              295264
VSWS,B,20260429,544252,,Bajaj Housing Financ,    89.7200,    90.1000,    87.9200,    88.0200,    1024849,      10118,            90825167
VSWS,B,20260429,544253,,Kross,   187.1500,   190.4000,   186.0000,   186.7500,       4681,        162,              881475
VSWS,B,20260429,544254,,Tolins Tyres,   112.2500,   114.7200,   110.0500,   111.1100,       3786,         87,              426576
VSWS,B,20260429,544256,,P N Gadgil Jewellers,   671.3500,   675.0000,   666.8000,   669.7500,       5115,        259,             3433791
VSWS,B,20260429,544257,,Sodhani Academy of F,   177.0000,   177.0000,   177.0000,   177.0000,       1000,          2,              177000
VSWS,B,20260429,544258,,Western Carriers (In,   103.8500,   105.2500,   103.1200,   103.4000,       2889,         56,              301541
VSWS,B,20260429,544259,,Popular Foundations,    27.9000,    27.9000,    27.9000,    27.9000,       3000,          1,               83700
VSWS,B,20260429,544260,,Northern Arc Capital,   261.3500,   262.2500,   256.5000,   257.7000,       5652,        248,             1466823
VSWS,B,20260429,544261,,Arkade Developers,   114.9500,   118.0200,   114.9500,   116.1100,       9529,        140,             1112151
VSWS,B,20260429,544262,,Manba Finance,   109.0000,   111.3000,   108.3000,   108.5500,        871,         56,               95301
VSWS,B,20260429,544263,,KRN Heat Exchanger &,  1317.7000,  1327.0500,  1257.0000,  1285.1000,      54828,       2717,            70810787
VSWS,B,20260429,544264,,Diffusion Engineers,   302.2500,   303.7500,   294.5000,   298.0500,       1179,         99,              351574
VSWS,B,20260429,544266,,Mirae Asset Nifty PS,    87.2300,    88.1600,    86.3100,    86.7100,        548,         18,               47681
VSWS,B,20260429,544267,,Subam Papers,   213.3000,   213.7000,   212.5000,   212.7500,      11200,         10,             2391040
VSWS,B,20260429,544268,,Mirae Asset Nifty Me,    13.0500,    13.2800,    12.9600,    13.2100,     350606,        986,             4613868
VSWS,B,20260429,544271,,Garuda Const & Engin,   177.0000,   177.4000,   171.4000,   172.2500,      16043,        271,             2812719
VSWS,B,20260429,544272,,Shiv Texchem,   148.9500,   148.9500,   147.0000,   147.0000,       1200,          3,              177960
VSWS,B,20260429,544273,,Mangalam Global Ente,    14.0800,    14.3400,    13.8000,    14.0100,      14695,         97,              206826
VSWS,B,20260429,544274,,Hyundai Motor India,  1825.0000,  1854.8000,  1811.7000,  1817.2000,      22274,       2210,            40762512
VSWS,B,20260429,544275,,ICICI Pru Nfty200 Va,    16.2300,    16.2500,    15.9100,    16.0300,       3834,         27,               61673
VSWS,B,20260429,544276,,Deepak Builders & En,    86.0000,    90.0900,    84.5100,    86.9300,      29244,        393,             2555045
VSWS,B,20260429,544277,,Waaree Energies,  3480.0000,  3536.0000,  3469.1000,  3501.9500,     172177,      10320,           602413763
VSWS,B,20260429,544278,,OCCL,   101.7300,   101.7300,    99.2000,    99.5300,        407,         18,               40935
VSWS,B,20260429,544279,,Godavari Biorefineri,   320.7500,   329.3000,   318.0500,   320.5500,      11166,        379,             3611875
VSWS,B,20260429,544280,,Afcons Infrastructur,   333.8000,   336.9500,   325.5000,   326.4500,      16261,        583,             5360932
VSWS,B,20260429,544281,,A B Infrabuild,    15.5200,    16.0500,    15.5100,    15.6900,      58592,        189,              928487
VSWS,B,20260429,544282,,Sagility,    41.4300,    41.9700,    41.3000,    41.5100,     751610,       3432,            31264616
VSWS,B,20260429,544283,,ACME Solar Holdings,   307.5500,   310.1000,   299.7000,   303.2500,     107401,       2619,            32603376
VSWS,B,20260429,544284,,Mirae A Nfty 1D R L,  1083.0000,  1083.0200,  1083.0000,  1083.0200,       2214,          6,             2397771
VSWS,B,20260429,544285,,Swiggy,   288.9500,   288.9500,   272.5000,   275.2500,    1678163,       9446,           466698741
VSWS,B,20260429,544286,,Niva Bupa Health Ins,    76.7800,    81.0300,    76.7800,    78.7600,     112547,       1003,             8917580
VSWS,B,20260429,544287,,Mangal Compusolution,    52.7500,    53.7500,    52.7000,    53.7500,     123000,         11,             6547050
VSWS,B,20260429,544288,,BlackBuck,   582.4000,   588.7500,   547.1000,   551.6500,      79683,       5815,            44982156
VSWS,B,20260429,544289,,NTPC Green Energy,   116.1800,   117.2800,   110.1500,   110.5400,    1431192,      23594,           160913422
VSWS,B,20260429,544290,,Enviro Infra Enginee,   220.7500,   226.7000,   216.1500,   220.1500,     216058,       3002,            47884424
VSWS,B,20260429,544291,,Rajesh Power Service,  1015.0000,  1022.0000,   978.0000,   982.9500,      63100,        452,            62422770
VSWS,B,20260429,544292,,Onesource Spec Pharm,  1840.1000,  1840.1500,  1750.0000,  1761.2500,      23882,       2085,            43017501
VSWS,B,20260429,544293,,Suraksha Diagnostic,   285.0000,   285.0000,   278.9500,   282.0500,       2209,        118,              622904
VSWS,B,20260429,544294,,Rossell Techsys,  1034.9500,  1045.7000,   996.5000,  1004.3000,       5563,        439,             5642288
VSWS,B,20260429,544296,,Nisus Finance Servic,   202.0000,   206.5000,   202.0000,   202.6500,      20400,         33,             4154900
VSWS,B,20260429,544301,,Odigma Consultancy S,    26.8100,    27.5000,    26.8100,    27.2000,        251,         19,                6872
VSWS,B,20260429,544302,,Innovana Thinklabs,   388.0500,   388.0500,   372.7500,   376.1000,       5468,        124,             2076261
VSWS,B,20260429,544304,,Jungle Camps India,    54.2000,    58.0000,    54.2000,    56.9000,      28800,         17,             1599136
VSWS,B,20260429,544305,,One Mobikwik Systems,   231.0000,   233.0000,   215.0000,   217.5500,     245479,       2701,            55144110
VSWS,B,20260429,544306,,Sai Life Sciences,  1047.9500,  1077.6500,  1047.9500,  1055.1500,      19718,       1294,            20983634
VSWS,B,20260429,544307,,Vishal Mega Mart,   126.5500,   127.4000,   122.2000,   122.9500,     232258,       2872,            29062292
VSWS,B,20260429,544308,,Hilltone Software &,    49.9500,    51.9000,    48.1500,    50.4800,       4317,         29,              215390
VSWS,B,20260429,544309,,Inventurus Knowledge,  1523.5500,  1569.0000,  1509.0000,  1556.4500,      26281,       1982,            40567463
VSWS,B,20260429,544310,,Yash Highvoltage,   704.0000,   714.0000,   657.1500,   663.1000,      89500,        297,            61292675
VSWS,B,20260429,544311,,International Gemolo,   367.8500,   367.8500,   353.0000,   354.3500,       7175,        452,             2556754
VSWS,B,20260429,544312,,Hamps Bio,    24.9900,    25.2500,    24.9900,    25.2500,      16000,          4,              401960
VSWS,B,20260429,544313,,NACDAC Infrastructur,    29.9000,    29.9000,    29.8800,    29.8800,       8000,          2,              239120
VSWS,B,20260429,544314,,Sanathan Textiles,   465.0000,   466.1500,   443.0000,   449.7000,        483,         70,              223282
VSWS,B,20260429,544315,,Concord Enviro Syste,   331.9500,   334.0000,   329.6500,   330.9000,       1049,         75,              347360
VSWS,B,20260429,544316,,DAM Capital Advisors,   162.8000,   164.2000,   156.0000,   156.2500,      15403,        340,             2449302
VSWS,B,20260429,544317,,Transrail Lighting,   621.3500,   623.9500,   606.0000,   608.5500,      41793,       1221,            25701543
VSWS,B,20260429,544318,,Mamata Machinery,   408.0000,   412.5500,   404.5500,   406.0500,       1751,        130,              716395
VSWS,B,20260429,544319,,Senores Pharmaceutic,   918.0000,   920.1000,   893.7500,   900.1500,      24990,        839,            22695540
VSWS,B,20260429,544320,,Carraro India,   564.0000,   566.6000,   553.0000,   556.2000,       3402,        355,             1905422
VSWS,B,20260429,544321,,Ventive Hospitality,   620.6500,   639.0000,   614.6000,   631.8500,       6595,        476,             4123722
VSWS,B,20260429,544322,,Unimech Aerospace &,  1095.0500,  1112.2500,  1055.6000,  1055.9500,      14729,        986,            15845320
VSWS,B,20260429,544323,,Mirae A Nfty I New A,    11.1200,    11.1700,    11.0300,    11.0600,       5586,         47,               61931
VSWS,B,20260429,544325,,ITC Hotels,   159.1000,   161.5000,   157.9500,   159.9000,     180562,       3157,            28882268
VSWS,B,20260429,544326,,Edelweiss BSE Cap M,    23.5600,    24.1700,    23.5500,    23.9200,       6247,         25,              149657
VSWS,B,20260429,544327,,Technichem Organics,    44.5100,    48.0000,    44.5100,    48.0000,      10000,          4,              471800
VSWS,B,20260429,544328,,Indo Farm Equipment,   139.1000,   140.5000,   133.3000,   134.2500,      14982,        595,             2048892
VSWS,B,20260429,544329,,Leo Dryfruits & Spic,    52.0100,    52.0100,    52.0100,    52.0100,       2000,          1,              104020
VSWS,B,20260429,544330,,Parmeshwar Metal,   183.9500,   188.8000,   182.9500,   185.2500,      48000,         24,             8888500
VSWS,B,20260429,544332,,Fabtech Tech Clean,   300.0000,   314.9000,   285.1000,   293.2500,      30800,         70,             9070720
VSWS,B,20260429,544333,,Standard Engineering,   142.0500,   143.3500,   139.8000,   141.6000,      16932,        233,             2388112
VSWS,B,20260429,544334,,Indobell Insulations,    73.9300,    73.9300,    72.5000,    72.5000,       5250,          6,              384510
VSWS,B,20260429,544335,,B R Goyal Infrastruc,   117.9000,   118.0000,   114.8500,   116.0500,       9000,          9,             1044600
VSWS,B,20260429,544336,,Quadrant Future Tek,   314.6500,   326.3000,   311.2000,   314.9500,      14146,        351,             4561911
VSWS,B,20260429,544337,,Avax Apparels and Or,    51.5000,    51.5000,    51.5000,    51.5000,       8000,          1,              412000
VSWS,B,20260429,544339,,Laxmi Dental,   209.7000,   216.5000,   203.7000,   206.0000,      30285,        695,             6312495
VSWS,B,20260429,544340,,Rikhav Securities,    50.0000,    50.8000,    48.0000,    50.3500,     136000,         58,             6685200
VSWS,B,20260429,544341,,Landmark Global Lear,    23.9500,    23.9500,    22.8100,    22.8700,      12800,          8,              294192
VSWS,B,20260429,544342,,Stallion India Fluor,   160.2500,   162.2000,   154.2500,   155.5000,      52730,        754,             8294927
VSWS,B,20260429,544343,,Capitalnumbers Infot,    97.0000,    97.0000,    94.1000,    94.6000,      10400,         26,              991448
VSWS,B,20260429,544344,,SPR Auto Technologie,  3514.9500,  3535.0000,  3397.8500,  3442.1000,       3956,        614,            13668659
VSWS,B,20260429,544345,,Denta Water and Infr,   286.7000,   290.6000,   280.7000,   281.6000,       7613,        288,             2182129
VSWS,B,20260429,544346,,RDB Real Estate Cons,   163.3500,   173.0000,   163.3500,   171.7500,        557,         20,               93120
VSWS,B,20260429,544347,,CLN Energy,   408.0000,   408.0000,   380.2000,   390.3500,       2600,          9,             1022000
VSWS,B,20260429,544348,,GB Logistics Commerc,    38.9000,    38.9000,    38.9000,    38.9000,       1200,          1,               46680
VSWS,B,20260429,544349,,H M Electro Mech Ltd,    49.8000,    49.8000,    49.8000,    49.8000,       1600,          1,               79680
VSWS,B,20260429,544350,,Dr Agarwal's Health,   441.8000,   445.9000,   435.0000,   441.6000,      11934,       1109,             5260429
VSWS,B,20260429,544351,,Malpani Pipes And Fi,    60.0500,    61.7900,    57.8300,    61.3000,      28800,         18,             1722240
VSWS,B,20260429,544353,,Amwill Health Care,    35.9800,    35.9800,    34.3000,    34.8900,      15600,         13,              544512
VSWS,B,20260429,544354,,Solarium Green Energ,   232.9000,   240.0000,   230.0000,   236.9000,      18900,         60,             4451175
VSWS,B,20260429,544355,,Jubilant Agri And Co,  1730.4000,  1753.7000,  1646.9000,  1697.1500,        365,         46,              618142
VSWS,B,20260429,544356,,AJAX Engineering,   529.4500,   535.0000,   526.0500,   534.0000,       1329,        179,              705095
VSWS,B,20260429,544361,,Covance Softsol,   171.3000,   171.3000,   171.3000,   171.3000,        732,         10,              125391
VSWS,B,20260429,544362,,Hexaware Technologie,   455.9000,   462.9500,   449.1500,   453.6000,      20456,       1387,             9248371
VSWS,B,20260429,544363,,Union Gold ETF,   146.4500,   146.4500,   144.0500,   144.0500,         53,          6,                7721
VSWS,B,20260429,544364,,Indef Manufacturing,   321.0500,   327.6500,   301.0000,   303.2000,       3454,        418,             1074406
VSWS,B,20260429,544367,,Quality Power Electr,  1391.1000,  1426.0000,  1350.0000,  1394.0500,      48131,       2325,            66916490
VSWS,B,20260429,544368,,Swasth Foodtech Indi,    19.3500,    19.3500,    17.8600,    17.8600,       2400,          2,               44652
VSWS,B,20260429,544369,,Beezaasan Explotech,   235.9500,   235.9500,   230.5000,   233.9500,      28000,         30,             6498760
VSWS,B,20260429,544370,,Nukleus Office Solut,   206.0000,   208.0000,   206.0000,   208.0000,       4800,          4,              997200
VSWS,B,20260429,544371,,Vikram Aroma,    62.5000,    63.6500,    62.0000,    62.6600,        544,         17,               33982
VSWS,B,20260429,544375,,360 One Gold ETF,   144.1100,   145.3400,   143.3100,   143.3100,        341,         27,               49217
VSWS,B,20260429,544376,,Mirae Asset BSE Sele,    44.0000,    44.1400,    43.7300,    43.7900,        947,         13,               41705
VSWS,B,20260429,544377,,Mirae Asset BSE 200,    13.5500,    13.5500,    13.5100,    13.5100,      19184,          4,              259748
VSWS,B,20260429,544379,,Prabha Energy,   162.0000,   166.0000,   159.4000,   161.1000,       3188,        124,              522087
VSWS,B,20260429,544381,,Super Iron Foundry,    44.0100,    44.0400,    44.0000,    44.0400,       4800,          4,              211260
VSWS,B,20260429,544382,,Axis Nifty500 Value,    34.1900,    34.6200,    34.1900,    34.2400,      14030,        121,              481548
VSWS,B,20260429,544383,,Paradeep Parivahan,   156.0000,   159.0000,   153.6500,   157.0500,      46800,         31,             7349520
VSWS,B,20260429,544384,,Zerodha Silver ETF,    23.7500,    24.1000,    23.7500,    23.8000,     511978,        832,            12260366
VSWS,B,20260429,544385,,SBI BSE PSU Bank ETF,    50.9700,    50.9700,    49.5600,    49.6700,      13596,         75,              683064
VSWS,B,20260429,544386,,Spectrum Electrical,  1150.0000,  1170.0000,  1140.5000,  1164.9000,        442,         41,              514350
VSWS,B,20260429,544387,,Desco Infratech,   246.5000,   254.0000,   240.2500,   244.6500,      28000,         53,             6857100
VSWS,B,20260429,544388,,Identixweb,    70.0000,    70.0000,    70.0000,    70.0000,       4000,          2,              280000
VSWS,B,20260429,544389,,360 One Silver ETF,   233.5700,   233.7500,   230.0600,   230.6700,       2102,        144,              489609
VSWS,B,20260429,544390,,Siemens Energy India,  3278.3500,  3366.8000,  3260.5000,  3311.7500,      38500,       5247,           128072320
VSWS,B,20260429,544393,,Infonative Solutions,    26.3400,    26.3400,    26.3400,    26.3400,       1600,          1,               42144
VSWS,B,20260429,544394,,Icici Pru Nfty Ev &,    30.3100,    30.4000,    30.0000,    30.1600,       5766,        110,              173814
VSWS,B,20260429,544395,,STL Networks,    28.9900,    29.3200,    26.8400,    28.4500,     391545,       1596,            10990465
VSWS,B,20260429,544396,,Network People Serv,  1230.3000,  1254.4000,  1204.4000,  1206.0500,        558,        107,              685706
VSWS,B,20260429,544397,,Ather Energy,   949.3000,   954.7000,   931.9000,   938.8000,     215812,       7861,           203623015
VSWS,B,20260429,544399,,Srigee Dlm,    72.3000,    73.4000,    72.3000,    72.5500,       4800,          4,              349140
VSWS,B,20260429,544402,,Jash Engineering,   429.2000,   429.3500,   417.1000,   418.5500,       3241,        230,             1368506
VSWS,B,20260429,544403,,Aditya Birla Lifesty,   105.2000,   106.2000,   104.0300,   105.2300,      28844,        815,             3038820
VSWS,B,20260429,544404,,Borana Weaves,   331.4500,   356.1000,   331.4500,   356.1000,       3548,         74,             1259948
VSWS,B,20260429,544405,,Belrise Industries,   216.8500,   219.0000,   213.0000,   213.5500,      81336,       1208,            17605604
VSWS,B,20260429,544406,,Unified Data Tech So,   397.0000,   397.0000,   381.7000,   384.0000,      15200,         35,             5916060
VSWS,B,20260429,544407,,Aegis Vopak Terminal,   198.6500,   198.6500,   193.0000,   194.3000,      21438,       1006,             4200765
VSWS,B,20260429,544408,,Leela Palaces Hotels,   424.6500,   440.0000,   423.6500,   426.1500,     225760,       1150,            96858600
VSWS,B,20260429,544409,,Astonea Labs,   158.0000,   160.4000,   153.0000,   160.0000,      89000,         42,            14142400
VSWS,B,20260429,544410,,Prostarm Info System,   156.6000,   159.1500,   155.6000,   156.6000,       9365,        370,             1472859
VSWS,B,20260429,544411,,Scoda Tubes,   149.2500,   151.1500,   148.2000,   149.5000,       3433,        133,              512721
VSWS,B,20260429,544412,,3B Films,    25.7000,    25.7000,    23.9000,    23.9000,      42000,         14,             1016160
VSWS,B,20260429,544413,,Digitide Solutions,    95.1300,    99.3400,    94.1300,    98.8200,      28324,        332,             2762407
VSWS,B,20260429,544414,,Bluspring Enterprise,    61.8000,    63.6700,    61.8000,    63.2900,       2285,         50,              143301
VSWS,B,20260429,544415,,Nippon India BSE Sen,    42.1400,    42.7100,    41.8200,    42.1500,        489,         16,               20598
VSWS,B,20260429,544416,,Krishival Foods,   340.0000,   341.0500,   339.5000,   340.0000,       1125,         20,              382533
VSWS,B,20260429,544417,,Aten Papers & Foam,    20.0000,    20.0000,    19.5100,    19.5100,       2400,          2,               47412
VSWS,B,20260429,544418,,Oswal Pumps,   419.2500,   423.1500,   407.0000,   408.7500,      27128,        855,            11228591
VSWS,B,20260429,544419,,Arisinfra Solutions,   135.9900,   139.8000,   132.8500,   138.0900,     306309,       3544,            41766064
VSWS,B,20260429,544420,,Raymond Realty,   430.0000,   452.0500,   429.5000,   434.7500,      21331,       2321,             9439762
VSWS,B,20260429,544421,,Ellenbarrie Industri,   274.0500,   275.2500,   264.4500,   267.4000,      25313,        811,             6773174
VSWS,B,20260429,544422,,Abram Food,    69.8500,    69.8500,    69.1000,    69.1000,       2400,          2,              166740
VSWS,B,20260429,544423,,Kalpataru,   329.9000,   331.1500,   327.0000,   329.4000,       1271,        110,              417496
VSWS,B,20260429,544424,,Globe Civil Projects,    47.8000,    49.4900,    46.7000,    49.2900,      11784,         64,              565814
VSWS,B,20260429,544426,,Icon Facilitators,    69.3700,    69.4000,    66.0000,    66.0000,      19200,         14,             1301052
VSWS,B,20260429,544427,,ICICI Prudential Nif,     9.8000,    10.0000,     9.8000,     9.9300,      17296,        177,              172287
VSWS,B,20260429,544428,,Supertech EV,    58.5000,    58.5000,    54.2500,    54.2800,      21600,         18,             1186272
VSWS,B,20260429,544429,,HDB Financial Servic,   671.9000,   674.0000,   666.5000,   667.4000,       9166,        544,             6135774
VSWS,B,20260429,544430,,Sambhv Steel Tubes,   121.5000,   121.6900,   119.5100,   120.5900,      65745,        614,             7918889
VSWS,B,20260429,544431,,Ace Alpha Tech,   104.5000,   111.4000,   104.4500,   109.5000,      18000,         16,             1943900
VSWS,B,20260429,544432,,Indogulf Cropscience,    67.9200,    67.9200,    63.9000,    64.1200,      14009,        299,              912937
VSWS,B,20260429,544433,,Valencia India,    19.7000,    19.7000,    19.0000,    19.4000,      12000,          9,              232140
VSWS,B,20260429,544434,,Neetu Yoshi,   112.5000,   118.0000,   110.5000,   116.3200,     134400,        141,            15294584
VSWS,B,20260429,544435,,Adcounty Media India,   136.0500,   136.0500,   124.0000,   128.3500,      50400,         52,             6546920
VSWS,B,20260429,544436,,Vandan Foods,    41.4800,    41.4800,    40.0000,    41.4500,       3600,          3,              147516
VSWS,B,20260429,544437,,Marc Loire Fashions,    46.6000,    46.6000,    44.5100,    44.5100,       3600,          3,              163332
VSWS,B,20260429,544438,,Mirae Asset Nifty In,    12.4000,    12.4600,    12.2200,    12.2800,      39083,         43,              483090
VSWS,B,20260429,544439,,Crizac,   213.6000,   215.8000,   206.9000,   207.7000,       6610,        351,             1400767
VSWS,B,20260429,544440,,Cryogenic OGS,   214.0000,   253.4000,   214.0000,   248.3000,     332250,        392,            80624625
VSWS,B,20260429,544441,,Meta Infotech,    73.0000,    80.0200,    73.0000,    80.0200,      49600,         57,             3883992
VSWS,B,20260429,544442,,Chemkart India,   136.5500,   142.0000,   136.5500,   138.3400,      12600,         14,             1752726
VSWS,B,20260429,544443,,Travel Food Services,  1275.0500,  1285.6000,  1265.3500,  1280.3000,       1472,        403,             1879231
VSWS,B,20260429,544444,,Glen Industries,    76.0000,    78.0000,    75.0400,    76.9700,      31200,         25,             2410836
VSWS,B,20260429,544445,,Asston Pharmaceutica,    81.0000,    81.0000,    81.0000,    81.0000,       1000,          1,               81000
VSWS,B,20260429,544446,,Advent Hotels Intl,   156.5000,   159.8000,   152.4000,   153.9500,       5934,        203,              928055
VSWS,B,20260429,544447,,Smartworks Coworking,   428.5000,   442.8000,   424.0500,   440.2000,       4778,        133,             2076932
VSWS,B,20260429,544448,,Pashupati Cotspin,    91.8000,    91.8000,    88.0500,    88.1500,       5177,        199,              462105
VSWS,B,20260429,544449,,Anthem Biosciences,   785.6500,   785.6500,   768.4500,   775.7000,      18124,       1337,            14002036
VSWS,B,20260429,544450,,Chembond Chemicals,   153.7000,   165.2000,   152.0500,   153.4000,        321,         27,               49649
VSWS,B,20260429,544451,,Monika Alcobev,   231.0000,   233.0500,   231.0000,   231.0500,      26000,         22,             6052900
VSWS,B,20260429,544453,,Monarch Surveyors An,   255.0500,   278.8000,   240.0000,   271.4500,      59400,         96,            15855480
VSWS,B,20260429,544454,,Indiqube Spaces,   175.0000,   176.9000,   170.4500,   171.4000,       2045,         43,              351720
VSWS,B,20260429,544455,,GNG Electronics,   415.6000,   421.5000,   408.0000,   412.1500,       9641,        478,             3989866
VSWS,B,20260429,544456,,R M Drip & Sprinkler,    20.8500,    20.8500,    20.8500,    20.8500,      39105,         60,              815339
VSWS,B,20260429,544457,,Brigade Hotel Ventur,    68.1000,    69.7000,    67.5000,    68.0000,      15648,        336,             1070994
VSWS,B,20260429,544458,,Shree Refrigerations,   215.9500,   217.4500,   206.0000,   207.6500,      93000,        155,            19689475
VSWS,B,20260429,544459,,Shanti Gold Internat,   204.0500,   207.9500,   202.5500,   204.7000,       9255,        248,             1896309
VSWS,B,20260429,544460,,Patel Chem Specialit,    89.5000,    91.9000,    89.1300,    91.5900,      36800,         12,             3321648
VSWS,B,20260429,544461,,Euro Panel Products,   171.8000,   171.8000,   169.0000,   169.1000,        158,          6,               26827
VSWS,B,20260429,544463,,Repono,    55.3500,    55.3500,    54.9000,    54.9000,       3600,          3,              198180
VSWS,B,20260429,544464,,Umiya Mobile,    56.0000,    59.2500,    55.7500,    56.2300,      26000,         13,             1478680
VSWS,B,20260429,544465,,Laxmi India Finance,   116.0000,   118.8700,   112.4600,   116.8600,       6769,        496,              784768
VSWS,B,20260429,544466,,Aditya Infotech,  2317.0000,  2353.9500,  2293.5000,  2334.0500,      13675,       1009,            31757212
VSWS,B,20260429,544467,,National Secu Deposi,   890.0000,   895.0000,   877.0000,   879.1500,     558637,      22977,           494273498
VSWS,B,20260429,544469,,Sri Lotus Developers,   148.5000,   150.0000,   145.7500,   146.5500,      17899,        328,             2631900
VSWS,B,20260429,544470,,M & B Engineering,   336.8500,   341.5000,   333.3000,   334.8500,       4277,        277,             1440729
VSWS,B,20260429,544471,,Takyon Networks,    26.1800,    26.1900,    24.7500,    25.8000,      20000,         10,              508940
VSWS,B,20260429,544472,,Mehul Colours,    61.0000,    61.0000,    61.0000,    61.0000,       1600,          1,               97600
VSWS,B,20260429,544473,,Groww BSE Power ETF,    12.5400,    12.6600,    12.3000,    12.3200,     350392,        795,             4359949
VSWS,B,20260429,544475,,Essex Marine,    41.9500,    46.2000,    41.8000,    45.9600,     110000,         48,             4832940
VSWS,B,20260429,544476,,Jeena Sikho Lifecare,   684.7000,   690.0000,   668.9500,   678.1500,      10068,        511,             6849235
VSWS,B,20260429,544477,,Highway Infrastructu,    51.5000,    52.8300,    51.3000,    52.5000,       6971,         78,              365562
VSWS,B,20260429,544479,,All Time Plastics,   240.5000,   240.5000,   233.4000,   235.9000,       1743,        114,              412860
VSWS,B,20260429,544480,,JSW Cement,   124.8500,   124.9000,   123.6500,   124.3000,      69709,       1272,             8664767
VSWS,B,20260429,544482,,Star Imaging And Pat,    83.8500,    83.8500,    75.0000,    75.0000,      13000,         13,             1018210
VSWS,B,20260429,544483,,Icodex Publishing So,    47.1000,    47.7900,    44.2100,    44.2100,       7200,          6,              330540
VSWS,B,20260429,544484,,BlueStone Jewellery,   516.2500,   526.2000,   508.4000,   511.4500,      21034,        920,            10889424
VSWS,B,20260429,544485,,Regaal Resources,    85.6700,    87.5300,    84.0500,    84.1600,      27985,        467,             2394570
VSWS,B,20260429,544486,,Zerodha Nfty 8-13 Yr,    29.7300,    29.7400,    29.6500,    29.6600,       7059,         30,              209540
VSWS,B,20260429,544487,,Patel Retail,   215.2000,   215.2500,   208.4500,   211.1000,       2639,         84,              558530
VSWS,B,20260429,544488,,Vikram Solar,   226.1500,   231.6000,   224.7000,   225.7000,      94892,       1801,            21681195
VSWS,B,20260429,544489,,LGT Global Hospitali,    53.0500,    55.9500,    53.0400,    55.9500,       3600,          3,              194448
VSWS,B,20260429,544490,,Shreeji Shipping Glo,   400.3000,   406.5500,   397.8000,   401.9000,      27184,        432,            10907942
VSWS,B,20260429,544491,,Gem Aromatics,   173.2000,   173.2000,   165.4000,   168.3000,        675,         25,              112899
VSWS,B,20260429,544492,,Mangal Electrical In,   300.0000,   304.0000,   289.0000,   292.5500,       3641,         93,             1078774
VSWS,B,20260429,544494,,Globtier Infotech,    19.5000,    19.5000,    19.5000,    19.5000,       1600,          1,               31200
VSWS,B,20260429,544495,,NIS Management,    58.1000,    58.1000,    57.2500,    57.5000,      20400,          6,             1171740
VSWS,B,20260429,544496,,Vikran Engineering,    74.2400,    76.6500,    73.0000,    73.7500,     185489,       1133,            13886617
VSWS,B,20260429,544497,,Anlon Healthcare,    13.1500,    14.3000,    13.1500,    13.4500,     387297,       1040,             5288039
VSWS,B,20260429,544498,,Oval Projects Engine,    50.0000,    50.0000,    50.0000,    50.0000,       3200,          2,              160000
VSWS,B,20260429,544499,,Career Point Edutech,   195.9000,   216.9000,   195.9000,   212.2500,        135,         52,               28006
VSWS,B,20260429,544500,,Abril Paper Tech,    38.7400,    38.7400,    38.7300,    38.7400,      10000,          5,              387380
VSWS,B,20260429,544501,,SUGS Lloyd,   132.6000,   143.5000,   130.0000,   136.7500,     322000,        286,            44797750
VSWS,B,20260429,544502,,Amanta Healthcare,   133.3000,   134.3700,   130.0800,   130.8800,      12921,        106,             1702122
VSWS,B,20260429,544503,,Rachit Prints,   180.0000,   180.0000,   177.0000,   179.0000,       7000,          7,             1257000
VSWS,B,20260429,544504,,Goel Construction Co,   340.0000,   340.7500,   335.0000,   336.1000,       7600,         19,             2566080
VSWS,B,20260429,544505,,Austere Systems,    51.0000,    51.0000,    51.0000,    51.0000,       2000,          1,              102000
VSWS,B,20260429,544506,,Sharvaya Metals,   109.2000,   116.2200,   108.1000,   116.2200,      13800,         23,             1548270
VSWS,B,20260429,544507,,Zerodha Nifty Smallc,    10.2500,    10.3200,    10.2100,    10.2500,     130314,        273,             1335734
VSWS,B,20260429,544510,,Nilachal Carbo Metal,    89.5000,    89.5000,    85.5000,    88.9900,      16000,         10,             1404000
VSWS,B,20260429,544511,,Karbonsteel Engineer,   142.4000,   143.4000,   141.6000,   141.8000,       7200,          7,             1027680
VSWS,B,20260429,544512,,Shringar House Of Ma,   205.0000,   207.5000,   203.5500,   204.6500,      16395,        292,             3364077
VSWS,B,20260429,544513,,Dev Accelerator,    42.6500,    43.0800,    42.3000,    42.4700,       8979,         97,              383347
VSWS,B,20260429,544515,,Urban Company,   143.7500,   148.6000,   142.0500,   147.4500,     266261,       2135,            38736501
VSWS,B,20260429,544516,,Airfloa Rail Technol,   339.0000,   340.0000,   323.5000,   325.3000,     133000,        106,            43984750
VSWS,B,20260429,544517,,Shankara Buildpro,  1140.9500,  1147.2000,  1078.3000,  1092.7500,       3288,        299,             3674844
VSWS,B,20260429,544518,,L T Elevator,   173.0000,   173.0000,   170.0000,   171.1000,      51200,         31,             8765280
VSWS,B,20260429,544519,,Euro Pratik Sales,   269.4000,   270.6000,   265.0500,   267.3500,       1307,         89,              348832
VSWS,B,20260429,544520,,Sampat Aluminium,    49.9800,    49.9800,    49.0000,    49.0000,       2400,          2,              118776
VSWS,B,20260429,544521,,VMS TMT,    46.7700,    51.9000,    46.7700,    51.5100,      26847,        317,             1341899
VSWS,B,20260429,544522,,A B Cotspin India Lt,   262.0000,   262.0000,   221.0500,   225.8000,       5157,        601,             1217706
VSWS,B,20260429,544523,,Ivalue Infosolutions,   257.0000,   264.6000,   254.4500,   256.5000,       2250,        132,              581432
VSWS,B,20260429,544524,,JD Cables,   218.0000,   219.7000,   205.6000,   207.5000,      92000,         87,            19556440
VSWS,B,20260429,544525,,GK Energy,   140.5900,   140.5900,   129.5100,   130.0500,     151862,       2076,            20458343
VSWS,B,20260429,544526,,Saatvik Green Energy,   482.3500,   502.3500,   477.9500,   480.8000,      22427,        861,            11052871
VSWS,B,20260429,544527,,Atlanta Electricals,  1798.0000,  1840.0000,  1728.8500,  1813.4500,      11952,       1666,            21363814
VSWS,B,20260429,544528,,Ganesh Consumer Prod,   195.6000,   196.1500,   191.8000,   193.7000,       3734,        193,              724702
VSWS,B,20260429,544529,,Aptus Pharma,   390.0000,   407.0000,   383.0000,   395.7000,      22000,         11,             8680300
VSWS,B,20260429,544530,,Anand Rathi Share An,   608.8500,   608.8500,   592.3000,   600.6500,      39850,        872,            23919561
VSWS,B,20260429,544531,,True Colors,   206.0000,   209.5000,   196.0500,   197.2000,      81000,        116,            16294890
VSWS,B,20260429,544532,,Solarworld Energy So,   203.0000,   211.6000,   199.3000,   200.8000,      24806,        705,             5111470
VSWS,B,20260429,544533,,Seshaasai Technologi,   243.7500,   245.0000,   241.0000,   243.2500,       4508,        220,             1095118
VSWS,B,20260429,544534,,Jaro Inst of Tech Mg,   419.0500,   450.0000,   417.0000,   429.0000,      22334,        610,             9621377
VSWS,B,20260429,544535,,Bharatrohan Airborne,   115.0000,   121.0000,   114.0500,   120.6500,      32000,         19,             3768400
VSWS,B,20260429,544536,,Wealth First Portfol,   937.4500,   968.0000,   890.6000,   935.1000,         53,         18,               49621
VSWS,B,20260429,544537,,Jain Resource Recycl,   452.5000,   472.8000,   448.3500,   460.9000,     173196,       4868,            80384377
VSWS,B,20260429,544539,,Solvex Edibles,    24.1800,    24.1800,    24.1800,    24.1800,       1600,          1,               38688
VSWS,B,20260429,544540,,Epack Prefab Technol,   201.0500,   205.0000,   196.4500,   197.0500,      24342,        628,             4863876
VSWS,B,20260429,544541,,Systematic Industrie,   210.1000,   239.9000,   206.3000,   229.8000,     401400,        502,            92236200
VSWS,B,20260429,544542,,Justo Realfintech,   102.0000,   102.8000,   102.0000,   102.0000,       8000,          7,              817050
VSWS,B,20260429,544543,,BMW Ventures,    66.0000,    66.0000,    64.7400,    64.8300,      12154,        132,              789932
VSWS,B,20260429,544544,,Telge Projects,   105.0000,   109.4000,   105.0000,   106.7500,      28800,         22,             3063852
VSWS,B,20260429,544545,,TruAlt Bioenergy,   482.8000,   507.6500,   481.2000,   484.6000,      66053,       1765,            32817224
VSWS,B,20260429,544546,,Chatterbox Technolog,    67.9500,    68.5000,    65.0000,    67.8400,      15600,         11,             1048572
VSWS,B,20260429,544547,,Jinkushal Industries,    90.1600,    93.9000,    88.2500,    91.1500,        664,         29,               59501
VSWS,B,20260429,544548,,Gujarat Peanut And A,    86.5000,    87.0000,    81.0000,    81.0000,      11200,          5,              925616
VSWS,B,20260429,544549,,Earkart,   148.3000,   150.0000,   145.0000,   145.0000,       6000,          6,              890050
VSWS,B,20260429,544550,,Pace Digitek,   182.9500,   183.0000,   175.2000,   175.7500,      37502,        573,             6713374
VSWS,B,20260429,544551,,Bhavik Enterprises,   164.1500,   164.1500,   164.1500,   164.1500,       1000,          1,              164150
VSWS,B,20260429,544552,,Rukmani Devi Garg Ag,   106.4500,   108.0000,   106.4500,   108.0000,      19200,         10,             2071140
VSWS,B,20260429,544553,,M P K Steels (I),   123.0000,   123.0000,   121.0000,   121.0000,       3200,          2,              390400
VSWS,B,20260429,544554,,KVS Castings,    60.0000,    60.0000,    60.0000,    60.0000,       6000,          3,              360000
VSWS,B,20260429,544555,,Ameenji Rubber,   159.0000,   160.0000,   150.1000,   157.9500,      27600,         19,             4255140
VSWS,B,20260429,544557,,Glottis,    63.0000,    63.4300,    56.5300,    58.9300,     100794,        864,             6060997
VSWS,B,20260429,544558,,Fabtech Technologies,   173.6000,   177.4500,   169.7500,   170.6000,      30025,        484,             5226075
VSWS,B,20260429,544561,,Chiraharit,     8.7200,     9.1000,     8.7100,     9.1000,      24000,          4,              213780
VSWS,B,20260429,544562,,Advance Agrolife,   114.0000,   114.5900,   111.6000,   111.6400,       6452,         72,              733901
VSWS,B,20260429,544563,,Zelio E Mobility,   495.0000,   504.6500,   470.8000,   486.7000,      73000,         63,            35917550
VSWS,B,20260429,544564,,Om Freight Forwarder,    83.0000,    84.3800,    81.0200,    83.9800,      15413,        313,             1286316
VSWS,B,20260429,544566,,Sunsky Logistics,    63.0000,    69.0200,    62.9700,    69.0200,      21000,          7,             1377510
VSWS,B,20260429,544567,,Infinity Infoway,   379.9500,   379.9500,   356.0000,   356.0000,       5600,          7,             2054320
VSWS,B,20260429,544568,,DSM Fresh Foods,   112.0000,   112.0000,   106.0000,   107.6700,      54000,         45,             5858940
VSWS,B,20260429,544569,,Tata Motors,   424.1500,   428.0000,   414.4000,   417.1000,     393035,      10062,           165422995
VSWS,B,20260429,544570,,WeWork India Managem,   543.8000,   549.9500,   541.2000,   548.0000,       3374,        217,             1843756
VSWS,B,20260429,544572,,SKF India (Industria,  2256.2000,  2263.1000,  2210.8000,  2227.3500,        631,        119,             1411427
VSWS,B,20260429,544574,,Tata Capital,   327.1000,   331.8000,   322.6000,   325.1500,     224805,       7157,            73552292
VSWS,B,20260429,544575,,Mittal Sections,    34.7500,    34.7500,    34.7500,    34.7500,       1000,          1,               34750
VSWS,B,20260429,544576,,LG Electronics India,  1635.7500,  1635.7500,  1609.5500,  1626.0000,      12459,       1498,            20216973
VSWS,B,20260429,544577,,Worth Peripherals,   126.5000,   141.9500,   126.5000,   135.5000,       1063,         32,              142561
VSWS,B,20260429,544578,,Rubicon Research,   948.0500,   978.5000,   948.0000,   972.2500,      22797,       3025,            22054148
VSWS,B,20260429,544580,,Canara Robeco Asset,   269.9500,   272.5500,   256.0500,   257.0500,      30589,        969,             7981770
VSWS,B,20260429,544581,,DSP Nifty500 Flexica,     9.7900,     9.8500,     9.7500,     9.7600,       2557,         31,               25056
VSWS,B,20260429,544582,,Shlokka Dyes,    27.0500,    27.0500,    26.0000,    26.5900,       4800,          4,              128172
VSWS,B,20260429,544583,,Canara HSBC Life Ins,   144.5500,   149.5000,   144.0500,   146.1500,     370289,       8951,            54327748
VSWS,B,20260429,544584,,SK Minerals & Additi,   276.1000,   280.0000,   275.0000,   275.2500,      16000,         16,             4429100
VSWS,B,20260429,544586,,Zerodha Nifty 50 ETF,     9.3200,     9.7000,     9.3200,     9.6300,      64198,        258,              618230
VSWS,B,20260429,544587,,Midwest,  1302.2500,  1304.2000,  1246.9500,  1249.7500,       1293,        208,             1635696
VSWS,B,20260429,544594,,Game Changers Texfab,   111.9000,   111.9000,   107.1000,   107.1000,       4800,          4,              522120
VSWS,B,20260429,544595,,Orkla India,   644.0500,   650.6500,   643.0500,   646.6500,       1182,        152,              765868
VSWS,B,20260429,544596,,Safecure Services,    30.0000,    30.0000,    30.0000,    30.0000,       1200,          1,               36000
VSWS,B,20260429,544597,,Piramal Finance,  2025.1500,  2055.3500,  1983.9500,  2013.2000,     117473,       8456,           237256573
VSWS,B,20260429,544598,,Accuracy Shipping,     5.1500,     5.3400,     5.0500,     5.2000,      15460,         47,               79287
VSWS,B,20260429,544599,,Studds Accessories,   488.0000,   493.1000,   488.0000,   491.1500,        639,         45,              313651
VSWS,B,20260429,544600,,Lenskart Solutions,   540.3000,   541.6000,   515.6500,   519.4000,      98791,       5187,            52036412
VSWS,B,20260429,544601,,Choice Gold ETF,   147.2700,   150.9500,   145.2000,   147.0500,        550,         19,               80977
VSWS,B,20260429,544603,,Billionbrains Garage,   222.9500,   227.0000,   212.0500,   213.4000,    2563025,      15149,           563891924
VSWS,B,20260429,544604,,Mirae Asset Nifty En,    41.2500,    41.5800,    41.0100,    41.0200,      53955,        177,             2223193
VSWS,B,20260429,544605,,Mirae Asset Nifty Sm,    16.9000,    16.9200,    16.8200,    16.8400,       6336,         45,              106974
VSWS,B,20260429,544606,,Pine Labs,   205.2000,   207.8000,   194.9000,   198.0500,     260947,       4456,            52328766
VSWS,B,20260429,544607,,Shining Tools,    64.8000,    64.8000,    64.8000,    64.8000,       1200,          1,               77760
VSWS,B,20260429,544608,,Emmvee Photovoltaic,   286.3500,   299.4500,   286.3500,   290.9000,    1105212,      14822,           325440878
VSWS,B,20260429,544609,,Physicswallah,   106.3100,   112.0000,   105.5800,   110.6200,     597516,       5447,            65523525
VSWS,B,20260429,544610,,Workmates Core2cloud,   340.0500,   344.5000,   338.3500,   340.0000,      10800,         17,             3680340
VSWS,B,20260429,544611,,Mahamaya Lifescience,   185.1000,   187.8000,   185.0000,   186.0000,      24000,         18,             4458060
VSWS,B,20260429,544612,,Tenneco Clean Air In,   571.6500,   644.0000,   571.6500,   595.4500,    1476424,      33321,           915260875
VSWS,B,20260429,544613,,Fujiyama Power Syste,   311.2000,   313.0000,   291.0000,   299.7000,      31283,        917,             9444672
VSWS,B,20260429,544614,,Capillary Techno Ind,   591.5000,   591.5000,   554.8500,   561.1000,       4242,        275,             2401544
VSWS,B,20260429,544615,,KSR Footwear,    34.5000,    34.6300,    32.8600,    33.4400,      10808,         48,              362286
VSWS,B,20260429,544616,,Gallard Steel,   140.0000,   140.0000,   129.0000,   132.7500,      19000,         19,             2571450
VSWS,B,20260429,544617,,Excelsoft Technologi,    94.3600,    97.7000,    94.1200,    94.5000,      52108,        730,             4996945
VSWS,B,20260429,544618,,Edelweiss BSE Sensex,    77.1000,    78.0000,    77.1000,    78.0000,         73,          4,                5643
VSWS,B,20260429,544619,,Sudeep Pharma,   691.4000,   695.0000,   685.8500,   692.1000,      19098,       5439,            13218889
VSWS,B,20260429,544621,,SSMD Agrotech India,    71.1000,    71.1500,    67.9300,    69.8400,      16000,         14,             1102730
VSWS,B,20260429,544622,,Kwality Wall's (Indi,    27.2800,    27.2800,    26.5000,    26.8600,     278319,       2296,             7465822
VSWS,B,20260429,544623,,Mother Nutri Foods,   175.0000,   175.0000,   175.0000,   175.0000,       1200,          1,              210000
VSWS,B,20260429,544625,,Logiciel Solutions,    46.0900,    50.9000,    46.0800,    50.6800,       5400,          9,              257256
VSWS,B,20260429,544626,,Exato Technologies,   390.0000,   400.0000,   386.2500,   396.5000,      19000,         19,             7439700
VSWS,B,20260429,544627,,Purple Wave Infocom,   137.5000,   147.0000,   112.0000,   118.8000,     675000,        571,            85868850
VSWS,B,20260429,544631,,Creative Newtech,   605.0000,   606.7000,   589.3000,   598.3000,        125,         37,               75184
VSWS,B,20260429,544632,,Meesho,   179.5000,   181.6000,   171.8500,   172.8000,     295802,       3879,            52231798
VSWS,B,20260429,544633,,Vidya Wires,    88.2300,    91.6100,    88.0000,    88.7800,     522663,       2718,            47015764
VSWS,B,20260429,544634,,Aequs,   201.7500,   205.6000,   187.5000,   192.8000,     154381,       2417,            30350896
VSWS,B,20260429,544635,,Luxury Time,    70.5000,    70.5000,    70.5000,    70.5000,       1600,          1,              112800
VSWS,B,20260429,544636,,Western Overseas Stu,    20.0000,    21.0000,    20.0000,    21.0000,      12000,          5,              250000
VSWS,B,20260429,544637,,Methodhub Software,    83.0000,    83.0000,    81.6500,    81.6500,       3000,          5,              246120
VSWS,B,20260429,544638,,Bandhan Gold ETF,   150.8500,   150.8500,   147.0000,   147.4300,        492,         64,               72826
VSWS,B,20260429,544639,,Bandhan Silver ETF,   237.2300,   238.6700,   232.9100,   233.4300,       1678,        104,              395555
VSWS,B,20260429,544640,,Riddhi Display Equip,    38.0000,    38.0000,    38.0000,    38.0000,       2400,          2,               91200
VSWS,B,20260429,544641,,K V Toys India,   275.0000,   275.0000,   266.5000,   266.7500,       9000,         15,             2428380
VSWS,B,20260429,544642,,Wakefit Innovations,   146.2500,   146.2500,   142.2500,   142.5000,       3007,        264,              429645
VSWS,B,20260429,544643,,Prodocs Solutions,   196.0000,   196.0000,   188.7000,   188.7000,       2000,          2,              384700
VSWS,B,20260429,544644,,Corona Remedies,  1700.8500,  1708.9000,  1678.8500,  1689.2000,      19184,        348,            32694687
VSWS,B,20260429,544645,,Park Medi World,   234.5000,   238.8000,   234.5000,   235.2000,      12302,        368,             2901314
VSWS,B,20260429,544646,,Shipwaves Online,     4.2000,     4.2000,     4.2000,     4.2000,      10000,          1,               42000
VSWS,B,20260429,544647,,Nephrocare Health Se,   540.9500,   545.1000,   530.0000,   530.7500,       1815,        159,              975888
VSWS,B,20260429,544648,,Unisem Agritech,    62.0000,    62.0000,    61.5000,    61.5000,      10000,          4,              618940
VSWS,B,20260429,544654,,Dsp Nifty Smallcap 2,    17.0000,    17.0000,    16.7800,    16.8600,      10678,         32,              179764
VSWS,B,20260429,544655,,Dsp Nifty Midcap 150,    22.4500,    22.4500,    22.4500,    22.4500,          1,          1,                  22
VSWS,B,20260429,544656,,HRS Aluglaze,   229.0000,   235.7500,   220.0000,   223.5500,      57600,         27,            13150620
VSWS,B,20260429,544657,,Pajson Agro India,   204.7500,   204.7500,   204.7500,   204.7500,       1200,          1,              245700
VSWS,B,20260429,544658,,ICICI Pru Asset Mgt,  3327.6500,  3333.5000,  3267.0000,  3313.3500,      11126,       2564,            36672854
VSWS,B,20260429,544660,,Mirae Asset Nifty To,     8.7800,     8.8400,     8.7700,     8.7700,       3137,         20,               27618
VSWS,B,20260429,544661,,Mirae Asset B 500 Dv,    37.0000,    37.4100,    37.0000,    37.3900,        321,          7,               11961
VSWS,B,20260429,544662,,Simandhar Impex,   145.8500,   148.7500,   145.8500,   148.7500,        141,          3,               20579
VSWS,B,20260429,544663,,Neptune Logitek,    44.0100,    44.0100,    44.0100,    44.0100,       1000,          1,               44010
VSWS,B,20260429,544664,,KSH International,   691.6500,   702.6000,   659.7000,   668.3500,      23982,       1141,            16212080
VSWS,B,20260429,544666,,Gujarat Kidney And S,   115.0000,   124.7500,   115.0000,   119.0000,     518108,       3170,            61946064
VSWS,B,20260429,544667,,Dachepalli Publisher,    69.0000,    70.0000,    66.1100,    70.0000,      39600,         17,             2752812
VSWS,B,20260429,544668,,Nanta Tech,   442.0000,   449.0000,   442.0000,   448.5000,       1800,          3,              803400
VSWS,B,20260429,544669,,Admach Systems,   220.0000,   222.5000,   199.9500,   200.5000,      31800,         20,             6409410
VSWS,B,20260429,544670,,Bai-Kakaji Polymers,   184.0000,   189.4500,   184.0000,   188.6000,      17400,         25,             3241500
VSWS,B,20260429,544671,,Apollo Techno Indust,   101.0000,   104.0000,    99.0000,    99.0000,      10000,         10,             1016050
VSWS,B,20260429,544672,,Wealth Company Gold,   148.0000,   148.0000,   148.0000,   148.0000,         15,          5,                2220
VSWS,B,20260429,544674,,DSP Nifty Next 50 ET,    71.1300,    71.1300,    70.8300,    70.8300,       1261,         16,               89431
VSWS,B,20260429,544675,,Gabion Technologies,    61.8000,    62.0000,    61.0000,    62.0000,       8000,          5,              493040
VSWS,B,20260429,544676,,Yajur Fibres,    50.6100,    51.5000,    49.2500,    49.2500,       9600,         12,              484864
VSWS,B,20260429,544677,,Defrail Technologies,    70.0000,    70.0000,    68.0000,    68.0000,       8000,          5,              551680
VSWS,B,20260429,544678,,Bharat Coking Coal,    33.6500,    33.8400,    33.4600,    33.6600,     785603,       3398,            26421985
VSWS,B,20260429,544679,,Amagi Media Labs,   401.6000,   426.3000,   400.0500,   415.8000,     102950,       2049,            41799243
VSWS,B,20260429,544680,,Narmadesh Brass Indu,   294.7000,   298.0000,   280.0000,   293.0000,       3600,         14,             1045608
VSWS,B,20260429,544681,,Indo SMC,   214.8000,   217.0000,   207.1000,   212.6500,     142000,         74,            30555450
VSWS,B,20260429,544682,,GRE Renew Enertech,   113.0000,   113.0000,   110.0000,   110.0000,      19200,          8,             2116860
VSWS,B,20260429,544683,,Aritas Vinyl,    15.9400,    15.9500,    15.0100,    15.1500,      30000,         10,              459810
VSWS,B,20260429,544684,,Digilogic Systems,    97.7600,    98.9900,    96.0100,    97.0000,      13200,          8,             1284096
VSWS,B,20260429,544685,,Shadowfax Technologi,   157.0000,   172.9000,   154.3500,   166.0500,     393227,       4401,            63612402
VSWS,B,20260429,544686,,Shayona Engineering,   128.0000,   130.0000,   128.0000,   128.0000,      12000,          8,             1553100
VSWS,B,20260429,544687,,Hannah Joseph Hospit,    75.6000,    76.0000,    72.1000,    72.6700,      40000,         18,             2959300
VSWS,B,20260429,544688,,Kasturi Metal Compos,    63.0000,    64.0000,    61.7500,    64.0000,      26000,         12,             1643200
VSWS,B,20260429,544693,,Kanishk Aluminium In,    33.5600,    33.5600,    33.4000,    33.5600,      30400,         19,             1019952
VSWS,B,20260429,544694,,Accretion Nutraveda,   288.0000,   288.0000,   252.0000,   267.5000,      26000,         24,             6926850
VSWS,B,20260429,544695,,MSafe Equipments,   147.0000,   152.5000,   140.6500,   142.6500,      66000,         56,             9731700
VSWS,B,20260429,544698,,Pan HR Solution,    73.8000,    74.4000,    72.0000,    74.4000,      92800,         24,             6804880
VSWS,B,20260429,544699,,Aye Finance,   147.9500,   148.4300,   134.2100,   139.8100,     422274,       6532,            59020339
VSWS,B,20260429,544700,,Fractal Analytics,   983.6500,   984.0500,   929.5000,   936.4500,      68254,       3482,            65048534
VSWS,B,20260429,544701,,Mirae Ass Nfty 500 H,    19.0600,    19.1800,    18.9800,    18.9800,      11302,         22,              215478
VSWS,B,20260429,544702,,DCM Shriram Internat,    61.9500,    64.6500,    61.4000,    62.6300,       7969,         62,              500955
VSWS,B,20260429,544703,,DCM Shriram Fine Che,    24.5800,    25.3200,    24.0900,    24.7600,      17616,        503,              435427
VSWS,B,20260429,544704,,Mirae A Nifty Ind In,    12.1500,    12.1600,    12.0500,    12.0500,        767,         26,                9298
VSWS,B,20260429,544705,,Mirae Asset BSE (I),    73.9200,    74.7400,    73.8000,    74.1700,       5276,        122,              392029
VSWS,B,20260429,544707,,Fractal Industries,   208.0000,   214.0000,   207.1000,   209.6500,      45000,         14,             9440460
VSWS,B,20260429,544708,,Yashhtej Industries,    67.5600,    67.5600,    67.5600,    67.5600,       3600,          3,              243216
VSWS,B,20260429,544709,,Gaudium IVF And Wome,   115.7000,   119.3400,   115.7000,   115.7000,      26635,        326,             3083347
VSWS,B,20260429,544710,,Accord Transf & Swit,    62.7000,    63.0000,    61.5500,    62.0000,      72000,         21,             4495740
VSWS,B,20260429,544711,,Kiaasa Retail,    44.5000,    44.5000,    42.4000,    43.1200,     123000,         42,             5352270
VSWS,B,20260429,544716,,Shree Ram Twistex,    50.0000,    51.2000,    48.9900,    49.0900,      13158,        156,              652858
VSWS,B,20260429,544717,,Clean Max Enviro Ene,  1070.0000,  1101.5000,  1069.3500,  1089.9500,       7981,       1070,             8664484
VSWS,B,20260429,544718,,PNGS Reva Diamond Je,   439.1000,   476.0000,   408.0000,   415.7500,      80501,       3295,            35930947
VSWS,B,20260429,544719,,A Birla SLife BSE T,   164.3300,   166.3700,   164.3300,   166.3700,         61,          6,               10093
VSWS,B,20260429,544720,,Omnitech Engineering,   417.4000,   417.4000,   364.6500,   385.0500,      42317,       1720,            16545561
VSWS,B,20260429,544721,,Groww BSE Hospitals,    49.7100,    49.8800,    48.1900,    48.4500,       5185,         87,              253812
VSWS,B,20260429,544722,,SBI Nifty Midcap 150,    61.7400,    62.9200,    61.5700,    61.8500,       5705,         17,              353284
VSWS,B,20260429,544723,,Sedemac Mechatronics,  1921.9000,  1921.9000,  1807.2000,  1823.1000,       6744,        656,            12475515
VSWS,B,20260429,544724,,Elfin Agro India,    50.1000,    51.8000,    50.1000,    51.8000,      15000,          5,              765120
VSWS,B,20260429,544725,,DSP BSE Top 10 Banks,    16.5000,    16.7800,    16.5000,    16.5000,       1153,          7,               19052
VSWS,B,20260429,544726,,Kotyark Industries,   415.4500,   428.2000,   406.0000,   426.0500,       1589,         70,              670083
VSWS,B,20260429,544731,,Rajputana Stainless,   138.9000,   141.9000,   136.9000,   138.6500,      41988,        533,             5859156
VSWS,B,20260429,544732,,Innovision,   328.0500,   334.8000,   327.3000,   332.1500,      10488,        446,             3471957
VSWS,B,20260429,544733,,GSP Crop Science,   417.7000,   426.3500,   415.2000,   419.8000,       3421,        192,             1437641
VSWS,B,20260429,544735,,Novus Loyalty,   170.0000,   175.5000,   167.0000,   168.5500,      48000,         45,             8205450
VSWS,B,20260429,544736,,HSBC Gold ETF,   129.0000,   129.0000,   127.0100,   127.7000,        297,         30,               38006
VSWS,B,20260429,544737,,Mirae Asst Nifty 50,    16.9000,    16.9700,    16.8000,    16.8300,       5831,         17,               98400
VSWS,B,20260429,544738,,Speciality Medicines,   381.2000,   381.2000,   344.9000,   347.8000,      38000,         37,            13789900
VSWS,B,20260429,544739,,Central Mine Plannin,   191.6500,   193.9000,   184.0000,   185.3000,     266145,       3465,            50258621
VSWS,B,20260429,544740,,Tipco Engineering In,   123.8300,   126.0000,   117.6400,   117.6400,      65600,         23,             7834048
VSWS,B,20260429,544741,,Highness Microelectr,   108.5500,   122.9500,   108.5500,   122.4000,      86400,         70,            10311540
VSWS,B,20260429,544742,,Sai Parenteral's,   492.5000,   492.5000,   485.0000,   485.8000,      14233,       1826,             6964114
VSWS,B,20260429,544743,,Amir Chand Jagdish K,   136.8000,   139.9500,   134.3500,   134.8000,      60008,       1055,             8185223
VSWS,B,20260429,544744,,Powerica,   490.0500,   497.5000,   477.8000,   492.4000,      50771,       1977,            24830597
VSWS,B,20260429,544745,,SBI Nfty Midcap 150,    22.4000,    22.5600,    22.1800,    22.1800,       1438,         28,               32243
VSWS,B,20260429,544746,,Safety Controls & De,    81.5000,    81.5000,    78.2000,    79.9000,      14400,          9,             1155328
VSWS,B,20260429,544747,,Emiac Technologies,   112.5000,   112.5000,   108.6000,   110.0000,      85200,         66,             9290880
VSWS,B,20260429,544748,,One Point One Soluti,    53.3900,    53.3900,    51.4900,    52.8900,      61344,        488,             3223687
VSWS,B,20260429,544750,,Om Power Transmissio,   199.0000,   206.0000,   196.2000,   197.8000,       9621,        151,             1912870
VSWS,B,20260429,544751,,Mehul Telecom,   127.2600,   127.2600,   115.1400,   124.5300,     266400,        135,            33206988
VSWS,B,20260429,555555,,ICICI Pru BSE Sensex,   857.1000,   891.8600,   857.1000,   886.4400,       1125,         59,              999684
VSWS,B,20260429,570002,,Future Enter Type B,     3.0000,     3.0000,     3.0000,     3.0000,       1054,          5,                3162
VSWS,B,20260429,570004,,Jain Irrigation DVR,    23.7000,    24.6000,    23.0300,    24.6000,       2503,         15,               58049
VSWS,B,20260429,570005,,GACM Techno Type B,     0.4600,     0.4800,     0.4600,     0.4700,     102786,         39,               47812
VSWS,B,20260429,590003,,Karur Vysya Bank,   296.9000,   299.8000,   291.2500,   297.8500,      51081,       1098,            15120588
VSWS,B,20260429,590005,,Veedol Corporation,  1421.4500,  1452.2000,  1415.0000,  1434.1000,       1604,        187,             2290158
VSWS,B,20260429,590006,,Amrutanjan Health Ca,   576.6000,   587.8500,   576.6000,   580.8500,       1065,        238,              619490
VSWS,B,20260429,590013,,Xpro India,  1019.2500,  1030.0500,   994.9500,  1027.5000,       3971,        172,             3989412
VSWS,B,20260429,590021,,Bharat Rasayan,  1400.4500,  1410.0000,  1377.1000,  1379.9000,        940,        160,             1311758
VSWS,B,20260429,590024,,Fert & Chem Travan,   915.0000,   927.0000,   903.5500,   911.3000,      18264,       1050,            16632371
VSWS,B,20260429,590025,,Ginni Filaments,    41.1600,    42.9300,    41.1600,    42.4900,       1565,         63,               65554
VSWS,B,20260429,590030,,Southern Petrochem,    70.5100,    71.3500,    69.6000,    70.1900,      29823,        329,             2108846
VSWS,B,20260429,590031,,De Nora India,   840.8000,   840.9500,   808.2000,   811.0000,        234,         73,              192396
VSWS,B,20260429,590041,,Kavveri Defence & Wi,    67.1500,    67.4800,    64.4000,    66.7000,      25008,        119,             1659890
VSWS,B,20260429,590051,,Saksoft,   142.1000,   145.1000,   140.9500,   141.8000,      12249,        314,             1755082
VSWS,B,20260429,590057,,Equippp Social Impac,    17.7500,    17.7500,    17.0100,    17.5900,        171,         12,                2929
VSWS,B,20260429,590062,,Andhra Sugars,    99.5900,   104.5100,    98.5000,   101.0600,      75976,       1092,             7788447
VSWS,B,20260429,590065,,India Motor Parts &,  1007.0000,  1017.0000,   993.6500,  1017.0000,         14,         13,               14029
VSWS,B,20260429,590066,,K C P,   176.0000,   183.7500,   174.5000,   180.4000,       7171,        198,             1274245
VSWS,B,20260429,590068,,Khaitan (India),   136.0100,   136.0100,   127.9300,   128.3100,       2260,         78,              290088
VSWS,B,20260429,590070,,Radaan Mediaworks (I,     3.2500,     3.3300,     3.2300,     3.3300,        214,          6,                 698
VSWS,B,20260429,590071,,Sundaram Finance,  4600.6000,  4656.0000,  4570.0000,  4624.2500,       1910,        507,             8816841
VSWS,B,20260429,590072,,Sundaram Brake Linin,   604.0000,   625.3500,   599.0500,   607.8500,        116,         73,               70519
VSWS,B,20260429,590073,,Wheels (I),  1067.0000,  1276.4000,  1064.7500,  1206.6500,     106048,       4121,           129912145
VSWS,B,20260429,590075,,Lambodhara Textile,   108.8900,   109.4100,   104.5000,   106.3800,        932,         52,               98511
VSWS,B,20260429,590078,,Maithan Alloys,   996.5000,  1011.0000,   988.1000,   993.2000,       4043,        267,             4034950
VSWS,B,20260429,590086,,Orissa Minerals Deve,  4320.8500,  4441.8500,  4186.4000,  4338.2000,       3076,        682,            13278604
VSWS,B,20260429,590095,,Nippon India ETF Gol,   122.6800,   122.9400,   121.3800,   121.6000,    1241423,       9525,           151646773
VSWS,B,20260429,590096,,Nippon INft 1D RLBeE,   999.9900,  1000.0100,   999.9900,   999.9900,     291847,        376,           291846459
VSWS,B,20260429,590097,,Kotak - Gold ETF,   124.9000,   124.9000,   122.5100,   122.7400,      47120,        735,             5797527
VSWS,B,20260429,590098,,SBI ETF Gold,   123.3300,   126.6400,   123.3300,   125.4100,     147439,       1787,            18572316
VSWS,B,20260429,590099,,Quantum Gold ETF,   122.8200,   122.8500,   121.6800,   121.8100,       3559,        285,              435720
VSWS,B,20260429,590101,,UTI - Gold ETF,   127.9400,   127.9400,   123.6000,   123.8100,      17304,        568,             2151385
VSWS,B,20260429,590103,,Nippon INft 50 BeES,   270.0000,   275.0000,   264.7600,   273.1500,     362144,       3326,            99134213
VSWS,B,20260429,590104,,Nippon INft N50 JrBe,   763.5100,   766.0000,   758.3100,   759.2600,      46476,       1143,            35409461
VSWS,B,20260429,590106,,NipponINft BnkBees,   572.0000,   579.4400,   570.0000,   570.8000,      35163,       1867,            20194823
VSWS,B,20260429,590107,,Kotak Nty PSU Bk ETF,   876.3700,   876.3700,   859.7400,   863.4300,       1316,        134,             1141250
VSWS,B,20260429,590108,,Nippon INft PSU BBeE,    96.2400,    97.8000,    95.8000,    96.0300,      64938,        445,             6278677
VSWS,B,20260429,590109,,Nippon INft50 Sha Be,   461.7100,   470.9700,   461.7100,   468.8800,       1172,        122,              548763
VSWS,B,20260429,590110,,Quantum Nifty 50 ETF,   263.4000,   265.8000,   263.4000,   265.0000,        666,         28,              176549
VSWS,B,20260429,590113,,Nippon India ETF Hng,   510.9100,   532.9400,   510.9100,   531.1200,       7745,        485,             4093648
VSWS,B,20260429,590115,,Motilal Oswal Nfty,   253.9200,   253.9200,   251.6700,   252.3900,        687,         30,              173152
VSWS,B,20260429,590134,,Madras Fertilizers,    70.0000,    70.9800,    68.7000,    68.9400,       6137,        105,              426572
VSWS,B,20260429,590136,,Kotak Nifty Bank ETF,    57.2500,    58.0900,    57.0800,    57.1600,      20127,        175,             1157957
VSWS,B,20260429,590137,,SBI ETF Nifty Bank,   568.5500,   575.4400,   565.3300,   569.4700,        739,         74,              420440
VSWS,B,20260429,590138,,SBI ETF Nifty 50,   261.0000,   261.0000,   257.0900,   258.1600,      16485,        289,             4267061
VSWS,B,20260429,590139,,Kotak Nifty 1D Rate,  1101.9200,  1101.9200,  1101.9000,  1101.9200,       3815,         17,             4203778
VSWS,B,20260429,590140,,Tata Gold ETF,    14.3600,    14.4800,    14.2500,    14.2800,    5550033,      10576,            79663879
VSWS,B,20260429,590141,,Nippon India ETF Nif,    32.2200,    32.5900,    32.1300,    32.4000,     212637,        778,             6901502
VSWS,B,20260429,590142,,Nippon Ind NftPh ETF,    23.5700,    24.1400,    23.5700,    23.8400,      79420,        502,             1895301
VSWS,B,20260429,590143,,Nippon INft 8-13 YGS,    29.1600,    29.1600,    29.0900,    29.1000,      31021,         30,              903121
VSWS,B,20260429,590144,,Nippon India ETF Nif,   231.7700,   234.0000,   227.3500,   229.0200,      16583,        396,             3816587
VSWS,B,20260429,590145,,Nippon India Silver,   228.6500,   228.6500,   223.8400,   224.1700,     672965,       4072,           151884712
VSWS,B,20260429,590146,,MOswal Gold ETF,   146.7000,   147.1600,   145.4500,   146.0800,        922,         34,              134811
VSWS,B,20260429,590147,,MOswal Silver ETF,   234.1100,   234.3500,   230.5900,   231.1100,        633,         40,              147745
VSWS,B,20260429,590148,,MO Nfty Scap 250 ETF,    16.6600,    17.0100,    16.6600,    16.8500,     221689,        282,             3744844
VSWS,B,20260429,590149,,Motilal Oswa Nifty C,    53.2500,    53.6800,    52.8700,    53.2800,      64104,        290,             3419873
VSWS,B,20260429,590150,,MO Nifty Realty ETF,    79.8000,    81.4300,    79.4300,    80.6400,      68044,        396,             5485177
VSWS,B,20260429,590151,,M Oswal Nifty 500 M,    52.0700,    52.1900,    51.5500,    51.6800,      19514,         44,             1014355
VSWS,B,20260429,590152,,M Oswal Nifty I Defe,    98.4900,   100.0800,    97.2700,    98.7700,     125995,        627,            12499994
VSWS,B,20260429,590153,,Motilal Oswal Nifty,    23.4200,    23.5100,    23.2300,    23.2600,      21429,        133,              502071
VSWS,B,20260429,590154,,Kotak Nifty Alpha 50,    47.7400,    49.7600,    47.7400,    49.2700,      22921,        150,             1134468
VSWS,N,20260429,NIX000000011,IX,INDIA VIX,18.0500,18.0500,16.7500,17.4400,0,0,0
VSWS,N,20260429,NIX000000008,IX,NIFTY 100,25060.2500,25271.8500,25010.6000,25106.1000,0,0,0
VSWS,N,20260429,NIX000000025,IX,NIFTY 200,13821.9500,13922.0000,13790.7000,13825.1000,0,0,0
VSWS,N,20260429,NIX000000001,IX,NIFTY 50,24096.9000,24334.7000,24059.9500,24177.6500,5142019240,37113971,1392800852885
VSWS,N,20260429,NIX000000005,IX,NIFTY 500,22875.3000,23026.9500,22825.1500,22871.0000,0,0,0
VSWS,N,20260429,NIX000000045,IX,NIFTY ALPHA 50,51438.5000,51836.6500,51250.1500,51409.8500,0,0,0
VSWS,N,20260429,NIX000000052,IX,NIFTY ALPHALOWVOL,25850.1000,26077.5500,25827.8000,25869.0500,0,0,0
VSWS,N,20260429,NIX000000084,IX,NIFTY AQL 30,22289.7000,22489.0000,22276.4500,22336.2500,0,0,0
VSWS,N,20260429,NIX000000085,IX,NIFTY AQLV 30,20014.0000,20245.5000,20013.8500,20078.7500,0,0,0
VSWS,N,20260429,NIX000000021,IX,NIFTY AUTO,25936.8500,26484.8000,25935.4500,26085.7500,0,0,0
VSWS,N,20260429,NIX000000007,IX,NIFTY BANK,55634.5000,56178.7500,55290.5000,55403.6000,0,0,0
VSWS,N,20260429,NIX000000079,IX,NIFTY CAPITAL MKT,5301.6000,5331.8500,5268.3500,5292.9000,0,0,0
VSWS,N,20260429,NIX000000125,IX,NIFTY CHEMICALS,28483.9500,28623.3500,28400.8000,28480.0500,0,0,0
VSWS,N,20260429,NIX000000027,IX,NIFTY COMMODITIES,10397.6500,10429.1500,10297.8500,10352.9000,0,0,0
VSWS,N,20260429,NIX000000056,IX,NIFTY CONSR DURBL,38149.0500,38318.0500,37768.0500,37868.0500,0,0,0
VSWS,N,20260429,NIX000000028,IX,NIFTY CONSUMPTION,11472.8000,11616.6500,11472.4000,11519.9500,0,0,0
VSWS,N,20260429,NIX000000102,IX,NIFTY COREHOUSING,15014.9000,15118.7500,14916.5500,14943.2000,0,0,0
VSWS,N,20260429,NIX000000089,IX,NIFTY CORP MAATR,38202.7000,38609.0000,38151.3000,38379.5000,0,0,0
VSWS,N,20260429,NIX000000032,IX,NIFTY CPSE,7531.7000,7593.3500,7475.2500,7508.0000,0,0,0
VSWS,N,20260429,NIX000000026,IX,NIFTY DIV OPPS 50,6095.3500,6156.7000,6074.7000,6108.2500,0,0,0
VSWS,N,20260429,NIX000000014,IX,NIFTY ENERGY,41228.3000,41423.3500,40904.0500,40961.4000,0,0,0
VSWS,N,20260429,NIX000000086,IX,NIFTY EV,3000.9000,3031.6500,2999.2000,3003.8500,0,0,0
VSWS,N,20260429,NIX000000029,IX,NIFTY FIN SERVICE,26007.2000,26158.7500,25846.7500,25913.9500,0,0,0
VSWS,N,20260429,NIX000000103,IX,NIFTY FINSEREXBNK,31179.7500,31401.2500,30981.8000,31126.3000,0,0,0
VSWS,N,20260429,NIX000000051,IX,NIFTY FINSRV25 50,28409.7500,28522.2500,28211.1500,28261.8000,0,0,0
VSWS,N,20260429,NIX000000015,IX,NIFTY FMCG,51065.3000,52067.0500,51027.7500,51771.8000,0,0,0
VSWS,N,20260429,NIX000000122,IX,NIFTY FPI 150,1542.8500,1554.6000,1539.7500,1544.5500,0,0,0
VSWS,N,20260429,NIX000000033,IX,NIFTY GROWSECT 15,10882.1500,11058.3500,10880.8000,10992.9000,0,0,0
VSWS,N,20260429,NIX000000055,IX,NIFTY HEALTHCARE,14968.5500,15037.4500,14904.3000,14941.0500,0,0,0
VSWS,N,20260429,NIX000000087,IX,NIFTY HIGHBETA 50,4136.6500,4157.7500,4113.1500,4121.9000,0,0,0
VSWS,N,20260429,NIX000000104,IX,NIFTY HOUSING,12134.3500,12157.5500,12018.8500,12042.9500,0,0,0
VSWS,N,20260429,NIX000000077,IX,NIFTY IND DEFENCE,8983.1500,9095.9000,8955.5500,9012.3000,0,0,0
VSWS,N,20260429,NIX000000066,IX,NIFTY IND DIGITAL,7816.0000,7856.7000,7776.5000,7792.2500,0,0,0
VSWS,N,20260429,NIX000000078,IX,NIFTY IND TOURISM,7433.5500,7467.8000,7383.4500,7404.8000,0,0,0
VSWS,N,20260429,NIX000000062,IX,NIFTY INDIA MFG,15681.0000,15774.9500,15656.2000,15676.0500,0,0,0
VSWS,N,20260429,NIX000000013,IX,NIFTY INFRA,9456.8500,9558.5500,9449.7500,9494.3500,0,0,0
VSWS,N,20260429,NIX000000127,IX,NIFTY INFRALOG,12117.5500,12163.4500,12032.4000,12051.1000,0,0,0
VSWS,N,20260429,NIX000000124,IX,NIFTY INTERNET,1249.4000,1254.2500,1222.4000,1225.0500,0,0,0
VSWS,N,20260429,NIX000000105,IX,NIFTY IPO,2154.0000,2160.0500,2130.4500,2134.3500,0,0,0
VSWS,N,20260429,NIX000000002,IX,NIFTY IT,29072.1500,29486.8000,29034.3000,29245.2000,0,0,0
VSWS,N,20260429,NIX000000059,IX,NIFTY LARGEMID250,16366.0000,16448.1000,16307.1000,16328.4000,0,0,0
VSWS,N,20260429,NIX000000090,IX,NIFTY LOW VOL 50,24296.8000,24500.0500,24287.0500,24343.1000,0,0,0
VSWS,N,20260429,NIX000000061,IX,NIFTY M150 QLTY50,23494.0000,23588.5000,23402.3000,23437.1500,0,0,0
VSWS,N,20260429,NIX000000023,IX,NIFTY MEDIA,1478.8000,1481.5500,1458.1500,1463.6000,0,0,0
VSWS,N,20260429,NIX000000022,IX,NIFTY METAL,13103.2000,13159.5500,12871.4000,13111.3500,0,0,0
VSWS,N,20260429,NIX000000065,IX,NIFTY MICROCAP250,23175.0000,23271.9000,23012.4500,23046.2000,0,0,0
VSWS,N,20260429,NIX000000039,IX,NIFTY MIDCAP LIQUID 15,16133.6000,16201.4500,16017.1500,16051.4000,0,0,0
VSWS,N,20260429,NIX000000063,IX,NIFTY MID SELECT,14054.2500,14102.7000,13905.2500,13932.7000,0,0,0
VSWS,N,20260429,NIX000000006,IX,NIFTY MIDCAP 100,60766.4500,60965.7000,60274.6000,60376.9000,0,0,0
VSWS,N,20260429,NIX000000046,IX,NIFTY MIDCAP 150,22351.4500,22409.4500,22176.1500,22212.3500,0,0,0
VSWS,N,20260429,NIX000000010,IX,NIFTY MIDCAP 50,17139.6500,17209.9500,17001.6500,17029.3000,0,0,0
VSWS,N,20260429,NIX000000049,IX,NIFTY MIDSML 400,20319.5500,20376.0000,20192.4500,20222.8500,0,0,0
VSWS,N,20260429,NIX000000070,IX,NIFTY MIDSML HLTH,45366.4000,45543.7000,44970.8000,45028.2500,0,0,0
VSWS,N,20260429,NIX000000016,IX,NIFTY MNC,32090.9000,32338.2500,32062.8000,32178.7000,0,0,0
VSWS,N,20260429,NIX000000091,IX,NIFTY MOBILITY,21509.1000,21721.8000,21404.2000,21440.7500,0,0,0
VSWS,N,20260429,NIX000000106,IX,NIFTY MS FIN SERV,21387.1500,21677.9500,21310.8000,21390.3000,0,0,0
VSWS,N,20260429,NIX000000107,IX,NIFTY MS IND CONS,18040.2500,18095.2500,17867.1500,17900.4500,0,0,0
VSWS,N,20260429,NIX000000108,IX,NIFTY MS IT TELCM,8545.6500,8630.9500,8498.3000,8520.2500,0,0,0
VSWS,N,20260429,NIX000000072,IX,NIFTY MULTI INFRA,14524.2000,14622.6000,14489.6000,14508.3500,0,0,0
VSWS,N,20260429,NIX000000071,IX,NIFTY MULTI MFG,16102.1500,16224.1500,16082.3000,16109.1500,0,0,0
VSWS,N,20260429,NIX000000099,IX,NIFTY MULTI MQ 50,41893.9500,42203.9000,41840.3000,41919.5500,0,0,0
VSWS,N,20260429,NIX000000088,IX,NIFTY NEW CONSUMP,11076.0500,11158.8500,11028.6500,11048.0500,0,0,0
VSWS,N,20260429,NIX000000003,IX,NIFTY NEXT 50,70866.2000,71093.8000,70415.6500,70521.8000,0,0,0
VSWS,N,20260429,NIX000000109,IX,NIFTY NONCYC CONS,15052.3500,15154.3500,15018.6500,15047.5500,0,0,0
VSWS,N,20260429,NIX000000057,IX,NIFTY OIL AND GAS,11738.6500,11863.0000,11713.0500,11769.2500,0,0,0
VSWS,N,20260429,NIX000000017,IX,NIFTY PHARMA,23273.7500,23386.1500,23179.9500,23260.8500,0,0,0
VSWS,N,20260429,NIX000000018,IX,NIFTY PSE,10802.4000,10839.0500,10707.0500,10723.7000,0,0,0
VSWS,N,20260429,NIX000000019,IX,NIFTY PSU BANK,8692.5500,8789.5000,8606.2500,8627.7000,0,0,0
VSWS,N,20260429,NIX000000041,IX,NIFTY PRIVATE BANK,26513.6000,26830.8000,26377.9500,26514.6000,0,0,0
VSWS,N,20260429,NIX000000092,IX,NIFTY QLTY LV 30,16355.5000,16495.7000,16346.1500,16384.4500,0,0,0
VSWS,N,20260429,NIX000000133,IX,NIFTY RAILWAYSPSU,3269.2000,3279.9000,3241.0000,3246.4500,0,0,0
VSWS,N,20260429,NIX000000012,IX,NIFTY REALTY,797.5500,817.3000,796.0000,805.6000,0,0,0
VSWS,N,20260429,NIX000000110,IX,NIFTY RURAL,15389.9000,15565.4500,15380.9500,15432.3500,0,0,0
VSWS,N,20260429,NIX000000020,IX,NIFTY SERV SECTOR,30530.2000,30737.9500,30416.4000,30471.7000,0,0,0
VSWS,N,20260429,NIX000000111,IX,NIFTY SHARIAH 25,7868.2500,7930.1000,7845.6500,7866.1500,0,0,0
VSWS,N,20260429,NIX000000123,IX,NIFTY SME EMERGE,13902.4000,13999.3500,13900.7500,13903.1000,0,0,0
VSWS,N,20260429,NIX000000093,IX,NIFTY SML250 Q50,25108.8000,25176.8500,24919.9000,24961.8000,0,0,0
VSWS,N,20260429,NIX000000024,IX,NIFTY SMLCAP 100,18098.9000,18196.7500,18064.6500,18093.1500,0,0,0
VSWS,N,20260429,NIX000000048,IX,NIFTY SMLCAP 250,16835.3500,16905.2500,16781.8500,16804.4000,0,0,0
VSWS,N,20260429,NIX000000047,IX,NIFTY SMLCAP 50,8834.9000,8879.7500,8816.4000,8832.9000,0,0,0
VSWS,N,20260429,NIX000000069,IX,NIFTY TATA 25 CAP,14918.2000,14992.5500,14864.5500,14893.9000,0,0,0
VSWS,N,20260429,NIX000000121,IX,NIFTY TMMQ 50,43276.0500,43572.0500,43142.6000,43207.9000,0,0,0
VSWS,N,20260429,NIX000000083,IX,NIFTY TOP 10 EW,8679.5500,8812.3000,8675.8000,8767.0500,0,0,0
VSWS,N,20260429,NIX000000094,IX,NIFTY TOP 15 EW,9794.2500,9954.7000,9790.7000,9880.7000,0,0,0
VSWS,N,20260429,NIX000000101,IX,NIFTY TOP 20 EW,8715.0500,8815.4000,8706.5500,8755.0000,0,0,0
VSWS,N,20260429,NIX000000064,IX,NIFTY TOTAL MKT,12869.8000,12951.8000,12842.4500,12864.6000,0,0,0
VSWS,N,20260429,NIX000000112,IX,NIFTY TRANS LOGIS,23878.5500,24137.0000,23771.4500,23816.4000,0,0,0
VSWS,N,20260429,NIX000000126,IX,NIFTY WAVES,1971.2000,1978.1000,1952.9000,1957.5500,0,0,0
VSWS,N,20260429,NIX000000095,IX,NIFTY100 ALPHA 30,17899.0500,18036.4000,17838.1000,17888.1000,0,0,0
VSWS,N,20260429,NIX000000096,IX,NIFTY100 ENH ESG,4917.3500,4950.8000,4903.0500,4910.7500,0,0,0
VSWS,N,20260429,NIX000000043,IX,NIFTY100 EQL WGT,33991.7000,34192.5000,33873.9000,33917.0500,0,0,0
VSWS,N,20260429,NIX000000060,IX,NIFTY100 ESG,4882.7000,4915.8000,4868.0500,4876.4000,0,0,0
VSWS,N,20260429,NIX000000031,IX,NIFTY100 LIQ 15,7266.1500,7356.5000,7266.0000,7307.6500,0,0,0
VSWS,N,20260429,NIX000000044,IX,NIFTY100 LOWVOL30,19703.1000,19868.4000,19701.8000,19742.5500,0,0,0
VSWS,N,20260429,NIX000000040,IX,NIFTY100 QUALTY30,5561.0500,5620.4000,5560.7500,5581.2000,0,0,0
VSWS,N,20260429,NIX000000054,IX,NIFTY100ESGSECLDR,4035.5000,4065.2500,4024.4500,4037.9500,0,0,0
VSWS,N,20260429,NIX000000067,IX,NIFTY200 ALPHA 30,25398.2500,25610.5000,25267.3000,25311.5500,0,0,0
VSWS,N,20260429,NIX000000050,IX,NIFTY200 QUALTY30,20188.5000,20382.1500,20182.8500,20251.9500,0,0,0
VSWS,N,20260429,NIX000000097,IX,NIFTY200 VALUE 30,15801.6500,15902.1500,15653.1500,15743.3500,0,0,0
VSWS,N,20260429,NIX000000053,IX,NIFTY200MOMENTM30,30534.0000,30780.2000,30359.2000,30410.8000,0,0,0
VSWS,N,20260429,NIX000000042,IX,NIFTY50 EQL WGT,32466.8500,32764.0500,32387.0000,32523.5000,0,0,0
VSWS,N,20260429,NIX000000035,IX,NIFTY50 PR 1X INV,218.0500,218.4000,215.9000,217.3000,0,0,0
VSWS,N,20260429,NIX000000034,IX,NIFTY50 PR 2X LEV,12162.7000,12401.3000,12126.2500,12243.8500,0,0,0
VSWS,N,20260429,NIX000000113,IX,NIFTY50 SHARIAH,4348.6500,4392.7500,4338.2000,4362.8500,0,0,0
VSWS,N,20260429,NIX000000037,IX,NIFTY50 TR 1X INV,178.2000,178.5000,176.4500,177.6000,0,0,0
VSWS,N,20260429,NIX000000036,IX,NIFTY50 TR 2X LEV,18250.9500,18608.9500,18196.2500,18372.7500,0,0,0
VSWS,N,20260429,NIX000000119,IX,NIFTY50 USD,8793.9000,8902.9000,8643.0000,8831.2000,0,0,0
VSWS,N,20260429,NIX000000038,IX,NIFTY50 VALUE 20,12299.3500,12432.2000,12266.8000,12328.0000,0,0,0
VSWS,N,20260429,NIX000000098,IX,NIFTY500 EW,14310.7500,14354.1500,14241.4500,14260.8000,0,0,0
VSWS,N,20260429,NIX000000120,IX,NIFTY500 FLEXICAP,9685.8500,9804.4000,9683.3000,9737.1000,0,0,0
VSWS,N,20260429,NIX000000128,IX,NIFTY500 HEALTH,19108.7500,19187.5500,19015.1000,19041.8500,0,0,0
VSWS,N,20260429,NIX000000114,IX,NIFTY500 LMS EQL,17795.1500,17878.8000,17734.3000,17757.1000,0,0,0
VSWS,N,20260429,NIX000000117,IX,NIFTY500 LOWVOL50,22219.8000,22421.4000,22194.8500,22222.8000,0,0,0
VSWS,N,20260429,NIX000000118,IX,NIFTY500 MQVLV50,31273.8500,31490.0000,31128.8000,31178.0500,0,0,0
VSWS,N,20260429,NIX000000058,IX,NIFTY500 MULTICAP,16033.8000,16123.5000,15995.4500,16014.9000,0,0,0
VSWS,N,20260429,NIX000000116,IX,NIFTY500 QLTY50,19647.2500,19725.9500,19544.3000,19573.9000,0,0,0
VSWS,N,20260429,NIX000000115,IX,NIFTY500 SHARIAH,6883.5500,6910.0500,6855.5000,6863.3000,0,0,0
VSWS,N,20260429,NIX000000100,IX,NIFTY500 VALUE 50,16822.3500,16927.6500,16673.5000,16786.0500,0,0,0
VSWS,N,20260429,NIX000000080,IX,NIFTY500MOMENTM50,52159.2000,52685.6000,52033.7500,52149.1000,0,0,0
VSWS,N,20260429,NIX000000134,IX,NIFTYCONGLOMERATE,14624.2000,14740.9000,14571.9500,14635.5500,0,0,0
VSWS,N,20260429,NIX000000068,IX,NIFTYM150MOMNTM50,62163.6000,62436.9500,61600.5000,61718.1000,0,0,0
VSWS,N,20260429,NIX000000081,IX,NIFTYMS400 MQ 100,49973.7500,50178.5500,49652.6500,49746.9500,0,0,0
VSWS,N,20260429,NIX000000082,IX,NIFTYSML250MQ 100,44418.7000,44673.8000,44320.5000,44402.4000,0,0,0
VSWS,N,20260429,20MICRONS,EQ,20 Microns,179.0000,184.4000,177.1500,179.3500,93026,1736,16833762
VSWS,N,20260429,21STCENMGM,EQ,21st Century Mgmt,35.3000,36.4600,35.3000,36.2100,2078,35,74814
VSWS,N,20260429,360ONE,EQ,360 ONE WAM,1045.0000,1055.5000,1034.1500,1046.8000,687054,32850,718844536
VSWS,N,20260429,3BBLACKBIO,EQ,3B Blackbio DX,1319.0000,1319.0000,1237.8000,1264.7000,16393,2318,20764007
VSWS,N,20260429,3IINFOLTD,EQ,3i Infotech,17.7400,18.0300,17.6500,17.7900,421512,1075,7518876
VSWS,N,20260429,3MINDIA,EQ,3M India,33585.0000,33800.0000,32720.0000,33175.0000,6423,3411,212997785
VSWS,N,20260429,3PLAND,EQ,3P Land Holdings,35.9900,37.4000,34.0200,35.4900,2843,117,102025
VSWS,N,20260429,5PAISA,EQ,5paisa Capital,336.8500,347.7800,335.0100,339.7700,44182,1256,15059988
VSWS,N,20260429,63MOONS,EQ,63 Moons Technologie,726.0000,765.0000,726.0000,755.0000,338230,7929,254599229
VSWS,N,20260429,A2ZINFRA,BE,A2Z Infra Engineerin,16.9000,17.0500,16.4500,16.9600,144829,207,2447864
VSWS,N,20260429,AAATECH,EQ,AAA Technologies,99.3800,99.8500,98.6100,99.4600,9962,430,987633
VSWS,N,20260429,AADHARHFC,EQ,Aadhar Housing Finan,499.0000,499.9500,485.0000,488.7500,654158,12358,320582971
VSWS,N,20260429,AAKAAR,ST,Aakaar Medical Techn,52.0000,52.7000,49.5000,52.0500,17600,11,901680
VSWS,N,20260429,AAKASH,BE,Aakash Exploration S,8.3900,8.4000,8.2000,8.2100,91647,288,755684
VSWS,N,20260429,AAREYDRUGS,EQ,Aarey Drugs,94.1000,96.0000,90.4400,90.5100,220098,1536,20260251
VSWS,N,20260429,AARNAV,EQ,Aarnav Fashions,23.5900,23.5900,22.9000,23.0800,78059,358,1817252
VSWS,N,20260429,AARON,EQ,Aaron Industries,138.5500,141.2600,138.2500,138.7700,11050,377,1542937
VSWS,N,20260429,AARTECH,EQ,Aartech Solonics,48.4000,50.9900,48.3900,49.4200,50763,579,2522452
VSWS,N,20260429,AARTIDRUGS,EQ,Aarti Drugs,381.7000,384.6000,371.0000,373.3500,94778,5853,35655368
VSWS,N,20260429,AARTIIND,EQ,Aarti Industries,505.0000,512.4000,499.5500,502.3500,1281597,29375,648193607
VSWS,N,20260429,AARTIPHARM,EQ,Aarti Pharmalabs,728.3000,740.0000,702.0500,709.1000,220056,14714,158469338
VSWS,N,20260429,AARTISURF,EQ,Aarti Surfactants,419.0000,430.0000,412.0000,412.2000,4751,344,1981170
VSWS,N,20260429,AARVI,EQ,Aarvi Encon,129.1000,131.9900,128.0300,128.3100,4853,227,629870
VSWS,N,20260429,AATMAJ,SM,Aatmaj Healthcare,20.1500,20.1500,20.0000,20.0000,6000,2,120600
VSWS,N,20260429,AAVAS,EQ,Aavas Financiers,1399.0000,1399.0000,1365.0000,1382.1000,42077,5803,57896338
VSWS,N,20260429,ABANSENT,EQ,ABans Enterprises,39.6500,39.6500,38.1000,39.6500,148107,589,5859749
VSWS,N,20260429,ABB,EQ,ABB India,7340.0000,7373.0000,7212.0000,7264.5000,361430,32811,2628385942
VSWS,N,20260429,ABBOTINDIA,EQ,Abbott India,25570.0000,25770.0000,25405.0000,25475.0000,7212,3197,184524840
VSWS,N,20260429,ABCAPITAL,EQ,Aditya Birla Capital,339.9500,354.6500,337.5500,348.4500,6756111,151197,2363073514
VSWS,N,20260429,ABCOTS,EQ,A B Cotspin India Lt,242.0000,253.9500,220.0500,225.2500,197840,4464,47571271
VSWS,N,20260429,ABDL,EQ,Allied Blenders & Di,550.0000,557.9500,541.4500,551.8500,349187,11235,191522021
VSWS,N,20260429,ABFRL,EQ,Aditya Birla Fashion,63.9500,66.4100,63.3000,65.0500,8814902,40332,569794311
VSWS,N,20260429,ABGSEC,EQ,Aditya BSL CRISIL BB,110.9900,113.2100,110.9800,113.2100,738,10,82378
VSWS,N,20260429,ABHAPOWER,SM,Abha Power And Steel,32.0000,32.0000,31.2500,31.2500,9600,6,303840
VSWS,N,20260429,ABINFRA,EQ,A B Infrabuild,15.7900,16.1100,15.3700,15.6100,309477,775,4905641
VSWS,N,20260429,ABLBL,EQ,Aditya Birla Lifesty,105.0000,106.4100,104.0500,104.9300,982412,11956,103642467
VSWS,N,20260429,ABMINTLLTD,BE,ABM International,42.0000,43.7600,41.6800,43.7600,624,15,27176
VSWS,N,20260429,ABMKNO,EQ,ABM Knowledgeware,224.0000,234.0000,224.0000,225.0500,380,19,85724
VSWS,N,20260429,ABREL,EQ,Aditya Birla Real Es,1515.0000,1570.1000,1500.0000,1550.4000,235900,13906,363434855
VSWS,N,20260429,ABSL10BANK,EQ,A Birla SLife BSE T,165.7100,166.1100,164.8800,165.0000,322,22,53210
VSWS,N,20260429,ABSLAMC,EQ,Aditya Birla SL AMC,1070.5000,1076.0000,1015.2000,1024.1000,809198,34208,846599644
VSWS,N,20260429,ABSLBANETF,EQ,Aditya Birla SL Nift,56.3200,57.4100,56.3200,56.5000,974249,412,55699241
VSWS,N,20260429,ABSLLIQUID,EQ,Aditya Birla SL Cris,1000.0000,1000.0100,999.9900,1000.0000,1352,20,1351998
VSWS,N,20260429,ABSLMSCIN,EQ,Aditya Birla Sun Lif,29.2300,29.3900,29.1500,29.2500,510,6,14886
VSWS,N,20260429,ABSLNN50ET,EQ,Aditya Birla SLNN50,74.1000,74.5300,73.7800,73.9100,12247,178,907819
VSWS,N,20260429,ABSLPSE,EQ,Aditya Birla SL Nify,11.2200,11.3500,11.1000,11.1200,268356,600,3001434
VSWS,N,20260429,ABSMARINE,SM,ABS Marine Services,220.2000,234.4000,220.2000,222.3000,66500,115,15176825
VSWS,N,20260429,ACC,EQ,A C C,1447.9000,1457.5000,1433.3000,1436.6000,137892,9958,199441981
VSWS,N,20260429,ACCELYA,EQ,Accelya Solutions (I,1195.8000,1220.0000,1194.0000,1201.7000,10978,869,13215182
VSWS,N,20260429,ACCENTMIC,SM,Accent Microcell,425.4000,425.8000,418.0000,420.0000,35500,43,14950400
VSWS,N,20260429,ACCORD,ST,Accord Synergy,48.2000,48.2000,48.2000,48.2000,2000,1,96400
VSWS,N,20260429,ACCPL,SM,Accretion Pharmaceut,100.6500,103.5000,98.6000,103.5000,130800,97,13370700
VSWS,N,20260429,ACCURACY,BE,Accuracy Shipping,5.1800,5.3600,5.0000,5.2100,116834,218,610752
VSWS,N,20260429,ACE,EQ,Action Construction,906.0500,916.7500,897.0500,899.0000,219477,11209,198689797
VSWS,N,20260429,ACEINTEG,EQ,Ace Integrated Solut,20.0600,20.1000,19.1500,19.4400,6630,128,129672
VSWS,N,20260429,ACETEC,SM,Acetech E-Commerce,137.0000,137.0000,133.0000,133.5000,7200,6,967260
VSWS,N,20260429,ACI,EQ,Archean Chemical Ind,607.8000,627.8000,607.8000,622.1500,93392,6172,57732151
VSWS,N,20260429,ACL,EQ,Andhra Cement,56.0300,57.0000,55.5400,56.3200,11288,270,637586
VSWS,N,20260429,ACMESOLAR,EQ,ACME Solar Holdings,307.9000,310.3000,299.5500,303.1000,944142,19267,286228099
VSWS,N,20260429,ACSTECH,EQ,ACS Technologies,38.6500,39.0000,38.6500,38.6500,73563,180,2845220
VSWS,N,20260429,ACUTAAS,EQ,Acutaas Chemicals,2480.2000,2520.0000,2460.0000,2502.4000,254583,23351,635211544
VSWS,N,20260429,ADANIENSOL,EQ,Adani Energy Solutio,1439.0000,1461.9500,1412.0000,1418.1500,2356863,59677,3364934721
VSWS,N,20260429,ADANIENT,EQ,Adani Enterprises,2427.6000,2443.8000,2388.0000,2425.9000,4656967,101622,11290160791
VSWS,N,20260429,ADANIGREEN,EQ,Adani Green Energy,1256.0000,1271.9500,1237.0000,1244.8000,2941179,58966,3683557986
VSWS,N,20260429,ADANIPORTS,EQ,Adani Ports & Specia,1645.0000,1672.0000,1644.9000,1661.1000,2345365,78207,3894274175
VSWS,N,20260429,ADANIPOWER,EQ,Adani Power,225.0000,226.2400,215.3500,219.2800,51932086,193275,11538892206
VSWS,N,20260429,ADDICTIVE,SM,Addictive Learning T,97.0000,97.0000,93.0000,96.0000,7000,13,666400
VSWS,N,20260429,ADFFOODS,EQ,ADF Foods,265.4500,265.7900,257.2300,259.6700,150967,5775,39335366
VSWS,N,20260429,ADL,EQ,Archidply Decor,77.4500,77.4600,74.0000,74.5000,340,26,25444
VSWS,N,20260429,ADOR,EQ,Ador Welding,1083.9000,1128.0000,1083.9000,1106.0500,109018,8010,120494139
VSWS,N,20260429,ADROITINFO,EQ,Adroit Infotech,9.8700,10.3700,9.8700,9.9800,101193,275,1032849
VSWS,N,20260429,ADSL,EQ,Allied Digital Servi,117.4000,118.3900,115.4000,116.0400,99526,1861,11654300
VSWS,N,20260429,ADVAIT,EQ,Advait Energy Transi,2094.0000,2119.0000,2061.5000,2101.9000,40164,4190,84290552
VSWS,N,20260429,ADVANCE,EQ,Advance Agrolife,115.0000,115.0000,111.5100,111.7000,51962,669,5856449
VSWS,N,20260429,ADVANIHOTR,EQ,Advani Hotels,55.4500,55.9500,53.0600,53.7500,57206,1090,3096522
VSWS,N,20260429,ADVENTHTL,EQ,Advent Hotels Intl,154.0700,159.2900,152.6100,153.8100,159807,2589,24718233
VSWS,N,20260429,ADVENZYMES,EQ,Advanced Enzyme Tech,342.0000,344.0500,333.7000,337.7500,248130,6292,83953146
VSWS,N,20260429,AEGISLOG,EQ,Aegis Logistics,712.0000,719.0000,706.6000,709.7000,229085,9069,162960026
VSWS,N,20260429,AEGISVOPAK,EQ,Aegis Vopak Terminal,198.8000,200.0000,193.5400,194.5800,653124,15145,127681395
VSWS,N,20260429,AEPL,BE,Artemis Elect & Proj,18.9900,19.4000,18.2100,18.7800,9969,78,190292
VSWS,N,20260429,AEQUS,EQ,Aequs,201.0000,205.5000,186.8300,192.4000,4366072,58263,854359268
VSWS,N,20260429,AEROENTER,EQ,Aeroflex Enterprises,91.5500,93.2300,90.1200,90.6800,230347,1022,21186668
VSWS,N,20260429,AEROFLEX,EQ,Aeroflex Industries,295.7000,310.0000,290.0000,305.1800,4060974,38358,1231548096
VSWS,N,20260429,AERON,SM,Aeron Composite,99.9500,99.9500,98.3500,99.1500,3000,3,298250
VSWS,N,20260429,AERONEU,EQ,Aeroflex Neu,78.0000,90.8000,76.7100,86.9200,123407,1391,10466433
VSWS,N,20260429,AESTHETIK,SM,Aesthetik Engineers,75.2500,75.2500,75.0000,75.1000,3000,3,225300
VSWS,N,20260429,AETHER,EQ,Aether Industries,1170.2000,1181.8000,1156.5000,1168.1000,99811,11389,116595085
VSWS,N,20260429,AFCONS,EQ,Afcons Infrastructur,332.1000,337.3500,325.2500,326.4500,522101,12929,171806704
VSWS,N,20260429,AFFLE,EQ,Affle 3i,1431.2000,1448.0000,1425.8000,1433.1000,321325,11231,461671821
VSWS,N,20260429,AFFORDABLE,BE,Affordable Robotic &,177.9800,183.4000,176.0000,181.1600,13331,201,2407791
VSWS,N,20260429,AFIL,BE,Akme Fintrade (India,8.7000,9.1800,8.7000,9.0000,659421,489,5938950
VSWS,N,20260429,AFSL,EQ,Abans Financial Ser,204.4900,204.4900,201.0300,201.6200,8322,232,1685829
VSWS,N,20260429,AGARIND,EQ,Agarwal Ind Corp,443.6500,445.4500,431.2500,432.6000,34091,1927,14909306
VSWS,N,20260429,AGARWALEYE,EQ,Dr Agarwal's Health,440.0500,446.1500,435.3000,442.0000,107866,5055,47618963
VSWS,N,20260429,AGARWALFT,ST,Agarwal Float Glass,38.7000,38.7000,38.7000,38.7000,3000,2,116100
VSWS,N,20260429,AGARWALTUF,SM,Agarwal Toughened Gl,127.5000,127.5000,117.2500,118.0500,80400,60,9688560
VSWS,N,20260429,AGI,EQ,AGI Greenpac,677.0000,698.0000,631.0000,637.7500,5636052,119848,3774353536
VSWS,N,20260429,AGIIL,EQ,AGI Infra,373.0000,400.5000,362.2000,393.9500,6348376,53130,2426408981
VSWS,N,20260429,AGNI,SM,Agni Green Power,22.0000,22.0000,21.0000,21.0000,7500,3,162500
VSWS,N,20260429,AGRITECH,EQ,Agri-Tech (India),112.0000,113.9900,106.0000,109.0700,5535,178,612320
VSWS,N,20260429,AGROPHOS,EQ,Agro Phos India,32.4600,32.9200,31.5100,32.0000,8824,221,282233
VSWS,N,20260429,AGUL,SM,A G Universal,56.8500,56.8500,56.8500,56.8500,2000,1,113700
VSWS,N,20260429,AHCL,EQ,Anlon Healthcare,13.2500,14.2800,13.2000,13.4300,5207854,6416,71331662
VSWS,N,20260429,AHLADA,EQ,Ahlada Engineers,45.5000,46.9400,45.0000,45.0000,9426,134,427642
VSWS,N,20260429,AHLEAST,EQ,Asian Hotels (East),164.0000,169.5900,161.1000,163.0600,7843,146,1286016
VSWS,N,20260429,AHLUCONT,EQ,Ahluwalia Contracts,874.0000,897.4000,860.2000,892.5500,73081,5684,64274904
VSWS,N,20260429,AHLWEST,BE,Asian Hotels (West),344.5100,344.5100,344.5100,344.5100,954,27,328663
VSWS,N,20260429,AIAENG,EQ,AIA Engineering,4021.0000,4025.4000,3921.4000,3937.2000,17514,5110,69544011
VSWS,N,20260429,AIIL,EQ,Authum Investment &,494.3000,501.0000,484.0000,486.7000,199720,9248,98705810
VSWS,N,20260429,AIMTRON,SM,Aimtron Electronics,1049.0000,1119.0500,1047.9000,1083.9500,162400,680,176400350
VSWS,N,20260429,AIRAN,EQ,Airan,17.0100,17.4900,17.0000,17.1000,50913,499,874675
VSWS,N,20260429,AIROLAM,EQ,Airo Lam,84.0100,86.9800,82.3300,85.2800,4296,186,366064
VSWS,N,20260429,AJANTPHARM,EQ,Ajanta Pharma,2774.0000,2820.0000,2760.0000,2804.2000,45523,8279,127581636
VSWS,N,20260429,AJAXENGG,EQ,AJAX Engineering,525.0000,535.9000,525.0000,533.2000,109336,11729,58167289
VSWS,N,20260429,AJMERA,EQ,Ajmera Realty & Infr,126.6000,127.7900,123.4000,123.7700,138945,1852,17416931
VSWS,N,20260429,AJOONI,EQ,Ajooni Biotech,4.3600,4.3900,4.2200,4.2500,380846,500,1650220
VSWS,N,20260429,AKANKSHA,SM,Akanksha Power & Inf,83.0000,90.6000,81.0000,89.5500,32000,29,2787150
VSWS,N,20260429,AKASH,EQ,Akash Infra Projects,28.3100,28.3100,27.4200,27.4800,3546,61,97909
VSWS,N,20260429,AKCAPIT,EQ,AK Capital Services,1540.0500,1554.0000,1530.0000,1540.6500,90,19,138764
VSWS,N,20260429,AKG,EQ,AKG Exim,11.6400,11.6400,11.2200,11.5000,22255,67,253146
VSWS,N,20260429,AKI,EQ,AKI India,5.2000,5.2400,4.9200,5.1600,32970,160,170508
VSWS,N,20260429,AKIKO,ST,Akiko Global Service,223.4500,229.9000,223.3500,225.1500,6400,8,1446840
VSWS,N,20260429,AKSHAR,EQ,Akshar Spintex,0.4700,0.4800,0.4600,0.4700,735913,362,343896
VSWS,N,20260429,AKSHARCHEM,EQ,Aksharchem (India),198.5100,210.9600,193.3600,198.2000,13217,530,2679134
VSWS,N,20260429,AKSHOPTFBR,BE,Aksh Optifibre,6.3400,6.3400,5.9900,6.0000,208487,240,1268868
VSWS,N,20260429,AKUMS,EQ,Akums Drugs & Pharma,531.0000,550.0000,527.8500,543.7000,157151,8436,84585886
VSWS,N,20260429,ALANKIT,EQ,Alankit,9.4500,9.4500,9.2900,9.3200,143043,566,1338041
VSWS,N,20260429,ALBERTDAVD,EQ,Albert David,719.5000,724.0500,712.1000,718.5500,1508,156,1084862
VSWS,N,20260429,ALCODIS,ST,Alcokraft Distilleri,80.0000,83.0000,80.0000,80.0000,4375,7,353938
VSWS,N,20260429,ALEMBICLTD,EQ,Alembic,93.0000,93.6600,92.4000,93.2300,149228,1209,13890330
VSWS,N,20260429,ALGOQUANT,EQ,Algoquant Fintech,55.1900,55.3900,54.3400,55.0300,914585,1435,50180466
VSWS,N,20260429,ALICON,EQ,Alicon Castalloy,709.0000,712.1000,695.2000,703.6500,3348,529,2360176
VSWS,N,20260429,ALIVUS,EQ,Alivus Life Sciences,1008.0000,1029.4000,994.3000,1005.5000,311654,12144,312199794
VSWS,N,20260429,ALKALI,EQ,Alkali Metals,70.0000,70.0000,66.5000,66.7000,17773,344,1205682
VSWS,N,20260429,ALKEM,EQ,Alkem Laboratories,5420.0000,5453.5000,5305.5000,5344.0000,96480,13799,516768816
VSWS,N,20260429,ALKYLAMINE,EQ,Alkyl Amines,1547.8000,1565.9000,1526.1000,1537.9000,38942,8202,60273890
VSWS,N,20260429,ALLCARGO,EQ,Allcargo Logistics,9.2500,9.7000,9.1900,9.6100,7036323,7285,66621181
VSWS,N,20260429,ALLDIGI,EQ,Alldigi Tech,836.8000,839.8000,816.0500,819.6500,6810,1024,5613798
VSWS,N,20260429,ALLETEC,SM,All E Technologies,171.0500,171.0500,166.9500,168.7500,8400,20,1422340
VSWS,N,20260429,ALLTIME,EQ,All Time Plastics,242.9100,242.9100,234.0100,236.0600,34591,1012,8203536
VSWS,N,20260429,ALMONDZ,EQ,Almondz Global Sec,16.5100,17.4700,16.5100,17.0000,119917,365,2038236
VSWS,N,20260429,ALOKINDS,EQ,Alok Industries,13.9300,14.0700,13.8200,13.8500,3479153,7182,48575613
VSWS,N,20260429,ALPA,EQ,Alpa Laboratories,69.7000,69.7000,63.7500,65.5900,48018,681,3192940
VSWS,N,20260429,ALPEXSOLAR,SM,Alpex Solar,1139.0000,1187.0000,1125.0000,1142.9000,74100,560,86126740
VSWS,N,20260429,ALPHA,EQ,Kotak Nifty Alpha 50,49.2800,49.6500,49.0300,49.3700,1379146,2637,68143002
VSWS,N,20260429,ALPHAETF,EQ,Mirae Ass Nft 200 Al,25.4200,25.5400,25.1900,25.2600,671497,709,17015313
VSWS,N,20260429,ALPHAGEO,EQ,Alphageo (I),229.0000,229.0000,220.0000,220.2800,6817,388,1516512
VSWS,N,20260429,ALPL30IETF,EQ,ICICI Pru Nifty Alph,26.4900,26.8400,26.4900,26.6000,1709189,617,45772967
VSWS,N,20260429,ALUWIND,SM,Aluwind Infra-Tech,53.2500,56.9000,53.2500,56.8000,4500,3,250275
VSWS,N,20260429,AMAGI,EQ,Amagi Media Labs,408.2500,427.2500,400.0000,415.4500,754433,21421,314082981
VSWS,N,20260429,AMANTA,EQ,Amanta Healthcare,134.3600,134.8000,130.0000,131.5500,45169,671,5985628
VSWS,N,20260429,AMBALALSA,EQ,Ambalal Sarabhai,33.3500,34.0500,32.1500,32.6500,54321,686,1801475
VSWS,N,20260429,AMBER,EQ,Amber Enterprises In,8240.0000,8277.5000,8056.0000,8082.0000,150382,19859,1223375815
VSWS,N,20260429,AMBICAAGAR,EQ,Ambica Agarbathies,23.5500,24.8900,23.1000,23.2100,8285,208,192693
VSWS,N,20260429,AMBIKCO,EQ,Ambika Cotton Mills,1502.0000,1525.9000,1488.0000,1490.4000,6879,575,10336600
VSWS,N,20260429,AMBUJACEM,EQ,Ambuja Cements,463.7000,465.5000,453.0000,454.6000,1778884,30309,817141434
VSWS,N,20260429,AMCL,SM,ANB Metal Cast,501.5000,525.0000,499.0000,500.0000,33600,31,17136440
VSWS,N,20260429,AMDIND,EQ,AMD Industries,44.3000,45.7900,44.0200,44.9500,6340,204,284291
VSWS,N,20260429,AMEYA,SM,Ameya Precision Engi,109.1500,111.5000,109.0000,111.5000,8000,8,878750
VSWS,N,20260429,AMIRCHAND,EQ,Amir Chand Jagdish K,136.4500,140.1000,134.5000,134.6700,974946,6131,133841706
VSWS,N,20260429,AMJLAND,EQ,AMJ Land Holdings,41.3000,41.7300,41.3000,41.4600,4528,212,188238
VSWS,N,20260429,AMNPLST,EQ,Amines & Plast,169.0000,171.9700,161.7100,166.9200,13570,265,2258566
VSWS,N,20260429,AMRUTANJAN,EQ,Amrutanjan Health Ca,580.0000,588.0000,580.0000,582.0000,10243,752,5973861
VSWS,N,20260429,ANANDRATHI,EQ,Anand Rathi Wealth,3596.2000,3639.1000,3556.8000,3586.5000,170106,14995,609563316
VSWS,N,20260429,ANANTRAJ,EQ,Anant Raj,495.0000,499.4000,489.2000,490.9000,1318300,28481,651424900
VSWS,N,20260429,ANDHRAPAP,EQ,Andhra Paper,66.3400,68.9900,65.9000,66.9800,95809,1257,6476680
VSWS,N,20260429,ANDHRSUGAR,EQ,Andhra Sugars,99.5800,104.8500,98.5800,101.1700,1562149,13666,159889155
VSWS,N,20260429,ANGELONE,EQ,Angel One,319.2700,323.4000,311.7900,313.1000,4413662,43874,1401376625
VSWS,N,20260429,ANIKINDS,BE,Anik Industries,44.2300,44.7800,42.6600,43.5600,2170,52,94422
VSWS,N,20260429,ANKITMETAL,BZ,Ankit Metal & Power,1.6000,1.6800,1.6000,1.6500,77696,50,130156
VSWS,N,20260429,ANLON,SM,Anlon Technology Sol,445.0000,530.4000,445.0000,505.1500,74000,143,37521940
VSWS,N,20260429,ANMOL,EQ,Anmol India,12.4800,12.5200,12.1700,12.4900,47249,156,587449
VSWS,N,20260429,ANNAPURNA,SM,Annapurna Swadisht,164.2500,166.9500,161.6000,162.0500,43500,99,7099650
VSWS,N,20260429,ANONDITA,SM,Anondita Medicare,1050.0500,1050.0500,1020.3000,1020.3000,74000,48,75995550
VSWS,N,20260429,ANSALAPI,BZ,Ansal Prop & Infrast,3.5700,3.7100,3.5700,3.7100,75830,52,277376
VSWS,N,20260429,ANTELOPUS,EQ,Antelopus Selan Ener,679.8500,706.3500,651.3500,672.7500,261155,11577,176605121
VSWS,N,20260429,ANTGRAPHIC,EQ,Antarctica,0.8700,0.9000,0.8500,0.8600,302916,203,262991
VSWS,N,20260429,ANTHEM,EQ,Anthem Biosciences,779.0000,780.9000,767.5000,775.2500,228791,13659,176838955
VSWS,N,20260429,ANUHPHR,EQ,Anuh Pharma,83.5300,83.5300,82.0000,82.0500,32796,355,2702582
VSWS,N,20260429,ANUP,EQ,Anup Engineering,2172.1000,2200.0000,2061.0000,2093.1000,63105,6652,134140736
VSWS,N,20260429,ANURAS,EQ,Anupam Rasayan India,1317.8000,1320.0000,1287.0000,1294.7000,232549,7620,303547021
VSWS,N,20260429,AONEGOLD,EQ,Angel One Gold ETF,13.9200,13.9700,13.7200,13.7500,402122,1720,5551953
VSWS,N,20260429,AONELIQUID,EQ,Angel One Nifty 1D R,1057.1500,1057.1700,1057.1500,1057.1600,18288,116,19333236
VSWS,N,20260429,AONENIFTY,EQ,Angel One Nifty 50 E,10.0900,10.0900,9.8800,9.9100,239470,1129,2380369
VSWS,N,20260429,AONESILVER,EQ,Angel One Silver ETF,9.0700,9.2300,8.9200,8.9800,582266,1030,5258923
VSWS,N,20260429,AONETMMQ50,EQ,Angel One Nifty Tot,10.0300,10.0800,9.9900,10.0000,78947,230,792846
VSWS,N,20260429,AONETOTAL,EQ,Angel One Nifty Tota,11.5900,11.6700,11.5500,11.5600,273228,1762,3172682
VSWS,N,20260429,APARINDS,EQ,Apar Industries,11996.0000,12485.5000,11855.0000,12387.5000,181004,30438,2198810790
VSWS,N,20260429,APCL,EQ,Anjani Portland,113.9900,117.9700,113.0000,113.6100,3510,229,403453
VSWS,N,20260429,APCOTEXIND,EQ,Apcotex Industries,401.6000,403.9500,396.1500,401.3500,7903,457,3161204
VSWS,N,20260429,APEX,EQ,Apex Frozen Foods,488.4500,506.3500,472.0000,475.1000,1693515,33726,829890885
VSWS,N,20260429,APEXECO,SM,Apex Ecotech,123.0000,124.9500,122.5000,122.5000,7200,8,889720
VSWS,N,20260429,APLAPOLLO,EQ,APL Apollo Tubes,1989.4000,1998.4000,1959.5000,1966.6000,373009,21466,736456208
VSWS,N,20260429,APLLTD,EQ,Alembic Pharmaceutic,759.9500,769.0000,753.6000,761.1000,52498,4117,39889576
VSWS,N,20260429,APOLLO,EQ,Apollo Micro Systems,307.4000,312.0000,291.9300,296.3600,9430901,79084,2844682234
VSWS,N,20260429,APOLLOHOSP,EQ,Apollo Hospitals,7745.0000,7799.0000,7681.0000,7709.0000,321242,40806,2484293789
VSWS,N,20260429,APOLLOPIPE,EQ,Apollo Pipes,437.0000,452.8500,421.0000,449.4500,712172,14051,314051004
VSWS,N,20260429,APOLLOTYRE,EQ,Apollo Tyres,428.2500,439.4500,422.0000,424.1500,1251084,40717,536488538
VSWS,N,20260429,APOLSINHOT,EQ,Apollo Sindoori Hote,1128.1500,1158.1000,1121.1500,1148.2500,368,64,418883
VSWS,N,20260429,APRAMEYA,SM,Aprameya Engineering,242.0000,242.0000,218.0000,221.3000,26000,44,5908150
VSWS,N,20260429,APS,SM,Australian Premium S,392.0000,395.0000,383.0000,384.7000,11000,41,4258850
VSWS,N,20260429,APSISAERO,ST,Apsis Aerocom,246.0000,246.0000,227.9500,227.9500,38400,26,9018480
VSWS,N,20260429,APTECHT,EQ,Aptech,105.2100,105.2700,103.1400,104.1700,128404,1443,13377914
VSWS,N,20260429,APTUS,EQ,Aptus Value Hsg Fin,258.0000,267.9000,255.8400,264.8200,1931740,26079,508870584
VSWS,N,20260429,AQYLON,EQ,Aqylon Nexus,48.1000,50.2200,47.2600,49.6500,2999600,11922,146694213
VSWS,N,20260429,ARCHIDPLY,EQ,Archidply Industries,79.1900,93.3000,79.1700,85.7100,136699,3335,12094995
VSWS,N,20260429,ARCHIES,EQ,Archies,14.9800,14.9800,14.3900,14.6800,12245,88,178410
VSWS,N,20260429,ARCIIL,SM,Arc Insulation & Ins,77.5000,79.5000,73.0000,75.9500,20000,20,1554150
VSWS,N,20260429,ARE&M,EQ,Amara Raja Energy &,898.0000,909.0000,888.0000,890.4500,745432,27262,667625062
VSWS,N,20260429,ARENTERP,EQ,Rajdarshan Ind,40.5100,40.6600,38.6300,39.4000,2864,40,111996
VSWS,N,20260429,ARFIN,EQ,Arfin India,95.9900,96.2000,94.0000,95.4200,1188800,4252,113198896
VSWS,N,20260429,ARHAM,SM,Arham Technologies,147.9500,150.7000,144.9000,144.9500,24000,23,3512200
VSWS,N,20260429,ARIES,EQ,Aries Agro,380.2000,385.8000,367.7500,371.0500,26424,1140,9966528
VSWS,N,20260429,ARIHANT,EQ,Arihant Foundations,938.7500,950.0000,865.5000,906.5000,5235,245,4762094
VSWS,N,20260429,ARIHANTCAP,EQ,Arihant Capital Mkt,71.4500,72.3100,70.4000,70.6400,173743,1428,12391072
VSWS,N,20260429,ARIHANTSUP,EQ,Arihant Superstructu,286.0900,306.0000,273.7200,283.0900,151755,3573,44604199
VSWS,N,20260429,ARIS,EQ,Arisinfra Solutions,134.0000,139.8000,132.0300,137.6200,4862534,29450,661670350
VSWS,N,20260429,ARKADE,EQ,Arkade Developers,115.9900,118.3000,115.9900,116.1800,184130,2014,21542687
VSWS,N,20260429,ARMANFIN,EQ,Arman Financial Serv,1496.0000,1567.7000,1496.0000,1523.4000,38237,5140,58839718
VSWS,N,20260429,ARMOUR,SM,Armour Security (Ind,23.5000,23.6000,23.5000,23.5000,10000,4,235400
VSWS,N,20260429,AROGRANITE,EQ,Aro Granite Indu,26.6200,27.4700,26.2600,26.5200,8730,99,232917
VSWS,N,20260429,ARROWGREEN,EQ,Arrow Greentech,552.5000,554.0000,540.0000,545.3000,13509,630,7396453
VSWS,N,20260429,ARSHIYA,BZ,Arshiya,1.3000,1.3400,1.2400,1.3200,85051,74,112250
VSWS,N,20260429,ARSSBL,EQ,Anand Rathi Share An,604.8000,607.9500,592.8000,601.1000,453422,10780,272070927
VSWS,N,20260429,ARTEMISMED,EQ,Artemis Medicare Ser,241.0000,245.0000,239.2500,239.8700,123461,2380,29939947
VSWS,N,20260429,ARVEE,EQ,Arvee Laboratories (,174.9900,174.9900,166.9000,168.8700,674,27,114141
VSWS,N,20260429,ARVIND,EQ,Arvind,395.5000,401.9500,390.6500,392.8000,255441,10694,100809202
VSWS,N,20260429,ARVINDFASN,EQ,Arvind Fashions,445.4000,449.9500,431.0000,442.6500,469474,27694,206222634
VSWS,N,20260429,ARVINDPORT,SM,Arvind Port & Infra,37.6500,37.6500,37.6500,37.6500,16500,11,621225
VSWS,N,20260429,ARVSMART,EQ,Arvind Smartspaces,630.7500,631.9500,621.1000,624.1000,21216,1045,13277551
VSWS,N,20260429,ASAHIINDIA,EQ,Asahi India Glass,876.0000,887.2000,846.5000,850.6000,105102,8907,91109349
VSWS,N,20260429,ASAHISONG,EQ,Asahi Songwon Colors,236.4900,252.0000,231.1000,245.1300,70827,5491,17095780
VSWS,N,20260429,ASAL,EQ,Automotive Stampings,529.9500,538.0000,519.0000,520.6000,27611,1844,14574623
VSWS,N,20260429,ASALCBR,EQ,Associated Alcohols,885.0000,903.9500,884.0000,890.0500,18344,1388,16388988
VSWS,N,20260429,ASCOM,ST,Ascom Leasing & Inve,271.9000,274.0000,271.9000,274.0000,5000,10,1366950
VSWS,N,20260429,ASHAPURMIN,EQ,Ashapura Minechem,651.0000,660.8500,640.4500,646.8500,711059,24209,462932272
VSWS,N,20260429,ASHIANA,EQ,Ashiana Housing,339.9000,342.9500,339.0500,340.1000,26581,597,9045050
VSWS,N,20260429,ASHIKA,EQ,Ashika Credit Capita,400.0500,403.0000,390.1000,392.5500,99558,1344,39541280
VSWS,N,20260429,ASHIMASYN,EQ,Ashima,16.1000,16.4900,15.8000,15.9800,52513,362,846706
VSWS,N,20260429,ASHOKA,EQ,Ashoka Buildcon,138.2600,140.5600,133.8900,134.7000,1853093,11713,252511692
VSWS,N,20260429,ASHOKAMET,EQ,Ashoka Metcast,16.7700,16.9500,16.5800,16.7400,58452,332,978913
VSWS,N,20260429,ASHOKLEY,EQ,Ashok Leyland,168.3500,169.2600,165.1100,165.7300,16722649,104432,2790385517
VSWS,N,20260429,ASHWINI,SM,Ashwini Container Mo,148.0000,149.9500,146.1500,149.2000,51000,17,7511850
VSWS,N,20260429,ASIANENE,EQ,Asian Energy Service,322.0000,323.3000,315.0000,316.7800,187171,2799,59687418
VSWS,N,20260429,ASIANHOTNR,EQ,Asian Hotels (North),298.5500,302.0000,295.1000,299.3000,13122,491,3939584
VSWS,N,20260429,ASIANPAINT,EQ,Asian Paints,2469.9000,2477.9000,2438.6000,2447.3000,603585,66322,1482047114
VSWS,N,20260429,ASIANTILES,EQ,Asian Granito India,78.0000,78.0000,62.2900,63.8900,48850195,60027,3352707161
VSWS,N,20260429,ASKAUTOLTD,EQ,ASK Automotive,451.0000,453.5000,434.2000,437.7000,493299,16867,220140774
VSWS,N,20260429,ASMS,EQ,Avio Smart Market St,7.9500,8.3000,7.8700,7.9100,2480695,3995,19945073
VSWS,N,20260429,ASPINWALL,EQ,Aspinwall & Company,234.0000,234.0000,226.1600,227.9100,1866,71,426674
VSWS,N,20260429,ASPIRE,SM,Aspire & Innovative,16.5000,16.5000,16.5000,16.5000,2000,1,33000
VSWS,N,20260429,ASTAR,EQ,Asian Star Company,653.8500,658.5000,632.0000,649.9500,218,21,140800
VSWS,N,20260429,ASTEC,EQ,Astec Lifesciences,733.0000,735.5000,692.4500,700.4000,74300,3641,52746808
VSWS,N,20260429,ASTERDM,EQ,Aster DM Healthcare,710.1000,711.1500,690.0500,699.5000,821255,25212,572111771
VSWS,N,20260429,ASTRAL,EQ,Astral,1557.0000,1601.0000,1544.2000,1552.8000,803166,27388,1257618079
VSWS,N,20260429,ASTRAMICRO,EQ,Astra Microwave Prod,1103.0000,1119.2500,1082.7000,1108.2500,286873,17829,316415150
VSWS,N,20260429,ASTRAZEN,EQ,AstraZeneca Pharma,8520.0000,8549.0000,8320.0000,8369.0000,6509,1742,54847188
VSWS,N,20260429,ASTRON,BE,Astron Paper & Board,4.6400,4.6400,4.3300,4.3300,17291,75,76776
VSWS,N,20260429,ATALREAL,EQ,Atal Realtech,25.9100,26.3400,25.3700,25.8300,2707632,2095,69957214
VSWS,N,20260429,ATAM,EQ,Atam Valves,69.4500,72.4900,68.0000,68.3700,4916,202,343616
VSWS,N,20260429,ATCENERGY,ST,ATC Energies System,31.8000,32.0000,31.5000,31.7500,49200,33,1571520
VSWS,N,20260429,ATGL,EQ,Adani Total Gas,658.0000,679.9500,650.0000,656.9500,5057512,87980,3369177996
VSWS,N,20260429,ATHERENERG,EQ,Ather Energy,942.0000,954.9000,931.7000,938.4000,1930567,47543,1819754967
VSWS,N,20260429,ATL,EQ,Allcargo Terminals,25.7000,26.1200,25.6900,25.7800,91756,603,2371628
VSWS,N,20260429,ATLANTAA,EQ,Atlantaa,42.0000,42.8000,41.0100,41.7000,28528,404,1200194
VSWS,N,20260429,ATLANTAELE,EQ,Atlanta Electricals,1795.0000,1835.0000,1726.2000,1818.0000,212211,15307,379533720
VSWS,N,20260429,ATLASCYCLE,EQ,Atlas Cycle Haryana,101.0100,104.0000,101.0000,101.4200,10249,290,1053223
VSWS,N,20260429,ATMASTCO,SM,Atmastco,146.3000,153.0000,145.0000,152.8000,32800,50,4860580
VSWS,N,20260429,ATUL,EQ,Atul,6867.5000,6983.5000,6769.5000,6812.0000,27047,6963,184563995
VSWS,N,20260429,ATULAUTO,EQ,Atul Auto,490.0000,496.8500,487.9000,493.4000,247017,6826,121604817
VSWS,N,20260429,AUBANK,EQ,AU Small Finance Ban,1030.5000,1037.2000,1013.5000,1017.6500,1345598,35871,1378041672
VSWS,N,20260429,AURIGROW,EQ,Auri Grow India,0.3500,0.3500,0.3500,0.3500,5750358,1138,2012625
VSWS,N,20260429,AURIONPRO,EQ,Aurionpro Solutions,892.0000,892.0000,862.2500,865.1000,73761,4334,64463777
VSWS,N,20260429,AUROIMPEX,SM,Auro Impex & Chemica,34.0000,34.0000,34.0000,34.0000,4800,3,163200
VSWS,N,20260429,AUROPHARMA,EQ,Aurobindo Pharma,1425.9000,1433.0000,1389.3000,1396.8000,1738923,51348,2444849677
VSWS,N,20260429,AURUM,EQ,Aurum Proptech,183.5000,184.6600,173.8200,179.5600,151995,2689,27344542
VSWS,N,20260429,AUSL,SM,Aditya Ultra Steel,24.5500,24.5500,24.5500,24.5500,4000,2,98200
VSWS,N,20260429,AUSOMENT,EQ,Ausom Enterprise,147.4900,159.4000,135.3000,142.9300,106721,2250,16110783
VSWS,N,20260429,AUTOAXLES,EQ,Automotive Axles,1853.7000,1919.7000,1852.5000,1899.0000,12329,1936,23296749
VSWS,N,20260429,AUTOBEES,EQ,Nippon India Nifty A,267.3500,271.7000,265.7600,267.7200,349582,3720,94367657
VSWS,N,20260429,AUTOIETF,EQ,ICICI Pru Nifty Auto,27.2500,27.2600,26.6700,26.8100,1153445,2017,31169100
VSWS,N,20260429,AUTOIND,EQ,Autoline Industries,61.1000,64.6100,59.6000,63.9400,415418,3939,25929100
VSWS,N,20260429,AVADHSUGAR,BE,Avadh Sugar & Energy,465.5500,485.0000,457.8000,467.9500,28404,339,13364435
VSWS,N,20260429,AVAILFC,EQ,Available Finance,156.4500,159.0000,150.3000,154.5500,2880,109,445306
VSWS,N,20260429,AVALON,EQ,Avalon Technologies,1048.0000,1070.0000,1029.0000,1059.0000,232561,17684,243845380
VSWS,N,20260429,AVANA,ST,Avana Electrosystems,140.5000,140.5000,137.0000,137.0500,24000,12,3356600
VSWS,N,20260429,AVANTEL,EQ,Avantel,153.0000,155.5500,149.4000,150.1700,1705819,13643,258350330
VSWS,N,20260429,AVANTIFEED,EQ,Avanti Feeds,1432.0000,1469.9000,1378.9000,1386.1000,698332,35760,992491414
VSWS,N,20260429,AVG,EQ,AVG Logistics,165.5600,174.2800,165.0300,166.7800,15235,596,2554493
VSWS,N,20260429,AVIANSH,SM,Avi Ansh Textile,113.0000,113.5000,110.1000,111.0000,5000,5,560100
VSWS,N,20260429,AVL,EQ,Aditya Vision,542.7000,548.0000,532.1000,534.9500,99691,9281,53710678
VSWS,N,20260429,AVONMORE,EQ,Avonmore Capital,13.0900,13.0900,12.0600,12.2900,182270,931,2260226
VSWS,N,20260429,AVPINFRA,SM,AVP Infracon,98.5000,99.8000,96.4000,99.3000,67200,65,6606320
VSWS,N,20260429,AVROIND,EQ,AVRO India,129.0000,129.4200,125.1600,126.6400,22372,604,2837293
VSWS,N,20260429,AVTNPL,EQ,AVT Natural Products,71.4900,71.4900,68.8000,69.2000,28365,568,1978657
VSWS,N,20260429,AWFIS,EQ,Awfis Space Solution,360.9000,361.0000,347.5000,350.9000,333041,2490,117004496
VSWS,N,20260429,AWHCL,EQ,Antony Waste Handlin,513.2000,521.0000,507.0000,512.7000,131948,4510,67895741
VSWS,N,20260429,AWL,EQ,AWL Agri Business,211.0300,211.0300,198.4900,200.1800,8854816,70223,1791375108
VSWS,N,20260429,AXISBANK,EQ,Axis Bank,1295.0000,1309.2000,1279.0000,1296.4000,6228275,135909,8057513324
VSWS,N,20260429,AXISBNKETF,EQ,Axis NIFTY Bank,569.6000,576.3500,569.3200,569.4800,1584,48,909161
VSWS,N,20260429,AXISCADES,EQ,Axiscades Technologi,1920.0000,1972.3000,1905.0000,1965.8000,122807,9869,238585402
VSWS,N,20260429,AXISCETF,EQ,Axis NIFTY India Con,118.2700,119.2500,118.0200,118.5700,4092,28,484293
VSWS,N,20260429,AXISGOLD,EQ,Axis MF Axis GoldETF,123.8900,123.8900,120.3700,122.4100,555321,4445,68251715
VSWS,N,20260429,AXISHCETF,EQ,Axis NIFTY Healthcar,152.4900,152.9600,151.5000,152.0400,6816,44,1035805
VSWS,N,20260429,AXISILVER,EQ,Axis Silver ETF,234.9800,235.9800,232.5000,233.0400,649697,7982,152775898
VSWS,N,20260429,AXISNIFTY,EQ,Axis NIFTY 50 ETF,265.3700,267.5900,265.0000,265.2600,21324,297,5684105
VSWS,N,20260429,AXISTECETF,EQ,Axis NIFTY IT ETF,318.6500,323.2900,318.6500,321.3800,3335,70,1074730
VSWS,N,20260429,AXISVALUE,EQ,Axis Nifty500 Value,34.3500,34.5500,34.1100,34.3000,95207,417,3266066
VSWS,N,20260429,AXITA,EQ,Axita Cotton,8.3000,8.3000,8.1300,8.1500,233175,1030,1907124
VSWS,N,20260429,AXSENSEX,EQ,Axis S&P BSE Sensex,81.4800,81.4800,79.6500,79.7700,1597,44,127941
VSWS,N,20260429,AYE,EQ,Aye Finance,146.8000,148.3100,134.5300,139.5500,3361240,33159,471050475
VSWS,N,20260429,AYMSYNTEX,EQ,AYM Syntex,241.8400,244.7900,225.1000,239.7200,28138,848,6666068
VSWS,N,20260429,AZAD,EQ,Azad Engineering,2205.0000,2267.5000,2152.0000,2160.3000,450694,30909,994490723
VSWS,N,20260429,BAFNAPH,BE,Bafna Pharmaceutical,138.8000,138.8000,130.5500,131.8400,3210,33,439667
VSWS,N,20260429,BAGDIGITAL,SM,B A G Convergence,111.0000,113.8500,109.0500,111.2500,80000,28,8990000
VSWS,N,20260429,BAGFILMS,EQ,BAG Films & Media,5.2000,5.4000,5.2000,5.2100,123794,244,648189
VSWS,N,20260429,BAHETI,SM,Baheti Recycling Ind,629.9500,632.9500,560.2000,585.5500,130500,270,80244938
VSWS,N,20260429,BAIDFIN,EQ,Baid Finserv,11.0100,11.6600,11.0100,11.4300,106799,320,1205094
VSWS,N,20260429,BAJAJ-AUTO,EQ,Bajaj Auto,9510.0000,9709.5000,9496.0000,9543.5000,261656,37908,2514343232
VSWS,N,20260429,BAJAJCON,EQ,Bajaj Consumer Care,469.0000,473.4000,459.1000,461.3500,863960,25971,403738816
VSWS,N,20260429,BAJAJELEC,EQ,Bajaj Electricals,398.0000,400.0000,388.8500,396.7500,187541,5992,74228798
VSWS,N,20260429,BAJAJFINSV,EQ,Bajaj Finserv,1778.0000,1793.9000,1760.8000,1764.2000,699788,53006,1242790055
VSWS,N,20260429,BAJAJHCARE,EQ,Bajaj Healthcare,328.0000,330.0000,322.2000,324.0500,54441,1827,17751479
VSWS,N,20260429,BAJAJHFL,EQ,Bajaj Housing Financ,89.8100,89.9800,87.9100,88.0100,5715099,39742,506081834
VSWS,N,20260429,BAJAJHIND,EQ,Bajaj Hindusthan Su,19.7100,20.1500,19.5100,19.6500,11694641,13826,231349442
VSWS,N,20260429,BAJAJHLDNG,EQ,Bajaj Holdings & Inv,10355.0000,10470.0000,10290.0000,10305.5000,23745,7120,245988217
VSWS,N,20260429,BAJAJINDEF,EQ,Indef Manufacturing,324.4600,330.0000,300.5500,302.5300,66778,2415,20844980
VSWS,N,20260429,BAJAJST,EQ,Bajaj Steel,466.8500,468.4500,456.5500,458.6000,5241,559,2415353
VSWS,N,20260429,BAJEL,EQ,Bajel Projects,181.9000,201.7300,178.0500,186.8600,2524483,26956,483069394
VSWS,N,20260429,BAJFINANCE,EQ,Bajaj Finance,925.0000,937.0000,916.6000,930.0000,5438997,105181,5054095624
VSWS,N,20260429,BALAJEE,EQ,Shree Tiru Bala Agro,33.0000,34.0500,33.0000,33.0700,20472,373,683577
VSWS,N,20260429,BALAJIPHOS,SM,Balaji Phosphates,107.0000,110.0000,107.0000,110.0000,2000,2,217000
VSWS,N,20260429,BALAJITELE,EQ,Balaji Telefilms,98.6900,100.5000,96.2000,98.4100,264218,2116,26034975
VSWS,N,20260429,BALAMINES,EQ,Balaji Amines,1326.0000,1347.0000,1287.3500,1297.7000,142382,8120,188753329
VSWS,N,20260429,BALAXI,BE,Balaxi Pharmaceutica,26.6700,27.2900,26.0000,26.6800,38107,181,1008587
VSWS,N,20260429,BALCO,SM,Solve Plastic Produc,22.6500,22.8500,22.5000,22.8500,4800,4,108720
VSWS,N,20260429,BALKRISHNA,EQ,Balkrishna Paper Mil,18.7000,19.3000,18.0200,18.6200,11090,145,206973
VSWS,N,20260429,BALKRISIND,EQ,Balkrishna Ind,2216.0000,2247.9000,2193.2000,2199.9000,158595,10773,351852780
VSWS,N,20260429,BALMLAWRIE,EQ,Balmer Lawrie & Co,182.3000,197.9400,182.3000,184.8500,1659817,17161,317852170
VSWS,N,20260429,BALPHARMA,EQ,Bal Pharma,75.5100,77.6000,75.2400,76.2500,5634,225,427608
VSWS,N,20260429,BALRAMCHIN,EQ,Balrampur Chini Mill,513.0000,518.4500,500.2500,510.2000,1067185,35089,540906182
VSWS,N,20260429,BALUFORGE,EQ,Balu Forge Industrie,504.0000,531.0000,498.6500,513.4000,1916304,48624,995645978
VSWS,N,20260429,BANARBEADS,EQ,Banaras Beads,111.4600,114.8400,111.0100,111.2700,1688,60,190015
VSWS,N,20260429,BANARISUG,EQ,Bannari Amman Sugar,3630.4000,3645.0000,3600.5000,3639.7000,108,29,391413
VSWS,N,20260429,BANCOINDIA,EQ,Banco Products,629.9000,645.1000,620.1000,621.3000,183863,8822,116629636
VSWS,N,20260429,BANDHANBNK,EQ,Bandhan Bank,186.0100,204.4400,186.0100,198.3000,127812255,457619,25340178809
VSWS,N,20260429,BANG,EQ,Bang Overseas,39.1200,39.7800,38.5000,38.8700,4130,69,162020
VSWS,N,20260429,BANK10ADD,EQ,DSP BSE Top 10 Banks,16.5900,16.9800,16.4800,16.5300,29351,75,486943
VSWS,N,20260429,BANKA,BE,Banka Bioloo,78.2500,78.2800,78.2500,78.2800,19014,46,1488389
VSWS,N,20260429,BANKADD,EQ,DSP Nifty Bank ETF,56.5500,57.2400,56.4000,56.4800,17013,132,966737
VSWS,N,20260429,BANKBARODA,EQ,Bank of Baroda,269.2000,271.8100,267.4000,268.2500,5919525,41702,1596925858
VSWS,N,20260429,BANKBEES,EQ,NipponINft BnkBees,579.8000,579.8000,570.0100,571.5400,700989,10479,403072313
VSWS,N,20260429,BANKBETA,EQ,UTI NIFTY Bank ETF,57.0900,57.8300,56.8900,57.0600,87399,741,5006517
VSWS,N,20260429,BANKBETF,EQ,Bajaj Fin Nifty Bank,56.5000,56.8400,56.0200,56.0500,16040,230,903504
VSWS,N,20260429,BANKETF,EQ,Mirae Asset Nifty Ba,562.9400,569.7900,560.7500,561.6300,13294,291,7511394
VSWS,N,20260429,BANKIETF,EQ,ICICI Pru Nifty Bank,56.5200,57.4500,56.5200,56.6400,361002,1750,20571171
VSWS,N,20260429,BANKINDIA,EQ,Bank of India,145.0000,147.2500,142.7200,143.2100,9711019,75132,1412472537
VSWS,N,20260429,BANKNIFTY1,EQ,Kotak Nifty Bank ETF,57.2500,58.0700,57.0700,57.1400,457493,811,26309670
VSWS,N,20260429,BANKPSU,EQ,Mirae Asset Nifty PS,89.1400,89.1400,86.5000,86.6200,16720,166,1456662
VSWS,N,20260429,BANSALWIRE,EQ,Bansal Wire Industri,305.0000,318.0000,302.0000,305.6600,864140,13929,268453287
VSWS,N,20260429,BANSWRAS,EQ,Banswara Syntex,118.0000,121.7800,118.0000,119.7500,65757,639,7863355
VSWS,N,20260429,BARFLEX,SM,Barflex Polyfilms,61.9000,61.9000,59.9500,60.0000,30000,13,1803700
VSWS,N,20260429,BASF,EQ,BASF India,3689.4000,3729.9000,3583.1000,3603.1000,17700,4597,64402202
VSWS,N,20260429,BASILIC,SM,Basilic Fly Studio,238.0000,249.9500,238.0000,239.7000,6600,21,1601550
VSWS,N,20260429,BASML,EQ,Bannari Amman Spg Mi,23.2500,24.7500,23.2500,24.5400,109602,736,2669764
VSWS,N,20260429,BATAINDIA,EQ,Bata India,728.3500,734.0000,723.5000,724.5500,122439,7428,89248587
VSWS,N,20260429,BATLIBOI,EQ,Batliboi,83.8500,85.9500,81.5000,83.0500,30161,760,2542180
VSWS,N,20260429,BAWEJA,SM,Baweja Studios,37.1000,37.1000,35.8000,35.9500,12000,13,434640
VSWS,N,20260429,BAYERCROP,EQ,Bayer Cropscience,4600.4000,4710.0000,4600.4000,4683.9000,10534,3502,49311392
VSWS,N,20260429,BBETF0432,EQ,BHARAT Bond ETF-Ap32,1320.2500,1320.2500,1314.0000,1314.9100,337,34,443245
VSWS,N,20260429,BBL,EQ,Bharat Bijlee,3185.0000,3219.9000,3124.8000,3145.8000,42606,6863,135018768
VSWS,N,20260429,BBNPNBETF,EQ,Baroda BNP Paribas N,55.8400,56.9100,55.6800,56.2900,585,16,32808
VSWS,N,20260429,BBNPPGOLD,EQ,Baroda BNP Paribas G,142.8000,144.0500,142.2000,142.7500,6924,87,988393
VSWS,N,20260429,BBOX,EQ,Black Box,637.9000,647.5000,615.4000,618.2500,605951,21451,381425491
VSWS,N,20260429,BBTC,EQ,Bombay Burmah,1498.9000,1520.0000,1497.5000,1508.1000,43281,5794,65274054
VSWS,N,20260429,BBTCL,EQ,B&B Triplewall Conta,202.0000,202.0000,195.0500,199.8100,1623,82,322921
VSWS,N,20260429,BCG,BE,Brightcom Group,9.6300,9.7800,9.5100,9.5700,1852064,2626,17830726
VSWS,N,20260429,BCLIND,EQ,BCL Industries,34.6400,35.2500,34.2600,34.6800,558880,3297,19398242
VSWS,N,20260429,BCONCEPTS,EQ,Brand Concepts,252.0100,259.0500,244.1100,245.2600,10328,1226,2597647
VSWS,N,20260429,BCPL,EQ,BCPL Railway Infrast,72.0000,77.0000,72.0000,75.0900,92932,1619,7021441
VSWS,N,20260429,BDL,EQ,Bharat Dynamics,1403.0000,1431.8000,1382.4000,1394.1000,1305339,38978,1837420782
VSWS,N,20260429,BEACON,SM,Beacon Trusteeship,100.0000,101.0000,99.0000,100.5000,7000,7,700650
VSWS,N,20260429,BEARDSELL,EQ,Beardsell,26.0000,27.2900,25.6100,25.9500,13872,323,365596
VSWS,N,20260429,BECTORFOOD,EQ,Mrs Bectors Food Spe,198.3000,200.5200,196.6200,197.5100,351519,7903,69682500
VSWS,N,20260429,BEDMUTHA,BE,Bedmutha Industries,111.0000,115.0000,110.5000,114.7600,2135,30,238822
VSWS,N,20260429,BEEKAY,EQ,Beekay Steel Industr,459.9500,471.8500,435.0500,436.3500,2141,166,952348
VSWS,N,20260429,BEL,EQ,Bharat Electronics,437.0500,442.8000,435.2500,437.5500,9507163,111608,4169082897
VSWS,N,20260429,BELLACASA,EQ,Bella Casa Fashion &,262.8000,266.0000,256.8200,258.1800,8006,636,2091639
VSWS,N,20260429,BELRISE,EQ,Belrise Industries,216.5000,219.1500,213.0400,213.9600,1812837,19002,392026301
VSWS,N,20260429,BEML,EQ,BEML,1848.0000,1874.0000,1816.7000,1829.5000,273009,17694,502634580
VSWS,N,20260429,BENGALASM,EQ,Bengal & Assam Co,6316.8000,6489.0000,6316.8000,6455.6500,308,77,1971275
VSWS,N,20260429,BEPL,EQ,Bhansali Engg Poly,99.1800,101.9800,97.1200,97.5800,927255,6716,92615211
VSWS,N,20260429,BERGEPAINT,EQ,Berger Paints India,459.9500,469.0500,456.8500,463.8000,96718,6327,44569827
VSWS,N,20260429,BESTAGRO,EQ,Best Agrolife,18.9000,19.4200,18.0000,18.2100,353620,1562,6585060
VSWS,N,20260429,BETA,EQ,Beta Drugs,1280.0000,1320.0000,1280.0000,1305.3000,5667,385,7422470
VSWS,N,20260429,BEWLTD,SM,BEW Engineering,87.0000,87.0000,85.0000,85.7500,9000,16,771625
VSWS,N,20260429,BFINVEST,EQ,BF Investment,421.9000,429.0000,417.3000,422.0500,12683,762,5375748
VSWS,N,20260429,BFSI,EQ,Mirae Asset Nifty Fi,26.8200,27.0200,26.7300,26.7800,310857,712,8352429
VSWS,N,20260429,BFUTILITIE,EQ,BF Utilities,575.8500,584.1500,562.0000,573.9000,57903,1854,33370719
VSWS,N,20260429,BGRENERGY,BE,BGR Energy Systems,306.0000,310.7000,295.6500,295.6500,128576,1456,38603536
VSWS,N,20260429,BHADORA,SM,Bhadora Industries,70.0000,77.0000,70.0000,71.5000,25200,19,1831920
VSWS,N,20260429,BHAGCHEM,EQ,Bhagiradha Chemicals,268.6000,269.9000,265.3800,268.2200,43928,568,11769762
VSWS,N,20260429,BHAGERIA,EQ,Bhageria Industries,175.5300,179.0000,171.6000,174.6200,58881,1257,10340049
VSWS,N,20260429,BHAGYANGR,EQ,Bhagyanagar India,273.0000,279.6000,255.6500,270.5200,775516,15284,207263899
VSWS,N,20260429,BHANDARI,EQ,Bhandari Hosiery Exp,3.3000,3.3300,3.1500,3.2000,617652,856,1992406
VSWS,N,20260429,BHARATCOAL,EQ,Bharat Coking Coal,33.8000,33.8400,33.4500,33.6500,7044854,38737,237078915
VSWS,N,20260429,BHARATFORG,EQ,Bharat Forge,1905.7000,1949.9000,1897.2000,1907.8000,1752427,60594,3376003361
VSWS,N,20260429,BHARATGEAR,EQ,Bharat Gears,108.0200,111.7000,108.0200,108.2900,14881,343,1623427
VSWS,N,20260429,BHARATRAS,EQ,Bharat Rasayan,1398.5000,1410.8000,1371.1000,1381.0000,6957,1147,9695079
VSWS,N,20260429,BHARATSE,EQ,Bharat Seats,173.0000,185.0000,173.0000,179.9500,420847,7132,76338507
VSWS,N,20260429,BHARATWIRE,EQ,Bharat Wire Ropes,222.0000,227.0700,219.7600,221.5200,419011,5526,93257860
VSWS,N,20260429,BHARTIARTL,EQ,Bharti Airtel,1848.0000,1900.4000,1845.4000,1888.1000,7713013,229274,14550631575
VSWS,N,20260429,BHARTIHEXA,EQ,Bharti Hexacom,1524.0000,1550.0000,1511.0000,1527.1000,652206,23872,994660340
VSWS,N,20260429,BHEL,EQ,Bharat Heavy Elect,356.8000,358.1000,342.5100,344.5000,14716414,146633,5132145265
VSWS,N,20260429,BI,EQ,Bilcare,61.0500,62.7500,60.7500,60.7500,1840,52,112039
VSWS,N,20260429,BIGBLOC,EQ,Bigbloc Construction,48.9500,49.3900,48.0600,48.5000,39489,652,1919683
VSWS,N,20260429,BIKAJI,EQ,Bikaji Foods Interna,685.0500,696.6000,677.1500,690.8500,166925,9578,115002734
VSWS,N,20260429,BIKEWO,SM,Bikewo Green Tech,24.9000,24.9000,23.8000,23.8000,14000,7,337500
VSWS,N,20260429,BIL,EQ,Bhartiya Intl,775.0000,794.5500,760.0500,776.8500,13553,354,10534363
VSWS,N,20260429,BIMETAL,EQ,Bimetal Bearings,599.9500,605.0000,578.4000,603.5500,346,37,207613
VSWS,N,20260429,BIOCON,EQ,Biocon,364.7000,368.2000,361.2500,362.2500,1477358,20357,538476379
VSWS,N,20260429,BIOFILCHEM,EQ,Biofil Chemicals,34.2300,35.9000,33.2000,33.6600,32952,465,1135869
VSWS,N,20260429,BIOPOL,SM,Biopol Chemicals,116.9500,119.0000,112.0500,115.8000,62400,33,7235520
VSWS,N,20260429,BIRLACABLE,EQ,Birla Cable,158.0300,161.0000,155.2500,156.8900,66459,940,10538119
VSWS,N,20260429,BIRLACORPN,EQ,Birla Corporation,930.0000,938.9500,917.5000,919.5000,35042,3944,32515208
VSWS,N,20260429,BIRLAMONEY,EQ,Aditya Birla Money,152.0100,152.4100,145.6000,146.5200,69561,881,10290760
VSWS,N,20260429,BIRLANU,EQ,BirlaNu,1408.8000,1427.9000,1390.0000,1394.2000,6143,793,8654998
VSWS,N,20260429,BIRLAPREC,EQ,Birla Precision Tech,34.8000,35.8000,34.1000,34.5500,12378,167,434321
VSWS,N,20260429,BLACKBUCK,EQ,BlackBuck,584.0000,585.0000,545.2000,551.1000,1066961,35487,601375915
VSWS,N,20260429,BLACKROSE,EQ,Black Rose Indus,84.0000,87.5000,84.0000,86.3500,5251,144,451419
VSWS,N,20260429,BLAL,EQ,BEML Land Assets,188.5600,194.6200,188.5600,190.5000,14373,358,2742375
VSWS,N,20260429,BLBLIMITED,BE,B L B,17.6000,18.0000,17.3500,17.4800,38593,75,678558
VSWS,N,20260429,BLIL,EQ,Balmer Lawrie Invest,73.0000,75.2000,72.8000,73.4000,159883,2080,11796996
VSWS,N,20260429,BLISSGVS,EQ,Bliss GVS Pharma,271.4100,275.8400,265.2100,267.3500,1151342,16548,311338857
VSWS,N,20260429,BLKASHYAP,EQ,B L Kashyap & Sons,52.2000,54.1100,51.7600,53.3800,425627,2256,22678179
VSWS,N,20260429,BLS,EQ,BLS International Se,280.8000,284.8000,277.5700,279.1500,603493,15040,168510584
VSWS,N,20260429,BLSE,EQ,BLS E-Services,187.8300,189.0000,183.0000,184.2100,110731,1901,20488050
VSWS,N,20260429,BLUECHIP,BE,Blue Chip India,1.9500,1.9500,1.9500,1.9500,5648,16,11014
VSWS,N,20260429,BLUECOAST,EQ,Blue Coast Hotels,30.1100,31.6600,29.5500,30.2000,4777,89,144991
VSWS,N,20260429,BLUEDART,EQ,Blue Dart Express,5385.1000,5480.0000,5385.1000,5475.3000,9257,2371,50448588
VSWS,N,20260429,BLUEJET,EQ,Blue Jet Healthcare,442.0000,455.0000,439.0000,445.8500,360836,9583,160751269
VSWS,N,20260429,BLUEPEBBLE,ST,Blue Pebble,123.0000,123.0000,118.0000,118.0000,20800,41,2548920
VSWS,N,20260429,BLUESTARCO,EQ,Blue Star,1900.0000,1900.0000,1828.4000,1837.3000,683145,35140,1270500195
VSWS,N,20260429,BLUESTONE,EQ,BlueStone Jewellery,517.9000,527.0000,508.6500,511.5000,334447,12441,173098092
VSWS,N,20260429,BLUEWATER,SM,Blue Water Logistics,251.1000,269.7000,245.0000,265.2000,102000,93,26484400
VSWS,N,20260429,BLUSPRING,EQ,Bluspring Enterprise,63.0000,63.6900,62.2100,62.6500,96021,619,6041129
VSWS,N,20260429,BMETRICS,SM,Bombay Metrics Suppl,40.5000,41.2000,40.5000,41.2000,2400,3,98160
VSWS,N,20260429,BMWVENTLTD,EQ,BMW Ventures,65.0600,66.0000,64.9400,65.0800,141542,820,9241664
VSWS,N,20260429,BNAGROCHEM,EQ,BN Agrochem,246.9500,252.0000,236.9500,240.5500,3628,108,888451
VSWS,N,20260429,BNALTD,EQ,B & A,432.0000,450.0000,400.0500,421.0000,708,67,308142
VSWS,N,20260429,BODALCHEM,EQ,Bodal Chemicals,67.8400,68.8500,66.6000,67.0300,105081,1022,7144659
VSWS,N,20260429,BOHRAIND,BE,Bohra Industries,18.1900,18.9300,18.1900,18.9300,2236,8,42319
VSWS,N,20260429,BOMDYEING,EQ,Bombay Dyeing,115.4000,116.7000,114.0000,114.4600,421717,3670,48620461
VSWS,N,20260429,BONLON,EQ,Bonlon Industries,50.8500,51.0500,48.2200,50.9000,29431,299,1493686
VSWS,N,20260429,BORANA,BE,Borana Weaves,339.0000,354.1000,337.5000,354.1000,24186,192,8487398
VSWS,N,20260429,BOROLTD,EQ,Borosil,251.6000,254.5900,249.3000,250.6600,56934,1760,14329022
VSWS,N,20260429,BORORENEW,EQ,Borosil Renewables,515.1500,520.7500,503.7000,505.3500,330120,10237,168903251
VSWS,N,20260429,BOROSCI,EQ,Borosil Scientific,115.6000,117.9900,112.7600,113.7000,34364,519,3958417
VSWS,N,20260429,BOSCH-HCIL,EQ,Bosch Home Comfort I,1444.0000,1450.0000,1415.3000,1429.0000,10825,922,15454444
VSWS,N,20260429,BOSCHLTD,EQ,Bosch,37165.0000,37470.0000,36190.0000,36345.0000,34734,13689,1275157255
VSWS,N,20260429,BOSS,SM,Boss Packaging Solut,38.0000,38.0000,38.0000,38.0000,2000,1,76000
VSWS,N,20260429,BPCL,EQ,Bharat Petroleum,308.4000,310.9000,303.1500,303.9000,16918034,107737,5184502983
VSWS,N,20260429,BPL,EQ,B P L,59.6000,60.5100,56.9500,57.2400,74153,1057,4355683
VSWS,N,20260429,BRACEPORT,SM,Brace Port Logistics,52.0500,52.0500,52.0500,52.0500,1600,1,83280
VSWS,N,20260429,BRANDMAN,ST,Brandman Retail,190.0000,197.9500,188.0000,195.0000,12800,15,2467200
VSWS,N,20260429,BRIGADE,EQ,Brigade Enterprises,804.6500,808.4500,794.3500,797.5000,161382,8918,128992015
VSWS,N,20260429,BRIGHOTEL,EQ,Brigade Hotel Ventur,68.1000,69.7800,67.4100,67.9600,277832,5439,18934369
VSWS,N,20260429,BRITANNIA,EQ,Britannia Industries,5674.0000,5734.5000,5665.0000,5709.0000,363567,29478,2071087617
VSWS,N,20260429,BRNL,EQ,Bharat Road Network,20.9600,21.6400,20.9600,21.2900,54251,265,1158402
VSWS,N,20260429,BROOKS,BE,Brooks Laboratories,61.7800,61.7800,58.7000,58.8600,91542,422,5407096
VSWS,N,20260429,BSE,EQ,BSE,3649.0000,3675.5000,3620.3000,3635.7000,2658476,105834,9700240380
VSWS,N,20260429,BSE500IETF,EQ,ICICI Prud BSE 500 E,39.4000,39.4000,38.4500,38.6100,76910,506,2973558
VSWS,N,20260429,BSHSL,EQ,Bombay Super Hybrid,102.9900,102.9900,97.2000,98.4100,10908,285,1081624
VSWS,N,20260429,BSL,EQ,B S L,125.1000,132.7000,125.1000,127.1100,20106,153,2567576
VSWS,N,20260429,BSLGOLDETF,EQ,Aditya Birla Sun LGG,130.5300,130.5400,129.0200,129.2600,206377,2044,26810638
VSWS,N,20260429,BSLNIFTY,EQ,Aditya Birla SL NF 5,27.4700,28.6200,27.4700,28.1000,225261,3622,6347339
VSWS,N,20260429,BSLSENETFG,EQ,AB SL BSE Sensex ETF,78.3100,78.3200,77.2000,77.6400,5729,142,445728
VSWS,N,20260429,BSOFT,EQ,Birlasoft,372.0000,376.9000,367.7000,369.4000,502724,15824,186685236
VSWS,N,20260429,BTML,EQ,Bodhi Tree Multimedi,6.5000,6.6000,6.1400,6.4400,442651,519,2830748
VSWS,N,20260429,BTTL,EQ,Bhilwara Technical T,34.1000,34.1000,33.1000,33.3000,3687,64,124095
VSWS,N,20260429,BUILDPRO,EQ,Shankara Buildpro,1142.1000,1150.0000,1080.0000,1092.6000,65229,3565,73006812
VSWS,N,20260429,BUTTERFLY,EQ,Butterfly Gandhimath,609.0000,609.0000,598.0000,600.1000,20632,843,12395079
VSWS,N,20260429,BVCL,EQ,Barak Valley Cements,44.0000,47.5000,44.0000,45.0400,38475,583,1773864
VSWS,N,20260429,BYKE,BE,Byke Hospitality,38.8500,38.8500,37.2500,37.9100,22688,112,871864
VSWS,N,20260429,C2C,SM,C2C Advanced Systems,454.0000,478.0000,454.0000,467.8500,80550,473,37649715
VSWS,N,20260429,CADSYS,SM,Cadsys (India),64.4000,66.0000,59.9500,64.2000,8000,14,491850
VSWS,N,20260429,CALSOFT,EQ,California Software,12.1000,12.4000,11.3600,11.9600,61796,455,732843
VSWS,N,20260429,CAMLINFINE,EQ,Camlin Fine Sciences,126.0000,127.5000,122.1000,122.8600,1275526,12056,159022203
VSWS,N,20260429,CAMPUS,EQ,Campus Activewear,250.3100,255.5200,249.5100,254.1100,160659,3537,40688076
VSWS,N,20260429,CAMS,EQ,Computer Age Mgmt Se,765.0000,771.9500,758.0000,760.6000,780465,29084,596804354
VSWS,N,20260429,CANARYS,SM,Canarys Automations,19.0000,19.1000,18.6000,18.9000,84000,16,1593400
VSWS,N,20260429,CANBK,EQ,Canara Bank,137.3600,139.5000,136.2200,137.0600,18218577,63403,2509829992
VSWS,N,20260429,CANFINHOME,EQ,Canfin Homes,886.5000,898.5500,870.0000,871.7500,170367,11110,149989963
VSWS,N,20260429,CANHLIFE,EQ,Canara HSBC Life Ins,144.0000,149.6900,142.9000,146.1700,8714470,114553,1279356929
VSWS,N,20260429,CANTABIL,EQ,Cantabil Retail Indi,248.1300,249.5800,245.4500,247.4400,40858,903,10109761
VSWS,N,20260429,CAPACITE,EQ,Capacit'e Infraproje,254.0000,261.0000,250.5300,252.0400,237052,6746,60456859
VSWS,N,20260429,CAPILLARY,EQ,Capillary Techno Ind,583.0000,584.9500,555.5000,560.7000,81594,3339,46165498
VSWS,N,20260429,CAPITALSFB,EQ,Capital Small Financ,264.1700,277.5000,259.4900,271.5900,253412,2986,69342741
VSWS,N,20260429,CAPLIPOINT,EQ,Caplin Point Lab,1732.2000,1741.2000,1713.5000,1727.6000,48595,6512,84016138
VSWS,N,20260429,CAPTRUST,BE,Capital Trust,13.4100,13.6700,13.4100,13.5500,16097,31,217800
VSWS,N,20260429,CARBORUNIV,EQ,Carborundum Univer,974.9000,981.9500,965.0000,976.1000,337594,12952,329268751
VSWS,N,20260429,CARERATING,EQ,CARE Ratings,1595.1000,1720.0000,1594.3000,1689.4000,131221,13767,219921134
VSWS,N,20260429,CARRARO,EQ,Carraro India,563.7500,567.3500,552.3000,556.6000,54461,3211,30502247
VSWS,N,20260429,CARTRADE,EQ,CarTrade Tech,1682.0000,1724.0000,1640.0000,1645.5000,268880,25347,449129381
VSWS,N,20260429,CARYSIL,EQ,Carysil,928.9500,928.9500,891.0000,894.7500,97049,4732,88020784
VSWS,N,20260429,CASHIETF,EQ,ICICI Pru BSE Liq R,1059.7600,1059.7800,1059.7600,1059.7700,142346,149,150855177
VSWS,N,20260429,CASTROLIND,EQ,Castrol India,183.8100,185.3000,182.8500,184.6400,1679259,17055,309715399
VSWS,N,20260429,CBAZAAR,SM,Net Avenue Technolog,4.9500,4.9500,4.9500,4.9500,16000,1,79200
VSWS,N,20260429,CCAVENUE,EQ,AvenuesAI,14.1800,14.3400,13.8700,13.9100,10499888,14625,147444984
VSWS,N,20260429,CCCL,EQ,Consolidated Const C,17.9800,17.9800,15.6500,15.8100,1463972,4074,23961613
VSWS,N,20260429,CCHHL,EQ,Country Club Hospita,13.8200,14.3600,13.7000,13.8200,53888,141,754403
VSWS,N,20260429,CCL,EQ,CCL Products India,1105.0000,1147.0000,1104.9000,1125.1000,295314,21214,334082986
VSWS,N,20260429,CDSL,EQ,Central Depository S,1331.0000,1345.5000,1300.2000,1306.4000,1876708,53341,2486303837
VSWS,N,20260429,CEATLTD,EQ,Ceat,3810.0000,3949.9000,3601.1000,3625.1000,2336229,179052,8854271212
VSWS,N,20260429,CEDAAR,SM,Cedaar Textile,31.2000,31.2000,29.7000,30.7000,11000,11,334650
VSWS,N,20260429,CEIGALL,EQ,Ceigall India,335.9000,345.2000,328.0000,338.1500,674867,9617,227007108
VSWS,N,20260429,CEINSYS,EQ,Ceinsys Tech,1109.9500,1111.5500,1071.0000,1095.2000,62886,4988,68473388
VSWS,N,20260429,CELEBRITY,EQ,Celebrity Fashions,8.4800,8.4800,8.0000,8.2800,48644,202,403283
VSWS,N,20260429,CELLECOR,SM,Cellecor Gadgets,36.8000,37.0000,35.7000,36.4000,489000,93,17925750
VSWS,N,20260429,CELLO,EQ,Cello World,421.0000,423.1000,415.2000,419.8500,489858,5661,205251625
VSWS,N,20260429,CELLPOINT,SM,Cell Point (India),18.0000,18.0000,16.8000,16.8000,6000,5,103740
VSWS,N,20260429,CEMPRO,EQ,Cemindia Projects,688.6000,702.9500,676.2000,679.4000,530441,17345,365214979
VSWS,N,20260429,CENTENKA,EQ,Century Enka,428.0000,429.5000,420.6500,422.1000,19094,627,8111566
VSWS,N,20260429,CENTEXT,EQ,Century Extrusions,20.8800,22.7700,20.8800,22.0800,518670,3258,11562402
VSWS,N,20260429,CENTRALBK,EQ,Central Bank of Indi,36.2600,37.0400,36.0700,36.2400,5406492,15117,197636871
VSWS,N,20260429,CENTRUM,EQ,Centrum Capital,24.9900,25.7900,24.7100,24.8600,279908,736,7026194
VSWS,N,20260429,CENTUM,EQ,Centum Electronics,2925.0000,2937.3000,2866.2000,2887.5000,23365,3443,67967359
VSWS,N,20260429,CENTURYPLY,EQ,Century Plyboards (I,790.9500,835.9500,790.9500,823.0500,442392,28363,363974652
VSWS,N,20260429,CERA,EQ,CERA Sanitaryware,5241.7000,5406.4000,5240.7000,5317.2000,11143,4418,59592536
VSWS,N,20260429,CEREBRAINT,BZ,Cerebra Integrated,4.2400,4.3800,4.1000,4.3000,91868,228,397285
VSWS,N,20260429,CESC,EQ,C E S C,192.3900,195.0000,183.1000,186.7800,2980036,37266,565100054
VSWS,N,20260429,CEWATER,EQ,Concord Enviro Syste,334.4500,334.5000,328.5000,331.0500,26358,979,8728567
VSWS,N,20260429,CGCL,EQ,Capri Global Capital,185.9000,186.3000,182.5000,183.6900,3383775,13924,624318759
VSWS,N,20260429,CGPOWER,EQ,CG Power & Indl Solu,835.3500,840.0000,820.3000,825.6000,2354905,50248,1956061913
VSWS,N,20260429,CGRAPHICS,SM,Creative Graph Solut,166.0000,173.0000,166.0000,168.0000,35200,42,5969280
VSWS,N,20260429,CHALET,EQ,Chalet Hotels,797.0500,798.5500,769.0000,771.4000,89496,6960,69691703
VSWS,N,20260429,CHAMBLFERT,EQ,Chambal Fertilisers,453.0000,457.0000,448.1500,450.5500,712427,15082,322568538
VSWS,N,20260429,CHAMUNDA,SM,Chamunda Electrical,48.6000,51.9000,48.6000,49.5000,27000,9,1348950
VSWS,N,20260429,CHANDAN,SM,Chandan Healthcare,253.4000,257.8500,253.4000,255.4500,7200,9,1837200
VSWS,N,20260429,CHAVDA,SM,Chavda Infra,106.0000,106.3500,103.5000,105.4000,22000,21,2312350
VSWS,N,20260429,CHEMBOND,EQ,Chembond Material Te,152.0300,154.8800,150.0000,150.9200,4933,172,751331
VSWS,N,20260429,CHEMBONDCH,EQ,Chembond Chemicals,153.8900,154.9800,151.0300,151.8300,5152,531,789487
VSWS,N,20260429,CHEMCON,EQ,Chemcon Speciality C,163.9000,163.9000,158.0100,158.9700,30051,1151,4820529
VSWS,N,20260429,CHEMFAB,EQ,Chemfab Alkalis,404.7000,414.4000,400.2000,407.7000,6718,880,2745170
VSWS,N,20260429,CHEMICAL,EQ,Kotak Nifty Chemical,29.1100,29.1100,28.4500,28.5000,271501,593,7753160
VSWS,N,20260429,CHEMPLASTS,EQ,Chemplast Sanmar,238.6500,239.2000,235.1500,236.3500,118316,2865,28056864
VSWS,N,20260429,CHENNPETRO,EQ,Chennai Petroleum,1080.0000,1150.0000,1048.5000,1139.5000,7683061,160501,8633639821
VSWS,N,20260429,CHETANA,SM,Chetana Education,40.0000,40.0000,40.0000,40.0000,9600,4,384000
VSWS,N,20260429,CHEVIOT,EQ,Cheviot Company,1108.6500,1153.0000,1094.3500,1142.2000,9582,1145,10828666
VSWS,N,20260429,CHOICEGOLD,EQ,Choice Gold ETF,147.0800,147.5000,145.5300,145.9900,7531,238,1104334
VSWS,N,20260429,CHOICEIN,EQ,Choice International,680.0000,689.3000,661.0000,662.8500,722922,17423,485175459
VSWS,N,20260429,CHOLAFIN,EQ,Cholamandalam Invest,1539.9000,1572.6000,1530.8000,1553.3000,723397,32806,1124045369
VSWS,N,20260429,CHOLAHLDNG,EQ,Cholamandalam Financ,1551.9000,1565.7000,1530.0000,1548.5000,178507,12501,275596688
VSWS,N,20260429,CIEINDIA,EQ,CIE Automotive India,473.3500,481.0500,469.6000,475.3000,538978,23655,256301403
VSWS,N,20260429,CIFL,EQ,Capital India Financ,27.9300,28.2400,27.2200,27.7300,174880,1525,4831525
VSWS,N,20260429,CIGNITITEC,EQ,Cigniti Technologies,1200.0000,1217.9000,1186.7000,1189.9000,13313,1039,15969132
VSWS,N,20260429,CINELINE,EQ,Cineline India,88.5000,89.4900,86.0000,87.1300,13304,420,1164149
VSWS,N,20260429,CINEVISTA,EQ,Cinevista,15.7200,16.3000,15.3000,15.8600,34888,264,549952
VSWS,N,20260429,CIPLA,EQ,Cipla,1312.0000,1322.0000,1307.8000,1317.6000,986556,37432,1299561507
VSWS,N,20260429,CKKRETAIL,ST,C K K Retail Mart,130.7000,132.9000,124.6000,128.9000,48000,21,6200880
VSWS,N,20260429,CLASSICEIL,SM,Classic Electrodes (,55.0500,56.0000,51.7500,52.6000,20800,13,1113680
VSWS,N,20260429,CLEAN,EQ,Clean Science & Tech,800.0000,827.9500,798.0000,822.2500,417530,17131,340144704
VSWS,N,20260429,CLEANMAX,EQ,Clean Max Enviro Ene,1070.9000,1103.0000,1065.0000,1090.0000,192371,17336,209038816
VSWS,N,20260429,CLEDUCATE,BE,CL Educate,47.9000,48.6800,46.5000,46.8700,20173,174,953648
VSWS,N,20260429,CLSEL,EQ,Chaman Lal Setia,282.6400,294.0000,281.2100,283.5800,215468,3196,62326921
VSWS,N,20260429,CLSL,SM,Crop Life Science,43.7000,43.7000,43.5000,43.5000,6000,3,261400
VSWS,N,20260429,CMNL,SM,Chaman Metallics,133.5000,133.5000,128.1000,131.6000,7500,9,984000
VSWS,N,20260429,CMPDI,EQ,Central Mine Plannin,192.0900,194.0000,184.0100,185.3600,4948652,37231,934892913
VSWS,N,20260429,CMSINFO,EQ,CMS Info Systems,305.0000,305.0000,291.4000,292.5500,677559,13831,199990014
VSWS,N,20260429,CNL,EQ,Creative Newtech,619.0000,619.0000,590.0000,595.8000,2842,194,1705648
VSWS,N,20260429,COALINDIA,EQ,Coal India,469.8500,485.7000,464.0500,479.9000,18063862,168280,8659219407
VSWS,N,20260429,COASTCORP,EQ,Coastal Corporation,56.8600,58.2900,55.0000,55.9900,107287,1287,6069812
VSWS,N,20260429,COCHINSHIP,EQ,Cochin Shipyard,1714.0000,1780.0000,1714.0000,1773.8000,6725966,173290,11806271517
VSWS,N,20260429,COCKERILL,EQ,John Cockerill India,5240.3500,5265.0000,5141.0500,5174.4000,1236,250,6428934
VSWS,N,20260429,COFFEEDAY,EQ,Coffee Day Enterpris,26.7000,27.0900,26.3300,26.6600,688770,2584,18337636
VSWS,N,20260429,COFORGE,EQ,Coforge,1206.8000,1229.9000,1200.0000,1204.0000,1174935,35764,1424354254
VSWS,N,20260429,COHANCE,EQ,Cohance Lifesciences,494.8500,506.0000,460.1000,467.5500,6873133,112982,3273196108
VSWS,N,20260429,COLPAL,EQ,Colgate,2135.0000,2175.8000,2104.6000,2132.5000,391370,21409,838676940
VSWS,N,20260429,COMFINTE,EQ,Comfort Intech,7.2500,7.4500,7.1000,7.2000,127635,878,924999
VSWS,N,20260429,COMMOIETF,EQ,ICICI Pru Nfty Commo,105.9700,106.0000,104.8100,105.2600,89440,1379,9433719
VSWS,N,20260429,COMPINFO,BZ,Compuage Infocom,1.4000,1.4000,1.3300,1.3700,16842,28,22475
VSWS,N,20260429,COMPUSOFT,EQ,Compucom Software,14.2600,14.2800,13.7900,13.9100,18845,179,265228
VSWS,N,20260429,COMSYN,EQ,Commercial Syn Bags,154.3100,154.4100,153.0000,154.0000,27990,217,4291218
VSWS,N,20260429,CONCOR,EQ,Container Corp,514.0000,521.9500,508.5000,514.6000,1348894,23010,693270729
VSWS,N,20260429,CONCORDBIO,EQ,Concord Biotech,1074.3000,1164.1000,1073.0000,1134.5000,951241,55018,1077923324
VSWS,N,20260429,CONFIPET,EQ,Confidence Petroleum,59.4400,59.6900,52.8400,56.7600,4879607,13937,268387750
VSWS,N,20260429,CONNPLEX,SM,Connplex Cinemas,271.0000,272.0000,270.0000,270.0000,8800,11,2383760
VSWS,N,20260429,CONS,EQ,Kotak Nifty India Co,11.7300,11.9100,11.7300,11.7900,72364,127,858536
VSWS,N,20260429,CONSOFINVT,BE,Consolidated Finvest,226.0100,228.8500,224.0100,226.9600,1571,42,354068
VSWS,N,20260429,CONSUMBEES,EQ,Nippon INft (I) Cons,127.9900,128.9600,127.0200,127.7200,182592,1201,23448753
VSWS,N,20260429,CONSUMER,EQ,Mirae A Nfty I New A,11.1100,11.1800,11.0300,11.0700,275309,269,3066933
VSWS,N,20260429,CONSUMIETF,EQ,ICICI Pru NIC ETF,118.7700,119.9000,117.6800,117.9500,26210,280,3129983
VSWS,N,20260429,CONTI,SM,Continental Seeds &,13.4500,13.4500,13.4500,13.4500,6666,2,89658
VSWS,N,20260429,CONTROLPR,EQ,Control Print,655.2000,663.3500,651.5000,652.6000,5312,455,3485177
VSWS,N,20260429,COOLCAPS,SM,Cool Caps Industries,26.6000,27.2500,26.2500,26.3500,55000,40,1462438
VSWS,N,20260429,CORALFINAC,EQ,Coral India Finance,34.2500,35.9500,34.2000,35.2200,17116,270,599239
VSWS,N,20260429,CORDSCABLE,EQ,Cords Cable Industri,184.4500,184.4500,179.0000,180.6400,26964,815,4891855
VSWS,N,20260429,COROMANDEL,EQ,Coromandel Internati,2027.5000,2027.5000,1990.1000,2007.9000,275336,26857,552905804
VSWS,N,20260429,CORONA,EQ,Corona Remedies,1700.0000,1712.0000,1678.0000,1690.2000,10000,1739,16970292
VSWS,N,20260429,COSMOFIRST,EQ,Cosmo First,721.0500,724.9500,710.0000,712.5500,81201,2738,58088617
VSWS,N,20260429,COUNCODOS,EQ,Country Condo's,5.3700,5.3700,5.1100,5.1800,32802,131,172238
VSWS,N,20260429,CPCAP,EQ,CP Capital,98.5000,99.0000,95.1000,97.2900,6052,289,591529
VSWS,N,20260429,CPEDU,EQ,Career Point Edutech,193.3100,218.0100,193.3100,213.3400,8049,303,1667458
VSWS,N,20260429,CPPLUS,EQ,Aditya Infotech,2319.0000,2355.0000,2292.1000,2338.4000,177347,13196,412377697
VSWS,N,20260429,CPS,SM,C P S Shapers,985.0000,985.0000,980.0000,980.0000,1350,2,1329000
VSWS,N,20260429,CPSEETF,EQ,CPSE ETF*,109.9000,109.9700,108.5300,108.8100,1741251,8906,190316133
VSWS,N,20260429,CRAFTSMAN,EQ,Craftsman Automation,7635.0000,7799.5000,7530.5000,7750.5000,33814,6763,259506134
VSWS,N,20260429,CRAMC,EQ,Canara Robeco Asset,270.9000,272.5000,255.7800,256.9000,957150,19197,250531791
VSWS,N,20260429,CRAYONS,SM,Crayons Advertising,36.0000,36.0000,35.0000,35.0000,2000,2,71000
VSWS,N,20260429,CREATIVEYE,EQ,Creative Eye,7.0600,7.2800,6.9100,7.0400,6485,145,46001
VSWS,N,20260429,CREDITACC,EQ,CreditAccess Grameen,1267.0000,1297.0000,1259.4000,1289.2000,268360,31173,344334839
VSWS,N,20260429,CREST,EQ,Crest Ventures,367.4500,374.7000,363.3500,367.0000,4559,127,1685795
VSWS,N,20260429,CRISIL,EQ,CRISIL,4311.9000,4379.5000,4275.0000,4318.0000,29227,6529,126272616
VSWS,N,20260429,CRIZAC,EQ,Crizac,215.0000,215.5400,206.0000,207.3800,232964,7371,49094516
VSWS,N,20260429,CROMPTON,EQ,Crompton Greaves Con,270.9000,280.8900,269.6300,276.0100,17813850,190391,4922584010
VSWS,N,20260429,CROWN,EQ,Crown Lifters,141.0000,141.0000,129.5000,132.1600,15733,711,2102462
VSWS,N,20260429,CSBBANK,EQ,CSB Bank,396.0000,400.4500,390.1000,391.5500,317294,12743,125364007
VSWS,N,20260429,CSLFINANCE,EQ,CSL Finance,228.3200,232.6800,226.0000,227.3600,78119,673,17921248
VSWS,N,20260429,CSSL,SM,Clear Secured Servic,108.0000,108.0000,105.0000,105.0000,5000,5,532500
VSWS,N,20260429,CTE,BE,Cambridge Tech Enter,32.9500,33.5400,32.0000,33.4000,13651,71,451905
VSWS,N,20260429,CUB,EQ,City Union Bank,277.0000,282.4900,274.4100,277.3700,2775552,41716,772839631
VSWS,N,20260429,CUBEXTUB,EQ,Cubex Tubings,101.1500,104.8000,99.1500,100.4100,70123,1243,7144058
VSWS,N,20260429,CUDML,SM,Cash Ur Drive Market,148.8000,148.8000,138.2000,142.5000,42000,19,6155900
VSWS,N,20260429,CUMMINSIND,EQ,Cummins India,5288.0000,5324.8000,5251.3000,5288.0000,328892,32418,1739093780
VSWS,N,20260429,CUPID,EQ,Cupid,111.7000,116.0000,111.7000,115.8400,12621491,47373,1449557613
VSWS,N,20260429,CURAA,BE,Cura Technologies,97.6300,97.6300,97.6300,97.6300,6664,41,650606
VSWS,N,20260429,CURIS,SM,Curis Lifesciences,121.8500,129.5000,121.8500,125.0000,17000,16,2140100
VSWS,N,20260429,CURRENT,SM,Current Infraproject,128.0000,128.0000,121.0500,121.9500,6400,4,790160
VSWS,N,20260429,CYBERMEDIA,EQ,Cyber Media (India),16.1300,17.8500,15.8300,16.5000,54351,334,907958
VSWS,N,20260429,CYBERTECH,EQ,Cyber Tech Systems,128.5000,132.8000,127.1900,128.7700,53580,1235,6938220
VSWS,N,20260429,CYIENT,EQ,Cyient,865.0500,865.8000,841.5000,844.2000,599970,27764,511397660
VSWS,N,20260429,CYIENTDLM,EQ,Cyient DLM,397.4000,400.7000,390.0000,394.9500,309580,6987,122415957
VSWS,N,20260429,DABUR,EQ,Dabur India,449.0500,458.2500,449.0500,456.0000,1078626,22968,491247402
VSWS,N,20260429,DAICHI,EQ,Dai Ichi Karkaria,266.0000,275.0000,257.0000,269.1000,286,33,75889
VSWS,N,20260429,DALBHARAT,EQ,Dalmia Bharat,1920.9000,1980.0000,1918.0000,1949.7000,419247,26657,820891408
VSWS,N,20260429,DALMIASUG,EQ,Dalmia Bharat Sugar,378.7000,387.7000,374.0000,377.9000,172885,4129,65473870
VSWS,N,20260429,DAMCAPITAL,EQ,DAM Capital Advisors,161.8000,163.9000,155.6200,156.6600,456450,4623,72678687
VSWS,N,20260429,DAMODARIND,EQ,Damodar Industries,32.1900,33.7000,31.7200,32.9200,85456,684,2802096
VSWS,N,20260429,DANGEE,EQ,Dangee Dums,3.6800,3.8300,3.6500,3.7500,101985,214,385465
VSWS,N,20260429,DANISH,SM,Danish Power,925.9500,930.0000,867.1500,879.9000,30600,191,27500708
VSWS,N,20260429,DATAMATICS,EQ,Datamatics Global Se,722.0000,737.7500,713.0500,719.6500,119532,4076,86427645
VSWS,N,20260429,DATAPATTNS,EQ,Data Patterns (I),4099.7000,4295.0000,4066.4000,4118.1000,1814621,128364,7549310132
VSWS,N,20260429,DAVANGERE,EQ,Davangere Sugar Co,3.6300,3.7800,3.6200,3.6600,14702362,3363,54029188
VSWS,N,20260429,DBCORP,EQ,D B Corp,222.0200,222.0200,215.3500,216.1600,46355,1682,10109013
VSWS,N,20260429,DBEIL,EQ,Deepak Builders & En,86.2000,89.9400,84.2100,86.7200,254570,3383,22039156
VSWS,N,20260429,DBL,EQ,Dilip Buildcon,471.9500,475.8000,468.1000,470.3500,74400,2906,35078910
VSWS,N,20260429,DBOL,BE,Dhampur Bio Organics,119.4400,122.9900,118.1100,119.4600,34938,253,4184272
VSWS,N,20260429,DBREALTY,EQ,Valor Estate,106.0500,107.6000,103.4600,103.9900,1445409,14166,152514544
VSWS,N,20260429,DBSTOCKBRO,EQ,DB (Intl) Stock Brok,27.5500,28.3500,27.0000,27.0600,8138,128,223525
VSWS,N,20260429,DCAL,EQ,Dishman Carbogen Amc,185.0900,189.0000,180.2600,181.3000,266908,5114,49188452
VSWS,N,20260429,DCBBANK,EQ,DCB Bank,191.5000,195.5900,189.0000,192.9900,2140460,25341,411006997
VSWS,N,20260429,DCCL,SM,Dar Credit & Capital,38.1000,38.1000,38.1000,38.1000,2000,1,76200
VSWS,N,20260429,DCG,SM,DCG Cables & Wires,67.0000,68.0000,65.0000,65.2500,14400,12,952320
VSWS,N,20260429,DCI,BE,DC Infotech & Commun,293.0000,294.7500,286.0000,287.7000,4960,209,1435550
VSWS,N,20260429,DCM,EQ,D C M,87.7000,87.7000,82.1500,83.4700,10286,149,862917
VSWS,N,20260429,DCMFINSERV,BE,DCM Financial Serv,4.8100,4.8300,4.8100,4.8100,8804,21,42398
VSWS,N,20260429,DCMNVL,EQ,DCM Nouvelle,147.3000,147.3000,141.0500,141.3800,7704,209,1112938
VSWS,N,20260429,DCMSHRIRAM,EQ,DCM Shriram,1184.0000,1204.9000,1162.5000,1164.8000,33064,5015,38948940
VSWS,N,20260429,DCMSIL,BE,DCM Shriram Internat,62.1600,64.0000,61.1100,62.4300,64012,322,3993147
VSWS,N,20260429,DCMSRIND,EQ,DCM Shriram Ind,39.1000,40.5400,39.1000,39.5100,133647,802,5337207
VSWS,N,20260429,DCW,EQ,D C W,47.2500,49.1400,47.0000,47.5100,4976763,15987,239081531
VSWS,N,20260429,DCXINDIA,EQ,DCX Systems,202.5400,209.0000,197.9000,199.3500,1379088,14725,279834503
VSWS,N,20260429,DDEVPLSTIK,EQ,Ddev Plastiks Indust,254.9000,263.0000,248.7100,252.8100,170589,3011,43481200
VSWS,N,20260429,DECCANCE,EQ,Deccan Cements,650.2000,669.7500,650.0000,660.5000,20403,545,13447738
VSWS,N,20260429,DECCANTRAN,SM,Deccan Transcon Leas,21.5000,22.5000,21.0500,21.5000,8400,7,181620
VSWS,N,20260429,DECNGOLD,EQ,Deccan Gold Mines,124.0000,130.9500,121.2000,126.1000,1011895,8128,128380918
VSWS,N,20260429,DEEDEV,EQ,Dee Development Engi,392.0000,422.9000,392.0000,422.7000,607400,6672,254006784
VSWS,N,20260429,DEEM,SM,Deem Roll Tech,36.3000,36.3500,36.3000,36.3500,2000,2,72650
VSWS,N,20260429,DEEPAKFERT,EQ,Deepak Fertilizers,1233.9500,1256.0000,1221.6000,1239.7000,370250,18026,459975426
VSWS,N,20260429,DEEPAKNTR,EQ,Deepak Nitrite,1682.6000,1758.0000,1680.2000,1724.1000,275307,19670,475168045
VSWS,N,20260429,DEEPINDS,EQ,Deep Industries,489.9500,494.2000,478.0000,483.1500,167939,4048,81691045
VSWS,N,20260429,DEFENCE,EQ,Mirae Asset BSE (I),73.9100,74.7200,73.6600,74.0200,259927,779,19264659
VSWS,N,20260429,DELAPLEX,SM,Delaplex,117.9500,127.9500,116.0000,123.7500,15000,22,1811370
VSWS,N,20260429,DELHIVERY,EQ,Delhivery,467.9000,472.4500,463.3500,466.3000,2507318,32416,1172757123
VSWS,N,20260429,DELPHIFX,EQ,Delphi World Money,12.7000,13.1600,11.3600,11.7000,503886,1365,6035258
VSWS,N,20260429,DELTACORP,EQ,Delta Corp,74.0000,75.4800,72.0600,72.4300,2471983,12406,181525970
VSWS,N,20260429,DELTAMAGNT,EQ,Delta Manufacturing,66.0300,66.0300,60.3100,61.1700,4175,172,258373
VSWS,N,20260429,DELTIC,ST,Delta Autocorp,44.1000,45.2500,44.1000,44.9000,5000,5,224500
VSWS,N,20260429,DEN,EQ,Den Networks,28.1400,28.3300,28.0000,28.1500,338618,1494,9536292
VSWS,N,20260429,DENEERS,ST,De Neers Tools,170.0000,179.6000,170.0000,177.5000,38400,37,6798900
VSWS,N,20260429,DENORA,EQ,De Nora India,844.5000,849.9500,808.7500,816.6000,5354,859,4441260
VSWS,N,20260429,DENTA,EQ,Denta Water and Infr,282.9900,291.0700,281.0000,282.4200,223188,4332,63760834
VSWS,N,20260429,DENTALKART,SM,Vasa Denticity,411.6500,474.0000,400.0000,449.7500,32000,95,13651550
VSWS,N,20260429,DEVIT,EQ,Dev Information Tech,32.0500,33.0800,32.0000,32.2200,33373,556,1086386
VSWS,N,20260429,DEVX,EQ,Dev Accelerator,42.4100,42.9400,42.2900,42.5500,59735,335,2544275
VSWS,N,20260429,DEVYANI,EQ,Devyani Internationa,112.8500,129.9700,111.1900,127.5900,57442662,266250,7170877032
VSWS,N,20260429,DGCONTENT,EQ,Digicontent,31.1100,32.6700,29.3100,31.4800,29186,291,922337
VSWS,N,20260429,DHAMPURSUG,EQ,Dhampur Sugar,142.0800,146.5000,141.7100,144.0800,820146,6291,117908992
VSWS,N,20260429,DHANBANK,EQ,Dhanlaxmi Bank,32.6400,33.4900,30.0700,30.4300,9613911,20162,303564856
VSWS,N,20260429,DHANLAXMI,SM,Dhanlaxmi Crop Scien,35.0000,35.2000,31.9500,31.9500,36000,16,1198300
VSWS,N,20260429,DHANUKA,EQ,Dhanuka Agritech,1078.6500,1078.6500,1049.4500,1055.8500,22773,2136,24169277
VSWS,N,20260429,DHARARAIL,SM,Dhara Rail Projects,118.0000,118.0000,112.0000,113.0500,23000,18,2623500
VSWS,N,20260429,DHARIWAL,ST,Dhariwalcorp,41.3500,41.7500,39.5000,40.0000,231000,44,9316350
VSWS,N,20260429,DHARMAJ,EQ,Dharmaj Crop Guard,255.0200,258.9400,254.9000,255.1400,17386,655,4470727
VSWS,N,20260429,DHRUV,EQ,Dhruv Consultancy Se,35.9800,37.0000,35.5000,35.9900,13384,90,488789
VSWS,N,20260429,DHUNINV,EQ,Dhunseri Investments,939.4000,957.0000,930.0000,935.3000,1279,245,1203510
VSWS,N,20260429,DIACABS,EQ,Diamond Power Infra,165.1600,166.8900,158.5000,161.3400,1754615,14250,282101644
VSWS,N,20260429,DIAMINESQ,EQ,Diamines & Chemicals,263.0000,269.9900,263.0000,265.2600,1824,262,487569
VSWS,N,20260429,DIAMONDYD,EQ,Prataap Snacks,1008.0000,1009.8000,995.4000,1006.1000,12612,558,12666030
VSWS,N,20260429,DICIND,EQ,DIC India,530.0000,558.5500,522.3000,534.0500,1152,82,615000
VSWS,N,20260429,DIFFNKG,EQ,Diffusion Engineers,301.8400,304.5200,294.0000,296.9800,70126,1415,20860416
VSWS,N,20260429,DIGIDRIVE,EQ,Digidrive Distributo,24.4800,24.4800,23.7500,23.9500,31486,92,755442
VSWS,N,20260429,DIGIKORE,SM,Digikore Studios,67.0000,67.9000,66.9000,67.4500,4800,12,323180
VSWS,N,20260429,DIGISPICE,EQ,DiGiSPICE Technologi,21.2000,21.7100,20.8100,21.1100,120681,339,2564282
VSWS,N,20260429,DIGITIDE,EQ,Digitide Solutions,95.1900,99.8400,94.0500,98.7700,680777,4871,66310287
VSWS,N,20260429,DIGJAMLMTD,EQ,Digjam,46.5900,47.4000,45.1100,45.9500,13590,465,628761
VSWS,N,20260429,DIRL,SM,Dhanuka Infra Realty,12.8000,12.8000,12.8000,12.8000,6000,1,76800
VSWS,N,20260429,DISAQ,EQ,Disa India,12620.0500,12657.0000,12144.7000,12224.0500,460,94,5647408
VSWS,N,20260429,DISHTV,BE,Dish TV India,3.8200,3.9400,3.7800,3.8300,1842634,1176,7121956
VSWS,N,20260429,DIVGIITTS,EQ,Divgi Torqtransfer S,745.6000,749.9500,722.1000,733.5500,10590,1363,7775175
VSWS,N,20260429,DIVIDEND,EQ,Mirae Asset B 500 Dv,37.1500,37.4200,36.9500,37.1800,11707,82,435735
VSWS,N,20260429,DIVINEHIRA,ST,Divine Hira Jeweller,314.0000,314.0000,311.8000,311.8000,3200,2,1001280
VSWS,N,20260429,DIVISLAB,EQ,Divi's Laboratories,6470.0000,6549.5000,6454.0000,6534.0000,324770,36896,2114377208
VSWS,N,20260429,DIVOPPBEES,EQ,Nippon INft DivOpp50,80.5400,80.8900,79.6100,80.1400,19543,503,1570389
VSWS,N,20260429,DIVYADHAN,ST,Divyadhan Recycling,37.7000,37.7000,37.4500,37.4500,6000,3,225700
VSWS,N,20260429,DIXON,EQ,Dixon Technologies (,11375.5000,11575.0000,11259.5000,11325.0000,677475,56075,7741095238
VSWS,N,20260429,DJML,BE,DJ Mediaprint & Logi,93.8000,93.8000,91.1000,91.5000,24784,67,2271605
VSWS,N,20260429,DLF,EQ,DLF,589.8000,605.9000,589.3500,594.4500,2775100,50738,1661624067
VSWS,N,20260429,DLINKINDIA,EQ,D-Link (India),460.0000,462.8500,453.8000,455.6000,51405,2073,23579082
VSWS,N,20260429,DMART,EQ,Avenue Supermarts,4558.0000,4639.9000,4558.0000,4593.4000,299310,23051,1378029573
VSWS,N,20260429,DMCC,EQ,DMCC Speciality Chem,288.3400,290.9900,280.9700,285.1700,31016,946,8864848
VSWS,N,20260429,DNAMEDIA,EQ,Diligent Media Corpo,3.0600,3.0600,2.9100,2.9500,44556,216,132602
VSWS,N,20260429,DODLA,EQ,Dodla Dairy,1150.0000,1152.5000,1113.3000,1120.0000,33660,5776,38162869
VSWS,N,20260429,DOLATALGO,EQ,Dolat Algotech,77.7500,80.4000,77.3000,78.5200,298683,2588,23522471
VSWS,N,20260429,DOLLAR,EQ,Dollar Industries,306.6000,313.4900,302.1100,303.8500,197466,5312,60638002
VSWS,N,20260429,DOLLEX,SM,Dollex Agrotech,31.4000,31.4000,31.4000,31.4000,4000,1,125600
VSWS,N,20260429,DOLPHIN,EQ,Dolphin Offshore Ent,417.5500,422.7000,410.4000,413.9500,12327,553,5138668
VSWS,N,20260429,DOMS,EQ,DOMS Industries,2306.0000,2328.0000,2288.7000,2298.0000,34905,4239,80526983
VSWS,N,20260429,DONEAR,EQ,Donear Industries,92.5200,94.1500,91.5500,91.5700,14490,380,1338547
VSWS,N,20260429,DPABHUSHAN,EQ,D P Abhushan,1104.1000,1123.3500,1067.1000,1077.1500,28032,2009,30585770
VSWS,N,20260429,DPEL,SM,Divine Power Energy,456.0000,473.4000,450.0000,473.4000,67000,117,31156550
VSWS,N,20260429,DPSCLTD,EQ,India Power Corp,10.3000,10.3500,10.0500,10.1200,169031,636,1724010
VSWS,N,20260429,DPWIRES,EQ,D P Wires,189.9900,189.9900,182.2500,183.2900,8190,325,1521965
VSWS,N,20260429,DRAGARWQ,EQ,Dr Agrawal's Eye Hos,4967.4500,5059.7000,4940.1000,4980.5000,199,108,994349
VSWS,N,20260429,DRCSYSTEMS,EQ,DRC Systems India,15.7400,15.7400,14.1800,14.6100,373039,1114,5518008
VSWS,N,20260429,DREAMFOLKS,EQ,Dreamfolks Services,82.4100,83.6400,81.4900,81.6100,60553,1378,4993535
VSWS,N,20260429,DREDGECORP,EQ,Dredging Corp,966.9000,983.4500,954.0000,956.3000,95638,4946,92418039
VSWS,N,20260429,DRONE,SM,Drone Destination,54.1000,54.1000,52.8000,52.9000,35500,57,1903100
VSWS,N,20260429,DRREDDY,EQ,Dr Reddy's Lab,1367.0000,1375.9000,1321.5000,1329.8000,4545837,112849,6112569949
VSWS,N,20260429,DSFCL,EQ,DCM Shriram Fine Che,25.4900,25.4900,24.2100,24.8700,194940,726,4846654
VSWS,N,20260429,DSSL,EQ,Dynacons Systems,1060.0000,1079.0000,1044.0000,1052.1500,22937,1865,24217412
VSWS,N,20260429,DTIL,EQ,Dhunseri Tea & Indus,144.3500,144.3500,137.2600,138.9000,912,40,126534
VSWS,N,20260429,DUCOL,SM,Ducol Organics & Col,123.0000,125.0000,123.0000,125.0000,5600,6,698400
VSWS,N,20260429,DUCON,BE,Ducon Infratechnolog,3.3300,3.4500,3.2800,3.3000,206100,233,690601
VSWS,N,20260429,DURLAX,ST,Durlax Top Surface,50.8000,50.8000,49.5000,49.6000,30000,14,1492300
VSWS,N,20260429,DVL,EQ,Dhunseri Ventures,245.4300,250.0000,241.0000,243.1400,9439,382,2313487
VSWS,N,20260429,DWARKESH,EQ,Dwarikesh Sugar Indu,42.7400,43.9400,42.5100,43.3600,1617068,7788,70027860
VSWS,N,20260429,DYCL,EQ,Dynamic Cables,387.0000,388.5900,371.2600,373.1700,153910,4285,58158647
VSWS,N,20260429,DYNAMATECH,EQ,Dynamatic Tech,11852.5000,12024.0000,11410.0000,11791.0000,30461,8699,359994558
VSWS,N,20260429,DYNAMIC,SM,Dynamic Services & S,156.0000,156.0000,145.5000,150.9500,3000,6,449750
VSWS,N,20260429,DYNPRO,EQ,Dynemic Products,233.0000,239.6300,226.1000,226.9200,29043,1202,6733196
VSWS,N,20260429,E2E,BE,E2E Networks,2988.0000,3099.0000,2922.2000,2938.3000,86553,4792,261373532
VSWS,N,20260429,E2ERAIL,SM,E To E Transportatio,272.9500,272.9500,261.0000,262.5500,37600,43,10026280
VSWS,N,20260429,EASEMYTRIP,EQ,Easy Trip Planners,7.9700,8.0000,7.8700,7.9000,9728187,13829,76995806
VSWS,N,20260429,EASTSILK,BE,Eastern Silk Indus,59.0000,59.1000,59.0000,59.1000,991,7,58478
VSWS,N,20260429,EBANKNIFTY,EQ,Edelweiss Nfty Bank,56.0200,56.4400,55.8000,55.8400,881,22,49352
VSWS,N,20260429,EBBETF0430,EQ,BHARAT Bond ETF 2030,1562.6900,1578.1900,1562.6900,1571.5100,3377,234,5306962
VSWS,N,20260429,EBBETF0431,EQ,BHARAT Bond ETF - Ap,1407.7700,1407.7700,1400.3500,1400.4500,3887,98,5451212
VSWS,N,20260429,EBBETF0433,EQ,BHARAT Bond ETF-Apri,1295.1900,1295.1900,1275.0000,1275.4400,3002,120,3831352
VSWS,N,20260429,EBGNG,EQ,GNG Electronics,416.6000,421.4500,408.0000,411.7000,218471,8997,90477929
VSWS,N,20260429,ECAPINSURE,EQ,Edelweiss BSE Cap M,23.8900,24.0900,23.7000,23.9100,46389,248,1112370
VSWS,N,20260429,ECLERX,EQ,eClerx Services,1456.1000,1484.4000,1406.5000,1416.2000,192357,13258,275649919
VSWS,N,20260429,ECOLINE,SM,Ecoline Exim,117.0000,117.0000,115.5000,116.0000,23000,17,2673450
VSWS,N,20260429,ECOSMOBLTY,EQ,Ecos (I) Mobility &,141.0000,145.7400,137.5500,138.2900,281555,3187,39587883
VSWS,N,20260429,EDELWEISS,EQ,Edelweiss Financial,123.9900,129.2900,123.1100,123.9400,7214861,56702,910749543
VSWS,N,20260429,EEPL,SM,Eppeltone Engineers,117.0000,117.0000,113.1500,115.0500,38000,38,4372300
VSWS,N,20260429,EFACTOR,SM,E Factor Experiences,249.0000,249.0000,221.0000,230.0000,2000,5,467680
VSWS,N,20260429,EFCIL,EQ,EFC (I),200.7900,201.9800,189.6700,190.8300,439809,7509,85395743
VSWS,N,20260429,EFFWA,SM,Effwa Infra & Resear,234.9000,248.0000,234.8500,246.3000,24400,41,5921440
VSWS,N,20260429,EFORCE,ST,Electro Force (India,28.0000,28.0000,28.0000,28.0000,1200,1,33600
VSWS,N,20260429,EGOLD,EQ,Edelweiss Gold ETF,148.6000,148.6000,146.5500,146.9500,24862,526,3666958
VSWS,N,20260429,EICHERMOT,EQ,Eicher Motors,7106.0000,7294.0000,7099.0000,7189.5000,522596,48804,3778204758
VSWS,N,20260429,EIDPARRY,EQ,EID Parry,854.4000,857.5000,833.5000,837.2000,229659,13180,193710426
VSWS,N,20260429,EIEL,EQ,Enviro Infra Enginee,219.9500,227.0000,216.0000,219.8800,5316518,47263,1175742558
VSWS,N,20260429,EIFFL,EQ,Euro India Fresh Foo,248.0100,250.2700,244.0100,245.1300,3484,368,859535
VSWS,N,20260429,EIHAHOTELS,EQ,EIH Associated Hotel,321.1000,328.0000,320.2000,324.7500,14947,1054,4837561
VSWS,N,20260429,EIHOTEL,EQ,E I H,328.6000,330.6500,322.0000,323.3000,122727,4737,40060487
VSWS,N,20260429,EIMCOELECO,EQ,Eimco Elecon,1615.0000,1648.0000,1590.0000,1593.3000,24335,2443,39102646
VSWS,N,20260429,EKC,EQ,Everest Kanto Cylind,124.8000,124.8000,121.0000,121.3300,224149,3197,27444483
VSWS,N,20260429,ELANTAS,EQ,Elantas Beck India,9649.0000,10103.0000,9600.0000,10022.3000,1352,602,13429975
VSWS,N,20260429,ELCIDIN,EQ,Elcid Investments,126101.0500,128917.3500,124690.6500,125563.2500,18,18,2266756
VSWS,N,20260429,ELDEHSG,EQ,Eldeco Housing,836.2500,850.0500,831.2000,849.5500,173,31,146577
VSWS,N,20260429,ELECON,EQ,Elecon Engineering,481.6000,494.9000,472.2000,488.2500,1213202,24420,585745714
VSWS,N,20260429,ELECTCAST,EQ,Electrosteel Casting,84.9000,85.7500,83.1500,83.8200,2335772,17888,197098173
VSWS,N,20260429,ELECTHERM,EQ,Electrotherm (India),877.0000,877.0000,830.0500,838.5000,18119,996,15363390
VSWS,N,20260429,ELGIEQUIP,EQ,Elgi Equipments,558.0000,574.7000,557.9500,565.8500,766940,30500,435730472
VSWS,N,20260429,ELGIRUBCO,EQ,Elgi Rubber Company,50.1500,54.4500,49.7200,53.9500,68239,599,3615101
VSWS,N,20260429,ELGNZ,SM,Eleganz Interiors,73.0000,75.7000,73.0000,74.0000,3000,3,222700
VSWS,N,20260429,ELIN,EQ,Elin Electronics,123.0100,125.0400,121.6000,124.1600,189870,3634,23478926
VSWS,N,20260429,ELIQUID,EQ,Edelweiss Nifty 1d R,1028.5400,1028.5600,1028.5400,1028.5400,709,6,729236
VSWS,N,20260429,ELITECON,EQ,Elitecon Internation,38.1500,39.2000,36.9500,37.4000,1258056,7020,47667109
VSWS,N,20260429,ELLEN,EQ,Ellenbarrie Industri,278.0000,278.0000,264.1800,267.2600,419563,7673,112151780
VSWS,N,20260429,ELM250,EQ,Edelweiss Nifty Larg,16.1900,16.9700,16.1900,16.3200,213758,127,3489410
VSWS,N,20260429,ELPROINTL,EQ,Elpro International,106.0000,111.5800,105.2200,109.8600,266115,2886,29021877
VSWS,N,20260429,EMAMILTD,EQ,Emami,458.3000,466.0000,450.3500,457.9000,290180,13053,133609537
VSWS,N,20260429,EMAMIPAP,EQ,Emami Paper Mills,78.0600,80.0000,77.5000,77.8300,30983,401,2439694
VSWS,N,20260429,EMAMIREAL,EQ,Emami Realty,94.4700,99.7700,88.3500,90.9800,255691,2838,24248649
VSWS,N,20260429,EMAPARTNER,SM,EMA Partners India,88.2500,94.6000,87.3500,92.1000,159000,141,14707050
VSWS,N,20260429,EMCURE,EQ,Emcure Pharmaceutica,1660.0000,1769.0000,1653.0000,1729.9000,1424684,61579,2461110317
VSWS,N,20260429,EMIL,EQ,Electronics Mart (I),124.8200,129.1000,123.1100,127.1600,5870931,42331,743469006
VSWS,N,20260429,EMKAY,EQ,Emkay Global & Fin,229.1200,230.4600,224.1200,225.3800,24533,541,5564749
VSWS,N,20260429,EMKAYTOOLS,SM,Emkay Taps & Cutting,103.3000,115.4500,103.0000,113.9000,7950,36,861645
VSWS,N,20260429,EMMBI,EQ,Emmbi Industries,84.4100,85.7000,84.3100,84.4200,1986,54,168179
VSWS,N,20260429,EMMIL,SM,Energy Mission Machi,160.9500,160.9500,150.0000,150.0000,12250,19,1845288
VSWS,N,20260429,EMMVEE,EQ,Emmvee Photovoltaic,285.5000,299.5000,285.5000,290.8400,24146742,183721,7107217141
VSWS,N,20260429,EMPOWER,EQ,Empower India,1.9000,1.9000,1.9000,1.9000,375560,188,713564
VSWS,N,20260429,EMSLIMITED,EQ,EMS,361.4000,365.5000,350.9000,352.2000,164946,4636,58778215
VSWS,N,20260429,EMUDHRA,EQ,eMudhra,491.0000,503.2000,488.1000,489.6000,63034,2789,31135713
VSWS,N,20260429,EMULTIMQ,EQ,Edelweiss Nfty500 MM,41.9800,42.3900,41.4300,42.0500,63288,244,2673228
VSWS,N,20260429,ENCOMPAS,SM,Encompass Design Ind,245.1500,253.5000,243.9000,244.0000,19200,15,4723200
VSWS,N,20260429,ENDURANCE,EQ,Endurance Technologi,2370.0000,2400.2000,2317.1000,2327.1000,77019,9165,181666092
VSWS,N,20260429,ENERGY,EQ,Mirae Asset Nifty En,42.2000,42.2000,40.8600,41.0400,1254588,1883,51820198
VSWS,N,20260429,ENERGYDEV,EQ,Energy Development,17.5100,17.5500,17.0100,17.2800,22915,317,395785
VSWS,N,20260429,ENGINERSIN,EQ,Engineers India,258.4000,259.5000,250.1200,250.9500,3025322,32967,766660261
VSWS,N,20260429,ENIFTY,EQ,Edelweiss Nifty 50 E,24.6300,24.6300,24.0800,24.1300,35145,46,850256
VSWS,N,20260429,ENIL,EQ,Entertainment Networ,119.5000,119.5000,115.1000,115.8900,6989,110,814610
VSWS,N,20260429,ENRIN,EQ,Siemens Energy India,3264.0000,3368.0000,3250.9000,3310.0000,922444,79550,3070779019
VSWS,N,20260429,ENSER,ST,Enser Communications,15.5000,15.6500,15.5000,15.6500,65000,5,1010000
VSWS,N,20260429,ENTERO,EQ,Entero Healthcare So,1195.5000,1202.0000,1172.8000,1191.4000,69726,5721,82797232
VSWS,N,20260429,ENVIRO,SM,Envirotech Systems,118.0000,125.0000,118.0000,120.5000,40000,36,4884550
VSWS,N,20260429,EPACK,EQ,EPACK Durable,293.7400,301.9500,278.0400,283.9600,10262865,88285,2960967349
VSWS,N,20260429,EPACKPEB,EQ,Epack Prefab Technol,202.4900,205.5000,196.0900,197.2800,441859,7956,88323697
VSWS,N,20260429,EPIGRAL,EQ,Epigral,1225.0500,1233.6000,1190.0000,1194.5500,35746,4014,43388946
VSWS,N,20260429,EPL,EQ,EPL,225.3400,228.3500,225.2800,226.9400,380237,5340,86213657
VSWS,N,20260429,EPWINDIA,SM,EPW India,143.0000,158.5000,143.0000,150.5500,48000,39,7252980
VSWS,N,20260429,EQUAL200,EQ,Mirae Asset BSE 200,13.4500,13.5500,13.4100,13.4400,76522,61,1032409
VSWS,N,20260429,EQUAL50,EQ,Mirae Asset Nifty50,326.6200,330.0400,326.6200,328.4000,2241,16,736250
VSWS,N,20260429,EQUAL50ADD,EQ,DSP Nifty 50 Equal W,336.3300,340.1600,336.3300,337.9500,5436,189,1841463
VSWS,N,20260429,EQUIPPP,BE,Equippp Social Impac,17.1400,17.6000,16.7200,17.4300,1902,19,32869
VSWS,N,20260429,EQUITASBNK,EQ,Equitas Small Financ,66.6000,69.1400,66.4100,66.9100,2666910,12909,180830526
VSWS,N,20260429,ERIS,EQ,Eris Lifesciences,1335.0000,1361.8000,1307.0000,1316.2000,73396,8610,97715572
VSWS,N,20260429,ESABINDIA,EQ,Esab India,6187.8000,6234.0000,6100.0000,6214.5000,2683,1092,16583229
VSWS,N,20260429,ESAFSFB,EQ,ESAF Small Finance B,25.2500,26.1900,25.2500,25.8600,997205,3220,25774943
VSWS,N,20260429,ESCONET,ST,Esconet Technologies,132.2000,138.7500,132.1500,138.7500,16400,38,2261460
VSWS,N,20260429,ESCORTS,EQ,Escorts Kubota,3333.0000,3382.0000,3259.0000,3302.1000,80686,14179,266762044
VSWS,N,20260429,ESENSEX,EQ,Edelweiss BSE Sensex,75.5500,78.0700,75.5500,77.6800,326,12,25178
VSWS,N,20260429,ESFL,ST,Essen Speciality Fil,125.0000,129.6000,124.0000,128.1000,6840,18,859968
VSWS,N,20260429,ESG,EQ,Mirae Asst Nifty 100,41.0900,41.5000,41.0900,41.1800,21732,107,899758
VSWS,N,20260429,ESILVER,EQ,Edelweiss Silver ETF,235.0300,237.0400,233.3700,233.9900,397407,5887,93086959
VSWS,N,20260429,ESPRIT,SM,Esprit Stones,59.0000,62.0000,58.2000,60.9000,33600,19,2009360
VSWS,N,20260429,ESSARSHPNG,EQ,Essar Shipping,26.8100,31.0600,26.8100,29.4200,1646576,6976,48179166
VSWS,N,20260429,ESSENTIA,EQ,Integra Essentia,1.3600,1.3700,1.3300,1.3300,1142942,797,1533661
VSWS,N,20260429,ESTER,EQ,Ester Industries,91.5100,93.9000,90.2800,90.4300,53886,935,4906879
VSWS,N,20260429,ETERNAL,EQ,Eternal,263.3000,265.4000,253.0000,254.0300,152137971,616951,39189060556
VSWS,N,20260429,ETHOSLTD,EQ,Ethos,2587.5000,2627.3000,2422.8000,2439.3000,111133,11470,274738509
VSWS,N,20260429,ETML,SM,Emerald Tyre Manufac,88.7500,88.9000,87.9000,88.8000,31200,8,2767320
VSWS,N,20260429,EUREKAFORB,EQ,Eureka Forbes,496.6000,512.1500,496.6000,506.6500,177067,5808,89548247
VSWS,N,20260429,EUROBOND,EQ,Euro Panel Products,172.3100,174.0100,170.0000,170.9400,3270,124,561196
VSWS,N,20260429,EUROPRATIK,EQ,Euro Pratik Sales,269.4200,270.5500,264.8000,267.7300,181639,1103,48545198
VSWS,N,20260429,EUROTEXIND,EQ,Eurotex Industries,16.1100,16.5000,16.0900,16.0900,256,13,4151
VSWS,N,20260429,EVEREADY,EQ,Eveready Industries,324.9000,328.2000,321.6000,326.8500,49530,1816,16136109
VSWS,N,20260429,EVERESTIND,EQ,Everest Industries,390.2500,400.1500,387.2500,393.5500,9089,613,3586716
VSWS,N,20260429,EVIETF,EQ,Icici Pru Nfty Ev &,29.9800,30.3800,29.9500,30.0700,186561,524,5642441
VSWS,N,20260429,EVINDIA,EQ,Mirae A Nifty EV & N,30.2700,30.4200,29.9900,30.1200,165703,1171,5018984
VSWS,N,20260429,EXCELINDUS,EQ,Excel Industries,946.2500,979.4500,941.0000,954.2000,8046,543,7740446
VSWS,N,20260429,EXCELLENT,ST,Excellent Wires & Pa,126.0000,126.0000,126.0000,126.0000,1600,1,201600
VSWS,N,20260429,EXCELSOFT,EQ,Excelsoft Technologi,94.8900,97.8900,94.1400,94.5100,1234804,7256,118650727
VSWS,N,20260429,EXICOM,EQ,Exicom Tele-systems,118.0000,119.6900,111.0000,112.3500,469963,5611,54257279
VSWS,N,20260429,EXIDEIND,EQ,Exide Industries,357.5000,370.3000,356.9000,363.4500,4899239,50717,1787922700
VSWS,N,20260429,EXIMROUTES,SM,Exim Routes,132.0000,132.0000,124.6500,128.0000,33600,12,4404240
VSWS,N,20260429,EXPLEOSOL,EQ,Expleo Solutions,809.3500,817.9500,805.4000,813.3500,9982,992,8104854
VSWS,N,20260429,EXXARO,EQ,Exxaro Tiles,7.0000,7.1900,6.8000,6.8900,362231,811,2521000
VSWS,N,20260429,FABTECH,EQ,Fabtech Technologies,173.9000,177.7800,170.0000,171.2200,487298,7215,85053020
VSWS,N,20260429,FACT,EQ,Fert & Chem Travan,914.4000,926.9500,903.8000,908.8500,316276,15032,288654646
VSWS,N,20260429,FAIRCHEMOR,EQ,Fairchem Organics,563.1500,572.2000,562.0000,568.6500,4242,558,2406737
VSWS,N,20260429,FALCONTECH,SM,Falcon Technoproject,14.4000,14.7000,14.0000,14.5000,39600,23,568560
VSWS,N,20260429,FAZE3Q,BE,Faze Three,460.0000,467.0000,455.0000,459.5000,5641,115,2590760
VSWS,N,20260429,FCL,EQ,Fineotex Chemical,23.0100,23.4600,22.9300,23.0300,4032965,4972,93319347
VSWS,N,20260429,FCSSOFT,BE,FCS Software Solutio,1.7200,1.7200,1.6500,1.6800,985251,941,1656218
VSWS,N,20260429,FDC,EQ,F D C,363.1000,367.6500,362.2000,363.2500,25741,1459,9368400
VSWS,N,20260429,FEDDERSHOL,EQ,Fedders Holding,35.9500,38.3000,33.0000,34.8000,617700,2740,21868137
VSWS,N,20260429,FEDERALBNK,EQ,Federal Bank,296.0000,301.7000,282.5500,284.7500,21186876,207831,6185596707
VSWS,N,20260429,FEDFINA,EQ,Fedbank Financial Se,158.0400,158.2700,143.2200,148.7500,5063856,50603,761409500
VSWS,N,20260429,FEL,BZ,Future Enterprises,0.4600,0.4700,0.4500,0.4600,527403,144,241757
VSWS,N,20260429,FELDVR,BZ,Future Enter Type B,2.9100,3.0000,2.8100,2.8200,4415,17,13010
VSWS,N,20260429,FELIX,SM,Felix Industries,214.0000,232.0000,214.0000,221.3500,67500,118,15245750
VSWS,N,20260429,FERMENTA,EQ,Fermenta Biotech,314.7500,322.2000,310.0000,312.2000,4048,307,1277654
VSWS,N,20260429,FIBERWEB,BE,Fiberweb (India),37.9900,38.0000,36.6000,37.8000,5624,65,211106
VSWS,N,20260429,FIDEL,SM,Fidel Softech,159.5000,179.9000,158.1500,172.5000,37000,36,6254000
VSWS,N,20260429,FIEMIND,EQ,Fiem Industries,2199.1000,2245.8000,2185.5000,2193.2000,23327,4238,51663944
VSWS,N,20260429,FILATEX,EQ,Filatex India,45.7400,46.9000,45.0000,45.6700,1046080,4880,48106445
VSWS,N,20260429,FILATFASH,BE,Filatex Fashions,0.2700,0.2700,0.2700,0.2700,9363735,2005,2528208
VSWS,N,20260429,FINBUD,SM,Finbud Financial Ser,124.1500,131.9000,121.1500,130.2000,64000,56,7980000
VSWS,N,20260429,FINCABLES,EQ,Finolex Cables,1011.0000,1022.0000,996.0000,1003.2500,304552,20524,306432064
VSWS,N,20260429,FINEORG,EQ,Fine Organic Industr,4745.0000,4797.3000,4696.0000,4721.6000,9619,2670,45698752
VSWS,N,20260429,FINIETF,EQ,ICICI Pru Nif Fin Se,31.9200,32.4400,31.6000,31.6700,260626,1085,8293795
VSWS,N,20260429,FINKURVE,EQ,Finkurve Financial,72.5000,75.0000,72.0000,73.8000,153870,2454,11301014
VSWS,N,20260429,FINOPB,EQ,Fino Payments Bank,134.0600,138.9500,130.5000,134.3600,506666,5712,68749351
VSWS,N,20260429,FINPIPE,EQ,Finolex Industries,176.0100,178.0700,174.4300,175.0000,307732,7660,54248726
VSWS,N,20260429,FIRSTCRY,EQ,Brainbees Solutions,247.5400,249.8800,240.0500,241.1100,971538,16869,237701946
VSWS,N,20260429,FISCHER,EQ,Fischer Medical Vent,39.9900,40.6200,38.6700,38.8300,1480711,2889,58839642
VSWS,N,20260429,FIVESTAR,EQ,Five-Star Business F,495.0000,502.9000,474.0000,498.1500,3024790,60717,1485236666
VSWS,N,20260429,FLAIR,EQ,Flair Writing Indust,320.1000,332.4000,318.9500,320.2500,103069,2031,33490749
VSWS,N,20260429,FLEXIADD,EQ,DSP Nifty500 Flexica,9.7800,9.8300,9.7400,9.7500,167855,296,1641798
VSWS,N,20260429,FLEXITUFF,EQ,Flexituff Ventur Int,7.0200,7.0400,6.4700,6.9000,21759,183,149628
VSWS,N,20260429,FLFL,BZ,Future Lifestyle Fas,1.5500,1.5900,1.4700,1.5000,33307,48,51820
VSWS,N,20260429,FLUOROCHEM,EQ,Gujarat Flurochemica,3420.0000,3435.2000,3341.0000,3361.4000,71841,9828,241899737
VSWS,N,20260429,FLYSBS,SM,FlySBS Aviation,444.0000,454.0000,427.0000,431.8500,34400,135,15099080
VSWS,N,20260429,FMCGIETF,EQ,ICICI Pru Nifty FMCG,55.4900,55.5900,54.3400,55.2800,2174437,4228,120153073
VSWS,N,20260429,FMGOETZE,EQ,Federal-Mogul Goetze,467.3000,497.4500,467.3000,474.8500,211138,6476,102024150
VSWS,N,20260429,FMNL,EQ,Future Market Networ,8.8900,9.0500,8.5200,8.7400,40994,285,361108
VSWS,N,20260429,FOCE,SM,Foce India,558.0000,559.0000,555.0000,557.0000,2400,6,1338000
VSWS,N,20260429,FOCUS,EQ,Focus Lighting & Fix,79.4600,80.5900,75.1100,76.9200,84231,1041,6652082
VSWS,N,20260429,FONEBOX,SM,Fonebox Retail,65.5000,72.0000,63.0000,66.2500,5000,5,330500
VSWS,N,20260429,FOODSIN,EQ,Foods & Inns,66.0000,67.6800,64.1000,65.0000,238964,2090,15733002
VSWS,N,20260429,FORCAS,SM,Forcas Studio,102.0500,102.1000,102.0000,102.0000,6400,4,653040
VSWS,N,20260429,FORCEMOT,EQ,Force Motors,20945.0000,21460.0000,20819.0000,20985.0000,143880,38045,3040649689
VSWS,N,20260429,FORGEAUTO,SM,Forge Auto Internati,93.1000,93.1000,93.1000,93.1000,2400,2,223440
VSWS,N,20260429,FORTIS,EQ,Fortis Healthcare,952.9500,956.6000,929.2500,935.2000,903219,33467,851798557
VSWS,N,20260429,FOSECOIND,EQ,Foseco India,4755.3000,4829.9000,4701.2000,4721.2000,1796,487,8564459
VSWS,N,20260429,FRACTAL,EQ,Fractal Analytics,979.0000,985.4500,931.2000,937.4500,735747,37334,704069697
VSWS,N,20260429,FRESHARA,ST,Freshara Agro Export,208.0500,209.5000,202.0000,203.0500,10200,17,2097480
VSWS,N,20260429,FROG,SM,Frog Innovations,169.0000,170.0000,165.0500,166.0500,8400,21,1416380
VSWS,N,20260429,FRONTSP,EQ,Frontier Springs,1474.6500,1474.6500,1424.9500,1446.1000,13020,1422,18874051
VSWS,N,20260429,FSL,EQ,Firstsource Solution,213.9500,218.0000,212.5000,214.4800,1345274,22790,289650746
VSWS,N,20260429,FUSION,EQ,Fusion Finance,180.0500,196.0000,180.0500,189.2200,1304596,19514,248777089
VSWS,N,20260429,GABRIEL,EQ,Gabriel India,1030.0000,1037.9500,1008.0500,1011.0500,134791,12034,137531277
VSWS,N,20260429,GAEL,EQ,Gujarat Amb Exports,151.0300,153.0000,149.6600,151.4000,414868,8052,62880959
VSWS,N,20260429,GAIL,EQ,Gail (India),166.5400,167.9600,164.5700,165.6600,8164580,57992,1358252427
VSWS,N,20260429,GAJANAND,SM,Gajanand Internation,8.7500,9.1500,8.6000,8.8500,12000,4,105600
VSWS,N,20260429,GALAPREC,EQ,Gala Precision Engin,749.8500,763.6500,735.5500,743.3000,12108,924,9115536
VSWS,N,20260429,GALAXYSURF,EQ,Galaxy Surfactants,1846.0000,1955.0000,1834.2000,1918.3000,55888,4093,104216384
VSWS,N,20260429,GALLANTT,EQ,Gallantt Ispat,860.0000,872.0000,850.4500,866.6500,398556,19176,343076622
VSWS,N,20260429,GANDHAR,EQ,Gandhar Oil Refinery,141.0100,144.3700,139.3600,140.4900,132994,1863,18810871
VSWS,N,20260429,GANDHITUBE,EQ,Gandhi Special Tubes,843.0000,855.4500,831.0000,836.9000,5946,520,5028173
VSWS,N,20260429,GANECOS,EQ,Ganesha Ecosphere,1053.7000,1078.0000,1037.6000,1059.1000,253550,12945,269026331
VSWS,N,20260429,GANESHBE,EQ,Ganesh Benzoplast,104.0000,105.7400,100.0500,100.7200,398785,3180,41169869
VSWS,N,20260429,GANESHCP,EQ,Ganesh Consumer Prod,195.6800,197.4600,192.2500,194.1700,92030,1700,17913264
VSWS,N,20260429,GANESHHOU,EQ,Ganesh Housing,680.1000,719.0000,678.5000,683.0000,140675,7259,98188224
VSWS,N,20260429,GANESHIN,ST,Ganesh Infraworld,89.7500,90.0000,86.0500,86.9000,37600,40,3327240
VSWS,N,20260429,GANGABATH,ST,Ganga Bath Fittings,23.9500,23.9500,23.8500,23.8500,6000,2,143400
VSWS,N,20260429,GANGAFORGE,EQ,Ganga Forging,2.8800,2.9500,2.8700,2.9300,87037,223,253886
VSWS,N,20260429,GANGESSECU,EQ,Ganges Securities,129.7400,129.7400,124.2000,127.3500,11093,75,1389996
VSWS,N,20260429,GARFIBRES,EQ,Garware Technical,616.5000,620.9000,603.8500,612.7000,84937,6666,51936559
VSWS,N,20260429,GARUDA,EQ,Garuda Const & Engin,176.1600,177.3700,171.0000,172.1000,296956,3704,51635814
VSWS,N,20260429,GATECH,EQ,GACM Technologies,0.4700,0.5000,0.4700,0.4900,7623684,1070,3738048
VSWS,N,20260429,GATECHDVR,EQ,GACM Techno Type B,0.4700,0.4800,0.4600,0.4600,258752,143,121316
VSWS,N,20260429,GATEWAY,EQ,Gateway Distriparks,57.9600,58.6000,57.5300,57.7100,484719,3942,28108319
VSWS,N,20260429,GAUDIUMIVF,BE,Gaudium IVF And Wome,117.0000,117.0000,115.6900,115.6900,112702,986,13052420
VSWS,N,20260429,GAYAHWS,EQ,Gayatri Highways,2.1800,2.3300,2.1800,2.2300,449309,459,1012784
VSWS,N,20260429,GAYAPROJ,BE,Gayatri Projects,16.7000,18.2900,16.5700,17.0700,725380,567,12440875
VSWS,N,20260429,GCHOTELS,SM,Grand Continent Hote,98.0000,100.7500,95.4000,98.7000,149400,98,14427000
VSWS,N,20260429,GCSL,EQ,Gretex Corporate Ser,359.9500,372.2000,344.6000,346.7500,768384,5363,274495140
VSWS,N,20260429,GEECEE,EQ,GeeCee Ventures,297.7200,304.2900,293.3500,296.0200,1406,105,419880
VSWS,N,20260429,GEEKAYWIRE,EQ,Geekay Wires,26.8500,27.6400,26.8500,27.0200,60937,593,1657579
VSWS,N,20260429,GEMAROMA,BE,Gem Aromatics,169.3600,172.4000,160.9000,166.6200,36562,353,6028378
VSWS,N,20260429,GENCON,EQ,Generic Eng Con & Pr,41.0000,41.9900,40.2500,40.6800,32729,364,1344422
VSWS,N,20260429,GENESYS,EQ,Genesys Intl,267.9000,280.8500,266.2000,273.9400,326316,6263,89559537
VSWS,N,20260429,GENUSPAPER,EQ,Genus Paper & Boards,13.9500,13.9500,13.5100,13.7000,68412,249,941210
VSWS,N,20260429,GENUSPOWER,EQ,Genus Power Infrastr,313.7900,319.1900,309.9700,311.7200,1126860,18367,354749303
VSWS,N,20260429,GEOJITFSL,EQ,Geojit Financial Ser,66.9000,67.6000,63.7000,64.0700,540588,3505,35138889
VSWS,N,20260429,GESHIP,EQ,GE Shipping,1484.9000,1590.8000,1483.0000,1554.6000,2500676,118384,3878332299
VSWS,N,20260429,GFLLIMITED,EQ,GFL,48.0000,48.1700,46.9100,47.3400,53262,641,2539329
VSWS,N,20260429,GGBL,SM,Ganesh Green Bharat,345.0000,346.0000,338.1000,342.3500,32100,103,10985325
VSWS,N,20260429,GHCL,EQ,GHCL,513.9000,525.0000,513.9000,515.9000,76368,3273,39640887
VSWS,N,20260429,GHCLTEXTIL,EQ,GHCL Textiles,86.2300,91.4900,85.1000,90.0000,549907,5480,48720389
VSWS,N,20260429,GICHSGFIN,EQ,GIC Housing Finance,155.4000,155.5600,153.0000,153.2100,138212,1767,21297228
VSWS,N,20260429,GICL,EQ,Globe International,41.1500,42.0400,40.5800,40.7000,1467999,1691,60134802
VSWS,N,20260429,GICRE,EQ,General Insurance Co,402.8000,404.4500,399.0000,399.9500,358831,10509,143743679
VSWS,N,20260429,GILLANDERS,EQ,Gillanders Arbuthnot,94.0100,94.0600,91.1000,91.9600,1652,59,153377
VSWS,N,20260429,GILLETTE,EQ,Gillette India,8237.0000,8272.0000,8043.0000,8065.5000,36843,4639,299955793
VSWS,N,20260429,GILT10BETA,EQ,UTI Nifty 10 Y Bench,26.2200,26.3500,25.9200,26.2000,3645,26,94800
VSWS,N,20260429,GILT5BETA,EQ,UTI Nifty 5 Yr Bench,64.0300,65.1800,64.0200,64.5500,2582,18,167375
VSWS,N,20260429,GILT5YBEES,EQ,Nippon INft 5Y GSec,64.4900,64.5500,64.3100,64.3900,236387,345,15217968
VSWS,N,20260429,GINNIFILA,EQ,Ginni Filaments,41.8000,42.9000,41.8000,42.2300,62067,1298,2620361
VSWS,N,20260429,GIPCL,EQ,Gujarat Ind Power,158.4000,162.9900,157.6200,158.6800,638436,10876,102445857
VSWS,N,20260429,GIRIRAJ,ST,Giriraj Civil Develo,196.5000,196.5000,196.5000,196.5000,250,1,49125
VSWS,N,20260429,GJL,ST,Grover Jewells,157.5500,165.0000,157.5500,165.0000,25600,13,4205600
VSWS,N,20260429,GKENERGY,EQ,GK Energy,139.9000,139.9800,129.6000,130.0500,1295900,12101,173197726
VSWS,N,20260429,GKSL,EQ,Gujarat Kidney And S,114.9800,124.6100,114.9800,118.8800,3464644,12703,415084811
VSWS,N,20260429,GKWLIMITED,EQ,G K W,1599.0000,1651.0000,1599.0000,1619.3000,843,119,1375261
VSWS,N,20260429,GLAND,EQ,Gland Pharma,1767.8000,1776.3000,1735.1000,1739.1000,37857,6697,66360498
VSWS,N,20260429,GLAXO,EQ,Glaxosmithkline Phar,2415.0000,2428.5000,2359.5000,2366.6000,161302,16635,385146174
VSWS,N,20260429,GLENMARK,EQ,Glenmark Pharma,2418.7000,2474.0000,2403.7000,2413.9000,616900,43032,1499420412
VSWS,N,20260429,GLFL,BE,Gujarat Lease Fin,6.9700,7.0800,6.9700,7.0800,7984,17,55747
VSWS,N,20260429,GLOBAL,EQ,Global Education,103.3000,104.4600,99.1600,103.7600,156592,1561,15973688
VSWS,N,20260429,GLOBALE,EQ,Globale Tessile,14.0000,14.4700,13.6000,13.9300,27473,140,384005
VSWS,N,20260429,GLOBALPET,SM,Global Pet Industrie,113.0000,117.7500,113.0000,117.0000,5250,7,605288
VSWS,N,20260429,GLOBALVECT,EQ,Global Vectra Helico,186.1200,187.4000,177.5000,180.6900,6982,317,1278596
VSWS,N,20260429,GLOBE,EQ,Globe Enterprises (I,2.4800,2.5400,2.4800,2.5200,393490,233,993810
VSWS,N,20260429,GLOBECIVIL,BE,Globe Civil Projects,48.0000,48.5700,46.0000,48.5700,43939,266,2117095
VSWS,N,20260429,GLOBUSSPR,EQ,Globus Spirits,1086.0000,1089.2000,1055.1000,1067.2000,67182,3982,72246067
VSWS,N,20260429,GLOSTERLTD,EQ,Gloster,619.9000,641.0000,600.1000,622.0000,3557,344,2212047
VSWS,N,20260429,GLOTTIS,EQ,Glottis,62.9400,63.4600,56.2200,58.9000,470511,3640,28031609
VSWS,N,20260429,GMBREW,EQ,GM Breweries,970.0500,977.7000,965.1000,968.8500,33619,2029,32620713
VSWS,N,20260429,GMDCLTD,EQ,Gujarat Mineral Deve,718.0500,754.3000,712.6000,740.0500,9350592,143088,6902092169
VSWS,N,20260429,GML,SM,Galaxy Medicare,19.2000,19.2000,19.2000,19.2000,2000,1,38400
VSWS,N,20260429,GMMPFAUDLR,EQ,GMM Pfaudler,909.7500,913.3500,893.0000,898.0000,40903,2187,36900646
VSWS,N,20260429,GMRAIRPORT,EQ,GMR Airports,98.5000,98.5000,96.1100,96.4300,12312794,41779,1193798751
VSWS,N,20260429,GMRP&UI,EQ,GMR Power & Urban In,107.5000,108.8800,106.6000,107.2000,3814828,11672,409136628
VSWS,N,20260429,GNA,EQ,GNA Axles,431.5000,439.9000,423.5000,427.3500,36431,1995,15704143
VSWS,N,20260429,GNFC,EQ,G N F C,475.6000,482.7000,473.9500,474.9000,299222,12362,142851882
VSWS,N,20260429,GNRL,EQ,Gujarat Natural Reso,96.5000,96.6000,91.7500,95.6500,370617,2199,35603588
VSWS,N,20260429,GOACARBON,EQ,Goa Carbon,383.0000,386.7500,374.0000,375.5500,21466,771,8158740
VSWS,N,20260429,GOCLCORP,EQ,GOCL Corporation,340.9500,340.9500,326.4500,331.4500,111197,3109,36977957
VSWS,N,20260429,GOCOLORS,EQ,Go Fashion (India),311.8200,312.3500,300.0000,304.5900,154327,3537,47477870
VSWS,N,20260429,GODAVARIB,EQ,Godavari Biorefineri,319.8000,330.0000,317.0500,319.7000,236808,6196,76554620
VSWS,N,20260429,GODFRYPHLP,EQ,Godfrey Phillips,2130.0000,2297.8000,2125.6000,2275.3000,3926006,148262,8786051350
VSWS,N,20260429,GODIGIT,EQ,Go Digit General Ins,319.9500,326.9500,312.1000,315.1000,507895,14790,161701718
VSWS,N,20260429,GODREJAGRO,EQ,Godrej Agrovet,589.1000,602.0000,589.1000,593.4000,129020,8558,76896289
VSWS,N,20260429,GODREJCP,EQ,Godrej Consumer Prod,1104.5500,1107.8000,1084.0000,1090.0500,817956,35221,895240861
VSWS,N,20260429,GODREJIND,EQ,Godrej Industries,983.8000,998.0000,955.5500,959.9000,228197,12160,220186709
VSWS,N,20260429,GODREJPROP,EQ,Godrej Properties,1831.0000,1883.8000,1831.0000,1862.3000,860344,31417,1604180212
VSWS,N,20260429,GOKEX,EQ,Gokaldas Exports,704.3000,716.5000,702.0500,707.3000,210254,10850,149262630
VSWS,N,20260429,GOKUL,EQ,Gokul Refoils & Sol,40.7400,41.2900,39.3200,39.8900,19492,337,784743
VSWS,N,20260429,GOKULAGRO,EQ,Gokul Agro Resources,226.1600,230.5900,224.7700,228.4600,470870,14315,107086859
VSWS,N,20260429,GOLD1,EQ,Kotak - Gold ETF,123.6100,124.4000,120.5000,122.7300,1845788,7412,227604732
VSWS,N,20260429,GOLD360,EQ,360 One Gold ETF,144.6000,145.0000,143.3000,143.6000,9709,357,1400095
VSWS,N,20260429,GOLDADD,EQ,DSP Gold ETF,144.1900,144.1900,142.4900,142.8000,136502,3318,19523077
VSWS,N,20260429,GOLDBEES,EQ,Nippon India ETF Gol,122.6600,122.8100,121.4000,121.5800,22335957,98601,2727895286
VSWS,N,20260429,GOLDBETA,EQ,UTI - Gold ETF,121.8000,124.9500,121.8000,123.8000,423283,2981,52516394
VSWS,N,20260429,GOLDBND,EQ,Bandhan Gold ETF,152.0400,152.0400,146.5100,146.7300,11408,386,1680944
VSWS,N,20260429,GOLDCASE,EQ,Zerodha Gold ETF,23.3400,23.5300,23.0900,23.1300,7174049,12469,166783109
VSWS,N,20260429,GOLDENTOBC,BZ,Golden Tobacco,27.5000,28.5000,26.9000,26.9000,1752,22,48417
VSWS,N,20260429,GOLDETF,EQ,Mirae Asset Gold ETF,144.0500,144.3000,142.5200,142.7600,1010264,5476,145089263
VSWS,N,20260429,GOLDIAM,EQ,Goldiam Internation,380.1000,389.0000,380.1000,386.7500,264488,4021,101712303
VSWS,N,20260429,GOLDIETF,EQ,ICICI Pru Gold,130.0300,130.0400,125.6400,125.8700,3824030,23120,483455612
VSWS,N,20260429,GOLDSTAR,ST,Goldstar Power,7.3000,7.3000,7.2000,7.2000,56250,5,406688
VSWS,N,20260429,GOLDTECH,EQ,Aion-Tech Solutions,41.4000,41.4000,39.5000,39.8200,43473,860,1755499
VSWS,N,20260429,GOODLUCK,EQ,Goodluck India,1249.5000,1289.2000,1244.4000,1276.4500,139210,6080,177159565
VSWS,N,20260429,GOODYEAR,EQ,Goodyear India,790.6000,813.0000,786.1000,789.4000,10577,761,8465057
VSWS,N,20260429,GOPAL,EQ,Gopal Snacks,275.4000,280.0000,266.4500,267.4000,290225,3179,78659857
VSWS,N,20260429,GOYALALUM,EQ,Goyal Aluminiums,7.1500,7.2400,6.9500,7.1000,110447,502,787493
VSWS,N,20260429,GOYALSALT,SM,Goyal Salt,121.1500,123.0000,121.1500,121.2500,3000,5,365130
VSWS,N,20260429,GPECO,SM,GP Eco Solutions Ind,374.1000,392.6000,368.5000,379.8000,12200,52,4667960
VSWS,N,20260429,GPIL,EQ,Godawari Power & Isp,308.0000,309.0500,301.5000,303.2000,2208903,27550,673255810
VSWS,N,20260429,GPPL,EQ,Gujarat Pipavav Port,157.0000,160.0000,157.0000,158.4800,949968,13142,150671383
VSWS,N,20260429,GPTHEALTH,EQ,GPT Healthcare,139.8800,139.8800,134.9000,135.5000,77111,3414,10549535
VSWS,N,20260429,GPTINFRA,EQ,GPT Infraprojects,114.9000,116.0000,113.6200,114.9100,81770,1075,9358265
VSWS,N,20260429,GRANDOAK,EQ,Grand Oak Canyons Di,31.0000,31.0000,28.3500,30.7500,1310,48,39116
VSWS,N,20260429,GRANULES,EQ,Granules India,708.5000,730.8000,695.2500,704.5500,5431727,126274,3884487707
VSWS,N,20260429,GRAPHISAD,ST,Graphisads,34.8500,36.6500,34.8500,36.4000,7200,4,261360
VSWS,N,20260429,GRAPHITE,EQ,Graphite India,740.0000,751.4500,738.0500,740.6000,1013841,26768,754454509
VSWS,N,20260429,GRASIM,EQ,Grasim Industries,2798.0000,2838.6000,2777.0000,2803.2000,976666,34656,2748858189
VSWS,N,20260429,GRAUWEIL,EQ,Grauer & Weil,70.5600,72.7000,70.5600,70.9700,67711,761,4849651
VSWS,N,20260429,GRAVISSHO,EQ,Graviss Hospitality,27.7500,28.0000,26.6000,27.1500,87519,157,2397851
VSWS,N,20260429,GRAVITA,EQ,Gravita India,1622.0000,1685.0000,1610.5000,1648.4000,264362,24792,437903786
VSWS,N,20260429,GRCL,SM,Gayatri Rubbers & Ch,388.0000,403.0000,388.0000,403.0000,2000,3,799000
VSWS,N,20260429,GREAVESCOT,EQ,Greaves Cotton,167.8000,169.4900,165.1100,167.4200,1116191,11873,187049786
VSWS,N,20260429,GREENCHEF,SM,Greenchef Appliances,50.5000,50.5000,50.0000,50.0000,2400,3,120400
VSWS,N,20260429,GREENLAM,EQ,Greenlam Industries,223.0000,232.1800,223.0000,227.4900,37703,1270,8606400
VSWS,N,20260429,GREENLEAF,SM,Greenleaf Envirotech,71.0000,71.8000,68.5000,71.7000,6000,6,424500
VSWS,N,20260429,GREENPANEL,EQ,Greenpanel Industrie,211.0000,235.3400,211.0000,222.1200,1766005,23293,400534404
VSWS,N,20260429,GREENPLY,EQ,Greenply Industries,279.0000,294.6600,272.0100,284.4500,56948170,400375,16317348656
VSWS,N,20260429,GREENPOWER,EQ,Orient Green Power C,13.1500,13.4300,12.5000,12.7400,38846065,34820,508653138
VSWS,N,20260429,GRINDWELL,EQ,Grindwell Norton,1608.4000,1637.2000,1585.5000,1592.1000,32262,7336,51857621
VSWS,N,20260429,GRINFRA,EQ,G R Infraprojects,913.0000,917.7500,897.9500,910.2000,466107,20432,424096023
VSWS,N,20260429,GRMOVER,EQ,GRM Overseas,165.2500,166.7100,163.9000,165.4100,330216,3240,54512338
VSWS,N,20260429,GROBTEA,EQ,Grob Tea Company,943.4500,943.4500,912.0000,915.7000,101,23,92791
VSWS,N,20260429,GROWW,EQ,Billionbrains Garage,222.5000,227.2000,212.0000,213.4700,43953535,215316,9614697269
VSWS,N,20260429,GROWWCAPM,EQ,Groww Nifty Capital,11.2000,11.2400,11.1000,11.1300,466363,643,5204069
VSWS,N,20260429,GROWWCHEM,EQ,Groww Nifty Chemical,28.0600,29.0000,28.0600,28.4600,53384,1078,1523328
VSWS,N,20260429,GROWWDEFNC,EQ,Groww Nifty India De,89.4500,91.0000,89.4200,90.2800,466182,3196,42081712
VSWS,N,20260429,GROWWEV,EQ,Groww Nfty EV & New,29.9800,30.3600,29.8200,29.9400,252271,1148,7598656
VSWS,N,20260429,GROWWGOLD,EQ,Groww Gold ETF,14.8500,14.8500,14.3400,14.3600,2976464,4767,42973811
VSWS,N,20260429,GROWWHOSPI,EQ,Groww BSE Hospitals,48.5000,49.9700,48.0900,48.5000,130291,828,6343915
VSWS,N,20260429,GROWWLIQID,EQ,Groww Nifty 1D Rate,108.5500,108.8400,108.5500,108.8300,107133,195,11659626
VSWS,N,20260429,GROWWLOVOL,EQ,Groww Nifty 500 Low,10.3700,10.4600,10.3400,10.3400,10976,101,114198
VSWS,N,20260429,GROWWMC150,EQ,Groww Nifty Midcap 1,225.1400,225.1400,222.5200,222.8500,1179,62,263515
VSWS,N,20260429,GROWWMETAL,EQ,Groww Nifty Metal ET,12.5900,12.5900,12.2200,12.4800,984814,2687,12231963
VSWS,N,20260429,GROWWMOM50,EQ,Groww Nifty 500 Mome,10.3600,10.5900,10.3000,10.4700,74148,465,776184
VSWS,N,20260429,GROWWN200,EQ,Groww Nifty 200 ETF,11.3700,11.3700,11.0500,11.1700,78409,266,880107
VSWS,N,20260429,GROWWNET,EQ,Groww Nifty India In,9.2300,9.3100,9.0600,9.1000,348837,417,3187845
VSWS,N,20260429,GROWWNIFTY,EQ,Groww Nifty 50 ETF,9.8600,9.8600,9.6200,9.6900,362794,1436,3528398
VSWS,N,20260429,GROWWNXT50,EQ,Groww Nifty Next 50,70.9300,71.1900,70.3000,70.4800,10189,153,721994
VSWS,N,20260429,GROWWPOWER,EQ,Groww BSE Power ETF,12.7700,12.7700,12.2900,12.3200,6074380,5345,75597802
VSWS,N,20260429,GROWWPSE,EQ,Groww Nifty PSE ETF,108.1600,108.8600,107.4800,107.9800,5757,78,621695
VSWS,N,20260429,GROWWPSUBK,EQ,Groww Nifty PSU Bank,86.9600,88.1000,86.1000,86.9700,3253,138,283651
VSWS,N,20260429,GROWWRAIL,EQ,Groww Nfty I Railway,33.0700,33.4000,32.7600,32.8900,293715,2084,9701982
VSWS,N,20260429,GROWWRLTY,EQ,Groww Nifty Real ETF,9.2000,9.2000,8.8700,9.0000,350666,494,3162586
VSWS,N,20260429,GROWWSC250,EQ,Groww Nifty Smallcap,9.6800,9.7700,9.6500,9.7000,224531,495,2179401
VSWS,N,20260429,GROWWSLVR,EQ,Groww Silver ETF,23.2500,23.2800,22.9300,22.9600,1365590,3002,31573718
VSWS,N,20260429,GRPLTD,EQ,GRP,1962.9000,1962.9000,1899.3000,1917.4000,1116,229,2140495
VSWS,N,20260429,GRSE,EQ,Garden Reach Shipbui,3100.0000,3339.0000,3004.4000,3072.7000,17027141,676035,54013838406
VSWS,N,20260429,GRWRHITECH,EQ,Garware Hi-Tech Film,3990.0000,3990.6000,3802.0000,3813.3000,71764,9163,278266017
VSWS,N,20260429,GSEC10IETF,EQ,ICICIPru Nfty10 Benc,258.5000,258.9200,256.6900,256.6900,398,4,102187
VSWS,N,20260429,GSEC10YEAR,EQ,Mirae Ass Nfty 8-13,29.8900,29.8900,29.7900,29.7900,63,12,1880
VSWS,N,20260429,GSEC5IETF,EQ,ICICI Prud 5 Yr Benc,64.8200,64.8200,64.3200,64.3500,1789,23,115144
VSWS,N,20260429,GSFC,EQ,G S F C,173.9900,175.7900,171.9900,172.5700,629494,8037,109325774
VSWS,N,20260429,GSLSU,EQ,Global Surfaces,57.5000,58.4800,56.1500,56.9900,20822,751,1195296
VSWS,N,20260429,GSMFOILS,SM,GSM Foils,213.9000,213.9000,204.5000,207.1000,58500,114,12193525
VSWS,N,20260429,GSPCROP,EQ,GSP Crop Science,414.0000,426.9500,414.0000,418.6500,97781,1565,40906516
VSWS,N,20260429,GSPL,EQ,Gujarat State Petron,282.1000,285.8500,282.1000,284.4800,379832,14734,108010900
VSWS,N,20260429,GSS,BE,GSS Infotech,14.6000,14.9800,13.8600,14.0200,86572,195,1210993
VSWS,N,20260429,GSTL,ST,Globesecure Technolo,28.5000,28.5000,28.5000,28.5000,1000,1,28500
VSWS,N,20260429,GTECJAINX,EQ,G-Tec Jainx Educatio,19.8400,20.3900,19.0600,20.1200,250,27,4988
VSWS,N,20260429,GTL,BE,G T L,7.5600,7.5600,7.2500,7.3500,239548,395,1768654
VSWS,N,20260429,GTLINFRA,EQ,GTL Infrastructure,1.2400,1.2700,1.2200,1.2300,38018887,11614,47235959
VSWS,N,20260429,GTPL,EQ,GTPL Hathway,67.9700,69.5900,67.1100,67.9200,35019,1468,2390251
VSWS,N,20260429,GUFICBIO,EQ,Gufic Biosciences,290.4500,292.4000,286.2500,289.2500,16199,903,4678599
VSWS,N,20260429,GUJALKALI,EQ,Gujarat Alkalies,714.0000,746.9000,711.3000,735.7500,713383,14122,524807264
VSWS,N,20260429,GUJAPOLLO,EQ,Gujarat Apollo Ind,436.5000,444.3000,433.0000,438.2500,9628,818,4228574
VSWS,N,20260429,GUJGASLTD,EQ,Gujarat Gas,389.4500,392.3000,387.0500,391.0000,426837,13411,166687486
VSWS,N,20260429,GUJRAFFIA,EQ,Gujarat Raffia,40.0600,41.8900,40.0600,41.2400,2150,62,88319
VSWS,N,20260429,GUJTHEM,EQ,Gujarat Themis,372.9900,381.3300,365.0000,375.6400,170052,5117,63363863
VSWS,N,20260429,GULFOILLUB,EQ,Gulf Oil Lubricants,1013.9500,1013.9500,988.7500,994.3000,50296,4206,50038500
VSWS,N,20260429,GULFPETRO,EQ,GP Petroleums,33.0100,33.9500,33.0100,33.4600,35982,623,1205860
VSWS,N,20260429,GULPOLY,EQ,Gulshan Polyols,179.8800,185.4000,179.4200,181.9500,304133,3603,55571169
VSWS,N,20260429,GURUNANAK,SM,Gurunanak Agricultur,36.0000,36.9000,36.0000,36.9000,16000,9,587520
VSWS,N,20260429,GVKPIL,BE,GVK Power & Infra,3.2700,3.2700,3.2700,3.2700,222232,306,726699
VSWS,N,20260429,GVPIL,BE,GE Power India,585.0000,603.0000,568.0000,575.6000,307268,7994,180077139
VSWS,N,20260429,GVPTECH,EQ,GVP Infotech,6.9900,7.2500,6.9800,7.1000,42562,185,299856
VSWS,N,20260429,GVT&D,EQ,GE Vernova T&D India,4550.0000,4680.0000,4460.5000,4479.4000,577126,83420,2618383251
VSWS,N,20260429,HAL,EQ,Hindustan Aeronautic,4360.0000,4397.3000,4329.0000,4351.6000,907743,40784,3953135074
VSWS,N,20260429,HALDER,EQ,Halder Venture,241.0000,252.9900,241.0000,252.0000,1067,28,261138
VSWS,N,20260429,HALDYNGL,EQ,Haldyn Glass,109.9000,112.0000,106.2000,110.2000,115632,1525,12607675
VSWS,N,20260429,HALEOSLABS,EQ,Haleos Labs,1494.0000,1559.9000,1450.0000,1500.8000,6473,822,9798492
VSWS,N,20260429,HAPPSTMNDS,EQ,Happiest Minds Techn,373.1000,374.6500,369.0000,371.3500,315041,7991,117303303
VSWS,N,20260429,HAPPYFORGE,EQ,Happy Forgings,1309.0000,1324.0000,1287.2000,1301.3000,36082,6109,47069319
VSWS,N,20260429,HARDWYN,EQ,Hardwyn India,26.5000,27.3700,26.5000,27.1100,6005927,3445,163141209
VSWS,N,20260429,HARIOMPIPE,EQ,Hariom Pipe Industri,325.2500,336.0000,321.8000,330.4000,219055,4423,72164261
VSWS,N,20260429,HARRMALAYA,EQ,Harrisons Malayalam,225.0800,228.7300,216.3500,219.4900,7990,380,1781204
VSWS,N,20260429,HARSHA,EQ,Harsha Engg Internat,385.1000,405.6500,382.0000,393.7000,168371,3319,66402793
VSWS,N,20260429,HATHWAY,EQ,Hathway Cable & Data,11.0600,11.2000,11.0600,11.0900,1842124,2588,20497096
VSWS,N,20260429,HATSUN,EQ,Hatsun Agro Products,969.6500,977.4500,959.9500,962.0500,13624,1644,13163592
VSWS,N,20260429,HAVELLS,EQ,Havells India,1278.0000,1290.3000,1249.2000,1252.5000,1553192,44595,1977326669
VSWS,N,20260429,HAVISHA,BE,Sri Havisha Hospital,1.5500,1.6300,1.5000,1.6000,27128,60,42727
VSWS,N,20260429,HAWKINCOOK,EQ,Hawkins Cooker,7360.0000,7489.9700,7360.0000,7474.1600,183,89,1367216
VSWS,N,20260429,HBESD,EQ,HB Estate Developers,78.9500,79.0000,74.0000,74.5500,266,9,20078
VSWS,N,20260429,HBLENGINE,EQ,HBL Engineering,804.4000,829.8500,800.3500,810.9000,2375502,68358,1945683286
VSWS,N,20260429,HBSL,BE,HB Stockholdings,64.0000,64.4900,61.2600,62.0000,2590,56,160631
VSWS,N,20260429,HCC,EQ,Hindustan Construct,22.7000,22.8800,21.9400,22.0700,44746917,46736,998813871
VSWS,N,20260429,HCG,EQ,HealthCare Global En,578.0000,584.8500,568.0000,570.3000,57504,4697,33175895
VSWS,N,20260429,HCL-INSYS,EQ,HCL Infosystems,12.6000,12.6000,12.3000,12.3600,167265,811,2072017
VSWS,N,20260429,HCLTECH,EQ,HCL Technologies,1200.0000,1210.8000,1192.1000,1200.2000,4777201,128407,5743997314
VSWS,N,20260429,HDBFS,EQ,HDB Financial Servic,668.0500,673.9000,666.2500,667.7500,171031,8273,114554335
VSWS,N,20260429,HDFCAMC,EQ,HDFC Asset Managemen,2770.0000,2808.3000,2760.2000,2787.9000,832683,37582,2324740967
VSWS,N,20260429,HDFCBANK,EQ,HDFC Bank,785.5000,790.0000,777.3500,779.0000,25799963,468032,20224713818
VSWS,N,20260429,HDFCBSE500,EQ,HDFC BSE 500 ETF,36.7900,37.0800,36.3000,36.6200,24653,166,904121
VSWS,N,20260429,HDFCGOLD,EQ,HDFC Gold ETF,126.3800,126.8000,125.3000,125.5100,6034760,14233,759711380
VSWS,N,20260429,HDFCGROWTH,EQ,HDFC Nifty Growth Se,113.9900,115.3800,113.9600,114.8600,14015,225,1610948
VSWS,N,20260429,HDFCLIFE,EQ,HDFC Life Insurance,592.0000,602.9500,589.6000,594.4000,6869287,110298,4117060581
VSWS,N,20260429,HDFCLIQUID,EQ,HDFC Nifty 1D Rate L,1058.2600,1058.2800,1058.2600,1058.2600,27689,67,29302494
VSWS,N,20260429,HDFCLOWVOL,EQ,HDFC Nifty 100 Low V,20.0100,20.4000,20.0100,20.2200,4908,55,99440
VSWS,N,20260429,HDFCMID150,EQ,HDFC NIFTY Midcap 15,23.0100,23.0100,22.2000,22.4100,916708,1346,20669106
VSWS,N,20260429,HDFCMOMENT,EQ,HDFC Nifty 200 Momen,30.5900,31.0000,30.5900,30.6400,81326,499,2508368
VSWS,N,20260429,HDFCNEXT50,EQ,HDFC Nifty Next 50 E,72.4400,72.4800,71.7500,72.0200,32792,465,2366622
VSWS,N,20260429,HDFCNIF100,EQ,HDFC Nifty 100 ETF,25.7400,25.9800,25.6600,25.8000,21807,166,564822
VSWS,N,20260429,HDFCNIFBAN,EQ,HDFC Nifty Banking E,57.1700,57.5300,56.6000,56.7500,64574,471,3690556
VSWS,N,20260429,HDFCNIFIT,EQ,HDFC Nifty IT ETF,30.9100,31.3500,30.8600,31.1300,125447,354,3916436
VSWS,N,20260429,HDFCNIFTY,EQ,HDFC Nifty 50 ETF,268.8000,272.2200,268.7900,270.1500,86021,1208,23288679
VSWS,N,20260429,HDFCPSUBK,EQ,HDFC Nifty PSU Bank,87.8100,88.5800,86.5500,86.7100,30036,368,2630273
VSWS,N,20260429,HDFCPVTBAN,EQ,HDFC Nifty Pvt Bank,27.2900,27.2900,26.8100,27.0300,40377,298,1091926
VSWS,N,20260429,HDFCQUAL,EQ,HDFC Nifty 100 Quali,57.5100,58.1000,57.5100,57.6400,15862,137,918195
VSWS,N,20260429,HDFCSENSEX,EQ,HDFC BSE Sensex ETF,88.9300,88.9300,86.4100,87.3900,74205,658,6491956
VSWS,N,20260429,HDFCSILVER,EQ,HDFC Silver ETF,225.1200,227.3000,224.0000,224.2800,2602551,11903,587353976
VSWS,N,20260429,HDFCSML250,EQ,HDFC NIFTY Smallcap,172.6400,172.6400,168.6600,168.9500,2333815,9161,395150059
VSWS,N,20260429,HDFCVALUE,EQ,HDFC Nfty50 Value 20,129.2100,131.3300,129.2100,130.0600,65636,78,8541726
VSWS,N,20260429,HDIL,BZ,Housing Dev & Infra,2.1000,2.2000,2.0700,2.1600,99021,194,212369
VSWS,N,20260429,HEADSUP,EQ,Heads UP Ventures,7.2500,7.6900,7.2200,7.5400,16392,189,123119
VSWS,N,20260429,HEALTHADD,EQ,DSP Nifty Healthcare,151.0000,151.3800,150.1400,151.0100,3827,35,577811
VSWS,N,20260429,HEALTHCARE,EQ,Mirae Ass Nfty 500 H,19.1100,19.1900,19.0100,19.0300,36729,65,700758
VSWS,N,20260429,HEALTHIETF,EQ,ICICI Pru Nifty Heal,152.8700,153.8300,151.5000,152.8500,62797,1130,9621043
VSWS,N,20260429,HEALTHY,EQ,Aditya Birla SLNH ET,15.5900,15.5900,15.2200,15.3100,172753,798,2652641
VSWS,N,20260429,HECPROJECT,EQ,HEC Infra Projects,135.3000,136.7900,124.6500,129.3700,16271,778,2150774
VSWS,N,20260429,HEG,EQ,H E G,664.7500,690.0000,655.1000,658.4000,1104645,29036,732416675
VSWS,N,20260429,HEIDELBERG,EQ,Heidelberg Cement,158.9500,161.4000,158.0000,159.1300,50586,1407,8071108
VSWS,N,20260429,HEMIPROP,EQ,Hemisphere Propertie,129.6500,131.4000,128.7000,129.3900,404261,3303,52586092
VSWS,N,20260429,HERANBA,EQ,Heranba Industries,223.0000,228.8900,220.1000,223.0600,32277,924,7223869
VSWS,N,20260429,HERITGFOOD,EQ,Heritage Foods,366.9500,370.2500,363.5000,364.1000,246306,5493,90279527
VSWS,N,20260429,HEROMOTOCO,EQ,Hero MotoCorp,5094.0000,5208.5000,5081.5000,5114.5000,474261,39935,2440652258
VSWS,N,20260429,HESTERBIO,EQ,Hester Biosciences,1695.0000,1712.5000,1650.4000,1655.6000,2731,535,4573036
VSWS,N,20260429,HEXATRADEX,EQ,Hexa Tradex,170.0000,170.0000,166.1700,166.5100,576,46,96441
VSWS,N,20260429,HEXT,EQ,Hexaware Technologie,460.0500,461.9500,449.0000,453.8000,240435,12478,108881606
VSWS,N,20260429,HFCL,EQ,HFCL,107.6900,108.2000,104.6100,107.1000,28019806,73281,2988488392
VSWS,N,20260429,HGINFRA,EQ,H G Infra Engineerin,609.9500,617.9500,602.3000,606.6500,110752,6028,67396115
VSWS,N,20260429,HGM,EQ,HandsOn Global Manag,53.8900,53.9900,52.2100,52.9500,2534,105,134806
VSWS,N,20260429,HGS,EQ,Hinduja Global Solu,409.0000,417.4000,409.0000,412.8000,12405,645,5122422
VSWS,N,20260429,HIGREEN,SM,Hi-Green Carbon,138.8500,140.0000,136.1000,136.1000,8800,11,1224240
VSWS,N,20260429,HIKAL,EQ,Hikal,188.0100,194.4000,186.1100,189.1400,346660,3896,66050146
VSWS,N,20260429,HILINFRA,BE,Highway Infrastructu,51.4900,52.7700,51.0000,52.1200,40406,421,2094055
VSWS,N,20260429,HILTON,EQ,Hilton Metal Forging,24.9400,24.9400,23.3000,23.5200,352746,1341,8472903
VSWS,N,20260429,HIMATSEIDE,EQ,Himatsingka Seide,90.4500,92.0000,89.1000,89.3200,575999,4427,51897346
VSWS,N,20260429,HINDALCO,EQ,Hindalco Industries,1078.0000,1080.0000,1053.0000,1067.2000,3710080,82284,3962917044
VSWS,N,20260429,HINDCOMPOS,EQ,Hindustan Composites,477.7000,477.7000,462.0000,465.4500,5650,512,2643424
VSWS,N,20260429,HINDCON,BE,Hindcon Chemicals,23.2400,23.3500,22.5200,23.0800,18610,154,427274
VSWS,N,20260429,HINDCOPPER,EQ,Hindustan Copper,558.6500,563.4000,548.2500,555.2500,3405363,48264,1893610175
VSWS,N,20260429,HINDOILEXP,EQ,Hindustan Oil Expl,163.6000,163.6000,156.3800,157.0900,902087,12372,143428811
VSWS,N,20260429,HINDPETRO,EQ,Hindustan Petroleum,380.0500,384.5000,377.5000,380.6000,4777651,56564,1819710862
VSWS,N,20260429,HINDUNILVR,EQ,Hindustan Unilever,2305.0000,2349.7000,2291.0000,2314.4000,1778765,70684,4129240520
VSWS,N,20260429,HINDWAREAP,EQ,Hindware Home Innova,219.6800,226.9400,217.0800,222.5200,141927,2767,31736464
VSWS,N,20260429,HINDZINC,EQ,Hindustan Zinc,616.1000,621.9000,606.1000,613.0500,7983106,89330,4905743202
VSWS,N,20260429,HIRECT,EQ,Hind Rectifiers,936.6500,942.0000,912.2500,924.8000,58931,4797,54601485
VSWS,N,20260429,HISARMETAL,EQ,Hisar Metal Indus,160.0100,160.0200,155.0000,157.9400,1909,48,300289
VSWS,N,20260429,HITECH,EQ,Hi-Tech Pipes,92.7600,93.8000,90.5300,91.2100,1078562,5410,99076428
VSWS,N,20260429,HITECHCORP,EQ,Hitech Corporation,139.0000,143.8800,136.8900,139.0400,6964,719,978670
VSWS,N,20260429,HITECHGEAR,BE,Hi Tech Gears,627.0000,630.0000,602.2000,610.0000,1632,45,1003575
VSWS,N,20260429,HLEGLAS,EQ,HLE Glascoat,331.3000,334.6500,322.0000,324.5500,38079,1957,12524155
VSWS,N,20260429,HLVLTD,EQ,HLV,8.8400,8.9000,8.1200,8.4300,325440,812,2818081
VSWS,N,20260429,HMAAGRO,EQ,HMA Agro Industries,24.2800,24.8300,24.0000,24.1800,318665,1010,7724911
VSWS,N,20260429,HMT,BZ,H M T,62.0000,63.0000,61.1000,61.2900,13420,171,831939
VSWS,N,20260429,HMVL,EQ,Hindustan Media Vent,67.8400,69.8000,66.6000,67.0900,12503,255,847813
VSWS,N,20260429,HNDFDS,EQ,Hindustan Foods,483.2000,492.1500,483.2000,490.6000,14191,722,6938635
VSWS,N,20260429,HNGSNGBEES,EQ,Nippon India ETF Hng,523.0000,534.9700,522.9900,530.8700,135028,3549,71399195
VSWS,N,20260429,HOACFOODS,SM,Hoac Foods India,440.8000,440.8000,420.0000,420.0000,15000,20,6590625
VSWS,N,20260429,HOLMARC,SM,Holmarc Opto-Mechatr,94.2500,94.2500,94.2500,94.2500,750,1,70688
VSWS,N,20260429,HOMEFIRST,EQ,Home First Finance C,1132.6000,1161.2500,1123.4000,1155.1500,310843,23999,356426326
VSWS,N,20260429,HOMESFY,SM,Homesfy Realty,154.7500,154.7500,147.0500,147.0500,1200,4,179355
VSWS,N,20260429,HONASA,EQ,Honasa Consumer,347.4000,351.8500,344.8500,346.1500,413359,14061,143547337
VSWS,N,20260429,HONAUT,EQ,Honeywell Automation,31415.0000,31695.0000,31075.0000,31575.0000,2497,1313,78593970
VSWS,N,20260429,HONDAPOWER,EQ,Honda India Power,2335.0000,2389.9000,2322.7000,2359.9000,9799,1540,23153589
VSWS,N,20260429,HPAL,EQ,HP Adhesives,38.0000,38.9500,37.5200,37.9300,50969,652,1936561
VSWS,N,20260429,HPIL,EQ,Hindprakash Industri,136.0000,136.1500,134.0100,134.9300,97,17,13133
VSWS,N,20260429,HPL,EQ,HPL Electric & Power,370.5000,375.6000,360.7500,362.8000,154948,4697,56875610
VSWS,N,20260429,HRHNEXT,SM,HRH Next Services,31.5000,31.5000,31.4500,31.5000,6000,4,188925
VSWS,N,20260429,HSBCGOLD,EQ,HSBC Gold ETF,129.0000,130.4900,127.5000,127.5300,2330,1252,300257
VSWS,N,20260429,HSCL,EQ,Himadri Speciality C,573.5500,608.5000,570.0500,601.6000,10045746,82770,5904636071
VSWS,N,20260429,HTMEDIA,EQ,HT Media,22.3100,23.1700,22.3100,22.6000,26811,255,611356
VSWS,N,20260429,HUBTOWN,EQ,Hubtown,212.2500,212.2500,205.9400,207.3200,681729,6894,142123451
VSWS,N,20260429,HUDCO,EQ,Housing & Urban Dev,215.0000,220.3000,212.8000,216.7000,4480936,27674,970946806
VSWS,N,20260429,HUHTAMAKI,EQ,Huhtamaki India,178.0000,180.9000,177.6400,179.9600,134953,1658,24201795
VSWS,N,20260429,HVAX,SM,HVAX Technologies,780.0000,793.5000,780.0000,790.2500,1950,13,1527833
VSWS,N,20260429,HYBRIDFIN,EQ,Hybrid Financial Ser,18.1500,20.0000,18.1500,19.5200,5920,123,113389
VSWS,N,20260429,HYUNDAI,EQ,Hyundai Motor India,1824.8000,1855.0000,1810.7000,1817.4000,737246,38117,1349226423
VSWS,N,20260429,IBLFL,SM,IBL Finance,59.0000,59.0500,59.0000,59.0500,6000,3,354200
VSWS,N,20260429,IBULLSLTD,EQ,Indiabulls,17.0600,18.1800,17.0600,17.9400,18797254,14996,331415923
VSWS,N,20260429,ICDSLTD,BE,I C D S,48.3000,48.3000,48.2000,48.2000,6,4,290
VSWS,N,20260429,ICEMAKE,EQ,Ice Make Refrigerati,815.3500,833.3000,795.0000,802.2000,45138,2453,36712188
VSWS,N,20260429,ICICIAMC,EQ,ICICI Pru Asset Mgt,3295.0000,3335.9000,3268.2000,3302.4000,264976,27406,872967593
VSWS,N,20260429,ICICIB22,EQ,ICICI PMF BHARAT 22,125.8000,127.4700,125.5500,126.3300,451600,2903,57291729
VSWS,N,20260429,ICICIBANK,EQ,ICICI Bank,1294.7000,1296.8000,1276.2000,1281.0000,11716030,191545,15084008549
VSWS,N,20260429,ICICIGI,EQ,ICICI Lombard Gen In,1781.0000,1806.7000,1765.1000,1770.6000,313134,22102,558201285
VSWS,N,20260429,ICICIPRULI,EQ,ICICI Pru Life Insur,522.0000,530.4000,522.0000,524.3500,567464,14747,298572881
VSWS,N,20260429,ICIL,EQ,Indo Count Ind,276.5000,280.3000,269.2600,270.7600,356993,11484,98259351
VSWS,N,20260429,ICRA,EQ,ICRA,5520.0000,5520.0000,5416.0000,5434.5000,7027,1599,38287867
VSWS,N,20260429,IDBI,EQ,IDBI Bank,77.5000,78.0700,76.3500,76.7500,8934370,26741,689905805
VSWS,N,20260429,IDEA,EQ,Vodafone Idea,10.0500,10.5500,10.0100,10.2900,605375435,286919,6247481456
VSWS,N,20260429,IDEAFORGE,EQ,Ideaforge Technology,578.9000,622.2000,577.5500,602.0000,4839999,98559,2937148911
VSWS,N,20260429,IDEALTECHO,SM,Ideal Technoplast In,188.1000,188.1000,185.0000,186.5500,1000,2,186550
VSWS,N,20260429,IDENTICAL,ST,Identical Brains Stu,20.8500,21.0000,19.9000,19.9000,20000,9,404200
VSWS,N,20260429,IDFCFIRSTB,EQ,IDFC First Bank,69.0200,71.1500,68.5500,70.1500,35995299,78047,2526829185
VSWS,N,20260429,IDFNIFTYET,EQ,Bandhan Nifty 50 ETF,260.5200,267.3100,260.5100,266.8900,156,47,41569
VSWS,N,20260429,IEML,SM,Indian Emulsifiers,81.4000,81.4000,77.0000,78.5000,42500,81,3354225
VSWS,N,20260429,IEX,EQ,Indian Energy Exchan,126.6000,127.4800,125.6500,126.0500,6578749,36225,830723520
VSWS,N,20260429,IFBAGRO,EQ,IFB Agro Industries,883.0000,897.7000,862.5000,870.1500,11055,1141,9756041
VSWS,N,20260429,IFBIND,EQ,IFB Industries,1174.6500,1186.0000,1156.2500,1160.4500,32133,3030,37604998
VSWS,N,20260429,IFCI,EQ,I F C I,60.4000,60.7300,58.0400,58.2600,12649020,31506,747389762
VSWS,N,20260429,IFGLEXPOR,EQ,IFGL Refractories,195.7000,195.7000,186.9900,187.5300,31620,723,6012627
VSWS,N,20260429,IGARASHI,EQ,Igarashi Motors Indi,381.4500,389.9000,380.2000,382.9500,58808,1770,22617928
VSWS,N,20260429,IGCL,EQ,Indogulf Cropscience,65.5100,66.5400,62.5200,63.9500,131504,1799,8516426
VSWS,N,20260429,IGIL,EQ,International Gemolo,359.8000,362.5500,352.8500,354.7000,207326,7442,73788707
VSWS,N,20260429,IGL,EQ,Indraprastha Gas,167.5000,169.2000,165.9400,167.5500,7324563,39298,1225034934
VSWS,N,20260429,IGPL,EQ,IG Petrochemicals,422.4000,428.9000,421.5500,424.7000,18294,707,7759060
VSWS,N,20260429,IIFL,EQ,IIFL Finance,442.9000,453.3000,439.0500,447.0500,3453265,47802,1546920669
VSWS,N,20260429,IIFLCAPS,EQ,IIFL Capital Service,322.5400,328.4900,312.0000,314.0100,517831,9347,165461203
VSWS,N,20260429,IITL,EQ,Industrial Inv Trust,170.0000,175.0000,165.0300,169.0200,102257,1422,17732011
VSWS,N,20260429,IKIO,EQ,IKIO Technologies,157.5000,177.2100,154.0100,163.5900,15672373,89121,2667303394
VSWS,N,20260429,IKS,EQ,Inventurus Knowledge,1527.8000,1569.9000,1506.6000,1557.8000,355706,21730,552252874
VSWS,N,20260429,IL&FSENGG,BZ,IL&FS Eng & Const Co,27.4000,27.5300,25.5000,26.5000,22262,47,595701
VSWS,N,20260429,IL&FSTRANS,BZ,IL & FS Transportati,2.4200,2.4500,2.3800,2.4100,23433,46,56757
VSWS,N,20260429,IMAGICAA,EQ,Imagicaaworld Entert,46.9900,46.9900,45.2000,45.4700,463887,4319,21365763
VSWS,N,20260429,IMFA,EQ,Indian Metals & Ferr,1644.0000,1679.9000,1600.0000,1653.9000,322175,27142,530055334
VSWS,N,20260429,IMPAL,EQ,India Motor Parts &,1005.0000,1018.8500,998.5500,1011.8500,1130,145,1140536
VSWS,N,20260429,IMPEXFERRO,BZ,Impex Ferro Tech,1.7300,1.7400,1.6500,1.6800,2608,25,4428
VSWS,N,20260429,INA,EQ,Insolation Energy,159.8000,161.7200,151.0000,152.5200,1024416,9878,159457263
VSWS,N,20260429,INCREDIBLE,EQ,Incredible Indus,35.8400,35.8500,33.1000,33.6900,13212,222,448007
VSWS,N,20260429,INDBANK,EQ,Indbank Merchant,34.5000,35.1700,34.5000,34.7700,32286,284,1125024
VSWS,N,20260429,INDGN,EQ,Indegene,503.0500,508.4500,491.4500,495.4500,279590,20421,139437724
VSWS,N,20260429,INDHOTEL,EQ,Indian Hotels,654.0000,656.6000,643.0000,644.6500,1782233,31812,1158547799
VSWS,N,20260429,INDIACEM,EQ,India Cements,419.9000,421.0000,400.0000,401.8500,1376770,29139,558526979
VSWS,N,20260429,INDIAGLYCO,EQ,India Glycols,963.0000,1039.0000,962.1500,1030.8000,488225,22393,492163383
VSWS,N,20260429,INDIAMART,EQ,IndiaMART InterMESH,2140.0000,2154.9000,2105.1000,2130.8000,84882,10500,180924191
VSWS,N,20260429,INDIANB,EQ,Indian Bank,903.3500,925.6500,862.2000,875.5500,5461272,100058,4909350486
VSWS,N,20260429,INDIANCARD,EQ,Indian Card Clothing,206.4100,214.4000,202.1500,206.5500,3136,146,651019
VSWS,N,20260429,INDIANHUME,EQ,Indian Hume Pipe,318.6500,327.9500,318.6500,321.5500,423702,9648,137335561
VSWS,N,20260429,INDIASHLTR,EQ,India Shelter Financ,822.8500,830.0000,805.7500,820.0500,76793,4051,62678799
VSWS,N,20260429,INDIGO,EQ,InterGlobe Aviation,4442.4000,4507.3000,4335.1000,4345.2000,1695800,119916,7450818912
VSWS,N,20260429,INDIGOPNTS,EQ,Indigo Paints,869.0000,883.0000,860.9000,876.5000,118854,8116,103796254
VSWS,N,20260429,INDIQUBE,EQ,Indiqube Spaces,176.0000,176.9900,170.6000,171.4500,62239,1538,10701652
VSWS,N,20260429,INDNIPPON,EQ,India Nippon Elect,806.1000,816.7500,797.4000,802.8500,11244,813,9076213
VSWS,N,20260429,INDOAMIN,EQ,Indo Amines,113.2900,114.3400,112.7100,113.5600,45395,547,5150117
VSWS,N,20260429,INDOBORAX,EQ,Indo Borax & Chem,248.5500,294.0000,242.5000,281.1000,750742,10397,210860357
VSWS,N,20260429,INDOCO,EQ,Indoco Remedies,214.8000,214.8000,207.3200,209.5100,23352,715,4932057
VSWS,N,20260429,INDOFARM,EQ,Indo Farm Equipment,139.0000,140.8100,133.1100,134.2800,297406,3948,40671373
VSWS,N,20260429,INDORAMA,EQ,Indo Rama Synthetics,39.4000,39.8700,37.7900,38.1300,164612,1273,6346786
VSWS,N,20260429,INDOSTAR,EQ,Indostar Capital Fin,201.5700,213.1500,199.8100,209.6000,240733,4772,50095491
VSWS,N,20260429,INDOTECH,EQ,Indo Tech Transforme,2502.3000,2573.7000,2502.3000,2573.7000,25305,885,64768107
VSWS,N,20260429,INDOTHAI,EQ,Indo Thai Securities,289.0000,299.8000,284.8000,296.9500,1181301,9276,344671818
VSWS,N,20260429,INDOUS,EQ,Indo Us Bio-Tech,101.1000,105.8000,101.1000,104.1100,17509,479,1829288
VSWS,N,20260429,INDOWIND,EQ,Indowind Energy,11.3900,11.3900,10.9000,11.1200,322581,934,3589016
VSWS,N,20260429,INDPRUD,EQ,Industrial & Prudent,6750.0500,7024.0000,6531.6000,6949.9500,124,49,838122
VSWS,N,20260429,INDRAMEDCO,EQ,Indraprastha Medical,403.0500,409.5000,401.8000,403.0500,198947,4984,80687502
VSWS,N,20260429,INDSWFTLAB,EQ,Ind Swift Lab,139.9900,141.3000,135.4200,136.0900,312826,3695,43313997
VSWS,N,20260429,INDTERRAIN,EQ,Indian Terrain Fashi,30.8400,31.5000,30.2000,30.6100,17750,180,545497
VSWS,N,20260429,INDUSINDBK,EQ,IndusInd Bank,891.0000,925.0000,891.0000,913.7500,3485256,63189,3184580855
VSWS,N,20260429,INDUSTOWER,EQ,Indus Towers,419.0000,421.8500,411.5500,413.9000,10438131,81252,4348854513
VSWS,N,20260429,INFINIUM,SM,Infinium Pharmachem,214.0000,215.9500,212.0000,212.0000,2000,4,426975
VSWS,N,20260429,INFLUX,SM,Influx Healthtech,250.2500,262.9500,250.2500,260.7000,30600,48,7796220
VSWS,N,20260429,INFOBEAN,EQ,InfoBeans Technologi,198.5000,198.5000,174.2000,178.8000,3126022,38504,568164945
VSWS,N,20260429,INFOLLION,SM,Infollion Research S,216.4000,218.9500,213.5500,214.6500,22400,44,4824760
VSWS,N,20260429,INFOMEDIA,EQ,Infomedia Press,6.2400,6.2400,5.7000,5.7200,12975,102,75727
VSWS,N,20260429,INFRA,EQ,Mirae A Nifty Ind In,12.1700,12.1800,12.0400,12.0500,59822,158,725196
VSWS,N,20260429,INFRABEES,EQ,Nippon INft InfraBee,972.4000,984.0000,972.4000,976.6500,19046,780,18643749
VSWS,N,20260429,INFRAIETF,EQ,ICICI Prud Nifty Inf,96.8700,97.9200,96.1300,97.1600,127640,11202,12444896
VSWS,N,20260429,INFY,EQ,Infosys,1158.5000,1178.2000,1156.8000,1167.5000,8303109,195759,9721182660
VSWS,N,20260429,INGERRAND,EQ,Ingersoll Rand (I),4255.0000,4328.0000,4195.2000,4310.4000,142787,6115,604628017
VSWS,N,20260429,INM,SM,Interiors & More,164.0500,170.0000,164.0000,167.1500,4200,7,702390
VSWS,N,20260429,INNOMET,SM,Innomet Advanced Mat,91.8000,91.8000,88.1500,89.0500,5400,9,486540
VSWS,N,20260429,INNOVACAP,EQ,Innova Captab,724.3500,739.0000,723.0000,728.4000,44904,2335,32760922
VSWS,N,20260429,INNOVANA,EQ,Innovana Thinklabs,365.0000,386.0000,365.0000,375.8000,10083,687,3832448
VSWS,N,20260429,INNOVISION,EQ,Innovision,329.8000,335.2000,327.2500,331.4500,78190,2547,25873602
VSWS,N,20260429,INOXGREEN,EQ,Inox Green Energy Se,181.4000,185.6600,177.0000,184.0800,2424893,22611,442053466
VSWS,N,20260429,INOXINDIA,EQ,INOX India,1489.9000,1516.0000,1472.5000,1502.7000,148547,18201,221822145
VSWS,N,20260429,INOXWIND,EQ,Inox Wind,104.0000,105.2900,101.9000,102.1900,8048382,29613,830246818
VSWS,N,20260429,INSECTICID,EQ,Insecticides (India),697.6000,705.0000,692.1000,695.1500,14717,806,10276767
VSWS,N,20260429,INSPIRE,ST,Inspire Films,10.5500,11.0000,10.5500,11.0000,4000,2,43100
VSWS,N,20260429,INSPIRISYS,BE,Inspirisys Solutions,82.7000,82.7000,79.1600,80.2600,5646,39,455850
VSWS,N,20260429,INTELLECT,EQ,Intellect Design Are,761.0000,766.9500,736.0000,739.7500,553484,24475,413556286
VSWS,N,20260429,INTENTECH,EQ,Intense Technologies,99.4500,101.2700,97.3000,98.2000,16376,257,1626034
VSWS,N,20260429,INTERARCH,EQ,Interarch Building S,2091.7000,2123.6000,2055.9000,2064.6000,40366,4154,84419819
VSWS,N,20260429,INTERNET,EQ,Mirae Asset Nifty In,12.4400,12.5100,12.2200,12.2500,50757,181,625543
VSWS,N,20260429,INTLCONV,EQ,International Convey,77.7000,78.3300,77.2500,77.8700,23500,470,1828110
VSWS,N,20260429,INVENTURE,EQ,Inventure Grow & Sec,1.0100,1.0200,1.0000,1.0000,885550,424,893296
VSWS,N,20260429,INVICTA,SM,Invicta Diagnostic,95.9000,104.5000,95.9000,102.7500,73600,46,7524720
VSWS,N,20260429,INVPRECQ,EQ,Invest & Precision,626.1000,649.9500,618.0500,632.0000,2569,291,1634167
VSWS,N,20260429,IOB,EQ,Indian Overseas Bank,35.1000,36.3900,35.0300,35.1700,24337688,46088,868887354
VSWS,N,20260429,IOC,EQ,Indian Oil Corp,146.1100,147.2900,143.9400,144.1900,12575213,84216,1831576047
VSWS,N,20260429,IOLCP,EQ,IOL Chemical & Pharm,91.0000,97.7900,91.0000,95.6300,4806020,27336,459544403
VSWS,N,20260429,IONEXCHANG,EQ,Ion Exchange,401.5000,403.4000,393.0000,397.3000,177558,11015,70465186
VSWS,N,20260429,IPCALAB,EQ,Ipca Lab,1542.8000,1552.1000,1522.6000,1542.1000,128566,14797,197734879
VSWS,N,20260429,IPHL,SM,Indian Phosphate,54.9000,54.9000,54.6000,54.6000,2400,2,131400
VSWS,N,20260429,IPL,EQ,India Pesticides,149.4600,150.9600,148.8000,149.5300,85019,2109,12728901
VSWS,N,20260429,IRB,EQ,IRB Infra Developers,22.0000,22.0700,21.6800,21.7300,9269902,20186,202324203
VSWS,N,20260429,IRCON,EQ,IRCON International,154.5000,156.6600,152.8000,153.3200,2489593,20381,384659950
VSWS,N,20260429,IRCTC,EQ,Indian Railway Cater,544.5000,552.3500,543.7000,550.1000,1348964,37059,739727012
VSWS,N,20260429,IREDA,EQ,Indian Ren Energy De,138.7700,139.5900,136.8000,137.2100,6222771,30587,858643165
VSWS,N,20260429,IRFC,EQ,Indian Railway Fin C,105.5100,106.0000,104.7700,105.0800,9523095,37578,1003181500
VSWS,N,20260429,IRIS,EQ,IRIS RegTech Solutio,237.5900,241.1500,235.3000,236.3400,18085,706,4296025
VSWS,N,20260429,IRISDOREME,EQ,Iris Clothings,35.8900,36.9900,34.7100,35.2900,203819,759,7227995
VSWS,N,20260429,IRMENERGY,EQ,IRM Energy,346.0500,365.9800,339.1600,357.0800,35479109,303747,12609752372
VSWS,N,20260429,ISFT,EQ,Intrasoft Technologi,75.8000,75.9900,73.1000,73.3000,8370,280,622211
VSWS,N,20260429,ISGEC,EQ,ISGEC Heavy Engineer,1099.0000,1103.9000,1066.0000,1072.2500,51395,4863,55684677
VSWS,N,20260429,ISHAN,ST,Ishan International,0.6500,0.6500,0.6500,0.6500,48000,1,31200
VSWS,N,20260429,ISHANCH,EQ,Ishan Dyes And Chemi,62.0000,62.9700,59.0100,62.2600,15104,188,921086
VSWS,N,20260429,IT,EQ,Kotak Nifty IT ETF,32.8000,32.8000,32.0000,32.3100,278360,1048,9002021
VSWS,N,20260429,ITADD,EQ,DSP Nifty IT ETF,30.7700,31.5000,30.6700,31.0300,382276,967,11829534
VSWS,N,20260429,ITBEES,EQ,Nippon India ETF Nif,32.0800,32.6100,32.0700,32.3700,16666157,16908,541133534
VSWS,N,20260429,ITBETA,EQ,UTI Nifty IT ETF,304.1100,308.2300,304.1000,306.6100,6650,32,2029565
VSWS,N,20260429,ITC,EQ,I T C,305.1000,317.5000,305.1000,316.2500,31199038,209945,9794300607
VSWS,N,20260429,ITCHOTELS,EQ,ITC Hotels,158.7000,161.4800,158.0000,160.0900,3811178,35188,610383943
VSWS,N,20260429,ITDC,EQ,India Tourism Deve,594.9000,600.0000,589.3000,595.5000,90424,3125,53682017
VSWS,N,20260429,ITETF,EQ,Mirae Asset Nifty IT,30.5800,31.0500,30.5800,30.7900,403241,932,12449168
VSWS,N,20260429,ITI,EQ,I T I,305.3200,306.8900,301.0700,302.7700,627403,12233,190298218
VSWS,N,20260429,ITIETF,EQ,ICICI Pru Nifty IT,31.2400,32.6200,31.2400,32.3000,893282,2104,28952988
VSWS,N,20260429,ITTL,ST,Innovative Tyres & T,94.6500,94.6500,94.6500,94.6500,420,4,39753
VSWS,N,20260429,IVALUE,EQ,Ivalue Infosolutions,258.0000,260.0000,255.0000,256.3600,35343,846,9129479
VSWS,N,20260429,IVC,EQ,IL & FS Investment M,8.0000,8.2800,7.8000,8.1700,291176,902,2341728
VSWS,N,20260429,IVP,EQ,I V P,145.3700,146.6900,139.5000,140.8800,13937,249,1978598
VSWS,N,20260429,IVZINGOLD,EQ,Invesco India Gold,12898.9500,12976.9000,12756.6000,12782.9500,687,343,8814782
VSWS,N,20260429,IVZINNIFTY,EQ,Invesco India Nifty,2746.9800,2764.8000,2746.9800,2754.0100,63,18,173713
VSWS,N,20260429,IWARE,ST,Iware Supplychain Se,340.3000,340.3000,331.0000,340.3000,189600,110,64458180
VSWS,N,20260429,IWP,EQ,Indian Wood Products,33.2500,35.0500,33.2500,34.1500,3692,96,125776
VSWS,N,20260429,IXIGO,EQ,Le Travenues Techno,170.9900,174.5800,168.5100,169.9300,2963766,16753,505650358
VSWS,N,20260429,IZMO,BE,IZMO,740.0000,760.0000,706.1000,721.4000,37374,1124,27253116
VSWS,N,20260429,J&KBANK,EQ,Jammu & Kashmir Bank,128.5000,135.6800,128.2100,134.6400,11378465,70282,1522286894
VSWS,N,20260429,JAGRAN,EQ,Jagran Prakashan,66.2900,66.2900,65.7000,65.9900,150811,1269,9953325
VSWS,N,20260429,JAGSNPHARM,EQ,Jagsonpal Pharma,206.7000,212.8000,205.2000,208.8300,232411,3503,48444445
VSWS,N,20260429,JAIBALAJI,EQ,Jai Balaji Industrie,82.2000,83.7000,80.2900,81.4900,2286573,18783,186472143
VSWS,N,20260429,JAICORPLTD,EQ,Jai Corp,120.1100,125.0000,118.0000,118.5700,725646,7076,87723991
VSWS,N,20260429,JAINAM,SM,Jainam Ferro Alloys,233.0000,233.0000,233.0000,233.0000,500,1,116500
VSWS,N,20260429,JAINIK,SM,Jainik Power Cables,141.5000,142.0000,140.0000,140.0000,13200,8,1852260
VSWS,N,20260429,JAINREC,EQ,Jain Resource Recycl,449.7500,472.9000,449.0500,460.3500,3367965,56733,1562724238
VSWS,N,20260429,JAIPURKURT,EQ,Nandani Creation,32.1500,33.8900,32.1500,32.3400,2504,94,81430
VSWS,N,20260429,JALAN,SM,Jalan Transolutions,1.9000,1.9000,1.8500,1.8500,117000,17,218250
VSWS,N,20260429,JAMNAAUTO,EQ,Jamna Auto Ind,123.5000,127.5000,123.2600,123.8800,1764694,12743,221365798
VSWS,N,20260429,JARO,EQ,Jaro Inst of Tech Mg,421.5500,450.9500,416.3000,429.3000,304912,8136,132541748
VSWS,N,20260429,JASH,EQ,Jash Engineering,428.9500,430.7500,415.0000,417.8500,60196,2785,25479489
VSWS,N,20260429,JAYAGROGN,EQ,Jayant Agro Organics,204.5400,205.0000,198.2000,198.9300,3450,287,693974
VSWS,N,20260429,JAYBARMARU,EQ,Jay Bharat Maruti,93.9800,95.2900,91.7200,92.1600,101127,1495,9467085
VSWS,N,20260429,JAYBEE,ST,Jay Bee Laminations,101.0500,105.0000,100.1000,101.4000,54500,68,5609575
VSWS,N,20260429,JAYESH,SM,Jayesh Logistics,174.4000,178.0000,171.0000,172.0000,19000,15,3287000
VSWS,N,20260429,JAYKAY,EQ,Jaykay Enterprises,188.3000,189.0000,179.0100,180.9400,165545,2840,30594930
VSWS,N,20260429,JAYNECOIND,EQ,Jayaswals Neco Ind,111.1700,112.6000,107.8500,110.6400,9685200,43925,1070807371
VSWS,N,20260429,JAYSREETEA,EQ,Jay Shree Tea & Ind,91.2000,91.2000,87.6500,88.0600,36948,601,3301731
VSWS,N,20260429,JBCHEPHARM,EQ,JB Chemicals,2061.0000,2081.9000,2040.0000,2061.2000,201035,15516,415788394
VSWS,N,20260429,JBMA,EQ,JBM Auto,650.9000,654.7000,635.0500,637.6500,574914,16076,371457817
VSWS,N,20260429,JETFREIGHT,EQ,Jet Freight Logistic,21.0900,21.0900,20.4500,20.7100,60345,231,1251664
VSWS,N,20260429,JEYYAM,SM,Jeyyam Global Foods,36.2000,36.9000,35.1000,36.7000,22000,11,797700
VSWS,N,20260429,JGCHEM,EQ,J G Chemicals,405.2000,416.9000,398.5500,406.4500,129889,3813,53289991
VSWS,N,20260429,JHS,BE,JHS Svendgaard Labor,9.1600,9.1900,8.9000,9.0000,47413,75,427551
VSWS,N,20260429,JINDALPHOT,EQ,Jindal Photo,1106.1500,1136.6000,1091.8000,1102.6500,2902,426,3250943
VSWS,N,20260429,JINDALPOLY,EQ,Jindal Poly Films,676.0000,710.0500,673.0500,710.0500,24032,724,16934260
VSWS,N,20260429,JINDALSAW,EQ,Jindal Saw,240.0000,242.7500,228.1000,229.8000,4192468,39939,982127339
VSWS,N,20260429,JINDALSTEL,EQ,Jindal Steel,1270.9000,1270.9000,1224.5000,1228.1000,1069141,44773,1322991446
VSWS,N,20260429,JINDRILL,EQ,Jindal Drilling,552.0000,554.9500,541.0000,543.1000,110859,3403,60646266
VSWS,N,20260429,JINDWORLD,EQ,Jindal Worldwide,26.8000,26.8000,26.0000,26.1800,331706,1595,8716906
VSWS,N,20260429,JIOFIN,EQ,Jio Financial Servic,252.1100,257.0000,250.0300,250.7100,22455886,118184,5697228827
VSWS,N,20260429,JISLDVREQS,EQ,Jain Irrigation DVR,24.3300,24.4600,23.4200,24.3600,15920,139,379418
VSWS,N,20260429,JISLJALEQS,EQ,Jain Irrigation,33.0800,34.2300,32.5200,32.7600,3404812,7505,113162813
VSWS,N,20260429,JITFINFRA,BE,JITF Infralogistics,301.0000,302.0000,301.0000,302.0000,5026,61,1516483
VSWS,N,20260429,JKCEMENT,EQ,JK Cement,5485.0000,5540.0000,5435.0000,5458.5000,21616,4765,118775851
VSWS,N,20260429,JKIL,EQ,J Kumar Infraproject,518.8000,529.2000,514.6500,516.0500,125206,6900,65242147
VSWS,N,20260429,JKIPL,BE,Jinkushal Industries,93.9900,93.9900,89.1200,90.8000,18467,260,1695195
VSWS,N,20260429,JKLAKSHMI,EQ,JK Lakshmi Cement,671.0000,673.8500,652.0000,655.6000,48149,6698,31760275
VSWS,N,20260429,JKPAPER,EQ,JK Paper,374.6000,374.6000,362.3500,365.4500,191934,7510,70374101
VSWS,N,20260429,JKTYRE,EQ,JK Tyre & Industries,409.0000,424.5000,405.7500,406.9500,3228948,64055,1338827425
VSWS,N,20260429,JLHL,EQ,Jupiter Life Line Ho,1243.8000,1254.4000,1234.0000,1239.5000,53293,2139,66434790
VSWS,N,20260429,JMA,EQ,Jullundur Motor Agen,92.7900,92.7900,89.1000,89.2100,3115,91,280334
VSWS,N,20260429,JMFINANCIL,EQ,J M Financial,139.0000,140.7000,136.3600,136.8100,1651321,14586,228488127
VSWS,N,20260429,JNKINDIA,EQ,JNK India,377.9000,379.0000,360.0000,368.0200,220951,4513,80915978
VSWS,N,20260429,JOCIL,EQ,Jocil,126.0600,131.4700,126.0500,129.5700,3215,123,416286
VSWS,N,20260429,JPOLYINVST,EQ,Jindal Poly Invest,1112.9000,1124.9000,1100.1000,1103.0000,5974,939,6635042
VSWS,N,20260429,JPPOWER,EQ,Jaiprakash Power Ven,20.1000,21.0500,20.0000,20.2000,152084192,81395,3113126128
VSWS,N,20260429,JSFB,EQ,Jana Small Fin Bank,493.0000,501.0000,461.0500,466.1500,844340,20028,404489128
VSWS,N,20260429,JSL,EQ,Jindal Stainless,776.1500,788.1000,768.5500,782.4000,469987,26362,366714876
VSWS,N,20260429,JSLL,EQ,Jeena Sikho Lifecare,678.5000,690.0000,668.0000,675.4500,168798,11443,114548200
VSWS,N,20260429,JSWCEMENT,EQ,JSW Cement,125.0000,125.0000,123.7800,124.3000,616422,11407,76595431
VSWS,N,20260429,JSWDULUX,EQ,JSW Dulux,2981.1000,3001.5000,2953.9000,2977.2000,9500,2770,28391388
VSWS,N,20260429,JSWENERGY,EQ,JSW Energy,584.7000,584.7000,557.0000,560.4000,4306287,69671,2442791744
VSWS,N,20260429,JSWHL,EQ,JSW Holdings,12844.0000,13018.0000,12521.0000,12646.0000,5687,2590,71821700
VSWS,N,20260429,JSWINFRA,EQ,JSW Infrastructure,285.9900,286.0000,272.0000,273.1400,2188216,39223,605045959
VSWS,N,20260429,JSWSTEEL,EQ,JSW Steel,1283.0000,1287.8000,1257.0000,1279.7000,2364369,82616,3020276751
VSWS,N,20260429,JTEKTINDIA,EQ,JTEKT India,130.1000,141.6900,130.1000,137.9600,1691547,12010,233400183
VSWS,N,20260429,JTLIND,EQ,JTL Industries,78.6000,82.7000,78.6000,80.6000,5248884,11508,423998748
VSWS,N,20260429,JUBLCPL,EQ,Jubilant Agri And Co,1727.8000,1750.0000,1690.8000,1718.1000,3376,547,5848358
VSWS,N,20260429,JUBLFOOD,EQ,Jubilant FoodWorks,482.9000,488.3500,477.2500,485.4000,2549457,39292,1231023807
VSWS,N,20260429,JUBLINGREA,EQ,Jubilant Ingrevia,722.0000,727.4500,700.2500,702.7500,135557,9364,96358986
VSWS,N,20260429,JUBLPHARMA,EQ,Jubilant Pharmova,949.8000,949.8000,916.5000,926.8500,192302,10736,178711352
VSWS,N,20260429,JUNIORBEES,EQ,Nippon INft N50 JrBe,764.5600,766.2700,758.7500,759.7600,362237,7877,276177240
VSWS,N,20260429,JUNIPER,EQ,Juniper Hotels,214.9900,216.7000,208.1200,209.1000,210176,2393,44479391
VSWS,N,20260429,JUSTDIAL,EQ,Just Dial,534.0000,537.6500,528.4000,532.8500,173417,5162,92227527
VSWS,N,20260429,JWL,EQ,Jupiter Wagons,293.0000,294.0000,286.3500,287.4000,1447682,20181,419411391
VSWS,N,20260429,JYOTHYLAB,EQ,Jyothy Labs,262.4100,270.5000,258.4500,265.4100,801218,26581,213213463
VSWS,N,20260429,JYOTICNC,EQ,Jyoti CNC Automation,768.7000,785.3000,761.1000,764.3500,1066134,25910,824817894
VSWS,N,20260429,JYOTIGLOBL,ST,Jyoti Global Plast,43.8000,43.8000,43.7000,43.7000,4000,2,175000
VSWS,N,20260429,JYOTISTRUC,EQ,Jyoti Structures,13.8900,14.0000,13.5500,13.8000,16234332,13787,224191637
VSWS,N,20260429,K2INFRA,SM,K2 Infragen,51.9500,51.9500,51.4000,51.7500,4800,8,247680
VSWS,N,20260429,KABRAEXTRU,EQ,Kabra Extrusion Tech,254.0900,255.3700,246.9100,249.1400,12775,476,3200437
VSWS,N,20260429,KAJARIACER,EQ,Kajaria Ceramics,1218.6000,1236.9000,1212.0000,1228.1500,176959,12791,217275101
VSWS,N,20260429,KAKATCEM,EQ,Kakatiya Cem & Sugar,133.2100,138.8900,133.2000,136.9400,5004,185,681699
VSWS,N,20260429,KALAMANDIR,EQ,Sai Silks (Kalamandi,103.7000,104.9000,102.0000,102.2400,466821,3454,48246582
VSWS,N,20260429,KALPATARU,EQ,Kalpataru,329.8000,331.7500,326.5500,329.2500,16617,874,5468991
VSWS,N,20260429,KALYANIFRG,EQ,Kalyani Forge,614.9500,625.0000,592.0500,610.2500,837,86,510408
VSWS,N,20260429,KALYANKJIL,EQ,Kalyan Jewellers Ind,413.5500,420.6000,409.4500,412.4000,3443668,38037,1430002491
VSWS,N,20260429,KAMAHOLD,EQ,Kama Holdings,2492.5500,2644.9500,2484.0500,2494.4000,20416,1714,51531159
VSWS,N,20260429,KAMATHOTEL,EQ,Kamat Hotels (India),166.1000,169.9900,166.1000,167.9500,38349,959,6457350
VSWS,N,20260429,KAMDHENU,EQ,Kamdhenu,22.6000,24.0000,22.6000,23.0800,1158307,2413,27050576
VSWS,N,20260429,KAMOPAINTS,BE,Kamdhenu Ventures,5.5800,5.6000,5.3700,5.4200,316154,598,1742080
VSWS,N,20260429,KANANIIND,EQ,Kanani Industries,1.6900,1.7000,1.5200,1.5900,443737,451,710729
VSWS,N,20260429,KANCHI,EQ,Kanchi Karpooram,410.0000,417.0000,401.0000,404.7500,2495,196,1019298
VSWS,N,20260429,KANDARP,SM,Kandarp Digi Smart B,144.0500,149.0000,144.0500,148.0000,66000,48,9781850
VSWS,N,20260429,KANORICHEM,EQ,Kanoria Chemicals,88.9400,91.0000,86.1100,89.4100,27632,387,2448858
VSWS,N,20260429,KANPRPLA,EQ,Kanpur Plastipacks,207.0200,211.9800,202.0400,204.8600,10985,528,2268255
VSWS,N,20260429,KANSAINER,EQ,Kansai Nerolac Paint,199.4200,200.7500,197.5000,197.7200,164053,5046,32664689
VSWS,N,20260429,KAPSTON,BE,Kapston Services,354.9000,354.9000,346.1000,346.6000,11726,262,4084163
VSWS,N,20260429,KARMAENG,EQ,Karma Energy,52.2000,52.5000,51.4000,51.8100,4405,62,228939
VSWS,N,20260429,KARNIKA,SM,Karnika Industries,140.0000,140.0000,139.0000,139.5000,4000,4,558000
VSWS,N,20260429,KARURVYSYA,EQ,Karur Vysya Bank,295.0000,299.8000,291.2000,297.5500,1905585,34111,563351271
VSWS,N,20260429,KATARIA,SM,Kataria Industries,107.0000,109.9000,106.6000,107.6000,6000,10,645990
VSWS,N,20260429,KAUSHALYA,EQ,Kaushalya Infra Deve,906.0000,925.6500,891.0000,906.0000,120,27,109464
VSWS,N,20260429,KAVDEFENCE,BE,Kavveri Defence & Wi,65.7400,66.9400,64.6300,65.2400,52404,467,3433524
VSWS,N,20260429,KAYA,EQ,Kaya,261.4000,274.3900,261.4000,263.0200,10898,676,2921540
VSWS,N,20260429,KAYNES,EQ,Kaynes Technology I,4129.0000,4207.8000,4099.2000,4112.5000,862358,46050,3576911090
VSWS,N,20260429,KAYTEX,SM,Kaytex Fabrics,72.5500,72.6000,71.7000,71.8500,5600,7,405240
VSWS,N,20260429,KCEIL,ST,Kay Cee Energy & Inf,130.0000,135.0000,126.5500,130.7500,29500,56,3861600
VSWS,N,20260429,KCK,SM,Kck Industries,13.1000,14.2000,13.1000,14.1000,805000,142,11066625
VSWS,N,20260429,KCP,EQ,K C P,175.0000,184.0000,174.0000,179.9600,187351,2770,33647481
VSWS,N,20260429,KCPSUGIND,EQ,KCP Sugar & Ind Corp,25.8500,26.7000,25.6100,26.1900,160261,1245,4201644
VSWS,N,20260429,KDDL,EQ,KDDL,2508.0000,2550.0000,2385.0000,2423.2000,22829,2858,55930176
VSWS,N,20260429,KDL,SM,Kore Digital,156.8500,160.0000,155.0000,156.2000,7650,37,1200158
VSWS,N,20260429,KEC,EQ,KEC International,572.5000,579.1500,564.0500,565.5000,793906,20737,453445540
VSWS,N,20260429,KECL,BE,Kirloskar Electric,128.3600,129.9900,126.0000,127.3000,78415,534,9952654
VSWS,N,20260429,KEEPLEARN,EQ,DSJ Keep Learning,2.2100,2.2100,1.9000,1.9400,263723,235,527845
VSWS,N,20260429,KEI,EQ,KEI Industries,4997.0000,5050.0000,4917.1000,4935.2000,354086,33479,1761988181
VSWS,N,20260429,KEL,SM,Kundan Edifice,83.0000,83.0000,83.0000,83.0000,1200,1,99600
VSWS,N,20260429,KELLTONTEC,EQ,Kellton Tech Solu,15.8900,16.0500,15.6400,15.7800,1721745,5257,27259158
VSWS,N,20260429,KEN,SM,Ken Enterprises,34.8000,34.8000,34.7500,34.7500,2400,2,83460
VSWS,N,20260429,KENNAMET,EQ,Kennametal India,2630.6000,2841.4000,2602.2000,2698.9000,11576,2688,31594437
VSWS,N,20260429,KERNEX,EQ,Kernex Microsystems,1360.8000,1369.7000,1324.0000,1350.2000,184834,12740,249300658
VSWS,N,20260429,KESORAMIND,EQ,Kesoram Industries,10.3000,10.3500,10.0000,10.0100,1091873,1764,11127931
VSWS,N,20260429,KEYFINSERV,EQ,Keynote Financial Se,292.0000,292.0000,277.5000,281.7400,4862,271,1382779
VSWS,N,20260429,KFINTECH,EQ,KFin Technologies,962.0000,986.4000,958.6500,977.3000,997645,25144,971137164
VSWS,N,20260429,KHADIM,EQ,Khadim India,101.7500,103.4900,101.0500,101.6900,48217,1150,4918551
VSWS,N,20260429,KHAICHEM,BE,Khaitan Chemicals,56.3500,56.3500,53.5000,54.8700,159004,554,8693839
VSWS,N,20260429,KHAITANLTD,BE,Khaitan (India),137.5000,137.5000,129.9800,130.2700,6150,83,801716
VSWS,N,20260429,KHANDSE,EQ,Khandwala Securities,17.9000,17.9000,16.1000,16.8300,1806,58,30798
VSWS,N,20260429,KHFM,SM,KHFM Hos & Facility,52.8000,52.8000,50.3000,51.5000,6200,4,323408
VSWS,N,20260429,KICL,EQ,Kalyani Investment C,4833.8000,4992.0000,4809.6000,4876.6000,2637,574,12994011
VSWS,N,20260429,KILITCH,EQ,Kilitch Drugs,154.6000,155.5900,147.3100,154.1100,51884,1950,7906412
VSWS,N,20260429,KIMS,EQ,Krishna Institute of,662.2500,672.0500,660.0000,665.2500,707561,20604,471059139
VSWS,N,20260429,KINGFA,EQ,Kingfa Science & Tec,4650.0000,4711.5000,4545.0000,4652.6000,8660,3853,39926311
VSWS,N,20260429,KIOCL,EQ,KIOCL,421.9500,430.0000,411.2000,414.3000,386728,13018,162679887
VSWS,N,20260429,KIRANVYPAR,EQ,Kiran Vyapar,195.0000,201.2500,195.0000,195.9000,700,11,137121
VSWS,N,20260429,KIRIINDUS,EQ,Kiri Industries,418.4000,423.1000,413.1000,415.1000,169620,4945,70951974
VSWS,N,20260429,KIRLFER,EQ,Kirloskar Ferrous,434.9500,442.0000,431.1000,435.6000,42343,1921,18513799
VSWS,N,20260429,KIRLOSBROS,EQ,Kirloskar Brothers,1730.0000,1746.0000,1715.1000,1739.8000,56670,8185,98197168
VSWS,N,20260429,KIRLOSENG,EQ,Kirloskar Oil Engine,1724.4000,1745.9000,1696.0000,1699.1000,368050,24883,630327863
VSWS,N,20260429,KIRLOSIND,EQ,Kirloskar Industries,3310.5000,3353.0000,3250.4000,3288.6000,4362,731,14441655
VSWS,N,20260429,KIRLPNU,EQ,Kirloskar Pneumatic,1530.0000,1543.8000,1505.0000,1513.2000,169153,12750,257018968
VSWS,N,20260429,KITEX,EQ,Kitex Garments,165.0000,165.9300,164.0100,164.6400,465632,3168,76793510
VSWS,N,20260429,KKCL,EQ,Kewal Kiran Clothing,471.0500,483.0000,469.8000,471.9000,12725,1069,6034168
VSWS,N,20260429,KKJEWELS,SM,Kabra Jewels,113.0000,113.0000,108.0000,110.3000,6000,5,670250
VSWS,N,20260429,KLBRENG-B,EQ,Kilburn Engineering,510.0000,511.0000,503.1500,506.0500,51240,1452,26014219
VSWS,N,20260429,KLL,SM,Kaushalya Logistics,45.0000,47.3500,43.0000,43.2500,18400,22,824000
VSWS,N,20260429,KMEW,EQ,Knowledge Marine & E,1826.0000,1826.0000,1777.0000,1800.2000,104354,8523,187627552
VSWS,N,20260429,KMSUGAR,EQ,K M Sugar Mills,29.9000,30.4000,29.0700,29.2600,225816,1823,6698047
VSWS,N,20260429,KNAGRI,EQ,KN Agri Resources,192.4500,200.8000,179.0000,180.8500,114182,3559,21714456
VSWS,N,20260429,KNRCON,EQ,KNR Constructions,131.0500,133.0000,128.0000,130.0800,3046930,20953,398422308
VSWS,N,20260429,KODYTECH,ST,Kody Technolab,727.0000,727.0000,720.0000,720.0000,1400,12,1013600
VSWS,N,20260429,KOHINOOR,EQ,Kohinoor Foods,27.0000,27.7000,26.5200,26.8900,79925,1010,2166903
VSWS,N,20260429,KOKUYOCMLN,EQ,Kokuyo Camlin,92.4000,94.5400,92.4000,93.8100,39091,711,3669844
VSWS,N,20260429,KOLTEPATIL,EQ,Kolte-Patil Develope,378.9500,385.0000,374.0500,380.0000,52551,1973,20005256
VSWS,N,20260429,KONTOR,SM,Kontor Space,79.9000,83.5000,79.3000,79.3000,8400,11,678720
VSWS,N,20260429,KOPRAN,EQ,Kopran,159.2000,160.6300,156.1000,157.1300,85170,1860,13419761
VSWS,N,20260429,KORE,SM,Jay Jalaram Technolo,119.2500,123.0000,119.2500,120.9000,5000,16,599413
VSWS,N,20260429,KOTAKBANK,EQ,Kotak Mahindra Bank,378.0000,386.0500,377.5500,382.0000,7913344,141526,3031479067
VSWS,N,20260429,KOTARISUG,EQ,Kothari Sugars,27.2900,27.7400,26.9900,27.5400,66108,531,1820840
VSWS,N,20260429,KOTHARIPET,EQ,Kothari Petrochem,136.9000,138.0000,135.2700,136.5300,27428,692,3755205
VSWS,N,20260429,KOTHARIPRO,EQ,Kothari Products,73.4900,74.6400,72.2700,73.0500,11287,362,833305
VSWS,N,20260429,KOTIC,EQ,Kothari Industrial,187.5000,192.5000,180.0500,182.9000,11509,600,2135763
VSWS,N,20260429,KOTYARK,EQ,Kotyark Industries,415.5000,428.8500,405.0000,426.0500,47181,1259,19965435
VSWS,N,20260429,KOVAI,EQ,Kovai Medical,5651.1000,5847.8000,5648.1000,5693.8000,4747,1382,27154952
VSWS,N,20260429,KPEL,EQ,K P Energy,367.0000,377.8500,360.0500,364.2400,514565,9430,190263939
VSWS,N,20260429,KPIGREEN,EQ,KPI Green Energy,462.8000,465.9000,450.0500,451.2000,619321,15193,283291603
VSWS,N,20260429,KPIL,EQ,Kalpataru Projects I,1259.2000,1274.0000,1252.9000,1264.3000,91695,10624,116123573
VSWS,N,20260429,KPITTECH,EQ,KPIT Technologies,737.0000,758.9000,737.0000,740.0500,1272977,35462,951082613
VSWS,N,20260429,KPL,EQ,Kwality Pharmaceutic,1622.8500,1653.7000,1590.0000,1596.4500,8405,960,13525750
VSWS,N,20260429,KPRMILL,EQ,K P R Mill,935.9000,938.0000,922.4000,927.4000,149650,8179,139125374
VSWS,N,20260429,KRBL,EQ,K R B L,374.5000,378.5500,367.9000,370.6500,229700,11706,85761263
VSWS,N,20260429,KREBSBIO,BE,Krebs Biochemicals &,60.1400,61.0100,59.5000,60.0000,1915,16,114486
VSWS,N,20260429,KRIDHANINF,EQ,Kridhan Infra,2.7400,2.7900,2.7200,2.7600,127956,150,355183
VSWS,N,20260429,KRISHANA,EQ,Krishana Phoschem,672.3500,674.3500,598.8500,604.9500,997534,31588,624398631
VSWS,N,20260429,KRISHCA,SM,Krishca Strapping So,188.1000,192.3000,183.2000,183.2000,9500,13,1788300
VSWS,N,20260429,KRISHIVAL,EQ,Krishival Foods,340.0000,340.0000,339.4500,339.7000,3843,114,1306021
VSWS,N,20260429,KRISHNADEF,EQ,Krishna Defence & Al,1080.0000,1129.0000,1056.8000,1068.2000,118648,7397,129897146
VSWS,N,20260429,KRITI,EQ,Kriti Industries (I),80.0000,81.4800,78.8000,80.8500,50133,688,4022554
VSWS,N,20260429,KRITIKA,EQ,Kritika Wires,6.4000,6.6100,5.6600,6.3100,466049,1626,2896788
VSWS,N,20260429,KRITINUT,BE,Kriti Nutrients,99.0400,99.0400,96.0500,97.9100,16013,108,1560184
VSWS,N,20260429,KRMAYURVED,SM,KRM Ayurveda,224.9000,245.0000,220.0000,243.0500,266000,246,61721700
VSWS,N,20260429,KRN,EQ,KRN Heat Exchanger &,1314.0000,1327.2000,1258.3000,1282.9000,750321,31043,966724398
VSWS,N,20260429,KRONOX,EQ,Kronox Lab Sciences,130.7700,138.5900,129.7300,135.2300,96560,2001,13051084
VSWS,N,20260429,KROSS,EQ,Kross,188.2600,190.8200,185.3000,186.4900,101262,1760,19080104
VSWS,N,20260429,KRSNAA,EQ,Krsnaa Diagnostics,599.4500,604.0000,578.4000,580.9500,53779,2383,31498378
VSWS,N,20260429,KRYSTAL,EQ,Krystal Integrated S,596.7000,618.9500,596.0000,615.4500,61410,2440,37465148
VSWS,N,20260429,KSB,EQ,KSB,989.0000,1008.9000,980.9500,985.3000,179298,15281,178134663
VSWS,N,20260429,KSCL,EQ,Kaveri Seed Company,927.0500,942.8000,920.0000,925.7500,54404,3103,50676407
VSWS,N,20260429,KSHINTL,EQ,KSH International,688.0500,701.9500,661.6000,667.8500,303347,11880,205733382
VSWS,N,20260429,KSHITIJPOL,BE,Kshitij Polyline,3.1000,3.1300,3.0100,3.1300,566872,382,1757107
VSWS,N,20260429,KSL,EQ,Kalyani Steels,815.0000,821.0000,808.4000,811.3500,25912,1336,21104687
VSWS,N,20260429,KSOLVES,EQ,Ksolves India,329.9900,351.0000,323.4100,337.1400,210097,5588,71938467
VSWS,N,20260429,KSR,BE,KSR Footwear,34.0100,34.2900,32.4500,33.8200,31047,68,1015760
VSWS,N,20260429,KTKBANK,EQ,Karnataka Bank,263.0000,271.4400,261.4300,268.3300,5831407,48714,1563547766
VSWS,N,20260429,KUANTUM,EQ,Kuantum Papers,82.4000,82.4000,79.0100,80.0400,94970,1140,7640862
VSWS,N,20260429,KWIL,EQ,Kwality Wall's (Indi,27.1900,27.2500,26.5000,26.9000,5462688,17777,146737893
VSWS,N,20260429,LAGNAM,EQ,Lagnam Spintex,81.9900,84.0000,81.7900,83.3700,18333,242,1519580
VSWS,N,20260429,LAHOTIOV,EQ,Lahoti Overseas,49.4500,50.2500,45.3000,47.6500,87893,804,4267525
VSWS,N,20260429,LAKPRE,BZ,Lakshmi Precision,5.0000,5.2200,4.7400,5.2200,1867,6,9004
VSWS,N,20260429,LAKSHYA,ST,Lakshya Powertech,148.0500,151.3000,145.0500,145.2500,8800,11,1292960
VSWS,N,20260429,LAL,EQ,Lorenzini Apparels,7.4900,7.5000,7.0500,7.3400,40570,192,295318
VSWS,N,20260429,LALPATHLAB,EQ,Dr Lal PathLabs,1411.6000,1425.8000,1389.2000,1397.8000,203821,24004,285210657
VSWS,N,20260429,LAMBODHARA,EQ,Lambodhara Textile,106.9000,110.2700,104.0000,105.1100,11240,504,1195295
VSWS,N,20260429,LAMOSAIC,SM,Lamosaic India,27.0000,27.5000,26.7500,26.8500,6600,11,178590
VSWS,N,20260429,LANCORHOL,BE,Lancor Holdings,24.6000,24.6000,24.0800,24.4000,8882,25,214664
VSWS,N,20260429,LANDMARK,EQ,Landmark Cars,415.3000,422.9000,408.0000,409.9500,42005,1162,17354545
VSWS,N,20260429,LANDSMILL,EQ,Landsmill Green,1.0000,1.0000,0.9100,0.9500,12910115,1865,12339372
VSWS,N,20260429,LAOPALA,EQ,La Opala RG,181.1000,181.1000,178.5000,178.9100,54603,1422,9786983
VSWS,N,20260429,LASA,BE,Lasa Supergenerics,8.0600,8.1300,7.9000,8.1000,12860,63,102644
VSWS,N,20260429,LATENTVIEW,EQ,Latent View Analytic,298.5000,300.4000,293.1000,294.9000,414981,10349,123104021
VSWS,N,20260429,LATTEYS,EQ,Latteys Industries,20.5500,21.5400,20.5500,20.8800,24953,315,522370
VSWS,N,20260429,LAURUSLABS,EQ,Laurus Labs,1092.4500,1115.8000,1085.0000,1106.1000,1747114,47784,1931079101
VSWS,N,20260429,LAXMICOT,BE,Laxmi Cotspin,15.1800,15.4000,14.7500,15.2200,9936,60,148274
VSWS,N,20260429,LAXMIDENTL,EQ,Laxmi Dental,214.1000,217.8000,203.1500,205.1500,331887,5093,69499812
VSWS,N,20260429,LAXMIINDIA,EQ,Laxmi India Finance,114.7000,118.2000,112.3600,115.2100,170853,1661,19528687
VSWS,N,20260429,LCCINFOTEC,BE,LCC Infotech,4.9000,5.0900,4.9000,5.0800,25908,45,131858
VSWS,N,20260429,LEMERITE,EQ,Le Merite Exports,444.0500,448.1000,440.0000,440.8500,30086,339,13350925
VSWS,N,20260429,LEMONTREE,EQ,Lemon Tree Hotels,119.2000,121.4500,117.9100,118.6200,3152181,25122,376827190
VSWS,N,20260429,LENSKART,EQ,Lenskart Solutions,542.5000,542.5000,515.5000,519.9500,2527593,73436,1330653287
VSWS,N,20260429,LEXUS,BE,Lexus Granito (India,18.1000,18.1000,17.6000,17.6600,12501,84,223938
VSWS,N,20260429,LFIC,EQ,Lakshmi Fin & Ind Co,143.3500,146.0000,140.3100,141.9700,769,48,110446
VSWS,N,20260429,LGBBROSLTD,EQ,LG Balakrishnan,1762.4000,1814.6000,1745.0000,1800.8000,34431,4159,61474963
VSWS,N,20260429,LGEINDIA,EQ,LG Electronics India,1630.0000,1632.0000,1609.0000,1627.0000,495651,34835,804311689
VSWS,N,20260429,LGHL,EQ,Laxmi Goldorna House,269.0100,269.0100,260.4200,263.7600,32036,266,8509095
VSWS,N,20260429,LIBAS,EQ,Libas Consumer Prod,12.3000,12.4500,11.8000,12.0100,35916,157,436836
VSWS,N,20260429,LIBERTSHOE,EQ,Liberty Shoes,261.2000,264.5000,260.0000,261.2600,9755,319,2555445
VSWS,N,20260429,LICHSGFIN,EQ,LIC Housing Finance,552.9000,567.7000,545.8000,562.1500,2435923,37131,1365322409
VSWS,N,20260429,LICI,EQ,Life Insurance Corp,826.6000,826.6000,811.0000,812.4500,1093177,33554,893595539
VSWS,N,20260429,LICMFGOLD,EQ,LIC MF Gold ETF,137.0000,137.0000,132.0000,132.6000,37431,702,4986266
VSWS,N,20260429,LICNETFGSC,EQ,LIC Nomura MF GS ETF,28.5500,28.6900,28.5500,28.6700,29473,81,844881
VSWS,N,20260429,LICNETFN50,EQ,LIC Nomura MF ETF Ni,267.8200,271.4600,267.8100,268.5700,283,24,76489
VSWS,N,20260429,LICNETFSEN,EQ,LIC Nomura - Sensex,871.0000,872.0000,871.0000,872.0000,7,2,6103
VSWS,N,20260429,LICNFNHGP,EQ,LIC MF Nifty 100,274.0800,277.0100,269.2500,274.6700,586,37,160799
VSWS,N,20260429,LICNMID100,EQ,LIC MF Nifty Midcap,60.9600,61.4300,60.7700,60.7800,4241,97,258343
VSWS,N,20260429,LIKHITHA,BE,Likhitha Infrastruct,227.0000,227.9000,220.5000,221.6300,25206,372,5632045
VSWS,N,20260429,LINC,EQ,Linc,108.1900,108.8400,100.0000,102.2600,115575,2280,11974724
VSWS,N,20260429,LINCOLN,EQ,Lincoln Pharm,654.7000,733.0000,653.1000,673.3000,3670409,82516,2594991361
VSWS,N,20260429,LINDEINDIA,EQ,Linde India,7250.0000,7506.5000,7222.5000,7307.5000,67755,16125,499688101
VSWS,N,20260429,LIQGRWBEES,EQ,Nippon India Nifty 1,1037.2900,1037.3100,1037.1100,1037.3000,400761,221,415705899
VSWS,N,20260429,LIQUID,EQ,Mirae Asset Nfty 1 D,999.9900,1000.0000,999.9900,999.9900,165686,168,165685423
VSWS,N,20260429,LIQUID1,EQ,Kotak Nifty 1D Rate,1101.7000,1101.9200,1101.7000,1101.9000,1640130,717,1807274450
VSWS,N,20260429,LIQUIDADD,EQ,DSP BSE Liquid Rate,1124.0700,1124.0900,1124.0700,1124.0800,407065,338,457575220
VSWS,N,20260429,LIQUIDBEES,EQ,Nippon INft 1D RLBeE,1000.0000,1000.0100,999.0000,999.9900,2768222,5028,2768207945
VSWS,N,20260429,LIQUIDBETF,EQ,Bajaj F Nfty 1D RL,1079.3200,1079.3200,1079.3000,1079.3100,179562,175,193803121
VSWS,N,20260429,LIQUIDCASE,EQ,Zerodha Nifty 1D Rat,113.8200,113.8300,113.8100,113.8200,16400873,9547,1866746022
VSWS,N,20260429,LIQUIDETF,EQ,DSP Nifty 1D Rate Li,1000.0000,1000.0000,999.9900,999.9900,90998,170,90997821
VSWS,N,20260429,LIQUIDIETF,EQ,ICICI Pru BSE L Rate,1000.0000,1000.0100,999.9900,999.9900,1839115,652,1839114882
VSWS,N,20260429,LIQUIDPLUS,EQ,Mirae A Nfty 1D R L,1083.0000,1083.0200,1083.0000,1083.0100,138630,274,150138010
VSWS,N,20260429,LIQUIDSBI,EQ,SBI Nifty 1D Rate ET,1000.0000,1000.0100,999.9900,999.9900,5874,47,5873976
VSWS,N,20260429,LIQUIDSHRI,EQ,Shriram Nifty 1D Rat,1101.4000,1102.1000,1101.4000,1102.0900,10054,48,11079584
VSWS,N,20260429,LLOYDSENGG,EQ,Lloyds Engineering W,59.0500,60.1200,57.5000,57.8600,5247827,17622,308764123
VSWS,N,20260429,LLOYDSENT,EQ,Lloyds Enterprises,71.9900,72.0000,68.9000,69.0600,3265913,8865,228723194
VSWS,N,20260429,LLOYDSME,EQ,Lloyds Metals & Ener,1760.4000,1781.0000,1735.7000,1772.2000,831742,36309,1466682186
VSWS,N,20260429,LMW,EQ,LMW,15000.0000,15018.0000,14656.0000,14735.0000,1546,750,22893187
VSWS,N,20260429,LODHA,EQ,Lodha Developers,885.0000,921.4500,882.0000,912.7000,4734976,102766,4298984402
VSWS,N,20260429,LOKESHMACH,BE,Lokesh Machines,264.9800,267.7000,253.0000,255.4300,28304,332,7303769
VSWS,N,20260429,LORDSCHLO,EQ,Lords Chloro Alkali,148.6500,151.6000,145.2200,146.2400,16158,878,2400782
VSWS,N,20260429,LOTUSDEV,EQ,Sri Lotus Developers,148.8500,148.9800,145.8000,146.3800,608975,7333,89680385
VSWS,N,20260429,LOTUSEYE,EQ,Lotus Eye Hosp & Ins,120.1600,124.0000,116.6000,121.5200,13035,330,1591216
VSWS,N,20260429,LOVABLE,EQ,Lovable Lingerie,77.0100,77.8900,73.5000,73.9500,24911,573,1880631
VSWS,N,20260429,LOWVOL,EQ,Mirae Asset Nft100 L,201.7400,203.1600,201.7400,201.8800,327,10,66197
VSWS,N,20260429,LOWVOL1,EQ,Kotak Nifty 100 Low,20.6100,21.2800,20.6000,20.9500,636032,114,13171678
VSWS,N,20260429,LOWVOLIETF,EQ,ICICIPru Nfty100LowV,21.5800,21.8000,21.5100,21.6300,11676909,946,254026421
VSWS,N,20260429,LOYALTEX,BE,Loyal Textiles,205.0000,208.0000,205.0000,208.0000,1294,35,267323
VSWS,N,20260429,LPDC,BE,Landmark Property De,7.7100,7.9000,7.7100,7.7300,21660,84,168437
VSWS,N,20260429,LT,EQ,Larsen & Toubro,4060.0000,4126.0000,4051.3000,4096.1000,2175030,120234,8917252745
VSWS,N,20260429,LTF,EQ,L&T Finance,286.0000,290.4500,284.3800,285.4200,3376266,42854,969714951
VSWS,N,20260429,LTFOODS,EQ,LT Foods,425.1000,438.0000,423.0500,425.1000,537071,19779,231925342
VSWS,N,20260429,LTGILTBEES,EQ,Nippon INft 8-13 YGS,29.1800,29.1800,29.1100,29.1500,1255039,485,36576402
VSWS,N,20260429,LTGILTCASE,EQ,Zerodha Nfty 8-13 Yr,29.7500,29.7500,29.6500,29.6700,230974,199,6857757
VSWS,N,20260429,LTM,EQ,LTM,4399.0000,4407.4000,4313.0000,4323.1000,203452,23154,886418945
VSWS,N,20260429,LTTS,EQ,L&T Technology Servi,3589.9000,3643.4000,3540.0000,3559.6000,114919,14334,410955116
VSWS,N,20260429,LUMAXIND,EQ,Lumax Industries,5076.0000,5123.8000,5055.2000,5080.2000,7039,1928,35740058
VSWS,N,20260429,LUMAXTECH,EQ,Lumax Auto Technolog,1674.8000,1680.3000,1604.0000,1610.4000,245540,18396,399976916
VSWS,N,20260429,LUPIN,EQ,Lupin,2314.0000,2333.8000,2302.7000,2311.4000,706510,34239,1637162707
VSWS,N,20260429,LUXIND,EQ,Lux Industries,1512.0500,1555.6500,1468.3500,1479.6500,159604,10129,240737649
VSWS,N,20260429,LXCHEM,EQ,Laxmi Organic Indust,151.0800,152.7600,146.0000,147.0600,512653,5580,76341336
VSWS,N,20260429,LYKALABS,BE,Lyka Labs,60.8000,61.2000,58.4000,60.3800,28562,124,1716512
VSWS,N,20260429,LYPSAGEMS,EQ,Lypsa Gems & Jewelle,5.7000,5.9300,4.7700,5.2700,170310,538,897423
VSWS,N,20260429,M&M,EQ,Mahindra & Mahindra,3100.0000,3192.0000,3092.0000,3152.3000,3917359,182960,12394981993
VSWS,N,20260429,M&MFIN,EQ,Mahindra & Mah Fin S,316.5000,322.5500,311.7000,320.2000,8492814,119124,2716528511
VSWS,N,20260429,MAANALU,EQ,Maan Aluminium,151.5000,154.7500,148.0000,148.9000,321672,4387,48792531
VSWS,N,20260429,MACOBSTECH,SM,Macobs Technologies,201.1000,236.0000,200.4000,216.4500,95200,94,19866400
VSWS,N,20260429,MACPOWER,EQ,Macpower CNC Machine,1156.9000,1165.0000,1122.0000,1139.9500,13305,1185,15256476
VSWS,N,20260429,MADHAV,EQ,Madhav Granite,40.6600,40.8400,39.1100,39.1900,5381,126,213380
VSWS,N,20260429,MADHAVBAUG,SM,Vaidya Sane Ayurved,254.5000,254.5000,235.0000,241.7000,8000,20,1927580
VSWS,N,20260429,MADHAVIPL,EQ,Madhav Infra Project,9.4000,9.7500,9.3000,9.3500,46694,338,440083
VSWS,N,20260429,MADHUCON,BE,Madhucon Projects,5.1900,5.3000,4.9400,5.1000,30782,90,157665
VSWS,N,20260429,MADHUSUDAN,SM,Madhusudan Masala,156.0000,158.6000,154.5000,154.5000,15000,15,2352850
VSWS,N,20260429,MADRASFERT,EQ,Madras Fertilizers,69.9900,70.9500,68.5700,69.0000,110165,1607,7687155
VSWS,N,20260429,MAFANG,EQ,Mirae Asset NYSE FAN,181.9300,181.9300,181.7100,181.9300,848042,6463,154284026
VSWS,N,20260429,MAFATIND,EQ,Mafatlal Industries,135.0000,139.6000,135.0000,137.3500,37132,812,5119046
VSWS,N,20260429,MAGADSUGAR,EQ,Magadh Sugar & Energ,510.5000,523.5000,507.0500,513.5000,14684,908,7589794
VSWS,N,20260429,MAGNUM,BE,Magnum Ventures,21.1000,21.4800,20.5500,20.8900,30147,82,633448
VSWS,N,20260429,MAGSON,ST,Magson Retail & Dist,175.1000,175.1000,175.0000,175.0500,2000,2,350100
VSWS,N,20260429,MAHABANK,EQ,Bank of Maharashtra,78.3000,81.0500,77.1700,79.6100,31621563,94852,2519552286
VSWS,N,20260429,MAHAPEXLTD,EQ,Maha Rashtra Apex,53.3000,54.8500,52.4000,54.1000,14628,580,782788
VSWS,N,20260429,MAHASTEEL,BE,Mahamaya Steel Ind,849.6000,880.0000,843.0000,870.9000,3516,199,3035958
VSWS,N,20260429,MAHEPC,EQ,Mahindra EPC Irrigat,117.2700,118.9000,114.9000,116.4500,69837,1691,8148717
VSWS,N,20260429,MAHESHWARI,EQ,Maheshwari Logistics,50.5100,51.8100,50.1500,50.6000,3701,43,187634
VSWS,N,20260429,MAHKTECH,EQ,Mirae Asset HS TECH,23.1000,23.8500,23.1000,23.8500,1181860,4516,28178824
VSWS,N,20260429,MAHLIFE,EQ,Mahindra Lifespace,345.9500,348.0000,338.1000,344.6000,530529,15645,182560261
VSWS,N,20260429,MAHLOG,EQ,Mahindra Logistics,416.2500,416.2500,406.2500,409.0500,238752,4492,97986003
VSWS,N,20260429,MAHSCOOTER,EQ,Maharashtra Scooters,12450.0000,12501.0000,12220.0000,12255.0000,2023,885,24986446
VSWS,N,20260429,MAHSEAMLES,EQ,Maharashtra Seamless,653.1000,655.3000,645.1500,649.7000,138628,8499,90199539
VSWS,N,20260429,MAITHANALL,EQ,Maithan Alloys,992.1000,1013.0000,987.9000,994.9500,39759,2012,39672885
VSWS,N,20260429,MAITREYA,SM,Maitreya Medicare,195.0000,195.0000,180.6000,180.6000,1600,4,297760
VSWS,N,20260429,MAJESAUT,EQ,Majestic Auto,317.9500,330.0000,317.9500,321.1000,854,93,276633
VSWS,N,20260429,MAKEINDIA,EQ,Mirae Asset Nifty (I,159.1600,160.0800,158.7000,158.9900,78893,425,12575604
VSWS,N,20260429,MAL,SM,Mangalam Alloys,37.4500,37.4500,37.4500,37.4500,1600,1,59920
VSWS,N,20260429,MALLCOM,EQ,Mallcom (India),1109.9000,1113.9500,1090.1500,1098.8500,1823,225,2010497
VSWS,N,20260429,MALUPAPER,EQ,Malu Paper Mills,32.8700,33.4900,32.6000,33.3900,9685,113,321484
VSWS,N,20260429,MAMATA,EQ,Mamata Machinery,407.9000,413.8500,405.0500,405.8500,67767,1878,27692660
VSWS,N,20260429,MANAKALUCO,EQ,Manaksia Aluminium C,39.4800,40.6000,38.1100,39.1500,229323,1566,9011109
VSWS,N,20260429,MANAKCOAT,EQ,Manaksia Coated Meta,117.9700,117.9700,111.0000,112.2400,157034,3003,17920624
VSWS,N,20260429,MANAKSIA,EQ,Manaksia,59.5000,61.2600,59.2700,59.6200,22211,450,1336328
VSWS,N,20260429,MANAKSTEEL,BE,Manaksia Steels,70.7000,70.7000,67.1100,68.3000,31401,221,2153509
VSWS,N,20260429,MANALIPETC,EQ,Manali Petrochemical,54.3000,55.5000,53.4700,53.7400,146336,1678,7942590
VSWS,N,20260429,MANAPPURAM,EQ,Manappuram Finance,293.5000,298.9000,293.1000,295.3500,2713763,21719,803671175
VSWS,N,20260429,MANAV,ST,Manav Infra Projects,39.9000,39.9000,39.9000,39.9000,4000,1,159600
VSWS,N,20260429,MANBA,EQ,Manba Finance,109.0000,111.0200,108.8500,109.4400,48012,663,5282365
VSWS,N,20260429,MANCREDIT,EQ,Mangal Credit & Fin,178.1900,178.1900,173.0000,173.8800,25158,242,4411121
VSWS,N,20260429,MANGALAM,BE,Mangalam Drugs & Org,28.9100,28.9100,28.9000,28.9100,3151,18,91093
VSWS,N,20260429,MANGLMCEM,EQ,Mangalam Cement,928.0000,938.9000,922.2000,929.0500,33753,1456,31377863
VSWS,N,20260429,MANILAM,SM,Manilam Industries I,58.5000,62.0000,58.1000,60.8500,50000,21,2962400
VSWS,N,20260429,MANINDS,EQ,Man Industries (I),533.8000,544.8500,513.7000,522.1000,393374,9597,206791080
VSWS,N,20260429,MANINFRA,EQ,Man Infraconstructio,116.9000,124.4800,116.0100,118.9000,7540163,27663,908415471
VSWS,N,20260429,MANKIND,EQ,Mankind Pharma,2270.0000,2301.4000,2244.6000,2256.8000,273192,18840,620123578
VSWS,N,20260429,MANOMAY,EQ,Manomay Tex India,245.0300,247.9900,236.7200,242.8900,74580,1572,17974563
VSWS,N,20260429,MANORAMA,EQ,Manorama Industries,1453.9000,1494.0000,1452.9000,1473.8000,107940,9706,159606281
VSWS,N,20260429,MANORG,EQ,Mangalam Organics,461.0000,462.4500,449.0500,459.0000,19743,618,9042616
VSWS,N,20260429,MANUFGBEES,EQ,Nippon India Nifty I,155.5200,157.8200,155.5200,156.6000,10143,90,1592874
VSWS,N,20260429,MANUGRAPH,EQ,Manugraph India,13.5700,14.7000,13.2300,14.1900,13096,80,186629
VSWS,N,20260429,MANYAVAR,EQ,Vedant Fashions,443.3500,444.8000,433.8000,438.6000,150349,8030,66025604
VSWS,N,20260429,MAPMYINDIA,EQ,C E Info Systems,929.4000,941.1000,924.2500,929.1500,76216,5688,71189757
VSWS,N,20260429,MARALOVER,EQ,Maral Overseas,46.7000,47.0000,45.1200,45.3000,4174,119,191674
VSWS,N,20260429,MARATHON,EQ,Marathon Nextgen Rea,477.9500,489.8000,471.5500,477.8500,119454,1691,57156338
VSWS,N,20260429,MARC,ST,Marc Technocrats,87.0000,87.0000,84.5000,85.2000,15600,9,1335540
VSWS,N,20260429,MARCO,SM,Marco Cables & Condu,39.7500,40.0000,39.7500,40.0000,3000,2,119625
VSWS,N,20260429,MARICO,EQ,Marico,781.8000,791.2000,775.9000,779.3000,861651,28400,674612722
VSWS,N,20260429,MARINE,EQ,Marine Electricals (,239.0000,239.0000,231.4000,232.6300,430257,7459,100988023
VSWS,N,20260429,MARINETRAN,SM,Marinetrans India,17.6500,17.6500,17.6500,17.6500,16000,4,282400
VSWS,N,20260429,MARKOLINES,EQ,Markolines Pavement,152.9500,155.0000,150.5000,150.8600,359262,2275,54882208
VSWS,N,20260429,MARKSANS,EQ,Marksans Pharma,185.7000,191.1000,185.0000,187.7600,837935,15251,157454544
VSWS,N,20260429,MARSONS,EQ,Marsons,158.4000,164.9000,157.6000,163.5300,1874550,8454,302351338
VSWS,N,20260429,MARUSHIKA,SM,Marushika Technology,93.9000,104.1000,93.9000,95.9000,20400,17,2037840
VSWS,N,20260429,MARUTI,EQ,Maruti Suzuki India,13090.0000,13548.0000,13090.0000,13257.0000,754798,110668,10119379735
VSWS,N,20260429,MASFIN,EQ,MAS Financial Servic,321.8500,328.7000,318.6500,325.9000,131107,3337,42515467
VSWS,N,20260429,MASKINVEST,EQ,Mask Investments,159.0000,164.9000,159.0000,159.7000,1325,50,214382
VSWS,N,20260429,MASON,SM,Mason Infratech,138.6500,141.5000,137.2500,137.2500,6500,13,903575
VSWS,N,20260429,MASPTOP50,EQ,Mirae Asset S&P 500,74.9700,77.0400,74.9700,77.0400,46566,267,3587366
VSWS,N,20260429,MASTEK,EQ,Mastek,1686.9000,1695.8000,1669.5000,1692.0000,46628,7225,78632393
VSWS,N,20260429,MASTER,SM,Master Components,330.0000,347.0000,330.0000,339.0000,3000,4,999000
VSWS,N,20260429,MASTERTR,EQ,Master Trust,75.5500,84.0900,75.5500,81.4300,1091729,7740,87837933
VSWS,N,20260429,MATRIMONY,EQ,Matrimony.com,432.9500,433.0500,422.2500,424.3500,4935,374,2104526
VSWS,N,20260429,MAWANASUG,EQ,Mawana Sugars,102.8500,107.0500,102.8500,103.8500,138206,1718,14505467
VSWS,N,20260429,MAXESTATES,EQ,Max Estates,401.0500,406.9500,395.6000,399.8000,33649,2359,13517230
VSWS,N,20260429,MAXHEALTH,EQ,Max Healthcare Insti,1009.9000,1029.1000,1003.0000,1006.6000,1870409,49129,1904853404
VSWS,N,20260429,MAXIND,EQ,Max India,160.0000,163.8200,155.1000,155.6500,24889,824,3961265
VSWS,N,20260429,MAXPOSURE,SM,Maxposure,40.0500,40.0500,40.0000,40.0000,3000,2,120050
VSWS,N,20260429,MAXVOLT,SM,Maxvolt Energy Indus,412.0000,412.0000,385.1500,394.6000,60000,74,23658000
VSWS,N,20260429,MAYASHEEL,SM,Mayasheel Ventures,62.2000,62.2000,55.9500,60.4000,171000,31,10152000
VSWS,N,20260429,MAYURUNIQ,EQ,Mayur Uniquoters,556.1500,573.0000,556.0000,557.5500,25474,1593,14294704
VSWS,N,20260429,MAZDA,EQ,Mazda,219.0000,219.0000,213.0000,214.9100,17445,407,3757264
VSWS,N,20260429,MAZDOCK,EQ,Mazagon Dock Shipbui,2712.0000,2810.0000,2710.3000,2769.7000,4924360,164919,13668153484
VSWS,N,20260429,MBAPL,EQ,Madhya Bharat Agro P,527.8000,532.6000,505.5000,524.3000,352851,5526,181959193
VSWS,N,20260429,MBEL,EQ,M & B Engineering,333.0000,341.9800,332.4300,334.7600,94801,4591,32011168
VSWS,N,20260429,MBLINFRA,BE,MBL Infrastructure,24.7200,25.9400,24.6000,25.4400,8207,59,208594
VSWS,N,20260429,MCCHRLS-B,EQ,Mac Charles,690.0000,690.0000,685.0000,685.0000,6,2,4115
VSWS,N,20260429,MCL,BE,Madhav Copper,59.2900,59.3000,59.2000,59.2400,13430,194,795935
VSWS,N,20260429,MCLEODRUSS,BE,Mcleod Russel India,56.0000,56.9000,55.3000,55.6500,389546,713,21813670
VSWS,N,20260429,MCLOUD,EQ,Magellanic Cloud,27.4400,27.4400,26.0500,26.1600,3845247,14374,102419958
VSWS,N,20260429,MCON,SM,Mcon Rasayan India,50.0500,50.9000,48.0500,50.9000,14000,9,701300
VSWS,N,20260429,MCX,EQ,Multi Commodity Exch,2911.9000,2980.9000,2862.0000,2968.3000,2698924,97749,7936298295
VSWS,N,20260429,MDL,SM,Marvel Decor,50.0000,50.0000,48.0000,48.0000,3000,3,146050
VSWS,N,20260429,MEDANTA,EQ,Global Health,1143.0000,1171.4500,1132.2500,1142.9500,117254,15632,134563756
VSWS,N,20260429,MEDIASSIST,EQ,Medi Assist Healthca,348.1000,348.5000,326.4500,330.8500,413765,11047,137893174
VSWS,N,20260429,MEDICAMEQ,EQ,Medicamen Biotech,248.2100,256.7500,248.2000,249.2800,16739,777,4229216
VSWS,N,20260429,MEDICO,EQ,Medico Remedies,41.0000,42.1000,40.1200,40.6000,239957,1685,9904389
VSWS,N,20260429,MEDIORG,SM,Medicamen Organics,29.2500,29.2500,29.2500,29.2500,2000,1,58500
VSWS,N,20260429,MEDISTEP,ST,Medistep Healthcare,21.9000,21.9000,21.9000,21.9000,6000,2,131400
VSWS,N,20260429,MEDPLUS,EQ,Medplus Health Servi,875.7000,894.0000,871.0500,880.6000,87364,4322,76865218
VSWS,N,20260429,MEESHO,EQ,Meesho,179.8000,181.9600,171.6000,172.6800,4337118,38490,762528665
VSWS,N,20260429,MEGASTAR,EQ,Megastar Foods,290.0000,305.5500,283.0000,297.4500,71976,1047,21292768
VSWS,N,20260429,MEGATHERM,SM,Megatherm Induction,281.1500,288.6000,281.1500,287.7500,4400,10,1258820
VSWS,N,20260429,MEIL,BE,Mangal Electrical In,299.8800,303.6400,295.0100,298.9500,25654,410,7668014
VSWS,N,20260429,MENNPIS,EQ,Menon Pistons,57.7500,59.2000,56.8500,57.1000,9367,188,542120
VSWS,N,20260429,MENONBE,EQ,Menon Bearings,122.4000,122.4000,121.0000,121.8900,15496,606,1883098
VSWS,N,20260429,MEP,BZ,MEP Infra Developers,0.9900,0.9900,0.9900,0.9900,14081,10,13940
VSWS,N,20260429,MERCANTILE,EQ,Mercantile Ventures,23.4500,23.9500,21.4500,22.6500,4828,86,109937
VSWS,N,20260429,METAL,EQ,Mirae Asset Nifty Me,13.3700,13.3700,12.8000,13.2400,7228379,7829,95452880
VSWS,N,20260429,METALIETF,EQ,ICICI Pru Nifty Meta,13.2700,13.2700,12.9400,13.1700,9962319,10597,130815311
VSWS,N,20260429,METROBRAND,EQ,Metro Brands,1046.0000,1065.0000,1034.0000,1039.8500,19612,2929,20464512
VSWS,N,20260429,METROGLOBL,EQ,Metroglobal,128.8000,128.8000,128.8000,128.8000,101,2,13009
VSWS,N,20260429,METROPOLIS,EQ,Metropolis Healthcar,480.8500,485.9500,475.0000,478.8000,81559,5817,39306761
VSWS,N,20260429,MFML,EQ,Mahalaxmi Fabric Mil,25.9500,25.9500,24.6000,24.9800,693,105,17446
VSWS,N,20260429,MFSL,EQ,Max Financial Servic,1624.7000,1634.1000,1601.3000,1610.4000,333323,31296,538580523
VSWS,N,20260429,MGEL,EQ,Mangalam Global Ente,14.2800,14.2800,13.8100,13.9200,196640,747,2765650
VSWS,N,20260429,MGL,EQ,Mahanagar Gas,1143.8000,1154.0000,1132.0000,1146.0000,150842,10735,172776727
VSWS,N,20260429,MGSL,SM,Matrix Geo Solutions,75.0000,79.0000,73.8000,74.6000,13200,11,991020
VSWS,N,20260429,MHHL,SM,Mohini Health & Hygi,39.1500,39.1500,39.0000,39.0000,7500,5,293025
VSWS,N,20260429,MHLXMIRU,EQ,Mahalaxmi Rubtech,190.0000,190.5100,184.8500,186.1500,2434,85,458845
VSWS,N,20260429,MHRIL,EQ,Mahindra Holidays &,247.9900,248.8600,243.6900,246.7700,147511,3311,36360299
VSWS,N,20260429,MICEL,EQ,MIC Electronics,41.0000,44.6100,40.8500,44.5100,5369146,9377,237591216
VSWS,N,20260429,MID150,EQ,Kotak Nif Mcap 150,23.0700,23.0700,22.3100,22.4500,70949,247,1606207
VSWS,N,20260429,MID150BEES,EQ,Nippon India ETF Nif,234.3000,235.1900,228.7700,229.0600,909097,5699,209319721
VSWS,N,20260429,MID150CASE,EQ,Zerodha Nifty Midcap,11.4000,11.4000,11.1000,11.1400,1814332,3580,20297470
VSWS,N,20260429,MIDCAP,EQ,Kotak Nfty Mcap 50 E,17.8500,17.8500,17.1400,17.4100,322830,696,5642776
VSWS,N,20260429,MIDCAPADD,EQ,Dsp Nifty Midcap 150,22.3500,22.4500,22.2800,22.2900,8284,54,185589
VSWS,N,20260429,MIDCAPBETA,EQ,UTI Nifty MIDCAP 150,225.0000,225.8000,223.5100,224.6400,6212,52,1398274
VSWS,N,20260429,MIDCAPETF,EQ,Mirae Asset Nifty MC,23.2100,23.2100,22.6100,22.6600,2772832,9599,63158391
VSWS,N,20260429,MIDCAPIETF,EQ,ICICI Pru Nifty Midc,22.9900,23.2100,22.9000,22.9500,749351,1868,17287819
VSWS,N,20260429,MIDHANI,EQ,Mishra Dhatu Nigam,398.0000,402.7000,392.3500,398.8000,1415248,30073,562558947
VSWS,N,20260429,MIDQ50ADD,EQ,DSP Nifty Midc150 Ql,241.6300,243.0100,240.7100,241.0100,3200,85,773927
VSWS,N,20260429,MIDSELIETF,EQ,ICICI Pru BSE MCap S,18.0500,18.2400,17.9400,17.9900,388540,755,7025046
VSWS,N,20260429,MIDSMALL,EQ,M A Nfty MidSCap400,50.1000,50.3000,49.8500,50.0200,640071,1766,32091541
VSWS,N,20260429,MIDWESTLTD,EQ,Midwest,1280.0000,1300.0000,1245.0000,1248.4000,29061,1787,36874448
VSWS,N,20260429,MINDACORP,EQ,Minda Corporation,520.9500,527.8000,514.0000,522.4500,379725,22322,197347485
VSWS,N,20260429,MINDTECK,EQ,Mindteck (India),209.0000,209.5000,204.0000,204.9200,33168,727,6859432
VSWS,N,20260429,MIRCELECTR,EQ,Mirc Electronics,33.9500,35.2000,33.6800,33.7900,1326631,4260,45443138
VSWS,N,20260429,MIRZAINT,EQ,Mirza International,33.5000,33.7900,33.2000,33.2900,101308,923,3390967
VSWS,N,20260429,MITCON,EQ,MITCON Consultancy &,79.0000,81.9700,78.1000,79.6300,2119,31,170452
VSWS,N,20260429,MITTAL,EQ,Mittal Life Style,0.9700,0.9800,0.9400,0.9500,912909,429,873490
VSWS,N,20260429,MKPL,EQ,M K Proteins,5.3100,5.4300,5.2800,5.3500,182581,553,978301
VSWS,N,20260429,MMFL,EQ,M M Forgings,496.5000,505.0000,490.0000,490.5500,72310,2165,35876835
VSWS,N,20260429,MMP,EQ,MMP Industries,254.7700,258.0000,249.0000,252.1500,12045,874,3061288
VSWS,N,20260429,MMTC,EQ,M M T C,66.2700,66.7500,65.1700,65.5200,1320178,7636,87091027
VSWS,N,20260429,MMWL,EQ,Media Matrix,10.1000,10.5000,10.1000,10.4000,5913,124,60968
VSWS,N,20260429,MNC,EQ,Kotak Nifty MNC ETF,32.8400,33.1900,32.8400,33.0200,78457,359,2593865
VSWS,N,20260429,MOALPHA50,EQ,MOswal Nifty Alpha 5,51.0800,51.6200,51.0700,51.2800,12788,40,656724
VSWS,N,20260429,MOBANK10,EQ,Motilal Oswal BSE To,16.5900,16.6600,16.4800,16.4800,23208,36,383854
VSWS,N,20260429,MOBIKWIK,EQ,One Mobikwik Systems,230.2800,233.7400,214.8600,217.6300,4026818,31049,898514201
VSWS,N,20260429,MOBILISE,ST,Mobilise App Lab,100.0000,102.0000,92.8000,92.8000,83200,49,7948160
VSWS,N,20260429,MOCAPITAL,EQ,Motilal Oswa Nifty C,53.0900,53.4900,52.8600,53.1700,926950,2945,49378356
VSWS,N,20260429,MODEFENCE,EQ,M Oswal Nifty I Defe,98.5700,99.7600,98.3000,98.8700,3190461,10417,316462091
VSWS,N,20260429,MODINATUR,EQ,Modi Naturals,379.0500,384.0000,368.9000,383.9500,16163,555,6180205
VSWS,N,20260429,MODIRUBBER,EQ,Modi Rubber,136.4000,136.9900,130.1600,131.9000,7731,592,1030705
VSWS,N,20260429,MODIS,EQ,Modis Navnirman,391.8000,393.9000,378.0000,381.6000,14473,1054,5589357
VSWS,N,20260429,MODISONLTD,EQ,Modison,172.9000,172.9000,166.4800,167.3700,153481,2021,25868902
VSWS,N,20260429,MODTHREAD,EQ,Modern Thread,46.8100,46.9000,46.4200,46.4500,158,21,7361
VSWS,N,20260429,MOENERGY,EQ,MOswal Nifty Energy,41.8700,41.8800,41.0100,41.1300,326406,1103,13482681
VSWS,N,20260429,MOGOLD,EQ,MOswal Gold ETF,147.4000,149.9000,145.3000,145.8500,26544,774,3881526
VSWS,N,20260429,MOGSEC,EQ,M Oswal Nifty 5 Yr B,62.1200,64.8500,62.1200,63.5900,23182,138,1477342
VSWS,N,20260429,MOHEALTH,EQ,M Oswal BSE Health,45.2900,45.4400,44.6600,45.0200,92231,489,4172466
VSWS,N,20260429,MOHITIND,EQ,Mohit Industries,24.6100,25.0800,23.5100,23.7500,7861,259,189838
VSWS,N,20260429,MOIL,EQ,MOIL,334.0000,337.0000,330.1500,333.5500,860602,18825,287188154
VSWS,N,20260429,MOINFRA,EQ,Motilal Oswal BSE In,65.0000,65.1700,64.3300,64.5400,6828,78,443065
VSWS,N,20260429,MOIPO,EQ,MOswal BSE Select IP,43.9700,44.2800,43.9700,44.0000,15285,21,672733
VSWS,N,20260429,MOKSH,EQ,Moksh Ornaments,13.3500,13.9000,12.9100,13.0600,128702,352,1711926
VSWS,N,20260429,MOL,EQ,Meghmani Organics,52.4000,53.1400,49.6900,49.9800,1081261,10001,54769547
VSWS,N,20260429,MOLDTECH,EQ,Mold Tek Techno,129.1500,131.9200,128.6100,129.0800,17579,528,2283997
VSWS,N,20260429,MOLDTKPAC,EQ,Mold-Tek Packaging,573.0000,579.4500,563.2000,565.1500,143578,4112,81571120
VSWS,N,20260429,MOLOWVOL,EQ,M Oswal BSE Low Vol,36.8800,37.1100,36.7300,37.0000,1056,34,39041
VSWS,N,20260429,MOM100,EQ,M Oswal Nifty Midcap,65.7900,65.7900,64.8200,64.9900,443717,2019,28994702
VSWS,N,20260429,MOM30IETF,EQ,ICICI Pru Nifty 200,31.7000,31.7000,30.8200,30.9600,562846,1565,17510503
VSWS,N,20260429,MOM50,EQ,Motilal Oswal Nfty,250.9400,252.9400,250.5200,251.3700,6015,128,1513581
VSWS,N,20260429,MOMENTUM,EQ,AB SL Nfty 200 Momen,30.6300,31.1700,30.6300,30.7500,152512,224,4710548
VSWS,N,20260429,MOMENTUM30,EQ,Kotak Nifty 200 Mome,30.6200,30.7200,30.3500,30.5200,355681,130,10860341
VSWS,N,20260429,MOMENTUM50,EQ,M Oswal Nifty 500 M,51.6200,52.1800,51.4900,51.6200,830388,1448,43150186
VSWS,N,20260429,MOMGF,EQ,M Oswal Nifty India,155.8900,159.5000,154.1500,155.7100,3318,30,520039
VSWS,N,20260429,MOMIDMTM,EQ,MOswal Nifty Midcap1,62.8300,63.3800,62.4100,62.6100,61211,273,3852050
VSWS,N,20260429,MOMNC,EQ,MOswal Nifty MNC ETF,31.8200,32.1500,31.8200,31.9900,757,17,24169
VSWS,N,20260429,MOMOMENTUM,EQ,MO Nifty 200 Momentu,62.0000,62.3100,61.0300,61.3100,47573,352,2941211
VSWS,N,20260429,MON100,EQ,Motilal Oswal NASDAQ,301.1100,301.1100,297.0200,301.1000,612187,13014,184254423
VSWS,N,20260429,MON50EQUAL,EQ,M Oswal Nfty 50 Equa,32.8400,33.0900,32.6700,32.8700,5555,29,183473
VSWS,N,20260429,MONARCH,EQ,Monarch Networth Cap,301.4000,305.4000,294.2000,296.4000,93967,1098,28230275
VSWS,N,20260429,MONEXT50,EQ,M Oswal Nfty Next 50,70.1100,70.8000,70.1100,70.3900,2035,26,143447
VSWS,N,20260429,MONEYBOXX,EQ,Moneyboxx Finance,72.3000,75.4000,71.5200,72.0000,13837,690,1003406
VSWS,N,20260429,MONIFTY100,EQ,MOswal Nifty 100 ETF,25.1300,25.3700,25.0900,25.1300,48248,42,1217445
VSWS,N,20260429,MONIFTY500,EQ,Motilal Oswal Nifty,23.2800,23.4800,23.2600,23.3100,390904,1474,9145110
VSWS,N,20260429,MONOLITH,SM,Monolithisch India,495.0000,511.0000,489.0000,491.5500,9000,33,4509675
VSWS,N,20260429,MONOPHARMA,SM,Mono Pharmacare,13.2500,13.2500,13.2500,13.2500,2000,1,26500
VSWS,N,20260429,MONQ50,EQ,Motilal Oswal NasQ50,125.1300,125.1300,124.0000,125.1300,110531,1492,13827455
VSWS,N,20260429,MONTECARLO,EQ,Monte Carlo Fashions,564.9000,572.0000,558.5500,561.8500,27578,980,15534962
VSWS,N,20260429,MOPSE,EQ,MOswal NIFTY PSE ETF,109.2300,110.1800,108.0000,108.7700,1957,28,213571
VSWS,N,20260429,MOQUALITY,EQ,Motilal Oswal BSE Qu,203.9900,205.7300,203.7700,204.6500,1015,30,207867
VSWS,N,20260429,MOREALTY,EQ,MO Nifty Realty ETF,80.0300,81.4900,79.2500,80.5600,1492010,2873,120892738
VSWS,N,20260429,MOREPENLAB,EQ,Morepen Laboratories,42.3900,42.6400,41.6200,41.7700,2086627,6546,87709822
VSWS,N,20260429,MOS,SM,Mos Utility,13.2000,13.2000,13.1500,13.1500,36000,8,475000
VSWS,N,20260429,MOSCHIP,EQ,Moschip Technologies,210.4000,211.4000,203.0000,203.8700,1701733,18381,351243922
VSWS,N,20260429,MOSERVICE,EQ,MOswal Nifty Service,30.4400,30.7700,30.4300,30.5600,3295,49,100814
VSWS,N,20260429,MOSILVER,EQ,MOswal Silver ETF,234.9600,234.9700,230.9100,231.2800,23970,837,5583914
VSWS,N,20260429,MOSMALL250,EQ,MO Nfty Scap 250 ETF,16.9700,16.9700,16.8200,16.8500,2304703,2381,38937445
VSWS,N,20260429,MOTHERSON,EQ,Samvardhana Motherso,125.9700,126.9800,122.9600,123.2400,14894309,64852,1857664009
VSWS,N,20260429,MOTILALOFS,EQ,Motilal Oswal Financ,786.6000,793.8000,777.1500,784.9500,1925107,38236,1511880015
VSWS,N,20260429,MOTISONS,EQ,Motisons Jewellers,13.9000,14.0600,13.6100,13.7300,2846126,2843,39436459
VSWS,N,20260429,MOTOGENFIN,EQ,Motor & General Fin,25.0300,25.0400,24.9500,24.9900,83,7,2077
VSWS,N,20260429,MOTOUR,EQ,MOswal Nifty India T,73.9200,75.0000,73.5400,73.7800,15799,135,1164494
VSWS,N,20260429,MOVALUE,EQ,M Oswal BSE Enhanced,116.6100,120.7900,116.6100,119.4500,77866,752,9329033
VSWS,N,20260429,MPHASIS,EQ,Mphasis,2284.0000,2338.0000,2232.0000,2250.7000,698342,38342,1582746940
VSWS,N,20260429,MPSLTD,EQ,MPS,1703.4000,1709.7000,1655.0000,1665.2000,9523,1425,16049258
VSWS,N,20260429,MPTODAY,SM,Madhya Pradesh Today,40.8000,40.8000,40.8000,40.8000,8000,3,326400
VSWS,N,20260429,MRF,EQ,M R F,131500.0000,134100.0000,130150.0000,130425.0000,10157,7911,1339291940
VSWS,N,20260429,MRIL,SM,Mahendra Realt & Inf,36.0000,36.0000,36.0000,36.0000,9600,6,345600
VSWS,N,20260429,MRPL,EQ,M R P L,175.4500,177.1500,172.4100,173.2800,7564837,40762,1321803588
VSWS,N,20260429,MSCIADD,EQ,DSP MSCI India ETF,29.0800,29.3900,29.0500,29.0500,203,6,5913
VSWS,N,20260429,MSCIINDIA,EQ,Kotak MSCI India ETF,29.6000,29.8000,29.4200,29.5600,8082,63,239240
VSWS,N,20260429,MSPL,EQ,MSP Steel & Power,35.8800,35.8800,35.5000,35.5600,457580,986,16309170
VSWS,N,20260429,MSTCLTD,EQ,MSTC,443.0000,450.9000,435.5500,436.5500,159402,4505,70245487
VSWS,N,20260429,MSUMI,EQ,Motherson Sumi Wirin,38.9500,40.1500,37.9100,39.5400,32698595,106604,1278882719
VSWS,N,20260429,MTARTECH,EQ,MTAR Technologies,5340.0000,5749.0000,5310.9000,5656.5000,823601,78574,4547762701
VSWS,N,20260429,MTEDUCARE,BE,MT Educare,1.5500,1.5600,1.4300,1.5500,51272,79,78978
VSWS,N,20260429,MTNL,EQ,M T N L,31.9700,32.1700,31.3000,31.4800,695360,3132,22101513
VSWS,N,20260429,MUFIN,EQ,Mufin Green Finance,116.5000,116.7100,114.5000,115.2000,1624801,4418,187802011
VSWS,N,20260429,MUFTI,EQ,Credo Brands Marketi,78.3100,79.3900,77.1500,77.6200,110434,1162,8652077
VSWS,N,20260429,MUKANDLTD,EQ,Mukand,139.9300,141.4500,136.3000,137.0800,228622,3563,31657073
VSWS,N,20260429,MUKKA,EQ,Mukka Proteins,24.4900,24.6500,24.0200,24.1500,218530,888,5310315
VSWS,N,20260429,MUKTAARTS,EQ,Mukta Arts,55.2000,60.9900,54.6000,59.1600,35873,534,2122981
VSWS,N,20260429,MULTICAP,EQ,Mirae A N500 Mcap 50,16.1800,16.2600,16.1100,16.1300,182492,438,2953018
VSWS,N,20260429,MUNISH,SM,Munish Forge,68.7000,68.7000,66.4000,66.4000,99600,23,6835500
VSWS,N,20260429,MUNJALAU,EQ,Munjal Auto Ind,81.6000,83.6800,80.7200,81.2000,198965,2044,16389274
VSWS,N,20260429,MUNJALSHOW,EQ,Munjal Showa,128.8300,131.1600,128.4000,129.0000,21091,483,2736394
VSWS,N,20260429,MURUDCERA,EQ,Murudeshwar Ceramics,33.1400,33.7100,33.0000,33.2100,19201,275,639576
VSWS,N,20260429,MUTHOOTCAP,EQ,Muthoot Capital Serv,200.9800,207.8800,200.1000,201.1000,23201,646,4725124
VSWS,N,20260429,MUTHOOTFIN,EQ,Muthoot Finance,3500.0000,3536.4000,3450.3000,3461.1000,382641,34832,1333571610
VSWS,N,20260429,MUTHOOTMF,EQ,Muthoot Microfin,188.6500,193.0000,188.4100,192.5900,371709,4922,71104971
VSWS,N,20260429,MVGJL,EQ,Manoj Vaibhav Gems N,180.5000,183.4000,175.5100,177.3300,82654,2143,14802059
VSWS,N,20260429,MVKAGRO,SM,M V K Agro Food Prod,528.0000,528.0000,505.0000,520.2000,3600,11,1868865
VSWS,N,20260429,MWL,EQ,Mangalam Worldwide,324.9500,331.9000,316.0000,320.8500,112692,2248,36542955
VSWS,N,20260429,MYMUDRA,SM,My Mudra Fincorp,83.0000,83.3000,80.6500,81.4500,10800,9,885900
VSWS,N,20260429,NACLIND,EQ,NACL Industries,157.2000,164.9000,157.2000,159.4100,165238,3296,26662033
VSWS,N,20260429,NAGAFERT,BZ,Nagarjuna Fertilizer,4.0900,4.0900,3.9100,3.9300,252752,481,1000771
VSWS,N,20260429,NAGREEKCAP,BE,Nagreeka Capital & I,33.9900,33.9900,32.0000,32.7200,9074,67,294794
VSWS,N,20260429,NAGREEKEXP,EQ,Nagreeka Exports,28.3700,28.5000,27.4200,27.5800,9820,38,277721
VSWS,N,20260429,NAHARCAP,EQ,Nahar Capital and Fi,251.0100,258.4200,250.0000,253.0700,6362,396,1614934
VSWS,N,20260429,NAHARINDUS,EQ,Nahar Industrial,110.7000,119.8000,110.0000,117.2300,142901,1613,16724856
VSWS,N,20260429,NAHARPOLY,EQ,Nahar Poly Films,253.0000,261.1100,253.0000,255.5400,8688,837,2233823
VSWS,N,20260429,NAHARSPING,BE,Nahar Spinning,245.9900,252.0000,235.0000,236.7000,19931,196,4888637
VSWS,N,20260429,NAM-INDIA,EQ,Nippon Life (I) Asse,1038.0000,1059.8500,1020.1000,1028.9000,1019935,35711,1057100258
VSWS,N,20260429,NAMAN,SM,Naman Industries Pro,59.0000,59.0000,57.0000,57.0000,2400,3,139920
VSWS,N,20260429,NAMOEWASTE,SM,Namo eWaste Manageme,205.0000,206.9500,200.5000,203.6000,69600,86,14186160
VSWS,N,20260429,NARMADA,EQ,Narmada Agrobase,33.2600,34.2300,33.2600,33.8000,332625,1302,11265258
VSWS,N,20260429,NATCAPSUQ,EQ,Natural Capsules,156.1100,158.0000,156.0000,156.2200,1518,37,237323
VSWS,N,20260429,NATCOPHARM,EQ,Natco Pharma,1100.0000,1114.2500,1080.0500,1093.6000,480911,20774,527944766
VSWS,N,20260429,NATHBIOGEN,EQ,Nath Bio-Genes (Indi,172.0100,181.3000,171.6200,180.7900,38678,899,6883154
VSWS,N,20260429,NATIONALUM,EQ,National Aluminium,440.0000,441.7500,430.0000,433.3000,7885901,66476,3433410011
VSWS,N,20260429,NATIONSTD,EQ,National Standard I,1400.1000,1429.8500,1380.0000,1395.7000,50,17,69686
VSWS,N,20260429,NAUKRI,EQ,Info Edge (India),1011.8000,1021.0500,986.3000,991.6500,2058896,36680,2068309954
VSWS,N,20260429,NAVA,EQ,Nava,674.5000,679.2000,663.3000,666.3500,258405,9091,172953847
VSWS,N,20260429,NAVINFLUOR,EQ,Navin Fluorine Int,6670.0000,6816.0000,6660.0000,6758.5000,314954,31363,2119918618
VSWS,N,20260429,NAVKARCORP,EQ,Navkar Corporation,101.1100,104.4000,98.7600,100.6900,1050431,11175,106517722
VSWS,N,20260429,NAVKARURB,EQ,Navkar Urbanstructur,0.8000,0.8100,0.7800,0.7900,447949,313,354626
VSWS,N,20260429,NAVNETEDUL,EQ,Navneet Education,145.1000,145.8900,141.5500,142.8200,109140,1046,15661972
VSWS,N,20260429,NAZARA,EQ,Nazara Technologies,270.9500,270.9500,263.5000,265.6700,1894710,19561,505739081
VSWS,N,20260429,NBCC,EQ,NBCC (India),94.9800,95.7200,93.0000,93.2000,7628032,32832,718257653
VSWS,N,20260429,NBIFIN,EQ,NBI Industrial Fin,2022.1000,2075.0000,2021.1000,2072.0000,141,38,289038
VSWS,N,20260429,NCC,EQ,NCC,165.1500,168.6400,163.5100,164.9000,4245653,24536,705369185
VSWS,N,20260429,NCLIND,EQ,NCL Industries,173.9000,181.0000,173.9000,177.3300,83984,1617,14879110
VSWS,N,20260429,NDGL,EQ,Naga Dhunseri Group,2790.0000,2790.0000,2601.0000,2677.2000,80,43,215916
VSWS,N,20260429,NDL,EQ,Nandan Denim,2.8800,2.9100,2.8500,2.8600,892904,1061,2570462
VSWS,N,20260429,NDLVENTURE,EQ,NDL Ventures,120.7200,124.2800,119.0500,120.7400,32755,434,3985839
VSWS,N,20260429,NDRAUTO,EQ,NDR Auto Components,786.8000,808.0000,749.9000,777.3500,46627,2627,36753256
VSWS,N,20260429,NDTV,EQ,New Delhi Television,83.0000,83.0000,80.8900,81.6300,239884,1632,19629677
VSWS,N,20260429,NECCLTD,EQ,North Eastern Carry,15.8500,16.0500,15.3800,15.9400,26860,214,426052
VSWS,N,20260429,NECLIFE,EQ,Nectar Lifesciences,12.5900,12.7300,12.4100,12.6100,196913,770,2477579
VSWS,N,20260429,NELCAST,EQ,Nelcast,136.2700,148.6200,134.4800,144.8700,707660,6730,101471625
VSWS,N,20260429,NELCO,EQ,Nelco,712.3500,738.5000,701.7500,713.9500,238621,10078,171877294
VSWS,N,20260429,NEOCHEM,SM,Neochem Bio Solution,73.7500,80.0000,73.0000,78.2000,54000,37,4095300
VSWS,N,20260429,NEOGEN,EQ,Neogen Chemicals,1663.0000,1699.0000,1643.1000,1655.9000,29663,3731,49474835
VSWS,N,20260429,NEPHROCARE,SM,Nephro Care India,87.5000,88.9000,86.1500,88.6000,21600,45,1906200
VSWS,N,20260429,NEPHROPLUS,EQ,Nephrocare Health Se,540.6000,546.8000,530.0000,531.8000,37942,2603,20371836
VSWS,N,20260429,NEPTUNE,ST,Neptune Petrochemica,210.0000,210.0000,200.0000,200.0000,9000,7,1831050
VSWS,N,20260429,NESCO,EQ,Nesco,1208.5000,1230.9000,1196.0000,1221.8000,82583,8406,100742237
VSWS,N,20260429,NESTLEIND,EQ,Nestle,1445.0000,1470.0000,1436.1000,1465.6000,2753356,90585,4015526849
VSWS,N,20260429,NETF,EQ,Tata Nifty 50 ETF,253.1300,263.2100,253.1300,260.6500,4469,124,1170610
VSWS,N,20260429,NETWEB,EQ,Netweb Technologies,4052.5000,4174.8000,3980.0000,4031.0000,1783438,113177,7288438289
VSWS,N,20260429,NETWORK18,EQ,Network 18 Media,35.4000,35.7500,34.6900,34.8100,1960309,7917,68880344
VSWS,N,20260429,NEULANDLAB,EQ,Neuland Laboratories,14640.0000,14803.0000,14503.0000,14656.0000,18668,6520,273674502
VSWS,N,20260429,NEWGEN,EQ,Newgen Software Tech,486.0000,494.0000,477.5000,480.1500,686271,20288,334140158
VSWS,N,20260429,NEWJAISA,ST,Newjaisa Technologie,25.1000,25.1000,25.1000,25.1000,6000,4,150600
VSWS,N,20260429,NEXT30ADD,EQ,DSP BSE Sensex Next,42.1300,42.4600,42.1300,42.2500,5419,61,229265
VSWS,N,20260429,NEXT50,EQ,Mirae Ass Nif Next50,730.0000,730.9600,724.5000,725.5500,13617,690,9913421
VSWS,N,20260429,NEXT50ADD,EQ,DSP Nifty Next 50 ET,70.7800,71.1500,70.6400,70.7000,773,31,54838
VSWS,N,20260429,NEXT50BETA,EQ,UTI Nifty Next 50 ET,76.1200,76.5600,75.7500,75.9900,91740,598,6989903
VSWS,N,20260429,NEXT50ETF,EQ,Kotak Nifty Next 50,71.3200,71.3800,70.9800,70.9900,12403,101,882907
VSWS,N,20260429,NEXT50IETF,EQ,ICICIPru Nifty N ETF,74.6500,74.9800,74.0900,74.2100,641422,4250,47853585
VSWS,N,20260429,NEXTMEDIA,EQ,Next Mediaworks,4.5200,4.5200,4.2100,4.2300,12058,108,51494
VSWS,N,20260429,NFL,EQ,National Fertiliser,77.5000,79.2500,77.0900,78.2500,1923154,8498,150490394
VSWS,N,20260429,NGIL,EQ,Nakoda Group of Indu,37.2100,39.0600,37.0600,37.9600,47264,299,1791759
VSWS,N,20260429,NGLFINE,EQ,NGL Fine Chem,2299.0000,2299.1000,2250.1000,2281.8000,3596,717,8199122
VSWS,N,20260429,NH,EQ,Narayana Hrudayalaya,1765.4000,1780.0000,1759.0000,1770.4000,166613,15989,295026829
VSWS,N,20260429,NHPC,EQ,NHPC,86.1000,86.8300,83.3600,84.0900,28377211,59683,2413356904
VSWS,N,20260429,NIACL,EQ,New India Assurance,163.0500,164.9000,161.0100,161.5800,641447,8322,104491725
VSWS,N,20260429,NIBE,EQ,Nibe,1111.0000,1161.0000,1080.0000,1085.2500,103308,4695,115372811
VSWS,N,20260429,NIBL,EQ,NRB Industrial Beari,32.1300,32.8900,30.6500,31.2500,17148,162,547738
VSWS,N,20260429,NIDAN,SM,Nidan Lab & Health,15.5500,15.5500,14.9500,14.9500,2000,2,30500
VSWS,N,20260429,NIF100BEES,EQ,Nippon India ETF Ni,264.3300,266.8900,264.1900,265.8100,41308,544,10988584
VSWS,N,20260429,NIF100IETF,EQ,ICICI Pru Nifty 100,28.0100,28.1000,27.7900,27.9200,68744,626,1922242
VSWS,N,20260429,NIFTY1,EQ,Kotak Nifty 50 ETF,271.5200,271.5200,263.0600,266.3500,49497,999,13216462
VSWS,N,20260429,NIFTY100EW,EQ,Kotak Nifty 100 Equa,34.2700,34.3900,34.0500,34.2800,56767,175,1947316
VSWS,N,20260429,NIFTYADD,EQ,DSP Nifty 50 ETF,251.4400,254.7500,251.4400,252.4600,15360,189,3885700
VSWS,N,20260429,NIFTYBEES,EQ,Nippon INft 50 BeES,274.0000,275.0000,271.6200,273.1300,7694349,35716,2107510890
VSWS,N,20260429,NIFTYBETA,EQ,UTI Nifty 50 ETF,265.6000,268.0000,264.5600,266.5400,39257,501,10473618
VSWS,N,20260429,NIFTYBETF,EQ,Bajaj Finserv Nifty,246.7900,248.3600,245.9100,247.0300,9683,70,2390774
VSWS,N,20260429,NIFTYCASE,EQ,Zerodha Nifty 50 ETF,9.5500,9.7000,9.5500,9.6400,1048187,1391,10122095
VSWS,N,20260429,NIFTYETF,EQ,Mirae Asset Nifty 50,259.6200,262.7400,259.6200,261.3900,197358,5364,51642796
VSWS,N,20260429,NIFTYIETF,EQ,ICICI Pru Nifty 50,272.4400,273.5900,269.9800,271.8100,457550,9170,124632215
VSWS,N,20260429,NIFTYQLITY,EQ,AB SL Nifty 200 Q 30,21.0400,21.2300,21.0300,21.0900,32365,173,684095
VSWS,N,20260429,NIITLTD,EQ,N I I T,71.6000,72.3900,70.5000,70.7300,302278,2856,21486096
VSWS,N,20260429,NIITMTS,EQ,NIIT Learning System,318.9000,328.2000,315.6000,326.3000,167893,8938,54688863
VSWS,N,20260429,NIKITA,SM,Nikita Greentech Rec,128.0000,129.7000,123.0000,126.9000,21600,18,2738580
VSWS,N,20260429,NILAINFRA,EQ,Nila Infrastructures,8.3800,8.5200,8.3300,8.3800,120492,625,1016367
VSWS,N,20260429,NILASPACES,EQ,Nila Spaces,13.2300,14.0900,13.2100,13.5900,1169964,2681,16075336
VSWS,N,20260429,NILE,EQ,Nile,1654.0500,1684.0000,1648.0000,1671.4000,1838,362,3068551
VSWS,N,20260429,NILKAMAL,EQ,Nilkamal,1337.9000,1357.2000,1314.0000,1322.7000,4359,468,5796502
VSWS,N,20260429,NIMBSPROJ,EQ,Nimbus Projects,188.8000,194.7000,171.4200,175.1800,225710,1542,39999772
VSWS,N,20260429,NINSYS,BE,NINtec Systems,511.0000,511.0000,493.0000,498.5500,1039,85,517331
VSWS,N,20260429,NIPPOBATRY,EQ,Indo National,323.4000,327.9500,315.0000,318.6500,11604,803,3727479
VSWS,N,20260429,NIRAJ,EQ,Niraj Cement Structu,29.1800,29.7900,29.0600,29.5300,30850,406,908240
VSWS,N,20260429,NIRAJISPAT,BE,Niraj Ispat Industri,244.4200,244.4200,235.0000,235.0000,183,14,44172
VSWS,N,20260429,NIRLON,EQ,Nirlon,565.0000,565.0000,557.8100,560.0000,26181,228,14662440
VSWS,N,20260429,NIRMAN,ST,Nirman Agri Gentics,55.1500,57.0000,53.5000,54.5000,41100,77,2283165
VSWS,N,20260429,NITCO,EQ,Nitco,85.8000,92.2000,85.8000,88.5100,918838,5380,82640690
VSWS,N,20260429,NITINSPIN,EQ,Nitin Spinners,457.0000,475.0000,456.7500,461.4500,334103,7270,155292513
VSWS,N,20260429,NITIRAJ,EQ,Nitiraj Engineers,202.7600,218.0000,202.5200,216.7600,9756,204,2093222
VSWS,N,20260429,NITTAGELA,EQ,Nitta Gelatin India,999.0000,999.0000,955.0000,965.3000,2945,480,2868873
VSWS,N,20260429,NIVABUPA,EQ,Niva Bupa Health Ins,78.0000,81.2300,77.7700,78.7500,1448908,13037,114947920
VSWS,N,20260429,NKIND,EQ,NK Industries,72.4000,72.4000,66.0000,66.9100,558,45,37391
VSWS,N,20260429,NLCINDIA,EQ,NLC India,321.0000,328.7000,311.4500,318.2000,6513443,60333,2083928302
VSWS,N,20260429,NMDC,EQ,N M D C,91.5000,92.7700,89.9300,91.7300,27064617,83256,2477943823
VSWS,N,20260429,NMSTEEL,SM,Newmalayalam Steel,23.2500,23.2500,23.2500,23.2500,1600,1,37200
VSWS,N,20260429,NOCIL,EQ,NOCIL,185.6000,185.6000,180.3900,181.1100,333312,3717,60871519
VSWS,N,20260429,NOIDATOLL,EQ,Noida Toll Bridge Co,3.6300,3.8100,3.6300,3.7100,124606,340,463939
VSWS,N,20260429,NORBTEAEXP,EQ,Norben Tea & Exports,61.3000,62.8500,58.6000,60.0800,12479,300,757196
VSWS,N,20260429,NORTHARC,EQ,Northern Arc Capital,261.5000,262.7700,256.5000,257.8100,305759,3941,79525878
VSWS,N,20260429,NOVAAGRI,EQ,Nova Agritech,29.0000,30.4000,28.5100,29.0500,144784,909,4250532
VSWS,N,20260429,NOVARTIND,EQ,Novartis India,1052.0000,1056.5000,1025.2000,1033.0500,6959,878,7201683
VSWS,N,20260429,NPBET,EQ,Tata Nifty Pvt Bank,273.1000,277.5100,273.0500,274.9900,723,20,199052
VSWS,N,20260429,NPST,EQ,Network People Serv,1229.9500,1251.9500,1200.0000,1207.2500,10137,756,12492690
VSWS,N,20260429,NRAIL,EQ,NR Agarwal Ind,502.7500,502.7500,486.0000,489.2000,2111,271,1039493
VSWS,N,20260429,NRBBEARING,EQ,NRB Bearings,285.5000,289.3600,282.3500,285.3600,56347,1639,16079061
VSWS,N,20260429,NRL,EQ,Nupur Recyclers,55.9900,55.9900,54.8900,55.7400,22505,527,1252362
VSWS,N,20260429,NRVANDANA,SM,N R Vandana Tex Indu,52.5000,54.9000,52.2000,53.8000,51000,10,2722650
VSWS,N,20260429,NSIL,EQ,Nalwa Sons Invest,5763.0000,5837.8000,5754.1000,5788.4000,1805,623,10462752
VSWS,N,20260429,NSLNISP,EQ,NMDC Steel,41.8000,42.8900,41.2300,42.5000,7855576,23245,332509201
VSWS,N,20260429,NTPC,EQ,N T P C,409.5000,410.0000,399.6500,401.3000,11920835,114016,4823731672
VSWS,N,20260429,NTPCGREEN,EQ,NTPC Green Energy,116.5000,117.1000,110.2000,110.5300,12099515,68924,1362433045
VSWS,N,20260429,NUCLEUS,EQ,Nucleus Software Exp,793.1000,802.2000,789.8500,792.4000,6963,734,5537696
VSWS,N,20260429,NURECA,EQ,Nureca,271.9500,271.9500,262.0500,266.2600,14787,844,3935087
VSWS,N,20260429,NUVAMA,EQ,Nuvama Wealth Manage,1386.0000,1392.0000,1341.4000,1346.0000,315419,15730,427069834
VSWS,N,20260429,NUVOCO,EQ,Nuvoco Vistas Corpor,292.7000,294.0500,286.0000,286.8000,439062,12385,127128657
VSWS,N,20260429,NV20,EQ,Kotak Nifty 50 Value,14.4400,14.6500,14.3900,14.5200,73464,228,1064786
VSWS,N,20260429,NV20BEES,EQ,Nippon INft 50 V20,144.1900,150.0000,144.1000,145.8900,15510,200,2253479
VSWS,N,20260429,NV20IETF,EQ,ICICI Pru Nifty50 Va,14.0600,14.6000,14.0400,14.1600,523650,1620,7411891
VSWS,N,20260429,NYKAA,EQ,FSN E-Commerce Ventu,271.6900,271.6900,266.6900,267.8500,2783335,51416,746458602
VSWS,N,20260429,OAL,EQ,Oriental Aromatics,315.0000,315.0000,303.5400,306.8600,11052,885,3417799
VSWS,N,20260429,OBCL,EQ,OBCL,55.2300,55.9900,55.1000,55.4400,3162,52,174622
VSWS,N,20260429,OBEROIRLTY,EQ,Oberoi Realty,1714.5000,1730.3000,1693.8000,1700.3000,371647,23211,637496188
VSWS,N,20260429,OBSCP,SM,OBSC Perfection,382.0000,390.9500,359.0000,363.2000,62000,136,22983140
VSWS,N,20260429,OCCLLTD,EQ,OCCL,101.0000,101.8200,99.3100,99.8300,19463,442,1958411
VSWS,N,20260429,ODIGMA,BE,Odigma Consultancy S,27.6000,27.8900,27.1000,27.2400,7795,259,213700
VSWS,N,20260429,OFSS,EQ,Oracle Fin & Serv So,9585.5000,9810.0000,9575.0000,9688.0000,473232,57427,4587522655
VSWS,N,20260429,OIL,EQ,Oil India,500.0000,504.3000,491.3000,492.8500,4351303,53372,2166758726
VSWS,N,20260429,OILCOUNTUB,EQ,Oil Country Tubular,59.5000,64.9700,59.5000,63.5400,377377,2954,24061118
VSWS,N,20260429,OILIETF,EQ,ICICI Pru Nifty Oil,12.1300,12.1300,11.8600,11.9400,7812770,4161,93339555
VSWS,N,20260429,OLAELEC,EQ,Ola Electric Mobilit,36.2400,37.1800,35.9000,36.2100,59769528,90778,2172725281
VSWS,N,20260429,OLECTRA,EQ,Olectra Greentech,1300.0000,1307.0000,1251.0000,1256.8500,819251,36558,1049547518
VSWS,N,20260429,OLIL,SM,Oneclick Logistics I,320.9500,382.5000,318.0500,376.8500,46400,75,16743820
VSWS,N,20260429,OMAXAUTO,EQ,Omax Autos,125.8700,138.4000,125.7300,131.9600,520748,6880,69301048
VSWS,N,20260429,OMAXE,EQ,Omaxe,81.9900,84.6500,79.6500,83.2000,133648,1808,11065160
VSWS,N,20260429,OMFREIGHT,EQ,Om Freight Forwarder,80.0000,84.9500,79.9500,84.7500,85653,1186,7155823
VSWS,N,20260429,OMFURN,ST,Omfurn India,60.4000,62.0000,60.4000,61.0000,7200,5,440940
VSWS,N,20260429,OMINFRAL,EQ,Om Infra,92.7300,94.0000,92.1100,93.2500,94467,1063,8790331
VSWS,N,20260429,OMNI,EQ,Omnitech Engineering,404.0000,415.1500,364.2600,383.7100,797145,17169,311619613
VSWS,N,20260429,OMPOWER,BE,Om Power Transmissio,199.4800,201.0000,196.0500,197.7000,112409,1007,22245214
VSWS,N,20260429,ONDOOR,ST,On Door Concepts,153.7500,154.0000,153.7500,153.8500,3600,10,554010
VSWS,N,20260429,ONELIFECAP,EQ,Onelife Capital Advi,18.0100,18.7700,18.0100,18.0500,149950,238,2717508
VSWS,N,20260429,ONEPOINT,EQ,One Point One Soluti,53.2600,53.5400,51.6200,52.8100,827616,2527,43438091
VSWS,N,20260429,ONESOURCE,EQ,Onesource Spec Pharm,1840.0000,1840.0000,1751.0000,1762.5000,751101,44185,1350315532
VSWS,N,20260429,ONGC,EQ,Oil & Natural Gas,303.9000,307.5000,299.7500,301.4000,27267649,133071,8289038210
VSWS,N,20260429,ONMOBILE,EQ,OnMobile Global,55.6000,57.0000,54.7000,56.3400,224983,2025,12552543
VSWS,N,20260429,ONWARDTEC,EQ,Onward Technologies,232.6600,242.0000,232.6600,237.7000,12978,705,3100559
VSWS,N,20260429,ONYX,SM,Onyx Biotec,32.7000,32.7000,32.7000,32.7000,2000,1,65400
VSWS,N,20260429,OPTIEMUS,EQ,Optiemus Infracom,422.0000,431.0000,417.6500,421.3500,116003,3475,48885565
VSWS,N,20260429,OPTIVALUE,SM,Optivalue Tek Consul,79.5000,79.5000,77.9000,78.8000,9600,6,756880
VSWS,N,20260429,ORBTEXP,EQ,Orbit Exports,167.3800,167.3800,163.2600,164.1900,1623,83,267809
VSWS,N,20260429,ORCHASP,EQ,Orchasp,2.0900,2.0900,2.0200,2.0300,364528,190,748382
VSWS,N,20260429,ORCHPHARMA,EQ,Orchid Pharma,588.2500,624.8000,587.5500,612.8500,152931,16090,93524417
VSWS,N,20260429,ORIANA,SM,Oriana Power,2150.0000,2184.9500,2105.0000,2114.6000,42900,481,91436423
VSWS,N,20260429,ORICONENT,EQ,Oricon Enterprises,65.1100,65.3700,64.0000,64.7100,138683,739,8944337
VSWS,N,20260429,ORIENTALTL,EQ,Oriental Trimex,7.1500,7.1500,6.9500,6.9900,91728,251,643638
VSWS,N,20260429,ORIENTBELL,EQ,Orient Bell,328.7000,331.7000,311.1500,314.8500,27229,1022,8675977
VSWS,N,20260429,ORIENTCEM,EQ,Orient Cement,150.7900,152.6500,146.6100,147.7800,537344,6391,79796797
VSWS,N,20260429,ORIENTCER,EQ,Orient Ceratech,41.6900,41.6900,40.1000,40.3600,23880,600,975122
VSWS,N,20260429,ORIENTELEC,EQ,Orient Electric,188.5000,190.7300,185.0000,186.1500,259484,5460,48433993
VSWS,N,20260429,ORIENTHOT,EQ,Oriental Hotels,100.0000,102.0800,99.4000,100.1000,132110,1384,13266342
VSWS,N,20260429,ORIENTLTD,EQ,Orient Press,67.4000,67.4000,63.0000,63.1200,1946,48,124669
VSWS,N,20260429,ORIENTPPR,EQ,Orient Paper & Inds,18.6100,18.9500,18.5400,18.5900,220954,872,4133666
VSWS,N,20260429,ORIENTTECH,EQ,Orient Technologies,283.5500,285.3200,274.3100,275.1200,120435,3123,33633715
VSWS,N,20260429,ORISSAMINE,EQ,Orissa Minerals Deve,4275.0000,4449.0000,4183.0000,4341.5000,62695,11475,271605786
VSWS,N,20260429,ORKLAINDIA,EQ,Orkla India,652.0000,652.0000,640.6500,646.1500,23573,1971,15264032
VSWS,N,20260429,ORTEL,BZ,Ortel Communications,1.9300,1.9300,1.8000,1.8000,6565,20,11993
VSWS,N,20260429,ORTINGLOBE,BE,Ortin Global,15.7000,15.9400,15.6000,15.8400,3628,10,57440
VSWS,N,20260429,OSELDEVICE,SM,Osel Devices,565.0000,614.2000,565.0000,587.3500,30000,139,17801060
VSWS,N,20260429,OSIAHYPER,EQ,Osia Hyper Retail,7.2100,7.2100,6.5300,6.5300,6252068,2506,43163030
VSWS,N,20260429,OSWALAGRO,BE,Oswal Agro Mills,49.3700,49.7500,48.2500,49.1200,15329,156,752056
VSWS,N,20260429,OSWALGREEN,EQ,Oswal Green Tech,28.7900,29.0000,27.5700,28.0100,266644,1997,7520290
VSWS,N,20260429,OSWALPUMPS,EQ,Oswal Pumps,417.8000,422.8500,406.7000,408.1000,405525,7008,167719357
VSWS,N,20260429,OSWALSEEDS,EQ,ShreeOswal Seeds & C,13.0000,13.0000,12.3700,12.4100,46366,248,582767
VSWS,N,20260429,OWAIS,SM,Owais Met & Min Proc,180.6500,180.6500,180.6500,180.6500,22800,54,4118820
VSWS,N,20260429,PACEDIGITK,EQ,Pace Digitek,182.0100,183.0000,175.1000,175.7900,813436,9039,145262170
VSWS,N,20260429,PAGEIND,EQ,Page Industries,37725.0000,37725.0000,36700.0000,36845.0000,17895,8924,663877560
VSWS,N,20260429,PAISALO,EQ,Paisalo Digital,47.5000,48.1500,46.9500,47.6300,13427361,16464,638274099
VSWS,N,20260429,PAKKA,EQ,PAKKA,97.0100,97.7400,95.3000,96.2500,63295,1083,6083429
VSWS,N,20260429,PALASHSECU,EQ,Palash Securities,98.0100,98.4000,96.4000,96.8800,11149,117,1083655
VSWS,N,20260429,PALREDTEC,EQ,Palred Technologies,37.1900,39.2500,37.0000,39.2300,1806,41,69908
VSWS,N,20260429,PANACEABIO,EQ,Panacea Biotec,378.0000,384.0000,368.0000,370.7500,98202,4034,36754361
VSWS,N,20260429,PANACHE,BE,Panache Digilife,339.1000,348.4000,320.0000,347.9000,21296,152,7387922
VSWS,N,20260429,PANAMAPET,EQ,Panama Petrochem,272.8200,282.0000,272.8200,279.1800,35935,1118,9979108
VSWS,N,20260429,PANSARI,EQ,Pansari Developers,298.9500,318.6500,290.0000,314.8500,45261,239,13371422
VSWS,N,20260429,PAR,EQ,Par Drugs & Chemical,92.9900,93.0000,90.5500,91.4300,7498,70,685563
VSWS,N,20260429,PARACABLES,EQ,Paramount Commu,39.3400,41.2100,39.0000,39.3800,1359182,4555,54149527
VSWS,N,20260429,PARADEEP,EQ,Paradeep Phosphates,135.4000,135.4000,130.7000,131.0900,4965740,36231,657222420
VSWS,N,20260429,PARAGMILK,EQ,Parag Milk Foods,229.7000,233.6300,225.0000,226.2700,445259,6330,102179387
VSWS,N,20260429,PARAGON,SM,Paragon Fine & Speci,40.0000,40.0000,38.0000,39.1000,22800,17,883080
VSWS,N,20260429,PARAMATRIX,SM,Paramatrix Technolog,67.9000,74.0000,63.0000,70.5000,19200,16,1324020
VSWS,N,20260429,PARAMOUNT,SM,Paramount Dye Tec,40.0000,40.0000,40.0000,40.0000,1200,1,48000
VSWS,N,20260429,PARAS,EQ,Paras Defence & Spac,812.0000,835.5500,801.0000,811.3000,1423791,43302,1162602672
VSWS,N,20260429,PARASPETRO,BE,Paras Petrofils,2.1600,2.2000,2.1600,2.2000,27754,64,60558
VSWS,N,20260429,PARIN,SM,Parin Enterprises,620.0000,637.0000,620.0000,630.0000,17000,20,10626988
VSWS,N,20260429,PARKHOSPS,EQ,Park Medi World,236.0000,238.8000,234.2100,235.1300,481318,5020,113409060
VSWS,N,20260429,PARKHOTELS,EQ,Apeejay Surrendra Pk,125.6000,127.0000,122.5000,123.5900,126085,1868,15733295
VSWS,N,20260429,PARSVNATH,BE,Parsvnath Developers,8.1500,8.2000,8.0000,8.1100,183519,239,1491236
VSWS,N,20260429,PARTH,ST,Parth Elect & Engine,326.0000,328.2500,319.0000,328.2000,7600,19,2462440
VSWS,N,20260429,PARTYCRUS,SM,Party Cruisers,90.0000,92.0000,90.0000,92.0000,8000,8,726000
VSWS,N,20260429,PASHUPATI,EQ,Pashupati Cotspin,89.8500,89.8500,87.8000,88.1000,27505,676,2437107
VSWS,N,20260429,PASUPTAC,EQ,Pasupati Acrylon,51.0000,51.2500,48.2600,49.8700,70873,1178,3561335
VSWS,N,20260429,PATANJALI,EQ,Patanjali Foods,465.0000,469.4000,462.1000,466.3000,1582925,27554,736561909
VSWS,N,20260429,PATELENG,EQ,Patel Engineering,29.4900,29.6000,28.6000,28.7000,6794915,15814,197582524
VSWS,N,20260429,PATELRMART,EQ,Patel Retail,215.0000,215.9300,208.0100,210.3100,127158,1300,26838967
VSWS,N,20260429,PATILAUTOM,SM,Patil Automation,163.0000,174.0000,163.0000,172.7000,63000,68,10626570
VSWS,N,20260429,PATINTLOG,EQ,Patel Integrated Log,11.7800,11.7800,11.3300,11.5300,61598,248,712234
VSWS,N,20260429,PAUSHAKLTD,EQ,Paushak,469.9500,475.9000,457.7000,465.2500,6824,528,3207735
VSWS,N,20260429,PAVNAIND,BE,Pavna Industries,20.7000,20.7000,19.7400,20.0900,41836,202,843781
VSWS,N,20260429,PAYTM,EQ,One 97 Communication,1130.5000,1144.8000,1099.0000,1104.2000,2476900,60213,2773676338
VSWS,N,20260429,PCBL,EQ,PCBL Chemical,297.0100,302.7400,295.4400,298.7300,1477974,25546,442152546
VSWS,N,20260429,PCCL,SM,Petro Carbon & Chemi,278.0000,290.0000,275.0000,286.5000,14800,30,4204640
VSWS,N,20260429,PCJEWELLER,EQ,PC Jeweller,9.6000,9.8000,9.4500,9.5000,41526615,24276,398019644
VSWS,N,20260429,PDMJEPAPER,EQ,Pudumjee Paper Produ,86.9000,87.2500,84.1600,84.8800,68664,1562,5878988
VSWS,N,20260429,PDSL,EQ,PDS,283.4000,284.8000,276.6000,277.4500,60042,1747,16842951
VSWS,N,20260429,PEARLPOLY,BE,Pearl Polymers,20.7400,21.1400,20.4500,20.7800,7081,53,147555
VSWS,N,20260429,PELATRO,SM,Pelatro,291.0000,295.0000,291.0000,295.0000,900,3,264300
VSWS,N,20260429,PENIND,EQ,Pennar Industries,170.0000,172.5900,168.1300,168.8100,220539,5174,37620906
VSWS,N,20260429,PENINLAND,BE,Peninsula Land,18.0500,18.0500,17.3000,17.4600,523884,562,9243382
VSWS,N,20260429,PENTAGON,SM,Pentagon Rubber,66.4500,66.4500,66.4500,66.4500,2000,2,132900
VSWS,N,20260429,PERFECT,SZ,Perfect Infraenginee,1.9000,1.9000,1.9000,1.9000,9000,3,17100
VSWS,N,20260429,PERSISTENT,EQ,Persistent Systems,4825.0000,4909.4000,4790.0000,4805.8000,628484,44616,3037081884
VSWS,N,20260429,PETRONET,EQ,Petronet LNG,280.6900,282.5000,278.4500,280.1200,2957724,26256,829622587
VSWS,N,20260429,PFC,EQ,Power Finance Corpor,477.0000,477.9000,461.9000,464.7500,10926068,147834,5096859275
VSWS,N,20260429,PFIZER,EQ,Pfizer,4825.0000,4825.0000,4752.0000,4763.0000,7599,1992,36313711
VSWS,N,20260429,PFOCUS,EQ,Prime Focus,311.7000,320.7500,299.5000,314.3000,1384336,25266,426362279
VSWS,N,20260429,PFS,EQ,PTC India Financial,32.3000,32.6800,31.6500,31.9000,1079367,3522,34616162
VSWS,N,20260429,PGEL,EQ,PG Electroplast,565.5000,567.9000,546.8000,550.7500,1917272,32093,1065138527
VSWS,N,20260429,PGHH,EQ,Procter & Gamble,10288.0000,10401.0000,10170.5000,10370.5000,8443,2994,87016784
VSWS,N,20260429,PGHL,EQ,Procter & Gamble Hea,5116.0000,5170.7000,5110.1000,5135.0000,7130,3610,36684601
VSWS,N,20260429,PGIL,EQ,Pearl Global Industr,1564.0000,1573.0000,1525.0000,1533.0000,19553,3392,30246755
VSWS,N,20260429,PHANTOMFX,SM,Phantom Digital Effe,204.0500,205.0000,191.0000,193.5000,35700,108,6993210
VSWS,N,20260429,PHARMABEES,EQ,Nippon Ind NftPh ETF,23.9500,23.9800,23.5000,23.8600,3755529,8672,89666172
VSWS,N,20260429,PHOENIXLTD,EQ,Phoenix Mills,1783.7000,1842.6000,1763.8000,1790.3000,680047,40779,1229719754
VSWS,N,20260429,PICCADIL,EQ,Piccadily Agro Ind,657.1000,697.0000,604.1000,611.2000,1248966,48221,798082315
VSWS,N,20260429,PIDILITIND,EQ,Pidilite Industries,1392.6000,1404.8000,1386.4000,1389.0000,364945,21032,508763270
VSWS,N,20260429,PIGL,EQ,Power & Instrumentat,112.3000,115.3800,112.0000,112.9600,25327,744,2870208
VSWS,N,20260429,PIIND,EQ,PI Industries,3135.8000,3180.0000,3083.1000,3091.1000,289695,21585,904909238
VSWS,N,20260429,PILANIINVS,EQ,Pilani Invest & Ind,4810.0000,4838.4000,4752.0000,4771.8000,2903,794,13891857
VSWS,N,20260429,PILITA,EQ,PIL Italica Lifestyl,8.2500,8.2700,8.0300,8.1800,77078,257,630659
VSWS,N,20260429,PINELABS,EQ,Pine Labs,207.7900,207.7900,195.0100,197.0300,1672510,24747,333932892
VSWS,N,20260429,PIONEEREMB,EQ,Pioneer Embroideries,26.0100,29.6900,26.0100,28.5200,315317,2093,8906154
VSWS,N,20260429,PIONRINV,EQ,Pioneer Invest Corp,103.0000,108.7000,100.5000,107.9000,1026,39,108347
VSWS,N,20260429,PIRAMALFIN,EQ,Piramal Finance,2020.0000,2055.0000,1983.5000,2013.2000,1374793,85556,2777684357
VSWS,N,20260429,PITTIENG,EQ,Pitti Engineering,1009.0000,1009.0000,963.5000,973.5500,70817,5337,69487127
VSWS,N,20260429,PIXTRANS,EQ,Pix Transmissions,1503.2000,1608.1000,1503.2000,1558.3000,68613,4857,107720761
VSWS,N,20260429,PKTEA,EQ,Peria Karamalai Tea,790.9500,809.0000,777.0500,809.0000,8,6,6381
VSWS,N,20260429,PLASTIBLEN,EQ,Plastiblends India,182.0000,184.8000,170.4000,171.9800,159744,2713,28095997
VSWS,N,20260429,PLATIND,EQ,Platinum Industries,240.5400,246.0000,237.0100,237.4900,81592,1699,19566453
VSWS,N,20260429,PLAZACABLE,EQ,Plaza Wires,42.0000,42.0000,40.7100,41.0100,59301,2548,2442039
VSWS,N,20260429,PML,EQ,Paul Merchants,586.1500,599.0500,570.3500,572.7500,142,27,83306
VSWS,N,20260429,PNB,EQ,Punjab National Bank,111.6200,112.6200,110.8700,111.1800,13295763,49244,1485748968
VSWS,N,20260429,PNBGILTS,EQ,PNB Gilts,71.8500,72.5100,70.9000,71.0800,184149,1319,13204878
VSWS,N,20260429,PNBHOUSING,EQ,PNB Housing Finance,1044.9000,1068.5000,1034.3500,1053.0500,1610944,52403,1701585792
VSWS,N,20260429,PNC,BE,Pritish Nandy Commun,20.4300,21.8600,20.4300,20.6200,5481,54,117277
VSWS,N,20260429,PNCINFRA,EQ,PNC Infratech,220.6000,222.5000,216.0000,216.1900,477653,11714,103983591
VSWS,N,20260429,PNGJL,EQ,P N Gadgil Jewellers,672.0000,676.0000,666.0000,668.6500,97161,4654,65142881
VSWS,N,20260429,PNGSREVA,EQ,PNGS Reva Diamond Je,442.0000,476.7500,409.7500,417.0500,955961,29589,426476716
VSWS,N,20260429,POCL,EQ,Pondy Oxides & Chem,1247.0000,1325.9000,1234.6000,1318.0000,681031,23818,883257494
VSWS,N,20260429,PODDARMENT,EQ,Poddar Pigments,263.0000,270.4300,251.0000,253.1100,4372,227,1129803
VSWS,N,20260429,POKARNA,EQ,Pokarna,909.0000,919.8000,874.5500,881.3000,102799,3187,91828394
VSWS,N,20260429,POLICYBZR,EQ,PB Fintech,1670.0000,1713.0000,1667.1000,1684.3000,875557,36780,1484722050
VSWS,N,20260429,POLYCAB,EQ,Polycab India,8300.0000,8338.5000,8119.0000,8148.5000,263510,28476,2164240983
VSWS,N,20260429,POLYMED,EQ,Poly Medicure,1515.0000,1537.6000,1503.0000,1517.9000,83379,8744,126807286
VSWS,N,20260429,POLYPLEX,EQ,Polyplex Corp,949.9000,978.0000,930.0500,954.8500,196995,7315,188848590
VSWS,N,20260429,POLYSIL,ST,Polysil Irrigation S,163.5000,163.5000,157.3000,157.3000,24500,27,3857150
VSWS,N,20260429,PONNIERODE,EQ,Ponni Sugars (Erode),309.9500,309.9500,300.0000,301.9000,11450,628,3469953
VSWS,N,20260429,POONAWALLA,EQ,Poonawalla Fincorp,417.1500,424.0000,408.7000,421.2500,2935359,51537,1221739406
VSWS,N,20260429,POSITRON,ST,Positron Energy,209.1000,213.0000,198.0500,203.4500,10200,34,2077410
VSWS,N,20260429,POWERGRID,EQ,Power Grid Corp of I,320.1000,323.8000,318.2500,320.3500,10372929,119390,3333346616
VSWS,N,20260429,POWERICA,EQ,Powerica,492.7500,498.0000,478.0000,492.6000,565192,17595,277906711
VSWS,N,20260429,POWERINDIA,EQ,Hitachi Energy India,32900.0000,33285.0000,32535.0000,32885.0000,95678,26951,3152837245
VSWS,N,20260429,POWERMECH,EQ,Power Mech Projects,2500.4000,2550.0000,2451.7000,2459.3000,120193,15903,300599371
VSWS,N,20260429,PPAP,EQ,PPAP Automotive,216.4400,218.0600,206.6000,210.0500,12616,797,2692658
VSWS,N,20260429,PPL,EQ,Prakash Pipes,212.0000,218.7900,212.0000,214.2500,32250,975,6932493
VSWS,N,20260429,PPLPHARMA,EQ,Piramal Pharma,163.2500,168.6700,159.3600,160.1500,6591301,47421,1082178602
VSWS,N,20260429,PPSL,ST,Picturepost Studios,7.4000,7.5000,7.4000,7.4000,84000,28,622500
VSWS,N,20260429,PRABHA,EQ,Prabha Energy,164.9900,166.0000,159.5000,160.8900,77955,1199,12730931
VSWS,N,20260429,PRADPME,EQ,Pradeep Metals,380.1500,393.0000,379.8000,389.0500,9085,422,3539538
VSWS,N,20260429,PRAENG,EQ,Prajay Engineers,23.1900,23.2000,21.7900,22.0300,57763,500,1289864
VSWS,N,20260429,PRAJIND,EQ,Praj Industries,401.0500,408.9500,398.2000,400.6500,1827502,35681,736622893
VSWS,N,20260429,PRAKASH,EQ,Prakash Industries,147.5400,147.5400,144.0000,144.6800,345350,3097,50295136
VSWS,N,20260429,PRAKASHSTL,EQ,Prakash Steelage,4.7500,4.8300,4.6200,4.6800,117233,433,550972
VSWS,N,20260429,PRAMARA,SM,Pramara Promotions,350.2000,354.6500,347.0000,347.1500,92000,91,32271900
VSWS,N,20260429,PRATHAM,SM,Pratham EPC Projects,141.1000,143.0000,141.1000,141.5500,2400,6,340660
VSWS,N,20260429,PRAVEG,EQ,Praveg,309.9500,325.0000,309.9500,317.8000,92327,2073,29541489
VSWS,N,20260429,PRAXIS,EQ,Praxis Home Retail,8.2500,8.4200,7.8500,7.9100,228447,492,1844226
VSWS,N,20260429,PRECAM,EQ,Precision Camshafts,164.9500,166.5400,158.3500,159.5300,259237,3572,41930684
VSWS,N,20260429,PRECISION,SM,Precision Metaliks,7.5000,7.9500,7.5000,7.9500,8000,3,61100
VSWS,N,20260429,PRECOT,BE,Precot,553.7500,553.7500,531.5500,535.9000,2590,58,1394230
VSWS,N,20260429,PRECWIRE,EQ,Precision Wires (I),410.5000,420.5000,410.5000,416.0000,635295,22353,264921116
VSWS,N,20260429,PREMCO,EQ,Premco Global,425.0500,439.9500,425.0000,430.9500,662,27,282815
VSWS,N,20260429,PREMEXPLN,EQ,Premier Explosives,550.0000,569.0000,549.0000,557.7500,619676,15388,347355617
VSWS,N,20260429,PREMIER,BE,Premier,2.9000,2.9400,2.9000,2.9000,3417,24,9933
VSWS,N,20260429,PREMIERENE,EQ,Premier Energies,1039.0000,1045.0000,1028.7000,1039.1500,1410468,31294,1464089913
VSWS,N,20260429,PREMIERPOL,BE,Premier Polyfilm,53.0000,54.9000,52.4000,53.1400,77142,305,4127517
VSWS,N,20260429,PREMIUM,SM,Premium Plast,38.0000,38.0000,37.0000,37.0000,6000,2,225000
VSWS,N,20260429,PRESSTONIC,ST,Presstonic Engineeri,48.4500,48.4500,46.1000,46.5000,43200,43,2023200
VSWS,N,20260429,PRESTIGE,EQ,Prestige Estates Pro,1406.1000,1454.5000,1406.1000,1433.7000,391078,20630,561722286
VSWS,N,20260429,PRICOLLTD,EQ,Pricol,597.0000,604.6500,591.1000,595.6500,186562,15194,111522426
VSWS,N,20260429,PRIMECAB,SM,Prime Cable Industri,117.5000,119.0000,100.2500,103.8500,208000,126,22880240
VSWS,N,20260429,PRIMESECU,EQ,Prime Securities,291.9000,300.0500,285.6000,286.2500,22683,423,6614590
VSWS,N,20260429,PRIMO,EQ,Primo Chemicals,23.8400,23.8400,22.6200,22.8100,202284,1449,4676924
VSWS,N,20260429,PRINCEPIPE,EQ,Prince Pipes & Fitti,269.1600,273.1300,261.8200,263.7300,184089,4096,48906437
VSWS,N,20260429,PRITI,BE,Priti International,46.1300,46.1300,45.0000,45.5500,5679,91,257655
VSWS,N,20260429,PRITIKA,SM,Pritika Eng Compo,59.0000,70.4500,59.0000,70.3500,90000,35,6111500
VSWS,N,20260429,PRITIKAUTO,EQ,Pritika Auto Industr,13.7400,14.0400,13.5000,13.6700,165114,837,2274433
VSWS,N,20260429,PRIVISCL,EQ,Privi Speciality Che,3269.4000,3333.0000,3249.0000,3317.6000,103929,11140,343262270
VSWS,N,20260429,PRIZOR,ST,Prizor Viztech,686.7000,686.7000,686.7000,686.7000,14000,18,9613800
VSWS,N,20260429,PRLIND,SM,Premier Roadlines,63.0000,63.2000,63.0000,63.2000,3000,3,189200
VSWS,N,20260429,PROFX,SM,Pro FX Tech,74.5000,75.0000,72.5000,72.5000,17600,10,1287120
VSWS,N,20260429,PROLIFE,SM,Prolife Industries,63.0000,63.0000,61.9500,61.9500,2500,5,155475
VSWS,N,20260429,PROPEQUITY,SM,P E Analytics,208.0000,209.0000,208.0000,209.0000,1200,2,250200
VSWS,N,20260429,PROSTARM,EQ,Prostarm Info System,156.5000,159.5000,155.5100,156.7100,151608,2747,23880001
VSWS,N,20260429,PROTEAN,EQ,Protean eGov Technol,540.0000,545.5500,531.0000,533.0000,211715,10075,114263811
VSWS,N,20260429,PROV,SM,Proventus Agrocom,1307.0000,1307.0000,1307.0000,1307.0000,80,1,104560
VSWS,N,20260429,PROZONER,EQ,Prozone Realty,65.0000,69.0000,58.2000,62.1000,1136951,3835,73101826
VSWS,N,20260429,PRSMJOHNSN,EQ,Prism Johnson,132.9500,134.7900,131.5500,132.2600,272879,10011,36224019
VSWS,N,20260429,PRUDENT,EQ,Prudent Corporate Ad,2811.6000,2873.0000,2808.0000,2860.4000,10473,2144,29876444
VSWS,N,20260429,PRUDMOULI,EQ,Prudential Sugar,16.8500,17.0000,16.4400,16.4600,7074,33,117381
VSWS,N,20260429,PSB,EQ,Punjab & Sind Bank,25.2000,25.5900,24.9900,25.0300,1997151,6607,50448359
VSWS,N,20260429,PSFL,SM,Paramount Speciality,31.0000,31.0500,30.6000,31.0000,66000,23,2045500
VSWS,N,20260429,PSPPROJECT,EQ,PSP Projects,764.4500,781.2500,759.0000,773.5000,83642,3856,64336252
VSWS,N,20260429,PSRAJ,SM,P S Raj Steels,290.0000,290.0000,290.0000,290.0000,1000,1,290000
VSWS,N,20260429,PSUBANK,EQ,Kotak Nty PSU Bk ETF,871.1900,874.6700,857.0100,861.5500,16686,543,14472343
VSWS,N,20260429,PSUBANKADD,EQ,DSP Nifty PSU Bank,87.6600,88.3200,86.5000,86.9600,53917,287,4716008
VSWS,N,20260429,PSUBNKBEES,EQ,Nippon INft PSU BBeE,96.0000,97.5500,95.7500,95.9600,1838205,7957,177783985
VSWS,N,20260429,PSUBNKIETF,EQ,ICICI Prud Nifty PSU,88.0300,88.6100,86.7500,87.0000,151681,1216,13314553
VSWS,N,20260429,PTC,EQ,PTC India,208.2500,210.8000,203.1500,203.9600,2541858,27835,526532269
VSWS,N,20260429,PTCIL,EQ,PTC Industries,16000.0000,16098.0000,15823.0000,15912.0000,5344,2286,85247253
VSWS,N,20260429,PTL,EQ,PTL Enterprises,39.8500,40.2000,38.3800,40.0700,81125,1159,3218588
VSWS,N,20260429,PUNJABCHEM,EQ,Punjab Chemicals & C,1109.3500,1141.3000,1072.0500,1131.6500,14256,1633,15842439
VSWS,N,20260429,PURPLEUTED,SM,Purple United Sales,286.0000,308.8000,286.0000,297.3500,26750,91,7974050
VSWS,N,20260429,PURVA,EQ,Puravankara,216.8000,219.8800,216.1500,217.0100,134181,3196,29177197
VSWS,N,20260429,PUSHPA,SM,Pushpa Jewellers,127.4000,131.0000,127.4000,129.4000,9000,9,1164700
VSWS,N,20260429,PVP,EQ,PVP Ventures,32.4300,33.8500,32.4300,33.2400,3007222,5171,100020969
VSWS,N,20260429,PVRINOX,EQ,PVR Inox,1056.7500,1099.0000,1053.0500,1092.5500,421639,17907,455507085
VSWS,N,20260429,PVSL,EQ,Popular Vehicles & S,102.8700,104.0000,101.9000,103.5600,18754,486,1933085
VSWS,N,20260429,PVTBANIETF,EQ,ICICI Pru Nifty Pvt,26.6700,27.0500,26.5800,26.6300,5908422,1924,159061256
VSWS,N,20260429,PVTBANKADD,EQ,DSP Nifty Pvt Bank E,26.6000,27.1200,26.6000,26.8400,493211,199,13236726
VSWS,N,20260429,PWL,EQ,Physicswallah,106.6900,112.1400,105.6500,110.6400,6614524,53698,727370152
VSWS,N,20260429,PYRAMID,EQ,Pyramid Technoplast,176.9900,176.9900,169.0000,169.8700,35202,650,5999527
VSWS,N,20260429,QGOLDHALF,EQ,Quantum Gold ETF,122.5900,122.9700,121.6800,121.7000,109741,857,13395451
VSWS,N,20260429,QMSMEDI,SM,QMS Medical Allied S,93.9000,93.9000,93.9000,93.9000,2000,1,187800
VSWS,N,20260429,QNIFTY,EQ,Quantum Nifty 50 ETF,263.4200,266.2000,263.4000,264.4000,724,71,191711
VSWS,N,20260429,QPOWER,EQ,Quality Power Electr,1388.2000,1427.0000,1347.0000,1392.4500,922498,40260,1282611337
VSWS,N,20260429,QUADFUTURE,EQ,Quadrant Future Tek,320.0000,327.0000,311.5500,314.6000,173786,4310,55555258
VSWS,N,20260429,QUAL30IETF,EQ,ICICI Pru Nfty 200 Q,20.8900,21.0100,20.8700,20.8700,85711,190,1793091
VSWS,N,20260429,QUALITY30,EQ,Kotak Nifty200 Quali,20.5900,20.6500,20.4800,20.5200,11442,32,235550
VSWS,N,20260429,QUESS,EQ,Quess Corp,199.9900,205.5000,199.3100,203.0000,222077,5043,45125803
VSWS,N,20260429,QUESTLAB,ST,Quest Laboratories,145.3500,145.3500,145.3500,145.3500,147600,76,21453660
VSWS,N,20260429,QUICKHEAL,EQ,Quick Heal Technolog,167.2000,172.9200,164.1000,165.6700,152782,2088,25611799
VSWS,N,20260429,QUICKTOUCH,SM,Quicktouch Technolog,27.7500,27.7500,26.4000,27.6000,6500,13,173875
VSWS,N,20260429,QUINT,EQ,Quint Digital,40.8000,40.8000,38.1000,39.7500,1341,91,53175
VSWS,N,20260429,QVCEL,SM,QVC Exports,29.4500,29.4500,28.8000,28.8000,4800,3,139680
VSWS,N,20260429,RACE,BE,Race Eco Chain,127.2400,129.9000,124.0000,124.6800,3419,52,431625
VSWS,N,20260429,RACLGEAR,EQ,RACL Geartech,1270.6000,1302.8000,1250.0000,1257.9000,13237,1459,16867217
VSWS,N,20260429,RADAAN,EQ,Radaan Mediaworks (I,3.2800,3.3700,3.2600,3.2700,30484,81,99741
VSWS,N,20260429,RADHIKAJWE,EQ,Radhika Jeweltech,65.5000,66.7900,63.3700,64.0100,144141,1804,9338670
VSWS,N,20260429,RADIANTCMS,EQ,Radiant Cash Mgnt Se,42.6300,43.2900,42.3100,42.8800,99020,822,4238996
VSWS,N,20260429,RADICO,EQ,Radico Khaitan,3405.0000,3475.0000,3367.0000,3458.5000,308361,43741,1054469531
VSWS,N,20260429,RADIOCITY,BE,Music Broadcast,6.1000,6.1500,6.0100,6.0500,20675,89,125707
VSWS,N,20260429,RADIOWALLA,SM,Radiowalla Network,36.2000,36.2000,36.2000,36.2000,3200,2,115840
VSWS,N,20260429,RAILTEL,EQ,RailTel Corporation,333.9500,334.0300,325.1500,326.6400,1023029,17098,335995877
VSWS,N,20260429,RAIN,EQ,Rain Industries,131.9100,134.6500,131.4500,131.7200,2633846,9838,350236607
VSWS,N,20260429,RAINBOW,EQ,Rainbow Children's M,1255.0000,1271.4000,1246.0000,1264.2000,116385,12113,146799830
VSWS,N,20260429,RAJESHEXPO,BZ,Rajesh Exports,128.2000,130.4900,123.0000,124.9000,118505,1498,14983133
VSWS,N,20260429,RAJINDLTD,SM,Rajputana Industries,80.0000,81.0000,78.9500,79.1500,28500,14,2270250
VSWS,N,20260429,RAJMET,BE,Rajnandini Metal,4.0000,4.1800,4.0000,4.0600,375215,568,1533247
VSWS,N,20260429,RAJOOENG,EQ,Rajoo Engineers,61.5100,62.2300,58.4100,59.6600,5691146,22530,343868727
VSWS,N,20260429,RAJPALAYAM,EQ,Rajapalayam Mills,815.0000,815.0000,806.0000,813.5500,914,57,739220
VSWS,N,20260429,RAJPUTANA,SM,Rajputana Biodiesel,236.0500,236.0500,236.0500,236.0500,500,1,118025
VSWS,N,20260429,RAJRATAN,EQ,Rajratan Global Wire,445.0000,449.8000,435.1000,438.4500,76290,3323,33904988
VSWS,N,20260429,RAJRILTD,BE,Raj Rayon Industries,21.1200,21.6000,20.8000,21.0200,12788,147,272074
VSWS,N,20260429,RAJSREESUG,EQ,Rajshree Sugars,34.4000,34.8000,33.0000,33.7200,38957,424,1337934
VSWS,N,20260429,RAJTV,EQ,Raj Television Netwo,23.7100,23.8900,23.1200,23.6400,22381,121,530012
VSWS,N,20260429,RALLIS,EQ,Rallis India,265.0000,269.6500,259.0100,262.7300,753537,19374,198768576
VSWS,N,20260429,RAMANEWS,EQ,Shree Rama Newsprint,31.5200,33.7000,31.5200,32.1200,25471,308,825691
VSWS,N,20260429,RAMAPHO,EQ,Rama Phosphates,136.7000,144.0000,136.7000,138.9600,128680,1994,18026807
VSWS,N,20260429,RAMASTEEL,EQ,Rama Steel Tubes,5.9200,5.9800,5.8100,5.8300,6863431,7791,40402792
VSWS,N,20260429,RAMCOCEM,EQ,Ramco Cements,966.0000,977.0000,938.7000,944.2500,238284,11428,227276842
VSWS,N,20260429,RAMCOIND,EQ,Ramco Industries,272.0000,277.7400,266.1100,267.0900,76927,1510,20828969
VSWS,N,20260429,RAMCOSYS,EQ,Ramco Systems,419.6500,423.8500,412.5000,414.9000,25304,1353,10602238
VSWS,N,20260429,RAMKY,EQ,Ramky Infrastructure,511.8000,517.8500,503.0000,506.2500,52316,1820,26641248
VSWS,N,20260429,RAMRAT,EQ,Ram Ratna Wires,437.8000,448.7000,422.6000,429.4500,146514,4848,63841323
VSWS,N,20260429,RANASUG,EQ,Rana Sugars,13.7800,14.5000,13.5000,13.7100,328979,860,4535414
VSWS,N,20260429,RANEHOLDIN,EQ,Rane Holdings,1110.7000,1140.0000,1105.0000,1112.0500,8656,909,9705036
VSWS,N,20260429,RAPPID,SM,Rappid Valves (India,280.0000,280.0000,272.0000,273.5000,6000,9,1643880
VSWS,N,20260429,RATEGAIN,EQ,RateGain Travel Tech,589.5000,589.7500,571.1000,581.0500,170611,11421,99044509
VSWS,N,20260429,RATNAMANI,EQ,Ratnamani Metals,2705.9000,2714.5000,2605.0000,2664.2000,82638,9836,219328620
VSWS,N,20260429,RATNAVEER,EQ,Ratnaveer Precision,162.1000,187.4000,157.4800,168.7500,13199725,93537,2278665397
VSWS,N,20260429,RAYMOND,EQ,Raymond,474.7500,483.9500,462.0000,464.5000,542301,14061,256179052
VSWS,N,20260429,RAYMONDLSL,EQ,Raymond Lifestyle,819.0000,823.0000,802.2000,805.8500,69817,4307,56761380
VSWS,N,20260429,RAYMONDREL,EQ,Raymond Realty,433.3500,453.0500,428.0000,434.7000,746250,21208,330208923
VSWS,N,20260429,RBA,EQ,Restaurant Brands As,64.7000,66.3500,64.2200,65.8900,5622010,9658,368231806
VSWS,N,20260429,RBLBANK,EQ,RBL Bank,323.0000,345.6500,321.8000,341.2000,22686762,123951,7693261781
VSWS,N,20260429,RBMINFRA,SM,RBM Infracon,412.0000,429.7500,394.3000,400.0500,24200,81,9899550
VSWS,N,20260429,RBS,ST,Ramdevbaba Solvent,104.0000,104.0000,100.5000,101.4000,4800,5,488880
VSWS,N,20260429,RBZJEWEL,EQ,RBZ Jewellers,140.3000,141.8800,136.0000,136.7900,39914,1388,5528563
VSWS,N,20260429,RCDL,SM,Rajgor Castor Deriva,24.1000,24.1000,24.0000,24.0000,6000,2,144300
VSWS,N,20260429,RCF,EQ,R C F,130.6000,133.9000,130.0300,130.9000,1610749,14253,212022462
VSWS,N,20260429,RCOM,BE,Reliance Communicati,0.9900,1.0100,0.9800,0.9800,2254724,1906,2237884
VSWS,N,20260429,READYMIX,SM,Readymix Const Machi,99.9500,100.0000,87.0000,88.7500,18000,16,1678500
VSWS,N,20260429,RECLTD,EQ,REC,368.0500,372.4500,358.1000,363.5500,16891422,154635,6135611731
VSWS,N,20260429,REDINGTON,EQ,Redington,216.7100,217.5000,211.5100,214.2900,6201499,64203,1329508967
VSWS,N,20260429,REDTAPE,EQ,Redtape,129.9500,130.7200,128.1700,130.1800,289604,3894,37674372
VSWS,N,20260429,REFEX,EQ,Refex Industries,269.0000,274.7000,265.5000,266.7000,759771,10077,204040942
VSWS,N,20260429,REFRACTORY,SM,Refractory Shapes,39.2000,40.6000,39.2000,40.5000,22000,3,865100
VSWS,N,20260429,REGAAL,EQ,Regaal Resources,85.8000,87.8000,84.2000,84.5900,238411,1750,20379613
VSWS,N,20260429,REGENCERAM,EQ,Regency Ceramics,47.9900,47.9900,44.7200,44.8500,1604,28,72313
VSWS,N,20260429,RELAXO,EQ,Relaxo Footwears,304.3400,308.0000,302.0000,304.1500,64669,5613,19680484
VSWS,N,20260429,RELCHEMQ,EQ,Reliance Chemotex,115.9800,121.7700,114.1000,114.9500,14318,336,1677406
VSWS,N,20260429,RELIABLE,EQ,Reliable Data Servic,132.4400,134.6000,130.8000,134.0400,20722,403,2757812
VSWS,N,20260429,RELIANCE,EQ,Reliance Industries,1392.0000,1433.8000,1391.3000,1425.4000,30542143,377101,43315858970
VSWS,N,20260429,RELIGARE,EQ,Religare Enterprises,228.0000,237.0000,224.1000,225.4900,2886915,27278,662584489
VSWS,N,20260429,RELTD,EQ,Ravindra Energy,154.0000,157.0000,151.0000,152.0400,478263,4586,73605871
VSWS,N,20260429,REMSONSIND,EQ,Remsons Industries,112.4400,114.0000,105.5500,107.3700,226333,2193,24871228
VSWS,N,20260429,REMUS,SM,Remus Pharmaceutical,658.0000,710.0000,658.0000,699.8000,17000,111,11800900
VSWS,N,20260429,RENUKA,EQ,Shree Renuka Sugars,28.0000,28.9000,27.9100,28.3100,11020146,20405,312761516
VSWS,N,20260429,REPCOHOME,EQ,Repco Home Finance,409.0500,415.7500,407.2000,410.0500,112203,2909,46159527
VSWS,N,20260429,REPL,BE,Rudrabhishek Enterpr,80.0500,82.4400,77.5200,78.7400,8679,100,687124
VSWS,N,20260429,REPRO,EQ,Repro India,354.0000,390.0000,354.0000,365.6500,47501,2212,17760391
VSWS,N,20260429,RESPONIND,EQ,Responsive Industrie,161.3700,170.0000,157.0000,157.9400,178427,1567,28667998
VSWS,N,20260429,RETAIL,EQ,JHS Svendgaard Retai,20.0300,20.8500,20.0000,20.3700,599,51,12118
VSWS,N,20260429,REXPIPES,SM,Rex Pipes & Cables I,198.0000,198.0000,197.8000,197.8000,3000,3,593800
VSWS,N,20260429,REXPRO,SM,Rexpro Enterprises,43.1000,43.1000,42.2500,43.0000,3000,3,128350
VSWS,N,20260429,RGL,EQ,Renaissance Global,101.0800,102.5000,100.5500,101.1900,337630,2021,34345583
VSWS,N,20260429,RHETAN,EQ,Rhetan TMT,29.5000,29.8600,29.3400,29.7000,1042947,2113,30943733
VSWS,N,20260429,RHIM,EQ,RHI Magnesita India,409.3000,415.0000,403.0000,406.2000,74402,4479,30413448
VSWS,N,20260429,RHL,EQ,Robust Hotels,183.0100,185.5900,179.9900,180.3800,5569,88,1008534
VSWS,N,20260429,RICHA,SM,Richa Info Systems,65.0000,69.9000,64.9500,69.1500,21000,15,1436900
VSWS,N,20260429,RICOAUTO,EQ,RICO Auto Industries,115.3400,118.6000,114.7100,115.2600,1014572,8050,118066154
VSWS,N,20260429,RIIL,EQ,Reliance Indl Infra,796.0000,824.1000,789.0500,798.3500,119569,7058,96158513
VSWS,N,20260429,RILINFRA,SM,Rachana Infrastructu,34.1000,34.3500,33.9000,33.9500,8200,35,280095
VSWS,N,20260429,RISHABH,EQ,Rishabh Instruments,477.9000,494.7000,477.9000,483.7500,75484,3351,36830790
VSWS,N,20260429,RITCO,EQ,Ritco Logistics,213.0000,215.5300,210.6000,211.5500,17904,712,3813326
VSWS,N,20260429,RITES,EQ,RITES,223.3000,223.5900,219.0000,219.2800,296239,8456,65410128
VSWS,N,20260429,RITEZONE,ST,Rite Zone Chemcon In,24.4000,24.5500,24.4000,24.5500,8000,4,195920
VSWS,N,20260429,RKDL,EQ,Ravi Kumar Distiller,22.1600,22.7500,21.8000,22.0800,29774,343,661205
VSWS,N,20260429,RKEC,EQ,RKEC Projects,35.7300,36.8600,35.5000,36.0600,27498,458,1001098
VSWS,N,20260429,RKFORGE,EQ,Ramkrishna Forgings,603.0000,616.0500,592.0000,598.8500,1358297,34342,821190483
VSWS,N,20260429,RKSWAMY,EQ,R K Swamy,85.5100,87.5500,84.8400,85.2400,26996,702,2311889
VSWS,N,20260429,RMC,BE,RMC Switchgears,496.0000,496.0000,480.0000,485.1500,13726,323,6704718
VSWS,N,20260429,RMDRIP,EQ,R M Drip & Sprinkler,20.8400,20.8400,20.8400,20.8400,127655,233,2660330
VSWS,N,20260429,RML,EQ,Rane (Madras),770.0500,829.9500,769.6500,796.2500,30217,2307,24324983
VSWS,N,20260429,RNBDENIMS,BE,R&B Denims,14.6000,15.4600,14.5000,15.1500,948491,2035,14325547
VSWS,N,20260429,RNFI,SM,RNFI Services,278.9500,283.9000,275.3000,276.7000,20400,29,5683830
VSWS,N,20260429,ROCKINGDCE,SM,Rockingdeals Circula,202.8000,203.5000,202.0000,202.9000,1750,7,355025
VSWS,N,20260429,ROHLTD,EQ,Royal Orchid Hotels,339.4500,347.7000,333.0000,336.7000,81025,2290,27400901
VSWS,N,20260429,ROLEXRINGS,EQ,Rolex Rings,148.1100,151.5900,145.4500,146.4800,2455061,19435,362975267
VSWS,N,20260429,ROLLT,EQ,Rollatainers,1.8300,1.8300,1.8000,1.8300,183431,178,335616
VSWS,N,20260429,ROML,EQ,Raj Oil Mills,44.1000,46.0000,44.1000,44.6100,3249,68,147713
VSWS,N,20260429,ROSSARI,EQ,Rossari Biotech,473.0000,477.8500,465.0000,467.0000,305439,12400,144028983
VSWS,N,20260429,ROSSELLIND,EQ,Rossell India,54.1100,56.7400,54.1100,56.0200,33812,443,1890658
VSWS,N,20260429,ROSSTECH,EQ,Rossell Techsys,1025.1000,1049.0000,1000.0000,1006.1500,66203,4227,67243047
VSWS,N,20260429,ROTO,EQ,Roto Pumps,60.5000,60.8000,58.4100,58.8200,245327,2121,14582139
VSWS,N,20260429,ROUTE,EQ,Route Mobile,531.0000,534.3500,528.0000,529.9500,204668,7122,108543163
VSWS,N,20260429,ROXHITECH,ST,Rox Hi-Tech,36.8000,36.8000,35.3500,35.7000,8000,5,290880
VSWS,N,20260429,RPEL,EQ,Raghav Productivity,705.0000,714.4000,693.5000,699.9000,97048,2956,68214158
VSWS,N,20260429,RPGLIFE,EQ,RPG Life Sciences,2047.0000,2087.9000,2022.4000,2030.5000,7891,1164,16122923
VSWS,N,20260429,RPOWER,EQ,Reliance Power,29.9000,30.2000,28.8200,28.9900,46865487,57367,1381875040
VSWS,N,20260429,RPPINFRA,EQ,RPP Infra Projects,81.5000,81.5000,77.6300,78.4400,55408,1114,4382169
VSWS,N,20260429,RPPL,EQ,Rajshree PolyPack,16.0100,16.1600,15.9200,16.0300,32179,92,515230
VSWS,N,20260429,RPSGVENT,EQ,RPSG Ventures,816.4500,873.9500,802.2500,856.3000,277221,8965,234104914
VSWS,N,20260429,RPTECH,EQ,Rashi Peripherals,489.6000,500.0000,463.8000,467.4500,116933,5720,55676101
VSWS,N,20260429,RRIL,EQ,RRIL,17.8500,18.5000,16.5000,17.0000,54451,399,927765
VSWS,N,20260429,RRKABEL,EQ,R R Kabel,1616.2000,1647.8000,1592.0000,1626.6000,1064165,48834,1725782610
VSWS,N,20260429,RSDFIN,EQ,RSD Finance,89.3500,89.3500,84.7500,84.7500,28,7,2491
VSWS,N,20260429,RSL,EQ,Rajputana Stainless,137.9000,141.9000,137.0300,138.2300,596804,5750,83298525
VSWS,N,20260429,RSSOFTWARE,BE,RS Software (India),41.5500,43.0000,40.6600,40.6600,29010,273,1200314
VSWS,N,20260429,RSWM,EQ,RSWM,164.6200,165.7900,160.1800,162.8400,59562,1184,9746332
VSWS,N,20260429,RSYSTEMS,EQ,R Systems Internatio,268.0000,270.3100,265.2700,266.8200,103802,3532,27800500
VSWS,N,20260429,RTL,ST,Rama Telecom,85.0500,85.1000,85.0500,85.0500,16000,8,1360900
VSWS,N,20260429,RTNINDIA,EQ,RattanIndia Enterpri,36.1900,36.8300,35.4500,35.8400,2400533,8373,86814842
VSWS,N,20260429,RTNPOWER,EQ,RattanIndia Power,10.1900,10.5900,10.1700,10.2000,33663708,24125,348550400
VSWS,N,20260429,RUBFILA,EQ,Rubfila Internationa,73.5000,74.9000,72.2100,73.4100,14811,607,1086087
VSWS,N,20260429,RUBICON,EQ,Rubicon Research,961.0000,979.1000,951.1500,975.4500,230680,20059,223329847
VSWS,N,20260429,RUBYMILLS,EQ,Ruby Mills,239.7200,241.9000,231.3500,233.5100,19513,501,4656193
VSWS,N,20260429,RUCHINFRA,EQ,Ruchi Infrastructure,6.5900,6.5900,6.3600,6.5300,107523,210,702615
VSWS,N,20260429,RUCHIRA,EQ,Ruchira Papers,118.0000,118.5200,117.0000,117.0100,29413,439,3451111
VSWS,N,20260429,RUDRA,BE,Rudra Global Infra P,21.0100,21.7800,21.0100,21.2400,28516,88,610263
VSWS,N,20260429,RULKA,SM,Rulka Electricals,104.0500,109.0000,103.0000,107.9000,5100,16,542190
VSWS,N,20260429,RUPA,EQ,Rupa & Company,152.9900,154.9400,150.0000,150.4900,189777,2580,28942622
VSWS,N,20260429,RUSHIL,EQ,Rushil Decor,17.2500,18.2500,16.6200,17.1800,1230686,2106,21659382
VSWS,N,20260429,RUSTOMJEE,EQ,Keystone Realtors,401.5000,406.0000,396.3000,398.9000,86126,3483,34539993
VSWS,N,20260429,RVHL,EQ,Ravinder Heights,41.4600,43.5100,41.1200,41.5600,110365,376,4660336
VSWS,N,20260429,RVNL,EQ,Rail Vikas Nigam,310.0100,311.4500,301.1000,302.3000,6890706,45453,2104555054
VSWS,N,20260429,RVTH,EQ,Revathi Equipment In,610.4000,634.9000,593.0000,595.0000,1827,91,1098499
VSWS,N,20260429,S&SPOWER,BE,S&S Power Switchgear,416.2000,419.0000,416.0000,417.0000,1821,33,761161
VSWS,N,20260429,SAAKSHI,SM,Saakshi Medtech & Pa,212.0000,216.0000,206.0000,207.3500,27000,37,5723580
VSWS,N,20260429,SAATVIKGL,EQ,Saatvik Green Energy,483.0000,502.8000,477.0000,480.1000,325210,9753,159687601
VSWS,N,20260429,SABAR,ST,Sabar Flex India,5.4000,5.4000,5.4000,5.4000,5000,1,27000
VSWS,N,20260429,SACHEEROME,SM,Sacheerome,340.0000,343.5000,337.1000,340.0000,19800,28,6741150
VSWS,N,20260429,SADBHAV,BE,Sadbhav Engineering,9.7900,9.7900,9.7900,9.7900,15651,47,153223
VSWS,N,20260429,SADBHIN,EQ,Sadbhav Infrastructu,2.8700,2.8900,2.7600,2.7900,167049,212,473108
VSWS,N,20260429,SADHAV,SM,Sadhav Shipping,116.4500,116.4500,110.5500,111.9500,12600,18,1432260
VSWS,N,20260429,SADHNANIQ,BE,Sadhana Nitrochem,2.1700,2.3700,2.1700,2.3600,5182398,1232,12077055
VSWS,N,20260429,SAFARI,EQ,Safari Industries,1480.0000,1480.0000,1423.0000,1433.8000,89634,12239,129425720
VSWS,N,20260429,SAFEENTP,SM,Safe Enterprises Ret,241.4000,243.7000,240.0000,243.0000,85000,69,20564225
VSWS,N,20260429,SAGARDEEP,EQ,Sagardeep Alloys,24.4600,24.9900,24.0000,24.2900,2648,48,64195
VSWS,N,20260429,SAGCEM,EQ,Sagar Cements,183.3500,184.9500,183.3500,184.1800,20531,642,3782882
VSWS,N,20260429,SAGILITY,EQ,Sagility,41.5000,41.9000,41.2700,41.4900,10347716,25215,430265345
VSWS,N,20260429,SAHAJSOLAR,SM,Sahaj Solar,156.0000,163.0000,152.9000,160.3000,67600,129,10737580
VSWS,N,20260429,SAHANA,SM,Sahana System,850.1500,850.1500,836.0000,843.8000,11875,79,10021238
VSWS,N,20260429,SAHASRA,SM,Sahasra Electronic S,303.0000,303.0000,285.1000,299.7000,81200,195,23844220
VSWS,N,20260429,SAHLIBHFI,EQ,Shalibhadra Finance,81.0000,82.2900,81.0000,81.6200,3777,36,307335
VSWS,N,20260429,SAHYADRI,EQ,Sahyadri Industries,255.6000,262.5000,255.6000,257.1300,2055,117,529021
VSWS,N,20260429,SAIFL,SM,Sameera Agro & Infra,8.8000,9.0000,8.5000,8.8500,2028000,206,17754800
VSWS,N,20260429,SAIL,EQ,S A I L,187.0000,187.3000,181.5400,186.1600,25568031,79831,4728000751
VSWS,N,20260429,SAILIFE,EQ,Sai Life Sciences,1047.9500,1078.0000,1047.9500,1055.1000,383525,24528,408273962
VSWS,N,20260429,SAIPARENT,EQ,Sai Parenteral's,489.5000,493.0000,484.0500,486.9500,136680,4551,66842794
VSWS,N,20260429,SAJHOTELS,SM,Saj Hotels,44.6000,44.6000,43.5000,43.5000,6000,3,265200
VSWS,N,20260429,SAKAR,EQ,Sakar Healthcare,655.9000,661.9500,616.3500,625.6500,68520,2878,43438104
VSWS,N,20260429,SAKHTISUG,EQ,Sakthi Sugars,18.3100,18.6400,18.1100,18.4400,62279,397,1150188
VSWS,N,20260429,SAKSOFT,EQ,Saksoft,144.9000,144.9000,140.7100,141.9100,108065,2254,15441486
VSWS,N,20260429,SAKUMA,BE,Sakuma Exports,1.9700,1.9700,1.9100,1.9500,524630,717,1024638
VSWS,N,20260429,SALASAR,EQ,Salasar Techno Engin,7.5500,7.7300,7.5500,7.5800,4479409,4356,34148879
VSWS,N,20260429,SALONA,EQ,Salona Cotspin,278.8000,278.9000,270.0000,277.9500,334,10,92751
VSWS,N,20260429,SALSTEEL,EQ,S A L Steel,59.0000,59.0600,57.6000,58.9000,166685,859,9757261
VSWS,N,20260429,SALZERELEC,EQ,Salzer Electronics,652.0000,657.7500,637.0000,640.6500,32539,1972,21049770
VSWS,N,20260429,SAMAY,SM,Samay Project Servic,42.0000,42.0000,41.5000,41.5000,12000,3,500200
VSWS,N,20260429,SAMBHAAV,BE,Sambhaav Media,6.7500,6.9900,6.4500,6.6300,20992,54,138982
VSWS,N,20260429,SAMBHV,EQ,Sambhv Steel Tubes,121.2700,122.0800,119.4000,120.6300,594986,5324,71728487
VSWS,N,20260429,SAMHI,EQ,Samhi Hotels,159.8700,162.0900,158.6600,159.6800,524318,6197,83908559
VSWS,N,20260429,SAMMAANCAP,EQ,Sammaan Capital,143.5000,143.8800,140.1000,141.0900,24684992,46791,3505071348
VSWS,N,20260429,SAMPANN,EQ,Sampann Utpadan Indi,28.9400,28.9400,25.5500,26.8600,327515,2991,8928313
VSWS,N,20260429,SANATHAN,EQ,Sanathan Textiles,462.1000,468.4500,445.1000,451.8000,24110,589,11107081
VSWS,N,20260429,SANCO,BZ,Sanco Industries,2.3800,2.6200,2.3800,2.6100,2765,18,6707
VSWS,N,20260429,SANDESH,EQ,Sandesh,1030.0000,1148.9000,1022.0500,1074.1500,9747,767,10694146
VSWS,N,20260429,SANDHAR,EQ,Sandhar Technologies,503.0000,505.3500,493.0000,495.8500,44005,2389,21974825
VSWS,N,20260429,SANDUMA,EQ,Sandur Manganese,218.0000,219.2000,212.6100,214.5900,1255466,16016,270861257
VSWS,N,20260429,SANGAMIND,EQ,Sangam India,523.1000,549.0000,516.3000,520.2500,118500,3982,62878464
VSWS,N,20260429,SANGHVIMOV,EQ,Sanghvi Movers,305.7000,317.7000,303.7000,313.0600,282201,6102,87895087
VSWS,N,20260429,SANGINITA,BE,Sanginita Chemicals,19.8400,20.6400,19.8400,20.6400,364241,273,7417653
VSWS,N,20260429,SANOFI,EQ,Sanofi India,3468.1000,3499.0000,3425.1000,3434.9000,40903,8264,141303733
VSWS,N,20260429,SANOFICONR,EQ,Sanofi Consumer Heal,4750.0000,4955.6000,4688.0000,4788.4000,81365,13657,391781668
VSWS,N,20260429,SANSERA,EQ,Sansera Engineering,2580.0000,2639.8000,2545.5000,2556.7000,247537,25482,639177213
VSWS,N,20260429,SANSTAR,EQ,Sanstar,86.2100,87.8900,86.1000,86.3100,54618,747,4753756
VSWS,N,20260429,SAPPHIRE,EQ,Sapphire Foods India,175.0000,209.1600,173.0200,207.4200,41377762,260745,8189682779
VSWS,N,20260429,SAPPL,EQ,Shree Ajit Pulp and,310.0000,310.0000,301.0500,306.9000,1296,76,393890
VSWS,N,20260429,SARDAEN,EQ,Sarda Energy & Mine,605.0500,608.5000,589.1000,593.2500,491346,16920,294260627
VSWS,N,20260429,SAREGAMA,EQ,Saregama India,361.9500,361.9500,348.3500,349.5000,281141,8464,99765441
VSWS,N,20260429,SARLAPOLY,EQ,Sarla Performance,91.9800,91.9800,89.2500,90.1100,63570,814,5766451
VSWS,N,20260429,SARTELE,SM,Sar Televenture,153.4500,155.2500,149.1000,152.0000,143500,250,21778275
VSWS,N,20260429,SARVESHWAR,BE,Sarveshwar Foods,4.0200,4.1000,3.9400,4.0500,1808937,1433,7263325
VSWS,N,20260429,SASKEN,EQ,Sasken Technologies,1285.0000,1311.9000,1285.0000,1302.3000,9832,823,12789209
VSWS,N,20260429,SASTASUNDR,EQ,Health X Platform,272.5000,298.4000,272.5000,282.6000,63781,2434,18414960
VSWS,N,20260429,SATECH,ST,S A Tech Software In,47.9500,47.9500,47.9500,47.9500,3000,3,143850
VSWS,N,20260429,SATIA,EQ,Satia Industries,69.8900,71.1000,66.7100,68.2100,91055,1164,6248781
VSWS,N,20260429,SATIN,EQ,Satin Creditcare Net,173.0100,183.0000,171.3200,181.4500,966405,8076,172865988
VSWS,N,20260429,SATIPOLY,SM,Sati Poly Plast,34.5000,34.5000,34.0000,34.5000,2000,4,68750
VSWS,N,20260429,SATKARTAR,SM,Sat Kartar Life,198.3000,203.0000,195.8500,200.1000,16800,21,3328160
VSWS,N,20260429,SATTVAENGG,SM,Sattva Engin Constru,72.9500,72.9500,72.0000,72.5000,20800,13,1507440
VSWS,N,20260429,SAURASHCEM,EQ,Saurashtra Cement,61.1000,62.9700,60.0000,61.0000,125409,1288,7674044
VSWS,N,20260429,SAVY,SM,Savy Infra And Logis,135.0000,135.0000,134.1000,134.2500,9600,7,1289400
VSWS,N,20260429,SAWALIYA,SM,Sawaliya Food Produc,295.0000,296.0000,280.0000,281.5500,22800,29,6528690
VSWS,N,20260429,SAYAJIHOTL,EQ,Sayaji Hotels,274.0000,283.0000,274.0000,283.0000,1524,11,421353
VSWS,N,20260429,SBC,EQ,SBC Exports,33.3000,33.9000,33.2500,33.5700,9951367,4098,334736001
VSWS,N,20260429,SBCL,EQ,Shivalik Bimetal,616.0000,623.8500,595.1500,602.4000,246360,8392,149290410
VSWS,N,20260429,SBFC,EQ,SBFC Finance,94.8100,96.4000,93.7500,94.0000,912767,6078,86042851
VSWS,N,20260429,SBGLP,EQ,Suratwwala Business,27.3600,28.8900,26.4000,27.0600,55102,255,1525532
VSWS,N,20260429,SBIBPB,EQ,SBI BSE PSU Bank ETF,51.3700,51.3700,49.4500,49.6900,133075,868,6662018
VSWS,N,20260429,SBICARD,EQ,SBI Cards And Paymen,649.5000,661.0500,643.0500,651.2000,1935617,45032,1262556413
VSWS,N,20260429,SBIETFCON,EQ,SBI MF - SBI ETF Con,117.5000,119.6000,117.5000,118.8200,9250,97,1101541
VSWS,N,20260429,SBIETFIT,EQ,SBI ETF IT,320.6100,325.5000,320.6100,323.0300,7291,308,2357090
VSWS,N,20260429,SBIETFPB,EQ,SBI ETF Private Bank,268.5400,272.6600,268.5400,269.5500,3187,88,864305
VSWS,N,20260429,SBIETFQLTY,EQ,SBI ETF Quality,218.9100,221.4400,218.9100,219.3000,2433,63,534950
VSWS,N,20260429,SBILIFE,EQ,SBI Life Ins Co,1808.6000,1829.5000,1792.9000,1816.2000,1431080,75779,2598294638
VSWS,N,20260429,SBILIQETF,EQ,SBI NIFTY 1DR LiqETF,1036.6500,1036.6700,1036.6500,1036.6600,193869,78,200977798
VSWS,N,20260429,SBIMIDMOM,EQ,SBI Nifty Midcap 150,62.2300,63.4500,61.5000,62.3400,15714,57,977334
VSWS,N,20260429,SBIN,EQ,State Bank of India,1094.0000,1105.0000,1084.2500,1086.9000,10611104,170982,11623909330
VSWS,N,20260429,SBINEQWETF,EQ,SBI Nifty50 Equal We,32.8000,33.1000,32.6800,32.8000,21165,227,697226
VSWS,N,20260429,SBINMID150,EQ,SBI Nfty Midcap 150,22.3000,22.4500,22.1500,22.2500,27537,112,615254
VSWS,N,20260429,SBISILVER,EQ,SBI Silver ETF,232.9000,252.8400,229.1000,229.4700,943798,7835,217641048
VSWS,N,20260429,SCANSTL,EQ,Scan Steels,35.4000,37.9000,35.4000,36.2500,19617,515,715581
VSWS,N,20260429,SCHAEFFLER,EQ,Schaeffler India,4302.0000,4350.1000,4291.4000,4326.8000,77178,12020,333779969
VSWS,N,20260429,SCHAND,EQ,S Chand & Company,160.9500,161.6900,159.7000,160.3800,14692,341,2364459
VSWS,N,20260429,SCHNEIDER,BE,Schneider Electric I,1145.0000,1199.9500,1134.0000,1191.2500,193783,6751,228200653
VSWS,N,20260429,SCI,EQ,Shipping Corporation,307.0000,316.4800,305.4900,308.1300,22223971,181793,6923390905
VSWS,N,20260429,SCILAL,EQ,Ship Corp Land & Ast,44.7700,46.6900,44.5200,44.7700,689085,4034,31581673
VSWS,N,20260429,SCODATUBES,EQ,Scoda Tubes,148.0800,151.0400,148.0000,149.2700,129316,2419,19327669
VSWS,N,20260429,SCPL,BE,Sheetal Cool Product,364.9500,370.8000,356.7500,368.7500,15822,277,5834246
VSWS,N,20260429,SDBL,EQ,Som Disti & Brewe,90.1400,92.5000,88.3400,88.8300,729714,6084,66249083
VSWS,N,20260429,SDREAMS,SM,S D Retail,100.0000,100.0000,95.1500,95.4000,6000,5,581550
VSWS,N,20260429,SEAMECLTD,EQ,SEAMEC,1545.0000,1578.0000,1535.0000,1571.9000,22781,2823,35609685
VSWS,N,20260429,SECMARK,BE,SecMark Consultancy,122.0000,122.4400,116.6100,122.4400,3672,50,445172
VSWS,N,20260429,SECURKLOUD,BE,Securekloud Technolo,23.1800,23.1800,22.4500,22.9900,3269,47,74313
VSWS,N,20260429,SEDEMAC,EQ,Sedemac Mechatronics,1900.0000,1914.9000,1810.0000,1819.0000,118373,12634,218788852
VSWS,N,20260429,SEIL,EQ,Shanti Educational I,199.4000,201.9500,195.7500,196.3500,264159,965,51959165
VSWS,N,20260429,SEJALLTD,BE,Sejal Glass,842.1000,887.4000,832.1000,884.6500,47095,976,41125774
VSWS,N,20260429,SELECTIPO,EQ,Mirae Asset BSE Sele,43.5500,44.2000,43.5500,43.7600,8172,66,359829
VSWS,N,20260429,SELMC,EQ,SEL Manufacturing Co,32.1400,32.9400,31.4000,32.0400,3307,93,106797
VSWS,N,20260429,SEMAC,EQ,Semac Construction,284.6900,307.8300,275.5800,292.7400,831,65,242303
VSWS,N,20260429,SENCO,EQ,Senco Gold,318.2500,323.8000,315.3000,316.8500,336845,10321,107486184
VSWS,N,20260429,SENORES,EQ,Senores Pharmaceutic,915.1000,920.0000,900.6000,903.5000,120118,5620,109200744
VSWS,N,20260429,SENSEXADD,EQ,DSP BSE Sensex ETF,79.3400,79.9200,79.3200,79.4800,1155,18,91870
VSWS,N,20260429,SENSEXBETA,EQ,UTI BSE SEN ETF,851.2000,858.8200,850.0000,852.9500,1409,106,1206189
VSWS,N,20260429,SENSEXETF,EQ,Mirae Asset S&P BSE,79.5000,79.9500,79.1600,79.4800,43630,295,3475049
VSWS,N,20260429,SENSEXIETF,EQ,ICICI Pru BSE Sensex,883.3100,890.0000,880.8300,886.8000,22480,561,19924746
VSWS,N,20260429,SEPC,EQ,SEPC Ltd,8.4800,8.7000,8.3300,8.3800,23149994,13568,196777206
VSWS,N,20260429,SERVICE,ST,Service Care,56.8000,56.8000,56.8000,56.8000,2000,1,113600
VSWS,N,20260429,SERVOTECH,EQ,Servotech Renewable,96.2000,99.0000,95.5000,97.1700,2959081,20229,289127956
VSWS,N,20260429,SESHAPAPER,EQ,Seshasayee Paper,269.2900,273.1900,264.0000,267.6600,15084,372,4044230
VSWS,N,20260429,SETCO,BE,Setco Automotive,26.0000,27.0700,26.0000,26.9100,490479,702,13147707
VSWS,N,20260429,SETF10GILT,EQ,SBI ETF 10 Year Gilt,259.9900,260.0000,257.6200,258.3300,2896,48,747155
VSWS,N,20260429,SETFGOLD,EQ,SBI ETF Gold,126.4900,126.8900,125.1900,125.3900,3061801,12877,385098399
VSWS,N,20260429,SETFNIF50,EQ,SBI ETF Nifty 50,257.9800,260.0900,257.0800,258.0900,2491810,7138,645092476
VSWS,N,20260429,SETFNIFBK,EQ,SBI ETF Nifty Bank,569.0400,574.4000,565.6200,566.6500,32205,598,18361449
VSWS,N,20260429,SETFNN50,EQ,SBI ETF Nifty Next50,758.2900,759.7800,752.0000,753.1100,32209,906,24335979
VSWS,N,20260429,SETL,EQ,Standard Engineering,142.0000,143.0000,140.1200,141.8900,115994,1130,16427148
VSWS,N,20260429,SEYAIND,BE,Seya Industries,13.6200,13.6200,13.6200,13.6200,2785,3,37932
VSWS,N,20260429,SFL,EQ,Sheela Foam,517.2000,521.1500,512.1500,517.7000,73638,8649,38064800
VSWS,N,20260429,SFML,SM,Supreme Facility Man,23.5000,23.6500,23.5000,23.6500,3200,2,75440
VSWS,N,20260429,SGFIN,EQ,SG Finserve,543.3000,581.0000,534.2000,565.7500,933316,16844,525947888
VSWS,N,20260429,SGIL,EQ,Synergy Green Indust,543.1500,544.2500,530.0000,541.4000,10598,445,5716322
VSWS,N,20260429,SGL,EQ,STL Global,12.3800,12.3800,11.8300,12.0500,6015,42,72102
VSWS,N,20260429,SGMART,EQ,SG Mart,555.0000,565.0000,547.0500,555.4500,203289,6383,113046847
VSWS,N,20260429,SHADOWFAX,EQ,Shadowfax Technologi,157.0800,172.9800,156.0000,166.0400,3289005,39853,538593511
VSWS,N,20260429,SHAH,EQ,Shah Metacorp,5.4500,5.6000,5.3900,5.4600,2910877,1647,15905590
VSWS,N,20260429,SHAHALLOYS,EQ,Shah Alloys,71.8000,73.3100,68.2200,68.8800,7966,363,557631
VSWS,N,20260429,SHAILY,EQ,Shaily Engineering P,2587.0000,2587.0000,2375.0000,2527.6000,632156,42880,1572441587
VSWS,N,20260429,SHAKTIPUMP,EQ,Shakti Pumps (India),571.1000,576.3500,560.0000,561.0500,646519,21005,366583041
VSWS,N,20260429,SHALBY,EQ,Shalby,163.7500,166.5900,157.5000,161.2600,113724,2298,18454906
VSWS,N,20260429,SHALPAINTS,EQ,Shalimar Paints,52.7000,52.8000,52.0100,52.3000,41966,509,2199964
VSWS,N,20260429,SHANKARA,BE,Shankara Building Pr,126.9800,126.9800,122.2000,122.9300,16536,312,2048314
VSWS,N,20260429,SHANTHALA,SM,Shanthala FMCG Produ,27.1500,27.2500,27.1500,27.2000,2400,2,65280
VSWS,N,20260429,SHANTI,EQ,Shanti Overseas (I),7.2900,7.2900,6.9300,7.0700,47226,122,333347
VSWS,N,20260429,SHANTIGEAR,EQ,Shanthi Gears,475.7000,482.0000,473.0500,477.0000,4804,388,2290977
VSWS,N,20260429,SHANTIGOLD,EQ,Shanti Gold Internat,205.1000,208.2500,202.4100,204.5300,228428,3306,46779749
VSWS,N,20260429,SHARDACROP,EQ,Sharda Cropchem,1165.5000,1173.1500,1147.0000,1150.6000,119179,9124,137460689
VSWS,N,20260429,SHARDAMOTR,EQ,Sharda Motor Industr,872.2000,883.9500,862.2000,867.6000,22225,2168,19489193
VSWS,N,20260429,SHARDUL,EQ,Shardul Securities,30.6000,30.6000,26.8500,28.3000,1129,56,32565
VSWS,N,20260429,SHAREINDIA,EQ,Share India Securiti,144.5000,146.2500,139.7000,140.2000,838470,5015,119657888
VSWS,N,20260429,SHARIABEES,EQ,Nippon INft50 Sha Be,465.0500,470.5000,465.0500,468.5700,4607,438,2158836
VSWS,N,20260429,SHBAJRG,EQ,Shri Bajrang Allianc,166.5000,174.7500,165.9500,174.7500,394,15,66373
VSWS,N,20260429,SHEEL,SM,Sheel Biotech,46.8500,46.8500,45.0500,46.6500,8000,4,370300
VSWS,N,20260429,SHEETAL,SM,Sheetal Universal,247.1000,254.5000,247.1000,254.5000,2000,2,501600
VSWS,N,20260429,SHEKHAWATI,BE,Shekhawati Industrie,16.6100,17.6500,16.0000,17.1600,55965,201,939243
VSWS,N,20260429,SHEMAROO,EQ,Shemaroo Entertainme,103.2400,104.4200,98.0000,101.5000,8938,276,908154
VSWS,N,20260429,SHERA,SM,Shera Energy,143.0000,145.0000,141.7000,141.7000,10000,10,1433450
VSWS,N,20260429,SHETHJI,SM,Shreeji Global FMCG,124.8000,126.0000,123.7000,124.5000,41000,32,5106450
VSWS,N,20260429,SHIGAN,ST,Shigan Quantum Techn,74.0000,74.0000,72.1000,73.0000,12000,3,876150
VSWS,N,20260429,SHILCTECH,EQ,Shilchar Technologie,5272.4000,5290.0000,5039.0000,5057.9000,27363,8050,140148903
VSWS,N,20260429,SHILPAMED,EQ,Shilpa Medicare,409.0000,413.1500,400.6000,404.0500,210978,11295,85788657
VSWS,N,20260429,SHINDL,EQ,Sharat Industries,148.9000,149.6500,145.3000,146.6500,127867,360,19024738
VSWS,N,20260429,SHIVALIK,EQ,Shivalik Rasayan,279.9000,279.9000,260.6000,263.5700,30800,1249,8240919
VSWS,N,20260429,SHIVAMAUTO,EQ,Shivam Autotech,18.3100,19.8000,18.3100,19.1000,32534,451,625948
VSWS,N,20260429,SHIVAMILLS,EQ,Shiva Mills,65.4000,65.4000,60.2500,61.4100,2875,63,175872
VSWS,N,20260429,SHIVASHRIT,SM,Shivashrit Foods,117.2000,123.7000,117.0000,121.0000,16000,15,1922650
VSWS,N,20260429,SHIVATEX,EQ,Shiva Texyarn,158.0000,177.6900,158.0000,172.7800,35198,1427,5980175
VSWS,N,20260429,SHIVAUM,BE,Shiv Aum Steels,342.2000,342.2000,342.2000,342.2000,6,1,2053
VSWS,N,20260429,SHK,EQ,S H Kelkar & Company,146.7500,149.7500,145.1000,145.8200,148701,2206,21876565
VSWS,N,20260429,SHKSIL,SM,Shri Hare-krishna Sp,44.8000,45.0000,44.7000,44.8500,8000,4,358600
VSWS,N,20260429,SHOPERSTOP,EQ,Shoppers Stop,294.8000,297.6500,286.0500,294.4500,106401,2726,30894471
VSWS,N,20260429,SHRADHA,EQ,Shradha Realty,38.8200,39.4700,37.6000,38.3700,8322,109,324225
VSWS,N,20260429,SHREDIGCEM,EQ,Shree Digvijay Cem,73.9300,75.9300,69.1600,72.2300,315023,2732,22743871
VSWS,N,20260429,SHREECEM,EQ,Shree Cements,25100.0000,25355.0000,24500.0000,24555.0000,11849,5758,294871270
VSWS,N,20260429,SHREEJISPG,EQ,Shreeji Shipping Glo,403.1000,406.0000,397.4000,401.1500,681674,7825,273826877
VSWS,N,20260429,SHREEKARNI,SM,Shree Karni Fabcom,448.0000,448.0000,444.4000,447.0000,1350,6,601778
VSWS,N,20260429,SHREEOSFM,SM,Shree OSFM E-Mobilit,71.0000,71.3000,70.0500,70.7000,7000,7,496850
VSWS,N,20260429,SHREEPUSHK,EQ,Shree Pushkar Chemic,389.8000,390.8500,380.8000,382.2000,60580,2018,23275799
VSWS,N,20260429,SHREERAMA,EQ,Shree Rama Multi-Tec,46.3000,47.7900,46.0000,46.3200,100497,898,4698060
VSWS,N,20260429,SHRENIK,BZ,Shrenik,0.3900,0.4000,0.3900,0.4000,190025,125,75266
VSWS,N,20260429,SHREYANIND,EQ,Shreyans Industries,165.0100,182.9700,161.4000,174.5100,25404,502,4416313
VSWS,N,20260429,SHRIAHIMSA,SM,Shri Ahimsa Naturals,274.0000,274.0000,267.2500,267.2500,7200,11,1953960
VSWS,N,20260429,SHRIKANHA,ST,Shri Kanha Stainless,29.2000,29.2000,28.8500,29.2000,32000,14,933840
VSWS,N,20260429,SHRIKRISH,EQ,Shri Krishna Devcon,47.0000,52.5000,47.0000,47.1500,11100,179,534236
VSWS,N,20260429,SHRINGARMS,EQ,Shringar House Of Ma,204.1800,207.4900,203.2000,203.9700,795822,4024,163194412
VSWS,N,20260429,SHRIPISTON,EQ,SPR Auto Technologie,3495.1000,3533.5000,3394.2000,3446.2000,84093,13958,290345884
VSWS,N,20260429,SHRIRAMFIN,EQ,Shriram Finance,965.0000,975.3000,954.9000,956.8500,5829309,124862,5619393197
VSWS,N,20260429,SHRIRAMPPS,EQ,Shriram Properties,88.0000,88.5000,85.8300,86.2100,792322,4465,69270328
VSWS,N,20260429,SHUBHLAXMI,SM,Shubhlaxmi Jewel Art,22.1000,22.2000,22.1000,22.1000,3000,3,66400
VSWS,N,20260429,SHUBHSHREE,SM,Shubhshree Biofuels,320.1000,329.7000,320.0000,329.7000,1800,6,584580
VSWS,N,20260429,SHYAMCENT,EQ,Shyam Century Ferrou,5.6100,5.9300,5.6100,5.7300,83942,313,493668
VSWS,N,20260429,SHYAMDHANI,SM,Shyam Dhani Industri,71.5000,71.5000,71.3000,71.3000,6000,3,428600
VSWS,N,20260429,SHYAMMETL,EQ,Shyam Metalics & Ene,890.0000,908.6000,878.7000,883.7000,929406,30031,830552478
VSWS,N,20260429,SHYAMTEL,BE,Shyam Telecom,21.5500,21.5500,21.5500,21.5500,9861,21,212505
VSWS,N,20260429,SICAGEN,EQ,Sicagen India,54.8500,56.8500,53.1000,53.6500,7992,104,436591
VSWS,N,20260429,SICALLOG,BE,Sical Logistics,69.8000,69.8000,66.5000,66.7800,9241,74,620468
VSWS,N,20260429,SIDDHICOTS,ST,Siddhi Cotspin,30.8000,30.8000,30.0500,30.0500,3600,3,109620
VSWS,N,20260429,SIEMENS,EQ,Siemens,3850.0000,3870.0000,3765.6000,3776.8000,204618,25284,780183238
VSWS,N,20260429,SIGACHI,BE,Sigachi Industries,20.4800,20.5000,19.8000,20.1600,1247424,2579,25144387
VSWS,N,20260429,SIGIND,EQ,Signet Industries,51.9300,52.6000,50.2000,50.5300,19039,223,974813
VSWS,N,20260429,SIGMA,EQ,Sigma Solve,46.0000,46.0000,44.5000,45.5700,36013,432,1622611
VSWS,N,20260429,SIGMAADV,BE,Sigma Advanced Syste,273.9500,273.9500,273.9500,273.9500,49851,208,13656681
VSWS,N,20260429,SIGNATURE,EQ,Signatureglobal (Ind,855.0000,873.3000,852.0500,863.0500,207609,6658,179238355
VSWS,N,20260429,SIGNPOST,EQ,Signpost India,267.0000,271.9900,261.0000,261.9700,22945,415,6095301
VSWS,N,20260429,SIKA,EQ,Sika Interplant Sys,1050.0000,1060.0000,1031.6000,1040.7500,29668,1936,31250114
VSWS,N,20260429,SIKKO,EQ,Sikko Industries,4.8000,4.8200,4.6500,4.6700,363760,728,1714833
VSWS,N,20260429,SIL,EQ,Standard Industries,15.5700,15.9300,15.0700,15.1100,17192,248,264720
VSWS,N,20260429,SILGO,EQ,Silgo Retail,76.2900,78.1700,76.2900,76.8400,211324,1789,16318741
VSWS,N,20260429,SILINV,EQ,SIL Investments,462.9000,472.0000,459.3000,462.4000,2995,144,1400617
VSWS,N,20260429,SILKFLEX,ST,Silkflex Polymers (I,216.3000,216.3000,216.3000,216.3000,14000,7,3028200
VSWS,N,20260429,SILKY,SM,Silky Overseas,130.0000,130.0000,130.0000,130.0000,800,1,104000
VSWS,N,20260429,SILLYMONKS,EQ,Silly Monks Entertai,17.9000,17.9000,16.7000,17.0400,2414,35,41920
VSWS,N,20260429,SILVER,EQ,Aditya Birla SunLife,235.0600,236.8900,233.5600,233.9000,1053650,8680,247862158
VSWS,N,20260429,SILVER1,EQ,Kotak Silver ETF,23.3100,23.3100,22.6900,22.7300,6694998,4349,153390941
VSWS,N,20260429,SILVER360,EQ,360 One Silver ETF,232.0600,233.7200,229.7000,230.6100,26293,2162,6113753
VSWS,N,20260429,SILVERADD,EQ,DSP Silver ETF,227.7500,228.7400,225.5400,225.9400,330225,4319,74988684
VSWS,N,20260429,SILVERAG,EQ,Mirae Asset Silver E,228.6500,230.9900,227.7200,228.1500,138426,6761,31707282
VSWS,N,20260429,SILVERBEES,EQ,Nippon India Silver,225.2500,227.1000,223.8300,224.2000,18864362,63935,4257664131
VSWS,N,20260429,SILVERBETA,EQ,UTI Silver ETF,229.2800,229.4300,226.0300,226.3100,618709,7546,140952971
VSWS,N,20260429,SILVERBND,EQ,Bandhan Silver ETF,236.8300,237.8300,234.0000,234.5100,11357,580,2680554
VSWS,N,20260429,SILVERCASE,EQ,Zerodha Silver ETF,23.2400,24.1500,23.2400,23.7900,8728197,7597,208856196
VSWS,N,20260429,SILVERIETF,EQ,ICICI Prudential Sil,237.4000,237.5900,233.3000,233.8300,2166312,15728,509532967
VSWS,N,20260429,SILVERTUC,EQ,Silver Touch Technol,158.9900,161.2100,155.0500,161.2100,527648,2815,84427956
VSWS,N,20260429,SIMPLEXINF,EQ,Simplex Infrastructu,242.7000,250.3800,239.0200,242.6200,222434,2083,54571175
VSWS,N,20260429,SINCLAIR,EQ,Sinclairs Hotels,81.1500,81.1500,79.3900,79.6400,7661,199,610610
VSWS,N,20260429,SINDHUTRAD,EQ,Sindhu Trade Links,23.7800,24.0500,23.0200,23.2500,3702013,2358,87526891
VSWS,N,20260429,SINGERIND,EQ,Singer India,74.0100,74.3000,72.0000,72.2900,24473,613,1787056
VSWS,N,20260429,SINTERCOM,EQ,Sintercom India,75.8400,78.2000,69.9700,72.5200,14130,593,1031086
VSWS,N,20260429,SIRCA,EQ,Sirca Paints India,431.0000,436.5500,426.0000,427.8500,238165,4634,102898432
VSWS,N,20260429,SIS,EQ,SIS,351.0000,369.9000,347.0500,366.8500,77956,4124,28391363
VSWS,N,20260429,SITINET,BZ,Siti Networks,0.3600,0.3800,0.3600,0.3600,477399,177,176062
VSWS,N,20260429,SIYSIL,EQ,Siyaram Silk Mills,570.5000,591.1000,570.5000,578.0500,57515,2761,33423837
VSWS,N,20260429,SJLOGISTIC,SM,S J Logistics (India,335.0000,345.0000,330.6500,335.0000,33500,90,11403288
VSWS,N,20260429,SJS,EQ,SJS Enterprises,1642.0000,1740.9000,1642.0000,1733.0000,209990,18982,357010568
VSWS,N,20260429,SJVN,EQ,SJVN,82.4900,83.0000,80.1100,80.6000,5539650,29123,451269014
VSWS,N,20260429,SKFINDIA,EQ,SKF India,1758.4000,1759.9000,1741.1000,1752.0000,17122,2058,29975372
VSWS,N,20260429,SKFINDUS,EQ,SKF India (Industria,2252.0000,2271.0000,2203.3000,2230.4000,20660,2417,46315659
VSWS,N,20260429,SKIPPER,EQ,Skipper,509.0000,523.9000,481.0000,485.7000,3284436,68025,1638705374
VSWS,N,20260429,SKMEGGPROD,EQ,SKM Egg Products,166.6600,169.9000,160.3500,161.5900,114091,2311,18758700
VSWS,N,20260429,SKP,SM,SKP Bearing Industri,149.0000,149.9000,147.0000,147.0000,29500,45,4380750
VSWS,N,20260429,SKYGOLD,EQ,Sky Gold & Diamonds,441.2000,463.5000,440.8000,458.5500,3479842,37645,1574292751
VSWS,N,20260429,SLONE,SM,Slone Infosystems,208.0000,209.0000,201.0000,201.0000,3600,8,744380
VSWS,N,20260429,SMALL250,EQ,Mirae Asset Nifty Sm,17.1600,17.1600,16.8000,16.8200,418024,695,7051805
VSWS,N,20260429,SMALLADD,EQ,Dsp Nifty Smallcap 2,16.9500,16.9500,16.7800,16.8600,221658,148,3736980
VSWS,N,20260429,SMALLCAP,EQ,Mirae A N Scap 250 M,44.2400,44.6300,44.2400,44.3900,3210148,3790,142615750
VSWS,N,20260429,SMARTEN,SM,Smarten Power System,60.0500,62.0000,60.0500,60.0500,110400,54,6652380
VSWS,N,20260429,SMARTLINK,EQ,Smartlink Holdings,134.5000,136.5000,133.8100,136.2100,4715,93,636590
VSWS,N,20260429,SMARTWORKS,EQ,Smartworks Coworking,427.0500,443.0000,425.0000,439.0500,34484,1363,15055821
VSWS,N,20260429,SMCGLOBAL,EQ,SMC Global Securitie,66.0000,69.9900,65.6900,68.0200,1062864,4537,72799844
VSWS,N,20260429,SML100CASE,EQ,Zerodha Nifty Smallc,10.4000,10.4000,10.2100,10.2200,3207770,1405,33007247
VSWS,N,20260429,SMLMAH,EQ,SML Mahindra,3905.0000,3912.0000,3770.0000,3782.1000,62319,6826,238325227
VSWS,N,20260429,SMLT,EQ,Sarthak Metals,73.6900,74.5900,71.0500,71.6100,19387,582,1401528
VSWS,N,20260429,SMSPHARMA,EQ,SMS Pharmaceuticals,392.0000,415.0000,391.1000,410.1000,415773,9158,168328998
VSWS,N,20260429,SNEHAA,ST,Snehaa Organics,45.9500,45.9500,42.7500,42.7500,14000,14,610150
VSWS,N,20260429,SNOWMAN,EQ,Snowman Logistics,41.9000,42.2700,41.0000,41.2900,102059,828,4217046
VSWS,N,20260429,SNXT30BEES,EQ,Nippon India BSE Sen,42.2100,42.3000,41.9600,42.1300,8734,95,368723
VSWS,N,20260429,SNXT50BETA,EQ,UTI BSE Sen N 50,91.6500,92.5000,91.0000,91.4000,1388,106,127661
VSWS,N,20260429,SOBHA,EQ,Sobha,1442.9000,1467.0000,1435.0000,1449.7000,143782,11757,208837072
VSWS,N,20260429,SOFTTECH,BE,Softtech Engineers,387.7500,387.7500,380.0000,387.7200,27820,222,10786516
VSWS,N,20260429,SOLARA,EQ,Solara Active Pharma,495.0000,515.0000,484.3500,490.7500,457634,14657,227501928
VSWS,N,20260429,SOLARINDS,EQ,Solar Industries,15450.0000,15572.0000,15230.0000,15377.0000,117051,21204,1805985015
VSWS,N,20260429,SOLARWORLD,EQ,Solarworld Energy So,204.9000,212.0700,199.1000,200.5300,308077,5423,62994384
VSWS,N,20260429,SOLEX,EQ,Solex Energy,1379.2000,1384.8000,1302.2000,1309.9500,105189,6096,140972071
VSWS,N,20260429,SOMANYCERA,EQ,Somany Ceramics,460.0000,471.0000,458.0000,467.5500,31295,1083,14550809
VSWS,N,20260429,SOMATEX,EQ,Soma Textiles,112.4100,113.4900,106.9000,109.2000,28077,1316,3081839
VSWS,N,20260429,SOMICONVEY,EQ,Somi Conveyor Beltin,111.7800,113.0100,107.8200,108.7500,7862,288,866068
VSWS,N,20260429,SONACOMS,EQ,Sona BLW Precision F,605.0000,611.4000,596.3500,599.7000,3216609,63613,1948575500
VSWS,N,20260429,SONAL,EQ,Sonal Mercantile,104.2500,104.2500,99.5500,99.5500,164,6,16654
VSWS,N,20260429,SONAMAC,ST,Sona Machinery,40.2500,40.2500,39.9500,40.0000,10000,10,400100
VSWS,N,20260429,SONAMLTD,EQ,Sonam,51.4100,52.2100,51.0100,51.4500,32844,328,1696668
VSWS,N,20260429,SONATSOFTW,EQ,Sonata Software,259.2500,269.0400,257.1500,263.0100,727171,16281,191950274
VSWS,N,20260429,SONUINFRA,SM,Sonu Infratech,61.0000,61.0000,61.0000,61.0000,4500,3,274500
VSWS,N,20260429,SOTL,EQ,Savita Oil Technolog,368.0000,372.2000,356.3500,365.0500,30622,1591,11140557
VSWS,N,20260429,SOUTHBANK,EQ,South Indian Bank,39.9000,40.5100,39.6500,39.8900,15184507,21963,608583922
VSWS,N,20260429,SOUTHWEST,EQ,South West Pinnacle,239.9000,245.9000,237.2200,239.4800,140554,3147,33936432
VSWS,N,20260429,SPAL,EQ,S P Apparels,803.6500,813.0000,791.0000,803.5000,22618,1534,18109457
VSWS,N,20260429,SPANDANA,EQ,Spandana Sphoorty Fi,224.4800,237.5000,224.4800,228.6700,338658,6340,78800690
VSWS,N,20260429,SPARC,EQ,Sun Pharma Adv Resr,147.5000,149.7900,146.0500,148.5600,1436750,5733,211539243
VSWS,N,20260429,SPCENET,EQ,Spacenet Enterprises,4.1000,4.2700,4.0600,4.2200,825951,615,3482599
VSWS,N,20260429,SPCL,SM,Shivalic Power Contr,85.2500,87.5000,82.0000,82.4500,30600,48,2588550
VSWS,N,20260429,SPEB,SM,Speb Adhesives,55.0000,55.0000,55.0000,55.0000,30000,6,1650000
VSWS,N,20260429,SPECIALITY,EQ,Speciality Restauran,101.5300,102.5800,99.9100,101.8000,12562,331,1274932
VSWS,N,20260429,SPECTRUM,EQ,Spectrum Electrical,1146.4000,1160.0000,1135.0000,1148.7000,4253,456,4885500
VSWS,N,20260429,SPECTSTM,ST,Spectrum Talent Mana,65.8500,66.0000,62.7500,64.6000,21600,27,1368840
VSWS,N,20260429,SPENCERS,EQ,Spencer's Retail,33.6500,34.6900,33.2600,33.7000,65538,807,2228840
VSWS,N,20260429,SPIC,EQ,Southern Petrochem,70.5800,71.4600,69.6800,70.1600,481746,2712,34009386
VSWS,N,20260429,SPLIL,EQ,SPL Industries,32.2900,32.7900,31.3000,31.8000,14488,195,466806
VSWS,N,20260429,SPLPETRO,EQ,Supreme Petrochem,786.9500,786.9500,769.0000,774.5500,75294,5007,58307546
VSWS,N,20260429,SPMLINFRA,EQ,SPML Infra,213.5000,217.5000,208.2900,211.0100,448194,5218,95332756
VSWS,N,20260429,SPORTKING,EQ,Sportking India,142.9000,151.0000,142.9000,147.8700,959051,9141,141785977
VSWS,N,20260429,SPPPOLY,SM,SPP Polymer,14.2500,14.3000,14.2000,14.2000,8000,4,114100
VSWS,N,20260429,SPRL,SM,SP Refractories,100.0000,100.0000,99.3000,99.3000,7200,9,715520
VSWS,N,20260429,SRD,EQ,Shankar Lal Rampal D,44.4300,45.5000,43.9800,44.6200,27739,192,1235995
VSWS,N,20260429,SREEL,EQ,Sreeleathers,182.3100,184.0000,179.6800,181.2700,5530,178,1007555
VSWS,N,20260429,SRF,EQ,S R F,2551.0000,2604.0000,2538.3000,2543.6000,350550,22369,902166284
VSWS,N,20260429,SRGHFL,EQ,SRG Housing Finance,271.0000,288.9900,270.0000,276.1000,5739,281,1610877
VSWS,N,20260429,SRHHYPOLTD,EQ,Sree Rayalaseema Hi-,491.0000,508.3000,490.0000,495.6000,16262,825,8085371
VSWS,N,20260429,SRIVASAVI,SM,Srivasavi Adhesive T,58.0000,58.0000,57.1000,57.3500,5000,5,288450
VSWS,N,20260429,SRM,EQ,SRM Contractors,532.0000,539.0000,505.0000,508.9500,164219,5357,84901458
VSWS,N,20260429,SRTL,EQ,Shree Ram Twistex,50.2200,51.1600,48.5000,49.1800,66935,690,3325112
VSWS,N,20260429,SSDL,EQ,Saraswati Saree Depo,62.3500,63.9000,62.3500,62.7200,10462,278,658912
VSWS,N,20260429,SSEGL,SM,Sathlokhar Synergys,388.0500,403.6500,380.5000,382.8000,62400,249,24215370
VSWS,N,20260429,SSFL,SM,Srivari Spices & Foo,105.9500,105.9500,103.6500,104.5000,6500,13,677925
VSWS,N,20260429,SSWL,EQ,Steel Strips Wheels,209.0000,222.0000,208.3600,215.5300,1147689,38713,249339766
VSWS,N,20260429,STALLION,EQ,Stallion India Fluor,160.4500,162.8000,154.0000,155.3000,1282105,10567,201815520
VSWS,N,20260429,STANLEY,EQ,Stanley Lifestyles,142.0000,144.8000,140.6200,142.7000,143334,3736,20447420
VSWS,N,20260429,STAR,EQ,Strides Pharma Scien,1066.0000,1068.6000,1050.2500,1053.4500,203349,9295,214801988
VSWS,N,20260429,STARCEMENT,EQ,Star Cement,234.8700,234.8700,225.7700,226.5800,204823,6512,46794487
VSWS,N,20260429,STARHEALTH,EQ,Star Health & Allied,543.2500,586.2500,532.1500,533.2500,7776161,185568,4289261157
VSWS,N,20260429,STARPAPER,EQ,Star Paper Mills,140.0000,142.5400,138.3000,139.8900,2845,111,399510
VSWS,N,20260429,STARTECK,EQ,Starteck Finance,247.0100,253.9800,243.2100,248.0000,8634,328,2143593
VSWS,N,20260429,STCINDIA,EQ,State Trading Corp,120.9600,121.3100,118.0000,118.3900,41026,713,4907218
VSWS,N,20260429,STEELCAS,EQ,Steelcast,313.9900,320.0000,293.1100,296.9600,93094,2941,28744078
VSWS,N,20260429,STEELCITY,EQ,Steel City Securitie,83.3900,83.9400,82.1000,82.8300,5805,115,483755
VSWS,N,20260429,STEELXIND,EQ,Steel Exchange India,10.0100,10.2500,10.0100,10.0600,1678323,2307,16976953
VSWS,N,20260429,STEL,EQ,STEL Holdings,455.0500,498.1000,452.0000,477.4000,22336,1238,10741574
VSWS,N,20260429,STERTOOLS,EQ,Sterling Tools,263.7000,264.0000,253.0100,254.5400,36533,1097,9432300
VSWS,N,20260429,STLNETWORK,EQ,STL Networks,28.9100,29.3500,26.8100,28.4600,5936569,15328,167042355
VSWS,N,20260429,STLTECH,EQ,Sterlite Technologie,288.0000,299.3800,272.2500,298.2200,16196246,104448,4715011190
VSWS,N,20260429,STOVEKRAFT,EQ,Stove Kraft,548.1000,554.2000,541.2000,543.9000,70184,2996,38355538
VSWS,N,20260429,STRIDERS,SM,Striders Impex,71.5500,74.8000,71.5500,74.2000,65600,36,4807200
VSWS,N,20260429,STUDDS,EQ,Studds Accessories,484.0000,493.7000,484.0000,492.0500,14774,610,7267179
VSWS,N,20260429,STUDIOLSD,ST,Studio LSD,12.2000,12.2500,12.0000,12.2500,8000,4,97400
VSWS,N,20260429,STYL,EQ,Seshaasai Technologi,244.8600,245.1500,241.2100,243.5000,70385,1482,17126539
VSWS,N,20260429,STYLAMIND,EQ,Stylam Industries,2241.0000,2243.0000,2233.4000,2237.3000,23725,1728,53084636
VSWS,N,20260429,STYLEBAAZA,EQ,Baazar Style Retail,389.5500,393.0500,377.4000,380.3000,405517,6336,155699886
VSWS,N,20260429,STYRENIX,EQ,Styrenix Performance,2329.0000,2355.0000,2289.7000,2306.1000,35871,3572,83920560
VSWS,N,20260429,SUBAHOTELS,SM,Suba Hotels,148.0000,148.0000,137.1500,138.0500,69600,55,9846000
VSWS,N,20260429,SUBEXLTD,EQ,Subex,9.5200,9.8200,9.5000,9.5600,1440535,2377,13958573
VSWS,N,20260429,SUBROS,EQ,Subros,784.5000,799.9000,777.8000,778.8000,60148,3991,47581036
VSWS,N,20260429,SUDARCOLOR,EQ,Sudarshan Colorants,351.0000,362.0500,351.0000,352.5500,6886,396,2451107
VSWS,N,20260429,SUDARSCHEM,EQ,Sudarshan Chemicals,910.1000,920.6000,875.5000,888.0500,158393,8501,142576822
VSWS,N,20260429,SUDEEPPHRM,EQ,Sudeep Pharma,694.0000,694.9500,685.1000,692.8000,57241,6090,39605557
VSWS,N,20260429,SUKHJITS,EQ,Sukhjit Starch & Che,185.1000,186.9800,177.0000,179.1700,19886,2008,3618760
VSWS,N,20260429,SULA,EQ,Sula Vineyards,178.1400,180.3500,174.1000,175.7000,220972,4016,39270793
VSWS,N,20260429,SUMEETINDS,EQ,Sumeet Industries,30.7700,30.7700,29.7500,30.0900,48379,439,1451618
VSWS,N,20260429,SUMICHEM,EQ,Sumitomo Chemical I,433.6000,446.8500,432.3000,436.4000,132949,6506,58375411
VSWS,N,20260429,SUMIT,BE,Sumit Woods,54.4800,55.8700,52.6500,55.5400,39564,75,2152463
VSWS,N,20260429,SUMMITSEC,EQ,Summit Securities,1670.5000,1690.3000,1560.0000,1611.2000,17612,2685,28582955
VSWS,N,20260429,SUNCLAY,EQ,Sundaram Clayton,1409.8000,1412.0000,1358.3000,1368.4000,4564,758,6295814
VSWS,N,20260429,SUNDARAM,EQ,Sundaram Multi Pap,1.4400,1.4500,1.4200,1.4200,141917,315,203727
VSWS,N,20260429,SUNDARMFIN,EQ,Sundaram Finance,4585.0000,4653.0000,4563.6000,4631.2000,46245,10036,213660512
VSWS,N,20260429,SUNDRMBRAK,EQ,Sundaram Brake Linin,614.9000,621.4500,606.0000,606.9500,553,139,336707
VSWS,N,20260429,SUNDRMFAST,EQ,Sundaram Fasteners,810.0000,844.1500,810.0000,838.4500,75901,8296,63351552
VSWS,N,20260429,SUNDROP,EQ,Sundrop Brands,661.5500,666.1000,647.4000,650.9500,6284,510,4103607
VSWS,N,20260429,SUNFLAG,EQ,Sunflag Iron & Steel,294.4800,296.2000,290.8200,293.0700,99926,3280,29318928
VSWS,N,20260429,SUNLITE,SM,Sunlite Recycling In,531.0000,539.9000,507.1000,516.3500,125400,188,65403240
VSWS,N,20260429,SUNPHARMA,EQ,Sun Pharmaceutical,1756.0000,1789.8000,1750.0000,1778.7000,9809449,165151,17270551999
VSWS,N,20260429,SUNREST,SM,Sunrest Lifescience,37.4000,37.4000,36.3000,36.3000,3200,2,117920
VSWS,N,20260429,SUNTECH,SM,Suntech Infra Soluti,40.1000,40.1000,40.0500,40.0500,8000,3,320480
VSWS,N,20260429,SUNTECK,EQ,Sunteck Realty,354.7500,360.6000,351.1000,355.0000,436257,11337,155492874
VSWS,N,20260429,SUNTV,EQ,Sun TV Network,597.0000,605.4000,584.0000,586.2500,423401,10772,251082602
VSWS,N,20260429,SUPERHOUSE,EQ,Superhouse,161.0000,161.0000,152.1100,153.8300,3791,101,587343
VSWS,N,20260429,SUPERSPIN,EQ,Super Spinning Mills,5.7400,5.7400,5.3600,5.3800,63397,162,343938
VSWS,N,20260429,SUPRAJIT,EQ,Suprajit Engineering,419.9000,421.5000,416.2500,419.3000,31326,1718,13122998
VSWS,N,20260429,SUPREME,EQ,Supreme Holdings & H,52.0000,53.2800,50.7100,51.2200,28695,1143,1489580
VSWS,N,20260429,SUPREMEENG,BZ,Supreme Engineering,1.0000,1.1000,1.0000,1.0300,163002,122,169443
VSWS,N,20260429,SUPREMEIND,EQ,Supreme Industries,3670.5000,3728.0000,3640.1000,3667.3000,324795,24560,1196753779
VSWS,N,20260429,SUPREMEINF,BZ,Supreme Infrastructu,81.8900,81.8900,78.1200,79.9000,11339,76,901931
VSWS,N,20260429,SUPREMEPWR,ST,Supreme Power Equipm,258.6000,258.6000,249.0000,254.0000,171500,300,44051550
VSWS,N,20260429,SUPRIYA,EQ,Supriya Lifescience,704.7000,707.8000,695.0000,698.2500,122458,7326,85787656
VSWS,N,20260429,SURAJEST,EQ,Suraj Estate Develop,242.2000,242.5000,237.0100,239.1400,34944,919,8375698
VSWS,N,20260429,SURAJLTD,EQ,Suraj,239.9800,248.6000,238.0000,240.4400,4154,189,1004737
VSWS,N,20260429,SURAKSHA,EQ,Suraksha Diagnostic,286.0000,286.0000,280.0000,280.7700,6137,519,1731883
VSWS,N,20260429,SURANASOL,EQ,Surana Solar,28.0600,32.5000,27.7000,28.4900,1011890,3561,29978535
VSWS,N,20260429,SURANAT&P,EQ,Surana Tele & Power,19.1400,19.4900,18.9100,19.0000,81990,491,1574628
VSWS,N,20260429,SURANI,ST,Surani Steel Tubes,126.5500,126.5500,126.0000,126.0000,1600,5,201820
VSWS,N,20260429,SURYALA,EQ,Suryalata Spinning,352.4500,372.3000,346.3500,346.5000,295,13,104148
VSWS,N,20260429,SURYALAXMI,EQ,Suryalakshmi Cotton,56.5100,57.9300,56.5000,57.7500,1741,42,99638
VSWS,N,20260429,SURYAROSNI,EQ,Surya Roshni,240.0000,246.6000,236.8500,241.5800,572445,10244,138551878
VSWS,N,20260429,SURYODAY,EQ,Suryoday Small Fin,148.0100,154.5000,148.0100,152.6000,315557,3861,48191433
VSWS,N,20260429,SUTLEJTEX,EQ,Sutlej Textiles and,40.3700,41.5000,39.7100,40.2400,123831,792,5057355
VSWS,N,20260429,SUVEN,EQ,Suven Life Sciences,220.8000,225.2500,216.2000,217.3300,364428,5888,79686665
VSWS,N,20260429,SUVIDHAA,BE,Suvidhaa Infoserve,2.9700,3.0700,2.9600,3.0200,126344,115,379456
VSWS,N,20260429,SUYOG,EQ,Suyog Telematics,757.0000,775.6500,752.3500,765.3500,19593,1210,14999816
VSWS,N,20260429,SUZLON,EQ,Suzlon Energy,57.7500,58.0600,56.4000,56.8100,127240966,181299,7291184815
VSWS,N,20260429,SVLL,EQ,Shree Vasu Logistics,598.9500,598.9500,583.9500,584.9000,338,23,198159
VSWS,N,20260429,SVPGLOB,EQ,SVP Global Textiles,3.7100,3.7100,3.6900,3.7100,68610,35,254366
VSWS,N,20260429,SWANCORP,EQ,Swan Corp,339.9000,365.8000,339.0000,344.0000,7000242,110100,2483072968
VSWS,N,20260429,SWANDEF,BE,Swan Defence And Hea,1880.0000,1900.0000,1835.0000,1860.0000,8702,665,16250373
VSWS,N,20260429,SWARAJ,SM,Swaraj Suiting,292.0000,292.0000,285.0000,285.9000,67500,76,19494725
VSWS,N,20260429,SWARAJENG,EQ,Swaraj Engines,4010.0000,4019.8000,3950.7000,3969.3000,12439,1879,49529732
VSWS,N,20260429,SWASTIK,ST,Swastik Pipe,21.5000,21.7000,21.2500,21.7000,14400,11,310500
VSWS,N,20260429,SWELECTES,EQ,Swelect Energy Syste,683.2000,683.2000,665.0000,671.7000,13443,841,9021411
VSWS,N,20260429,SWIGGY,EQ,Swiggy,288.0000,288.6000,272.5000,275.0000,16710318,152595,4622566553
VSWS,N,20260429,SWSOLAR,EQ,Sterling & Wilson Re,214.9900,216.3800,210.4200,211.9800,1861862,17455,396450377
VSWS,N,20260429,SYMPHONY,EQ,Symphony,887.0000,891.3000,856.2500,860.3000,139426,10738,121832011
VSWS,N,20260429,SYNCOMF,EQ,Syncom Formulations,13.9100,14.1400,13.7000,13.7900,1403363,4377,19493403
VSWS,N,20260429,SYNGENE,EQ,Syngene Internationa,440.2500,443.9500,429.9000,432.1500,631442,18928,275151033
VSWS,N,20260429,SYNOPTICS,SM,Synoptics Technologi,61.5000,61.5000,61.5000,61.5000,1200,2,73800
VSWS,N,20260429,SYRMA,EQ,Syrma SGS Technology,977.0000,997.0000,962.5500,976.0500,1113857,60459,1091295909
VSWS,N,20260429,SYSTANGO,SM,Systango Technologie,279.9500,294.6000,279.9500,284.0000,22400,49,6436320
VSWS,N,20260429,SYSTMTXC,EQ,Systematix Corporate,79.8600,79.8600,73.2200,74.3000,75448,644,5639378
VSWS,N,20260429,TAALTECH,EQ,TAAL Tech,2912.6000,3015.0000,2912.6000,2970.2000,808,74,2405525
VSWS,N,20260429,TAC,SM,TAC Infosec,494.0000,506.0000,485.0000,487.2000,36000,137,17765440
VSWS,N,20260429,TAINWALCHM,EQ,Tainwala Chemical,206.7900,210.0100,203.2500,207.9400,1971,192,409164
VSWS,N,20260429,TAJGVK,EQ,Taj GVK Hotels & Res,323.6000,325.0000,315.2500,315.9000,212164,6277,67528097
VSWS,N,20260429,TAKE,BE,Take Solutions,43.5600,43.5600,43.5600,43.5600,8520,54,371131
VSWS,N,20260429,TALBROAUTO,EQ,Talbros Automotive,316.4500,332.9400,307.2300,320.8700,635073,9989,204398206
VSWS,N,20260429,TAMBOLIIN,EQ,Tamboli Industries,159.9500,159.9500,150.0000,155.2500,4572,60,714112
VSWS,N,20260429,TANKUP,SM,Tankup Engineers,619.0000,619.0000,601.0000,601.0000,2250,7,1374013
VSWS,N,20260429,TANLA,EQ,Tanla Platforms,560.0000,568.8000,535.0000,539.9500,1377162,29590,756142228
VSWS,N,20260429,TARACHAND,EQ,Tara Chand Infralogi,64.5500,66.4800,64.2000,65.5000,61521,1519,4029729
VSWS,N,20260429,TARAPUR,EQ,Tarapur Transformers,24.3500,24.7100,23.3100,23.6100,21635,180,517089
VSWS,N,20260429,TARC,EQ,TARC,134.9000,135.9000,131.1000,133.0700,578216,4102,77245256
VSWS,N,20260429,TARIL,EQ,Transformers & Recti,339.5000,341.8000,320.8500,323.5000,4776636,53951,1567922245
VSWS,N,20260429,TARMAT,BE,Tarmat,53.7900,53.7900,53.2000,53.2100,1188,24,63359
VSWS,N,20260429,TARSONS,EQ,Tarsons Products,212.4500,215.9000,210.0000,210.6600,31148,1027,6623763
VSWS,N,20260429,TASTYBITE,EQ,Tasty Bite Eatables,6905.5000,7006.5000,6895.0000,6971.5000,2643,883,18316776
VSWS,N,20260429,TATACAP,EQ,Tata Capital,327.7500,331.8000,322.2000,325.1000,3303303,48198,1079382137
VSWS,N,20260429,TATACHEM,EQ,Tata Chemicals,804.5000,818.2000,781.0000,799.7500,3193961,64941,2553590063
VSWS,N,20260429,TATACOMM,EQ,Tata Communications,1607.0000,1614.2000,1582.7000,1602.2000,431680,34223,692446546
VSWS,N,20260429,TATACONSUM,EQ,Tata Consumer Produc,1147.7000,1171.2000,1147.7000,1168.0000,1346355,40918,1567860994
VSWS,N,20260429,TATAELXSI,EQ,Tata Elxsi,4141.0000,4199.3000,4137.0000,4148.4000,282871,32091,1177660927
VSWS,N,20260429,TATAGOLD,EQ,Tata Gold ETF,14.5300,14.5300,14.2500,14.2700,53765775,79358,771512444
VSWS,N,20260429,TATAINVEST,EQ,Tata Investment Corp,729.8500,732.9000,713.3500,717.5500,468052,17132,338226458
VSWS,N,20260429,TATAPOWER,EQ,Tata Power,464.3000,464.4000,449.4000,451.5000,7412182,94755,3379425687
VSWS,N,20260429,TATASTEEL,EQ,Tata Steel,216.1000,217.0000,211.3600,215.8800,32800573,164171,7059002347
VSWS,N,20260429,TATATECH,EQ,Tata Technologies,571.5500,578.0500,570.0000,572.2000,621869,19831,357118982
VSWS,N,20260429,TATSILV,EQ,Tata Silver ETF,22.8700,23.0800,22.7500,22.7800,41560025,55014,952182201
VSWS,N,20260429,TATVA,EQ,Tatva Chintan Pharma,1325.0000,1340.0000,1292.0000,1294.3000,30487,2784,39965622
VSWS,N,20260429,TAURIAN,SM,Taurian MPS,268.0000,276.7500,263.5500,263.5500,19200,23,5165560
VSWS,N,20260429,TBI,SM,TBI Corn,70.0000,70.0000,70.0000,70.0000,4800,6,336000
VSWS,N,20260429,TBOTEK,EQ,TBO Tek,1278.0000,1289.0000,1254.3000,1274.6000,61156,6631,78031437
VSWS,N,20260429,TBZ,EQ,Tribhovandas Bhimji,147.5000,149.4600,144.5000,145.1200,150130,2076,22051138
VSWS,N,20260429,TCC,EQ,TCC Concept,404.9500,404.9500,380.0000,381.9500,5637,542,2181247
VSWS,N,20260429,TCI,EQ,Transport Corp,941.8000,955.4500,936.0000,942.3000,37759,4647,35728845
VSWS,N,20260429,TCIEXP,EQ,TCI Express,520.0000,525.9000,517.2500,518.6500,10205,913,5320163
VSWS,N,20260429,TCIFINANCE,EQ,TCI Finance,14.0000,14.4900,14.0000,14.1500,19532,154,278374
VSWS,N,20260429,TCL,SM,Thaai Casting,105.9500,109.0000,105.2000,106.0000,21600,24,2315040
VSWS,N,20260429,TCPLPACK,EQ,TCPL Packaging,2625.0000,2728.2000,2614.6000,2687.1000,4129,755,11067877
VSWS,N,20260429,TCS,EQ,Tata Consultancy Ser,2451.0000,2487.9000,2447.6000,2474.7000,2835961,145414,7015468504
VSWS,N,20260429,TDPOWERSYS,EQ,TD Power Systems,1153.0000,1195.0000,1130.1000,1146.5000,1378100,59393,1599656505
VSWS,N,20260429,TEAMGTY,EQ,Team India Guaranty,248.0500,266.0500,248.0500,256.2000,68,8,17404
VSWS,N,20260429,TEAMLEASE,EQ,TeamLease Services,1241.9000,1254.7000,1221.0000,1226.6000,10352,1495,12768623
VSWS,N,20260429,TECH,EQ,Aditya Birla SLN IT,30.8400,32.1700,30.8400,31.8100,31267,244,997725
VSWS,N,20260429,TECHD,SM,TechD Cybersecurity,506.0000,544.0000,506.0000,541.9500,16200,26,8622300
VSWS,N,20260429,TECHERA,SM,TechEra Engineering,211.0000,215.0000,205.7500,207.7000,51200,61,10714200
VSWS,N,20260429,TECHLABS,SM,Trident Techlabs,219.4000,220.0000,214.1500,215.9000,10500,61,2273200
VSWS,N,20260429,TECHM,EQ,Tech Mahindra,1414.0000,1464.0000,1405.2000,1459.8000,3334783,92470,4850784247
VSWS,N,20260429,TECHNOE,EQ,Techno Elect & Eng,1275.9000,1329.0000,1250.3500,1297.5500,490306,24803,639271571
VSWS,N,20260429,TECHNVISN,EQ,TechVision Ventures,5783.3000,6198.0000,5700.0000,5982.0000,193,82,1115122
VSWS,N,20260429,TECILCHEM,EQ,TECIL Chem & Hydro,13.2600,13.3100,12.5700,12.8200,5612,112,71806
VSWS,N,20260429,TEGA,EQ,Tega Industries,1672.3000,1685.5000,1646.1000,1649.9000,40240,4613,66876148
VSWS,N,20260429,TEJASCARGO,SM,Tejas Cargo India,338.0000,339.0000,338.0000,339.0000,2800,5,948780
VSWS,N,20260429,TEJASNET,EQ,Tejas Networks,412.8000,429.3500,409.4000,416.6500,2742329,47197,1151696861
VSWS,N,20260429,TEMBO,EQ,Tembo Global Industr,601.3000,608.1500,593.8500,598.1000,60640,2127,36338267
VSWS,N,20260429,TENNIND,EQ,Tenneco Clean Air In,570.0000,644.0000,569.0000,595.1500,21418849,353931,13222677184
VSWS,N,20260429,TERASOFT,EQ,Tera Software,349.4500,355.9000,348.5000,350.6500,3162,191,1113769
VSWS,N,20260429,TEXINFRA,EQ,Texmaco Infra & Hold,98.3900,99.3800,96.5000,96.7600,86628,1201,8465459
VSWS,N,20260429,TEXMOPIPES,EQ,Texmo Pipes and Prod,47.8800,47.8800,47.0000,47.1000,17160,290,812529
VSWS,N,20260429,TEXRAIL,EQ,Texmaco Rail & Engin,106.2100,110.0000,105.7000,106.3200,3066049,14830,330257301
VSWS,N,20260429,TFCILTD,EQ,Tourism Finance Corp,72.9000,73.7000,72.5000,73.1800,2249242,3408,163957754
VSWS,N,20260429,TFL,EQ,Transwarranty Financ,12.4000,12.7500,12.4000,12.4500,14288,81,178751
VSWS,N,20260429,TGBHOTELS,EQ,TGB Banquets & Hotel,9.9500,9.9500,9.4100,9.4800,27632,159,266788
VSWS,N,20260429,TGL,ST,Teerth Gopicon,27.2000,27.2000,27.2000,27.2000,35600,60,968320
VSWS,N,20260429,THACKER,EQ,Thacker & Company,1070.0000,1080.0000,1070.0000,1072.0000,28,4,29970
VSWS,N,20260429,THAKDEV,EQ,Thakkars Developers,135.0000,141.3000,135.0000,141.3000,282,6,38593
VSWS,N,20260429,THANGAMAYL,EQ,Thangamayil Jeweller,3968.4000,4028.6000,3929.2000,3986.3000,51519,8037,205352688
VSWS,N,20260429,THEINVEST,EQ,Investment Trust Of,111.4000,112.5000,108.0500,109.0800,1871,112,205697
VSWS,N,20260429,THEJO,EQ,Thejo Engineering,1759.3000,1838.1000,1755.2000,1797.1000,10070,688,18110496
VSWS,N,20260429,THELEELA,EQ,Leela Palaces Hotels,425.0000,439.9000,423.5500,426.6500,742278,28856,318680298
VSWS,N,20260429,THEMISMED,EQ,Themis Medicare,94.5500,95.9900,92.7100,93.7700,39870,984,3738232
VSWS,N,20260429,THERMAX,EQ,Thermax,4050.0000,4058.4000,3960.0000,3990.0000,74832,11695,298996294
VSWS,N,20260429,THESL,SM,Thinking Hats Ent So,15.0000,15.0000,15.0000,15.0000,6000,2,90000
VSWS,N,20260429,THOMASCOOK,EQ,Thomas Cook,99.5000,99.5900,94.3300,95.0800,1318804,7271,127312525
VSWS,N,20260429,THOMASCOTT,EQ,Thomas Scott (India),260.2000,269.9800,256.0000,258.8500,21934,1582,5799836
VSWS,N,20260429,THYROCARE,EQ,Thyrocare Technologi,408.8000,411.0000,402.0000,404.3500,93489,7486,37947476
VSWS,N,20260429,TI,EQ,Tilaknagar Ind,461.4500,469.0000,455.0000,456.7500,372923,13643,172533484
VSWS,N,20260429,TICL,EQ,Twamev Construction,23.9000,24.1200,22.5100,23.0300,232747,645,5490984
VSWS,N,20260429,TIGERLOGS,EQ,Tiger Logistics (I),36.0000,36.6000,35.1000,35.6600,96199,1059,3450975
VSWS,N,20260429,TIIL,EQ,Technocraft Industri,2570.0000,2570.0000,2488.2000,2499.1000,9460,1253,23683522
VSWS,N,20260429,TIINDIA,EQ,Tube Investments of,3032.6000,3065.1000,2955.0000,2965.1000,188728,18495,569029350
VSWS,N,20260429,TIJARIA,BE,Tijaria Polypipes,4.6100,4.6100,4.5100,4.5100,9817,33,44693
VSWS,N,20260429,TIL,EQ,T I L,207.0100,208.0500,201.7000,202.6200,19799,459,4050364
VSWS,N,20260429,TIMESCAN,SM,Timescan Logistics (,40.0000,40.0500,40.0000,40.0500,4000,2,160100
VSWS,N,20260429,TIMETECHNO,EQ,Time Technoplast,185.3000,186.9700,183.5300,184.1800,2414816,17685,449076657
VSWS,N,20260429,TIMEX,EQ,Timex Group India,357.4000,357.6000,345.2000,348.1500,132543,2691,46723110
VSWS,N,20260429,TIMKEN,EQ,Timken India,3535.0000,3571.2000,3415.2000,3440.6000,30759,5894,106971262
VSWS,N,20260429,TINNARUBR,EQ,Tinna Rubber & Infra,740.0000,740.0000,707.0000,713.0000,14253,971,10290755
VSWS,N,20260429,TIPSFILMS,EQ,Tips Films,377.4500,384.0000,371.4500,376.8500,3158,269,1189591
VSWS,N,20260429,TIPSMUSIC,EQ,Tips Music,659.6000,664.9500,650.0000,653.1000,187865,9032,123217944
VSWS,N,20260429,TIRUMALCHM,EQ,Thirumalai Chemicals,199.5000,201.0000,196.0000,197.1000,127077,2527,25253787
VSWS,N,20260429,TIRUPATI,SM,Shree Tirupati Balaj,465.3000,465.5000,465.3000,465.4000,375,3,174531
VSWS,N,20260429,TIRUPATIFL,BE,Tirupati Forge,45.7900,47.4900,45.0200,45.1900,382655,830,17693180
VSWS,N,20260429,TITAGARH,EQ,Titagarh Rail System,791.9000,805.0000,781.1000,786.2500,558658,19399,442844571
VSWS,N,20260429,TITAN,EQ,Titan Company,4419.9000,4472.4000,4410.2000,4439.8000,702730,67142,3120997890
VSWS,N,20260429,TMB,EQ,Tamilnad Mercantile,748.7000,768.4000,732.0000,744.6500,1323124,43550,996408317
VSWS,N,20260429,TMCV,EQ,Tata Motors,424.0000,427.9500,414.1000,416.9500,7376675,124153,3099577545
VSWS,N,20260429,TMPV,EQ,Tata Motors Passenge,351.0000,363.6500,351.0000,352.7000,10581537,115991,3784172749
VSWS,N,20260429,TNIDETF,EQ,Tata Nifty India Dig,81.2700,81.6000,80.8000,81.1100,66472,755,5404538
VSWS,N,20260429,TNPETRO,EQ,Tamilnadu Petropro,91.0100,91.0100,87.6100,87.9000,156422,1635,13895243
VSWS,N,20260429,TNPL,EQ,Tamil Nadu Newsprint,152.5000,153.9000,149.0000,149.4300,123685,2073,18690100
VSWS,N,20260429,TNTELE,EQ,Tamilnadu Telecomm,10.0200,10.8400,9.1200,9.6100,117816,410,1138405
VSWS,N,20260429,TOKYOPLAST,BE,Tokyo Plast Inter,92.6300,93.0000,91.5000,92.1700,3646,43,336250
VSWS,N,20260429,TOLINS,EQ,Tolins Tyres,110.7500,114.6200,109.5500,110.6600,116766,2120,13115262
VSWS,N,20260429,TOP100CASE,EQ,Zerodha Nifty 100 ET,10.6800,10.6800,10.4200,10.4700,598851,1110,6288454
VSWS,N,20260429,TOP10ADD,EQ,DSP Nifty Top 10 Equ,88.4000,89.6500,88.2000,89.1500,133819,692,11910599
VSWS,N,20260429,TOP15IETF,EQ,ICICI Prudential Nif,9.8200,10.1000,9.8200,9.9400,295024,538,2935821
VSWS,N,20260429,TOP20,EQ,Mirae Asset Nifty To,8.6800,8.8500,8.6800,8.7700,218832,183,1921245
VSWS,N,20260429,TORNTPHARM,EQ,Torrent Pharma,4220.0000,4281.4000,4200.0000,4231.5000,222082,21216,943912494
VSWS,N,20260429,TORNTPOWER,EQ,Torrent Power,1764.8000,1767.6000,1697.0000,1701.7000,549933,31537,945203417
VSWS,N,20260429,TOTAL,EQ,Total Transport Syst,58.8900,62.4000,58.1000,59.7000,10309,237,612718
VSWS,N,20260429,TOUCHWOOD,EQ,Touchwood Entertainm,76.8000,76.8700,74.2000,75.0600,962,38,71998
VSWS,N,20260429,TPHQ,EQ,Teamo Productions HQ,0.5800,0.5800,0.5600,0.5700,739707,394,422981
VSWS,N,20260429,TPLPLASTEH,EQ,TPL Plastech,67.9700,68.8000,66.2500,66.8300,188386,1386,12704329
VSWS,N,20260429,TRACXN,EQ,Tracxn Technologies,32.7800,33.4500,32.3100,32.8500,120144,984,3960562
VSWS,N,20260429,TRANSPEK,EQ,Transpek Industry,1215.0000,1215.0000,1164.0000,1178.2800,633,84,747135
VSWS,N,20260429,TRANSRAILL,EQ,Transrail Lighting,619.0000,624.4000,605.2500,608.4000,690228,20808,424969368
VSWS,N,20260429,TRANSTEEL,SM,Transteel Seating Te,134.9500,135.0000,128.6500,129.9000,50000,48,6568250
VSWS,N,20260429,TRANSWORLD,EQ,Transworld Shipping,168.4100,171.7000,163.4800,164.8100,23569,752,3927192
VSWS,N,20260429,TRAVELFOOD,EQ,Travel Food Services,1284.8000,1294.9000,1262.6000,1280.0000,21495,2241,27451233
VSWS,N,20260429,TREEHOUSE,BE,Tree House Education,8.2400,8.3400,7.8400,8.1000,27328,94,218739
VSWS,N,20260429,TREJHARA,EQ,Trejhara Solutions,160.4400,161.6100,150.0100,151.6200,40763,1857,6356335
VSWS,N,20260429,TREL,EQ,Transindia Real Est,27.0000,27.9000,26.6000,26.8600,43324,422,1178542
VSWS,N,20260429,TRENT,EQ,Trent,4273.0000,4304.7000,4218.7000,4228.3000,643572,63928,2743525001
VSWS,N,20260429,TRF,EQ,T R F,266.0000,273.3700,262.1100,264.5800,19193,1528,5143288
VSWS,N,20260429,TRIDENT,EQ,Trident,26.1500,26.8600,25.8000,25.9200,8323509,19874,218544119
VSWS,N,20260429,TRIDHYA,SM,Tridhya Tech,10.3500,10.3500,10.3500,10.3500,9000,3,93150
VSWS,N,20260429,TRIGYN,EQ,Trigyn Technologies,58.2000,62.6000,58.2000,60.8100,86999,1138,5306611
VSWS,N,20260429,TRITURBINE,EQ,Triveni Turbine,586.9000,595.6500,570.7500,574.6000,859577,33324,501378217
VSWS,N,20260429,TRIVENI,EQ,Triveni Engineering,409.0000,424.6500,409.0000,411.9000,367410,12739,152256118
VSWS,N,20260429,TROM,SM,Trom Industries,71.5000,71.5000,71.5000,71.5000,600,1,42900
VSWS,N,20260429,TRU,EQ,TruCap Finance,6.6300,6.6500,6.3500,6.4100,89636,252,581460
VSWS,N,20260429,TRUALT,EQ,TruAlt Bioenergy,484.0000,508.0000,480.1500,486.0500,968277,22756,480917384
VSWS,N,20260429,TRUST,SM,Trust Fintech,41.0000,41.0000,40.0000,40.0500,18000,7,721800
VSWS,N,20260429,TSFINV,EQ,TSF Investments,409.2000,412.8500,404.0000,406.4000,49474,2759,20203278
VSWS,N,20260429,TTKHLTCARE,EQ,TTK Healthcare,898.0500,913.0500,894.0500,898.1500,2024,341,1821441
VSWS,N,20260429,TTKPRESTIG,EQ,TTK Prestige,514.0500,519.0000,511.7000,516.3500,40254,3603,20774226
VSWS,N,20260429,TTL,BE,T T,8.0000,8.1900,7.9100,8.0500,42510,79,339866
VSWS,N,20260429,TTML,EQ,Tata Teleservices M,44.4900,44.6000,43.2700,43.9000,2812755,12345,124101434
VSWS,N,20260429,TUNWAL,SM,Tunwal E-Motors,31.4500,32.0000,31.2500,31.4000,100000,41,3152700
VSWS,N,20260429,TVSELECT,EQ,TVS Electronics,470.2500,474.9500,462.1000,469.2000,37188,1477,17446976
VSWS,N,20260429,TVSHLTD,EQ,TVS Holdings,14414.0000,14784.0000,14381.0000,14634.0000,5127,1611,75123992
VSWS,N,20260429,TVSMOTOR,EQ,TVS Motor Company,3513.0000,3602.0000,3501.0000,3553.9000,753712,37362,2691985273
VSWS,N,20260429,TVSSCS,BE,TVS Supply Chain Sol,117.7500,119.5000,114.7000,115.0600,200754,2589,23379245
VSWS,N,20260429,TVSSRICHAK,EQ,TVS Srichakra,3880.0000,4039.9000,3864.3000,3920.6000,7877,1809,30961052
VSWS,N,20260429,TVTODAY,EQ,TV Today Network,115.1000,116.6400,110.7300,112.4700,57062,1199,6514251
VSWS,N,20260429,TVVISION,EQ,TV Vision,5.3700,5.4500,5.2200,5.4200,18546,85,98730
VSWS,N,20260429,TWCGOLDETF,EQ,Wealth Company Gold,147.3500,148.0600,145.2800,146.4500,2251,165,329617
VSWS,N,20260429,UBL,EQ,United Breweries,1480.0000,1494.9000,1468.0000,1469.6000,76190,7691,112685338
VSWS,N,20260429,UCAL,EQ,Ucal,99.6000,102.5000,99.6000,100.0000,6400,223,643851
VSWS,N,20260429,UCL,ST,Ushanti Colour Chem,122.5000,122.5000,122.5000,122.5000,4000,2,490000
VSWS,N,20260429,UCOBANK,EQ,Uco Bank,26.5100,27.0300,26.4000,26.6300,7254497,18374,193721717
VSWS,N,20260429,UDS,EQ,Updater Services,160.9600,162.0500,157.0600,157.7100,80115,2091,12801530
VSWS,N,20260429,UEL,EQ,Ujaas Energy,162.0100,164.7800,160.7900,161.3000,2332,179,377845
VSWS,N,20260429,UFBL,EQ,United Foodbrands,340.0000,349.0000,329.0700,339.9700,176365,3335,60062893
VSWS,N,20260429,UFLEX,EQ,Uflex,432.0000,454.1000,425.0000,442.2500,273599,8880,120595417
VSWS,N,20260429,UFO,EQ,UFO Moviez India,72.6500,74.0000,71.7000,72.7300,49600,966,3605306
VSWS,N,20260429,UGARSUGAR,EQ,Ugar Sugar Works,41.5200,42.8000,41.2300,42.4800,288422,1914,12161467
VSWS,N,20260429,UGROCAP,EQ,Ugro Capital,109.8500,109.8500,107.1000,107.7300,221967,2682,23989095
VSWS,N,20260429,UHTL,SM,United Heat Transfer,52.6000,53.7500,52.4000,52.4000,12000,6,633100
VSWS,N,20260429,UJJIVANSFB,EQ,Ujjivan Small Financ,56.5100,58.4000,56.1800,56.8400,14496981,46817,828484649
VSWS,N,20260429,ULTRACEMCO,EQ,UltraTech Cement,11870.0000,12060.0000,11817.0000,11833.0000,361932,43734,4321430233
VSWS,N,20260429,ULTRAMAR,EQ,Ultramarine & Pig,400.5000,419.5000,400.1000,409.1000,32279,2796,13330037
VSWS,N,20260429,UMA,SM,Uma Converter,20.0000,20.7500,20.0000,20.7500,8000,2,163000
VSWS,N,20260429,UMAEXPORTS,BE,Uma Exports,26.7900,26.7900,25.3100,25.6100,36757,210,955718
VSWS,N,20260429,UMESLTD,BE,Usha Martin Educatio,5.8600,6.0000,5.6300,5.9700,6300,39,36711
VSWS,N,20260429,UMIYA-MRO,EQ,Umiya Buildcon,88.4000,88.4000,86.0000,86.1800,10718,258,931446
VSWS,N,20260429,UNICHEMLAB,EQ,Unichem Laboratories,369.9000,402.0000,360.0500,375.3000,132574,6042,50696566
VSWS,N,20260429,UNIDT,EQ,United Drilling Tool,210.4700,211.9700,201.0000,203.1900,20803,625,4267394
VSWS,N,20260429,UNIECOM,EQ,Unicommerce ESolutio,98.5100,99.7900,91.9200,93.4300,972820,8560,93022297
VSWS,N,20260429,UNIENTER,EQ,Uniphos Enterprises,108.0700,110.8500,108.0000,109.5200,2850,46,310382
VSWS,N,20260429,UNIHEALTH,ST,Unihealth Hospitals,485.0000,487.0000,466.0000,483.8000,24000,24,11355850
VSWS,N,20260429,UNIINFO,EQ,Uniinfo Telecom Serv,13.2100,13.9100,12.7000,12.8800,16828,154,217302
VSWS,N,20260429,UNILEX,SM,Unilex Colours & Che,27.2500,27.2500,27.2500,27.2500,1600,1,43600
VSWS,N,20260429,UNIMECH,EQ,Unimech Aerospace &,1114.8500,1114.8500,1054.8000,1054.8000,128577,7247,138202605
VSWS,N,20260429,UNIONBANK,EQ,Union Bank of India,170.4600,172.2300,164.2800,167.3100,23790547,95445,4016331419
VSWS,N,20260429,UNIONGOLD,EQ,Union Gold ETF,146.4000,147.7500,143.7000,144.3500,1627,51,235051
VSWS,N,20260429,UNIPARTS,EQ,Uniparts India,538.1500,559.0000,535.0000,538.9000,670666,13913,366986641
VSWS,N,20260429,UNITDSPR,EQ,United Spirits,1379.9000,1391.1000,1360.7000,1363.4000,769004,25998,1054594032
VSWS,N,20260429,UNITECH,EQ,Unitech,4.8400,4.9900,4.7900,4.8500,3434790,17696,16752610
VSWS,N,20260429,UNITEDPOLY,EQ,United Polyfab Gujar,32.1000,32.1000,30.3100,30.6200,159180,603,4886913
VSWS,N,20260429,UNITEDTEA,EQ,United Nilgiri Tea,545.0000,545.0000,532.2500,538.7000,1975,216,1062715
VSWS,N,20260429,UNIVASTU,EQ,Univastu India,68.1200,71.9900,68.1200,70.5700,206840,1767,14538400
VSWS,N,20260429,UNIVCABLES,EQ,Universal Cables,871.0000,878.1000,826.3000,830.4500,95474,5431,80776067
VSWS,N,20260429,UNIVPHOTO,BE,Universus Photo Imag,447.1000,469.4500,426.0000,468.0500,13475,156,6031267
VSWS,N,20260429,UNOMINDA,EQ,UNO Minda,1133.0000,1165.0000,1126.3000,1131.8000,750041,30944,858572671
VSWS,N,20260429,UPL,EQ,UPL,647.9000,651.0000,641.5500,644.1000,1669659,35064,1079461239
VSWS,N,20260429,URAVIDEF,BE,Uravi Defence & Tech,144.1000,144.1000,139.0000,142.0000,4659,91,658339
VSWS,N,20260429,URBAN,SM,Urban Enviro Waste M,143.8500,143.8500,139.4500,139.7500,12000,14,1688800
VSWS,N,20260429,URBANCO,EQ,Urban Company,143.5100,148.8700,142.0000,147.4500,5177512,45761,753760678
VSWS,N,20260429,URJA,EQ,Urja Global,12.9100,13.1900,11.5100,11.6500,7058610,11712,86313258
VSWS,N,20260429,USHAFIN,SM,Usha Financial Servi,33.5500,33.5500,30.4500,30.4500,14400,9,463600
VSWS,N,20260429,USHAMART,EQ,Usha Martin,459.8000,466.0000,455.6000,461.8000,637890,14569,295318619
VSWS,N,20260429,USK,BE,Udayshivakumar Infra,24.7000,24.7000,23.4100,23.9800,11801,74,282225
VSWS,N,20260429,UTIAMC,EQ,UTI Asset Management,963.0000,968.9000,951.1000,954.5000,119911,7113,114720117
VSWS,N,20260429,UTKARSHBNK,EQ,Utkarsh Small Financ,14.1400,14.8500,14.0000,14.7100,15963311,16945,233030875
VSWS,N,20260429,UTLSOLAR,EQ,Fujiyama Power Syste,309.0000,313.0000,290.6500,300.1600,650814,8558,196644015
VSWS,N,20260429,UTSSAV,SM,Utssav CZ Gold Jewel,246.1000,249.6500,243.5000,245.0000,34800,54,8531310
VSWS,N,20260429,UTTAMSUGAR,EQ,Uttam Sugar Mills,256.9900,263.7000,255.5300,258.4500,122288,2488,31768638
VSWS,N,20260429,UYFINCORP,EQ,U Y Fincorp,14.2100,14.5000,14.1700,14.4000,23406,156,337446
VSWS,N,20260429,V2RETAIL,EQ,V2 Retail,205.0000,205.3100,199.1600,199.8400,795267,13733,160150842
VSWS,N,20260429,VADILALIND,EQ,Vadilal Industries,4760.0000,4800.0000,4701.0000,4746.7000,11574,1907,54992721
VSWS,N,20260429,VAIBHAVGBL,EQ,Vaibhav Global,220.4500,228.6000,219.0000,219.9400,176606,3646,39423037
VSWS,N,20260429,VAISHALI,BE,Vaishali Pharma,8.0000,8.2500,7.9200,7.9400,61011,246,490475
VSWS,N,20260429,VAKRANGEE,EQ,Vakrangee,7.0700,7.1200,6.9400,7.0300,1825300,3216,12814977
VSWS,N,20260429,VAL30IETF,EQ,ICICI Pru Nfty200 Va,16.0400,16.2200,15.9900,16.0600,378709,535,6099247
VSWS,N,20260429,VALIANTLAB,EQ,Valiant Laboratories,80.8000,82.5000,78.2000,81.6500,87489,957,7123719
VSWS,N,20260429,VALIANTORG,EQ,Valiant Organics,279.8000,279.8000,272.0200,276.8800,21737,871,5986807
VSWS,N,20260429,VALUE,EQ,Mirae Asst Nifty 50,16.8000,17.0000,16.7500,16.8800,144990,96,2449933
VSWS,N,20260429,VARDHACRLC,EQ,Vardhman Acrylics,35.6000,36.2500,35.3000,36.1000,22214,153,792067
VSWS,N,20260429,VARDMNPOLY,BE,Vardhman Polytex,7.1300,7.1300,6.8700,6.8800,237086,233,1637576
VSWS,N,20260429,VARROC,EQ,Varroc Engineering,517.5000,524.7000,516.0500,520.5000,61290,3982,31899675
VSWS,N,20260429,VASCONEQ,EQ,Vascon Engineers,41.1900,43.5000,40.5800,41.9900,3804453,11601,159932582
VSWS,N,20260429,VASWANI,EQ,Vaswani Industries,59.4500,59.4500,57.0300,58.3200,47047,1264,2744854
VSWS,N,20260429,VBL,EQ,Varun Beverages,520.9000,534.7000,519.4500,523.1000,9973200,137348,5251992237
VSWS,N,20260429,VCL,EQ,Vaxtex Cotfab,1.5500,1.5500,1.5500,1.5500,265853,99,412072
VSWS,N,20260429,VDEAL,SM,Vdeal System,176.0000,180.0000,176.0000,180.0000,3000,5,537240
VSWS,N,20260429,VEDL,EQ,Vedanta,745.0000,780.0000,732.2000,773.6000,54738724,479956,41788843643
VSWS,N,20260429,VEEDOL,EQ,Veedol Corporation,1418.0000,1457.4000,1413.0000,1437.0000,12196,1911,17494795
VSWS,N,20260429,VEEKAYEM,ST,Veekayem Fashion & A,134.0000,134.0000,134.0000,134.0000,500,1,67000
VSWS,N,20260429,VELJAN,EQ,Veljan Denison,1000.0000,1025.0000,987.5500,1002.6000,302,67,303223
VSWS,N,20260429,VENKEYS,EQ,Venky's (India),1573.0000,1583.4000,1560.2000,1567.0000,12869,1462,20233086
VSWS,N,20260429,VENTIVE,EQ,Ventive Hospitality,630.0000,634.9500,617.0000,630.5000,64404,2157,40443183
VSWS,N,20260429,VENUSPIPES,EQ,Venus Pipes & Tubes,1410.4000,1433.0000,1394.0000,1397.0000,43488,3656,61299442
VSWS,N,20260429,VENUSREM,EQ,Venus Remedies,920.0000,949.9500,909.9500,933.3000,54503,1829,51020598
VSWS,N,20260429,VERANDA,EQ,Veranda Learning Sol,188.1500,199.9000,184.7700,196.8700,876029,12810,168826388
VSWS,N,20260429,VERTOZ,EQ,Vertoz,50.4400,51.6000,50.0600,50.2100,128496,775,6508014
VSWS,N,20260429,VESUVIUS,EQ,Vesuvius India,521.6000,525.0000,514.0500,515.8500,42577,2625,22035533
VSWS,N,20260429,VETO,EQ,Veto Switchgears And,110.5000,112.6900,110.0000,110.1500,42978,1019,4767402
VSWS,N,20260429,VGINFOTECH,SM,Virtual Galaxy Infot,152.0000,152.0000,150.1000,151.1000,4000,4,604200
VSWS,N,20260429,VGL,EQ,Varvee Global,63.0000,63.8000,60.5100,60.7400,44622,574,2765296
VSWS,N,20260429,VGUARD,EQ,V-Guard Industries,334.0500,337.3000,332.7500,333.6500,172299,7577,57594221
VSWS,N,20260429,VHL,EQ,Vardhman Holdings,3382.0000,3461.1000,3382.0000,3420.0000,326,135,1119185
VSWS,N,20260429,VHLTD,BE,Viceroy Hotels,141.4900,141.4900,139.0000,139.6000,7305,57,1022183
VSWS,N,20260429,VICTORYEV,SM,Victory Electric Veh,17.5000,17.5000,16.8000,16.8500,21000,7,358500
VSWS,N,20260429,VIDHIING,EQ,Vidhi Specialty Food,297.0000,301.5000,296.0000,296.8000,9408,430,2801884
VSWS,N,20260429,VIDYAWIRES,EQ,Vidya Wires,88.4400,91.5000,87.3000,88.7200,7662670,27081,687006898
VSWS,N,20260429,VIESL,SM,Vision Infra Equip S,280.5000,292.5000,278.7000,288.0000,26400,29,7587480
VSWS,N,20260429,VIGOR,SM,Vigor Plast India,55.5500,55.5500,55.5500,55.5500,1600,1,88880
VSWS,N,20260429,VIJAYA,EQ,Vijaya Dignostic Cen,1098.0500,1117.8500,1090.7500,1114.0500,75562,7989,83589927
VSWS,N,20260429,VIJAYPD,ST,Vijaypd Ceutical,103.0000,104.0500,103.0000,104.0500,216000,34,22463400
VSWS,N,20260429,VIJIFIN,BE,Viji Finance,3.8500,3.9800,3.7000,3.7200,287549,244,1082760
VSWS,N,20260429,VIKASECO,BE,Vikas EcoTech,1.3900,1.4100,1.3800,1.4000,1085936,1015,1520139
VSWS,N,20260429,VIKASLIFE,BE,Vikas Lifecare,1.5900,1.6100,1.5800,1.5900,728448,1198,1163504
VSWS,N,20260429,VIKRAMSOLR,EQ,Vikram Solar,228.5000,231.7500,224.7500,225.7600,1620251,20438,370045979
VSWS,N,20260429,VIKRAN,EQ,Vikran Engineering,74.0000,76.8000,72.9100,73.6800,3107165,19752,232449529
VSWS,N,20260429,VILAS,SM,Vilas Transcore,434.0000,447.9000,430.0500,438.5000,46000,133,20329713
VSWS,N,20260429,VILINBIO,ST,Vilin Bio Med,38.1000,38.1000,38.1000,38.1000,8000,2,304800
VSWS,N,20260429,VIMTALABS,EQ,Vimta Laboratories,458.2000,463.5500,448.5000,450.5500,107299,4088,48958299
VSWS,N,20260429,VINATIORGA,EQ,Vinati Organics,1312.9000,1332.0000,1302.9000,1314.6000,79506,6487,104643752
VSWS,N,20260429,VINCOFE,EQ,Vintage Coffee & Bev,137.1100,139.5900,134.8000,135.5300,986731,4973,135455531
VSWS,N,20260429,VINDHYATEL,EQ,Vindhya Telelinks,1334.9500,1337.9500,1296.0000,1299.2000,8319,972,10904710
VSWS,N,20260429,VINEETLAB,EQ,Vineet Laboratories,37.3600,39.0000,36.5100,38.5500,201788,1070,7713232
VSWS,N,20260429,VINNY,EQ,Vinny Overseas,1.1500,1.1800,1.1500,1.1600,200690,188,232914
VSWS,N,20260429,VINSYS,SM,Vinsys IT Services I,311.3000,312.0000,307.0000,309.0000,37500,45,11621700
VSWS,N,20260429,VINYAS,SM,Vinyas Innovative Te,1140.0000,1149.0000,1118.0000,1134.0000,3600,28,4091890
VSWS,N,20260429,VINYLINDIA,EQ,Vinyl Chemicals,264.0000,267.2000,261.0100,263.7300,9564,400,2536025
VSWS,N,20260429,VIPCLOTHNG,EQ,VIP Clothing,22.9700,22.9700,20.7800,21.4800,158580,600,3487198
VSWS,N,20260429,VIPIND,EQ,VIP Industries,296.7000,308.8000,295.0000,296.3500,736041,9312,221287464
VSWS,N,20260429,VIPULLTD,BE,Vipul,10.3400,10.5500,9.8800,9.9800,56996,122,575874
VSWS,N,20260429,VIRINCHI,BE,Virinchi,18.3400,18.4000,17.9100,18.1700,43992,114,797485
VSWS,N,20260429,VISAKAIND,EQ,Visaka Industries,67.2000,68.4000,67.0900,67.2400,65516,642,4423580
VSWS,N,20260429,VISASTEEL,EQ,VISA Chrome,40.8800,41.8300,38.5700,40.9800,15082,327,620020
VSWS,N,20260429,VISHNU,EQ,Vishnu Chemicals,580.6000,598.3000,576.1000,579.6500,70160,3187,41199065
VSWS,N,20260429,VISHNUINFR,SM,Vishnusurya Pro & In,150.9000,151.2000,146.5000,146.5000,17000,33,2548775
VSWS,N,20260429,VISHWARAJ,BE,Vishwaraj Sugar Indu,5.8700,6.0000,5.5800,5.9500,222520,379,1299679
VSWS,N,20260429,VITAL,BE,Vital Chemtech,62.3900,62.3900,60.2500,60.3000,6278,30,381880
VSWS,N,20260429,VIVIANA,SM,Viviana Power Tech,816.0000,835.8000,801.1000,807.1000,19800,89,16286210
VSWS,N,20260429,VIVIDEL,SM,Vivid Electromech,690.0000,712.0000,666.7000,691.1500,23760,88,16377936
VSWS,N,20260429,VIVIDHA,EQ,Visagar Polytex,0.5700,0.5800,0.5600,0.5700,461822,246,263679
VSWS,N,20260429,VIVIMEDLAB,BE,Vivimed Labs,6.9400,7.1400,6.7800,6.9800,68313,166,471092
VSWS,N,20260429,VIYASH,EQ,Viyash Scientific,210.1200,212.8300,206.5100,207.2100,487140,6888,101755617
VSWS,N,20260429,VLEGOV,BE,VL E-Governance & IT,15.5000,15.5000,15.1000,15.2300,46222,348,708156
VSWS,N,20260429,VLINFRA,ST,V L Infraprojects,31.5000,34.6500,31.5000,33.5500,19500,13,650700
VSWS,N,20260429,VLSFINANCE,EQ,VLS Finance,243.9000,243.9000,234.3000,236.3900,4551,209,1083090
VSWS,N,20260429,VMARCIND,SM,V Marc India,983.0000,1007.9500,982.5500,997.9500,16500,58,16466800
VSWS,N,20260429,VMART,EQ,V-Mart Retail,632.3500,658.4500,631.5000,637.6500,472767,20052,304728405
VSWS,N,20260429,VMM,EQ,Vishal Mega Mart,126.9900,127.3500,122.2500,122.8600,7243777,63698,902893595
VSWS,N,20260429,VMSTMT,EQ,VMS TMT,47.0000,52.0000,46.8600,51.4300,692435,3691,34465038
VSWS,N,20260429,VOLERCAR,SM,Voler Car,261.0000,264.5000,260.0000,260.5000,32800,34,8615760
VSWS,N,20260429,VOLTAMP,EQ,Voltamp Transformers,11600.0000,11948.0000,11600.0000,11793.0000,72205,21984,854191224
VSWS,N,20260429,VOLTAS,EQ,Voltas,1524.0000,1537.9000,1465.0000,1474.8000,793781,32106,1187881921
VSWS,N,20260429,VPRPL,EQ,Vishnu Prakash R Pun,48.0000,50.5400,44.3000,45.2300,3210068,12918,153737311
VSWS,N,20260429,VRAJ,EQ,Vraj Iron & Steel,131.1000,132.4400,129.4200,129.8400,6275,242,818573
VSWS,N,20260429,VRLLOG,EQ,VRL Logistics,251.0000,257.6000,251.0000,255.3900,59891,2050,15270200
VSWS,N,20260429,VSSL,EQ,Vardhman Special Ste,293.5000,293.5000,280.2400,282.1000,338224,6552,97099663
VSWS,N,20260429,VSTIND,EQ,VST Industries,261.7700,262.7900,258.5500,259.0500,398610,4695,103647887
VSWS,N,20260429,VSTL,EQ,Vibhor Steel Tubes,129.7000,132.8300,126.8000,127.4400,9924,389,1277484
VSWS,N,20260429,VSTTILLERS,EQ,VST Tillers Tractors,5212.1000,5290.0000,5180.0000,5198.0000,5690,1846,29672167
VSWS,N,20260429,VTL,EQ,Vardhman Textiles,612.5000,618.4500,604.8500,608.7500,352316,16579,215440167
VSWS,N,20260429,WAAREEENER,EQ,Waaree Energies,3479.9000,3535.6000,3462.0000,3502.9000,1961068,68212,6863414622
VSWS,N,20260429,WAAREEINDO,BE,Indosolar,439.0000,445.8500,428.0500,437.9500,84036,1567,36851305
VSWS,N,20260429,WAAREERTL,EQ,Waaree Renewable,1072.4000,1073.5500,1035.0000,1041.1000,306815,14089,322118715
VSWS,N,20260429,WABAG,EQ,VA Tech Wabag,1524.0000,1524.4000,1475.6000,1483.8000,215690,14729,322586797
VSWS,N,20260429,WAKEFIT,EQ,Wakefit Innovations,145.7000,145.7000,142.0300,142.5200,111971,3260,16000070
VSWS,N,20260429,WALCHANNAG,EQ,Walchandnagar Ind,241.2500,248.1500,232.2500,238.2300,2229258,25401,537475197
VSWS,N,20260429,WALPAR,SM,Walpar Nutritions,37.0000,37.0000,37.0000,37.0000,2000,1,74000
VSWS,N,20260429,WANBURY,BE,Wanbury,261.0000,264.0000,255.2000,257.9600,39478,288,10249515
VSWS,N,20260429,WCIL,EQ,Western Carriers (In,103.2500,105.3900,103.2000,103.9300,119199,1623,12457339
VSWS,N,20260429,WEALTH,EQ,Wealth First Portfol,938.6000,950.0000,921.0000,931.4000,1258,215,1178755
VSWS,N,20260429,WEBELSOLAR,EQ,Websol Energy Sys,128.3100,128.3100,116.0900,116.0900,16498406,71634,2006035516
VSWS,N,20260429,WEIZMANIND,EQ,Weizmann,83.9900,83.9900,82.1000,83.2700,725,28,60154
VSWS,N,20260429,WEL,EQ,Wonder Electricals,106.6700,108.6500,103.6200,104.1600,709551,4949,74745005
VSWS,N,20260429,WELCORP,EQ,Welspun Corp,1240.0000,1290.0000,1235.0500,1267.3000,1914719,63030,2418115753
VSWS,N,20260429,WELENT,EQ,Welspun Enterprises,521.4000,545.0000,520.6500,540.1000,1562271,20217,835620236
VSWS,N,20260429,WELINV,EQ,Welspun Inv & Comm,1510.0000,1524.4000,1475.0000,1475.3000,306,65,454229
VSWS,N,20260429,WELSPLSOL,EQ,Welspun Specialty So,43.5000,44.4500,41.3000,43.8500,603136,2619,26254702
VSWS,N,20260429,WELSPUNLIV,EQ,Welspun Living,132.2900,134.0000,129.8800,130.2900,1429245,14139,188826556
VSWS,N,20260429,WENDT,EQ,Wendt,6875.5000,7128.0000,6875.5000,6990.0000,5942,1865,41744116
VSWS,N,20260429,WESTLIFE,EQ,Westlife Foodworld,470.0500,491.4000,470.0500,481.2000,79149,5301,38053434
VSWS,N,20260429,WEWIN,EQ,WE WIN Ltd,57.0000,57.0000,53.3300,54.2100,14937,253,814850
VSWS,N,20260429,WEWORK,EQ,WeWork India Managem,545.9500,551.0000,541.0500,547.2000,48500,8144,26524682
VSWS,N,20260429,WHEELS,EQ,Wheels (I),1077.2500,1277.1000,1064.2500,1206.3500,2167586,84531,2654826960
VSWS,N,20260429,WHIRLPOOL,EQ,Whirlpool of India,1000.5000,1005.6000,977.7000,994.1000,350782,17098,347464274
VSWS,N,20260429,WHITEFORCE,SM,Happy Square Out Ser,50.2000,54.0000,50.2000,54.0000,59200,3,3184640
VSWS,N,20260429,WILLAMAGOR,EQ,Williamson Magor,26.0000,27.3100,26.0000,26.1700,2784,144,74021
VSWS,N,20260429,WIMPLAST,EQ,Wim Plast,381.0000,384.4100,375.2000,379.2400,4046,344,1531181
VSWS,N,20260429,WINDLAS,EQ,Windlas Biotech,856.6000,864.0000,850.0000,850.7000,15728,1034,13475453
VSWS,N,20260429,WINDMACHIN,EQ,Windsor Machines,281.0000,293.9600,281.0000,288.7200,103139,1321,29800362
VSWS,N,20260429,WINSOL,SM,Winsol Engineers,135.0000,138.7500,135.0000,135.2500,2400,5,325600
VSWS,N,20260429,WINSOME,BZ,Winsome Yarns,1.8500,1.8500,1.8200,1.8500,151872,17,276642
VSWS,N,20260429,WIPL,EQ,Western India Plywoo,161.5900,161.7700,158.1000,161.0600,61,11,9820
VSWS,N,20260429,WIPRO,EQ,Wipro,201.5800,203.6000,200.3000,200.6800,15667662,108113,3161403880
VSWS,N,20260429,WOCKPHARMA,EQ,Wockhardt,1417.9000,1437.0000,1383.0000,1391.7000,488279,15965,684593060
VSWS,N,20260429,WOL3D,SM,Wol 3D India,166.0000,169.7500,166.0000,167.6000,10000,10,1681650
VSWS,N,20260429,WOMANCART,SM,Womancart,188.0000,191.8500,150.3500,150.3500,277600,470,43393520
VSWS,N,20260429,WONDERLA,EQ,Wonderla Holidays,534.0000,534.0000,523.9500,526.6500,26201,1418,13802720
VSWS,N,20260429,WORTHPERI,EQ,Worth Peripherals,137.2600,138.5000,135.0000,135.6000,8047,82,1100367
VSWS,N,20260429,WPIL,EQ,W P I L,429.9500,445.8000,423.0500,441.3500,51913,1826,22750590
VSWS,N,20260429,WSI,EQ,WS Industries,75.0500,75.0500,71.9000,72.3100,36499,640,2664629
VSWS,N,20260429,WSTCSTPAPR,EQ,West Coast Paper,491.0000,495.9000,476.5000,481.9000,54511,2434,26539036
VSWS,N,20260429,WTICAB,SM,Wise Travel India,115.2000,122.9000,114.1000,115.0500,37000,51,4387000
VSWS,N,20260429,XCHANGING,EQ,XChanging Solutions,67.0000,67.4900,66.1600,66.5000,90127,827,6013015
VSWS,N,20260429,XELPMOC,EQ,Xelpmoc Design and T,99.8100,100.6300,98.1200,99.5500,10093,256,1006809
VSWS,N,20260429,XPROINDIA,EQ,Xpro India,1022.3000,1034.0000,1004.4000,1027.6000,31589,2075,32284277
VSWS,N,20260429,XTGLOBAL,EQ,XTGlobal Infotech,31.9000,32.5000,30.5700,31.2600,41469,1041,1306485
VSWS,N,20260429,YAAP,SM,Yaap Digital,201.5500,203.1000,196.6000,197.0000,17000,15,3383800
VSWS,N,20260429,YASHO,EQ,Yasho Industries,1489.6000,1500.0000,1458.6000,1465.0000,5141,785,7588851
VSWS,N,20260429,YATHARTH,EQ,Yatharth Hosp & Trau,782.9500,807.9000,774.1000,802.9500,685762,18782,545054290
VSWS,N,20260429,YATRA,EQ,Yatra Online,110.8000,111.9300,109.2500,110.6400,1189965,6901,131545359
VSWS,N,20260429,YCCL,SM,Yasons Chemex Care,9.8000,9.8500,9.8000,9.8000,9000,3,88350
VSWS,N,20260429,YESBANK,EQ,Yes Bank,20.0400,20.5500,19.9800,20.2700,127592848,85539,2590144344
VSWS,N,20260429,YUDIZ,ST,Yudiz Solutions,27.9500,27.9500,27.9500,27.9500,1600,2,44720
VSWS,N,20260429,YUKEN,EQ,Yuken India,724.5500,750.9500,712.0000,735.2000,6843,719,4970625
VSWS,N,20260429,ZAGGLE,EQ,Zaggle Prepaid Ocean,254.5000,256.0000,242.8000,243.6800,1226704,14802,303925724
VSWS,N,20260429,ZEAL,SM,Zeal Global Services,72.9000,72.9000,70.0000,70.0000,6600,11,470010
VSWS,N,20260429,ZEEL,EQ,Zee Entertainment,93.4000,93.8000,90.0100,90.4600,10022575,30439,918842081
VSWS,N,20260429,ZEELEARN,EQ,Zee Learn,5.2000,5.4500,5.1100,5.2700,929661,1987,4947576
VSWS,N,20260429,ZEEMEDIA,BE,Zee Media Corp,8.4500,8.6000,8.1500,8.2800,974128,715,8244223
VSWS,N,20260429,ZENITHDRUG,SM,Zenith Drugs,41.0000,41.0000,38.2500,39.6500,18400,23,726080
VSWS,N,20260429,ZENITHEXPO,EQ,Zenith Exports,225.0000,225.0000,215.5100,223.1000,8,4,1741
VSWS,N,20260429,ZENITHSTL,EQ,Zenith Steel Pipes,6.4100,6.6100,6.2100,6.4300,104590,367,672418
VSWS,N,20260429,ZENSARTECH,EQ,Zensar Technologies,532.4500,532.4500,520.0000,521.2000,642433,24721,337604723
VSWS,N,20260429,ZENTEC,EQ,Zen Technologies,1694.9000,1724.8000,1671.0000,1686.0000,527908,27369,893740718
VSWS,N,20260429,ZFCVINDIA,EQ,ZF Comm Vehicle Cont,14898.0000,15050.0000,14665.0000,14727.0000,8233,2952,122023590
VSWS,N,20260429,ZFSTEERING,EQ,ZF Steering Gear,825.0500,849.0000,819.6000,843.9500,1251,96,1043721
VSWS,N,20260429,ZIMLAB,EQ,Zim Laboratories,86.0000,87.5000,84.6300,85.3400,29721,342,2552154
VSWS,N,20260429,ZODIAC,BE,Zodiac Energy,346.7200,354.0000,329.3900,332.6900,31045,853,10401589
VSWS,N,20260429,ZODIACLOTH,EQ,Zodiac Clothing Co,80.9700,85.0000,79.6000,80.2300,4830,107,393308
VSWS,N,20260429,ZOTA,EQ,Zota Health Care,1320.0000,1364.9000,1303.1000,1312.4000,73900,3243,98508496
VSWS,N,20260429,ZSARACOM,EQ,Saraswati Commercial,10000.0000,10220.0500,9650.0000,9716.8500,41,24,405170
VSWS,N,20260429,ZTECH,SM,Z-Tech (India),621.0000,626.9000,614.9500,623.5000,9000,29,5589480
VSWS,N,20260429,ZUARI,EQ,Zuari Agro Chemicals,244.1600,249.6400,239.2500,240.9000,128231,2543,31439512
VSWS,N,20260429,ZUARIIND,EQ,Zuari Industries,268.2000,269.1200,260.5000,263.6100,47868,1415,12690513
VSWS,N,20260429,ZYDUSLIFE,EQ,Zydus Lifesciences,915.0000,922.0000,908.6500,910.8500,590232,22336,540764586
VSWS,N,20260429,ZYDUSWELL,EQ,Zydus Wellness,491.9000,502.0000,486.3000,500.4500,378616,20400,187994030
